timestamp_idx,ground_truth,anomaly_class,lstm_score,iforest_score,svm_score
0,0,normal,,,
1,0,normal,,,
2,0,normal,,,
3,0,normal,,,
4,0,normal,,,
5,0,normal,,,
6,0,normal,,,
7,0,normal,,,
8,0,normal,,,
9,0,normal,,,
10,0,normal,,,
11,0,normal,,,
12,0,normal,,,
13,0,normal,,,
14,0,normal,,,
15,0,normal,,,
16,0,normal,,,
17,0,normal,,,
18,0,normal,,,
19,0,normal,,,
20,0,normal,,,
21,0,normal,,,
22,0,normal,,,
23,0,normal,,,
24,0,normal,,,
25,0,normal,,,
26,0,normal,,,
27,0,normal,,,
28,0,normal,,,
29,0,normal,0.011213412508368492,0.31401657287507245,-57.67864084006874
30,0,normal,0.011425256729125977,0.3140001920092668,-57.66076261102194
31,0,normal,0.011617559008300304,0.31364114498717355,-57.65243103167995
32,0,normal,0.011780044063925743,0.31364114498717355,-57.65347546957719
33,0,normal,0.011910716071724892,0.313627064351944,-57.66339402062408
34,0,normal,0.011428739875555038,0.313627064351944,-57.619886150637285
35,0,normal,0.011234323494136333,0.313627064351944,-57.586538630978794
36,0,normal,0.011187202297151089,0.313627064351944,-57.563019516524946
37,0,normal,0.011225678957998753,0.313627064351944,-57.511678273521284
38,0,normal,0.011322392150759697,0.3136860832613061,-57.469512967141554
39,0,normal,0.011439849622547626,0.3136860832613061,-57.436069840375694
40,0,normal,0.011555791832506657,0.31366571250611686,-57.41086636440764
41,0,normal,0.011658739298582077,0.31366571250611686,-57.393481270820985
42,0,normal,0.01112398412078619,0.31366571250611686,-57.311741475830104
43,0,normal,0.010888559743762016,0.31366571250611686,-57.21029451749928
44,0,normal,0.01081536989659071,0.3159222318553094,-57.11751537734267
45,0,normal,0.010838279500603676,0.3159222318553094,-57.033139310178285
46,0,normal,0.010919347405433655,0.3144499817348358,-56.95686469335715
47,0,normal,0.011023122817277908,0.3149761745951143,-56.888114752557385
48,0,normal,0.011126447468996048,0.31533893912462824,-56.80691015513116
49,0,normal,0.011221799999475479,0.3146228217132092,-56.73267163848732
50,0,normal,0.011304130777716637,0.3146228217132092,-56.66522918176224
51,0,normal,0.011372088454663754,0.3146228217132092,-56.604342411081234
52,0,normal,0.01039486937224865,0.31459339141874065,-56.468528365709744
53,0,normal,0.010255936533212662,0.31459339141874065,-56.34065469793313
54,0,normal,0.010241387411952019,0.31459339141874065,-56.220563398882405
55,0,normal,0.01029705535620451,0.3146290901132365,-56.097387086791514
56,0,normal,0.010394947603344917,0.3146290901132365,-55.98170187207438
57,0,normal,0.01050776056945324,0.31480842918019186,-55.87310957726754
58,0,normal,0.010619418695569038,0.31480842918019186,-55.771503710359866
59,0,normal,0.010721520520746708,0.31480842918019186,-55.676717154409516
60,0,normal,0.010810463689267635,0.31480842918019186,-55.58833244086509
61,0,normal,0.010885443538427353,0.31480842918019186,-55.50606981424335
62,0,normal,0.010947161354124546,0.31480842918019186,-55.42947705818415
63,0,normal,0.01099699828773737,0.3148871768694323,-55.3582295567835
64,0,normal,0.011037931777536869,0.3148871768694323,-55.29043440379132
65,0,normal,1.5345467329025269,0.3264671536538358,-49.69814524986964
66,0,normal,0.015453919768333435,0.3248606741451611,-49.68201219639354
67,0,normal,0.014794507063925266,0.3196208362081028,-49.63659350707076
68,0,normal,0.014986182563006878,0.3203880091943025,-49.57815255480136
69,0,normal,0.014417899772524834,0.318847896749568,-49.43586632338088
70,0,normal,0.01486751064658165,0.3203697382151275,-49.299813468360526
71,0,normal,0.014853429049253464,0.31891608126409954,-49.165266934824785
72,0,normal,0.014484607614576817,0.3234735398727698,-49.04570091914729
73,0,normal,0.0139620965346694,0.3176760868807647,-48.927518987073654
74,0,normal,0.013416658155620098,0.32352495229646283,-48.812384637780724
75,0,normal,0.012918001972138882,0.31821946163875503,-48.71077023919406
76,0,normal,0.012494646944105625,0.3184463772454523,-48.618826145589765
77,0,normal,0.012151004746556282,0.3188858856997083,-48.530144431549616
78,0,normal,0.011879434809088707,0.31944594184116754,-48.44207593334909
79,0,normal,0.011667713522911072,0.32406169163107873,-48.36389353149457
80,0,normal,7.275876522064209,0.3385054677104756,-17.764337594887138
81,0,normal,0.0411553755402565,0.3543682515189344,-17.706270075931798
82,0,normal,1.3128527402877808,0.3515423846967893,-16.441563792818215
83,0,normal,0.7223818302154541,0.3775754165732052,8.644610735535707
84,0,normal,0.11954563111066818,0.3717783003742036,9.788326616001996
85,0,normal,10.233980178833008,0.40831193223422313,56.7429107949672
86,0,normal,0.2670515775680542,0.40489574682003515,57.94010813125237
87,0,normal,9.488761901855469,0.4341865485717108,102.98727856166602
88,0,normal,0.27260395884513855,0.4406732269117378,103.96898748147032
89,0,normal,0.5220236778259277,0.43933307582888015,105.05050124133822
90,0,normal,1.0547614097595215,0.4495369827249374,106.02687859939806
91,0,normal,1.5437363386154175,0.4762587235158132,129.4347499397877
92,0,normal,0.30676066875457764,0.4644943143699328,129.69235636699727
93,0,normal,0.7851659655570984,0.4799861321103792,129.53315456326482
94,0,normal,1.6012319326400757,0.4916054822418155,141.62490945389231
95,0,normal,0.12227118015289307,0.465088091575728,136.64629794325754
96,0,normal,0.048965249210596085,0.49348927036273854,136.39829230319958
97,0,normal,0.03244682028889656,0.45930568371284597,135.71576290065673
98,0,normal,0.019171597436070442,0.4764561578848587,135.5686078281749
99,0,normal,0.01065920665860176,0.4553303490409849,135.4090102551164
100,0,normal,0.00593198835849762,0.4674942735924094,135.29976609278435
101,0,normal,0.0038250284269452095,0.47368251902672764,135.0711573361832
102,0,normal,0.00469948211684823,0.47146740815817767,134.97930283239555
103,0,normal,0.003829128108918667,0.45582283472239343,134.91455804765883
104,0,normal,0.004061499610543251,0.45750966864386095,135.16703289462987
105,0,normal,0.004849833436310291,0.4877127495215349,135.59616014260905
106,0,normal,0.00585279380902648,0.45913281606660156,136.13444021546331
107,0,normal,0.006852339953184128,0.4927144241075836,136.59998348226816
108,0,normal,0.0077283987775444984,0.4548279199411533,137.08291889865768
109,0,normal,0.006154851987957954,0.4651623529465846,137.74392044602553
110,0,normal,0.007012156303972006,0.4451122964134581,112.7047056898316
111,0,normal,0.0077758305706083775,0.44513977734298715,113.77720140112524
112,0,normal,0.00846257247030735,0.43978228200564107,112.85718966577997
113,0,normal,0.009000075981020927,0.4116565382401461,88.31056469060695
114,0,normal,0.00958347786217928,0.4025166087902854,87.30245029065804
115,0,normal,0.010057639330625534,0.3835792631455403,41.12000027802583
116,0,normal,0.00959869660437107,0.38343239984246685,39.679549885459664
117,0,normal,0.009904149919748306,0.3548707012095221,-8.673856985860311
118,0,normal,0.010283896699547768,0.350498556346108,-10.239093917342643
119,0,normal,0.010675604455173016,0.353968089199328,-11.718575599321184
120,0,normal,0.01096253003925085,0.3514331581101924,-13.421453120511387
121,0,normal,0.21467731893062592,0.3257655694158586,-42.22849107375714
122,0,normal,0.13367678225040436,0.3273807297058783,-43.11446903452497
123,0,normal,0.08282832056283951,0.3263187276359917,-42.99277238056675
124,0,normal,0.011967667378485203,0.313627064351944,-57.84125781410853
125,0,normal,0.01204385980963707,0.313627064351944,-57.79913202884154
126,0,normal,0.012108789756894112,0.313627064351944,-57.79257042452082
127,0,normal,0.011554569005966187,0.313627064351944,-57.730813392444134
128,0,normal,0.011332964524626732,0.313627064351944,-57.677660973296724
129,0,normal,0.011256502941250801,0.3136860832613061,-57.6329532712291
130,0,normal,0.011274376884102821,0.3136860832613061,-57.596344393467916
131,0,normal,0.011352982372045517,0.31366571250611686,-57.56728951871287
132,0,normal,0.011450722813606262,0.31366571250611686,-57.51683511515125
133,0,normal,0.011552532203495502,0.31366571250611686,-57.47329886973398
134,0,normal,0.011646156199276447,0.31366571250611686,-57.436444963725535
135,0,normal,0.011726133525371552,0.31366571250611686,-57.40588107234021
136,0,normal,0.011790978722274303,0.31366571250611686,-57.38127539690004
137,0,normal,0.011111059226095676,0.31366571250611686,-57.29066416581168
138,0,normal,0.010893904604017735,0.3139552856885104,-57.20721284414162
139,0,normal,0.010819070972502232,0.3165780782644934,-57.11114608893581
140,0,normal,0.010835420340299606,0.31681535133033073,-57.02193835628145
141,0,normal,0.01090940460562706,0.31533893912462824,-56.939429410848106
142,0,normal,0.011007784865796566,0.31533893912462824,-56.86314766136343
143,0,normal,0.011110176332294941,0.3153094418434542,-56.79293153582853
144,0,normal,0.011205362156033516,0.31459339141874065,-56.72851605093001
145,0,normal,0.0112879928201437,0.31459339141874065,-56.66946203531188
146,0,normal,0.011356201022863388,0.31459339141874065,-56.60495181959118
147,0,normal,0.011410713195800781,0.31459339141874065,-56.545548700490144
148,0,normal,0.010368367657065392,0.3146290901132365,-56.410188077410794
149,0,normal,0.010237752459943295,0.3146290901132365,-56.28191900944944
150,0,normal,0.010226123966276646,0.3146290901132365,-56.160754755994276
151,0,normal,0.010283763520419598,0.3146290901132365,-56.046522620799806
152,0,normal,0.010382180102169514,0.31480842918019186,-55.93895911747882
153,0,normal,0.010495293885469437,0.31480842918019186,-55.83773309348862
154,0,normal,0.0106075219810009,0.31480842918019186,-55.74258991411148
155,0,normal,0.01071055419743061,0.31480842918019186,-55.653189620912144
156,0,normal,0.01080065593123436,0.3148871768694323,-55.56911089890832
157,0,normal,0.010877967812120914,0.3148871768694323,-55.48854786494621
158,0,normal,0.010941513814032078,0.3148871768694323,-55.41302251059892
159,0,normal,0.010992689058184624,0.3148871768694323,-55.34246897300295
160,0,normal,0.01103324443101883,0.31508415830996894,-55.276717507284275
161,0,normal,0.00966955628246069,0.31508415830996894,-55.12482558121383
162,0,normal,0.009630739688873291,0.31508415830996894,-54.97937502572313
163,0,normal,0.009676005691289902,0.31508415830996894,-54.84020073977331
164,0,normal,0.009768479503691196,0.31508415830996894,-54.70711273894062
165,0,normal,0.009885426610708237,0.3156859484607063,-54.579797887617815
166,0,normal,0.010007690638303757,0.3156859484607063,-54.457734237850445
167,0,normal,0.010125251486897469,0.3156859484607063,-54.34832055914444
168,0,normal,0.010231058113276958,0.3156859484607063,-54.24394774467032
169,0,normal,0.010322901420295238,0.3156859484607063,-54.14451998073423
170,0,normal,0.010400674305856228,0.3161080157729589,-54.04994823095126
171,0,normal,0.0104654086753726,0.3161080157729589,-53.95999149609088
172,0,normal,0.01051864679902792,0.3161080157729589,-53.8745090957359
173,0,normal,0.010562066920101643,0.315846443658094,-53.793335008654594
174,0,normal,0.010597326792776585,0.315846443658094,-53.716175540586164
175,0,normal,0.010625908151268959,0.315846443658094,-53.64275342308383
176,0,normal,0.010649080388247967,0.31619250868196164,-53.57265513438574
177,0,normal,7.271677017211914,0.33610948911038413,-22.856360570835704
178,0,normal,0.042413000017404556,0.3461050956001901,-22.82850465418892
179,0,normal,1.815625548362732,0.36181714897258693,-10.722155674275882
180,0,normal,1.160733699798584,0.3931689557976017,14.154955574180349
181,0,normal,0.09801193326711655,0.3822727864063903,15.260576667670648
182,0,normal,0.0995354950428009,0.39224996520956484,16.462420635333274
183,0,normal,0.10270928591489792,0.3875716842919993,17.71259661343629
184,0,normal,0.09066933393478394,0.3970649560230875,19.05058626320738
185,0,normal,0.07787223160266876,0.40904741252953064,20.34671979621521
186,0,normal,0.10274341702461243,0.41850217359205377,21.57497654306394
187,0,normal,0.28440043330192566,0.416821034399882,22.848698459119532
188,0,normal,0.9895155429840088,0.40507977377614934,24.09727455156917
189,0,normal,1.2243850231170654,0.43897328497703103,49.3651232652378
190,0,normal,0.595758855342865,0.44463097951163366,48.98746745634162
191,0,normal,1.7633752822875977,0.4537544227880739,61.85802312461237
192,0,normal,0.11218646913766861,0.4478941343785251,61.66516336750283
193,0,normal,0.054731179028749466,0.44611793005836436,61.333270756397496
194,0,normal,0.037084341049194336,0.4480014596200163,60.612924364113496
195,0,normal,0.02303527668118477,0.45061363172639357,60.45079389465377
196,0,normal,0.013783802278339863,0.45885084792274494,60.39832259797777
197,0,normal,0.008267611265182495,0.4340070505427682,60.24837854273778
198,0,normal,0.005397174973040819,0.4481166191417352,60.0893878676311
199,0,normal,0.004250276833772659,0.4432655709620133,59.989600715774486
200,0,normal,0.004128282889723778,0.44294072088907477,59.969780533418316
201,0,normal,0.004548646043986082,0.4379818334878579,60.25277384808601
202,0,normal,0.0037814220413565636,0.44501721204860756,60.792420522516295
203,0,normal,0.004315072204917669,0.4368674920895688,61.2241825575195
204,0,normal,0.005164461210370064,0.45340753125263766,61.6079318010693
205,0,normal,0.00611285213381052,0.4458385848407045,62.01748984551614
206,0,normal,0.007015364244580269,0.4322840069307462,62.65989186713523
207,0,normal,0.007780579384416342,0.4208251083046338,35.64321116392557
208,0,normal,0.006467818282544613,0.4262064523581623,36.757792945145866
209,0,normal,0.007223541382700205,0.40734563637869525,24.726304403356835
210,0,normal,0.0077928099781274796,0.38781205588908974,-2.1677744821722627
211,0,normal,0.008537252433598042,0.3866952783905595,-3.2953859018102776
212,0,normal,0.009186314418911934,0.3634186746767734,-4.607814701842017
213,0,normal,0.009754354134202003,0.3678845843439392,-6.143520133877473
214,0,normal,0.010261953808367252,0.3613802776141572,-7.805978296112926
215,0,normal,0.010266805998980999,0.3566910171679412,-9.298740475996965
216,0,normal,0.010496017523109913,0.3438724028433168,-10.846685914376394
217,0,normal,0.010761256329715252,0.35477327061179653,-12.433362526096062
218,0,normal,0.011005961336195469,0.34679841741555695,-14.190949449102618
219,0,normal,0.06431785225868225,0.32716278489538175,-43.18337452810056
220,0,normal,0.03790632262825966,0.3264828220854337,-43.04399869339295
221,0,normal,0.011715661734342575,0.31364114498717355,-57.87497686940992
222,0,normal,0.011841122061014175,0.31364114498717355,-57.815663351083
223,0,normal,0.011951643973588943,0.313627064351944,-57.792396043959116
224,0,normal,0.012037239968776703,0.313627064351944,-57.77671766188814
225,0,normal,0.012101542204618454,0.313627064351944,-57.76838697170001
226,0,normal,0.011532094329595566,0.313627064351944,-57.70510734038044
227,0,normal,0.011316251009702682,0.313627064351944,-57.65075865757967
228,0,normal,0.01124377641826868,0.3136860832613061,-57.605166096442645
229,0,normal,0.01126470509916544,0.3136860832613061,-57.568017523881736
230,0,normal,0.011345859616994858,0.31366571250611686,-57.53877390076127
231,0,normal,0.011450722813606262,0.31366571250611686,-57.51683511515125
232,0,normal,0.011552532203495502,0.31366571250611686,-57.47329886973398
233,0,normal,0.011646156199276447,0.31366571250611686,-57.436444963725535
234,0,normal,0.011726133525371552,0.31366571250611686,-57.40588107234021
235,0,normal,0.011127266101539135,0.31366571250611686,-57.309725712164436
236,0,normal,0.010898432694375515,0.31366571250611686,-57.22114577866523
237,0,normal,0.010823075659573078,0.31621388823475954,-57.13995344921841
238,0,normal,0.010837563313543797,0.3165780782644934,-57.04619146247637
239,0,normal,0.010911745019257069,0.31533893912462824,-56.959335957746134
240,0,normal,0.011011033318936825,0.31533893912462824,-56.87909745071261
241,0,normal,0.01111442968249321,0.31533893912462824,-56.80515618192317
242,0,normal,0.011210526339709759,0.31459339141874065,-56.73737232417716
243,0,normal,0.0112939877435565,0.31459339141874065,-56.675385029482186
244,0,normal,0.011363077908754349,0.31459339141874065,-56.61885684109575
245,0,normal,0.011418110691010952,0.31459339141874065,-56.55688790796489
246,0,normal,0.01037132553756237,0.31459339141874065,-56.41904940042468
247,0,normal,0.010240929201245308,0.3146290901132365,-56.28848670693901
248,0,normal,0.010229784995317459,0.3146290901132365,-56.16528291588338
249,0,normal,0.010287746787071228,0.3146290901132365,-56.049268969781906
250,0,normal,0.010386164300143719,0.31480842918019186,-55.94017278395199
251,0,normal,0.010498964227735996,0.31480842918019186,-55.837744267371136
252,0,normal,0.010610644705593586,0.31480842918019186,-55.74171336897052
253,0,normal,0.010712993331253529,0.31480842918019186,-55.651774283023315
254,0,normal,0.010802406817674637,0.31480842918019186,-55.56751111201106
255,0,normal,0.010877967812120914,0.3148871768694323,-55.48854786494621
256,0,normal,0.010941513814032078,0.3148871768694323,-55.41302251059892
257,0,normal,0.010992689058184624,0.3148871768694323,-55.34246897300295
258,0,normal,0.01103324443101883,0.31508415830996894,-55.276717507284275
259,0,normal,0.011064959689974785,0.31508415830996894,-55.21554870192631
260,0,normal,0.011089473962783813,0.31508415830996894,-55.15875236767192
261,0,normal,0.009653246961534023,0.31508415830996894,-55.015223919549044
262,0,normal,0.009623902849853039,0.31508415830996894,-54.87750835154225
263,0,normal,0.009673251770436764,0.3156859484607063,-54.74547407812656
264,0,normal,0.009767257608473301,0.3156859484607063,-54.618727184122235
265,0,normal,0.009885226376354694,0.3156859484607063,-54.50464685639213
266,0,normal,0.010007655248045921,0.3156859484607063,-54.39544686447766
267,0,normal,0.010123711079359055,0.3156859484607063,-54.29110591620861
268,0,normal,0.01022801548242569,0.3156859484607063,-54.191529311943896
269,0,normal,0.010318604297935963,0.3156859484607063,-54.096455651599626
270,0,normal,0.010395525023341179,0.3161080157729589,-54.005722359381934
271,0,normal,0.010459836572408676,0.3161080157729589,-53.91909353366327
272,0,normal,0.010513088665902615,0.3161080157729589,-53.83635560179869
273,0,normal,0.010556942783296108,0.315846443658094,-53.75727684644767
274,0,normal,0.010592996142804623,0.31601887733003553,-53.681544818556404
275,0,normal,0.010622609406709671,0.3163234919258113,-53.60884258235433
276,0,normal,7.271614074707031,0.33610948911038413,-22.905198820533542
277,0,normal,0.0423889197409153,0.3456817540493763,-22.874568460961427
278,0,normal,1.318843960762024,0.34059438248034585,-23.244272792283255
279,0,normal,0.8640985488891602,0.3675573447681618,2.060779394297242
280,0,normal,0.11066481471061707,0.36599324852463694,3.209781462643832
281,0,normal,0.11325853317975998,0.3850815565046217,4.461569312708434
282,0,normal,0.11203856021165848,0.37529655392307293,5.71049770508921
283,0,normal,0.9934312105178833,0.3743569092056709,5.5757183074968
284,0,normal,0.0870569497346878,0.378860122926417,6.921665408728813
285,0,normal,3.577301502227783,0.40801232445686647,22.17707114125278
286,0,normal,2.6265041828155518,0.4212129429627558,33.850231978242164
287,0,normal,0.6291480660438538,0.4091732668255819,33.50236217031011
288,0,normal,1.7547011375427246,0.4246014846681757,46.69069038811813
289,0,normal,0.1290326863527298,0.4312003192788324,46.475818932150105
290,0,normal,0.05610266700387001,0.42701944209425424,46.156953422025026
291,0,normal,0.036354973912239075,0.4235715125119288,45.43968050992771
292,0,normal,0.0216002706438303,0.4498742397289967,45.226244466249
293,0,normal,0.012057172134518623,0.4119909802608295,45.039980865520874
294,0,normal,0.006601684261113405,0.4206526355859461,44.89937152843504
295,0,normal,0.004113419447094202,0.4342197140223181,44.87212439569112
296,0,normal,0.003548387438058853,0.42217102515662563,44.76453387247739
297,0,normal,0.0040665920823812485,0.4169545949204562,44.54445928671498
298,0,normal,0.005076887086033821,0.427554967157551,44.41351783177879
299,0,normal,0.006208200938999653,0.4124292071638694,44.33327093123512
300,0,normal,0.0072542354464530945,0.4138416906649961,44.46791096724132
301,0,normal,0.008121360093355179,0.41123152244245786,44.86367663988267
302,0,normal,0.008787942118942738,0.41197047718769075,45.22508218784128
303,0,normal,0.0069576106034219265,0.42619375923014696,45.51266918305873
304,0,normal,0.007675551809370518,0.4359837051156324,45.73416863081775
305,0,normal,0.008304882794618607,0.3988456657159666,46.20136172103366
306,0,normal,0.008888844400644302,0.39531299946010495,18.56951387438494
307,0,normal,0.009398095309734344,0.4045677880498759,19.772938103346632
308,0,normal,0.009846065193414688,0.39480610169263836,20.98020431942996
309,0,normal,0.01017774734646082,0.3699016776357366,-6.4361257420159745
310,0,normal,0.009873347356915474,0.36627462903239444,-8.145448316136708
311,0,normal,0.010238055139780045,0.3547598860169522,-9.886780996080688
312,0,normal,0.010659294202923775,0.35329932546194137,-11.57600507254665
313,0,normal,0.010852362029254436,0.34807152925660667,-10.705935494155028
314,0,normal,0.011172627098858356,0.35770966044126923,-12.35331351210425
315,0,normal,0.009191127493977547,0.338068807329393,-29.455666940264337
316,0,normal,1.64121413230896,0.3273807297058783,-43.2887411648976
317,0,normal,0.5167912244796753,0.3263187276359917,-43.15740864833333
318,0,normal,0.012035669758915901,0.313627064351944,-57.996530306714476
319,0,normal,0.01210532896220684,0.313627064351944,-57.96048303285602
320,0,normal,0.011616245843470097,0.313627064351944,-57.867668790912376
321,0,normal,0.011365294456481934,0.313627064351944,-57.78223632156278
322,0,normal,0.011273745447397232,0.313627064351944,-57.7044376374547
323,0,normal,0.011283498257398605,0.3136860832613061,-57.63424219417698
324,0,normal,0.01135758776217699,0.3136860832613061,-57.571650691524155
325,0,normal,0.01145767793059349,0.31366571250611686,-57.51633982852695
326,0,normal,0.011560754850506783,0.31366571250611686,-57.46821114485169
327,0,normal,0.01165472436696291,0.31366571250611686,-57.42709257219735
328,0,normal,0.011734389699995518,0.31366571250611686,-57.39265280420432
329,0,normal,0.011798558756709099,0.31366571250611686,-57.36460088620902
330,0,normal,0.011097685433924198,0.31366571250611686,-57.27097797667079
331,0,normal,0.010886108502745628,0.31366571250611686,-57.185050114161186
332,0,normal,0.010818585753440857,0.31621388823475954,-57.106595567086515
333,0,normal,0.010836075991392136,0.31681535133033073,-57.01561038920954
334,0,normal,0.010910512879490852,0.31533893912462824,-56.93157208153093
335,0,normal,7.261699199676514,0.33457380278694215,-26.11502048490206
336,0,normal,0.04024910926818848,0.34449922290724005,-26.064294791453904
337,0,normal,1.3006089925765991,0.3392417301963395,-26.32873199426922
338,0,normal,0.8660794496536255,0.3660404049340534,-0.8432178404218575
339,0,normal,0.10267747193574905,0.3619099218654234,0.3382834533354071
340,0,normal,0.11306056380271912,0.37754617854077893,1.706026533186332
341,0,normal,0.9838709235191345,0.36192286624811837,1.5280430820671427
342,0,normal,0.10254735499620438,0.3730921918504718,2.9711341766710575
343,0,normal,0.09389657527208328,0.3796531492921458,4.381343158715026
344,0,normal,0.8090913891792297,0.3918728533888365,4.287529269658535
345,0,normal,5.392805099487305,0.4278691729926749,30.1964295622015
346,0,normal,0.42725464701652527,0.40205975296968255,29.943503363852642
347,0,normal,0.4395125210285187,0.4114709605577809,30.4221424314876
348,0,normal,1.166240930557251,0.42355323399175504,35.934437732820015
349,0,normal,1.5333945751190186,0.4196997772852545,43.651053490719505
350,0,normal,0.08024679124355316,0.41507990124599525,43.45983752656207
351,0,normal,0.0546802282333374,0.4299642215466464,43.069036538516684
352,0,normal,0.03980491682887077,0.4267846709644769,42.65132021612612
353,0,normal,0.02724270708858967,0.40536432909802245,42.59767459157797
354,0,normal,0.018824782222509384,0.4261244010374756,42.652949187630156
355,0,normal,0.013646416366100311,0.4264991659867546,42.6313223311347
356,0,normal,0.010587619617581367,0.425430115229337,42.515225013647296
357,0,normal,0.008768278174102306,0.4193142350405204,42.48658165007305
358,0,normal,0.008508695289492607,0.41473053877527444,42.50946039499536
359,0,normal,0.0069260927848517895,0.41342692269242914,42.77377190476682
360,0,normal,0.006259221583604813,0.411125470254584,43.2651755040381
361,0,normal,0.0062104035168886185,0.4117687221604341,43.7263583289498
362,0,normal,0.006562390364706516,0.42194800076107,44.08353347646084
363,0,normal,39.99064636230469,0.4115920800062732,190.77853682833995
364,0,normal,37.76754379272461,0.42357923983690704,318.0571788392182
365,0,normal,0.05208021402359009,0.39049654365998354,297.2953095649475
366,0,normal,0.03614968806505203,0.4044453361991559,298.00811797348854
367,0,normal,0.027766648679971695,0.389822283202008,298.9578537478201
368,0,normal,39.53340530395508,0.36386862745902326,393.51951500752966
369,0,normal,0.08241775631904602,0.37079991875837226,392.5102402987667
370,0,normal,0.04553454741835594,0.3603613209934823,391.31267521662005
371,0,normal,0.04684869945049286,0.3630709429012482,391.7668352452713
372,0,normal,0.04184656962752342,0.3514117641381828,390.6219630416564
373,0,normal,0.03166045621037483,0.36151858978338897,389.56389844693626
374,0,normal,0.023401517421007156,0.3517374091230232,390.0126461089203
375,0,normal,0.016155939549207687,0.3261384532110184,371.28161665404616
376,0,normal,0.009353226982057095,0.33028790461245267,371.4406755157181
377,0,normal,0.008461765013635159,0.33714456532801756,370.8441456156073
378,0,normal,0.00845278985798359,0.3266264001279004,367.0684310479011
379,0,normal,0.008959367871284485,0.313627064351944,361.32647209154266
380,0,normal,0.009350570850074291,0.313627064351944,361.3564920964991
381,0,normal,0.009891395457088947,0.320966396968293,361.3977830044986
382,0,normal,0.01041822973638773,0.3160302744698162,361.4248865318418
383,0,normal,7.77293586730957,0.3396645174187604,382.0522282774873
384,0,normal,0.05920979753136635,0.34785485509378467,382.0361813637214
385,0,normal,1.5060309171676636,0.3371216887336023,381.83887408587645
386,0,normal,0.7734729647636414,0.37631900283216185,398.3795303389526
387,0,normal,0.10300471633672714,0.3651859019853522,399.1302897325546
388,0,normal,0.11718244105577469,0.38710278562145095,399.9716923987181
389,0,normal,10.238285064697266,0.39850784521959265,430.7889581438393
390,0,normal,10.535604476928711,0.4295993812456569,460.31135846564484
391,0,normal,0.31671881675720215,0.43391075749300534,461.0796872162539
392,0,normal,0.5392283797264099,0.4323353580349915,461.7189065330547
393,0,normal,1.1230072975158691,0.4439661011442269,357.8655405095601
394,0,normal,121.92593383789062,0.4332368701287859,553.7361713587709
395,0,normal,3.8498709201812744,0.464326738241353,567.0661958052999
396,0,normal,0.15554393827915192,0.48512889228105394,567.7328411504457
397,0,normal,2.1762900352478027,0.4775601067545422,574.5665203045525
398,0,normal,0.09637030959129333,0.47294897080289994,487.4883749756741
399,0,normal,0.0330926738679409,0.4656168883285798,487.4046191915962
400,0,normal,0.023107439279556274,0.46578299116847427,487.0744717098444
401,0,normal,0.01537377666682005,0.4712202432333354,487.04569621786595
402,0,normal,0.00997250434011221,0.46657644488823163,487.0781550892011
403,0,normal,0.0064950790256261826,0.4616583373675181,487.0653637418229
404,0,normal,0.004498276859521866,0.46856129560344517,487.02651551085273
405,0,normal,0.003546541789546609,0.4626421462251634,487.05488961942683
406,0,normal,0.0034101419150829315,0.462688086211994,487.0824601273573
407,0,normal,0.0028098290786147118,0.4639702673496824,487.2513000152743
408,0,normal,0.002876101993024349,0.4750143825149102,487.61211411146917
409,0,normal,0.00329399760812521,0.4711611469641329,487.96510422481026
410,0,normal,0.003847697516903281,0.4774424215075079,488.3163198384834
411,0,normal,0.0029097595252096653,0.4737005285565959,488.7079680954324
412,0,normal,0.003459647297859192,0.4777066275692321,489.2139054592394
413,0,normal,0.004145731218159199,0.433897040376979,472.10111919228416
414,0,normal,0.004879819229245186,0.45805328655338784,472.71479429067347
415,0,normal,0.005590834654867649,0.4416605973456956,473.4816662190964
416,0,normal,0.006413599010556936,0.4015383104430144,457.5647617301171
417,0,normal,0.005655903834849596,0.41863159213693446,457.0156802364444
418,0,normal,0.006242603994905949,0.4102897887107739,456.3692969670657
419,0,normal,0.006871666293591261,0.38862347107761763,426.490056129134
420,0,normal,0.007556525524705648,0.36725949229446425,395.1441998714855
421,0,normal,0.008215518668293953,0.3617755560171882,394.22908129405823
422,0,normal,0.008803310804069042,0.35475727598461787,393.27867884757745
423,0,normal,0.008746621198952198,0.3576699663228224,392.19750036913354
424,0,normal,0.008891950361430645,0.35277737732264547,-11.771657714409002
425,0,normal,0.007819254882633686,0.3330797453660398,-40.530557793210846
426,0,normal,0.008026422932744026,0.32490331871334355,-42.82421349896049
427,0,normal,0.010343886911869049,0.3130648511718052,-57.674106451427406
428,0,normal,0.010682355612516403,0.3129232953334952,-57.641269332186994
429,0,normal,0.010994413867592812,0.3129232953334952,-57.66400192545666
430,0,normal,0.010893775150179863,0.31270712015317415,-57.643547671350916
431,0,normal,0.010800634510815144,0.31270712015317415,-57.634314180077126
432,0,normal,0.010865320451557636,0.31401657287507245,-57.63615867589647
433,0,normal,7.292945861816406,0.33210334405189706,-26.885921312052687
434,0,normal,0.039279233664274216,0.34394540845587857,-26.927002170080186
435,0,normal,1.2525317668914795,0.3348880755135401,-27.285978720098228
436,0,normal,0.9034947156906128,0.3687416986266125,-1.817928475684539
437,0,normal,0.09988673776388168,0.3617962864315959,-0.6197709627674612
438,0,normal,0.11562830954790115,0.3757537240551489,0.6989469495053982
439,0,normal,0.9585806727409363,0.36098275487843856,0.5225864961569187
440,0,normal,0.11550109833478928,0.37517297305530506,1.967604607788644
441,0,normal,0.10209871083498001,0.3829126174796413,3.369070188690557
442,0,normal,0.10805649310350418,0.39648365614818576,4.792077505982206
443,0,normal,0.9410921931266785,0.39822280943836696,4.6752357400851
444,0,normal,0.8181085586547852,0.3732509350507597,6.1074678511849925
445,0,normal,1.5101038217544556,0.41498596240248853,31.915377513477324
446,0,normal,0.18212641775608063,0.4211588768734083,33.150517323639406
447,0,normal,1.2990821599960327,0.42645294011500906,38.55685153581362
448,0,normal,1.2250577211380005,0.42340074845871534,46.306875805519894
449,0,normal,0.06806878745555878,0.4226792600203824,46.18074437207747
450,0,normal,0.04270724952220917,0.4439437939441582,45.83203345851848
451,0,normal,0.029451731592416763,0.4355597756332084,45.54026100609508
452,0,normal,0.017950037494301796,0.4377135947873545,45.624512205754854
453,0,normal,0.010051091201603413,0.4170326773132182,45.68864076601062
454,0,normal,0.010304596275091171,0.4361052036562631,45.686996334804235
455,0,normal,0.005365167278796434,0.4343854317895151,45.74151176351711
456,0,normal,0.002954816911369562,0.42564288211789897,45.798222740612346
457,0,normal,0.0021343985572457314,0.4207270216268914,46.0825399565681
458,0,normal,0.002236626110970974,0.4225428630883358,46.61617637242216
459,0,normal,0.0022961704526096582,0.43083898060095127,47.10470786905239
460,0,normal,0.002543305978178978,0.4193372661284471,47.53501912156548
461,0,normal,0.0032287014182657003,0.41963341583569286,47.87575914711283
462,0,normal,0.004090907052159309,0.4170764753148252,48.43739865773114
463,0,normal,0.004971666727215052,0.4027605316950113,20.8463614891607
464,0,normal,0.005757145583629608,0.426462151022318,21.690933834356883
465,0,normal,0.004639449995011091,0.3967309860108411,22.708595853806628
466,0,normal,0.00532765407115221,0.38344507347445445,-4.377308816346613
467,0,normal,0.006146655417978764,0.3756486619335707,-5.607562510494745
468,0,normal,0.006933476310223341,0.37012208982063144,-7.001539796542147
469,0,normal,0.007615642622113228,0.36267116689881657,-6.190983609006935
470,0,normal,0.007604393642395735,0.36615631308039015,-7.835648916685386
471,0,normal,0.008132753893733025,0.3614520763582339,-9.419498750189405
472,0,normal,0.008640916086733341,0.3487136803694427,-11.066774410098105
473,0,normal,0.009152033366262913,0.3544292967352267,-10.153173494764815
474,0,normal,0.00960216112434864,0.3529793488608036,-11.78943117157246
475,0,normal,0.010466521605849266,0.3284634833901889,-40.51962721312634
476,0,normal,0.00922223087400198,0.3270126505254848,-42.870831199282065
477,0,normal,0.009420432150363922,0.32043641546224805,-48.729285045920506
478,0,normal,0.010686990804970264,0.31270712015317415,-57.567383091723286
479,0,normal,0.010777343064546585,0.31270712015317415,-57.56285996227325
480,0,normal,0.010959591716527939,0.31401657287507245,-57.56947871304487
481,0,normal,5.498200416564941,0.32560128930856425,-34.55638072800298
482,0,normal,2.154897689819336,0.3375244953730928,-26.259422382503317
483,0,normal,0.7201171517372131,0.3401461668688098,-26.54266258166058
484,0,normal,1.2294409275054932,0.37898932121444506,-0.9034513115109348
485,0,normal,0.575660228729248,0.3624544581096768,-1.5638804246343625
486,0,normal,0.1401437520980835,0.3707915317263293,-0.21374138866917747
487,0,normal,0.11858014017343521,0.36830688193626937,1.1169874064544274
488,0,normal,0.11032112687826157,0.3838290827895884,2.4866499126233066
489,0,normal,0.08992121368646622,0.3860355667811933,3.8781258656331374
490,0,normal,0.8552260994911194,0.38660467762771095,3.751026617549087
491,0,normal,0.23605602979660034,0.3862428454923671,5.160372546556346
492,0,normal,1.3352746963500977,0.3845391343321214,5.041721497404296
493,0,normal,1.7297028303146362,0.4213538047355595,30.954189176776254
494,0,normal,0.47352299094200134,0.4147068327339123,30.687699412601887
495,0,normal,0.44644367694854736,0.4103969430950123,31.15461747381005
496,0,normal,1.6032434701919556,0.40129704126651217,44.49184961547121
497,0,normal,0.07649129629135132,0.43255109910842643,44.44471395314781
498,0,normal,0.03667481243610382,0.44366238486290044,44.21415173819969
499,0,normal,0.016684995964169502,0.4286227260158244,43.66350717290425
500,0,normal,0.016328036785125732,0.43705044480817495,43.73277812360516
501,0,normal,0.008935537189245224,0.4065380318777189,43.826563438391986
502,0,normal,0.004573791287839413,0.43018817541397275,43.87086313880468
503,0,normal,0.0023952308110892773,0.44054095871407656,43.93377575206955
504,0,normal,0.0016316173132508993,0.4176181115926712,44.01231429678455
505,0,normal,0.001671846373938024,0.4146154411191112,44.27625334516483
506,0,normal,0.002093683462589979,0.4240843517148334,44.80349605843753
507,0,normal,0.002637387253344059,0.42185537504875653,45.35019457975318
508,0,normal,0.0017895661294460297,0.42961611346080797,45.80000865088323
509,0,normal,0.0022355823311954737,0.42726819291720775,46.27250649533903
510,0,normal,0.002810993231832981,0.4160292439134213,46.87815246464538
511,0,normal,0.0034376110415905714,0.4036525203116161,26.57371860979015
512,0,normal,0.004035535734146833,0.40663302511691485,19.067502300034675
513,0,normal,0.003220794489607215,0.3966186573390308,19.990198518938314
514,0,normal,0.0038648629561066628,0.3686706524227542,-7.303005588117458
515,0,normal,0.004475008230656385,0.3767126233917342,-6.12089342577724
516,0,normal,0.0051658363081514835,0.3666020139642859,-7.429669071491162
517,0,normal,0.005875530652701855,0.3658453026861631,-9.115081610468906
518,0,normal,0.006628356408327818,0.36425627114474374,-10.949560892401223
519,0,normal,0.006603838875889778,0.35368789178321824,-12.758372978933494
520,0,normal,0.006945679429918528,0.3442406644015765,-12.106944933035948
521,0,normal,0.007330486550927162,0.3504314213722382,-13.755168717726065
522,0,normal,0.007842330262064934,0.34912787775447685,-13.121773146518535
523,0,normal,0.006800842005759478,0.3259432141169129,-41.94147923159312
524,0,normal,0.007478145882487297,0.3300972271421342,-41.811298250564505
525,0,normal,0.007043197751045227,0.3251759795309838,-42.73246160414601
526,0,normal,0.009441975504159927,0.31340030172175126,-57.595171724133934
527,0,normal,0.009653840214014053,0.31340030172175126,-57.57777453154654
528,0,normal,0.009969644248485565,0.3130648511718052,-57.57068817274853
529,0,normal,0.010334327816963196,0.3130648511718052,-57.62825281778919
530,0,normal,0.010682355612516403,0.3129232953334952,-57.641269332186994
531,0,normal,7.310840129852295,0.330947095755158,-26.84856783744476
532,0,normal,0.03748394921422005,0.34235669474359287,-26.849434201620852
533,0,normal,1.2670460939407349,0.34084461257206733,-25.66749017534039
534,0,normal,0.7536141276359558,0.375848272080651,-0.3523537282153484
535,0,normal,0.10852257162332535,0.3624107505258,0.7829133631996683
536,0,normal,0.12793231010437012,0.3792536684767554,2.049476431571293
537,0,normal,0.13049131631851196,0.36980394165591846,3.318278540005849
538,0,normal,0.12033593654632568,0.38505642763785863,4.712663595977119
539,0,normal,0.11890295147895813,0.3910742175104901,6.1166121406552065
540,0,normal,0.16506817936897278,0.3944905906113341,7.47310150196995
541,0,normal,0.38476842641830444,0.4092716526768649,8.857822097349526
542,0,normal,1.139224886894226,0.38618186463203713,10.229339510803811
543,0,normal,1.1790690422058105,0.43063339064218303,35.965632382014974
544,0,normal,0.2738681137561798,0.4267368913452237,36.32101291794652
545,0,normal,0.7650065422058105,0.42487117007584246,36.193914579138436
546,0,normal,1.5466172695159912,0.4255124805212429,49.49185907537344
547,0,normal,0.07974807173013687,0.44661577570766114,49.44070044454634
548,0,normal,0.03946177661418915,0.44402606623593716,49.27813534254233
549,0,normal,0.02698078379034996,0.43972823271692263,48.819294042125875
550,0,normal,0.01615491695702076,0.44265891815093744,48.910751103521534
551,0,normal,0.008824672549962997,0.4237616548002897,48.99528820924479
552,0,normal,0.004464291501790285,0.43959491457922933,48.97438270324392
553,0,normal,0.0023047663271427155,0.4442029314948933,49.03626294115884
554,0,normal,0.0015799481188878417,0.4299797316310338,49.124924178303445
555,0,normal,0.0022278078831732273,0.43052519406046486,49.489214163528686
556,0,normal,0.0018656881293281913,0.43200041829696134,50.11831620361045
557,0,normal,0.00217040884308517,0.44076517385497593,50.69015512942224
558,0,normal,0.00278484052978456,0.42898261901363394,51.22508681999875
559,0,normal,0.0034955786541104317,0.4375461683965967,51.711512076988356
560,0,normal,0.0025905875954777002,0.4193047812588241,52.48082886227098
561,0,normal,0.003246762789785862,0.41064057498527806,25.256532395856084
562,0,normal,0.0039971512742340565,0.4269845813875879,26.40344143596144
563,0,normal,0.004769553896039724,0.39908054468756143,25.263335948447775
564,0,normal,0.005529684945940971,0.385470506211965,-1.6245999347427187
565,0,normal,0.006174137350171804,0.3826958641890278,-2.625768519620351
566,0,normal,0.005530516617000103,0.38011450941546615,-3.7484263996454956
567,0,normal,0.006132227834314108,0.3686783687145982,-5.2036789608509935
568,0,normal,0.006776337046176195,0.3673721672361047,-6.7730595480854845
569,0,normal,0.007471286691725254,0.35847028420777216,-8.290561300275385
570,0,normal,0.008181825280189514,0.3504469849264893,-9.876363167197951
571,0,normal,0.008387308567762375,0.3529028827812739,-11.33486881732233
572,0,normal,0.008499542251229286,0.35078411470254467,-13.056845642967346
573,0,normal,0.006849781610071659,0.32584055799915684,-41.86429039124437
574,0,normal,0.007755833212286234,0.32745125398384584,-42.77024361463168
575,0,normal,0.008521240204572678,0.32490331871334355,-42.699512219467806
576,0,normal,0.010552102699875832,0.3130648511718052,-57.59574589443605
577,0,normal,0.010890343226492405,0.3129232953334952,-57.61105743312987
578,0,normal,0.011175787076354027,0.3128302893040223,-57.63617758746682
579,0,normal,0.010914632119238377,0.31270712015317415,-57.61811164273513
580,0,normal,0.01083877682685852,0.31270712015317415,-57.611364796104
581,0,normal,0.010904333554208279,0.31401657287507245,-57.61571361751271
582,0,normal,0.011059237644076347,0.31401657287507245,-57.630920578063524
583,0,normal,0.01126108318567276,0.31401657287507245,-57.656522237008176
584,0,normal,0.011467594653367996,0.31379886431692794,-57.69180004646114
585,0,normal,0.011647600680589676,0.31364114498717355,-57.69044194430012
586,0,normal,0.011801392771303654,0.31364114498717355,-57.69796069998006
587,0,normal,0.011926100589334965,0.313627064351944,-57.71404040504444
588,0,normal,0.012023203074932098,0.313627064351944,-57.73824719342883
589,0,normal,0.012096202932298183,0.313627064351944,-57.7699190901576
590,0,normal,0.012143651954829693,0.313627064351944,-57.77139034997708
591,0,normal,0.012178369797766209,0.3136860832613061,-57.77965917989809
592,0,normal,0.01220343355089426,0.3136860832613061,-57.794352616293736
593,0,normal,0.011637482792139053,0.3136860832613061,-57.75294161237571
594,0,normal,0.011398214846849442,0.31366571250611686,-57.718863543314
595,0,normal,0.011299917474389076,0.31366571250611686,-57.691822394854626
596,0,normal,0.01129287388175726,0.31366571250611686,-57.64289490362262
597,0,normal,0.011352930217981339,0.31366571250611686,-57.60024081492543
598,0,normal,0.011443489231169224,0.31366571250611686,-57.563405308724214
599,0,normal,0.011541187763214111,0.31366571250611686,-57.53199513694267
600,0,normal,0.011632755398750305,0.31366571250611686,-57.505661749127285
601,0,normal,0.011709224432706833,0.3139552856885104,-57.46438710503821
602,0,normal,0.011772635392844677,0.31431687443930284,-57.42765809801085
603,0,normal,0.011823228560388088,0.31431687443930284,-57.39523458245617
604,0,normal,0.011862363666296005,0.31431687443930284,-57.36698826116435
605,0,normal,0.011891812086105347,0.31431687443930284,-57.34267594038215
606,0,normal,0.011913307942450047,0.3145524527486142,-57.322023880200504
607,0,normal,0.011928338557481766,0.3145524527486142,-57.30472489568797
608,0,normal,0.011938108131289482,0.3145524527486142,-57.2903649529901
609,0,normal,0.01194323506206274,0.3145524527486142,-57.268182488381626
610,0,normal,0.011944984085857868,0.3145524527486142,-57.248826468337484
611,0,normal,0.011944196186959743,0.3145524527486142,-57.23221529738112
612,0,normal,0.011064018122851849,0.3145524527486142,-57.1467649366723
613,0,normal,0.010861014015972614,0.3145524527486142,-57.065912436285544
614,0,normal,0.01078606303781271,0.3168216634133072,-56.9897961475001
615,0,normal,0.010794918984174728,0.3168216634133072,-56.918277332652906
616,0,normal,0.010860070586204529,0.3153452217922486,-56.851149395021594
617,0,normal,0.010951339267194271,0.3153452217922486,-56.78807281977856
618,0,normal,0.01104949600994587,0.3153452217922486,-56.72886838291083
619,0,normal,0.01114348042756319,0.3146290901132365,-56.67329747183089
620,0,normal,0.011227745562791824,0.3146290901132365,-56.621040963986616
621,0,normal,0.011300118640065193,0.3146290901132365,-56.571847217255936
622,0,normal,0.011360426433384418,0.31470779294174334,-56.525377602994695
623,0,normal,0.011410560458898544,0.31470779294174334,-56.47999250674661
624,0,normal,0.011450343765318394,0.31470779294174334,-56.43735206164024
625,0,normal,0.011481259018182755,0.31470779294174334,-56.39749585624213
626,0,normal,0.01150474138557911,0.31470779294174334,-56.36046413620011
627,0,normal,0.01152209471911192,0.3148871768694323,-56.3261957080947
628,0,normal,7.258455276489258,0.33409448419693205,-25.57113763299776
629,0,normal,0.0415944866836071,0.3441383156753516,-25.56176127578351
630,0,normal,1.3158533573150635,0.3465616338701626,-24.3185444016799
631,0,normal,1.3350104093551636,0.36787515171961405,-0.4656670558792939
632,0,normal,0.1198115199804306,0.3622338199695579,0.8020553537642172
633,0,normal,0.120442233979702,0.37789475308739173,2.088626441196311
634,0,normal,0.12024088948965073,0.3728932714774939,3.464234052234815
635,0,normal,0.9982079267501831,0.376763950192304,3.3364140191051774
636,0,normal,0.10384581238031387,0.3814927180221243,4.757576912882996
637,0,normal,0.8000733852386475,0.3829714242667231,4.644670203467058
638,0,normal,0.2665185034275055,0.39837923621049076,6.088150668269009
639,0,normal,0.6772277355194092,0.3834608038063554,7.444453715265809
640,0,normal,2.269089698791504,0.40113451238001907,21.349647723064663
641,0,normal,1.9669480323791504,0.4122059389740529,33.101247807189566
642,0,normal,0.6089572906494141,0.4250276937929766,32.77316456527819
643,0,normal,1.6137497425079346,0.42081109837015884,46.03632551689611
644,0,normal,0.1001693457365036,0.43585032087404546,45.898470993360206
645,0,normal,0.05311410501599312,0.41892715160631455,45.645355510966965
646,0,normal,0.03556157648563385,0.42379371996376247,45.07770014780226
647,0,normal,0.02097918465733528,0.43284283565303644,45.0791017828185
648,0,normal,0.011471645906567574,0.4331914890132331,45.07924947051151
649,0,normal,0.00609282311052084,0.41905804355785453,44.97224835556199
650,0,normal,0.0036328923888504505,0.4385207701752798,44.97456263262029
651,0,normal,0.002998395124450326,0.4197288182918866,44.98868591264386
652,0,normal,0.0033614253625273705,0.4231866266572794,45.22495508805855
653,0,normal,0.0041710734367370605,0.41152330386071945,45.70671707892416
654,0,normal,0.005097077693790197,0.4306017423413003,46.13093449118037
655,0,normal,0.003916129935532808,0.4181992209755294,46.528687262345784
656,0,normal,0.004799495916813612,0.44020990177978053,46.83307715036085
657,0,normal,0.005727618932723999,0.41134020746555944,47.36528485756003
658,0,normal,0.006610628217458725,0.40170160778127106,19.684274105767372
659,0,normal,0.007391229271888733,0.4148452473309995,20.455799017376876
660,0,normal,0.00629696249961853,0.39318051187210823,18.92867955614861
661,0,normal,0.00679781474173069,0.3807975258905173,-6.11870829209397
662,0,normal,0.007633760571479797,0.3672677430375857,-7.4417464562345685
663,0,normal,0.008388800546526909,0.3780485260838033,-8.902846049970321
664,0,normal,0.009120747447013855,0.3598482028460139,-10.647182467577977
665,0,normal,0.009663130156695843,0.3628969052962902,-10.089327465901079
666,0,normal,0.010350558906793594,0.35217343677573015,-11.927954550463937
667,0,normal,0.010197415947914124,0.354377344305458,-11.170545464622592
668,0,normal,0.010402996093034744,0.34438718812074876,-12.779258339914577
669,0,normal,0.01046814862638712,0.3497082392363696,-14.555589254712459
670,0,normal,0.009912620298564434,0.33555061653699525,-29.267646135939685
671,0,normal,0.038538023829460144,0.32716278489538175,-43.092399245448405
672,0,normal,0.023624198511242867,0.3264828220854337,-42.97773609919932
673,0,normal,0.011700857430696487,0.31364114498717355,-57.833394313280905
674,0,normal,0.011838170699775219,0.31364114498717355,-57.79999659119312
675,0,normal,0.011948280967772007,0.313627064351944,-57.774274423512
676,0,normal,7.27358341217041,0.3313923116715035,-26.99178027465973
677,0,normal,0.041288506239652634,0.3433638641840748,-27.000419604624312
678,0,normal,2.867748737335205,0.3762015658967897,-0.5913828018899494
679,0,normal,0.10918208956718445,0.3651874628931322,-0.49408322550129924
680,0,normal,0.1059853732585907,0.3677431210531082,0.7669971200166401
681,0,normal,0.11116014420986176,0.36534288679694804,2.1191681080472335
682,0,normal,0.09719759225845337,0.3757924706744684,3.422700236448918
683,0,normal,0.08226614445447922,0.3918353279393561,4.779812655473052
684,0,normal,0.11694666743278503,0.39235803518300666,6.167813133658683
685,0,normal,0.3455484211444855,0.3990927771836669,7.53996484043887
686,0,normal,1.1912915706634521,0.3952535039660361,8.929469238076308
687,0,normal,1.0589179992675781,0.4299604573369418,34.66729577712499
688,0,normal,0.17243093252182007,0.4175252748598397,35.875805001190884
689,0,normal,1.3492584228515625,0.4297775779059333,41.27028964831061
690,0,normal,1.1707943677902222,0.42918528438782544,49.015974210618424
691,0,normal,0.07607058435678482,0.43641895903688926,48.90638220884762
692,0,normal,0.053817268460989,0.4475412660672696,48.58975674885346
693,0,normal,0.03834153711795807,0.43170696945496556,48.279472745268095
694,0,normal,0.023957258090376854,0.44712524884276966,48.29807335730084
695,0,normal,0.013789976947009563,0.4237705921939397,48.41547419541439
696,0,normal,0.007373729720711708,0.4444278661923611,48.4257191687841
697,0,normal,0.003806427586823702,0.4446482581068284,48.46443201465354
698,0,normal,0.002193875377997756,0.43547475157166016,48.5103879743765
699,0,normal,0.0017840154469013214,0.41976390650618384,48.721812080045765
700,0,normal,0.0021735941991209984,0.43774297828033265,49.21558995764417
701,0,normal,0.0019866758957505226,0.4268781131749668,49.75065379378316
702,0,normal,0.0023681456223130226,0.42896466199928845,50.17639384960307
703,0,normal,0.003001755103468895,0.44552200906214584,50.64495452886581
704,0,normal,0.003695786464959383,0.425092595975836,51.259942315771696
705,0,normal,0.0027516083791851997,0.4250288159200731,51.950961254297
706,0,normal,0.0033921459689736366,0.4306870901697047,24.861611167706997
707,0,normal,0.004117041360586882,0.40581505188302486,26.011006766194896
708,0,normal,0.00499692652374506,0.38398000062775817,-0.7897884000572049
709,0,normal,0.0056660049594938755,0.3853180442825889,-1.8128092889076015
710,0,normal,0.006282037124037743,0.3797734763936494,-2.942112875360408
711,0,normal,0.005771308671683073,0.37052656845710896,-4.349832465704139
712,0,normal,0.00637902831658721,0.3683267611484013,-5.8735338540984685
713,0,normal,0.007039936725050211,0.3648832554142171,-7.31172990213463
714,0,normal,0.007736848667263985,0.3519103131090734,-8.806173488795366
715,0,normal,0.008350863121449947,0.3547100669879779,-10.230751217639181
716,0,normal,0.008817443624138832,0.35284453772255703,-11.868561257611873
717,0,normal,0.0060282000340521336,0.3296569556413184,-40.55604938659076
718,0,normal,0.006794048473238945,0.32751113410170746,-42.864229724687675
719,0,normal,0.008558588102459908,0.3210202871081568,-48.73280982570759
720,0,normal,0.009978113695979118,0.3130648511718052,-57.625120416064874
721,0,normal,0.010334327816963196,0.3130648511718052,-57.62825281778919
722,0,normal,0.010682355612516403,0.3129232953334952,-57.641269332186994
723,0,normal,0.010994413867592812,0.3129232953334952,-57.66400192545666
724,0,normal,0.010893775150179863,0.31270712015317415,-57.643547671350916
725,0,normal,0.010800634510815144,0.31270712015317415,-57.634314180077126
726,0,normal,7.29669713973999,0.33210334405189706,-26.873454999118167
727,0,normal,0.03881838917732239,0.34394540845587857,-26.904510344911614
728,0,normal,2.898169755935669,0.3776891255640867,-0.518370100352513
729,0,normal,0.10946729779243469,0.365426819138533,-0.4462064045094394
730,0,normal,0.10949863493442535,0.36776551458957707,0.7801747190978858
731,0,normal,10.381363868713379,0.3914006058622425,48.24623246386295
732,0,normal,0.26025471091270447,0.4013571793127356,49.45529255991619
733,0,normal,0.24033552408218384,0.41064572719013936,50.71189247642292
734,0,normal,9.805106163024902,0.434470925530262,95.9290519509484
735,0,normal,0.3802793323993683,0.43626423369778244,97.11279295669192
736,0,normal,1.532813549041748,0.43120654827709354,98.35404736199985
737,0,normal,3.0520730018615723,0.4375940314683221,99.46697317448775
738,0,normal,0.5210046172142029,0.47761753551127817,123.1689454377456
739,0,normal,0.3204142153263092,0.453452691483113,123.50653783928283
740,0,normal,1.7100874185562134,0.4760618812570491,135.69943379118354
741,0,normal,0.08687266707420349,0.47102280855016093,135.68204642883256
742,0,normal,0.06010796129703522,0.45712335966391165,135.5553593057126
743,0,normal,0.039756353944540024,0.4551437395889437,135.05609504072538
744,0,normal,0.023192618042230606,0.4831820284569847,135.0799871266887
745,0,normal,0.012866168282926083,0.4652732941505767,135.13100074911483
746,0,normal,0.007033961359411478,0.45870777298673754,135.06667259370408
747,0,normal,0.004105665720999241,0.47684162644594486,135.1243430936306
748,0,normal,0.004838989116251469,0.4642152184237924,135.1616568817318
749,0,normal,0.0032547228038311005,0.4712060475518545,135.31862785927
750,0,normal,0.0028667692095041275,0.4521347740550133,135.82182751917128
751,0,normal,0.0031120432540774345,0.4716262206771408,136.34424427433828
752,0,normal,0.0036377881187945604,0.4674741459372885,136.7775765709962
753,0,normal,0.0027447280008345842,0.4724557598104743,137.3566441121011
754,0,normal,0.003255358198657632,0.4769830379211753,138.0227551795199
755,0,normal,0.0039660027250647545,0.4478177502724678,138.8250250445019
756,0,normal,0.004737806972116232,0.46809741325131893,113.97847635996368
757,0,normal,0.00547449616715312,0.4369949962724,115.14385564045097
758,0,normal,0.004400534089654684,0.4113217270063775,90.4220474404317
759,0,normal,0.005206122063100338,0.4316064689595712,89.47748230822094
760,0,normal,0.006002995651215315,0.4144536091372386,88.70083839201197
761,0,normal,0.006777335423976183,0.3767383542096899,42.89382879804157
762,0,normal,0.007519015111029148,0.3909373584657657,41.53908175458264
763,0,normal,0.007652876898646355,0.37927562385245495,40.136500108383416
764,0,normal,0.008137914352118969,0.35984463147896145,-8.076459354751478
765,0,normal,0.008705910295248032,0.34767632899489076,-9.581897371060222
766,0,normal,0.009258751757442951,0.355961075818455,-11.115814621653271
767,0,normal,0.009741232730448246,0.3529539612545065,-12.811344237461526
768,0,normal,0.008943332359194756,0.32982043984688814,-41.74203851185848
769,0,normal,0.009507757611572742,0.32490331871334355,-42.6658119546496
770,0,normal,0.010637400671839714,0.3128302893040223,-57.52437580425499
771,0,normal,0.010601047426462173,0.3128302893040223,-57.50389598898914
772,0,normal,0.01070966012775898,0.31270712015317415,-57.49531948841809
773,0,normal,7.29334020614624,0.3307184692860888,-26.739275167210735
774,0,normal,0.03941124677658081,0.34394540845587857,-26.772069557341183
775,0,normal,1.8779892921447754,0.3579845627363369,-14.674446209382268
776,0,normal,1.1990607976913452,0.39203178716609155,10.329701887576675
777,0,normal,0.08468692004680634,0.3752811846608844,11.40042147230588
778,0,normal,0.10370318591594696,0.38308840586352455,12.67872627796055
779,0,normal,0.11555973440408707,0.38066490056141816,13.955821111199612
780,0,normal,0.0989479273557663,0.3972620142683048,15.313485564347275
781,0,normal,0.07966528087854385,0.4055980560852796,16.657174001593376
782,0,normal,0.10948535799980164,0.41478967431183184,17.984216125451667
783,0,normal,0.33330586552619934,0.4135636367023171,19.38281729003097
784,0,normal,2.489506959915161,0.431453207003454,44.87414795762038
785,0,normal,0.17243236303329468,0.42219910350932466,46.10344919361637
786,0,normal,0.7579478025436401,0.44015746529386013,45.93084764674495
787,0,normal,1.5418918132781982,0.43186751944479196,59.05312952511122
788,0,normal,0.08939462900161743,0.4493516358606621,59.01689072592467
789,0,normal,0.039006300270557404,0.4576198386144187,58.87991285590829
790,0,normal,0.018304312601685524,0.43831399287852046,58.35723389052464
791,0,normal,0.010592405684292316,0.449285058627554,58.357789064718645
792,0,normal,0.010804318822920322,0.4317917983491762,58.48645955117422
793,0,normal,0.005593308247625828,0.44201546422869314,58.53007628318869
794,0,normal,0.0027839571703225374,0.44195724915118356,58.531919197167326
795,0,normal,0.0016140459338203073,0.4436054301436949,58.58185015619847
796,0,normal,0.0014533582143485546,0.43322939458084747,58.75963103150934
797,0,normal,0.0018222377402707934,0.44695665729219,59.2023224246459
798,0,normal,0.002399023622274399,0.44641845159538784,59.864579136058865
799,0,normal,0.0029929005540907383,0.4254340903924028,60.436846302744925
800,0,normal,0.0019264601869508624,0.45026292337954243,60.97007868598416
801,0,normal,0.002430956345051527,0.42828299028932587,61.526511320631926
802,0,normal,0.003016218077391386,0.43190483785402045,62.258246129651525
803,0,normal,0.003624935168772936,0.4281719383598966,35.43237433715194
804,0,normal,0.004194440320134163,0.41536352761321405,36.67048829757164
805,0,normal,0.0034472488332539797,0.4058458974594565,24.916353645953677
806,0,normal,0.004018142819404602,0.384630982671488,-1.725547408831062
807,0,normal,0.004642500542104244,0.3848827203048541,-2.825830497967445
808,0,normal,0.005323125049471855,0.36661485071100014,-4.231629148699312
809,0,normal,0.006024996284395456,0.3697159197750396,-5.778073771068421
810,0,normal,0.00671969261020422,0.3610133796652064,-7.254534566199709
811,0,normal,0.006783957593142986,0.3555828205053073,-8.762481817507023
812,0,normal,0.007078729569911957,0.3532947942002654,-10.164204086690688
813,0,normal,0.00740825803950429,0.35194748399595355,-11.773085228070613
814,0,normal,0.006214089225977659,0.3289554414655878,-40.457547800205475
815,0,normal,0.007146736141294241,0.3273752688102355,-42.78765082714381
816,0,normal,0.007823154330253601,0.3251759795309838,-42.717923807821535
817,0,normal,0.009383602999150753,0.31332757707633885,-57.56920606033532
818,0,normal,0.009431635029613972,0.31340030172175126,-57.540940683635654
819,0,normal,0.009646954014897346,0.31340030172175126,-57.52335406044358
820,0,normal,0.009969644248485565,0.3130648511718052,-57.57068817274853
821,0,normal,0.010334327816963196,0.3130648511718052,-57.62825281778919
822,0,normal,0.010682355612516403,0.3129232953334952,-57.641269332186994
823,0,normal,7.311100482940674,0.330947095755158,-26.899922487441245
824,0,normal,0.04150842875242233,0.34235669474359287,-26.950212365765537
825,0,normal,1.8924522399902344,0.35651036057095625,-14.863985691080188
826,0,normal,1.2191847562789917,0.394360719829373,10.134745295963967
827,0,normal,0.08392071723937988,0.3732716889512225,11.243602256350414
828,0,normal,0.10822589695453644,0.38473828082934686,12.475431232907567
829,0,normal,0.11566253751516342,0.37741850084830775,13.74787318435665
830,0,normal,0.10016705840826035,0.39831624780411395,15.143258892061567
831,0,normal,0.08057209849357605,0.40332266491494967,16.52361370871222
832,0,normal,0.11121610552072525,0.41286535934653823,17.88627467423248
833,0,normal,0.33117759227752686,0.4141800456445994,19.260749238851986
834,0,normal,1.196502923965454,0.39918123745914447,20.651434914947004
835,0,normal,1.046396017074585,0.43380043599624607,46.17048171321062
836,0,normal,0.2789946496486664,0.43567454371242265,46.512602945332446
837,0,normal,1.6103345155715942,0.44031549685769444,59.57775459880554
838,0,normal,0.08482815325260162,0.445656517200244,59.54748499258517
839,0,normal,0.05149991810321808,0.44867336863185353,59.36450919543995
840,0,normal,0.03479576110839844,0.4491917364745174,58.835794006242395
841,0,normal,0.021103249862790108,0.45007200302502676,58.88522954897485
842,0,normal,0.012169282883405685,0.4491013734299526,59.03264176379912
843,0,normal,0.006877670530229807,0.43365473497176726,59.07816342184287
844,0,normal,0.0041043455712497234,0.4497879220422129,59.10613744489183
845,0,normal,0.002939119702205062,0.4408091227834218,59.18232418023831
846,0,normal,0.002700948156416416,0.44079272127302077,59.33290066922223
847,0,normal,0.0029245729092508554,0.4396564670961489,59.79570546265654
848,0,normal,0.002369628520682454,0.4430160115743757,60.49399001034453
849,0,normal,0.0025300635024905205,0.43623806829411377,61.075032590282035
850,0,normal,0.0029895890038460493,0.44978681570819334,61.60330756889448
851,0,normal,0.0035680937580764294,0.44087570306528595,62.147675728389004
852,0,normal,0.0027117091231048107,0.42985287979765185,62.942426274742274
853,0,normal,0.0032603032886981964,0.4235671042909884,36.08910763557469
854,0,normal,0.003953143954277039,0.423915587056127,37.312778789679896
855,0,normal,0.004692436195909977,0.40563579193332455,25.40950237845709
856,0,normal,0.005475668236613274,0.38604576695175763,-1.363298926939251
857,0,normal,0.004900273866951466,0.38872032237396525,-2.3564762425123718
858,0,normal,0.005582449492067099,0.3692343532543079,-3.5671382775340135
859,0,normal,0.006312000099569559,0.3702413424863413,-5.004929064759381
860,0,normal,0.007085269317030907,0.36527079129957846,-6.574612195007376
861,0,normal,0.007869676686823368,0.35952015658686665,-8.039055414550603
862,0,normal,0.00860756915062666,0.34810873137380255,-9.562238503680646
863,0,normal,0.008695986121892929,0.35544426558443515,-11.106265699506366
864,0,normal,0.008826916106045246,0.35252332012357346,-12.812136566332583
865,0,normal,0.007198711391538382,0.33017384409369516,-41.71635475181483
866,0,normal,0.008151503279805183,0.32525145424032387,-42.66037810554417
867,0,normal,0.010216298513114452,0.31340030172175126,-57.54582816965694
868,0,normal,0.010582488030195236,0.3130648511718052,-57.55135534635701
869,0,normal,0.01090744137763977,0.3129232953334952,-57.5671032958046
870,0,normal,0.011182146146893501,0.3128302893040223,-57.59294916013664
871,0,normal,0.011407260783016682,0.3128302893040223,-57.628625879661286
872,0,normal,0.011078059673309326,0.31270712015317415,-57.62108863978324
873,0,normal,0.010980937629938126,0.31401657287507245,-57.624827839146064
874,0,normal,0.011018021032214165,0.31401657287507245,-57.63968052358041
875,0,normal,0.011145154945552349,0.31401657287507245,-57.66514312332333
876,0,normal,0.011324074119329453,0.313815234679804,-57.7006505277252
877,0,normal,0.011513451114296913,0.31379886431692794,-57.74545741865245
878,0,normal,0.01168172899633646,0.31364114498717355,-57.753031318995
879,0,normal,0.01182773057371378,0.31364114498717355,-57.76898820993347
880,0,normal,0.011947416700422764,0.313627064351944,-57.792723827035616
881,0,normal,7.272336959838867,0.3313923116715035,-27.0574903854058
882,0,normal,0.041276831179857254,0.3433638641840748,-27.07654749320386
883,0,normal,1.2693088054656982,0.33446585205004564,-27.410609569699318
884,0,normal,0.8899457454681396,0.36762536953844255,-1.959463898571812
885,0,normal,0.5974569320678711,0.3569420761335998,-2.3212701211032254
886,0,normal,0.14287227392196655,0.37125553816960877,-0.9513081237264487
887,0,normal,0.7593740820884705,0.3603983531634648,-1.1036998134395617
888,0,normal,0.18069396913051605,0.37087592504241174,0.37443551344654225
889,0,normal,0.14017388224601746,0.38131450381873366,1.764412299881542
890,0,normal,6.653396129608154,0.420939222729446,27.707143107589673
891,0,normal,0.1766483634710312,0.41250775508488263,28.909471764994578
892,0,normal,0.6643865704536438,0.3955438905214841,28.7312721039209
893,0,normal,1.836222767829895,0.3993800888985352,42.13842839815152
894,0,normal,0.09575314819812775,0.4348327411382369,42.07820466563999
895,0,normal,0.02589808776974678,0.42253725237225237,41.89964662373518
896,0,normal,0.01749194972217083,0.41905350158121996,41.357991119028156
897,0,normal,0.010968955233693123,0.42645275862770093,41.30113573838685
898,0,normal,0.006309328135102987,0.39357343559634694,41.287858111171545
899,0,normal,0.0033479956910014153,0.41975515905967264,41.30309161199875
900,0,normal,0.0017978507094085217,0.42232338945990766,41.42359498778433
901,0,normal,0.0012529337545856833,0.4149775539252058,41.45757917017727
902,0,normal,0.002075336640700698,0.41185306597955784,41.42708162019994
903,0,normal,0.0016330956714227796,0.4136805864956789,41.47396615539583
904,0,normal,0.001828196574933827,0.41216840970606555,41.539462376291794
905,0,normal,0.0023676487617194653,0.4058962657652056,41.82460392054509
906,0,normal,0.003061931813135743,0.41062733201887314,42.331719429784016
907,0,normal,0.0037775826640427113,0.40255221432744887,42.77682463981887
908,0,normal,0.002995962044224143,0.4103298954411179,43.090902963441295
909,0,normal,0.0036379944067448378,0.4125918581906158,43.3900920246374
910,0,normal,0.004357094876468182,0.4038671536218375,43.89424746839313
911,0,normal,0.005141330882906914,0.3809019384419493,16.334730322325868
912,0,normal,0.005859415512531996,0.39980549212580396,17.506068139479567
913,0,normal,0.00650571845471859,0.3894497846968402,18.657701395357662
914,0,normal,0.007079352159053087,0.358233650117847,-8.965769707944673
915,0,normal,0.006705667357891798,0.36904556312385145,-8.296111385497625
916,0,normal,0.007212137803435326,0.3567290871496463,-9.914770248062041
917,0,normal,0.007636046037077904,0.3549501233209303,-9.059581351588577
918,0,normal,0.008157103322446346,0.3530620981935904,-10.467818522205107
919,0,normal,0.008582058362662792,0.3515642854358973,-12.0814381401633
920,0,normal,0.007699829060584307,0.3289554414655878,-40.76860269920553
921,0,normal,0.0062256245873868465,0.3273752688102355,-43.04841725334745
922,0,normal,0.0070982989855110645,0.32490331871334355,-42.9189775266409
923,0,normal,0.00984448567032814,0.3130648511718052,-57.7574808451584
924,0,normal,0.010117234662175179,0.3130648511718052,-57.71222917834848
925,0,normal,0.010450106114149094,0.3129232953334952,-57.722423726517945
926,0,normal,0.010780883021652699,0.31280008956383465,-57.74192445408289
927,0,normal,0.010882217437028885,0.31280008956383465,-57.71785527780821
928,0,normal,0.01075557991862297,0.31270712015317415,-57.70464379243367
929,0,normal,0.010815014131367207,0.31401657287507245,-57.70216158372273
930,0,normal,0.010984408669173717,0.31401657287507245,-57.70997283695192
931,0,normal,0.011207415722310543,0.31401657287507245,-57.72763050565118
932,0,normal,0.01142615731805563,0.31379886431692794,-57.70880599192742
933,0,normal,0.011624878272414207,0.31364114498717355,-57.699242497624255
934,0,normal,0.011791974306106567,0.31364114498717355,-57.698688523559895
935,0,normal,0.011925061233341694,0.313627064351944,-57.706757606460314
936,0,normal,0.0114324064925313,0.313627064351944,-57.66097056224953
937,0,normal,0.011237053200602531,0.313627064351944,-57.625002124486855
938,0,normal,0.011184346862137318,0.313627064351944,-57.56148186377709
939,0,normal,0.011225804686546326,0.313627064351944,-57.5074718756448
940,0,normal,0.011324468068778515,0.313627064351944,-57.46275403480263
941,0,normal,0.011442854069173336,0.3136860832613061,-57.426845943779654
942,0,normal,0.011558900587260723,0.31366571250611686,-57.39935935666722
943,0,normal,0.011661344207823277,0.31366571250611686,-57.37994254299838
944,0,normal,0.01110910251736641,0.31366571250611686,-57.296426624123114
945,0,normal,0.010878090746700764,0.31366571250611686,-57.19345390584681
946,0,normal,0.010807832702994347,0.3159222318553094,-57.09947667320034
947,0,normal,0.010832712054252625,0.3159222318553094,-57.01421506552833
948,0,normal,0.010915156453847885,0.3144499817348358,-56.937401334902006
949,0,normal,0.011020049452781677,0.3149761745951143,-56.868464341084064
950,0,normal,0.011126447468996048,0.31533893912462824,-56.80691015513116
951,0,normal,0.011221799999475479,0.3146228217132092,-56.73267163848732
952,0,normal,0.011304130777716637,0.3146228217132092,-56.66522918176224
953,0,normal,0.011372088454663754,0.3146228217132092,-56.604342411081234
954,0,normal,0.011426268145442009,0.31459339141874065,-56.54963204452088
955,0,normal,0.011468133889138699,0.31459339141874065,-56.50080829659669
956,0,normal,0.011499415151774883,0.31459339141874065,-56.45748558352261
957,0,normal,0.0115223228931427,0.3146290901132365,-56.408752307206896
958,0,normal,0.011537936516106129,0.3146290901132365,-56.36513790508707
959,0,normal,0.01154786441475153,0.31480842918019186,-56.3263272877216
960,0,normal,0.011553455144166946,0.31480842918019186,-56.292144877291776
961,0,normal,0.011555824428796768,0.31480842918019186,-56.26233249767756
962,0,normal,0.011555853299796581,0.31480842918019186,-56.23647777273163
963,0,normal,0.011554216034710407,0.31480842918019186,-56.21420391912511
964,0,normal,0.011551406234502792,0.31480842918019186,-56.19504330047698
965,0,normal,0.011547788046300411,0.3148871768694323,-56.17855204037801
966,0,normal,0.01154482364654541,0.3148871768694323,-56.16276341250045
967,0,normal,0.011541089974343777,0.31508415830996894,-56.14901810661513
968,0,normal,0.011536967009305954,0.31508415830996894,-56.13705757561479
969,0,normal,0.011532820761203766,0.31508415830996894,-56.12663180776349
970,0,normal,0.011528940871357918,0.31508415830996894,-56.11740940591494
971,0,normal,0.011525537818670273,0.31508415830996894,-56.10907439990001
972,0,normal,0.011522750370204449,0.31508415830996894,-56.10127642577709
973,0,normal,0.011520643718540668,0.31508415830996894,-56.093659603620154
974,0,normal,0.011520643718540668,0.31508415830996894,-56.093659603620154
975,0,normal,0.011520643718540668,0.31508415830996894,-56.093659603620154
976,0,normal,0.011520643718540668,0.31508415830996894,-56.093659603620154
977,0,normal,0.011520643718540668,0.31508415830996894,-56.093659603620154
978,0,normal,7.257513999938965,0.3331955968541192,-25.37532421460105
979,0,normal,0.041902318596839905,0.3441383156753516,-25.39377273087939
980,0,normal,1.3168882131576538,0.3395327945387566,-25.721477251312308
981,0,normal,0.856673002243042,0.3669423042853064,-0.30864892301929103
982,0,normal,0.10675954073667526,0.36310747037035235,0.88825797468985
983,0,normal,0.11389607936143875,0.37870073690805683,2.1967337389935437
984,0,normal,0.11296503990888596,0.3739678447339489,3.5021293807924394
985,0,normal,0.10087622702121735,0.3776901962850305,4.835637922320302
986,0,normal,0.09337114542722702,0.38015438194761036,6.19026503077157
987,0,normal,0.9717179536819458,0.39478808009203453,6.0148927590626045
988,0,normal,0.30630722641944885,0.398180176938591,7.403542374246399
989,0,normal,1.553289771080017,0.3823006189858411,7.246770373359368
990,0,normal,1.6217647790908813,0.4229967567319923,33.06757952062253
991,0,normal,0.19110502302646637,0.4255694981160182,34.203569729468654
992,0,normal,1.7866014242172241,0.43419539529484114,47.336267637932906
993,0,normal,0.10081849247217178,0.4258916732003077,47.189319256068075
994,0,normal,0.0500178262591362,0.4226199549316845,46.89834492337218
995,0,normal,0.033803410828113556,0.4399548375282716,46.257161307253455
996,0,normal,0.020993836224079132,0.4409639667173098,46.188733861353285
997,0,normal,0.012514815665781498,0.45337905052665467,46.229914106660544
998,0,normal,0.007416581269353628,0.41886671410530785,46.206460433098755
999,0,normal,0.004708099644631147,0.42420049413486255,46.13141794984017
1000,0,normal,0.003561630379408598,0.43282219219545687,46.10503013441871
1001,0,normal,0.0033463728614151478,0.4312040365531742,46.05501830829894
1002,0,normal,0.0036202892661094666,0.4241640443124509,46.29405386038934
1003,0,normal,0.0028821155428886414,0.4294441216602459,46.79328617522947
1004,0,normal,0.0032307645305991173,0.42232097555156634,47.250515917060966
1005,0,normal,0.0038830626290291548,0.4351540261147362,47.64437313980875
1006,0,normal,0.0046523758210241795,0.42940308327069526,47.98442922649633
1007,0,normal,0.005411895457655191,0.4227643827283584,48.53270554854612
1008,0,normal,0.0060784053057432175,0.40442155226590415,20.9320836414322
1009,0,normal,0.00665430398657918,0.4089386710024215,21.773558955877434
1010,0,normal,0.005438496358692646,0.40750487341898867,22.83794901149986
1011,0,normal,0.005801105871796608,0.37135824456337524,-4.1715451292675425
1012,0,normal,0.0065909866243600845,0.38833961845146076,-5.395645186801403
1013,0,normal,0.007331242319196463,0.36510618041912085,-6.774489103522228
1014,0,normal,0.008037975989282131,0.36513077024234813,-8.44067106579314
1015,0,normal,0.00877085980027914,0.36215172613088786,-10.265423245021339
1016,0,normal,0.008990410715341568,0.35301749502781377,-11.933986986516175
1017,0,normal,0.009170997887849808,0.3457844657312683,-11.168513349245586
1018,0,normal,0.009370561689138412,0.3501132850184252,-12.77548751869881
1019,0,normal,0.00974870566278696,0.35121285236737804,-12.010719362260716
1020,0,normal,0.01107845176011324,0.3322281510287869,-40.78164225789919
1021,0,normal,0.008707733824849129,0.32462854521265994,-43.10645760460716
1022,0,normal,0.01115701999515295,0.31280008956383465,-57.95165916964493
1023,0,normal,0.011059369891881943,0.31270712015317415,-57.892169290229276
1024,0,normal,0.010918722487986088,0.31401657287507245,-57.84229549171482
1025,0,normal,0.010949083603918552,0.31401657287507245,-57.80212382510604
1026,0,normal,0.011084589175879955,0.31401657287507245,-57.77155233293047
1027,0,normal,0.011275838129222393,0.313815234679804,-57.75048853437124
1028,0,normal,0.011476387269794941,0.31379886431692794,-57.73861478785898
1029,0,normal,0.01166045293211937,0.31364114498717355,-57.735658209589474
1030,0,normal,0.011816461570560932,0.31364114498717355,-57.74132741643507
1031,0,normal,0.011451070196926594,0.313627064351944,-57.69303890933725
1032,0,normal,0.01123830396682024,0.313627064351944,-57.65455188194005
1033,0,normal,0.011179874651134014,0.313627064351944,-57.588393201055624
1034,0,normal,0.011221553198993206,0.313627064351944,-57.53165882178064
1035,0,normal,0.01132307481020689,0.313627064351944,-57.48417608259729
1036,0,normal,0.011444922536611557,0.3136860832613061,-57.445462021317326
1037,0,normal,0.01156402938067913,0.3136860832613061,-57.41522934069417
1038,0,normal,0.01114438846707344,0.31366571250611686,-57.32142208192681
1039,0,normal,0.010894633829593658,0.31366571250611686,-57.23711423188706
1040,0,normal,0.01081406231969595,0.3159222318553094,-57.133661079841886
1041,0,normal,0.01083690207451582,0.3159222318553094,-57.03931025507177
1042,0,normal,0.010920912027359009,0.3144499817348358,-56.9538398751522
1043,0,normal,0.011028368026018143,0.3144499817348358,-56.87682403329495
1044,0,normal,0.011137116700410843,0.31468565980713864,-56.80793809237048
1045,0,normal,0.011235651560127735,0.31426088100201766,-56.746779530866206
1046,0,normal,0.01131762657314539,0.3146228217132092,-56.67319221529306
1047,0,normal,0.011384692043066025,0.3146228217132092,-56.60674656783681
1048,0,normal,0.011437674053013325,0.3146228217132092,-56.547201654989976
1049,0,normal,0.01147826574742794,0.3146228217132092,-56.494266451679096
1050,0,normal,0.011508423835039139,0.31459339141874065,-56.44765127338064
1051,0,normal,0.011530010029673576,0.31459339141874065,-56.40693021187485
1052,0,normal,0.011544644832611084,0.3146290901132365,-56.37170157785431
1053,0,normal,0.011554351076483727,0.31480842918019186,-56.33085243235814
1054,0,normal,0.011559469625353813,0.31480842918019186,-56.29488905956691
1055,0,normal,0.011561157181859016,0.31480842918019186,-56.263544734598554
1056,0,normal,0.011560346931219101,0.31480842918019186,-56.23648817616868
1057,0,normal,0.010291371494531631,0.31480842918019186,-56.132261551686724
1058,0,normal,0.010192904621362686,0.31480842918019186,-56.03354642153977
1059,0,normal,0.010192422196269035,0.31480842918019186,-55.940132165760815
1060,0,normal,0.010252044536173344,0.3148871768694323,-55.851524643764606
1061,0,normal,0.010348926298320293,0.31508415830996894,-55.76572757014674
1062,0,normal,0.010459784418344498,0.31508415830996894,-55.68400027864254
1063,0,normal,0.010570252314209938,0.31508415830996894,-55.606162223845104
1064,0,normal,0.010672545991837978,0.31508415830996894,-55.53197349501261
1065,0,normal,0.010763140395283699,0.31508415830996894,-55.461113479937694
1066,0,normal,0.01084109116345644,0.31508415830996894,-55.393329222891
1067,0,normal,0.010906877927482128,0.31508415830996894,-55.328280720326575
1068,0,normal,0.010963221080601215,0.31508415830996894,-55.273506444272925
1069,0,normal,0.011009241454303265,0.31508415830996894,-55.22148835518874
1070,0,normal,0.011046379804611206,0.31508415830996894,-55.172265609084434
1071,0,normal,0.011076019145548344,0.31508415830996894,-55.125878052100234
1072,0,normal,0.011099353432655334,0.31508415830996894,-55.082263874966884
1073,0,normal,0.01111740991473198,0.31508415830996894,-55.04150435731185
1074,0,normal,0.011131045408546925,0.3156859484607063,-55.00358985288335
1075,0,normal,0.01114096399396658,0.3156859484607063,-54.968437207831585
1076,0,normal,7.264516353607178,0.3338319786688425,-24.24874716773502
1077,0,normal,0.04185480624437332,0.3447955973678861,-24.23799515092219
1078,0,normal,1.8266010284423828,0.36169827942367483,-12.207998495482116
1079,0,normal,1.1452751159667969,0.39326072940458917,12.702892898099662
1080,0,normal,0.0921998843550682,0.37807186882704624,13.807680292944724
1081,0,normal,10.381596565246582,0.4097011449331242,60.58937889692129
1082,0,normal,0.2641524374485016,0.4135564693164508,61.7457139336891
1083,0,normal,9.523632049560547,0.43737651919101733,106.54136568905051
1084,0,normal,0.2648402154445648,0.44996385596481775,107.5103372292881
1085,0,normal,0.4739338159561157,0.4550368219816275,108.61027827830117
1086,0,normal,0.9942891001701355,0.45057084200499947,109.62513012394538
1087,0,normal,1.5071030855178833,0.4843046076012196,132.95251923020567
1088,0,normal,0.2941664755344391,0.4710642907003423,133.21304186350199
1089,0,normal,1.6494832038879395,0.4946175093729899,145.18229883258437
1090,0,normal,0.11347483098506927,0.4875404073027129,145.0791985469075
1091,0,normal,0.061786726117134094,0.4618134644650398,144.8599433525244
1092,0,normal,0.03267453610897064,0.49629476009324186,144.2837429238624
1093,0,normal,0.019635185599327087,0.4640741236101508,144.0948759145931
1094,0,normal,0.011389282532036304,0.48685771895622654,144.02356957494658
1095,0,normal,0.006660915911197662,0.46730500906015743,143.90091461704503
1096,0,normal,0.004290422424674034,0.4750432937837978,143.85619934041995
1097,0,normal,0.003392398590222001,0.4699342543396568,143.68171413420112
1098,0,normal,0.003510578302666545,0.4781333262175983,143.60933601930935
1099,0,normal,0.003114954335615039,0.4711632106695084,143.68847623290856
1100,0,normal,0.0034343856386840343,0.4683033680039803,144.05804128078
1101,0,normal,0.004109818954020739,0.4877544655419728,144.58341780766182
1102,0,normal,0.004905126057565212,0.4677064294436511,145.17182213719582
1103,0,normal,0.0056760674342513084,0.4926677745672789,145.66710021022686
1104,0,normal,0.006349910981953144,0.4669395789338989,146.23010453685163
1105,0,normal,0.004882520064711571,0.4682139078724378,146.94926882976927
1106,0,normal,0.005614919122308493,0.45538519798951715,122.2528700429142
1107,0,normal,0.00633484311401844,0.4493731328917894,123.48531265068527
1108,0,normal,0.007028450723737478,0.42708520931201666,112.75537763393004
1109,0,normal,0.007633151486515999,0.4182729242348366,88.20178351648974
1110,0,normal,0.00826339889317751,0.39264267905253464,87.15904518834714
1111,0,normal,0.008069805800914764,0.3899579392483925,41.054827912985274
1112,0,normal,0.00852910801768303,0.3781479924064295,39.6265709622478
1113,0,normal,0.009066803380846977,0.35698660312091146,-8.634280605018148
1114,0,normal,0.009646568447351456,0.3464566917340061,-10.131478550929842
1115,0,normal,0.01017667818814516,0.3547597282019629,-11.662956129576514
1116,0,normal,0.010585314594209194,0.3512766709721872,-13.351535094364408
1117,0,normal,0.012177963741123676,0.328815854686151,-42.267699419905966
1118,0,normal,0.007415854372084141,0.32453206018743475,-43.10560227211158
1119,0,normal,0.010942955501377583,0.31401657287507245,-57.9165442938106
1120,0,normal,0.010959402658045292,0.31401657287507245,-57.83934308244284
1121,0,normal,0.011084589175879955,0.31401657287507245,-57.77155233293047
1122,0,normal,0.011275838129222393,0.313815234679804,-57.75048853437124
1123,0,normal,0.011476387269794941,0.31379886431692794,-57.73861478785898
1124,0,normal,0.01166045293211937,0.31364114498717355,-57.735658209589474
1125,0,normal,0.011816461570560932,0.31364114498717355,-57.74132741643507
1126,0,normal,0.011451070196926594,0.313627064351944,-57.69303890933725
1127,0,normal,0.01123830396682024,0.313627064351944,-57.65455188194005
1128,0,normal,0.011179874651134014,0.313627064351944,-57.588393201055624
1129,0,normal,0.011221553198993206,0.313627064351944,-57.53165882178064
1130,0,normal,0.01132307481020689,0.313627064351944,-57.48417608259729
1131,0,normal,0.011444922536611557,0.3136860832613061,-57.445462021317326
1132,0,normal,0.01156402938067913,0.3136860832613061,-57.41522934069417
1133,0,normal,0.011668763123452663,0.31366571250611686,-57.39298334213936
1134,0,normal,0.011114963330328465,0.31366571250611686,-57.30664506506332
1135,0,normal,0.01088380441069603,0.31366571250611686,-57.200932821238894
1136,0,normal,0.01081435102969408,0.3159222318553094,-57.10427740885166
1137,0,normal,0.010840083472430706,0.3159222318553094,-57.016454894641356
1138,0,normal,0.010923023335635662,0.3144499817348358,-56.93716864314183
1139,0,normal,0.011027923785150051,0.31468565980713864,-56.86594210415842
1140,0,normal,0.011133869178593159,0.3149761745951143,-56.802351022584844
1141,0,normal,0.01122822891920805,0.3146228217132092,-56.726335255194954
1142,0,normal,0.011309359222650528,0.3146228217132092,-56.65736359559287
1143,0,normal,0.011376049369573593,0.3146228217132092,-56.59527655542843
1144,0,normal,0.011429015547037125,0.3146228217132092,-56.539679603025206
1145,0,normal,0.011469844728708267,0.31459339141874065,-56.490316981823526
1146,0,normal,0.011500360444188118,0.31459339141874065,-56.44680866644785
1147,0,normal,0.0115223228931427,0.3146290901132365,-56.408752307206896
1148,0,normal,0.01032350305467844,0.3146290901132365,-56.28405552465847
1149,0,normal,0.010216403752565384,0.31480842918019186,-56.166213817030666
1150,0,normal,0.01021510548889637,0.31480842918019186,-56.05527913263472
1151,0,normal,0.010276495479047298,0.31480842918019186,-55.951037943632855
1152,0,normal,0.010375156067311764,0.31480842918019186,-55.85312464028016
1153,0,normal,0.010486913844943047,0.31480842918019186,-55.76107964352104
1154,0,normal,0.010597209446132183,0.31480842918019186,-55.67450467512208
1155,0,normal,0.010698262602090836,0.3148871768694323,-55.59304729510495
1156,0,normal,0.01078774407505989,0.3148871768694323,-55.514729131186414
1157,0,normal,0.010863501578569412,0.31508415830996894,-55.44099300692483
1158,0,normal,0.010926245711743832,0.31508415830996894,-55.37159589045882
1159,0,normal,0.010977417230606079,0.31508415830996894,-55.30640688677431
1160,0,normal,0.011018723249435425,0.31508415830996894,-55.24517996017107
1161,0,normal,0.011051843874156475,0.31508415830996894,-55.18763847996797
1162,0,normal,0.011078298091888428,0.31508415830996894,-55.13347220053561
1163,0,normal,0.011099353432655334,0.31508415830996894,-55.082263874966884
1164,0,normal,0.01111740991473198,0.31508415830996894,-55.04150435731185
1165,0,normal,0.011131045408546925,0.3156859484607063,-55.00358985288335
1166,0,normal,0.01114096399396658,0.3156859484607063,-54.968437207831585
1167,0,normal,0.011147750541567802,0.3156859484607063,-54.93598377694775
1168,0,normal,0.011151920072734356,0.3156859484607063,-54.90610984476598
1169,0,normal,0.011153928004205227,0.3156859484607063,-54.87872521956501
1170,0,normal,0.011154212057590485,0.3156859484607063,-54.8536441918086
1171,0,normal,0.011153224855661392,0.3156859484607063,-54.830610844120656
1172,0,normal,0.011151350103318691,0.3156859484607063,-54.80936574599582
1173,0,normal,7.26436185836792,0.3338319786688425,-24.106247731053145
1174,0,normal,0.04197826236486435,0.3447955973678861,-24.106548643923816
1175,0,normal,1.3228743076324463,0.3468144558550999,-22.874981648122684
1176,0,normal,1.333676815032959,0.3693427246182828,0.9379685748137945
1177,0,normal,0.1185368150472641,0.3633975564406667,2.1223435379201874
1178,0,normal,10.26521110534668,0.40319770196004256,49.4436088702912
1179,0,normal,0.27257204055786133,0.39993188398949486,50.62156137911393
1180,0,normal,0.2440122812986374,0.4037248397931833,51.833112862159396
1181,0,normal,0.24652539193630219,0.4047506113009597,52.85426949848534
1182,0,normal,4.7994279861450195,0.4477132233638309,77.51446084336567
1183,0,normal,0.19821223616600037,0.44780300869933365,78.58189332535699
1184,0,normal,0.7577027082443237,0.43413366295608957,78.37324702067303
1185,0,normal,1.6874806880950928,0.4466815324903495,91.08697013317897
1186,0,normal,0.12981297075748444,0.4523812673211811,90.97603016803282
1187,0,normal,0.0448932982981205,0.4579525076152799,90.735084022622
1188,0,normal,0.029162727296352386,0.44370073541996935,90.10588466829472
1189,0,normal,0.01729240082204342,0.4544661004381844,89.94212402440621
1190,0,normal,0.009584026411175728,0.41385266964040757,89.75318826476155
1191,0,normal,0.005199503619223833,0.4467372716859498,89.65923766946798
1192,0,normal,0.00322342268191278,0.4547463409617143,89.59706134409453
1193,0,normal,0.002786196768283844,0.4454908978437609,89.52122934635804
1194,0,normal,0.0031992988660931587,0.42650780755128603,89.35732431765837
1195,0,normal,0.0033281268551945686,0.445082033048685,89.30693687604298
1196,0,normal,0.0038053682073950768,0.44841448038510207,89.2677052502213
1197,0,normal,0.0046477955766022205,0.4303495184686617,89.54030193851122
1198,0,normal,0.005623480770736933,0.44936427578130633,90.00397305081083
1199,0,normal,0.006581339985132217,0.4262851949129888,90.4988728878543
1200,0,normal,0.007432800251990557,0.4419842704013308,90.9001588258352
1201,0,normal,0.008141732774674892,0.44749155821160397,91.25073134604145
1202,0,normal,0.0068713342770934105,0.4238621221039825,91.87653845242653
1203,0,normal,0.007559141144156456,0.41962099929456725,65.65873067795769
1204,0,normal,0.008175406605005264,0.41908547675921937,67.00499744574086
1205,0,normal,0.008769742213189602,0.40067950232734467,65.98538867519005
1206,0,normal,0.009329334832727909,0.38252751798386014,42.02263810008185
1207,0,normal,0.009859517216682434,0.38711155162608196,40.56660960491877
1208,0,normal,0.010389440692961216,0.3571900481806862,-7.7435600703558976
1209,0,normal,0.010343443602323532,0.35337387773236734,-9.252215531824277
1210,0,normal,0.010432626120746136,0.3541277851894105,-10.652723946412607
1211,0,normal,0.010459143668413162,0.3517384872965243,-12.258806615860294
1212,0,normal,0.47663307189941406,0.32808784485169495,-40.917648797622405
1213,0,normal,0.08364155888557434,0.32716278489538175,-43.2129410552443
1214,0,normal,0.0433700755238533,0.3264828220854337,-43.05687212033786
1215,0,normal,0.011721508577466011,0.31364114498717355,-57.89064206852049
1216,0,normal,0.011846790090203285,0.31364114498717355,-57.833780378736265
1217,0,normal,0.011957640759646893,0.313627064351944,-57.812786931604705
1218,0,normal,0.011509876698255539,0.313627064351944,-57.73704297852055
1219,0,normal,0.011287405155599117,0.313627064351944,-57.67041058630048
1220,0,normal,0.011221188120543957,0.313627064351944,-57.61291095214074
1221,0,normal,1.469942569732666,0.31894126557226565,-51.48548433526071
1222,0,normal,5.687016010284424,0.3343429218511494,-26.75408012609182
1223,0,normal,0.07310333102941513,0.3356607709392258,-26.80206906170838
1224,0,normal,2.5777177810668945,0.3765084140732524,-0.5762084048876659
1225,0,normal,0.5042046904563904,0.3646456208025257,-1.7549115490778604
1226,0,normal,0.1512329876422882,0.36168909467366145,-0.42510323329656785
1227,0,normal,0.12125015258789062,0.3617424853630066,0.969202649337376
1228,0,normal,0.7934834957122803,0.36753115165321015,0.8417483420869303
1229,0,normal,0.13979989290237427,0.38885991543001935,2.286389824569369
1230,0,normal,0.10802805423736572,0.38613530665293677,3.6919979783363033
1231,0,normal,0.7586216926574707,0.3854142487110474,3.591477128653196
1232,0,normal,2.333465337753296,0.41086794137992727,19.082440205160538
1233,0,normal,2.549649477005005,0.40170702427365573,29.38318015377149
1234,0,normal,0.617020845413208,0.420668927145929,30.699913972728382
1235,0,normal,83.24508666992188,0.4419704608891291,321.22980557363655
1236,0,normal,0.17206642031669617,0.4239131841004043,321.17152525155655
1237,0,normal,0.10201797634363174,0.4288366557563947,320.96899859097107
1238,0,normal,0.05907169356942177,0.4229344791265565,320.53865414428105
1239,0,normal,0.03397081419825554,0.43385896953877745,320.49515789190093
1240,0,normal,0.020924437791109085,0.4323935907456368,320.5417345929368
1241,0,normal,0.013918212614953518,0.4080448645006344,320.577761068208
1242,0,normal,0.009965810924768448,0.4366184047279752,320.57998569944755
1243,0,normal,0.00774017721414566,0.44066271714204014,320.56876750816366
1244,0,normal,0.006559033412486315,0.4204128490100196,320.58791252056267
1245,0,normal,0.0052712345495820045,0.4341698988627404,320.74202410544933
1246,0,normal,0.004673851653933525,0.41276991074371155,321.0830860294519
1247,0,normal,0.004736023955047131,0.4221062670359602,321.39862523362615
1248,0,normal,0.005157215055078268,0.4341112364095511,321.6418651397488
1249,0,normal,0.005723895970731974,0.4262115376078586,321.8835522167923
1250,0,normal,0.006302702706307173,0.41608483726176165,322.19407626654095
1251,0,normal,0.004818968009203672,0.42655507183107566,318.4570066922129
1252,0,normal,0.005515396595001221,0.4041846097954689,302.0182876175953
1253,0,normal,0.00625397777184844,0.4021405919349343,302.6739959856096
1254,0,normal,0.006973879877477884,0.3756666792599202,282.3593628658565
1255,0,normal,0.007647634483873844,0.36703570532512947,283.1065577848975
1256,0,normal,0.007322689052671194,0.3829766145248993,281.93616984084326
1257,0,normal,0.007983322255313396,0.3566693491187397,280.6608258830462
1258,0,normal,0.008481128141283989,0.35717952952657755,281.1655705170517
1259,0,normal,0.009210050106048584,0.3528983657571245,279.93066262072375
1260,0,normal,0.009847316890954971,0.3516863664057331,278.6900641638673
1261,0,normal,0.0103150624781847,0.3576417958534937,279.2375768670754
1262,0,normal,0.01075307559221983,0.33826883085029436,266.4804897591624
1263,0,normal,0.011074485257267952,0.3351339501688579,258.10040989940467
1264,0,normal,0.01107354462146759,0.32802826863453455,256.4275647933441
1265,0,normal,0.010906817391514778,0.31270712015317415,-57.79245820824394
1266,0,normal,0.010948659852147102,0.31401657287507245,-57.75252398570137
1267,0,normal,0.011084937490522861,0.31401657287507245,-57.72255930469032
1268,0,normal,0.011272115632891655,0.31401657287507245,-57.70244182926149
1269,0,normal,0.011467594653367996,0.31379886431692794,-57.69180004646114
1270,0,normal,0.011647600680589676,0.31364114498717355,-57.69044194430012
1271,0,normal,0.011801392771303654,0.31364114498717355,-57.69796069998006
1272,0,normal,0.011926100589334965,0.313627064351944,-57.71404040504444
1273,0,normal,0.012023203074932098,0.313627064351944,-57.73824719342883
1274,0,normal,0.012096202932298183,0.313627064351944,-57.7699190901576
1275,0,normal,0.011548839509487152,0.313627064351944,-57.70930824279753
1276,0,normal,0.011328116059303284,0.3136860832613061,-57.65751216893386
1277,0,normal,0.011251702904701233,0.3136860832613061,-57.61438464535286
1278,0,normal,0.011269800364971161,0.3136860832613061,-57.579519253757326
1279,0,normal,0.011349281296133995,0.31366571250611686,-57.55230741556352
1280,0,normal,0.011453385464847088,0.31366571250611686,-57.532145081537465
1281,0,normal,0.011555161327123642,0.31366571250611686,-57.49013495196664
1282,0,normal,0.011649001389741898,0.31366571250611686,-57.454479451258294
1283,0,normal,0.011729159392416477,0.31366571250611686,-57.424801324041255
1284,0,normal,0.01179395243525505,0.31366571250611686,-57.40073485517132
1285,0,normal,0.011843932792544365,0.31366571250611686,-57.38185625657434
1286,0,normal,0.01187886018306017,0.3139552856885104,-57.34826938040237
1287,0,normal,0.01190398819744587,0.31431687443930284,-57.319450231693736
1288,0,normal,0.011921401135623455,0.3145524527486142,-57.29518231593761
1289,0,normal,0.011932920664548874,0.3145524527486142,-57.275258352608944
1290,0,normal,0.01194001268595457,0.3145524527486142,-57.259288873529385
1291,0,normal,0.011943789198994637,0.3145524527486142,-57.24704262430441
1292,0,normal,0.011945022270083427,0.3145524527486142,-57.238163085212136
1293,0,normal,0.011066058650612831,0.3145524527486142,-57.16069139698175
1294,0,normal,0.010863118804991245,0.3145524527486142,-57.07727234159347
1295,0,normal,0.010789039544761181,0.31678571594332655,-56.99867861920461
1296,0,normal,0.010798833332955837,0.3168216634133072,-56.9248664167701
1297,0,normal,0.010864632204174995,0.3153452217922486,-56.855699062818076
1298,0,normal,0.010956116020679474,0.3153452217922486,-56.79084077282391
1299,0,normal,0.01105405017733574,0.3153452217922486,-56.73010373474585
1300,0,normal,0.01114748790860176,0.3146290901132365,-56.673330527018834
1301,0,normal,0.011231004260480404,0.3146290901132365,-56.62018669876511
1302,0,normal,0.011302567087113857,0.3146290901132365,-56.57045482491026
1303,0,normal,0.011362124234437943,0.3146290901132365,-56.52380183216019
1304,0,normal,0.011410560458898544,0.31470779294174334,-56.47999250674661
1305,0,normal,0.011450343765318394,0.31470779294174334,-56.43735206164024
1306,0,normal,0.011481259018182755,0.31470779294174334,-56.39749585624213
1307,0,normal,0.01150474138557911,0.31470779294174334,-56.36046413620011
1308,0,normal,0.01152209471911192,0.3148871768694323,-56.3261957080947
1309,0,normal,0.011534417048096657,0.3148871768694323,-56.29477241101472
1310,0,normal,0.01154262199997902,0.3148871768694323,-56.26618503097029
1311,0,normal,0.011547472327947617,0.3148871768694323,-56.240351188718705
1312,0,normal,0.011549590155482292,0.3148871768694323,-56.217208750461396
1313,0,normal,0.011549534276127815,0.3148871768694323,-56.196638886873416
1314,0,normal,0.011547788046300411,0.3148871768694323,-56.17855204037801
1315,0,normal,0.01154482364654541,0.3148871768694323,-56.16276341250045
1316,0,normal,0.011541089974343777,0.31508415830996894,-56.14901810661513
1317,0,normal,0.011536967009305954,0.31508415830996894,-56.13705757561479
1318,0,normal,7.257669925689697,0.33334592114140493,-25.407508105861552
1319,0,normal,0.04078080132603645,0.3441383156753516,-25.337992220784372
1320,0,normal,1.3145503997802734,0.3395327945387566,-25.659557493053626
1321,0,normal,3.692244529724121,0.3301643646962732,-26.90435361732193
1322,0,normal,1.1323285102844238,0.36514032842981714,-1.787563062618574
1323,0,normal,0.12490304559469223,0.3594594288902726,-0.4196446816383741
1324,0,normal,0.1306949257850647,0.37852379617949106,0.8512525583962542
1325,0,normal,2.5868380069732666,0.3827268265040134,12.922979964979959
1326,0,normal,0.832134485244751,0.3785886534839067,12.68973380240027
1327,0,normal,0.17480166256427765,0.39379925298622825,14.014483279544947
1328,0,normal,0.17122775316238403,0.39263968946709016,15.3896615148808
1329,0,normal,6.533607482910156,0.43359431161746764,40.97240053618725
1330,0,normal,0.22007673978805542,0.414818775921709,42.13303583411812
1331,0,normal,0.7126801609992981,0.4321413704384913,41.92548888726833
1332,0,normal,1.7608823776245117,0.43291022886911673,55.0863485664438
1333,0,normal,0.10958530008792877,0.44187023539051073,54.926216128061924
1334,0,normal,0.044055771082639694,0.438164534566652,54.7178482392012
1335,0,normal,0.029499908909201622,0.43620617394170624,54.10902196005827
1336,0,normal,0.018016265705227852,0.4445892933890314,54.00966518158202
1337,0,normal,0.010227012448012829,0.4170667865535519,54.06225530239681
1338,0,normal,0.005607386585325003,0.4363782601389531,54.04159567542183
1339,0,normal,0.0033990752417594194,0.43080822036597355,53.98844256242637
1340,0,normal,0.002787575824186206,0.4295780934684672,53.867204296532236
1341,0,normal,0.0035681016743183136,0.42103978024328875,53.81796109012157
1342,0,normal,0.003441649256274104,0.4331936353672219,53.88760771178249
1343,0,normal,2.980637788772583,0.44223929726772654,64.65494659233264
1344,0,normal,0.02458500862121582,0.4281335741578963,64.99598325159104
1345,0,normal,0.02330685406923294,0.4473534585821485,65.32220332914017
1346,0,normal,0.04015123471617699,0.4323742777196682,65.44236452738778
1347,0,normal,0.054653119295835495,0.44416645078403455,65.7038847426852
1348,0,normal,0.0631469190120697,0.4113208031813966,38.38637669552304
1349,0,normal,0.06436369568109512,0.398620978326176,38.855457695108726
1350,0,normal,0.058030471205711365,0.41871329364165005,39.76746930228137
1351,0,normal,0.04721362143754959,0.4117617738156635,41.03818764433936
1352,0,normal,0.035460446029901505,0.3955998556149157,16.79684103296131
1353,0,normal,0.02478472888469696,0.38034165199000913,15.34546912316705
1354,0,normal,0.01666959747672081,0.3826341145901293,13.76467934632592
1355,0,normal,0.012486624531447887,0.3570221911674494,1.0466964584811649
1356,0,normal,0.011134359985589981,0.36407140223976403,1.8716551962297672
1357,0,normal,0.010410917922854424,0.36678619545013114,0.4555872175544664
1358,0,normal,0.01052019651979208,0.36511247921521084,-1.1533711886652327
1359,0,normal,0.15415096282958984,0.3389313839073524,-29.572504257685978
1360,0,normal,0.041927650570869446,0.338713713286089,-31.807286043745307
1361,0,normal,0.014050934463739395,0.33581528535828614,-31.644283107229512
1362,0,normal,0.01083694864064455,0.3181860017506857,-46.232859330590145
1363,0,normal,0.010942920111119747,0.3201993709840873,-46.14143087843627
1364,0,normal,0.01110001653432846,0.31988008592307615,-46.026307700319876
1365,0,normal,0.011266171000897884,0.32462126687265497,-45.930209734401615
1366,0,normal,0.01141895167529583,0.32095387002106596,-45.85433768234839
1367,0,normal,0.011548962444067001,0.32161043153282504,-45.78519977145561
1368,0,normal,0.011654417030513287,0.31947468749872426,-45.719778191680916
1369,0,normal,0.011737470515072346,0.31959658693782894,-45.64504528643192
1370,0,normal,0.01180187426507473,0.3189911426803665,-45.58768177756315
1371,0,normal,0.011849995702505112,0.3202050934260876,-45.53062054687666
1372,0,normal,0.011043806560337543,0.32451717081071774,-45.39656761992296
1373,0,normal,0.010857950896024704,0.3139008027740923,-57.101625144907985
1374,0,normal,0.010802068747580051,0.3164508883427048,-57.0285800139352
1375,0,normal,0.010827056132256985,0.31681535133033073,-56.96282108216451
1376,0,normal,0.010901343077421188,0.31533893912462824,-56.88437808201434
1377,0,normal,0.010998125188052654,0.31533893912462824,-56.812564504183456
1378,0,normal,0.011098310351371765,0.31533893912462824,-56.74703966490324
1379,0,normal,0.011191417463123798,0.31459339141874065,-56.687519890116846
1380,0,normal,0.01127251610159874,0.31459339141874065,-56.63353531265784
1381,0,normal,0.01134004071354866,0.3146290901132365,-56.58474128258308
1382,0,normal,0.011394589208066463,0.3146290901132365,-56.53010780596287
1383,0,normal,0.011437437497079372,0.3146290901132365,-56.48017379525163
1384,0,normal,0.011470380239188671,0.3146290901132365,-56.43476719559317
1385,0,normal,0.011495227925479412,0.3146290901132365,-56.3936786043389
1386,0,normal,0.011513639241456985,0.3146290901132365,-56.35661814199034
1387,0,normal,0.01152699813246727,0.31480842918019186,-56.32320985219758
1388,0,normal,0.011536391451954842,0.31480842918019186,-56.29318669267445
1389,0,normal,0.01154262199997902,0.3148871768694323,-56.26618503097029
1390,0,normal,0.011547472327947617,0.3148871768694323,-56.240351188718705
1391,0,normal,0.011549590155482292,0.3148871768694323,-56.217208750461396
1392,0,normal,0.011549534276127815,0.3148871768694323,-56.196638886873416
1393,0,normal,0.011547788046300411,0.3148871768694323,-56.17855204037801
1394,0,normal,0.01154482364654541,0.3148871768694323,-56.16276341250045
1395,0,normal,0.011541089974343777,0.31508415830996894,-56.14901810661513
1396,0,normal,0.011536967009305954,0.31508415830996894,-56.13705757561479
1397,0,normal,0.011532820761203766,0.31508415830996894,-56.12663180776349
1398,0,normal,0.011528940871357918,0.31508415830996894,-56.11740940591494
1399,0,normal,0.011525537818670273,0.31508415830996894,-56.10907439990001
1400,0,normal,0.011522750370204449,0.31508415830996894,-56.10127642577709
1401,0,normal,0.010296907275915146,0.31508415830996894,-56.01261091648098
1402,0,normal,0.010187261737883091,0.31508415830996894,-55.93360654990147
1403,0,normal,0.010179572738707066,0.31508415830996894,-55.85687452761863
1404,0,normal,0.010236074216663837,0.31508415830996894,-55.78246003551226
1405,0,normal,0.010332648642361164,0.31508415830996894,-55.710410319065204
1406,0,normal,0.01044512540102005,0.31508415830996894,-55.64064299347547
1407,0,normal,0.010558408685028553,0.31508415830996894,-55.573227636932415
1408,0,normal,0.010664036497473717,0.31508415830996894,-55.5082557843989
1409,0,normal,0.010757938027381897,0.31508415830996894,-55.445722766562994
1410,0,normal,0.010838800109922886,0.31508415830996894,-55.38572587688054
1411,0,normal,0.010906877927482128,0.31508415830996894,-55.328280720326575
1412,0,normal,0.010963221080601215,0.31508415830996894,-55.273506444272925
1413,0,normal,0.011009241454303265,0.31508415830996894,-55.22148835518874
1414,0,normal,0.011046379804611206,0.31508415830996894,-55.172265609084434
1415,0,normal,7.264461994171143,0.3331955968541192,-24.433508475285635
1416,0,normal,0.041664086282253265,0.3441383156753516,-24.409397725286226
1417,0,normal,1.3184723854064941,0.3392266349986856,-24.697391170898527
1418,0,normal,0.8591195344924927,0.368116329362191,0.7232251981836271
1419,0,normal,0.10602717101573944,0.36380098190866667,1.873895651064231
1420,0,normal,0.11309174448251724,0.37959521124078643,3.2034290801011593
1421,0,normal,0.11256143450737,0.37376423601076797,4.5276982899799805
1422,0,normal,0.10047277808189392,0.38105862319090955,5.86892249725156
1423,0,normal,115.72774505615234,0.40464714386559647,398.4416770278294
1424,0,normal,10.296445846557617,0.43852215183324966,429.4042006466743
1425,0,normal,4.340758800506592,0.4875403243030634,445.457292919097
1426,0,normal,0.26423588395118713,0.441081005849899,445.4666549936344
1427,0,normal,0.4084271192550659,0.46688485664286145,445.58309674274415
1428,0,normal,1.715976595878601,0.49085049426259575,453.85409418912275
1429,0,normal,0.11957500874996185,0.4815276728668871,453.7568959648935
1430,0,normal,0.05927935615181923,0.48035530651417935,453.59449049392185
1431,0,normal,0.04389658570289612,0.485964475076785,453.5471142122816
1432,0,normal,0.02844448946416378,0.46603254254082455,453.8369611792632
1433,0,normal,0.017282618209719658,0.46190072223519346,453.8323980902768
1434,0,normal,0.010311071760952473,0.4687037542126468,453.83859730745314
1435,0,normal,0.006565438583493233,0.46405332393716053,453.77571444374337
1436,0,normal,0.005000212695449591,0.450872849338095,453.6391051945475
1437,0,normal,0.004763619042932987,0.470925802430021,453.540364818366
1438,0,normal,0.005247863475233316,0.459192146638287,453.479424764776
1439,0,normal,0.006050951778888702,0.4642312245457418,453.5900417187315
1440,0,normal,0.005164060741662979,0.43249634664641134,453.879811226804
1441,0,normal,0.005981288850307465,0.46140512654888743,454.13876564567227
1442,0,normal,0.006891090888530016,0.45137225537742154,454.3879658751065
1443,0,normal,0.007783347740769386,0.4719482360134714,454.5899910013869
1444,0,normal,0.00858396664261818,0.47606875260108883,455.0011341904558
1445,0,normal,1.5149073600769043,0.4438556187516144,441.1146259930898
1446,0,normal,0.014120989479124546,0.46912755471465206,441.89516293164695
1447,0,normal,0.012518364936113358,0.4292593723644713,442.8540180498567
1448,0,normal,0.012880047783255577,0.42058118257415616,426.08421967404865
1449,0,normal,0.014828049577772617,0.40711760884693926,425.23584288008715
1450,0,normal,0.016505379229784012,0.390500654529936,424.3387452102121
1451,0,normal,0.017337767407298088,0.39148094523293714,423.44043444184774
1452,0,normal,0.017422646284103394,0.3920943431180997,422.5546995927973
1453,0,normal,0.017114603891968727,0.37250567529532885,41.25694613168139
1454,0,normal,0.013860877603292465,0.36532651748196904,-7.112087465596687
1455,0,normal,2.170930862426758,0.3309298289139675,-35.64910565137325
1456,0,normal,0.38697636127471924,0.3342692746152344,-36.43770129143991
1457,0,normal,0.09928002953529358,0.3296116453097902,-37.29593601558486
1458,0,normal,0.01290022674947977,0.31676623398171616,-52.04849977658364
1459,0,normal,0.012690463103353977,0.32151831634721345,-51.98688912504326
1460,0,normal,5.472991943359375,0.32759658114952106,-29.00388772455767
1461,0,normal,2.1590077877044678,0.3444235491044805,-20.66818551343954
1462,0,normal,1.08555006980896,0.34833457066857054,-19.328961478639712
1463,0,normal,1.4594146013259888,0.3777580198993436,4.618171171568065
1464,0,normal,0.12333141267299652,0.36784063186556604,5.584216946722108
1465,0,normal,0.12518471479415894,0.3753483903048489,6.8597647264798525
1466,0,normal,10.184357643127441,0.395982134041046,54.148722368170866
1467,0,normal,0.7965208292007446,0.41163943654481017,54.01633176878022
1468,0,normal,9.877351760864258,0.4352549815959063,99.29357149112684
1469,0,normal,0.7260717749595642,0.42184176792164263,98.94894164235825
1470,0,normal,4.103249549865723,0.4758987865470255,122.67536493642365
1471,0,normal,0.4283304214477539,0.4422895700165401,122.306899191978
1472,0,normal,0.4149974584579468,0.4615312710744976,122.77025676423216
1473,0,normal,1.720705509185791,0.4634103861559126,135.0394224046911
1474,0,normal,0.08657477796077728,0.47059039854584583,135.0454861849355
1475,0,normal,0.03562860190868378,0.4600136959907293,129.98178275773705
1476,0,normal,0.023786747828125954,0.4526085807600376,129.50147625969635
1477,0,normal,0.014118368737399578,0.4760284878051593,129.43465392163023
1478,0,normal,0.007946864701807499,0.42542964683355616,129.35911645688861
1479,0,normal,0.004589965101331472,0.4465010900338936,129.3930333420676
1480,0,normal,0.003133724443614483,0.45146636481534796,129.32110645706894
1481,0,normal,0.0027906105387955904,0.4452552768576913,129.30967506880086
1482,0,normal,0.003282946301624179,0.4535991582011734,129.27026374539287
1483,0,normal,0.0030418885871767998,0.4486541841131355,129.3585717197319
1484,0,normal,0.0033703234512358904,0.44794725604191277,129.60757486798786
1485,0,normal,0.003994151949882507,0.4234125240127867,130.1564665153095
1486,0,normal,0.004739399533718824,0.48718450749037084,130.66996996716762
1487,0,normal,0.005483700893819332,0.42775589391681823,131.25637090231442
1488,0,normal,0.006154696922749281,0.4763930837542752,131.7075824290432
1489,0,normal,0.004923058208078146,0.4479510980134837,132.44137835966114
1490,0,normal,0.005633137188851833,0.4323812753809601,113.93313556282806
1491,0,normal,0.006331855431199074,0.4280458260412866,107.33284153971704
1492,0,normal,0.007025867700576782,0.41732116853681467,106.40683195593442
1493,0,normal,0.0077108643017709255,0.3971435549549144,83.5631399603858
1494,0,normal,0.0076736873015761375,0.39501580685011356,82.12194729107523
1495,0,normal,0.00814091321080923,0.38828771960533565,80.58634578794818
1496,0,normal,0.008767609484493732,0.370481929095722,33.81500393709575
1497,0,normal,0.009244824759662151,0.36051216058347624,34.52223851245503
1498,0,normal,0.009769786149263382,0.3495914496820168,-14.167557138281154
1499,0,normal,0.010188004933297634,0.3493717805748683,-13.509115113087546
1500,0,normal,0.013098630122840405,0.3240926216061012,-42.31672545972151
1501,0,normal,0.009068560786545277,0.3287181251226184,-42.08899127500831
1502,0,normal,0.007880217395722866,0.32453206018743475,-42.957719105573915
1503,0,normal,0.01088792085647583,0.31401657287507245,-57.770839695387394
1504,0,normal,0.01103789359331131,0.31401657287507245,-57.73544388192295
1505,0,normal,0.011239837855100632,0.31401657287507245,-57.70981659530503
1506,0,normal,0.01144793163985014,0.31379886431692794,-57.69370312846627
1507,0,normal,0.011637280695140362,0.31364114498717355,-57.68689172875088
1508,0,normal,0.01179712824523449,0.31364114498717355,-57.68913142419865
1509,0,normal,0.011925159022212029,0.313627064351944,-57.69993508361449
1510,0,normal,0.012023529969155788,0.313627064351944,-57.719054170360096
1511,0,normal,0.011478230357170105,0.313627064351944,-57.683883350433234
1512,0,normal,0.011271174997091293,0.313627064351944,-57.620850315922326
1513,0,normal,0.011209456250071526,0.313627064351944,-57.56722115741536
1514,0,normal,0.011240702122449875,0.3136860832613061,-57.522720145395624
1515,0,normal,0.01133064366877079,0.3136860832613061,-57.48702227657827
1516,0,normal,0.011442665942013264,0.31366571250611686,-57.45949352404614
1517,0,normal,0.011554605327546597,0.31366571250611686,-57.4396910366022
1518,0,normal,0.01165472436696291,0.31366571250611686,-57.42709257219735
1519,0,normal,0.011135982349514961,0.31366571250611686,-57.32109818268668
1520,0,normal,0.010895393788814545,0.31366571250611686,-57.2235275659159
1521,0,normal,0.010818016715347767,0.3159222318553094,-57.13419494127743
1522,0,normal,0.010837805457413197,0.3159222318553094,-57.05283054465326
1523,0,normal,0.010916774161159992,0.31474027894707174,-56.979032520903274
1524,0,normal,0.011016848497092724,0.31533893912462824,-56.89267013031076
1525,0,normal,0.01112083438783884,0.31533893912462824,-56.81324285985647
1526,0,normal,0.011217165738344193,0.3146228217132092,-56.74053361713436
1527,0,normal,0.011300615034997463,0.3146228217132092,-56.674291460184804
1528,0,normal,0.011369681917130947,0.31459339141874065,-56.61429127147926
1529,0,normal,0.010399783961474895,0.31459339141874065,-56.47901608523239
1530,0,normal,0.010258720256388187,0.31459339141874065,-56.35132802617386
1531,0,normal,0.010241387411952019,0.31459339141874065,-56.220563398882405
1532,0,normal,0.01029705535620451,0.3146290901132365,-56.097387086791514
1533,0,normal,0.010394947603344917,0.3146290901132365,-55.98170187207438
1534,0,normal,0.01050776056945324,0.31480842918019186,-55.87310957726754
1535,0,normal,0.010619418695569038,0.31480842918019186,-55.771503710359866
1536,0,normal,0.010721520520746708,0.31480842918019186,-55.676717154409516
1537,0,normal,0.010810463689267635,0.31480842918019186,-55.58833244086509
1538,0,normal,0.010885443538427353,0.31480842918019186,-55.50606981424335
1539,0,normal,0.010947161354124546,0.31480842918019186,-55.42947705818415
1540,0,normal,0.01099699828773737,0.3148871768694323,-55.3582295567835
1541,0,normal,0.011037931777536869,0.3148871768694323,-55.29043440379132
1542,0,normal,0.011069727130234241,0.31508415830996894,-55.22748048221615
1543,0,normal,0.011094053275883198,0.31508415830996894,-55.169149071220545
1544,0,normal,0.011112397536635399,0.31508415830996894,-55.115128313901096
1545,0,normal,0.011126016266644001,0.31508415830996894,-55.06516833034971
1546,0,normal,0.011135944165289402,0.3156859484607063,-55.01894378739644
1547,0,normal,0.011142984963953495,0.3156859484607063,-54.97602158537575
1548,0,normal,0.009631388820707798,0.3156859484607063,-54.84529039823042
1549,0,normal,0.009610950946807861,0.3156859484607063,-54.726786717880714
1550,0,normal,0.009663984179496765,0.3156859484607063,-54.61306413287866
1551,0,normal,0.00975923053920269,0.3156859484607063,-54.50398155521725
1552,0,normal,0.009876229800283909,0.3156859484607063,-54.399329790840284
1553,0,normal,0.009997276589274406,0.3156859484607063,-54.29876613270494
1554,0,normal,0.010112193413078785,0.3156859484607063,-54.20210873703559
1555,0,normal,0.010215960443019867,0.3156859484607063,-54.10911643137342
1556,0,normal,7.270723342895508,0.3338319786688425,-23.35638275060819
1557,0,normal,0.04220890253782272,0.345445073725161,-23.290335056850836
1558,0,normal,1.317147135734558,0.34068926381670267,-23.624554215587978
1559,0,normal,0.8642942309379578,0.3683645372233702,1.7092195785426156
1560,0,normal,0.11074984818696976,0.36534484790959937,2.8775803664186697
1561,0,normal,0.1132468655705452,0.3823860397916464,4.148354890066457
1562,0,normal,0.11208581924438477,0.3749983417266411,5.41581899693324
1563,0,normal,0.9930253624916077,0.37422820404602003,5.298394975745168
1564,0,normal,0.08736008405685425,0.3787298695468012,6.661478963550053
1565,0,normal,0.10235204547643661,0.39382196944229814,7.906717400080652
1566,0,normal,0.24793198704719543,0.40002202528396985,9.227041360655221
1567,0,normal,1.5336655378341675,0.3832742718668008,8.99442816647229
1568,0,normal,1.5105098485946655,0.41954915639647355,34.64742985082307
1569,0,normal,0.5198702812194824,0.42703468623170915,34.266040360176476
1570,0,normal,1.756862998008728,0.4333298983854215,47.37953251540034
1571,0,normal,0.09280724078416824,0.43501609854360057,47.15745064506268
1572,0,normal,0.04811064898967743,0.4269792697321818,46.83573636592246
1573,0,normal,0.03199810907244682,0.429910232289603,46.113407104643784
1574,0,normal,0.019561875611543655,0.4310137155913502,45.96577471229443
1575,0,normal,0.011566604487597942,0.4436671982142333,45.92985648035187
1576,0,normal,0.006982073187828064,0.42075361129525835,45.83046078424354
1577,0,normal,0.004757272079586983,0.4258715819375653,45.68146013818364
1578,0,normal,0.004024705849587917,0.42714941762459563,45.56366316859135
1579,0,normal,0.004147039260715246,0.4203332634836746,45.4297799310973
1580,0,normal,0.004695381037890911,0.42054216691155366,45.587391140123145
1581,0,normal,0.0037097400054335594,0.42708727329468477,46.0074140295028
1582,0,normal,0.004376216791570187,0.42102801229730047,46.38106723825081
1583,0,normal,0.005278399214148521,0.43515610731790366,46.68251265922913
1584,0,normal,0.006231983657926321,0.4321540097574364,46.93451971656759
1585,0,normal,0.007114646956324577,0.414648235785155,47.38509593176991
1586,0,normal,0.007847921922802925,0.4033680895500497,19.66116404049035
1587,0,normal,0.006589588243514299,0.4118244260458212,20.483398582591462
1588,0,normal,0.007304738741368055,0.4034819162272181,21.477537663334033
1589,0,normal,0.007850093767046928,0.3724293263833707,-5.667404210391396
1590,0,normal,0.008590689860284328,0.38239578828314846,-6.999517392610414
1591,0,normal,0.00925519410520792,0.3545922686960007,-8.526576985319025
1592,0,normal,0.00986534170806408,0.3619927600107904,-10.320228762984016
1593,0,normal,0.010283316485583782,0.3610030676210379,-9.720272177853076
1594,0,normal,0.010779907926917076,0.3546299591449131,-11.394909460520012
1595,0,normal,0.010829440318048,0.3403494537018507,-13.094375791868742
1596,0,normal,0.010849479585886002,0.349029176305272,-14.836870059794137
1597,0,normal,0.010920340195298195,0.34679841741555695,-14.209760062723717
1598,0,normal,0.04912645369768143,0.32716278489538175,-43.19939534323112
1599,0,normal,0.029401997104287148,0.325682077782412,-43.05728004873686
1600,0,normal,0.01156115997582674,0.31379886431692794,-57.8858877933892
1601,0,normal,0.011713764630258083,0.31364114498717355,-57.85262879942616
1602,0,normal,0.011845911853015423,0.31364114498717355,-57.82696124256904
1603,0,normal,0.01195388101041317,0.313627064351944,-57.80878455270181
1604,0,normal,0.012038587592542171,0.313627064351944,-57.79793844969481
1605,0,normal,0.012103062123060226,0.313627064351944,-57.794105712592
1606,0,normal,0.011570855043828487,0.313627064351944,-57.735017487934556
1607,0,normal,0.011344474740326405,0.3136860832613061,-57.68441771109724
1608,0,normal,0.011264140717685223,0.3136860832613061,-57.64217509002765
1609,0,normal,0.011279243044555187,0.3136860832613061,-57.60784944768807
1610,0,normal,0.011356226168572903,0.31366571250611686,-57.580826422065456
1611,0,normal,0.011453385464847088,0.31366571250611686,-57.532145081537465
1612,0,normal,0.011555161327123642,0.31366571250611686,-57.49013495196664
1613,0,normal,0.011649001389741898,0.31366571250611686,-57.454479451258294
1614,0,normal,0.011729159392416477,0.31366571250611686,-57.424801324041255
1615,0,normal,0.01179395243525505,0.31366571250611686,-57.40073485517132
1616,0,normal,0.011117479763925076,0.31366571250611686,-57.31031015052099
1617,0,normal,0.010893904604017735,0.3139552856885104,-57.20721284414162
1618,0,normal,0.010819070972502232,0.3165780782644934,-57.11114608893581
1619,0,normal,0.010835420340299606,0.31681535133033073,-57.02193835628145
1620,0,normal,0.01090940460562706,0.31533893912462824,-56.939429410848106
1621,0,normal,0.011007784865796566,0.31533893912462824,-56.86314766136343
1622,0,normal,0.011110176332294941,0.3153094418434542,-56.79293153582853
1623,0,normal,0.011205362156033516,0.31459339141874065,-56.72851605093001
1624,0,normal,0.0112879928201437,0.31459339141874065,-56.66946203531188
1625,0,normal,0.011356201022863388,0.31459339141874065,-56.60495181959118
1626,0,normal,0.011410713195800781,0.31459339141874065,-56.545548700490144
1627,0,normal,0.010368367657065392,0.3146290901132365,-56.410188077410794
1628,0,normal,0.010237752459943295,0.3146290901132365,-56.28191900944944
1629,0,normal,0.010226123966276646,0.3146290901132365,-56.160754755994276
1630,0,normal,0.010283763520419598,0.3146290901132365,-56.046522620799806
1631,0,normal,0.010382180102169514,0.31480842918019186,-55.93895911747882
1632,0,normal,0.010495293885469437,0.31480842918019186,-55.83773309348862
1633,0,normal,0.0106075219810009,0.31480842918019186,-55.74258991411148
1634,0,normal,0.01071055419743061,0.31480842918019186,-55.653189620912144
1635,0,normal,0.01080065593123436,0.3148871768694323,-55.56911089890832
1636,0,normal,0.010877967812120914,0.3148871768694323,-55.48854786494621
1637,0,normal,0.010941513814032078,0.3148871768694323,-55.41302251059892
1638,0,normal,0.010992689058184624,0.3148871768694323,-55.34246897300295
1639,0,normal,0.01103324443101883,0.31508415830996894,-55.276717507284275
1640,0,normal,0.011064959689974785,0.31508415830996894,-55.21554870192631
1641,0,normal,0.011089473962783813,0.31508415830996894,-55.15875236767192
1642,0,normal,0.011108247563242912,0.31508415830996894,-55.10593541477806
1643,0,normal,0.011122475378215313,0.31508415830996894,-55.05686347124242
1644,0,normal,0.011133136227726936,0.3156859484607063,-55.01117689401053
1645,0,normal,0.009636083617806435,0.3156859484607063,-54.87774070759224
1646,0,normal,0.009614030830562115,0.3156859484607063,-54.7566547514582
1647,0,normal,0.009666640311479568,0.3156859484607063,-54.640440407791175
1648,0,normal,0.00976195465773344,0.3156859484607063,-54.52905207496701
1649,0,normal,0.009879173710942268,0.3156859484607063,-54.422350703296615
1650,0,normal,0.010000400245189667,0.3156859484607063,-54.319997029229626
1651,0,normal,0.010115349665284157,0.3156859484607063,-54.221800683933225
1652,0,normal,0.010218975134193897,0.3156859484607063,-54.12760192227938
1653,0,normal,0.010309447534382343,0.3156859484607063,-54.03706302173623
1654,0,normal,7.27094030380249,0.33427830694752503,-23.288762781662626
1655,0,normal,0.04279632121324539,0.345445073725161,-23.313471282916225
1656,0,normal,2.785414218902588,0.37961892324740987,2.981808841508837
1657,0,normal,0.11924919486045837,0.36634199402338435,3.048020937905676
1658,0,normal,0.10380716621875763,0.3740945618760018,4.2859292398295565
1659,0,normal,0.10593348741531372,0.3708895356414695,5.594263100162152
1660,0,normal,0.0959848091006279,0.3809349581667517,6.85987218238256
1661,0,normal,0.08581952005624771,0.39241103192459753,8.157908632906128
1662,0,normal,0.12017995864152908,0.3956130562971318,9.491769975904617
1663,0,normal,0.3081130385398865,0.402882096774705,10.729246626017584
1664,0,normal,1.0625334978103638,0.4024635803644668,12.023032173431602
1665,0,normal,1.186668872833252,0.4345748499856522,37.54619942148224
1666,0,normal,0.3179882764816284,0.4266190649154092,37.76886154146746
1667,0,normal,1.6883362531661987,0.4474501558180367,50.78070506621066
1668,0,normal,0.12461038678884506,0.43529251219312354,50.61815834761842
1669,0,normal,0.06316239386796951,0.4328076500051105,50.256518264878196
1670,0,normal,0.04405201971530914,0.4486985145025917,49.55857341141518
1671,0,normal,0.02765476331114769,0.43343368804419297,49.378825396815955
1672,0,normal,0.016468442976474762,0.4538438227849536,49.27217981511808
1673,0,normal,0.00958489440381527,0.4258870550922892,49.22916999274048
1674,0,normal,0.005842018406838179,0.4393041841126321,49.12192955615137
1675,0,normal,0.004200011491775513,0.441907177488768,48.988812653786226
1676,0,normal,0.0038374634459614754,0.436317309073739,48.85245160266777
1677,0,normal,0.004172089975327253,0.42741603355881946,48.92383921533997
1678,0,normal,0.004824362229555845,0.442525118082582,49.24459096250507
1679,0,normal,0.003812662325799465,0.42375362963738333,49.651660386507274
1680,0,normal,0.004514944739639759,0.43763301985346775,49.94513286752408
1681,0,normal,0.005408842116594315,0.4406722006645921,50.299462880232795
1682,0,normal,0.006334997713565826,0.433463185992866,50.786336117454766
1683,0,normal,0.00718672014772892,0.4279892640157737,51.34035127120228
1684,0,normal,0.007894176989793777,0.4217276646223514,24.085136678169647
1685,0,normal,0.00848561804741621,0.409873920442324,25.16895541280155
1686,0,normal,0.006990504916757345,0.3866978050126285,-1.6979174895786855
1687,0,normal,0.00776806240901351,0.3872005667787882,-2.8011390147191833
1688,0,normal,0.008436892181634903,0.3681391135688861,-4.096910732586366
1689,0,normal,0.009053670801222324,0.36873586398158636,-5.597185078755274
1690,0,normal,0.00964060053229332,0.3625589976828763,-7.2231527174401435
1691,0,normal,0.010209533385932446,0.3572365687049724,-8.704082493082979
1692,0,normal,0.010745634324848652,0.34775015956115907,-10.238664229645565
1693,0,normal,0.01086510345339775,0.3561393930526306,-11.746259418642467
1694,0,normal,0.01075302716344595,0.35099522071259465,-13.410510642948793
1695,0,normal,0.04567006230354309,0.32988297653193865,-42.29555547490827
1696,0,normal,0.027194563299417496,0.325682077782412,-43.151037634132535
1697,0,normal,0.011395236477255821,0.313815234679804,-57.97034197872722
1698,0,normal,0.011551368050277233,0.31379886431692794,-57.89823308364407
1699,0,normal,0.011710131540894508,0.31364114498717355,-57.86218132469139
1700,0,normal,0.011846790090203285,0.31364114498717355,-57.833780378736265
1701,0,normal,0.011957640759646893,0.313627064351944,-57.812786931604705
1702,0,normal,0.01204385980963707,0.313627064351944,-57.79913202884154
1703,0,normal,0.012108789756894112,0.313627064351944,-57.79257042452082
1704,0,normal,0.011554569005966187,0.313627064351944,-57.730813392444134
1705,0,normal,7.268162250518799,0.3313923116715035,-26.91559807407816
1706,0,normal,0.038966353982686996,0.3423717589885998,-26.890721176235047
1707,0,normal,1.2746025323867798,0.33446585205004564,-27.18259958972203
1708,0,normal,0.8871074914932251,0.36762536953844255,-1.75782350277359
1709,0,normal,0.5981752872467041,0.35691889633686147,-2.0612282413021603
1710,0,normal,0.1385398507118225,0.3708966863956767,-0.6354640918964378
1711,0,normal,0.7689319849014282,0.36023582942418303,-0.8099573194526783
1712,0,normal,0.17231440544128418,0.3710432491596264,0.686231522385242
1713,0,normal,0.13380669057369232,0.38131450381873366,2.0925534932389382
1714,0,normal,0.10147654265165329,0.3917742507311561,3.477857292718909
1715,0,normal,0.19372175633907318,0.3932498677382372,4.841674630127272
1716,0,normal,0.7144061326980591,0.3764995325031602,6.201630411355836
1717,0,normal,1.4746434688568115,0.41352191126747273,31.98085125910825
1718,0,normal,0.2924635410308838,0.42139434688951255,32.30104827737432
1719,0,normal,1.6357656717300415,0.43395631001836554,45.49461973782127
1720,0,normal,0.09410404413938522,0.4298287577360181,45.42837594448224
1721,0,normal,0.0538281686604023,0.4215743598079354,45.21527168193188
1722,0,normal,0.02783624641597271,0.43383813269889254,44.639003591745904
1723,0,normal,0.016600916162133217,0.4337220700631388,44.63819804853347
1724,0,normal,0.009477300569415092,0.4329309378603432,44.75566373772017
1725,0,normal,0.00964030995965004,0.4163163715375196,44.81185125170259
1726,0,normal,0.005502650514245033,0.43246111785938546,44.82222963540835
1727,0,normal,0.0035343600902706385,0.42779371126236293,44.8620175634951
1728,0,normal,0.0029151395428925753,0.42190278048330115,44.87346572809133
1729,0,normal,0.003052054438740015,0.42049134179354425,45.143228220161745
1730,0,normal,0.002785691060125828,0.4243845528945965,45.64616327283352
1731,0,normal,0.0030043593142181635,0.4220028932072415,46.063477225416364
1732,0,normal,0.0036302623338997364,0.4244194352208036,46.3977350475227
1733,0,normal,0.004423445090651512,0.41576454554650716,46.67345381003952
1734,0,normal,0.0052274782210588455,0.42437169958731824,47.130497925182226
1735,0,normal,0.004188095685094595,0.40200863731709047,19.46519254663167
1736,0,normal,0.004959015175700188,0.4136520908586252,20.245446033893813
1737,0,normal,0.005769950803369284,0.40512012700133837,21.21186993195124
1738,0,normal,0.006551664788275957,0.3784422786516896,-5.982256254280401
1739,0,normal,0.007313176989555359,0.3835514261762623,-4.829605652673081
1740,0,normal,0.006999431177973747,0.3629998848832,-6.181341219147043
1741,0,normal,0.007548216264694929,0.3672501212590094,-5.268383266930869
1742,0,normal,0.008209815248847008,0.36419292613723314,-6.829858953504299
1743,0,normal,0.008902374655008316,0.35947173535214033,-8.258559704816207
1744,0,normal,0.009585456922650337,0.3473160425125366,-9.764595360444446
1745,0,normal,0.010162442922592163,0.3555800699994219,-11.29748625777438
1746,0,normal,0.010048894211649895,0.3514824914022267,-12.966967535631056
1747,0,normal,0.008412270806729794,0.32972201402506807,-41.83927957919377
1748,0,normal,0.008477275259792805,0.3246598869483243,-42.700121544967715
1749,0,normal,0.010803401470184326,0.31270712015317415,-57.54065653136922
1750,0,normal,0.011055458337068558,0.31270712015317415,-57.500260416744595
1751,0,normal,0.011305012740194798,0.3140001920092668,-57.470981605872794
1752,0,normal,0.011535199359059334,0.3138423714896348,-57.49856606884873
1753,0,normal,0.01172599196434021,0.3138423714896348,-57.536591612124084
1754,0,normal,0.011876825243234634,0.313627064351944,-57.58443695201504
1755,0,normal,0.011984704062342644,0.313627064351944,-57.59565800794735
1756,0,normal,0.012065734714269638,0.313627064351944,-57.61586572415422
1757,0,normal,0.011446327902376652,0.313627064351944,-57.58260256827134
1758,0,normal,0.011259941384196281,0.313627064351944,-57.559376314696465
1759,0,normal,0.011208277195692062,0.313627064351944,-57.54579112028205
1760,0,normal,0.0112382210791111,0.3136860832613061,-57.504096094746274
1761,0,normal,0.0113258371129632,0.31366571250611686,-57.471144323613544
1762,0,normal,7.26570987701416,0.3313707910749171,-26.690895024493557
1763,0,normal,0.04011569544672966,0.3418865806723741,-26.6929816000993
1764,0,normal,1.2843563556671143,0.33444413185793376,-27.010981583257717
1765,0,normal,0.8766637444496155,0.36762536953844255,-1.5308038632122134
1766,0,normal,0.10055222362279892,0.3614407956587398,-0.3649313071625784
1767,0,normal,0.1139473021030426,0.3752918496477384,0.9762629549502435
1768,0,normal,0.11412057280540466,0.3699527754672129,2.3092591507627276
1769,0,normal,0.10274028033018112,0.3794415055747288,3.674305167345892
1770,0,normal,0.0939343273639679,0.38185011668952823,5.07430987852922
1771,0,normal,0.13132277131080627,0.39610298652498704,6.418946471479785
1772,0,normal,0.3350590467453003,0.40131774827902883,7.795617263448321
1773,0,normal,2.6441428661346436,0.42038027412133033,33.516755314160264
1774,0,normal,0.27205803990364075,0.4153546372775846,33.856580730621545
1775,0,normal,0.7659900784492493,0.4296041909626992,33.69984797929965
1776,0,normal,1.5691819190979004,0.42651033949960876,46.964389650827115
1777,0,normal,0.09673875570297241,0.43846800183013185,46.893858149675
1778,0,normal,0.03540130704641342,0.44498045830265975,46.71561115734448
1779,0,normal,0.023556366562843323,0.43201409107633204,46.14998264587666
1780,0,normal,0.013961647637188435,0.43076635294090954,46.12125582059707
1781,0,normal,0.007557984907180071,0.4175466943874743,46.219283165905836
1782,0,normal,0.0037977630272507668,0.4279023694642056,46.24072067864245
1783,0,normal,0.0019898461177945137,0.4303736227755618,46.18551954433383
1784,0,normal,0.0014492211630567908,0.4342690518765724,46.167590458418545
1785,0,normal,0.00208667921833694,0.4194365453379843,46.20432402485585
1786,0,normal,0.0018010708736255765,0.4280426475632227,46.48436613144031
1787,0,normal,0.002131007146090269,0.43530651641269674,47.00205650381622
1788,0,normal,0.0027492695953696966,0.42069209974352684,47.49527242568388
1789,0,normal,0.003458477323874831,0.4352374329830906,47.91450082017036
1790,0,normal,0.004136369563639164,0.41971691274334655,48.29672369662012
1791,0,normal,0.0029901182278990746,0.42689907774996244,48.873513367002715
1792,0,normal,0.0036509425844997168,0.4023380764669247,21.45745251629819
1793,0,normal,0.004349264316260815,0.40778786810829737,22.46000260270739
1794,0,normal,0.005055947229266167,0.40450549132948327,23.756397874027243
1795,0,normal,0.005761379841715097,0.3792454620142513,-2.973028261786112
1796,0,normal,0.006377523764967918,0.37743571049839075,-4.138147838673831
1797,0,normal,0.006009237840771675,0.3661295883601372,-5.578853381197632
1798,0,normal,0.006540479138493538,0.3668558594954441,-7.130151940624955
1799,0,normal,0.0071493517607450485,0.3585196921621971,-8.63646800770789
1800,0,normal,0.007824456319212914,0.3500838272970476,-10.181041697460614
1801,0,normal,0.00845529418438673,0.3529028827812739,-11.656340036353413
1802,0,normal,0.008482296019792557,0.35094237421296937,-13.313510973831399
1803,0,normal,39.97809982299805,0.32576494658809146,115.9291070277784
1804,0,normal,45.018638610839844,0.3442236439960892,274.98458535104976
1805,0,normal,0.03202340006828308,0.3555926386451338,275.0668635868908
1806,0,normal,6.384445667266846,0.38656406622815737,284.03838024999834
1807,0,normal,0.2799675166606903,0.36677396436342397,284.1168467518279
1808,0,normal,119.95699310302734,0.36984641041426236,583.9825554374245
1809,0,normal,12.586820602416992,0.3936804640353444,607.2796206357451
1810,0,normal,0.42671018838882446,0.3991632985562292,607.8659121611234
1811,0,normal,0.851805567741394,0.42074085510823694,608.4900772072516
1812,0,normal,1.8089014291763306,0.41148646512438947,609.0414272451975
1813,0,normal,2.868347406387329,0.42694467865045316,609.7499120996763
1814,0,normal,1.8733757734298706,0.4378385716931843,616.9442215205958
1815,0,normal,1.6649810075759888,0.4397455152310881,622.4545296318618
1816,0,normal,0.3752994239330292,0.44647427363163233,622.6319654903148
1817,0,normal,1.5316827297210693,0.47158685687996305,628.838210846716
1818,0,normal,0.08202143758535385,0.4515652546416279,628.8494935523595
1819,0,normal,0.05081900209188461,0.4501996481714463,628.7583865155988
1820,0,normal,0.0341307558119297,0.45561339587400396,628.501124353122
1821,0,normal,0.01964494399726391,0.4473853446220181,628.4751012129607
1822,0,normal,0.010483857244253159,0.4570783708906613,628.5012350651925
1823,0,normal,0.005386862903833389,0.4460036776928541,628.5294588967098
1824,0,normal,0.0029876865446567535,0.46393980960999626,628.5457240091494
1825,0,normal,0.0021990900859236717,0.45528388032593853,628.548388206314
1826,0,normal,0.0022573708556592464,0.45526536572103,628.5688627977704
1827,0,normal,0.0026803691871464252,0.4542969793380393,628.6666841489284
1828,0,normal,0.0020595502573996782,0.45995354709412695,628.9044601502469
1829,0,normal,0.0023815312888473272,0.4557663143494052,629.1761629529876
1830,0,normal,0.002917182631790638,0.4540128915868025,629.4101944008935
1831,0,normal,0.0035242578014731407,0.446826065978543,629.6778728907384
1832,0,normal,0.0026469146832823753,0.45221127321932786,630.0028038956839
1833,0,normal,0.003229280700907111,0.45363583288009046,551.7109542158686
1834,0,normal,39.91712951660156,0.4269828245460517,537.0735586085763
1835,0,normal,0.05558523163199425,0.4226123208816596,537.761202100517
1836,0,normal,0.01814446598291397,0.3955132906717327,523.4185934517612
1837,0,normal,0.014683928340673447,0.40764937487380354,522.8612742931653
1838,0,normal,0.011925116181373596,0.39527393837422425,189.7560106713297
1839,0,normal,0.010289616882801056,0.37179870323935277,148.0715768943494
1840,0,normal,0.009015453979372978,0.3630266882274639,146.7399799013
1841,0,normal,0.007996637374162674,0.3600042084116908,145.48091722196534
1842,0,normal,0.007320900913327932,0.3522714699591046,144.2439765823549
1843,0,normal,0.007241073530167341,0.358913847364077,142.87986490744686
1844,0,normal,0.0064852251671254635,0.3395744363918476,128.14879123588116
1845,0,normal,0.005748072639107704,0.33017384409369516,116.24039220883174
1846,0,normal,0.006737818475812674,0.32882868433967416,115.42236692429663
1847,0,normal,0.008187214843928814,0.32039621800110196,102.52711159710907
1848,0,normal,0.008928543888032436,0.3130648511718052,102.52933831033147
1849,0,normal,0.009590236470103264,0.3129232953334952,102.51344179882108
1850,0,normal,0.009320671670138836,0.3128302893040223,102.53276760045219
1851,0,normal,0.009537956677377224,0.3164691250881778,102.55213084954062
1852,0,normal,0.009855738840997219,0.3151032810732646,102.55530043650106
1853,0,normal,0.01021832600235939,0.31401657287507245,102.54846776517911
1854,0,normal,0.010582180693745613,0.3163484057964064,102.53191887643038
1855,0,normal,0.010912653058767319,0.3162286715069339,102.50620832438403
1856,0,normal,0.011195078492164612,0.31364114498717355,102.47181007452969
1857,0,normal,0.01142748724669218,0.3148614479254112,102.42918469744495
1858,0,normal,0.01161368377506733,0.31978399911790106,102.41690275522137
1859,0,normal,0.011762518435716629,0.313627064351944,102.40285344303561
1860,0,normal,1.4691555500030518,0.31894126557226565,107.64379170161169
1861,0,normal,5.685542583465576,0.3343429218511494,129.0042323382164
1862,0,normal,0.07434730231761932,0.33910857132644817,128.93377701243696
1863,0,normal,2.008054256439209,0.36018435917316083,139.86313758731842
1864,0,normal,1.4921003580093384,0.35786039485603627,-14.89534180120836
1865,0,normal,2.4894492626190186,0.3389814845829557,-15.125907602631969
1866,0,normal,2.8892815113067627,0.3490120410994891,-14.671983978338403
1867,0,normal,3.7081451416015625,0.3543387381558969,-14.225721987866791
1868,0,normal,4.2387518882751465,0.36338065056373475,-13.70247077091608
1869,0,normal,4.521002292633057,0.36290076001678767,-13.23498993385192
1870,0,normal,4.650891304016113,0.36577844388552366,-12.825506305209501
1871,0,normal,3.618030548095703,0.37811820062326473,-5.20747895575073
1872,0,normal,3.2800962924957275,0.3787768750226339,-0.1085170039523291
1873,0,normal,2.69416880607605,0.386077161698991,0.29588256785314115
1874,0,normal,3.347672462463379,0.38052473122812486,0.12627326112306037
1875,0,normal,5.770349979400635,0.3792998109985423,13.870226982562372
1876,0,normal,1.6170482635498047,0.3965228200054725,13.74050746473472
1877,0,normal,2.559260129928589,0.38701619486794336,13.53454021741436
1878,0,normal,2.876466989517212,0.38022142489580785,12.939544351770564
1879,0,normal,2.8027186393737793,0.39374009999954995,12.949592232010673
1880,0,normal,2.501943826675415,0.3896706537292453,13.025982653614847
1881,0,normal,2.0078725814819336,0.3849169109918483,13.029976500162547
1882,0,normal,1.3543782234191895,0.4040416774196789,13.062162769183487
1883,0,normal,0.6729143261909485,0.3742931917962186,13.148646323676985
1884,0,normal,0.20650224387645721,0.3785225707946969,13.306168749222252
1885,0,normal,0.042535677552223206,0.37691607624101103,13.650586356655822
1886,0,normal,0.010253176093101501,0.3918954070512099,14.02518869576329
1887,0,normal,0.004449046216905117,0.3747018068913936,14.332852158385094
1888,0,normal,0.003630855353549123,0.38926746479233104,14.641894427747047
1889,0,normal,0.003698426065966487,0.3767689679207952,15.027119706805252
1890,0,normal,0.004003801848739386,0.37572721978579365,9.741184666250092
1891,0,normal,0.002848998410627246,0.3613380496039344,-13.140697203506761
1892,0,normal,0.003431382356211543,0.35460064206217173,-12.536519516644375
1893,0,normal,0.003818596713244915,0.35431573256324683,-26.0480574707924
1894,0,normal,0.004555066581815481,0.34470253052716093,-26.350997612767287
1895,0,normal,0.005294499918818474,0.3569697271252813,-25.704602521935158
1896,0,normal,0.006092770956456661,0.3390186733431575,-26.211458048579743
1897,0,normal,0.0068597085773944855,0.344689913816785,-26.74523311241319
1898,0,normal,0.006363270804286003,0.33792961740774236,-27.259765731471134
1899,0,normal,0.006731242407113314,0.34067088056542183,-27.73496036091592
1900,0,normal,0.006974427029490471,0.3339799434874474,-28.2250108423043
1901,0,normal,0.006628066301345825,0.3275117044163413,-36.56743394906948
1902,0,normal,0.0069386325776577,0.32576494658809146,-41.989607919191485
1903,0,normal,0.007677349727600813,0.3273752688102355,-42.914416637020395
1904,0,normal,0.007053885143250227,0.3251759795309838,-42.81741518060062
1905,0,normal,0.009601901285350323,0.31340030172175126,-57.68770189387783
1906,0,normal,0.009781347587704659,0.3130648511718052,-57.67607798377708
1907,0,normal,0.010071168653666973,0.3130648511718052,-57.67441649959801
1908,0,normal,0.010411057621240616,0.3129232953334952,-57.682597972770964
1909,0,normal,0.01074736937880516,0.3129232953334952,-57.70033761820264
1910,0,normal,0.011050951667129993,0.31280008956383465,-57.72748210376608
1911,0,normal,0.010989192873239517,0.31270712015317415,-57.7110806174328
1912,0,normal,0.010874086059629917,0.31401657287507245,-57.70549046338556
1913,0,normal,0.010923255234956741,0.31401657287507245,-57.71048988945472
1914,0,normal,0.011073444969952106,0.31401657287507245,-57.72563579509779
1915,0,normal,0.011275838129222393,0.313815234679804,-57.75048853437124
1916,0,normal,0.011476387269794941,0.31379886431692794,-57.73861478785898
1917,0,normal,0.01166045293211937,0.31364114498717355,-57.735658209589474
1918,0,normal,0.011816461570560932,0.31364114498717355,-57.74132741643507
1919,0,normal,0.011451070196926594,0.313627064351944,-57.69303890933725
1920,0,normal,0.01123830396682024,0.313627064351944,-57.65455188194005
1921,0,normal,0.011179874651134014,0.313627064351944,-57.588393201055624
1922,0,normal,0.011221553198993206,0.313627064351944,-57.53165882178064
1923,0,normal,0.01132307481020689,0.313627064351944,-57.48417608259729
1924,0,normal,0.011444922536611557,0.3136860832613061,-57.445462021317326
1925,0,normal,0.01156402938067913,0.3136860832613061,-57.41522934069417
1926,0,normal,0.011668763123452663,0.31366571250611686,-57.39298334213936
1927,0,normal,0.011114963330328465,0.31366571250611686,-57.30664506506332
1928,0,normal,0.01088380441069603,0.31366571250611686,-57.200932821238894
1929,0,normal,0.01081435102969408,0.3159222318553094,-57.10427740885166
1930,0,normal,0.010840083472430706,0.3159222318553094,-57.016454894641356
1931,0,normal,0.010923023335635662,0.3144499817348358,-56.93716864314183
1932,0,normal,0.011027923785150051,0.31468565980713864,-56.86594210415842
1933,0,normal,0.011133869178593159,0.3149761745951143,-56.802351022584844
1934,0,normal,0.01122822891920805,0.3146228217132092,-56.726335255194954
1935,0,normal,0.011309359222650528,0.3146228217132092,-56.65736359559287
1936,0,normal,0.011376049369573593,0.3146228217132092,-56.59527655542843
1937,0,normal,0.011429015547037125,0.3146228217132092,-56.539679603025206
1938,0,normal,0.011469844728708267,0.31459339141874065,-56.490316981823526
1939,0,normal,0.011500360444188118,0.31459339141874065,-56.44680866644785
1940,0,normal,0.0115223228931427,0.3146290901132365,-56.408752307206896
1941,0,normal,0.011537936516106129,0.3146290901132365,-56.36513790508707
1942,0,normal,0.01154786441475153,0.31480842918019186,-56.3263272877216
1943,0,normal,0.011553455144166946,0.31480842918019186,-56.292144877291776
1944,0,normal,0.011555824428796768,0.31480842918019186,-56.26233249767756
1945,0,normal,0.010296286083757877,0.31480842918019186,-56.15540986177393
1946,0,normal,0.010196752846240997,0.31480842918019186,-56.054117686674545
1947,0,normal,0.010196293704211712,0.31480842918019186,-55.95821605322294
1948,0,normal,0.01025630347430706,0.3148871768694323,-55.8673060275778
1949,0,normal,0.010353553108870983,0.3148871768694323,-55.77946439177663
1950,0,normal,0.010464590042829514,0.31508415830996894,-55.695951207675535
1951,0,normal,0.010574973188340664,0.31508415830996894,-55.61657737219298
1952,0,normal,0.010676924139261246,0.31508415830996894,-55.54118429208711
1953,0,normal,0.010766961611807346,0.31508415830996894,-55.4694358536683
1954,0,normal,0.010844199918210506,0.31508415830996894,-55.40111343634999
1955,0,normal,0.010909214615821838,0.31508415830996894,-55.335882442495404
1956,0,normal,0.010963221080601215,0.31508415830996894,-55.273506444272925
1957,0,normal,1.464989185333252,0.31950524747674774,-49.15577115031374
1958,0,normal,5.6905035972595215,0.33712791290185895,-24.466315627749054
1959,0,normal,0.07461460679769516,0.33739270052691916,-24.500059046802107
1960,0,normal,2.539325475692749,0.38014343305624143,1.6782280737370456
1961,0,normal,0.1117558628320694,0.3693642082077655,1.9638686266482637
1962,0,normal,0.10431087017059326,0.3708500518363024,3.2094677595280245
1963,0,normal,0.10688966512680054,0.36906316748702905,4.574243487853664
1964,0,normal,0.09688666462898254,0.3811981201232057,5.851872339469082
1965,0,normal,0.085895836353302,0.390036310471689,7.156936177746047
1966,0,normal,0.11993908882141113,0.3903467363538801,8.481330771224066
1967,0,normal,0.31130313873291016,0.40415152611271155,9.738047588917198
1968,0,normal,1.0767138004302979,0.4019960895575964,11.044399116822433
1969,0,normal,1.658041000366211,0.4147979078422693,26.25847575163948
1970,0,normal,1.6371080875396729,0.42877784317012874,37.867933560560914
1971,0,normal,0.7613252401351929,0.4357787314080374,37.511223829252685
1972,0,normal,1.5759317874908447,0.43356124091556825,50.66299471165712
1973,0,normal,0.10833611339330673,0.44172910129092824,50.51284472894031
1974,0,normal,0.0557294636964798,0.4364483337349636,50.25383153952498
1975,0,normal,0.03753593936562538,0.42957528006789425,49.60924729311182
1976,0,normal,0.022100847214460373,0.45958357218563467,49.542145329522555
1977,0,normal,0.012136539444327354,0.43570228698111463,49.50751170266494
1978,0,normal,0.006428915541619062,0.41951342744825154,49.37676247406421
1979,0,normal,0.0036475947126746178,0.4594180867030643,49.30245668188786
1980,0,normal,0.0044442215003073215,0.43635314599238867,49.28062902838701
1981,0,normal,0.003137032501399517,0.4270464623672666,49.425809125257956
1982,0,normal,0.003057371824979782,0.43230996796261845,49.82861067604199
1983,0,normal,0.0036160300951451063,0.43191902494295964,50.27180713063217
1984,0,normal,0.004442953038960695,0.43843241587499937,50.58508510115121
1985,0,normal,0.005310448817908764,0.4510842101328332,50.93025134597383
1986,0,normal,0.006095236632972956,0.42155731835287114,51.466701903992316
1987,0,normal,0.006743954494595528,0.42218068852249924,46.596843423918926
1988,0,normal,0.0049655986949801445,0.4367827598543629,24.89203766353853
1989,0,normal,0.005738697946071625,0.401195302360497,25.95761370860805
1990,0,normal,0.0062966737896203995,0.39474982545737225,-1.0893812920810433
1991,0,normal,0.0070624700747430325,0.3842184047257362,-2.12506673905159
1992,0,normal,0.007731331512331963,0.3843892532980643,-3.2751681615252437
1993,0,normal,0.008326061069965363,0.374093339032211,-4.68225133836404
1994,0,normal,0.008197125047445297,0.3678398375921074,-6.194875934841093
1995,0,normal,0.00863615982234478,0.35690971161140334,-7.73818604284611
1996,0,normal,0.009157009422779083,0.354920177599086,-9.226768801831213
1997,0,normal,0.009708655998110771,0.34663640958348657,-10.692438177429722
1998,0,normal,0.010167103260755539,0.3572984618730956,-12.320116439538197
1999,0,normal,0.009803736582398415,0.3347211312161811,-29.420630500905872
2000,0,normal,0.008020192384719849,0.326104462460678,-43.20257299844047
2001,0,normal,0.007590678054839373,0.32589102953021,-43.04594682475272
2002,0,normal,0.010893040336668491,0.31401657287507245,-57.86015161157047
2003,0,normal,0.011029046028852463,0.31401657287507245,-57.78705215915579
2004,0,normal,0.01123519241809845,0.313815234679804,-57.76056467607145
2005,0,normal,0.011449727229773998,0.31379886431692794,-57.743260130429235
2006,0,normal,0.011644859798252583,0.31364114498717355,-57.7348916368594
2007,0,normal,0.011808582581579685,0.31364114498717355,-57.73522246134576
2008,0,normal,0.011938284151256084,0.313627064351944,-57.74383250639971
2009,0,normal,0.011441738344728947,0.313627064351944,-57.69823550868932
2010,0,normal,0.011237053200602531,0.313627064351944,-57.625002124486855
2011,0,normal,0.011184346862137318,0.313627064351944,-57.56148186377709
2012,0,normal,0.011225804686546326,0.313627064351944,-57.5074718756448
2013,0,normal,0.011324468068778515,0.313627064351944,-57.46275403480263
2014,0,normal,0.011442854069173336,0.3136860832613061,-57.426845943779654
2015,0,normal,0.011558900587260723,0.31366571250611686,-57.39935935666722
2016,0,normal,0.011661344207823277,0.31366571250611686,-57.37994254299838
2017,0,normal,0.011745743453502655,0.31366571250611686,-57.36798170512361
2018,0,normal,0.011086816899478436,0.31366571250611686,-57.26297769818757
2019,0,normal,0.010873175226151943,0.31366571250611686,-57.16674147425829
2020,0,normal,0.010809097439050674,0.3159222318553094,-57.07917539811865
2021,0,normal,0.010834738612174988,0.3159222318553094,-57.00000966233074
2022,0,normal,0.010915514081716537,0.3149761745951143,-56.92880237078339
2023,0,normal,0.011017976328730583,0.31533893912462824,-56.864907707046086
2024,0,normal,0.011120249517261982,0.31533893912462824,-56.78823679107063
2025,0,normal,0.011214803904294968,0.3146228217132092,-56.71836605211297
2026,0,normal,0.011296691372990608,0.3146228217132092,-56.65495342151962
2027,0,normal,0.011364484205842018,0.31459339141874065,-56.597701048051704
2028,0,normal,0.011418656446039677,0.31459339141874065,-56.54621565077514
2029,0,normal,0.011460555717349052,0.31459339141874065,-56.50014555018788
2030,0,normal,0.010351534932851791,0.3146290901132365,-56.367535400615225
2031,0,normal,0.010231107473373413,0.3146290901132365,-56.24205606084479
2032,0,normal,0.01022423803806305,0.3146290901132365,-56.123721424905625
2033,0,normal,0.01028377003967762,0.31480842918019186,-56.01225735886578
2034,0,normal,0.01038244366645813,0.31480842918019186,-55.907543480318054
2035,0,normal,0.010494988411664963,0.31480842918019186,-55.80915758412675
2036,0,normal,0.010606281459331512,0.31480842918019186,-55.71677194513995
2037,0,normal,0.01070829015225172,0.31480842918019186,-55.630066893291996
2038,0,normal,0.010797400027513504,0.3148871768694323,-55.54856442960181
2039,0,normal,0.010873894207179546,0.3148871768694323,-55.47048527028301
2040,0,normal,0.010936852544546127,0.3148871768694323,-55.397258762347064
2041,0,normal,0.010987719520926476,0.31508415830996894,-55.3287490431303
2042,0,normal,0.01102824229747057,0.31508415830996894,-55.26478280876563
2043,0,normal,0.011060182936489582,0.31508415830996894,-55.20514918216213
2044,0,normal,0.011085161939263344,0.31508415830996894,-55.14955672219685
2045,0,normal,0.011104577220976353,0.31508415830996894,-55.09762786678448
2046,0,normal,0.011119572445750237,0.31508415830996894,-55.049093914943114
2047,0,normal,0.011131045408546925,0.3156859484607063,-55.00358985288335
2048,0,normal,0.01114096399396658,0.3156859484607063,-54.968437207831585
2049,0,normal,0.011147750541567802,0.3156859484607063,-54.93598377694775
2050,0,normal,0.011151920072734356,0.3156859484607063,-54.90610984476598
2051,0,normal,0.011153928004205227,0.3156859484607063,-54.87872521956501
2052,0,normal,0.011154212057590485,0.3156859484607063,-54.8536441918086
2053,0,normal,0.011153224855661392,0.3156859484607063,-54.830610844120656
2054,0,normal,0.011151350103318691,0.3156859484607063,-54.80936574599582
2055,0,normal,0.01114898081868887,0.3156859484607063,-54.7896579644198
2056,0,normal,0.011146449483931065,0.3156859484607063,-54.77115506035534
2057,0,normal,0.011144035495817661,0.3156859484607063,-54.75354018612393
2058,0,normal,0.011141961440443993,0.3158582945116637,-54.736461978943
2059,0,normal,0.011140384711325169,0.3161627543196283,-54.719563702997675
2060,0,normal,0.011140384711325169,0.3161627543196283,-54.719563702997675
2061,0,normal,0.011140384711325169,0.3161627543196283,-54.719563702997675
2062,0,normal,0.011140384711325169,0.3161627543196283,-54.719563702997675
2063,0,normal,0.011140384711325169,0.3161627543196283,-54.719563702997675
2064,0,normal,0.011140384711325169,0.3161627543196283,-54.719563702997675
2065,0,normal,0.011140384711325169,0.3161627543196283,-54.719563702997675
2066,0,normal,0.011140384711325169,0.3161627543196283,-54.719563702997675
2067,0,normal,0.011140384711325169,0.3161627543196283,-54.719563702997675
2068,0,normal,0.011140384711325169,0.3161627543196283,-54.719563702997675
2069,0,normal,0.011140384711325169,0.3161627543196283,-54.719563702997675
2070,0,normal,7.26426362991333,0.33415376353846293,-24.037895667696375
2071,0,normal,0.04199964925646782,0.3453163698690289,-24.05623698342083
2072,0,normal,2.782640218734741,0.37961892324740987,2.2661166381490148
2073,0,normal,0.1186249777674675,0.36615583985947725,2.3577810969543407
2074,0,normal,2.6286957263946533,0.3854472005113991,14.16624031981496
2075,0,normal,0.10864543169736862,0.381139438294597,15.40551368279398
2076,0,normal,0.11703969538211823,0.3929914726272874,16.599712458725662
2077,0,normal,0.10289644449949265,0.39692914003869023,17.929970095076442
2078,0,normal,0.08454789221286774,0.40332397472459935,19.233999758160735
2079,0,normal,5.803555488586426,0.4472780715978666,44.66057347753599
2080,0,normal,0.1839599311351776,0.44039723247902013,45.78913007043593
2081,0,normal,0.5625807046890259,0.4409538696497883,47.00419865067329
2082,0,normal,0.742834746837616,0.4235912589123504,46.838417767009105
2083,0,normal,1.7792118787765503,0.45288273011413654,59.89549174596414
2084,0,normal,0.1002798080444336,0.4443709577281889,59.73617262240896
2085,0,normal,0.04930068179965019,0.4522773924338315,59.47140060909055
2086,0,normal,0.040116336196660995,0.4542410353116471,58.81166497564368
2087,0,normal,0.028828956186771393,0.4277460698949647,58.65089790457864
2088,0,normal,0.019774623215198517,0.4547763961815373,58.56904320594549
2089,0,normal,0.013465438038110733,0.43703127461218555,58.53291913586759
2090,0,normal,0.009480370208621025,0.44598327877492555,58.39375075992939
2091,0,normal,0.007169355172663927,0.44987715393094324,58.30485052129916
2092,0,normal,2.970412492752075,0.4581989198847771,68.70689876636538
2093,0,normal,0.0214129239320755,0.4443872348577514,68.79676422873672
2094,0,normal,0.02215774543583393,0.44930414566501514,69.1256843741769
2095,0,normal,0.035718176513910294,0.43484214173908,69.43990265345087
2096,0,normal,0.04687760770320892,0.44779061095646167,69.82633939635116
2097,0,normal,0.053097523748874664,0.4453613275226691,70.22128613873997
2098,0,normal,0.05300050228834152,0.4482597242731318,70.72537695396682
2099,0,normal,0.04623778164386749,0.4474050272845717,71.39831232982056
2100,0,normal,0.03774243965744972,0.43542064062630653,44.8896097916554
2101,0,normal,0.028477169573307037,0.4194548273168494,46.273599297754345
2102,0,normal,0.021092884242534637,0.40406569338704157,20.026263501525364
2103,0,normal,0.015712274238467216,0.40481444568888497,18.77903569417458
2104,0,normal,0.01221654936671257,0.3676839124886111,6.225331222780596
2105,0,normal,0.010214779525995255,0.3728027805923001,4.822892205926792
2106,0,normal,0.009387395344674587,0.37009262386967,3.339008487390174
2107,0,normal,0.009356779977679253,0.37517412322403815,1.9803917719586934
2108,0,normal,0.009646235033869743,0.36291349653660826,0.5586085416546211
2109,0,normal,1.6599490642547607,0.34213646347819154,-27.649225262227674
2110,0,normal,0.09376587718725204,0.3358339409357681,-29.678036669538187
2111,0,normal,0.02600533701479435,0.3315948031349697,-31.89443250420868
2112,0,normal,0.009412059560418129,0.33300675915833605,-31.67661820794592
2113,0,normal,0.01100753154605627,0.31988008592307615,-46.25351846172225
2114,0,normal,0.01097876951098442,0.32462126687265497,-46.1231486277693
2115,0,normal,0.011055225506424904,0.3208934837037412,-46.013696387812615
2116,0,normal,0.011188585311174393,0.3215708044743169,-45.91193396951053
2117,0,normal,0.011337162926793098,0.319435323594783,-45.81493005549396
2118,0,normal,0.011051090434193611,0.31955720801411297,-45.63909813999135
2119,0,normal,0.010809860192239285,0.31901185929112746,-45.48439232114151
2120,0,normal,0.010755937546491623,0.3222394093911952,-45.36213884476501
2121,0,normal,0.01080729253590107,0.326851755835102,-45.23765026995329
2122,0,normal,0.010922380723059177,0.3144499817348358,-56.95200088856177
2123,0,normal,0.01103321835398674,0.3144499817348358,-56.86339911699838
2124,0,normal,0.011144999414682388,0.3144499817348358,-56.784079493371564
2125,0,normal,0.011245917528867722,0.31397102595716964,-56.71372892629688
2126,0,normal,0.011331181973218918,0.31397102595716964,-56.65198307367132
2127,0,normal,0.011399919167160988,0.31426088100201766,-56.598349681786885
2128,0,normal,0.011453192681074142,0.3146228217132092,-56.55232289580363
2129,0,normal,0.011492380872368813,0.3146228217132092,-56.493910812814875
2130,0,normal,0.010347696952521801,0.3146228217132092,-56.36142783413652
2131,0,normal,0.010235724970698357,0.3146228217132092,-56.23767126829944
2132,0,normal,0.010234522633254528,0.31459339141874065,-56.12247732131618
2133,0,normal,0.010297192260622978,0.31480842918019186,-56.01539296925034
2134,0,normal,0.010396857745945454,0.31480842918019186,-55.91601013536615
2135,0,normal,0.010508663952350616,0.31480842918019186,-55.81310785560186
2136,0,normal,0.0106184808537364,0.31480842918019186,-55.717099810435684
2137,0,normal,0.010718490928411484,0.31480842918019186,-55.627766059774785
2138,0,normal,0.010805399157106876,0.31480842918019186,-55.5446527513534
2139,0,normal,0.010878579691052437,0.31480842918019186,-55.4674528019666
2140,0,normal,0.010938859544694424,0.31480842918019186,-55.39564816378925
2141,0,normal,0.010987719520926476,0.31508415830996894,-55.3287490431303
2142,0,normal,0.01102824229747057,0.31508415830996894,-55.26478280876563
2143,0,normal,0.011060182936489582,0.31508415830996894,-55.20514918216213
2144,0,normal,0.011085161939263344,0.31508415830996894,-55.14955672219685
2145,0,normal,0.011104577220976353,0.31508415830996894,-55.09762786678448
2146,0,normal,0.011119572445750237,0.31508415830996894,-55.049093914943114
2147,0,normal,0.011131045408546925,0.3156859484607063,-55.00358985288335
2148,0,normal,0.01114096399396658,0.3156859484607063,-54.968437207831585
2149,0,normal,0.011147750541567802,0.3156859484607063,-54.93598377694775
2150,0,normal,0.011151920072734356,0.3156859484607063,-54.90610984476598
2151,0,normal,0.011153928004205227,0.3156859484607063,-54.87872521956501
2152,0,normal,0.011154212057590485,0.3156859484607063,-54.8536441918086
2153,0,normal,0.011153224855661392,0.3156859484607063,-54.830610844120656
2154,0,normal,0.011151350103318691,0.3156859484607063,-54.80936574599582
2155,0,normal,0.01114898081868887,0.3156859484607063,-54.7896579644198
2156,0,normal,0.011146449483931065,0.3156859484607063,-54.77115506035534
2157,0,normal,0.011144035495817661,0.3156859484607063,-54.75354018612393
2158,0,normal,0.011141961440443993,0.3158582945116637,-54.736461978943
2159,0,normal,0.011140384711325169,0.3161627543196283,-54.719563702997675
2160,0,normal,0.011140384711325169,0.3161627543196283,-54.719563702997675
2161,0,normal,0.011140384711325169,0.3161627543196283,-54.719563702997675
2162,0,normal,0.011140384711325169,0.3161627543196283,-54.719563702997675
2163,0,normal,0.011140384711325169,0.3161627543196283,-54.719563702997675
2164,0,normal,0.011140384711325169,0.3161627543196283,-54.719563702997675
2165,0,normal,0.00961493793874979,0.3161627543196283,-54.62889347146324
2166,0,normal,0.011517251841723919,0.3161627543196283,-54.630942704545305
2167,0,normal,7.264595985412598,0.33415376353846293,-23.86550297305007
2168,0,normal,0.04236815497279167,0.3453163698690289,-23.888096834526777
2169,0,normal,1.8231983184814453,0.354675794443417,-13.335330913232838
2170,0,normal,1.574954867362976,0.3872977634792746,11.70953775231601
2171,0,normal,0.10118355602025986,0.374787144319801,12.867113622558009
2172,0,normal,0.09730439633131027,0.38726726914408655,14.159791005680972
2173,0,normal,0.9138414859771729,0.37574642706196804,13.987730712750817
2174,0,normal,0.10971730202436447,0.39143158223748525,15.348009381887323
2175,0,normal,0.7234944701194763,0.39320593243446517,15.16867483754072
2176,0,normal,0.13474375009536743,0.40618776162348397,16.533707119222754
2177,0,normal,5.991486072540283,0.43575102820541267,40.58473127353136
2178,0,normal,0.21308808028697968,0.406354607329992,41.804322182948226
2179,0,normal,0.644762396812439,0.416210478518487,41.52505699122776
2180,0,normal,1.8485461473464966,0.4413323802867166,54.64244441824644
2181,0,normal,0.11346052587032318,0.43494932405962716,54.426439454524825
2182,0,normal,0.036399975419044495,0.4262212115826728,54.10820259580237
2183,0,normal,0.025600062683224678,0.4324630747990135,53.40732504490097
2184,0,normal,0.016037320718169212,0.43718978291657623,53.198210299876564
2185,0,normal,0.009289193898439407,0.42224495048256105,53.09164611968072
2186,0,normal,0.005257680080831051,0.4358292738060433,53.05826982350413
2187,0,normal,0.003359521273523569,0.4209249448115532,52.9508507579701
2188,0,normal,0.0028803166933357716,0.4297162376894931,52.770600411244686
2189,0,normal,0.0032082097604870796,0.42494883720772914,52.64995270257123
2190,0,normal,0.003431289456784725,0.41888812700918715,52.720410431495566
2191,0,normal,0.0037905769422650337,0.4321408252261217,52.99866104991429
2192,0,normal,0.004544539842754602,0.4105104642403667,53.51286122053466
2193,0,normal,0.005468748975545168,0.4245393042200763,53.923045246781385
2194,0,normal,0.0064108413644135,0.42461439177256527,54.220170862132136
2195,0,normal,0.007273260969668627,0.4215418684295161,54.41833643087193
2196,0,normal,0.00625869445502758,0.429897264155301,54.903058102473096
2197,0,normal,0.007035041693598032,0.3903738457932948,27.46643574635391
2198,0,normal,0.007756134495139122,0.4127526074313956,28.46603038608214
2199,0,normal,0.008445309475064278,0.37562901497304435,18.793172888067602
2200,0,normal,0.009061714634299278,0.3796914217634248,-8.604861691623455
2201,0,normal,0.009686664678156376,0.35155409431184775,-10.421744848657681
2202,0,normal,0.009698204696178436,0.3643094430745308,-12.366497983698082
2203,0,normal,0.009849488735198975,0.34901824805778336,-11.734989769672666
2204,0,normal,0.010226933285593987,0.34857998759255043,-13.539739986928225
2205,0,normal,0.010516112670302391,0.35018415446480067,-12.728054343252325
2206,0,normal,0.010607117787003517,0.34769293473942536,-14.499247026267994
2207,0,normal,0.34042102098464966,0.32889450413870436,-40.79636150578244
2208,0,normal,0.08539032936096191,0.3273807297058783,-43.09846871381046
2209,0,normal,0.05316151678562164,0.3263187276359917,-42.96908598522282
2210,0,normal,0.011432068422436714,0.313627064351944,-57.747462098621554
2211,0,normal,0.011210398748517036,0.313627064351944,-57.63815727955921
2212,0,normal,0.011160881258547306,0.313627064351944,-57.567166061853186
2213,0,normal,0.011209379881620407,0.313627064351944,-57.50593371442142
2214,0,normal,0.01131548173725605,0.313627064351944,-57.45425944708495
2215,0,normal,0.011440116912126541,0.313627064351944,-57.41179636184802
2216,0,normal,0.011560815386474133,0.3136860832613061,-57.37821357981102
2217,0,normal,0.011117246933281422,0.31366571250611686,-57.28158422989077
2218,0,normal,0.010876506567001343,0.31366571250611686,-57.19505655382477
2219,0,normal,0.01080714724957943,0.3159222318553094,-57.1183453916542
2220,0,normal,0.010832015424966812,0.3159222318553094,-57.02246878870005
2221,0,normal,0.010917175561189651,0.3144499817348358,-56.935800273359746
2222,0,normal,0.011025287210941315,0.3144499817348358,-56.857898805743616
2223,0,normal,0.011134501546621323,0.31468565980713864,-56.78847362587476
2224,0,normal,0.011233552359044552,0.31426088100201766,-56.72712782993926
2225,0,normal,0.01131762657314539,0.3146228217132092,-56.67319221529306
2226,0,normal,0.011384692043066025,0.3146228217132092,-56.60674656783681
2227,0,normal,0.011437674053013325,0.3146228217132092,-56.547201654989976
2228,0,normal,0.010369572788476944,0.3146228217132092,-56.413167208148025
2229,0,normal,0.01024570595473051,0.31459339141874065,-56.28750614020123
2230,0,normal,0.010238655842840672,0.31459339141874065,-56.17002004259348
2231,0,normal,0.010298703797161579,0.3146290901132365,-56.06035185833184
2232,0,normal,0.010397125035524368,0.31480842918019186,-55.94743478082546
2233,0,normal,0.010509397834539413,0.31480842918019186,-55.841692161492574
2234,0,normal,0.010620038025081158,0.31480842918019186,-55.7429264154714
2235,0,normal,0.010720965452492237,0.31480842918019186,-55.650897346857846
2236,0,normal,0.010808747261762619,0.31480842918019186,-55.56520776589923
2237,0,normal,0.010882677510380745,0.31480842918019186,-55.48552123823629
2238,0,normal,0.010943510569632053,0.31480842918019186,-55.41141491139115
2239,0,normal,0.010992689058184624,0.3148871768694323,-55.34246897300295
2240,0,normal,0.01103324443101883,0.31508415830996894,-55.276717507284275
2241,0,normal,0.011064959689974785,0.31508415830996894,-55.21554870192631
2242,0,normal,0.011089473962783813,0.31508415830996894,-55.15875236767192
2243,0,normal,0.011108247563242912,0.31508415830996894,-55.10593541477806
2244,0,normal,0.011122475378215313,0.31508415830996894,-55.05686347124242
2245,0,normal,0.011133136227726936,0.3156859484607063,-55.01117689401053
2246,0,normal,0.01114096399396658,0.3156859484607063,-54.968437207831585
2247,0,normal,0.011147750541567802,0.3156859484607063,-54.93598377694775
2248,0,normal,0.011151920072734356,0.3156859484607063,-54.90610984476598
2249,0,normal,0.011153928004205227,0.3156859484607063,-54.87872521956501
2250,0,normal,7.264456748962402,0.3338319786688425,-24.168584020832668
2251,0,normal,1.6660730838775635,0.35744066900853927,-18.181443493343522
2252,0,normal,1.9472116231918335,0.3613500857121688,-10.74900277462325
2253,0,normal,2.1659815311431885,0.34458513814027214,-12.024641996814807
2254,0,normal,2.703561305999756,0.35431735717720647,-11.68665048561752
2255,0,normal,3.7134928703308105,0.3524891315445345,-11.222208308944573
2256,0,normal,4.387273788452148,0.35979676393766974,-10.823906783706661
2257,0,normal,4.750240802764893,0.3691421654539963,-10.382639602013342
2258,0,normal,4.915374279022217,0.3735437734948299,-10.003137335089605
2259,0,normal,4.989380359649658,0.37079690254865977,-9.64961155789365
2260,0,normal,5.37413215637207,0.38957220835247697,-9.894244312498586
2261,0,normal,2.8137028217315674,0.381946662866854,2.8867575662375202
2262,0,normal,3.2807536125183105,0.38724070736759014,2.5533812467178905
2263,0,normal,2.8857405185699463,0.39340547918157504,2.9016406085024755
2264,0,normal,6.115403652191162,0.3908726585006406,16.39891668957648
2265,0,normal,2.0269763469696045,0.3977823727029876,16.162289230247552
2266,0,normal,3.3504676818847656,0.3903900364037744,15.773633585564994
2267,0,normal,3.883979320526123,0.38687636503798156,15.028449605482592
2268,0,normal,4.048054218292236,0.41836047638058926,14.860704786791757
2269,0,normal,4.084025859832764,0.3824173725754749,14.819974320202846
2270,0,normal,4.046978950500488,0.3918701496613648,14.73200310489824
2271,0,normal,3.9476351737976074,0.3970664934765369,14.668335047807886
2272,0,normal,3.7765753269195557,0.38546437056096955,14.668338628985339
2273,0,normal,3.503309726715088,0.3799646472203546,14.70587983070277
2274,0,normal,3.0628700256347656,0.3916889029361651,14.920373398746506
2275,0,normal,2.3388195037841797,0.38676731202621073,15.17575342939017
2276,0,normal,1.2930946350097656,0.3785190991016744,15.420412239285042
2277,0,normal,0.3107708990573883,0.39875631926298816,15.764145669549862
2278,0,normal,0.02927708998322487,0.37940824393991107,16.0820863116312
2279,0,normal,0.0070913382805883884,0.3867781110854627,16.465378296275958
2280,0,normal,0.008913303725421429,0.37933970803024086,-12.149319745718003
2281,0,normal,0.010731171816587448,0.3554336906767583,-18.32176377555743
2282,0,normal,0.02906428463757038,0.34959534646247065,-26.422203438063207
2283,0,normal,0.0074807461351156235,0.35332662222438355,-25.70298108954762
2284,0,normal,0.007113893050700426,0.351789661206827,-26.05875121779991
2285,0,normal,0.008130740374326706,0.3472203748731215,-26.61648505809103
2286,0,normal,0.009130120277404785,0.346212103194653,-27.212295421718636
2287,0,normal,0.010042381472885609,0.34026763420804346,-27.81461828131546
2288,0,normal,0.01052879262715578,0.3323640549429119,-28.380436836881472
2289,0,normal,0.009001582860946655,0.33354765432060984,-28.829971743764418
2290,0,normal,0.009296748787164688,0.3357638891433496,-28.328898026344632
2291,0,normal,0.10565594583749771,0.3251444149172984,-42.37172888914711
2292,0,normal,0.024739420041441917,0.32988297653193865,-42.15510450619331
2293,0,normal,0.021116549149155617,0.325682077782412,-43.03394643744218
2294,0,normal,0.01154404878616333,0.31379886431692794,-57.88511283653952
2295,0,normal,0.01170416921377182,0.31364114498717355,-57.84651915719019
2296,0,normal,0.011841122061014175,0.31364114498717355,-57.815663351083
2297,0,normal,0.011951643973588943,0.313627064351944,-57.792396043959116
2298,0,normal,0.012037239968776703,0.313627064351944,-57.77671766188814
2299,0,normal,0.011505266651511192,0.313627064351944,-57.70630174268672
2300,0,normal,0.011291515082120895,0.313627064351944,-57.64503721233541
2301,0,normal,0.011225232854485512,0.313627064351944,-57.592930780043616
2302,0,normal,0.011253241449594498,0.3136860832613061,-57.54962618973809
2303,0,normal,0.011340788565576077,0.3136860832613061,-57.51481338155554
2304,0,normal,0.011450775898993015,0.31366571250611686,-57.4878245799066
2305,0,normal,0.011560754850506783,0.31366571250611686,-57.46821114485169
2306,0,normal,0.01165472436696291,0.31366571250611686,-57.42709257219735
2307,0,normal,0.011734389699995518,0.31366571250611686,-57.39265280420432
2308,0,normal,0.011113337241113186,0.31366571250611686,-57.293050887948084
2309,0,normal,0.010890256613492966,0.31366571250611686,-57.20145926067562
2310,0,normal,0.010819251649081707,0.3159222318553094,-57.117790367438374
2311,0,normal,0.010839872062206268,0.31621388823475954,-57.041640283193374
2312,0,normal,0.010914475657045841,0.31533893912462824,-56.95300735441947
2313,0,normal,0.011013617739081383,0.31533893912462824,-56.87123949773422
2314,0,normal,0.011116497218608856,0.31533893912462824,-56.796097881744345
2315,0,normal,0.011211912147700787,0.3146228217132092,-56.72742745569303
2316,0,normal,0.0112947141751647,0.31459339141874065,-56.66490140059295
2317,0,normal,0.011363334022462368,0.31459339141874065,-56.60818783293621
2318,0,normal,0.011418110691010952,0.31459339141874065,-56.55688790796489
2319,0,normal,0.01037132553756237,0.31459339141874065,-56.41904940042468
2320,0,normal,0.010240929201245308,0.3146290901132365,-56.28848670693901
2321,0,normal,0.010229784995317459,0.3146290901132365,-56.16528291588338
2322,0,normal,0.010287746787071228,0.3146290901132365,-56.049268969781906
2323,0,normal,0.010386164300143719,0.31480842918019186,-55.94017278395199
2324,0,normal,0.010498964227735996,0.31480842918019186,-55.837744267371136
2325,0,normal,0.010610644705593586,0.31480842918019186,-55.74171336897052
2326,0,normal,0.010712993331253529,0.31480842918019186,-55.651774283023315
2327,0,normal,0.010802406817674637,0.31480842918019186,-55.56751111201106
2328,0,normal,0.010877967812120914,0.3148871768694323,-55.48854786494621
2329,0,normal,0.010941513814032078,0.3148871768694323,-55.41302251059892
2330,0,normal,0.010992689058184624,0.3148871768694323,-55.34246897300295
2331,0,normal,0.01103324443101883,0.31508415830996894,-55.276717507284275
2332,0,normal,0.011064959689974785,0.31508415830996894,-55.21554870192631
2333,0,normal,0.011089473962783813,0.31508415830996894,-55.15875236767192
2334,0,normal,0.011108247563242912,0.31508415830996894,-55.10593541477806
2335,0,normal,0.011122475378215313,0.31508415830996894,-55.05686347124242
2336,0,normal,0.011133136227726936,0.3156859484607063,-55.01117689401053
2337,0,normal,0.01114096399396658,0.3156859484607063,-54.968437207831585
2338,0,normal,0.011147750541567802,0.3156859484607063,-54.93598377694775
2339,0,normal,0.011151920072734356,0.3156859484607063,-54.90610984476598
2340,0,normal,0.011153928004205227,0.3156859484607063,-54.87872521956501
2341,0,normal,0.011154212057590485,0.3156859484607063,-54.8536441918086
2342,0,normal,0.011153224855661392,0.3156859484607063,-54.830610844120656
2343,0,normal,0.011151350103318691,0.3156859484607063,-54.80936574599582
2344,0,normal,0.01114898081868887,0.3156859484607063,-54.7896579644198
2345,0,normal,0.011146449483931065,0.3156859484607063,-54.77115506035534
2346,0,normal,0.011144035495817661,0.3156859484607063,-54.75354018612393
2347,0,normal,0.011141961440443993,0.3158582945116637,-54.736461978943
2348,0,normal,0.011140384711325169,0.3161627543196283,-54.719563702997675
2349,0,normal,0.011140384711325169,0.3161627543196283,-54.719563702997675
2350,0,normal,0.011140384711325169,0.3161627543196283,-54.719563702997675
2351,0,normal,0.011140384711325169,0.3161627543196283,-54.719563702997675
2352,0,normal,0.011140384711325169,0.3161627543196283,-54.719563702997675
2353,0,normal,0.011140384711325169,0.3161627543196283,-54.719563702997675
2354,0,normal,0.011140384711325169,0.3161627543196283,-54.719563702997675
2355,0,normal,0.011140384711325169,0.3161627543196283,-54.719563702997675
2356,0,normal,0.011140384711325169,0.3161627543196283,-54.719563702997675
2357,0,normal,7.26426362991333,0.33415376353846293,-24.037895667696375
2358,0,normal,0.04199964925646782,0.3453163698690289,-24.05623698342083
2359,0,normal,1.3223528861999512,0.3402343756306476,-24.383871414504938
2360,0,normal,0.8569841980934143,0.3683645372233702,0.9934735489709965
2361,0,normal,0.6046338677406311,0.35932966925234383,0.699898094760556
2362,0,normal,0.13160017132759094,0.3743712882225655,2.0550862714751474
2363,0,normal,0.10631182044744492,0.373166944390825,3.3571105100336354
2364,0,normal,0.09721991419792175,0.3774195327813504,4.717397204421786
2365,0,normal,0.08447602391242981,0.38021427449540146,6.043652032290083
2366,0,normal,0.8726584911346436,0.392147680859009,5.8261477426028705
2367,0,normal,5.203230381011963,0.42291659517846497,31.630913114661553
2368,0,normal,0.1960039734840393,0.4049914257305279,32.74720547335119
2369,0,normal,0.7255710363388062,0.41895714624031,32.5525836917343
2370,0,normal,1.7403626441955566,0.4375363910196738,45.75084097208696
2371,0,normal,0.12380582839250565,0.4337278587157918,45.552742921812296
2372,0,normal,0.04201166331768036,0.4148125904042138,45.25362244829398
2373,0,normal,0.027995774522423744,0.437210904343372,44.57059830910089
2374,0,normal,0.01690966635942459,0.43348967124588783,44.369541579335646
2375,0,normal,0.009446135722100735,0.41820590268414487,44.27542513665139
2376,0,normal,0.005076829344034195,0.4333654324240374,44.248048217627
2377,0,normal,0.0030525950714945793,0.4202612661682277,44.18653471674952
2378,0,normal,0.002575730439275503,0.42155347139731,44.00524711478329
2379,0,normal,0.0029766331426799297,0.42930296451583105,43.885967452309615
2380,0,normal,0.003780486760661006,0.41857591141179934,43.81582922066491
2381,0,normal,0.004692284390330315,0.42479371049127823,43.95650603685931
2382,0,normal,0.003847574582323432,0.40431560634068137,44.374898450968885
2383,0,normal,0.004650065675377846,0.41960986612926365,44.739446436203025
2384,0,normal,0.005521936807781458,0.41414605076970584,45.02520703294363
2385,0,normal,0.006388234905898571,0.424650741163183,45.20937865683891
2386,0,normal,0.007187800481915474,0.4236241676238669,45.62086071745921
2387,0,normal,0.00788702443242073,0.386528653389621,17.855092318611923
2388,0,normal,0.007097350899130106,0.4000626184012308,18.788944251043404
2389,0,normal,0.007666051387786865,0.39372416998778487,20.031943738487826
2390,0,normal,0.008243059739470482,0.3783176770010115,-7.239615754604301
2391,0,normal,0.008831971324980259,0.3633970539497843,-6.486573259126089
2392,0,normal,0.009457279928028584,0.36880157332984304,-8.184718606459228
2393,0,normal,0.010095293633639812,0.3548058864612516,-9.842079215228978
2394,0,normal,0.010247383266687393,0.3497910838755061,-11.497609904333558
2395,0,normal,0.01014674175530672,0.34996412375719316,-13.049606424752255
2396,0,normal,0.010328873060643673,0.3517384872965243,-12.27516594678923
2397,0,normal,0.34935203194618225,0.32808784485169495,-40.92575984227278
2398,0,normal,0.06146685406565666,0.32716278489538175,-43.21279883922921
2399,0,normal,0.0316220223903656,0.3264828220854337,-43.04875613967761
2400,0,normal,0.011702648364007473,0.31364114498717355,-57.874193144662286
2401,0,normal,0.011834343895316124,0.31364114498717355,-57.80954904360556
2402,0,normal,0.011948883533477783,0.313627064351944,-57.781093494993684
2403,0,normal,0.011441738344728947,0.313627064351944,-57.69823550868932
2404,0,normal,0.011237053200602531,0.313627064351944,-57.625002124486855
2405,0,normal,0.011184346862137318,0.313627064351944,-57.56148186377709
2406,0,normal,0.011225804686546326,0.313627064351944,-57.5074718756448
2407,0,normal,0.011324468068778515,0.313627064351944,-57.46275403480263
2408,0,normal,0.011442854069173336,0.3136860832613061,-57.426845943779654
2409,0,normal,0.011558900587260723,0.31366571250611686,-57.39935935666722
2410,0,normal,0.011134985834360123,0.31366571250611686,-57.308382875392226
2411,0,normal,0.01088634505867958,0.31366571250611686,-57.22689735283325
2412,0,normal,0.010805525816977024,0.3159222318553094,-57.12618368484141
2413,0,normal,0.010827765800058842,0.3159222318553094,-57.03451099535528
2414,0,normal,0.010911368764936924,0.3144499817348358,-56.95160146941271
2415,0,normal,0.011018816381692886,0.3144499817348358,-56.877058099978285
2416,0,normal,0.011127987876534462,0.3149761745951143,-56.81046164947497
2417,0,normal,0.011227313429117203,0.3146228217132092,-56.751339933473446
2418,0,normal,0.011310548521578312,0.3146228217132092,-56.67952983023156
2419,0,normal,0.011378999799489975,0.3146228217132092,-56.61461335698459
2420,0,normal,0.011433376930654049,0.3146228217132092,-56.55626870063702
2421,0,normal,0.010374735109508038,0.31459339141874065,-56.423120873233756
2422,0,normal,0.010248768143355846,0.31459339141874065,-56.29799875163417
2423,0,normal,0.010240396484732628,0.31459339141874065,-56.180698430889834
2424,0,normal,0.010298703797161579,0.3146290901132365,-56.06035185833184
2425,0,normal,0.010397125035524368,0.31480842918019186,-55.94743478082546
2426,0,normal,0.010509397834539413,0.31480842918019186,-55.841692161492574
2427,0,normal,0.010620038025081158,0.31480842918019186,-55.7429264154714
2428,0,normal,0.010720965452492237,0.31480842918019186,-55.650897346857846
2429,0,normal,0.010808747261762619,0.31480842918019186,-55.56520776589923
2430,0,normal,0.010882677510380745,0.31480842918019186,-55.48552123823629
2431,0,normal,0.010943510569632053,0.31480842918019186,-55.41141491139115
2432,0,normal,0.010992689058184624,0.3148871768694323,-55.34246897300295
2433,0,normal,0.01103324443101883,0.31508415830996894,-55.276717507284275
2434,0,normal,0.011064959689974785,0.31508415830996894,-55.21554870192631
2435,0,normal,0.011089473962783813,0.31508415830996894,-55.15875236767192
2436,0,normal,0.011108247563242912,0.31508415830996894,-55.10593541477806
2437,0,normal,0.011122475378215313,0.31508415830996894,-55.05686347124242
2438,0,normal,0.011133136227726936,0.3156859484607063,-55.01117689401053
2439,0,normal,0.01114096399396658,0.3156859484607063,-54.968437207831585
2440,0,normal,0.011147750541567802,0.3156859484607063,-54.93598377694775
2441,0,normal,0.011151920072734356,0.3156859484607063,-54.90610984476598
2442,0,normal,0.011153928004205227,0.3156859484607063,-54.87872521956501
2443,0,normal,0.011154212057590485,0.3156859484607063,-54.8536441918086
2444,0,normal,0.011153224855661392,0.3156859484607063,-54.830610844120656
2445,0,normal,0.011151350103318691,0.3156859484607063,-54.80936574599582
2446,0,normal,0.01114898081868887,0.3156859484607063,-54.7896579644198
2447,0,normal,0.011146449483931065,0.3156859484607063,-54.77115506035534
2448,0,normal,0.011144035495817661,0.3156859484607063,-54.75354018612393
2449,0,normal,0.011141961440443993,0.3158582945116637,-54.736461978943
2450,0,normal,0.011140384711325169,0.3161627543196283,-54.719563702997675
2451,0,normal,0.011140384711325169,0.3161627543196283,-54.719563702997675
2452,0,normal,0.011140384711325169,0.3161627543196283,-54.719563702997675
2453,0,normal,0.011140384711325169,0.3161627543196283,-54.719563702997675
2454,0,normal,0.011140384711325169,0.3161627543196283,-54.719563702997675
2455,0,normal,7.26426362991333,0.33415376353846293,-24.037895667696375
2456,0,normal,0.04199964925646782,0.3453163698690289,-24.05623698342083
2457,0,normal,1.8250670433044434,0.36208122509728213,-11.976542243492759
2458,0,normal,1.1464341878890991,0.39403239389579064,12.979592641583167
2459,0,normal,0.09247826784849167,0.3786429011553121,14.05825897511113
2460,0,normal,0.0992051512002945,0.3888239457920018,15.310905886993396
2461,0,normal,0.10332846641540527,0.38674664384481056,16.61183566904765
2462,0,normal,0.09045442193746567,0.39793005222815525,17.933281968846813
2463,0,normal,0.0764283761382103,0.40717945611439343,19.222987218614662
2464,0,normal,0.10645823180675507,0.4172439161988561,20.503699954804233
2465,0,normal,0.2860959768295288,0.41693715063314896,21.77954117661534
2466,0,normal,2.7673630714416504,0.43920915369918784,47.121474881703534
2467,0,normal,0.18522422015666962,0.429940252290264,48.229829652922945
2468,0,normal,0.4741509258747101,0.4475014621870952,48.51491720055583
2469,0,normal,1.516951084136963,0.44588009857002053,61.463661773614604
2470,0,normal,0.12258623540401459,0.4505293808112083,61.28253510453851
2471,0,normal,0.06148316338658333,0.4643903806370916,60.96871863678871
2472,0,normal,0.04487171024084091,0.4428324500967423,60.33277974757834
2473,0,normal,0.02898644097149372,0.4651714307531022,60.22746403410565
2474,0,normal,0.017273349687457085,0.44107693822172483,60.242102055589385
2475,0,normal,0.009619523771107197,0.44189585568236023,60.16052760604725
2476,0,normal,0.005280880257487297,0.446223309630311,60.0412426943069
2477,0,normal,0.003327044425532222,0.4463797545152962,59.97023014412525
2478,0,normal,0.002894413424655795,0.43859856427419963,60.031476594020205
2479,0,normal,0.0033120010048151016,0.45028791067901247,60.35752878474909
2480,0,normal,0.004118333104997873,0.4483723318800289,60.90568466503123
2481,0,normal,0.005025707650929689,0.43442065922399514,61.36372529069058
2482,0,normal,0.003948984667658806,0.45951433732610386,61.793494909322135
2483,0,normal,0.004806263372302055,0.43355343230588894,62.24532574867362
2484,0,normal,0.005708696320652962,0.4398969317066452,62.87298603656018
2485,0,normal,0.006582202855497599,0.43430430122789887,35.95220116077962
2486,0,normal,0.007358257193118334,0.42283075580865137,37.09137814971609
2487,0,normal,0.008021378889679909,0.4120178383398911,25.223362509277194
2488,0,normal,0.006960026919841766,0.38155538488276597,-1.483298041611988
2489,0,normal,0.007669378537684679,0.3854995943534501,-2.615947756023388
2490,0,normal,0.008316433057188988,0.37091127084475445,-4.044516055131453
2491,0,normal,0.008944595232605934,0.36925015347101103,-5.591587364204997
2492,0,normal,0.009566277265548706,0.35956018759035563,-7.060285727400924
2493,0,normal,0.010168932378292084,0.3532347780048807,-8.542157180507274
2494,0,normal,0.010647264309227467,0.356992239464976,-9.918177850530128
2495,0,normal,0.010004807263612747,0.3535710428190035,-11.44385355058148
2496,0,normal,0.41376298666000366,0.3308165464509742,-39.994122425336855
2497,0,normal,0.022239811718463898,0.32988297653193865,-42.216301942727796
2498,0,normal,0.017535923048853874,0.325682077782412,-43.08747652887564
2499,0,normal,0.0113730663433671,0.313815234679804,-57.931426380177754
2500,0,normal,0.01154404878616333,0.31379886431692794,-57.88511283653952
2501,0,normal,0.01170416921377182,0.31364114498717355,-57.84651915719019
2502,0,normal,0.011841122061014175,0.31364114498717355,-57.815663351083
2503,0,normal,7.2755584716796875,0.3313923116715035,-26.966296068688962
2504,0,normal,0.04147426784038544,0.3433638641840748,-26.97171282349177
2505,0,normal,1.856902837753296,0.35008827896999606,-16.374114297328788
2506,0,normal,1.6546318531036377,0.3882018539360661,8.76091522099523
2507,0,normal,0.09157132357358932,0.37222679652768126,9.923654706408115
2508,0,normal,0.10006988048553467,0.381687577460744,11.290787025010559
2509,0,normal,0.11173278838396072,0.37888792084477024,12.593624391402273
2510,0,normal,0.09590936452150345,0.39323444663292056,13.974735654772076
2511,0,normal,0.8306052684783936,0.39502036695669396,13.87453300773086
2512,0,normal,0.10606825351715088,0.40982327750714154,15.300437010985206
2513,0,normal,2.939967393875122,0.42255389984720026,30.625087188955376
2514,0,normal,2.767947196960449,0.41371517120260803,40.911751219774715
2515,0,normal,0.6184335947036743,0.4205997606826954,42.19992882268275
2516,0,normal,1.6980022192001343,0.4500707403510983,55.31015005780682
2517,0,normal,0.0939277783036232,0.42182619615684463,55.25990908359563
2518,0,normal,0.04336506500840187,0.4332104203051615,55.05947864557925
2519,0,normal,0.031148837879300117,0.44419755771609637,54.50781260495705
2520,0,normal,0.019636938348412514,0.43868500461599486,54.452692914850104
2521,0,normal,0.01134505495429039,0.43802025780566467,54.47912156959433
2522,0,normal,0.006130528636276722,0.4218858060062833,54.56892479782573
2523,0,normal,0.003358847461640835,0.43748488360734755,54.60548574359427
2524,0,normal,0.0022802678868174553,0.42437021720768825,54.5441785694527
2525,0,normal,0.0022304710000753403,0.43533002939631993,54.53997439361456
2526,0,normal,0.002522371942177415,0.43127546244670617,54.69376883655991
2527,0,normal,0.0026441134978085756,0.428803360570134,55.08395773928896
2528,0,normal,0.00326047046110034,0.42776347413056953,55.67369529698044
2529,0,normal,0.004094141535460949,0.4277052449632007,56.19164062176128
2530,0,normal,0.004966281820088625,0.4341398678202134,56.596887827048704
2531,0,normal,0.005767582915723324,0.4311194786063015,56.98010422632842
2532,0,normal,0.004580794367939234,0.42882745088676255,57.569654944386
2533,0,normal,0.005357798188924789,0.39887653813539664,30.370544524076195
2534,0,normal,0.006120746489614248,0.41957311145137266,31.45374360153164
2535,0,normal,0.0068618133664131165,0.38899103369950816,22.009160800999325
2536,0,normal,0.007504837587475777,0.3739348747971918,-5.03938398298169
2537,0,normal,0.008153300732374191,0.37714591181654744,-6.532395023009258
2538,0,normal,0.007958284579217434,0.3620237355779444,-8.153608305799935
2539,0,normal,0.008485674858093262,0.3559158027973517,-9.888061164639566
2540,0,normal,0.00898054614663124,0.3478788499103463,-11.533163520911557
2541,0,normal,0.009431658312678337,0.351250975659489,-10.677693725386689
2542,0,normal,0.009700172580778599,0.3556078734321517,-12.337209914083587
2543,0,normal,0.008819567039608955,0.3359997107829297,-29.43371619147638
2544,0,normal,0.01236692350357771,0.3322281510287869,-40.686977687643775
2545,0,normal,0.007565638981759548,0.32453206018743475,-42.972200319173226
2546,0,normal,0.010870849713683128,0.31270712015317415,-57.81540616738971
2547,0,normal,0.010911102406680584,0.31401657287507245,-57.77296750920982
2548,0,normal,0.0110536590218544,0.31401657287507245,-57.74037813345922
2549,0,normal,0.011249914765357971,0.31401657287507245,-57.717549676802264
2550,0,normal,0.01145427767187357,0.31379886431692794,-57.70415585529281
2551,0,normal,0.01164159458130598,0.31364114498717355,-57.70000414425499
2552,0,normal,0.011800696142017841,0.31364114498717355,-57.70478839902762
2553,0,normal,7.27581262588501,0.3313923116715035,-26.954373136079766
2554,0,normal,0.041029591113328934,0.3433638641840748,-26.993938161232336
2555,0,normal,2.8717598915100098,0.3762015658967897,-0.6149875710875676
2556,0,normal,0.10923471301794052,0.3651874628931322,-0.5123644332866206
2557,0,normal,0.7746074795722961,0.36231020186761626,-0.7861545534990455
2558,0,normal,0.13989467918872833,0.3602712814898204,0.63159419233466
2559,0,normal,0.727508008480072,0.36913618673506515,0.4205022628882489
2560,0,normal,0.1852734237909317,0.385555070185746,1.89220765631012
2561,0,normal,0.5544722080230713,0.3824005720956635,1.7681051646297874
2562,0,normal,0.26635679602622986,0.3845832006381542,3.2131937343813206
2563,0,normal,4.303064346313477,0.4210379946047984,29.105616226884877
2564,0,normal,0.44104817509651184,0.4043387579200491,28.917391037483185
2565,0,normal,1.803464651107788,0.43258921595330607,42.222985465607735
2566,0,normal,0.07309781014919281,0.433129841518665,42.11156465862314
2567,0,normal,0.02978343702852726,0.40043291967372546,41.940791778104085
2568,0,normal,0.01906251162290573,0.42531418857989994,41.366906112165
2569,0,normal,0.011525053530931473,0.4221631237158436,41.309688317383916
2570,0,normal,0.0068331011570990086,0.4106476654155719,41.29789649417694
2571,0,normal,0.004188737832009792,0.4172527357449133,41.30164344541981
2572,0,normal,0.0029528364539146423,0.41245199800741805,41.44208762864446
2573,0,normal,0.0026019078213721514,0.4175267961247184,41.44702290532973
2574,0,normal,0.00273762084543705,0.4284359859943,41.4244494724237
2575,0,normal,0.002123854123055935,0.411457236351173,41.52562943393991
2576,0,normal,0.0023118779063224792,0.41504644873638186,41.76597138921943
2577,0,normal,0.002792644314467907,0.41564561196861316,42.237197497152465
2578,0,normal,0.0033935322426259518,0.40651037177723875,42.76426549367261
2579,0,normal,0.003999498672783375,0.4091902952877875,43.12225788605656
2580,0,normal,0.004547229968011379,0.42608942935550354,43.50333857447913
2581,0,normal,0.0034625958651304245,0.40213938367378604,43.96649890814251
2582,0,normal,0.00403554318472743,0.40796469887644604,44.53019697194827
2583,0,normal,0.0046777669340372086,0.38208891551742963,17.056457490797584
2584,0,normal,0.005318323150277138,0.39053157685330364,18.16491502380336
2585,0,normal,0.005948672071099281,0.3709347990530315,-9.092180643119036
2586,0,normal,0.0066429306752979755,0.3537030696353303,-10.743318317168814
2587,0,normal,0.006538665387779474,0.3588168662989159,-10.09586343667047
2588,0,normal,0.0071763875894248486,0.3583882968458762,-11.975613939292543
2589,0,normal,0.007578536868095398,0.35635227473883907,-11.264114178320142
2590,0,normal,0.008217982016503811,0.3387176685247551,-12.975685285153759
2591,0,normal,0.00872284546494484,0.35354984699772646,-12.223963441687602
2592,0,normal,0.008950666524469852,0.3482274204990541,-13.962054049457038
2593,0,normal,0.006472207605838776,0.3273752688102355,-42.92742884508516
2594,0,normal,0.0073525127954781055,0.32525145424032387,-42.79442171947994
2595,0,normal,0.009832818061113358,0.3130648511718052,-57.628096913592344
2596,0,normal,0.010215629823505878,0.3130648511718052,-57.62594341253907
2597,0,normal,0.010589409619569778,0.3130648511718052,-57.63356052684685
2598,0,normal,0.010922985151410103,0.3129232953334952,-57.65088535997961
2599,0,normal,0.010791326873004436,0.31270712015317415,-57.62504012045406
2600,0,normal,0.010719386860728264,0.31270712015317415,-57.610487883159294
2601,0,normal,7.297849655151367,0.3307184692860888,-26.8451125125373
2602,0,normal,0.038805942982435226,0.34394540845587857,-26.87122864752814
2603,0,normal,2.898012161254883,0.3776891255640867,-0.4810748105410312
2604,0,normal,0.11035759747028351,0.36374864030391907,-0.4544467546843407
2605,0,normal,2.698808193206787,0.38207703122087766,11.431118110119087
2606,0,normal,7.953725337982178,0.3847632327033656,48.19294183042007
2607,0,normal,0.27602654695510864,0.4022261784009238,49.42804214693774
2608,0,normal,0.21967552602291107,0.4040556350509116,50.72336817053383
2609,0,normal,0.31222689151763916,0.4171345493925088,51.85853492617866
2610,0,normal,0.7657648324966431,0.4252504520922943,53.11675310796204
2611,0,normal,2.0673418045043945,0.4214200131044153,54.47913648535177
2612,0,normal,0.6849267482757568,0.45375527387131837,79.17389578321854
2613,0,normal,0.17408816516399384,0.4283209425356637,80.36993883501191
2614,0,normal,0.7825573682785034,0.4503331404679487,80.2557599471038
2615,0,normal,1.5494656562805176,0.4348524259889317,93.02747307985373
2616,0,normal,0.08111084997653961,0.4612818452548321,92.95861142046579
2617,0,normal,0.039597127586603165,0.45331926268432543,92.82980864686783
2618,0,normal,0.02707981877028942,0.43605079503322985,92.295755852728
2619,0,normal,0.016259722411632538,0.4710665513147644,92.29079361336198
2620,0,normal,0.008981128223240376,0.43314986657394433,92.37004376590971
2621,0,normal,0.004643055144697428,0.461338911577403,92.36446566431596
2622,0,normal,0.002465955214574933,0.46200111920178655,92.4020464765058
2623,0,normal,0.0017024510307237506,0.4447026320322557,92.43248746452764
2624,0,normal,0.002348371548578143,0.44415175402014684,92.65021209515612
2625,0,normal,0.0019456284353509545,0.448216506938315,93.1837405884337
2626,0,normal,0.002218592446297407,0.4651765092222016,93.80899021710297
2627,0,normal,0.0028129061684012413,0.44112710737356436,94.30442609755937
2628,0,normal,0.0023484700359404087,0.4582432510098762,94.84376860404222
2629,0,normal,0.0028883812483400106,0.4365720390378516,95.46900111559398
2630,0,normal,0.003641124814748764,0.44357967361593453,96.14627769487538
2631,0,normal,0.004465842619538307,0.4492944340299973,70.26623781230592
2632,0,normal,0.005260990932583809,0.40506145442327,71.41943545343065
2633,0,normal,0.00599850807338953,0.40627745112167524,45.77128925604757
2634,0,normal,0.005137977655977011,0.39500221709792593,44.88438901613176
2635,0,normal,0.005782349035143852,0.39647108436424766,33.056017319068815
2636,0,normal,0.00649583525955677,0.3679506175135809,-4.231592744231648
2637,0,normal,0.00721403444185853,0.37035169838124654,-5.780360645244173
2638,0,normal,0.007932791486382484,0.3603938340052418,-7.261305053850492
2639,0,normal,0.008620708249509335,0.3549012072923283,-8.78152096174631
2640,0,normal,0.00852675549685955,0.35322138543741843,-10.181552613067424
2641,0,normal,0.008646819740533829,0.3514873082190585,-11.790542330258631
2642,0,normal,0.007309282198548317,0.3294337373762178,-40.47880918952228
2643,0,normal,0.00791255198419094,0.32745125398384584,-42.81239740205706
2644,0,normal,0.008683930151164532,0.32490331871334355,-42.70160282007828
2645,0,normal,0.010646762326359749,0.3129232953334952,-57.603448840768124
2646,0,normal,0.010963063687086105,0.3129232953334952,-57.62416800155711
2647,0,normal,0.01085221953690052,0.3128302893040223,-57.60195350609001
2648,0,normal,0.010768656618893147,0.31270712015317415,-57.591203071541486
2649,0,normal,0.010839990340173244,0.31401657287507245,-57.59185404141476
2650,0,normal,0.011007038876414299,0.31401657287507245,-57.603551399070284
2651,0,normal,0.011222978122532368,0.31401657287507245,-57.625899146441725
2652,0,normal,0.011442850343883038,0.31379886431692794,-57.658229921892826
2653,0,normal,0.01164159458130598,0.31364114498717355,-57.70000414425499
2654,0,normal,0.011800696142017841,0.31364114498717355,-57.70478839902762
2655,0,normal,0.011928844265639782,0.313627064351944,-57.71804988055692
2656,0,normal,0.012027829885482788,0.313627064351944,-57.7394460837304
2657,0,normal,0.012101542204618454,0.313627064351944,-57.76838697170001
2658,0,normal,0.01214870810508728,0.313627064351944,-57.76718986278388
2659,0,normal,0.012182626873254776,0.313627064351944,-57.77290634206997
2660,0,normal,0.012206586077809334,0.3136860832613061,-57.78513486132465
2661,0,normal,0.01161833293735981,0.3136860832613061,-57.741440687258546
2662,0,normal,0.01138406153768301,0.31366571250611686,-57.70533084627709
2663,0,normal,82.76729583740234,0.3305043289329432,249.91323233846197
2664,0,normal,0.04667969048023224,0.334803949344307,249.92234890042266
2665,0,normal,0.015871040523052216,0.3204898055322736,249.89535701040234
2666,0,normal,0.013084371574223042,0.3223441447788943,249.73945727184196
2667,0,normal,0.015027840621769428,0.3259264100558127,249.74956164390517
2668,0,normal,0.017681865021586418,0.3221700491163996,249.77005104478826
2669,0,normal,0.019147038459777832,0.32124128339160934,249.78357442938398
2670,0,normal,0.01902768760919571,0.3307681857995638,249.81951528034904
2671,0,normal,0.017774011939764023,0.32749559080605406,249.85777960462144
2672,0,normal,0.016127048060297966,0.3276197884341521,249.88403901709023
2673,0,normal,0.014631356112658978,0.3223365017355317,249.89557162717892
2674,0,normal,0.013515378348529339,0.32336109774767674,249.91136665470162
2675,0,normal,0.012785973027348518,0.3177409003563639,249.91242996475
2676,0,normal,0.012356551364064217,0.32184525468551367,249.92461955895476
2677,0,normal,0.012134771794080734,0.3285732151202249,249.93358572902855
2678,0,normal,0.012027348391711712,0.3238049343750999,249.94859903817667
2679,0,normal,0.010311968624591827,0.32516573267683946,250.00162112204566
2680,0,normal,0.01030441652983427,0.32442999412970835,250.0623601012569
2681,0,normal,0.010375220328569412,0.3277936913362967,250.11178284154255
2682,0,normal,0.010505493730306625,0.3201812889783809,250.2029505448561
2683,0,normal,0.010666145011782646,0.32195353379135006,250.2759031030222
2684,0,normal,0.01082981750369072,0.3205742501503286,250.3694061769272
2685,0,normal,0.010980702936649323,0.32639965435369356,250.4525717662259
2686,0,normal,0.011111559346318245,0.3219187253804009,250.52436190441665
2687,0,normal,0.01122059766203165,0.3261005242016824,250.58436311461855
2688,0,normal,0.011309036053717136,0.32397536383441083,250.65707723661308
2689,0,normal,0.01137936394661665,0.3213489751455306,250.73897133612672
2690,0,normal,0.011434337124228477,0.3199824472059497,250.8118801393142
2691,0,normal,0.011476339772343636,0.32265598508808696,250.8620346127699
2692,0,normal,0.01150770578533411,0.32535145401026283,250.9255801038032
2693,0,normal,0.01150474138557911,0.31470779294174334,-56.36046413620011
2694,0,normal,0.01152209471911192,0.3148871768694323,-56.3261957080947
2695,0,normal,0.011534417048096657,0.3148871768694323,-56.29477241101472
2696,0,normal,0.01154262199997902,0.3148871768694323,-56.26618503097029
2697,0,normal,1.4657924175262451,0.3202227298550808,-50.1691886325425
2698,0,normal,5.680062294006348,0.33706915364856427,-25.483408022362482
2699,0,normal,0.07475387305021286,0.33739270052691916,-25.54237971571797
2700,0,normal,2.538846969604492,0.37993119945200127,0.6397408760801682
2701,0,normal,0.5063464045524597,0.3640926083083839,-0.5086403882389732
2702,0,normal,0.1456361562013626,0.36443528859067204,0.8506571751549927
2703,0,normal,0.11269300431013107,0.365385484563241,2.2095171003115865
2704,0,normal,0.0989820659160614,0.3768022636091941,3.5882715182638094
2705,0,normal,0.8199965953826904,0.3860433121734513,3.460214178372098
2706,0,normal,0.11094195395708084,0.3818388747239574,4.883107496998036
2707,0,normal,0.21067103743553162,0.39115374957224686,6.240412736961616
2708,0,normal,0.7531379461288452,0.39648303342551366,7.630084941506993
2709,0,normal,2.1247284412384033,0.4218362742603274,31.898913310580156
2710,0,normal,0.2012069970369339,0.4239865703243636,33.0980054724771
2711,0,normal,1.0462003946304321,0.42724826816981926,38.99548152650118
2712,0,normal,1.2044427394866943,0.42648656909989746,46.68966248792822
2713,0,normal,0.10677757859230042,0.4332226693756203,46.46326015411
2714,0,normal,0.07812481373548508,0.4413489666435628,46.000014356434576
2715,0,normal,0.05892299860715866,0.4208397551744514,45.60728905702831
2716,0,normal,0.03869115188717842,0.4464496389045275,45.60286452256673
2717,0,normal,0.02342100441455841,0.42204871381102477,45.60781534460625
2718,0,normal,0.013237681239843369,0.4347664026136952,45.54695534628331
2719,0,normal,0.007182834669947624,0.4429151037941164,45.49706969836643
2720,0,normal,0.0041160378605127335,0.42826746690438233,45.45903924028403
2721,0,normal,0.003005886683240533,0.42053843014435205,45.606274553440244
2722,0,normal,0.0034654324408620596,0.42645674163105424,46.03066431518823
2723,0,normal,0.003203633241355419,0.4199111327086775,46.43389699584236
2724,0,normal,0.0037956296000629663,0.4250769349797501,46.73033280300115
2725,0,normal,0.004784754011780024,0.44425693174974823,47.02807876974816
2726,0,normal,0.005878177471458912,0.41937203182524596,47.4715409613118
2727,0,normal,0.005010658409446478,0.409528604280099,42.4648676718914
2728,0,normal,0.005969916470348835,0.4319816974991759,20.50242017832511
2729,0,normal,0.006940292660146952,0.4046266381115919,21.392400246221086
2730,0,normal,0.007694432977586985,0.3814985208051737,-5.878615306957954
2731,0,normal,0.008590158075094223,0.36873698333113814,-4.755256162561636
2732,0,normal,7.32493257522583,0.3962844435715567,23.345052054685993
2733,0,normal,0.043524909764528275,0.39518617628660185,21.706589696507763
2734,0,normal,2.8847455978393555,0.420224922737829,45.341902949311134
2735,0,normal,0.10986273735761642,0.40706037515752624,46.23475817792905
2736,0,normal,0.10925351083278656,0.3979556338347168,45.919456191366635
2737,0,normal,0.11558866500854492,0.4071812129974556,45.74431343436231
2738,0,normal,0.10006726533174515,0.4087780514836309,45.352483521885915
2739,0,normal,0.8418774008750916,0.41116896930402735,20.288353246134648
2740,0,normal,0.17780238389968872,0.40032146252467943,19.583646226411474
2741,0,normal,4.840871334075928,0.42224685943240986,38.70478826826138
2742,0,normal,0.17754687368869781,0.4101413782667224,31.745348881065865
2743,0,normal,0.45567405223846436,0.4189285084209917,32.199250073051644
2744,0,normal,1.5511020421981812,0.4192822852591959,45.53735695083378
2745,0,normal,0.0974099412560463,0.4394882031238944,45.46048626333163
2746,0,normal,0.03989764302968979,0.43173630594131385,45.289222884384344
2747,0,normal,0.027737675234675407,0.4369974829126788,44.75826724212925
2748,0,normal,0.01733100786805153,0.4460043726707999,44.71639980982809
2749,0,normal,0.009922717697918415,0.3938855623860733,44.713966367543435
2750,0,normal,0.005222066305577755,0.43609817914255244,44.73548717245467
2751,0,normal,0.0026683988980948925,0.4257674686376155,44.84290625681433
2752,0,normal,0.0016112022567540407,0.4228017726258331,44.837177334052285
2753,0,normal,0.0014700005995109677,0.42977746171388603,44.841994121570906
2754,0,normal,0.0018699908396229148,0.42557040088028525,44.93457600351235
2755,0,normal,0.001792832976207137,0.4194722290896883,45.16589358985948
2756,0,normal,0.0022049774415791035,0.41096310946611886,45.659397014943124
2757,0,normal,0.0028435527347028255,0.4116273500839841,46.23058304819256
2758,0,normal,0.0035448712296783924,0.40811856996105195,46.65863241224474
2759,0,normal,0.0027324671391397715,0.429976433052325,47.09398379675258
2760,0,normal,0.003369763493537903,0.429514930586529,47.690228332204015
2761,0,normal,0.004098439123481512,0.4024971899268255,48.403916253744
2762,0,normal,0.00485202856361866,0.41049928686397663,21.3136593818067
2763,0,normal,0.00557212857529521,0.3875346121116277,22.791423483718063
2764,0,normal,0.00626029260456562,0.3825414847146864,-4.188443987635992
2765,0,normal,0.005770269315689802,0.364445491330078,-5.654928326972595
2766,0,normal,0.00636153481900692,0.3695848670854274,-7.274765906844095
2767,0,normal,0.007012064103037119,0.3604099802795897,-8.866602040256566
2768,0,normal,0.007630676031112671,0.3514913315838829,-10.477250300377591
2769,0,normal,0.008207841776311398,0.3567764023641916,-9.49430933070903
2770,0,normal,0.008657834492623806,0.35360752620679814,-11.061820163470884
2771,0,normal,0.006294628605246544,0.3316913588526661,-39.6005610651473
2772,0,normal,0.006555166095495224,0.33017384409369516,-41.844096032081325
2773,0,normal,0.007680336479097605,0.32525145424032387,-42.74092377494867
2774,0,normal,0.009978113695979118,0.3130648511718052,-57.625120416064874
2775,0,normal,0.010334327816963196,0.3130648511718052,-57.62825281778919
2776,0,normal,0.010682355612516403,0.3129232953334952,-57.641269332186994
2777,0,normal,0.010994413867592812,0.3129232953334952,-57.66400192545666
2778,0,normal,0.01125958003103733,0.31270712015317415,-57.696273478667536
2779,0,normal,0.01104567851871252,0.31270712015317415,-57.68504287480005
2780,0,normal,0.010940817184746265,0.31401657287507245,-57.68466347246704
2781,0,normal,0.010983185842633247,0.31401657287507245,-57.69497545683498
2782,0,normal,0.01111986767500639,0.31401657287507245,-57.715547259321966
2783,0,normal,0.011307970620691776,0.313815234679804,-57.745833748906534
2784,0,normal,0.011496661230921745,0.31379886431692794,-57.739371769214586
2785,0,normal,0.011671949177980423,0.31364114498717355,-57.74175342019112
2786,0,normal,0.011822241358458996,0.31364114498717355,-57.75261503332763
2787,0,normal,0.011944075115025043,0.313627064351944,-57.771513087567655
2788,0,normal,0.012038587592542171,0.313627064351944,-57.79793844969481
2789,0,normal,0.012103062123060226,0.313627064351944,-57.794105712592
2790,0,normal,0.011570855043828487,0.313627064351944,-57.735017487934556
2791,0,normal,0.011344474740326405,0.3136860832613061,-57.68441771109724
2792,0,normal,0.011264140717685223,0.3136860832613061,-57.64217509002765
2793,0,normal,0.011279243044555187,0.3136860832613061,-57.60784944768807
2794,0,normal,7.2667694091796875,0.3313707910749171,-26.821665287887754
2795,0,normal,0.0398171991109848,0.3418865806723741,-26.792890639530697
2796,0,normal,1.2818189859390259,0.33444413185793376,-27.07957489629848
2797,0,normal,3.65057373046875,0.33092136818348156,-28.29451638323212
2798,0,normal,1.1298182010650635,0.36350852077071694,-3.1196875989635373
2799,0,normal,0.11753427982330322,0.35967545682675023,-1.7817359853047492
2800,0,normal,0.13094963133335114,0.37472922413750337,-0.4762974134637261
2801,0,normal,0.1312583088874817,0.36419968091317434,1.0106398135076233
2802,0,normal,0.1253742128610611,0.37399589691884877,2.3914012269287923
2803,0,normal,0.12723079323768616,0.3939347438903397,3.7387478299299346
2804,0,normal,0.16861766576766968,0.39040371185238215,5.107795462764898
2805,0,normal,4.577910900115967,0.42421356761977386,30.911918503966035
2806,0,normal,0.1887577772140503,0.40067207553371675,32.09774550849761
2807,0,normal,0.4757765233516693,0.42507634953395834,32.49112946625701
2808,0,normal,1.5386803150177002,0.4229497688927113,45.78620662221056
2809,0,normal,0.12720543146133423,0.44040511371127883,45.695060824402844
2810,0,normal,0.04751257598400116,0.42740945405013603,45.48530546572647
2811,0,normal,0.03319910168647766,0.43204793024071964,44.93580504972829
2812,0,normal,0.020890390500426292,0.44307436960053276,44.910331234237674
2813,0,normal,0.01214918028563261,0.4057874288114519,45.025691415198025
2814,0,normal,0.006589258089661598,0.43116841946224477,45.066097529806484
2815,0,normal,0.003547245403751731,0.42332972545900655,45.077505958370466
2816,0,normal,0.0045783910900354385,0.42252076726411125,45.02874223254503
2817,0,normal,0.0028897104784846306,0.42043926871180487,45.014743560105444
2818,0,normal,0.0025758380070328712,0.4322680718185475,45.11750226288996
2819,0,normal,0.003023509168997407,0.41918230655249017,45.407218422455344
2820,0,normal,0.0038385167717933655,0.40777162221296553,45.82667035975851
2821,0,normal,0.0047582099214196205,0.43533275332059984,46.26283942668647
2822,0,normal,0.0038181724958121777,0.4140278099278303,46.56581869465981
2823,0,normal,0.004676838871091604,0.43260246307133543,46.82014532794801
2824,0,normal,0.005594529211521149,0.40717715527690634,19.047064351974313
2825,0,normal,0.006475178059190512,0.39046210836244566,19.626838533999035
2826,0,normal,0.007271468639373779,0.4088005527097386,20.652192811400027
2827,0,normal,0.0065963389351964,0.39318685503983875,22.051965425815297
2828,0,normal,7.35217809677124,0.4041200526770345,26.87397775322438
2829,0,normal,0.040937136858701706,0.3970161908094059,25.495954705085524
2830,0,normal,1.275547742843628,0.39377057857342723,25.222447391982087
2831,0,normal,0.7551926374435425,0.4151493972725722,48.1763593893927
2832,0,normal,0.10691021382808685,0.40143514503919325,47.89001196169329
2833,0,normal,0.1291661560535431,0.4248834532036499,47.82865531193829
2834,0,normal,0.13102132081985474,0.40623889226005233,47.61507183682397
2835,0,normal,115.09589385986328,0.4260881501865428,407.9919717641286
2836,0,normal,110.35531616210938,0.4448060487936785,660.1673806961419
2837,0,normal,1.3473455905914307,0.43975972622660625,660.464462806646
2838,0,normal,1.1057013273239136,0.4507932713492465,654.9229877592495
2839,0,normal,2.528353691101074,0.46115319206302574,665.8882513092183
2840,0,normal,0.22380487620830536,0.4588083010351563,666.0609103607641
2841,0,normal,0.6846999526023865,0.4705320939885757,666.0242683945678
2842,0,normal,1.6738200187683105,0.4753191477181603,671.7309637071291
2843,0,normal,0.07564657181501389,0.48480287848018033,671.9430978480241
2844,0,normal,0.02300812117755413,0.4850309725569538,672.607073413493
2845,0,normal,0.014328128658235073,0.4688521710496175,672.581850720318
2846,0,normal,0.007981683127582073,0.46356434295153226,672.5897111891942
2847,0,normal,0.004075615666806698,0.4428323062546441,672.6219600501556
2848,0,normal,0.005166206508874893,0.4601402871838237,672.6257742196466
2849,0,normal,0.0026572358328849077,0.4697906871226013,672.5970262704869
2850,0,normal,0.0016505505191162229,0.46681386759427584,672.5864180505039
2851,0,normal,0.0015089287189766765,0.45238199656666794,672.6216374399119
2852,0,normal,0.001824516337364912,0.4549417502388932,672.7778211594623
2853,0,normal,0.0023308105301111937,0.46943770892603326,673.0272220166485
2854,0,normal,0.0016862837364897132,0.45747758914959163,673.2917662271122
2855,0,normal,0.0020954320207238197,0.48136618919486,673.5499470108468
2856,0,normal,0.0026740101166069508,0.45928698213317687,673.807874308239
2857,0,normal,0.0033173104748129845,0.4643192343632329,674.1917542103231
2858,0,normal,0.003926252946257591,0.4450174932830323,662.6444863660654
2859,0,normal,0.0031823127064853907,0.4456240099607864,663.1880086589563
2860,0,normal,0.0037594486493617296,0.4473987794120027,662.803579753147
2861,0,normal,0.004412688314914703,0.4126214290139719,651.4611523879682
2862,0,normal,0.005110805854201317,0.39376114794687306,651.0340197169893
2863,0,normal,0.005809267051517963,0.39306138496264753,650.4486802121401
2864,0,normal,0.006469446700066328,0.402131846461229,649.827302950311
2865,0,normal,0.006342580541968346,0.3746308923909891,389.4016870042825
2866,0,normal,0.006826864089816809,0.3512485129552252,-9.720875100364538
2867,0,normal,0.007324965670704842,0.35287280272271665,-11.188568425655603
2868,0,normal,0.007812542840838432,0.3509124612604784,-12.918645387972447
2869,0,normal,0.007015220820903778,0.3258841390139672,-41.72874992446873
2870,0,normal,0.007750891149044037,0.3273752688102355,-42.686640755847066
2871,0,normal,0.007260138168931007,0.3251759795309838,-42.57903257588464
2872,0,normal,0.00937623530626297,0.31340030172175126,-57.436486407458915
2873,0,normal,0.009604167193174362,0.31340030172175126,-57.41683397794509
2874,0,normal,0.009936736896634102,0.3130648511718052,-57.4627396290075
2875,0,normal,0.010310162790119648,0.3130648511718052,-57.51956384177652
2876,0,normal,0.010672032833099365,0.3129232953334952,-57.58682249782214
2877,0,normal,0.010994413867592812,0.3129232953334952,-57.66400192545666
2878,0,normal,0.010893775150179863,0.31270712015317415,-57.643547671350916
2879,0,normal,0.010800634510815144,0.31270712015317415,-57.634314180077126
2880,0,normal,0.010865320451557636,0.31401657287507245,-57.63615867589647
2881,0,normal,0.011027127504348755,0.31401657287507245,-57.64874075723742
2882,0,normal,0.011238554492592812,0.31401657287507245,-57.67163093737486
2883,0,normal,0.01145427767187357,0.31379886431692794,-57.70415585529281
2884,0,normal,0.01164159458130598,0.31364114498717355,-57.70000414425499
2885,0,normal,0.011800696142017841,0.31364114498717355,-57.70478839902762
2886,0,normal,0.011928844265639782,0.313627064351944,-57.71804988055692
2887,0,normal,0.012027829885482788,0.313627064351944,-57.7394460837304
2888,0,normal,0.012101542204618454,0.313627064351944,-57.76838697170001
2889,0,normal,0.01214870810508728,0.313627064351944,-57.76718986278388
2890,0,normal,0.011560356244444847,0.313627064351944,-57.7108260238374
2891,0,normal,0.01133992150425911,0.3136860832613061,-57.66299117753465
2892,0,normal,0.01126045361161232,0.3136860832613061,-57.62355460487129
2893,0,normal,0.011274274438619614,0.31366571250611686,-57.59197518689098
2894,0,normal,0.01134934276342392,0.31366571250611686,-57.56778154309063
2895,0,normal,0.011444968171417713,0.31366571250611686,-57.521919626022964
2896,0,normal,0.011545699089765549,0.31366571250611686,-57.482648098518894
2897,0,normal,0.011639075353741646,0.31366571250611686,-57.4496701108842
2898,0,normal,0.011719303205609322,0.31366571250611686,-57.42255249446748
2899,0,normal,0.011141423135995865,0.31366571250611686,-57.32940882649518
2900,0,normal,0.01090672705322504,0.3139552856885104,-57.243305435412594
2901,0,normal,0.010823708027601242,0.3165780782644934,-57.14450170240934
2902,0,normal,0.01083701103925705,0.3165780782644934,-57.05251720500064
2903,0,normal,0.010910716839134693,0.31533893912462824,-56.967191096898205
2904,0,normal,0.011010047048330307,0.31533893912462824,-56.8881529532473
2905,0,normal,0.011113793589174747,0.3153094418434542,-56.815098248520144
2906,0,normal,0.011210307478904724,0.31459339141874065,-56.747853105792956
2907,0,normal,0.011294079013168812,0.31459339141874065,-56.686051098987264
2908,0,normal,0.011363077908754349,0.31459339141874065,-56.61885684109575
2909,0,normal,0.011418110691010952,0.31459339141874065,-56.55688790796489
2910,0,normal,0.01037132553756237,0.31459339141874065,-56.41904940042468
2911,0,normal,0.010240929201245308,0.3146290901132365,-56.28848670693901
2912,0,normal,0.010229784995317459,0.3146290901132365,-56.16528291588338
2913,0,normal,0.010287746787071228,0.3146290901132365,-56.049268969781906
2914,0,normal,0.010386164300143719,0.31480842918019186,-55.94017278395199
2915,0,normal,0.010498964227735996,0.31480842918019186,-55.837744267371136
2916,0,normal,0.010610644705593586,0.31480842918019186,-55.74171336897052
2917,0,normal,0.010712993331253529,0.31480842918019186,-55.651774283023315
2918,0,normal,0.010802406817674637,0.31480842918019186,-55.56751111201106
2919,0,normal,0.010877967812120914,0.3148871768694323,-55.48854786494621
2920,0,normal,0.010941513814032078,0.3148871768694323,-55.41302251059892
2921,0,normal,1.5355335474014282,0.32626305589608257,-49.812517182011106
2922,0,normal,0.015355722978711128,0.3248606741451611,-49.789005162216654
2923,0,normal,0.01476710569113493,0.3196208362081028,-49.73647863539804
2924,0,normal,0.014997969381511211,0.3203880091943025,-49.6712378744553
2925,0,normal,0.016141951084136963,0.3182400789965675,-49.61267356248118
2926,0,normal,0.016704626381397247,0.31975901938525164,-49.55873396370043
2927,0,normal,0.016596781089901924,0.31891608126409954,-49.50451927526046
2928,0,normal,0.01607738621532917,0.3234735398727698,-49.45578332105447
2929,0,normal,0.015387728810310364,0.3176760868807647,-49.41382457549753
2930,0,normal,0.014682158827781677,0.32352495229646283,-49.3729013509153
2931,0,normal,0.014041125774383545,0.31821946163875503,-49.3435883372149
2932,0,normal,0.013495845720171928,0.3184463772454523,-49.32201327041821
2933,0,normal,0.013049747794866562,0.3188858856997083,-49.301767971951904
2934,0,normal,0.010358065366744995,0.3190194177311944,-49.18989034246806
2935,0,normal,0.010276155546307564,0.3236290045735983,-49.088044473486434
2936,0,normal,7.2718048095703125,0.3380534953282188,-18.446365576951848
2937,0,normal,0.041360922157764435,0.353654029626589,-18.453743504544263
2938,0,normal,1.3082183599472046,0.34489099672500734,-18.769939573003967
2939,0,normal,0.8695152401924133,0.37142941095771204,6.477510022335309
2940,0,normal,0.5993581414222717,0.3617349274021818,6.176493811415867
2941,0,normal,0.13212288916110992,0.3743712882225655,7.520132091412506
2942,0,normal,0.10635783523321152,0.37432396657406164,8.85295846497388
2943,0,normal,0.0970396026968956,0.38175397570222513,10.243391065477454
2944,0,normal,0.08407969027757645,0.3872339063854103,11.591306468157654
2945,0,normal,0.87064129114151,0.39267197634467543,11.372801237374915
2946,0,normal,0.238606795668602,0.39701847858116096,12.704242368429277
2947,0,normal,3.3177528381347656,0.4225026334348185,38.24557125920251
2948,0,normal,0.20539481937885284,0.4153635718011841,39.41984618596484
2949,0,normal,1.8490757942199707,0.44979559852510237,52.45808937228776
2950,0,normal,0.13493868708610535,0.43999331222231053,52.30962238638267
2951,0,normal,0.05634532496333122,0.41399867233829796,46.67923198099743
2952,0,normal,0.03850879892706871,0.43780506201593267,45.98590771150134
2953,0,normal,0.024379651993513107,0.4288241062660607,45.80532622368719
2954,0,normal,0.014833245426416397,0.44053574448189875,45.711308928673134
2955,0,normal,0.008905764669179916,0.4231351389271533,45.68615702903389
2956,0,normal,0.005639937706291676,0.42345894102659126,45.65347021247908
2957,0,normal,0.0041993665508925915,0.42204200979377676,45.50503225353509
2958,0,normal,0.0039046104066073895,0.43559558529886244,45.36235958694647
2959,0,normal,0.003768511116504669,0.4260521050885611,45.33014016043785
2960,0,normal,0.0038681637961417437,0.428916630200889,45.51130527145392
2961,0,normal,0.004555936902761459,0.4169571106116379,45.909045420978146
2962,0,normal,0.0055017066188156605,0.42215227286811063,46.270884403471655
2963,0,normal,0.00648496812209487,0.4275340716629707,46.547468855626676
2964,0,normal,0.007377240341156721,0.42039748744350774,46.754396538572564
2965,0,normal,0.006100761238485575,0.4222470187606559,47.1307551681291
2966,0,normal,0.006914472207427025,0.3978199438215668,19.418955944456684
2967,0,normal,0.0076917726546525955,0.4020916804387382,20.22906546475906
2968,0,normal,0.008411820977926254,0.3945008697409377,21.350380745859184
2969,0,normal,0.00897092092782259,0.38082286085807837,-5.771545363154701
2970,0,normal,0.009588110260665417,0.3710306876994124,-4.800524784836398
2971,0,normal,0.010103972628712654,0.36406082220362856,-6.373276125015991
2972,0,normal,0.009768943302333355,0.3612228828168972,-8.063933775103123
2973,0,normal,0.010158366523683071,0.3564578687910163,-9.61865837158689
2974,0,normal,0.010497604496777058,0.34635183567712363,-11.232848208387395
2975,0,normal,0.010752982459962368,0.3566742446431012,-10.32944503236854
2976,0,normal,0.011026784777641296,0.35156518588523683,-11.929874859722304
2977,0,normal,0.4825938045978546,0.33387032156728286,-40.70560753273844
2978,0,normal,0.04988794028759003,0.3263187276359917,-43.00565290418672
2979,0,normal,0.011851999908685684,0.31364114498717355,-57.844125658627036
2980,0,normal,0.011951643973588943,0.313627064351944,-57.792396043959116
2981,0,normal,0.012037239968776703,0.313627064351944,-57.77671766188814
2982,0,normal,0.012101542204618454,0.313627064351944,-57.76838697170001
2983,0,normal,0.011532094329595566,0.313627064351944,-57.70510734038044
2984,0,normal,0.011316251009702682,0.313627064351944,-57.65075865757967
2985,0,normal,0.01124377641826868,0.3136860832613061,-57.605166096442645
2986,0,normal,0.01126470509916544,0.3136860832613061,-57.568017523881736
2987,0,normal,0.011345859616994858,0.31366571250611686,-57.53877390076127
2988,0,normal,7.265716552734375,0.3313707910749171,-26.759448968472043
2989,0,normal,0.04008994996547699,0.3418865806723741,-26.735677859998077
2990,0,normal,2.842724084854126,0.37474127935910745,-0.30429348004122403
2991,0,normal,0.10997231304645538,0.36523246481730315,-0.23497109542859107
2992,0,normal,0.10653000324964523,0.3673876643453325,1.0018133134731215
2993,0,normal,0.10843262076377869,0.36515441864559683,2.3826453651465727
2994,0,normal,0.09646230190992355,0.377257588349505,3.715897674777807
2995,0,normal,0.0826943963766098,0.3915091771841996,5.113163103775378
2996,0,normal,0.11729635298252106,0.3936349394624491,6.541529454501415
2997,0,normal,0.32478785514831543,0.3991512577705782,7.886221551937524
2998,0,normal,2.5721287727355957,0.4353876158685619,33.663575461920345
2999,0,normal,0.17722879350185394,0.419021175340138,34.88661609736687
3000,0,normal,0.4690305292606354,0.4249756923110297,35.283504595880686
3001,0,normal,1.1803405284881592,0.4275155258499909,40.779987654733986
3002,0,normal,1.3443245887756348,0.43088022331554354,48.50992294099956
3003,0,normal,0.08370581269264221,0.4398938460658183,48.375415842625216
3004,0,normal,0.06077118590474129,0.44364752507851246,48.05095278615772
3005,0,normal,0.045486368238925934,0.435207301001022,47.703983316861695
3006,0,normal,0.03037450462579727,0.4246415256391816,47.70277807683124
3007,0,normal,0.019206352531909943,0.43318992837527587,47.80104424293654
3008,0,normal,0.011734608560800552,0.43447616791303195,47.76461364093916
3009,0,normal,0.011920314282178879,0.4467349028468971,47.7649073912728
3010,0,normal,0.007082160096615553,0.43110002033988654,47.82569523662005
3011,0,normal,0.0046722847037017345,0.41919774475440197,48.01905998020311
3012,0,normal,0.0037816527765244246,0.4409131248827491,48.473663052609936
3013,0,normal,0.0038323169574141502,0.42192944985575537,48.9949275474205
3014,0,normal,0.003454366931691766,0.4235216981717882,49.42283079659978
3015,0,normal,0.0038990862667560577,0.4378285971962883,49.895270773055245
3016,0,normal,0.004739377647638321,0.42987047844978,50.45689122199724
3017,0,normal,0.005719104781746864,0.4340683122929091,51.16430182917611
3018,0,normal,0.006677332799881697,0.4162731148249532,24.023884440714937
3019,0,normal,0.007507859729230404,0.40973201527204256,25.270842787513175
3020,0,normal,0.006300503388047218,0.3793004818839667,-1.4121500127587296
3021,0,normal,0.007123278453946114,0.383139973142121,-2.517487358032213
3022,0,normal,0.00786509644240141,0.3768761949606787,-3.85142423158527
3023,0,normal,0.008559533394873142,0.36464759676758207,-5.386925945516168
3024,0,normal,0.009216634556651115,0.3599925645037121,-6.832069166542169
3025,0,normal,0.009836580604314804,0.35643280016229023,-8.347904155190918
3026,0,normal,0.009417477995157242,0.35925829250794045,-9.714387182189057
3027,0,normal,0.009439678862690926,0.35307221863111143,-11.21908895171623
3028,0,normal,0.034780725836753845,0.3322581113476995,-39.79083570628836
3029,0,normal,0.0140369338914752,0.3245096538142232,-41.98155409168703
3030,0,normal,0.01108354702591896,0.32743255238862595,-42.87137970954973
3031,0,normal,0.010536707006394863,0.3224423767719278,-48.74357786436099
3032,0,normal,0.011584159918129444,0.3138423714896348,-57.63183956796547
3033,0,normal,7.279706954956055,0.3314071898972337,-26.86693426368629
3034,0,normal,0.7312384247779846,0.3480468953633886,-25.338004250860877
3035,0,normal,2.483153820037842,0.37154756973529285,-0.5432011178261291
3036,0,normal,0.11510536074638367,0.36115945286693374,-0.41156048122184075
3037,0,normal,0.8068317174911499,0.3650364829093223,-0.7497787429456366
3038,0,normal,0.13328002393245697,0.36011515972623614,0.6979882766349874
3039,0,normal,0.1207566112279892,0.38184316480299996,2.0298538465438014
3040,0,normal,0.0949290543794632,0.3968463779401966,3.4471268234653962
3041,0,normal,0.09480950236320496,0.38842507015852346,4.844645472764569
3042,0,normal,0.23815210163593292,0.39810386088178723,6.159891519890834
3043,0,normal,0.8992224931716919,0.38142428283807656,7.524722725878064
3044,0,normal,1.2414637804031372,0.4346087584974825,33.27667663540046
3045,0,normal,0.5868422985076904,0.4144440965469198,33.04235198135257
3046,0,normal,0.4557443857192993,0.42608955557579775,33.4739634092457
3047,0,normal,1.5119847059249878,0.40948229346552606,46.767522365557625
3048,0,normal,0.07996592670679092,0.4319890557692282,46.7324149038825
3049,0,normal,0.04117506369948387,0.4394449844693662,46.507239126889544
3050,0,normal,0.028951317071914673,0.4165838383638579,45.98342811197654
3051,0,normal,0.017687587067484856,0.4509646414544826,45.98445452908186
3052,0,normal,0.009896282106637955,0.41661898216893106,46.11666311235558
3053,0,normal,0.005153106991201639,0.4285286715473636,46.12901566431901
3054,0,normal,0.0027055065147578716,0.4390583392412978,46.1771186074302
3055,0,normal,0.0017803998198360205,0.4319967759351355,46.243727690046626
3056,0,normal,0.0017413130262866616,0.42066232159480044,46.47162366377074
3057,0,normal,0.002136615104973316,0.4348808441627539,46.94120073275599
3058,0,normal,0.0017804658273234963,0.42236870840762625,47.455477735338945
3059,0,normal,0.00209085107780993,0.415300734647979,47.86151297742799
3060,0,normal,0.002650040201842785,0.4448220270095106,48.284875624940696
3061,0,normal,0.0033006060402840376,0.41329600403327654,48.88490003642414
3062,0,normal,0.003940862603485584,0.42807653071690094,49.497959705291805
3063,0,normal,0.002995628397911787,0.41964431948740594,22.26075573504363
3064,0,normal,0.003608729224652052,0.393449030052967,20.838515162028216
3065,0,normal,0.004339291248470545,0.38236709278294356,-3.9742380420707377
3066,0,normal,0.005052937660366297,0.3761001153940895,-5.128168525625824
3067,0,normal,0.005716260988265276,0.373860717008567,-3.9496136611710426
3068,0,normal,0.006366612855345011,0.37229428811581816,-5.414525548843812
3069,0,normal,0.006178783718496561,0.3673034329922201,-6.955580984095604
3070,0,normal,0.0066948216408491135,0.3609034469185105,-8.486606801541939
3071,0,normal,0.007288853172212839,0.3468098798900144,-10.030510460688447
3072,0,normal,0.007872898131608963,0.3547148509622015,-11.53124201931837
3073,0,normal,0.008348595350980759,0.34912787775447685,-13.246456188529692
3074,0,normal,0.007372674066573381,0.3259432141169129,-42.07994434630041
3075,0,normal,0.007957030087709427,0.3300972271421342,-41.91383783352103
3076,0,normal,0.0072323027998209,0.32525145424032387,-42.79881688473779
3077,0,normal,0.009690454229712486,0.31340030172175126,-57.67130090898809
3078,0,normal,0.00987100601196289,0.3130648511718052,-57.66214972416287
3079,0,normal,0.010149616748094559,0.3130648511718052,-57.66297888845634
3080,0,normal,0.010473666712641716,0.3129232953334952,-57.67377153596658
3081,0,normal,0.01079422514885664,0.3129232953334952,-57.69420894513905
3082,0,normal,0.011084488593041897,0.31280008956383465,-57.72409278036935
3083,0,normal,0.011333107948303223,0.31270712015317415,-57.76320027932161
3084,0,normal,7.299801349639893,0.33210334405189706,-26.992324175344038
3085,0,normal,0.03799227997660637,0.34394540845587857,-27.016571621219327
3086,0,normal,1.2418493032455444,0.3351204154240702,-27.35905785483783
3087,0,normal,0.916168749332428,0.3721764428213582,-1.9654665874472812
3088,0,normal,0.09900364279747009,0.35914195646717767,-0.7991211005219157
3089,0,normal,0.11466041952371597,0.37596029289424454,0.5394946584267473
3090,0,normal,0.954695999622345,0.3597921571214779,0.3409807500149782
3091,0,normal,0.12127505242824554,0.3751898168624316,1.766337950879688
3092,0,normal,0.10863161832094193,0.382932593391637,3.1557702091693045
3093,0,normal,0.1076795682311058,0.39099791424856767,4.569602782796437
3094,0,normal,0.24336044490337372,0.40220073361198794,5.957629560174837
3095,0,normal,1.5799710750579834,0.3760467465125402,5.853161678542392
3096,0,normal,1.4197566509246826,0.417376613753564,31.71993566251831
3097,0,normal,0.18103373050689697,0.42617144253884953,32.94461727235239
3098,0,normal,1.7560080289840698,0.4326882168989442,46.15984848008475
3099,0,normal,0.09074541181325912,0.43467872735800256,46.123788632622336
3100,0,normal,0.04656154289841652,0.41418881715456707,45.941155610718624
3101,0,normal,0.030952701345086098,0.4315885913798326,45.406905394191426
3102,0,normal,0.0189192034304142,0.43107760353988733,45.43303989425726
3103,0,normal,0.011147726327180862,0.4438896975693367,45.56827104303807
3104,0,normal,0.00654320465400815,0.4223515629622523,45.62606998535284
3105,0,normal,0.004112280905246735,0.42647412341869384,45.6365555017062
3106,0,normal,0.003073288593441248,0.4240813467048327,45.70347488593097
3107,0,normal,0.0028476151637732983,0.42895477569351326,45.747962392791806
3108,0,normal,0.0026252849493175745,0.4261711168060709,46.08146767570611
3109,0,normal,0.002508134115487337,0.43032327500261963,46.634438479280334
3110,0,normal,0.0028477071318775415,0.4273977883338056,47.127761450342405
3111,0,normal,0.0033960817381739616,0.4284274474519302,47.54537786347328
3112,0,normal,0.002630499890074134,0.421861357547659,47.915973646838665
3113,0,normal,0.003162719774991274,0.42216459812674173,48.495387536496764
3114,0,normal,0.0038708357606083155,0.40403177526299683,20.957015053478926
3115,0,normal,0.004635736346244812,0.41629883439478116,21.84177469620181
3116,0,normal,0.005377488676458597,0.4032208667173973,22.920679337895535
3117,0,normal,0.006161487195640802,0.3730221616114095,-4.127513730119517
3118,0,normal,0.005240495782345533,0.3885348902430731,-5.34355168390789
3119,0,normal,0.0059706768952310085,0.3637696395423686,-6.7318137051272515
3120,0,normal,0.006624722853302956,0.3689725220203003,-5.89503554938301
3121,0,normal,0.007365730125457048,0.3642504908057669,-7.544221753189959
3122,0,normal,0.008118227124214172,0.3600582356196772,-9.077965614158074
3123,0,normal,0.008362344466149807,0.3489215554978641,-10.676348138190406
3124,0,normal,0.008454801514744759,0.35040710219129345,-12.287946171438307
3125,0,normal,0.008848771452903748,0.35320832880887504,-11.550434487043503
3126,0,normal,0.008105124346911907,0.3329295411122724,-40.33801327760057
3127,0,normal,0.008527008816599846,0.32525145424032387,-42.666886277914045
3128,0,normal,0.010515106841921806,0.3130648511718052,-57.5601861907121
3129,0,normal,0.010857798159122467,0.3129232953334952,-57.57323650025046
3130,0,normal,0.011146757751703262,0.3128302893040223,-57.596343154983515
3131,0,normal,7.3017730712890625,0.3308487327511861,-26.815000442899873
3132,0,normal,0.042700864374637604,0.3425111521452534,-26.877137143234677
3133,0,normal,1.2464425563812256,0.3351204154240702,-27.256764742969608
3134,0,normal,0.9149077534675598,0.371470805060765,-1.8501321946653206
3135,0,normal,0.0989985316991806,0.35937237546972883,-0.7141863826043391
3136,0,normal,0.8660685420036316,0.36987050357480944,-0.9387454303389404
3137,0,normal,0.13386701047420502,0.362036329712583,0.3759059713991064
3138,0,normal,0.127034991979599,0.3770590859098584,1.7642955244878067
3139,0,normal,0.1035076454281807,0.37850473733192136,3.1717418390187504
3140,0,normal,0.10448315739631653,0.3911001845491488,4.508076875552433
3141,0,normal,5.6252007484436035,0.42342339862281103,28.897818173115866
3142,0,normal,0.19268159568309784,0.39477711741167093,30.188786864283657
3143,0,normal,0.6922237277030945,0.412726049840099,30.04714459700176
3144,0,normal,1.0040664672851562,0.41940155190150274,36.22229212545767
3145,0,normal,1.2594207525253296,0.4258462250629292,43.38678248379915
3146,0,normal,0.05318441987037659,0.41182251025009486,43.31956180472184
3147,0,normal,0.04050183668732643,0.4329073412614792,42.961592745482676
3148,0,normal,0.02633681148290634,0.4191733015389158,42.675083362068335
3149,0,normal,0.015784654766321182,0.4136314832483814,42.71212217664197
3150,0,normal,0.008946362882852554,0.4294407917423985,42.838539802965215
3151,0,normal,0.0050121634267270565,0.41655642043713415,42.895491097562854
3152,0,normal,0.0030677691102027893,0.41978204028903116,42.85781645173188
3153,0,normal,0.002333950251340866,0.4173677876030763,42.906317278148435
3154,0,normal,0.0022575429175049067,0.4056588810861184,42.98531745409059
3155,0,normal,0.0024954869877547026,0.42700010592088566,43.279305262048865
3156,0,normal,0.002853275975212455,0.40745096517085916,43.82168065283372
3157,0,normal,0.0019167172722518444,0.40892994072011846,44.334753707104255
3158,0,normal,0.0022640530951321125,0.4116852003377623,44.746543158555596
3159,0,normal,0.00277071725577116,0.4132346203114512,45.05309497403732
3160,0,normal,0.0033546751365065575,0.4231419558088196,45.62297594001143
3161,0,normal,0.0039461231790483,0.39551051167928664,18.00133719386281
3162,0,normal,0.003284854581579566,0.400143086884294,19.043162035154182
3163,0,normal,0.003835090668871999,0.38235977964705775,20.374072114671208
3164,0,normal,0.004489240702241659,0.37656299137176175,-6.8032113244094035
3165,0,normal,0.0052103567868471146,0.3606266778465096,-8.369588932558372
3166,0,normal,0.005875350907444954,0.36985107386874255,-7.68672526756518
3167,0,normal,0.006579471752047539,0.3482184891758929,-9.267256523237165
3168,0,normal,0.006589643657207489,0.3597305198292803,-10.932031380136323
3169,0,normal,0.006889768876135349,0.34905855269131125,-12.520130154790422
3170,0,normal,0.007196045480668545,0.3485134723830576,-14.271266925209147
3171,0,normal,0.006149854976683855,0.3284609803793175,-40.59858421435479
3172,0,normal,0.007273708004504442,0.32408720693694026,-42.88062261984237
3173,0,normal,0.007881416007876396,0.32743432483858925,-42.813497642255015
3174,0,normal,0.009419742971658707,0.3182992979775488,-49.850439536334534
3175,0,normal,0.009660139679908752,0.31340030172175126,-57.690369372919804
3176,0,normal,0.009690454229712486,0.31340030172175126,-57.67130090898809
3177,0,normal,0.00987100601196289,0.3130648511718052,-57.66214972416287
3178,0,normal,0.010149616748094559,0.3130648511718052,-57.66297888845634
3179,0,normal,0.010473666712641716,0.3129232953334952,-57.67377153596658
3180,0,normal,0.01079422514885664,0.3129232953334952,-57.69420894513905
3181,0,normal,0.011084488593041897,0.31280008956383465,-57.72409278036935
3182,0,normal,0.0110308937728405,0.31270712015317415,-57.71047372692942
3183,0,normal,0.010907326824963093,0.31401657287507245,-57.70760753529612
3184,0,normal,0.010947679169476032,0.31401657287507245,-57.71541505146115
3185,0,normal,0.011090393178164959,0.31401657287507245,-57.73336183135507
3186,0,normal,0.011287408880889416,0.313815234679804,-57.76093667044779
3187,0,normal,0.011484641581773758,0.31379886431692794,-57.75172260716408
3188,0,normal,0.011666994541883469,0.31364114498717355,-57.75131059252908
3189,0,normal,0.011822429485619068,0.31364114498717355,-57.75943762094107
3190,0,normal,0.011947570368647575,0.313627064351944,-57.77551736978262
3191,0,normal,7.273472309112549,0.3313923116715035,-27.0335108476379
3192,0,normal,0.04122688248753548,0.3433638641840748,-27.04583817766411
3193,0,normal,1.2848788499832153,0.3415390870817223,-25.82191571634371
3194,0,normal,0.7328705191612244,0.37345686061589256,-0.46472741101229076
3195,0,normal,0.11083699762821198,0.3643559478852963,0.7167445482368748
3196,0,normal,0.12871259450912476,0.37777853815829515,1.9821284692343397
3197,0,normal,0.12813210487365723,0.36982304748451,3.2948374862005494
3198,0,normal,0.11867702007293701,0.3832029444398501,4.719115491771618
3199,0,normal,0.11507298052310944,0.3912222990871548,6.11415452458823
3200,0,normal,5.563592910766602,0.4307968901963283,31.954055989192966
3201,0,normal,0.17951691150665283,0.42716548154445616,33.17936093630783
3202,0,normal,0.4611068367958069,0.40379236183527056,33.61140098130227
3203,0,normal,0.7852403521537781,0.4074397793925355,33.60451205859249
3204,0,normal,1.7498353719711304,0.438945815397879,46.92995675730185
3205,0,normal,0.09377584606409073,0.4394433884640232,46.8719943733081
3206,0,normal,0.04584791138768196,0.4316501549319697,46.744823649206865
3207,0,normal,0.03395886719226837,0.4428159952305459,46.21176766279791
3208,0,normal,0.02277488075196743,0.4097536992760091,46.15390513020975
3209,0,normal,0.014716719277203083,0.43086343725451265,46.196702975876406
3210,0,normal,0.00953384768217802,0.4330990897450903,46.26552386680601
3211,0,normal,0.0065323966555297375,0.43379420126436663,46.287618791070145
3212,0,normal,0.0049730101600289345,0.42379772833758705,46.266675901868894
3213,0,normal,0.005464084446430206,0.4320892133072373,46.304716126933954
3214,0,normal,0.0042364695109426975,0.41611144146358636,46.40932782010282
3215,0,normal,0.003922504372894764,0.4319983838640496,46.77064133695103
3216,0,normal,0.00416050897911191,0.41478740334823316,47.37574619360339
3217,0,normal,0.004714216571301222,0.41550806719477135,47.93742705064892
3218,0,normal,0.005393277388066053,0.4145766214293684,48.40681797304205
3219,0,normal,0.004283892456442118,0.434240079605896,48.89664470840694
3220,0,normal,0.005041712895035744,0.4162062412173439,49.66583729917602
3221,0,normal,0.005835989490151405,0.40052410858850157,22.515158285125153
3222,0,normal,0.006637723185122013,0.4081931796688858,23.958230677846814
3223,0,normal,0.007386916317045689,0.39124537287569305,23.096427391487623
3224,0,normal,0.008058320730924606,0.38141137307445405,-4.026609264019726
3225,0,normal,0.007623129524290562,0.36317170298521406,-5.533861669318867
3226,0,normal,0.008124351501464844,0.36266687568204087,-6.9684932438444775
3227,0,normal,0.008660362102091312,0.3524611182852732,-8.499049296417752
3228,0,normal,0.009182332083582878,0.3614681011574701,-9.915473497180983
3229,0,normal,0.009605104103684425,0.35142607330374526,-11.431550017379777
3230,0,normal,0.014480252750217915,0.33100164347140015,-40.038348841320385
3231,0,normal,0.010758591815829277,0.3239153662184733,-42.20611688085614
3232,0,normal,0.007369515020400286,0.32600753876819755,-43.07492094910208
3233,0,normal,0.007966647855937481,0.32453206018743475,-42.92027808601347
3234,0,normal,0.010911102406680584,0.31401657287507245,-57.77296750920982
3235,0,normal,0.0110536590218544,0.31401657287507245,-57.74037813345922
3236,0,normal,0.011249914765357971,0.31401657287507245,-57.717549676802264
3237,0,normal,0.01145427767187357,0.31379886431692794,-57.70415585529281
3238,0,normal,0.01164159458130598,0.31364114498717355,-57.70000414425499
3239,0,normal,7.278611183166504,0.3314071898972337,-26.941284447790395
3240,0,normal,0.04076141119003296,0.3433638641840748,-26.97293866404948
3241,0,normal,1.2647087574005127,0.33470472953562524,-27.321202224639364
3242,0,normal,0.8938785195350647,0.36872514430191594,-1.8863509821483149
3243,0,normal,0.10022751986980438,0.3615593082017978,-0.682942547315406
3244,0,normal,0.11619126796722412,0.37558427572180764,0.6426793142761653
3245,0,normal,0.11610530316829681,0.3688725751920144,1.9588668513204084
3246,0,normal,0.9561365842819214,0.3739164801798397,1.8323852305736636
3247,0,normal,0.10885310173034668,0.3789870428166616,3.261294519771809
3248,0,normal,0.748154878616333,0.3885004653613894,3.1095958116300153
3249,0,normal,0.275636225938797,0.3929626271471759,4.596404859513768
3250,0,normal,0.7058945894241333,0.3815108863306763,5.996164418249691
3251,0,normal,1.6692605018615723,0.41233027998070887,31.834886978567738
3252,0,normal,0.5169379711151123,0.4134754420965707,31.58684060627411
3253,0,normal,1.6904603242874146,0.4208241975363107,44.808167528456806
3254,0,normal,0.07031998038291931,0.421316829392341,44.73969515018075
3255,0,normal,0.0346379429101944,0.4260557150597046,44.58470994333311
3256,0,normal,0.02202887088060379,0.43890514617386905,44.021362613844985
3257,0,normal,0.012946042232215405,0.42800362482989907,44.03314332954301
3258,0,normal,0.007435622159391642,0.42735866168373166,44.152182409037096
3259,0,normal,0.0044532399624586105,0.41344981857164076,44.20388048066616
3260,0,normal,0.003117392538115382,0.43297438312949277,44.197093850096735
3261,0,normal,0.0027572805993258953,0.4273770990112052,44.24162724173948
3262,0,normal,0.0029049895238131285,0.4177864448381225,44.275061818775384
3263,0,normal,0.0032611058559268713,0.41876742150627205,44.59599482431372
3264,0,normal,0.0036522538866847754,0.4214659724151184,45.147982084450405
3265,0,normal,0.0022384347394108772,0.4176453090233738,45.662240779663534
3266,0,normal,0.0026580695994198322,0.4281877962249857,46.09429400389672
3267,0,normal,0.0031774688977748156,0.4250749450171019,46.46070591649118
3268,0,normal,0.003728277515619993,0.41647281919806506,47.015896645975545
3269,0,normal,0.004249877296388149,0.4005093955692336,19.388085667623045
3270,0,normal,0.0033913813531398773,0.39560219847842537,20.281431958845587
3271,0,normal,0.003918202128261328,0.4004811815936492,21.327238044828164
3272,0,normal,0.004546602722257376,0.37688525137447526,-5.7281552139979794
3273,0,normal,0.005222223233431578,0.3830801501058804,-7.0056582476747735
3274,0,normal,0.005939804948866367,0.3579929087180739,-8.515515626818342
3275,0,normal,0.006721347104758024,0.36384152461852765,-10.286020672900122
3276,0,normal,0.007245493587106466,0.3624950542530044,-9.708725867511248
3277,0,normal,0.007422313094139099,0.3560937453661452,-11.350653928164775
3278,0,normal,0.007649487815797329,0.34473401300486006,-10.556596082351462
3279,0,normal,0.008068455383181572,0.3533904116322421,-12.160821408453558
3280,0,normal,0.008463647216558456,0.3482274204990541,-13.92707107933552
3281,0,normal,0.007125241681933403,0.3273752688102355,-42.955420288338246
3282,0,normal,0.007839042693376541,0.3251759795309838,-42.848477127995466
3283,0,normal,0.009597156196832657,0.31332757707633885,-57.70914473325547
3284,0,normal,0.009601901285350323,0.31340030172175126,-57.68770189387783
3285,0,normal,0.009781347587704659,0.3130648511718052,-57.67607798377708
3286,0,normal,0.010071168653666973,0.3130648511718052,-57.67441649959801
3287,0,normal,0.010411057621240616,0.3129232953334952,-57.682597972770964
3288,0,normal,0.01074736937880516,0.3129232953334952,-57.70033761820264
3289,0,normal,7.310976505279541,0.3308167935620727,-26.91044746664238
3290,0,normal,0.037392839789390564,0.34235669474359287,-26.915255413810883
3291,0,normal,1.8893460035324097,0.3580032381933331,-14.837358646456096
3292,0,normal,1.2184981107711792,0.394360719829373,10.152877343251703
3293,0,normal,0.08406192064285278,0.3731033599060871,11.254846918357089
3294,0,normal,0.10317638516426086,0.3844715407155515,12.520962502413568
3295,0,normal,0.11557649075984955,0.37984457505759567,13.828606866105247
3296,0,normal,0.09946771711111069,0.3981160489545398,15.216104398966536
3297,0,normal,0.08012546598911285,0.40252297950844224,16.588770826690734
3298,0,normal,0.11056414246559143,0.41286535934653823,17.94395865636443
3299,0,normal,2.604987382888794,0.4325848353920754,33.21120652899799
3300,0,normal,2.149113655090332,0.4209088157019027,44.87259457610503
3301,0,normal,0.3712799549102783,0.4245386793414376,45.26049388204319
3302,0,normal,0.8242361545562744,0.441606700200783,45.199220587353466
3303,0,normal,1.5801091194152832,0.4307113152004168,58.3545372212634
3304,0,normal,0.08704598993062973,0.44997456577396705,58.30141904216407
3305,0,normal,0.04241831228137016,0.44660492247609324,58.15472540711744
3306,0,normal,0.03003452904522419,0.4418724606650062,57.61074991842179
3307,0,normal,0.018858887255191803,0.43863982727462597,57.620090670747004
3308,0,normal,0.01101488247513771,0.428258688547641,57.75185985429948
3309,0,normal,0.006132269278168678,0.4476573580222401,57.77230094106949
3310,0,normal,0.003507138229906559,0.44668992592257367,57.73730711329699
3311,0,normal,0.002392079448327422,0.44051794970986785,57.79269850931587
3312,0,normal,0.0030868989415466785,0.43434614946710853,57.956095588995595
3313,0,normal,0.0023744101636111736,0.4360803286906288,58.41464557514655
3314,0,normal,0.0024367838632315397,0.4432814657822175,59.08757974580453
3315,0,normal,0.0028940378688275814,0.4223201255451175,59.66816177428859
3316,0,normal,0.0024133643601089716,0.44101733794706294,60.206783133545514
3317,0,normal,0.0028987606056034565,0.4310527951768777,60.739945741876454
3318,0,normal,0.0036291058640927076,0.43957095192492,61.48729415776256
3319,0,normal,0.004459919407963753,0.4136330869257108,34.64658331243572
3320,0,normal,0.005252320319414139,0.41565014645561,35.92432341674703
3321,0,normal,0.005960286594927311,0.39888001871875794,24.253087120373493
3322,0,normal,0.005040045361965895,0.37620532505676824,-2.494474331137326
3323,0,normal,0.005735605023801327,0.39015396481718556,-3.732569502334627
3324,0,normal,0.0064391796477139,0.36481552387634547,-5.211888804148657
3325,0,normal,0.007164421025663614,0.36278663176443515,-6.725822546957033
3326,0,normal,0.007892157882452011,0.358512423294509,-8.24405818453829
3327,0,normal,0.008564512245357037,0.35598997166280144,-9.74710555837919
3328,0,normal,0.008321939036250114,0.35732086687711667,-11.24564661569866
3329,0,normal,0.008050135336816311,0.3372822007086566,-28.244710069390976
3330,0,normal,0.00708034448325634,0.32584055799915684,-41.90104207799823
3331,0,normal,0.00791255198419094,0.32745125398384584,-42.81239740205706
3332,0,normal,0.008683930151164532,0.32490331871334355,-42.70160282007828
3333,0,normal,0.010646762326359749,0.3129232953334952,-57.603448840768124
3334,0,normal,0.010963063687086105,0.3129232953334952,-57.62416800155711
3335,0,normal,0.01085221953690052,0.3128302893040223,-57.60195350609001
3336,0,normal,0.010768656618893147,0.31270712015317415,-57.591203071541486
3337,0,normal,0.010839990340173244,0.31401657287507245,-57.59185404141476
3338,0,normal,0.011007038876414299,0.31401657287507245,-57.603551399070284
3339,0,normal,0.011222978122532368,0.31401657287507245,-57.625899146441725
3340,0,normal,0.011442850343883038,0.31379886431692794,-57.658229921892826
3341,0,normal,0.01164159458130598,0.31364114498717355,-57.70000414425499
3342,0,normal,0.011800696142017841,0.31364114498717355,-57.70478839902762
3343,0,normal,0.011928844265639782,0.313627064351944,-57.71804988055692
3344,0,normal,0.012027829885482788,0.313627064351944,-57.7394460837304
3345,0,normal,0.012101542204618454,0.313627064351944,-57.76838697170001
3346,0,normal,0.01214870810508728,0.313627064351944,-57.76718986278388
3347,0,normal,0.012182626873254776,0.313627064351944,-57.77290634206997
3348,0,normal,0.012206586077809334,0.3136860832613061,-57.78513486132465
3349,0,normal,0.01161833293735981,0.3136860832613061,-57.741440687258546
3350,0,normal,0.01138406153768301,0.31366571250611686,-57.70533084627709
3351,0,normal,0.011289387941360474,0.31366571250611686,-57.67651327897897
3352,0,normal,0.011284785345196724,0.31366571250611686,-57.62605971232915
3353,0,normal,0.011346381157636642,0.31366571250611686,-57.582207277851694
3354,0,normal,0.011437978595495224,0.31366571250611686,-57.5444860961461
3355,0,normal,0.011536567471921444,0.31366571250611686,-57.51253684806193
3356,0,normal,0.01162909809499979,0.31366571250611686,-57.48601672491691
3357,0,normal,0.011709224432706833,0.3139552856885104,-57.46438710503821
3358,0,normal,0.011772635392844677,0.31431687443930284,-57.42765809801085
3359,0,normal,0.011823228560388088,0.31431687443930284,-57.39523458245617
3360,0,normal,0.011862363666296005,0.31431687443930284,-57.36698826116435
3361,0,normal,0.011891812086105347,0.31431687443930284,-57.34267594038215
3362,0,normal,0.011913307942450047,0.3145524527486142,-57.322023880200504
3363,0,normal,0.011928338557481766,0.3145524527486142,-57.30472489568797
3364,0,normal,0.011938108131289482,0.3145524527486142,-57.2903649529901
3365,0,normal,0.01194323506206274,0.3145524527486142,-57.268182488381626
3366,0,normal,0.011944984085857868,0.3145524527486142,-57.248826468337484
3367,0,normal,0.011944196186959743,0.3145524527486142,-57.23221529738112
3368,0,normal,0.011941560544073582,0.3145524527486142,-57.218287360946306
3369,0,normal,0.011064056307077408,0.3145524527486142,-57.13540359888589
3370,0,normal,0.010860366746783257,0.3145881467975673,-57.05702858478776
3371,0,normal,0.010784240439534187,0.3168216634133072,-56.98320573863202
3372,0,normal,0.01079205796122551,0.3168216634133072,-56.913726391213686
3373,0,normal,0.010856591165065765,0.3153452217922486,-56.848380206733054
3374,0,normal,0.010947712697088718,0.3153452217922486,-56.78683627156215
3375,0,normal,0.011046130210161209,0.3153452217922486,-56.72883416191439
3376,0,normal,0.011140651069581509,0.3146290901132365,-56.674150585776715
3377,0,normal,0.011225568130612373,0.3146290901132365,-56.62243219926677
3378,0,normal,0.011298585683107376,0.31470779294174334,-56.573421804501095
3379,0,normal,0.011360426433384418,0.31470779294174334,-56.525377602994695
3380,0,normal,0.011410560458898544,0.31470779294174334,-56.47999250674661
3381,0,normal,0.011450343765318394,0.31470779294174334,-56.43735206164024
3382,0,normal,0.011481259018182755,0.31470779294174334,-56.39749585624213
3383,0,normal,0.01150474138557911,0.31470779294174334,-56.36046413620011
3384,0,normal,0.01152209471911192,0.3148871768694323,-56.3261957080947
3385,0,normal,0.011534417048096657,0.3148871768694323,-56.29477241101472
3386,0,normal,0.01154262199997902,0.3148871768694323,-56.26618503097029
3387,0,normal,7.258255958557129,0.33409448419693205,-25.51820536731657
3388,0,normal,0.041699670255184174,0.3441383156753516,-25.51412304590258
3389,0,normal,2.795592784881592,0.3782832164501049,0.8660116563116844
3390,0,normal,0.1138092651963234,0.36467856233010026,0.9779101964857091
3391,0,normal,0.10357009619474411,0.37042459544766715,2.2596047462370734
3392,0,normal,0.10663735866546631,0.3696689518549248,3.619022907221506
3393,0,normal,0.0953700914978981,0.37980645351251396,4.934098775436951
3394,0,normal,0.08364096283912659,0.3911686297042625,6.289190330219526
3395,0,normal,0.11827775090932846,0.3931552858246302,7.6789650956070545
3396,0,normal,0.31632158160209656,0.4010637725520072,8.980080116588624
3397,0,normal,1.1053913831710815,0.4005135983309833,10.336667539034579
3398,0,normal,1.6608145236968994,0.4181564224744638,25.615703915140557
3399,0,normal,1.6309285163879395,0.4236500103696559,37.262774122423934
3400,0,normal,0.41392505168914795,0.432258088002812,37.503407995295674
3401,0,normal,1.5165870189666748,0.43637912125273914,50.66166347196622
3402,0,normal,0.11867301911115646,0.4410092924568639,50.535595921613776
3403,0,normal,0.08047832548618317,0.44106972638464026,50.282238428731716
3404,0,normal,0.0582849383354187,0.43104526042284785,49.697326536810124
3405,0,normal,0.03634302318096161,0.4653506554589508,49.64714923766746
3406,0,normal,0.021011972799897194,0.43127990214292666,49.70774402218376
3407,0,normal,0.011532073840498924,0.4267801500796848,49.645247374311566
3408,0,normal,0.006359179504215717,0.45898590263291533,49.634359793124986
3409,0,normal,0.0040523032657802105,0.43747908252505174,49.63732617755545
3410,0,normal,0.0034632959868758917,0.42680399404732283,49.77445177277218
3411,0,normal,0.0037878560833632946,0.4381479272028087,50.17851782826938
3412,0,normal,0.00451685581356287,0.4273956685100062,50.65333021728816
3413,0,normal,0.003664639312773943,0.435778052686984,51.008504594140504
3414,0,normal,0.004409973043948412,0.453586309035533,51.43601649707671
3415,0,normal,0.005347720813006163,0.4289633378214617,51.99643021620591
3416,0,normal,0.006310456432402134,0.4291859736949197,52.64227572915479
3417,0,normal,0.0071723079308867455,0.435584280474075,25.46924265398752
3418,0,normal,0.007912618108093739,0.4035869229064303,26.530591189111647
3419,0,normal,0.0061680166982114315,0.39512741044161065,-0.45748963075720894
3420,0,normal,0.007136514410376549,0.38374939088344995,-1.4609858958067434
3421,0,normal,0.007931187748908997,0.383645666452874,-2.5743117411907406
3422,0,normal,0.008625948801636696,0.37855969752283086,-3.9323300738992657
3423,0,normal,0.009256448596715927,0.36775885318535334,-5.445289729173055
3424,0,normal,0.009431201964616776,0.3584051037684711,-6.938820520986837
3425,0,normal,0.00973537564277649,0.35659486856623807,-8.3548360231473
3426,0,normal,0.01010213978588581,0.35180401717254817,-9.75246135571274
3427,0,normal,0.010436225682497025,0.3596263684674208,-11.299938178686716
3428,0,normal,0.0097006531432271,0.3389058366028285,-28.30250443281261
3429,0,normal,0.023734502494335175,0.3306940494528696,-42.04245397525233
3430,0,normal,0.023435372859239578,0.3263187276359917,-42.953805045255194
3431,0,normal,0.011822978034615517,0.31364114498717355,-57.8087642805217
3432,0,normal,0.01194364856928587,0.313627064351944,-57.77497405967915
3433,0,normal,0.012034662999212742,0.313627064351944,-57.74901686735143
3434,0,normal,0.011428523808717728,0.313627064351944,-57.66867737627604
3435,0,normal,0.011235511861741543,0.313627064351944,-57.59808245542922
3436,0,normal,0.011185826733708382,0.313627064351944,-57.53728662941944
3437,0,normal,0.011226218193769455,0.313627064351944,-57.48604158873695
3438,0,normal,0.01132221706211567,0.313627064351944,-57.44412975799037
3439,0,normal,0.011437798850238323,0.31366571250611686,-57.41096777992766
3440,0,normal,0.01155155897140503,0.31366571250611686,-57.3863104156128
3441,0,normal,0.011652463115751743,0.31366571250611686,-57.36971461185021
3442,0,normal,0.011736033484339714,0.31366571250611686,-57.36049425918554
3443,0,normal,0.011798272840678692,0.31366571250611686,-57.32971779074501
3444,0,normal,0.011846223846077919,0.31366571250611686,-57.30555642191598
3445,0,normal,0.011881966143846512,0.31366571250611686,-57.2877142321945
3446,0,normal,0.011907731182873249,0.3139552856885104,-57.27578183349283
3447,0,normal,0.011925527825951576,0.3145524527486142,-57.26920051466641
3448,0,normal,0.01193704828619957,0.3145524527486142,-57.267402660809466
3449,0,normal,0.011060039512813091,0.3145524527486142,-57.17870285033723
3450,0,normal,0.010864879935979843,0.3145524527486142,-57.096073879176856
3451,0,normal,0.0107981376349926,0.31678571594332655,-57.019420547428126
3452,0,normal,0.010813781060278416,0.31678571594332655,-56.94835869566805
3453,0,normal,0.010883580893278122,0.3153094418434542,-56.88252065005145
3454,0,normal,0.010976170189678669,0.3153094418434542,-56.8108524843376
3455,0,normal,0.011074112728238106,0.3153452217922486,-56.74400128128059
3456,0,normal,0.011166460812091827,0.3146290901132365,-56.6818746692245
3457,0,normal,0.011247966438531876,0.3146290901132365,-56.62421451016439
3458,0,normal,0.011316907592117786,0.3146290901132365,-56.570860631857386
3459,0,normal,0.011373545974493027,0.3146290901132365,-56.521580010995194
3460,0,normal,0.011419092305004597,0.3146290901132365,-56.476161878891844
3461,0,normal,0.011455114930868149,0.3146290901132365,-56.43437694447084
3462,0,normal,0.011483203619718552,0.3146290901132365,-56.39591578937734
3463,0,normal,0.01150474138557911,0.31470779294174334,-56.36046413620011
3464,0,normal,0.01152209471911192,0.3148871768694323,-56.3261957080947
3465,0,normal,0.011534417048096657,0.3148871768694323,-56.29477241101472
3466,0,normal,0.01154262199997902,0.3148871768694323,-56.26618503097029
3467,0,normal,0.011547472327947617,0.3148871768694323,-56.240351188718705
3468,0,normal,0.011549590155482292,0.3148871768694323,-56.217208750461396
3469,0,normal,0.011549534276127815,0.3148871768694323,-56.196638886873416
3470,0,normal,0.011547788046300411,0.3148871768694323,-56.17855204037801
3471,0,normal,0.01154482364654541,0.3148871768694323,-56.16276341250045
3472,0,normal,0.011541089974343777,0.31508415830996894,-56.14901810661513
3473,0,normal,0.011536967009305954,0.31508415830996894,-56.13705757561479
3474,0,normal,0.011532820761203766,0.31508415830996894,-56.12663180776349
3475,0,normal,0.011528940871357918,0.31508415830996894,-56.11740940591494
3476,0,normal,0.011525537818670273,0.31508415830996894,-56.10907439990001
3477,0,normal,0.011522750370204449,0.31508415830996894,-56.10127642577709
3478,0,normal,0.011520643718540668,0.31508415830996894,-56.093659603620154
3479,0,normal,0.010296907275915146,0.31508415830996894,-56.01261091648098
3480,0,normal,0.010187261737883091,0.31508415830996894,-55.93360654990147
3481,0,normal,0.010179572738707066,0.31508415830996894,-55.85687452761863
3482,0,normal,0.010236074216663837,0.31508415830996894,-55.78246003551226
3483,0,normal,0.010332648642361164,0.31508415830996894,-55.710410319065204
3484,0,normal,7.263158321380615,0.3331955968541192,-24.934238778483632
3485,0,normal,0.04118805006146431,0.3441383156753516,-24.886984885536776
3486,0,normal,1.3146666288375854,0.3395327945387566,-25.151403396420164
3487,0,normal,0.8628816604614258,0.36724890375111213,0.22830800428164366
3488,0,normal,0.10604570060968399,0.36310747037035235,1.4057313000957947
3489,0,normal,0.11285850405693054,0.3788715912617989,2.7621820979029508
3490,0,normal,0.9931708574295044,0.36603791035130673,2.637033859147323
3491,0,normal,0.09580118209123611,0.37665508528279557,4.06256040723656
3492,0,normal,0.7907614707946777,0.3762333372559271,3.919727204916626
3493,0,normal,0.14217835664749146,0.38952210880652655,5.341732630509341
3494,0,normal,0.21706992387771606,0.4024415582196492,6.693509719434132
3495,0,normal,1.2278081178665161,0.3733090668941775,6.570707965798874
3496,0,normal,1.8080010414123535,0.4187195946383729,32.347289364050994
3497,0,normal,0.26128920912742615,0.43089661604898055,32.57325517288132
3498,0,normal,1.6642059087753296,0.42999796108654204,45.73985053435581
3499,0,normal,0.10268823057413101,0.43478780741825596,45.556560775577964
3500,0,normal,0.05267849192023277,0.4185422772621879,45.229592988713875
3501,0,normal,0.03554607182741165,0.43011999820606917,44.557557053416076
3502,0,normal,0.021769586950540543,0.42500516033141605,44.45632628191379
3503,0,normal,0.012693868950009346,0.4383960091298031,44.473952022299954
3504,0,normal,0.007368326187133789,0.4188550689277832,44.41607190458808
3505,0,normal,0.004701271653175354,0.4228042472104439,44.321224702669724
3506,0,normal,0.003745094407349825,0.4291294352112714,44.26574014853554
3507,0,normal,0.003784503787755966,0.4230743731854911,44.19987640530144
3508,0,normal,0.0034874528646469116,0.4122032740457427,44.44733652271702
3509,0,normal,0.003818127093836665,0.4271568200885782,44.90327679888628
3510,0,normal,0.0046317726373672485,0.423691431238307,45.3010992315576
3511,0,normal,0.005632342770695686,0.4308536695129647,45.614320326438474
3512,0,normal,0.006624860689043999,0.42218989115038613,45.85061526094523
3513,0,normal,0.007500431500375271,0.42197270048677954,46.28724755923895
3514,0,normal,0.006135181523859501,0.3956321083174084,18.544944873390023
3515,0,normal,0.006959276273846626,0.4135167459599274,19.29189691460965
3516,0,normal,0.007721646688878536,0.39820876996713844,20.244237736370224
3517,0,normal,0.008275870233774185,0.3699554997983529,-7.040796828156772
3518,0,normal,0.009018760174512863,0.3750479730961451,-8.457817285042665
3519,0,normal,0.009666308760643005,0.35610046568028314,-10.092880076936808
3520,0,normal,0.00933667179197073,0.3634992283088278,-9.440847678191176
3521,0,normal,0.009784421883523464,0.35996011318938825,-11.274980121642784
3522,0,normal,0.010041635483503342,0.3549779992816866,-10.487214739259798
3523,0,normal,0.010535787791013718,0.3440851848003313,-12.142323673693
3524,0,normal,0.010964872315526009,0.3514594082336768,-13.827316143896496
3525,0,normal,0.011242221109569073,0.35394847617310876,-13.143975473054297
3526,0,normal,0.039555493742227554,0.3309316099217043,-42.04447044089761
3527,0,normal,0.04413159191608429,0.3263187276359917,-42.94116321657498
3528,0,normal,0.011948883533477783,0.313627064351944,-57.781093494993684
3529,0,normal,0.011441738344728947,0.313627064351944,-57.69823550868932
3530,0,normal,0.011237053200602531,0.313627064351944,-57.625002124486855
3531,0,normal,0.011184346862137318,0.313627064351944,-57.56148186377709
3532,0,normal,0.011225804686546326,0.313627064351944,-57.5074718756448
3533,0,normal,0.011324468068778515,0.313627064351944,-57.46275403480263
3534,0,normal,0.011442854069173336,0.3136860832613061,-57.426845943779654
3535,0,normal,0.011558900587260723,0.31366571250611686,-57.39935935666722
3536,0,normal,0.011661344207823277,0.31366571250611686,-57.37994254299838
3537,0,normal,0.011745743453502655,0.31366571250611686,-57.36798170512361
3538,0,normal,0.011808063834905624,0.31366571250611686,-57.33452784581573
3539,0,normal,0.01185566559433937,0.31366571250611686,-57.30780612620356
3540,0,normal,0.011063587851822376,0.31366571250611686,-57.21594989604432
3541,0,normal,0.010868092067539692,0.31366571250611686,-57.132220870680385
3542,0,normal,0.010808419436216354,0.3164508883427048,-57.056357281364626
3543,0,normal,0.010832324624061584,0.31681535133033073,-56.98784046126593
3544,0,normal,0.010906776413321495,0.31533893912462824,-56.90655865004055
3545,0,normal,0.011004272848367691,0.31533893912462824,-56.83191523721166
3546,0,normal,0.011105273850262165,0.31533893912462824,-56.763642274174344
3547,0,normal,0.01119906548410654,0.31459339141874065,-56.70143607551995
3548,0,normal,0.01128062792122364,0.31459339141874065,-56.64488307835313
3549,0,normal,0.011348345316946507,0.31459339141874065,-56.593609541700516
3550,0,normal,0.01140271034091711,0.3146290901132365,-56.536683215765606
3551,0,normal,0.011445101350545883,0.3146290901132365,-56.484710285506026
3552,0,normal,0.011477330699563026,0.3146290901132365,-56.43752239635319
3553,0,normal,0.011501280590891838,0.3146290901132365,-56.3949015804194
3554,0,normal,0.011518665589392185,0.3146290901132365,-56.35663908880974
3555,0,normal,0.011530936695635319,0.31480842918019186,-56.322343610414464
3556,0,normal,0.011539273895323277,0.31480842918019186,-56.29178231585479
3557,0,normal,0.011544573120772839,0.31480842918019186,-56.264597093555494
3558,0,normal,0.011547472327947617,0.3148871768694323,-56.240351188718705
3559,0,normal,0.011549590155482292,0.3148871768694323,-56.217208750461396
3560,0,normal,0.011549534276127815,0.3148871768694323,-56.196638886873416
3561,0,normal,0.011547788046300411,0.3148871768694323,-56.17855204037801
3562,0,normal,0.01154482364654541,0.3148871768694323,-56.16276341250045
3563,0,normal,0.011541089974343777,0.31508415830996894,-56.14901810661513
3564,0,normal,0.011536967009305954,0.31508415830996894,-56.13705757561479
3565,0,normal,0.011532820761203766,0.31508415830996894,-56.12663180776349
3566,0,normal,0.011528940871357918,0.31508415830996894,-56.11740940591494
3567,0,normal,0.011525537818670273,0.31508415830996894,-56.10907439990001
3568,0,normal,0.011522750370204449,0.31508415830996894,-56.10127642577709
3569,0,normal,0.011520643718540668,0.31508415830996894,-56.093659603620154
3570,0,normal,0.011520643718540668,0.31508415830996894,-56.093659603620154
3571,0,normal,0.010296907275915146,0.31508415830996894,-56.01261091648098
3572,0,normal,0.010187261737883091,0.31508415830996894,-55.93360654990147
3573,0,normal,0.010179572738707066,0.31508415830996894,-55.85687452761863
3574,0,normal,0.010236074216663837,0.31508415830996894,-55.78246003551226
3575,0,normal,0.010332648642361164,0.31508415830996894,-55.710410319065204
3576,0,normal,0.01044512540102005,0.31508415830996894,-55.64064299347547
3577,0,normal,0.010558408685028553,0.31508415830996894,-55.573227636932415
3578,0,normal,0.010664036497473717,0.31508415830996894,-55.5082557843989
3579,0,normal,0.010757938027381897,0.31508415830996894,-55.445722766562994
3580,0,normal,0.010838800109922886,0.31508415830996894,-55.38572587688054
3581,0,normal,7.264257431030273,0.3331955968541192,-24.630364461827412
3582,0,normal,0.041460830718278885,0.3441383156753516,-24.595402404558172
3583,0,normal,1.3185572624206543,0.3463094959121828,-23.329326164791155
3584,0,normal,0.7109208703041077,0.37346641638364436,2.0082180585939113
3585,0,normal,0.6551306247711182,0.3620902221522198,1.6816690720932002
3586,0,normal,0.13304901123046875,0.3762660264852457,3.033019410214365
3587,0,normal,0.11233842372894287,0.3744388487197134,4.384362494776269
3588,0,normal,0.8880119323730469,0.3759144362743865,4.318116759942768
3589,0,normal,0.12214647233486176,0.383665958907938,5.746607339345928
3590,0,normal,0.10967150330543518,0.3971169263912988,7.054929052300167
3591,0,normal,0.21817392110824585,0.3990844001404601,8.439094456364955
3592,0,normal,1.3955260515213013,0.3843220872414571,8.257655680720973
3593,0,normal,1.600385069847107,0.41925787409905324,33.98457497522372
3594,0,normal,0.521619439125061,0.4229139520413043,33.647353460399245
3595,0,normal,0.46183252334594727,0.42629980810207685,34.0287942896598
3596,0,normal,1.6187492609024048,0.4245768012680958,47.23172211234828
3597,0,normal,0.10173121094703674,0.4373916087716969,47.07622686839227
3598,0,normal,0.05176687240600586,0.432009302824696,46.734827299065046
3599,0,normal,0.03579171001911163,0.43717433681704126,46.1199737438626
3600,0,normal,0.021899651736021042,0.4477515548527845,46.078897283267
3601,0,normal,0.01245479378849268,0.4221966309273033,46.02655016996505
3602,0,normal,0.006856516934931278,0.4327397312976028,45.8760080318807
3603,0,normal,0.0041023921221494675,0.4375393361366062,45.82332642377105
3604,0,normal,0.0031981910578906536,0.41772554325323746,45.78535439506413
3605,0,normal,0.003785234410315752,0.42419660135044385,46.02619419389907
3606,0,normal,0.0035835818853229284,0.41925627187225367,46.511479230734494
3607,0,normal,0.004161324817687273,0.42711923209001745,46.91935871594046
3608,0,normal,0.005098138470202684,0.4362891684084655,47.2718013652634
3609,0,normal,0.006129130721092224,0.4340966093803547,47.58272127393707
3610,0,normal,0.0051452224142849445,0.4093012812943056,48.129450399993175
3611,0,normal,0.006082178093492985,0.4068726876206928,20.513493310184003
3612,0,normal,0.007012042682617903,0.42429763780801827,21.373473611801728
3613,0,normal,0.007874800823628902,0.39823033414688247,19.86137458614462
3614,0,normal,0.008542186580598354,0.3725903172693577,-7.585385722407409
3615,0,normal,0.009255962446331978,0.37347447421420576,-6.505186297688397
3616,0,normal,0.008567954413592815,0.36752676374847626,-7.89251349488859
3617,0,normal,0.009090851061046124,0.3639333266154879,-9.62797335367486
3618,0,normal,0.009506886824965477,0.36546483262897544,-8.948296030774372
3619,0,normal,0.010059990920126438,0.3544324517727548,-10.631030592998513
3620,0,normal,0.010665901936590672,0.343631353853952,-12.349905584305816
3621,0,normal,0.011086303740739822,0.34944153435146663,-14.00337360346316
3622,0,normal,0.011325540952384472,0.3522216678076467,-13.343772054000965
3623,0,normal,0.35815390944480896,0.3249640403369783,-42.08913079195577
3624,0,normal,0.05552348867058754,0.331364843643377,-41.84408548484407
3625,0,normal,0.08056843280792236,0.32630407785216753,-42.69645426719694
3626,0,normal,0.01117527112364769,0.313627064351944,-57.49121684607826
3627,0,normal,0.011292140930891037,0.313627064351944,-57.43029720991285
3628,0,normal,0.011425632983446121,0.313627064351944,-57.379109065942885
3629,0,normal,7.267452716827393,0.3313923116715035,-26.584545086780736
3630,0,normal,0.04008971527218819,0.3423717589885998,-26.571676287703895
3631,0,normal,2.843303680419922,0.37474127935910745,-0.15665379172014582
3632,0,normal,0.11087793111801147,0.36523246481730315,-0.04349677767186222
3633,0,normal,0.10671794414520264,0.36755341470134467,1.1743560461509333
3634,0,normal,0.10816749930381775,0.36515441864559683,2.5343614874250306
3635,0,normal,0.9104189276695251,0.3693517179093267,2.3431828688574114
3636,0,normal,0.09904337674379349,0.3894832231708145,3.7845282509056233
3637,0,normal,0.10059914737939835,0.39089922265599036,5.206477597035018
3638,0,normal,0.24446576833724976,0.3992117076434208,6.582270265356783
3639,0,normal,0.9343966245651245,0.39764972673462673,7.9540997677086125
3640,0,normal,1.231149673461914,0.42799470323798855,33.67956513038507
3641,0,normal,0.18429464101791382,0.417797416749467,34.87981739398583
3642,0,normal,0.7674638628959656,0.42385598206276537,34.66097257620572
3643,0,normal,1.5607614517211914,0.425099176719583,47.939679942439625
3644,0,normal,0.09465783089399338,0.4412980254441425,47.851350760406376
3645,0,normal,0.03576497361063957,0.44059889842092714,47.659786515732094
3646,0,normal,0.024137256667017937,0.4257583028604264,47.107224947481654
3647,0,normal,0.014385231770575047,0.44358015098128184,47.074538497647154
3648,0,normal,0.0078441072255373,0.4184174060789575,47.17371701659931
3649,0,normal,0.003985278308391571,0.4381060015914975,47.14052039162402
3650,0,normal,0.004989846143871546,0.445811981671522,47.1617273649988
3651,0,normal,0.0027381153777241707,0.4275365374312832,47.20741186726582
3652,0,normal,0.002022262429818511,0.4216840563469541,47.40089857239673
3653,0,normal,0.0021701615769416094,0.42528093519497434,47.86564857873145
3654,0,normal,0.0027485329192131758,0.43042366567693774,48.37219441277739
3655,0,normal,0.0034743277356028557,0.4268800373008182,48.74406695180528
3656,0,normal,0.002594059333205223,0.4440766660447136,49.181685843899004
3657,0,normal,0.0032506573479622602,0.4193177917932397,49.73441538291149
3658,0,normal,0.004018875304609537,0.42735337747211727,50.338146976628195
3659,0,normal,0.0048059034161269665,0.4262445623656992,23.125403452391538
3660,0,normal,0.0055412896908819675,0.39867473167257883,24.149081309936037
3661,0,normal,0.004717906937003136,0.3871383884103144,-2.8585154956551833
3662,0,normal,0.005452871322631836,0.3820886147359318,-3.966972623176389
3663,0,normal,0.006207928527146578,0.3831636250974812,-5.232682256395492
3664,0,normal,0.006982746068388224,0.3608410934111337,-6.806995682413344
3665,0,normal,0.007659646216779947,0.3698312031840201,-6.01063594047946
3666,0,normal,0.00836651399731636,0.3603938340052418,-7.489384974920995
3667,0,normal,0.008420411497354507,0.3545334338867352,-8.96398279824416
3668,0,normal,0.008676604367792606,0.3523522002966008,-10.351790923501767
3669,0,normal,0.00894455797970295,0.35207545424130865,-11.947130519600705
3670,0,normal,0.008435357362031937,0.32776450893852044,-40.61554656431417
3671,0,normal,0.00829827506095171,0.3271007638834025,-42.924058586478395
3672,0,normal,0.009033865295350552,0.32490331871334355,-42.82337999475021
3673,0,normal,0.010980941355228424,0.3129232953334952,-57.69062334578575
3674,0,normal,0.010832048952579498,0.31270712015317415,-57.62165195701505
3675,0,normal,0.010752962902188301,0.31270712015317415,-57.60988219987985
3676,0,normal,0.010827692225575447,0.31270712015317415,-57.609276405160244
3677,0,normal,0.010996616445481777,0.31401657287507245,-57.61958778823714
3678,0,normal,0.011212917976081371,0.31401657287507245,-57.64045603861223
3679,0,normal,0.01143211591988802,0.3140001920092668,-57.671211937997214
3680,0,normal,0.011622294783592224,0.31364114498717355,-57.6655399928452
3681,0,normal,0.011783946305513382,0.31364114498717355,-57.66912892901723
3682,0,normal,0.011914657428860664,0.313627064351944,-57.68150523408053
3683,0,normal,0.011458037421107292,0.313627064351944,-57.640273929626574
3684,0,normal,0.011256344616413116,0.313627064351944,-57.60895283900413
3685,0,normal,0.011204221285879612,0.313627064351944,-57.58720600147785
3686,0,normal,0.011239215731620789,0.313627064351944,-57.537387520308584
3687,0,normal,0.011333512142300606,0.3136860832613061,-57.49641867801847
3688,0,normal,0.011449101381003857,0.3136860832613061,-57.46386066393484
3689,0,normal,0.011563340201973915,0.31366571250611686,-57.43919719874975
3690,0,normal,0.011664526537060738,0.31366571250611686,-57.422001233246874
3691,0,normal,0.01112398412078619,0.31366571250611686,-57.311741475830104
3692,0,normal,0.010888559743762016,0.31366571250611686,-57.21029451749928
3693,0,normal,0.01081536989659071,0.3159222318553094,-57.11751537734267
3694,0,normal,0.010838279500603676,0.3159222318553094,-57.033139310178285
3695,0,normal,0.010919347405433655,0.3144499817348358,-56.95686469335715
3696,0,normal,0.011023122817277908,0.3149761745951143,-56.888114752557385
3697,0,normal,0.011126447468996048,0.31533893912462824,-56.80691015513116
3698,0,normal,0.011221799999475479,0.3146228217132092,-56.73267163848732
3699,0,normal,0.011304130777716637,0.3146228217132092,-56.66522918176224
3700,0,normal,0.011372088454663754,0.3146228217132092,-56.604342411081234
3701,0,normal,0.011426268145442009,0.31459339141874065,-56.54963204452088
3702,0,normal,0.011468133889138699,0.31459339141874065,-56.50080829659669
3703,0,normal,0.010354354977607727,0.31459339141874065,-56.37639358441834
3704,0,normal,0.010234138928353786,0.3146290901132365,-56.248620734001406
3705,0,normal,0.010227760300040245,0.3146290901132365,-56.128246662734455
3706,0,normal,0.010287624783813953,0.31480842918019186,-56.015000861401404
3707,0,normal,0.010386316105723381,0.31480842918019186,-55.908754377094056
3708,0,normal,0.010498570278286934,0.31480842918019186,-55.80916603837977
3709,0,normal,0.010609344579279423,0.31480842918019186,-55.71589270990262
3710,0,normal,0.010710697621107101,0.31480842918019186,-55.628648866657386
3711,0,normal,0.010799150913953781,0.31480842918019186,-55.546961933026296
3712,0,normal,0.010873894207179546,0.3148871768694323,-55.47048527028301
3713,0,normal,0.010936852544546127,0.3148871768694323,-55.397258762347064
3714,0,normal,0.010987719520926476,0.31508415830996894,-55.3287490431303
3715,0,normal,0.01102824229747057,0.31508415830996894,-55.26478280876563
3716,0,normal,0.011060182936489582,0.31508415830996894,-55.20514918216213
3717,0,normal,0.011085161939263344,0.31508415830996894,-55.14955672219685
3718,0,normal,0.011104577220976353,0.31508415830996894,-55.09762786678448
3719,0,normal,0.011119572445750237,0.31508415830996894,-55.049093914943114
3720,0,normal,0.011131045408546925,0.3156859484607063,-55.00358985288335
3721,0,normal,0.01114096399396658,0.3156859484607063,-54.968437207831585
3722,0,normal,0.011147750541567802,0.3156859484607063,-54.93598377694775
3723,0,normal,0.011151920072734356,0.3156859484607063,-54.90610984476598
3724,0,normal,0.011153928004205227,0.3156859484607063,-54.87872521956501
3725,0,normal,0.011154212057590485,0.3156859484607063,-54.8536441918086
3726,0,normal,7.264426231384277,0.3338319786688425,-24.146150259007754
3727,0,normal,0.041951242834329605,0.3447955973678861,-24.1437863164374
3728,0,normal,2.783433675765991,0.37921742928914665,2.199135215117394
3729,0,normal,0.11864045262336731,0.3656036393003089,2.308363069089637
3730,0,normal,0.10391971468925476,0.371364248330628,3.5121957126157213
3731,0,normal,0.10571075975894928,0.3700376400980873,4.864960658844666
3732,0,normal,0.095177561044693,0.3805323114958617,6.1079174487888395
3733,0,normal,0.08618606626987457,0.39340124116360353,7.436903826173193
3734,0,normal,0.11558037251234055,0.3931817323533452,8.743749723443443
3735,0,normal,0.31812822818756104,0.40299432995793555,10.014687221779695
3736,0,normal,1.079465389251709,0.40215336715870065,11.292585477049442
3737,0,normal,2.5909719467163086,0.4013530548172338,12.591408420609923
3738,0,normal,0.6602973937988281,0.4363712590831495,38.13752847153978
3739,0,normal,0.3346377909183502,0.4334441783942094,38.33833947358471
3740,0,normal,1.7145992517471313,0.4416414746246504,51.39252012477368
3741,0,normal,0.1106484904885292,0.4472343443733665,51.215735392645
3742,0,normal,0.07487660646438599,0.4328912872013039,50.9035692472537
3743,0,normal,0.05262663587927818,0.4385598268786522,50.2539002921751
3744,0,normal,0.03282688930630684,0.4561123621763043,50.15955985837422
3745,0,normal,0.019371280446648598,0.44249209488742086,50.172836669969
3746,0,normal,0.011107655242085457,0.4297856642589004,50.061586369375846
3747,0,normal,0.006568425334990025,0.45356635228009495,50.01071488156617
3748,0,normal,0.004494272172451019,0.437202182553677,49.98728794482395
3749,0,normal,0.003910378087311983,0.4320305480275827,50.059184808674445
3750,0,normal,0.004139149561524391,0.43037487228343385,50.438037429772066
3751,0,normal,0.004747509956359863,0.43197375951175443,50.873615743124674
3752,0,normal,0.005476366262882948,0.43171681148723196,51.16548534036997
3753,0,normal,0.006181274075061083,0.4456873450226566,51.53091552201886
3754,0,normal,0.004472004249691963,0.4375851520827066,52.06476543256099
3755,0,normal,0.005289170891046524,0.4298290315567405,52.71264229987901
3756,0,normal,0.006096423603594303,0.4243839510762321,25.49346134725829
3757,0,normal,0.0068810246884822845,0.41061285953668614,26.518824429947244
3758,0,normal,0.0074311429634690285,0.39042749131905546,-0.5917629062053038
3759,0,normal,0.008105290122330189,0.38565887222244566,-1.792697296493543
3760,0,normal,0.00865594670176506,0.38675263538798405,-2.8970801081611626
3761,0,normal,0.008038359694182873,0.3682564712836718,-4.152805287800447
3762,0,normal,0.008559339679777622,0.3687990082733722,-5.623932702928869
3763,0,normal,0.009073278866708279,0.3626210842152034,-7.222836618855354
3764,0,normal,0.009629142470657825,0.3571472301851336,-8.687361477417198
3765,0,normal,0.010204849764704704,0.34775015956115907,-10.207284498502759
3766,0,normal,0.010710779577493668,0.3562452750980054,-11.761033426815175
3767,0,normal,0.011084504425525665,0.35125797520200924,-13.471180706231735
3768,0,normal,0.019130639731884003,0.32988297653193865,-42.360205106621834
3769,0,normal,0.013662601821124554,0.325682077782412,-43.219276228647686
3770,0,normal,0.011151601560413837,0.313815234679804,-58.052081026960195
3771,0,normal,0.011233397759497166,0.313815234679804,-57.99315373732202
3772,0,normal,0.01138322427868843,0.313815234679804,-57.941889257265984
3773,0,normal,0.011551368050277233,0.31379886431692794,-57.89823308364407
3774,0,normal,0.011710131540894508,0.31364114498717355,-57.86218132469139
3775,0,normal,0.011846790090203285,0.31364114498717355,-57.833780378736265
3776,0,normal,0.011957640759646893,0.313627064351944,-57.812786931604705
3777,0,normal,0.01204385980963707,0.313627064351944,-57.79913202884154
3778,0,normal,0.011531135998666286,0.313627064351944,-57.73048454977402
3779,0,normal,0.011310956440865993,0.313627064351944,-57.67074265973224
3780,0,normal,0.01124027743935585,0.313627064351944,-57.61983253645576
3781,0,normal,0.011265046894550323,0.3136860832613061,-57.57741285798147
3782,0,normal,0.011350013315677643,0.3136860832613061,-57.543139806772615
3783,0,normal,0.01145767793059349,0.31366571250611686,-57.51633982852695
3784,0,normal,0.011560754850506783,0.31366571250611686,-57.46821114485169
3785,0,normal,0.01165472436696291,0.31366571250611686,-57.42709257219735
3786,0,normal,0.011135982349514961,0.31366571250611686,-57.32109818268668
3787,0,normal,0.010895393788814545,0.31366571250611686,-57.2235275659159
3788,0,normal,0.010818016715347767,0.3159222318553094,-57.13419494127743
3789,0,normal,0.010837805457413197,0.3159222318553094,-57.05283054465326
3790,0,normal,0.010916774161159992,0.31474027894707174,-56.979032520903274
3791,0,normal,0.011016848497092724,0.31533893912462824,-56.89267013031076
3792,0,normal,0.01112083438783884,0.31533893912462824,-56.81324285985647
3793,0,normal,0.011217165738344193,0.3146228217132092,-56.74053361713436
3794,0,normal,0.011300615034997463,0.3146228217132092,-56.674291460184804
3795,0,normal,0.011369681917130947,0.31459339141874065,-56.61429127147926
3796,0,normal,0.011424828320741653,0.31459339141874065,-56.5601197346366
3797,0,normal,0.010376211255788803,0.31459339141874065,-56.430383968014894
3798,0,normal,0.01024547591805458,0.31459339141874065,-56.29734356698941
3799,0,normal,0.010234571062028408,0.3146290901132365,-56.17184633190277
3800,0,normal,0.010292766615748405,0.3146290901132365,-56.05379301245944
3801,0,normal,0.010391184128820896,0.31480842918019186,-55.94291514432871
3802,0,normal,0.010503698140382767,0.31480842918019186,-55.838954063765414
3803,0,normal,0.010614829137921333,0.31480842918019186,-55.7417207574515
3804,0,normal,0.0107164541259408,0.31480842918019186,-55.650894003031
3805,0,normal,0.010805067606270313,0.31480842918019186,-55.56609204319534
3806,0,normal,0.010879866778850555,0.31480842918019186,-55.486944300199866
3807,0,normal,0.010941513814032078,0.3148871768694323,-55.41302251059892
3808,0,normal,0.010992689058184624,0.3148871768694323,-55.34246897300295
3809,0,normal,0.01103324443101883,0.31508415830996894,-55.276717507284275
3810,0,normal,0.011064959689974785,0.31508415830996894,-55.21554870192631
3811,0,normal,0.011089473962783813,0.31508415830996894,-55.15875236767192
3812,0,normal,0.011108247563242912,0.31508415830996894,-55.10593541477806
3813,0,normal,0.011122475378215313,0.31508415830996894,-55.05686347124242
3814,0,normal,0.011133136227726936,0.3156859484607063,-55.01117689401053
3815,0,normal,0.01114096399396658,0.3156859484607063,-54.968437207831585
3816,0,normal,0.011147750541567802,0.3156859484607063,-54.93598377694775
3817,0,normal,0.011151920072734356,0.3156859484607063,-54.90610984476598
3818,0,normal,0.011153928004205227,0.3156859484607063,-54.87872521956501
3819,0,normal,0.011154212057590485,0.3156859484607063,-54.8536441918086
3820,0,normal,0.011153224855661392,0.3156859484607063,-54.830610844120656
3821,0,normal,0.011151350103318691,0.3156859484607063,-54.80936574599582
3822,0,normal,0.01114898081868887,0.3156859484607063,-54.7896579644198
3823,0,normal,0.011146449483931065,0.3156859484607063,-54.77115506035534
3824,0,normal,0.011144035495817661,0.3156859484607063,-54.75354018612393
3825,0,normal,0.011141961440443993,0.3158582945116637,-54.736461978943
3826,0,normal,0.011140384711325169,0.3161627543196283,-54.719563702997675
3827,0,normal,0.011140384711325169,0.3161627543196283,-54.719563702997675
3828,0,normal,0.011140384711325169,0.3161627543196283,-54.719563702997675
3829,0,normal,0.011140384711325169,0.3161627543196283,-54.719563702997675
3830,0,normal,0.011140384711325169,0.3161627543196283,-54.719563702997675
3831,0,normal,0.011140384711325169,0.3161627543196283,-54.719563702997675
3832,0,normal,0.011140384711325169,0.3161627543196283,-54.719563702997675
3833,0,normal,0.011140384711325169,0.3161627543196283,-54.719563702997675
3834,0,normal,7.26426362991333,0.33415376353846293,-24.037895667696375
3835,0,normal,0.04199964925646782,0.3453163698690289,-24.05623698342083
3836,0,normal,1.3230258226394653,0.3473382776004671,-22.841830246915606
3837,0,normal,0.7079577445983887,0.3747699421874065,2.437094964934886
3838,0,normal,0.11573842912912369,0.36779153643511386,3.546149497109127
3839,0,normal,0.12593582272529602,0.38231764411201313,4.797127583397014
3840,0,normal,0.1246284618973732,0.37651143579195795,6.100918621910296
3841,0,normal,0.11269349604845047,0.38452948590025426,7.42714765300434
3842,0,normal,0.10911135375499725,0.38991343466477024,8.713883304178353
3843,0,normal,0.16317464411258698,0.4000481202134084,9.996242441028471
3844,0,normal,0.3616691827774048,0.41181029154193316,11.266313400643412
3845,0,normal,2.6786015033721924,0.4262884285462403,36.837646402909286
3846,0,normal,0.2816985249519348,0.4253079532029719,37.07507755245729
3847,0,normal,1.2701506614685059,0.44044893395706575,42.41825875732275
3848,0,normal,1.2315884828567505,0.44413651212796207,49.98739861778449
3849,0,normal,0.09520603716373444,0.43294303333585116,49.74862019335319
3850,0,normal,0.061689343303442,0.453501895216846,49.305979822150675
3851,0,normal,0.04327792674303055,0.4389467605584853,48.856423350952355
3852,0,normal,0.02698809839785099,0.4384980624287682,48.75336806882251
3853,0,normal,0.015555443242192268,0.4312105126034117,48.7519272844163
3854,0,normal,0.008419476449489594,0.4383192371940671,48.70318888302245
3855,0,normal,0.004571014549583197,0.43662889194021737,48.57809731165867
3856,0,normal,0.0029754999559372663,0.43747423635911054,48.486564072386045
3857,0,normal,0.0027641328051686287,0.42095910528946584,48.46820404785444
3858,0,normal,0.003298496827483177,0.4388352973021642,48.7108416354738
3859,0,normal,0.004153344314545393,0.42719338538534124,49.18864898653692
3860,0,normal,0.005069167353212833,0.4288908037328311,49.64886957893191
3861,0,normal,0.00393192283809185,0.4457636931203419,50.09352235714937
3862,0,normal,0.004812529776245356,0.42463862664421714,50.50750462563633
3863,0,normal,0.00571308471262455,0.4319650281016046,51.11645487376063
3864,0,normal,0.006567622069269419,0.4075262946640483,23.80839952314136
3865,0,normal,0.007333432789891958,0.41956076412625115,24.883161529151266
3866,0,normal,0.007985689677298069,0.40362727996694503,23.872071565975602
3867,0,normal,0.007092591840773821,0.3816711717359087,-2.947203028552167
3868,0,normal,0.007761034648865461,0.3735386517245205,-4.150153664183563
3869,0,normal,0.008388291113078594,0.36841965934672677,-5.65883293638035
3870,0,normal,0.009018532000482082,0.36315171514426503,-7.27055858390554
3871,0,normal,0.009663745760917664,0.35888645544488096,-8.783896447399684
3872,0,normal,0.010304244235157967,0.34764809187926415,-10.353732656939883
3873,0,normal,0.010843541473150253,0.35508478158215334,-11.871545550582823
3874,0,normal,0.01055482029914856,0.3521840214878044,-13.550571717938055
3875,0,normal,0.04503883421421051,0.32565959200957684,-42.37524932648239
3876,0,normal,0.031802769750356674,0.3272226122616878,-43.23789522120728
3877,0,normal,0.0096658980473876,0.3214453087070287,-49.08181042334968
3878,0,normal,0.0113730663433671,0.313815234679804,-57.931426380177754
3879,0,normal,0.01154404878616333,0.31379886431692794,-57.88511283653952
3880,0,normal,0.01170416921377182,0.31364114498717355,-57.84651915719019
3881,0,normal,0.011841122061014175,0.31364114498717355,-57.815663351083
3882,0,normal,0.011460642330348492,0.313627064351944,-57.73030374282962
3883,0,normal,0.01123830396682024,0.313627064351944,-57.65455188194005
3884,0,normal,0.011179874651134014,0.313627064351944,-57.588393201055624
3885,0,normal,0.011221553198993206,0.313627064351944,-57.53165882178064
3886,0,normal,0.01132307481020689,0.313627064351944,-57.48417608259729
3887,0,normal,0.011444922536611557,0.3136860832613061,-57.445462021317326
3888,0,normal,0.01156402938067913,0.3136860832613061,-57.41522934069417
3889,0,normal,0.01114438846707344,0.31366571250611686,-57.32142208192681
3890,0,normal,0.010894633829593658,0.31366571250611686,-57.23711423188706
3891,0,normal,0.01081406231969595,0.3159222318553094,-57.133661079841886
3892,0,normal,0.01083690207451582,0.3159222318553094,-57.03931025507177
3893,0,normal,0.010920912027359009,0.3144499817348358,-56.9538398751522
3894,0,normal,0.011028368026018143,0.3144499817348358,-56.87682403329495
3895,0,normal,0.011137116700410843,0.31468565980713864,-56.80793809237048
3896,0,normal,0.011235651560127735,0.31426088100201766,-56.746779530866206
3897,0,normal,0.01131762657314539,0.3146228217132092,-56.67319221529306
3898,0,normal,0.011384692043066025,0.3146228217132092,-56.60674656783681
3899,0,normal,0.011437674053013325,0.3146228217132092,-56.547201654989976
3900,0,normal,0.01147826574742794,0.3146228217132092,-56.494266451679096
3901,0,normal,0.010351213626563549,0.31459339141874065,-56.36655780409524
3902,0,normal,0.010236061178147793,0.31459339141874065,-56.24679598979924
3903,0,normal,0.010232322849333286,0.3146290901132365,-56.13480688874506
3904,0,normal,0.010292437858879566,0.31480842918019186,-56.019521810890865
3905,0,normal,0.010391161777079105,0.31480842918019186,-55.911493735443855
3906,0,normal,0.010503165423870087,0.31480842918019186,-55.81037290614654
3907,0,normal,0.010613424703478813,0.31480842918019186,-55.715897223501315
3908,0,normal,0.010714083909988403,0.31480842918019186,-55.627765737714526
3909,0,normal,0.010801775380969048,0.31480842918019186,-55.54554002110763
3910,0,normal,0.01087578758597374,0.31480842918019186,-55.46887884636976
3911,0,normal,0.010936852544546127,0.3148871768694323,-55.397258762347064
3912,0,normal,0.010987719520926476,0.31508415830996894,-55.3287490431303
3913,0,normal,0.01102824229747057,0.31508415830996894,-55.26478280876563
3914,0,normal,0.011060182936489582,0.31508415830996894,-55.20514918216213
3915,0,normal,0.011085161939263344,0.31508415830996894,-55.14955672219685
3916,0,normal,0.011104577220976353,0.31508415830996894,-55.09762786678448
3917,0,normal,0.011119572445750237,0.31508415830996894,-55.049093914943114
3918,0,normal,0.011131045408546925,0.3156859484607063,-55.00358985288335
3919,0,normal,0.01114096399396658,0.3156859484607063,-54.968437207831585
3920,0,normal,0.011147750541567802,0.3156859484607063,-54.93598377694775
3921,0,normal,0.011151920072734356,0.3156859484607063,-54.90610984476598
3922,0,normal,0.011153928004205227,0.3156859484607063,-54.87872521956501
3923,0,normal,0.011154212057590485,0.3156859484607063,-54.8536441918086
3924,0,normal,0.011153224855661392,0.3156859484607063,-54.830610844120656
3925,0,normal,0.011151350103318691,0.3156859484607063,-54.80936574599582
3926,0,normal,0.01114898081868887,0.3156859484607063,-54.7896579644198
3927,0,normal,0.011146449483931065,0.3156859484607063,-54.77115506035534
3928,0,normal,0.011144035495817661,0.3156859484607063,-54.75354018612393
3929,0,normal,0.011141961440443993,0.3158582945116637,-54.736461978943
3930,0,normal,0.011140384711325169,0.3161627543196283,-54.719563702997675
3931,0,normal,0.011140384711325169,0.3161627543196283,-54.719563702997675
3932,0,normal,7.26426362991333,0.33415376353846293,-24.037895667696375
3933,0,normal,0.04199964925646782,0.3453163698690289,-24.05623698342083
3934,0,normal,2.782640218734741,0.37961892324740987,2.2661166381490148
3935,0,normal,0.1186249777674675,0.36615583985947725,2.3577810969543407
3936,0,normal,0.7976125478744507,0.3664994020091645,2.0637075471306616
3937,0,normal,0.11944922059774399,0.3641698468467077,3.4583615431888575
3938,0,normal,0.10278073698282242,0.37942434224713134,4.693527364872125
3939,0,normal,0.08462593704462051,0.38926634148082756,6.069846747692509
3940,0,normal,0.0886855199933052,0.3923613137401218,7.368686455122997
3941,0,normal,0.2366051971912384,0.4020316276142221,8.62844288128963
3942,0,normal,0.8673326969146729,0.3920247263956178,9.897644671400485
3943,0,normal,1.3083775043487549,0.4356177247328793,35.49356548803644
3944,0,normal,0.1896265745162964,0.42238825885469683,36.57592847667479
3945,0,normal,0.7921602725982666,0.4340096514591843,36.28176055875042
3946,0,normal,1.584952473640442,0.42356039926646744,49.43515042274635
3947,0,normal,0.10793699324131012,0.4397738495049179,49.2513215588458
3948,0,normal,0.05426419898867607,0.4387080095954607,48.980640092838485
3949,0,normal,0.03788485750555992,0.4271873041811558,48.34313450650029
3950,0,normal,0.023468341678380966,0.4562244104954844,48.22709707697754
3951,0,normal,0.013443977572023869,0.42041378722145506,48.244612507958664
3952,0,normal,0.007309765554964542,0.4324792342297643,48.135355670107856
3953,0,normal,0.004152080975472927,0.4429777067069186,48.0614377846598
3954,0,normal,0.0030042356811463833,0.43760921435442984,48.008868150179524
3955,0,normal,0.0030521799344569445,0.4228108404953372,48.0937288743587
3956,0,normal,0.003707417519763112,0.4322826261216636,48.44334488340314
3957,0,normal,0.0045898789539933205,0.4290099671722027,48.83322958022109
3958,0,normal,0.005477811209857464,0.426622658171972,49.080054853932324
3959,0,normal,0.0041802385821938515,0.45064924974903026,49.41023795928527
3960,0,normal,0.005035122856497765,0.42140504759584096,49.89086454680637
3961,0,normal,0.005897555034607649,0.42852776730620296,50.39423040075076
3962,0,normal,0.006710257846862078,0.43090964070695414,23.068951250063947
3963,0,normal,0.007442072033882141,0.39960384083378453,23.99110511874983
3964,0,normal,0.007985302247107029,0.38661134031752603,-3.1873118711682764
3965,0,normal,0.007243836298584938,0.37881194511016725,-4.383253967389464
3966,0,normal,0.007823140360414982,0.38651025709566594,-3.199360149719496
3967,0,normal,0.008424121886491776,0.3664544535742489,-4.659020817165356
3968,0,normal,0.009029109962284565,0.36925015347101103,-6.231737461670718
3969,0,normal,0.009648625738918781,0.35716187312283326,-7.733634132291172
3970,0,normal,0.010271873325109482,0.3534789375760304,-9.273298594352354
3971,0,normal,0.010358231142163277,0.35343507187873774,-10.654091054040236
3972,0,normal,0.01020247396081686,0.3517384872965243,-12.250602580793384
3973,0,normal,0.05941541865468025,0.32808784485169495,-40.90015096449565
3974,0,normal,0.03276977315545082,0.32716278489538175,-43.197073755456586
3975,0,normal,0.018322251737117767,0.325682077782412,-43.044070101942225
3976,0,normal,0.011520887725055218,0.31379886431692794,-57.88974205921954
3977,0,normal,0.01169067807495594,0.31364114498717355,-57.84573953461609
3978,0,normal,0.011834343895316124,0.31364114498717355,-57.80954904360556
3979,0,normal,7.27716064453125,0.3313923116715035,-27.01567398204611
3980,0,normal,0.04094499349594116,0.3433638641840748,-27.014185116521503
3981,0,normal,1.2664237022399902,0.33470472953562524,-27.32880930870124
3982,0,normal,0.8924279808998108,0.36872514430191594,-1.8611345520921532
3983,0,normal,0.10026641190052032,0.3615593082017978,-0.6604296411073847
3984,0,normal,0.11324906349182129,0.37558427572180764,0.7122840043311953
3985,0,normal,0.11428867280483246,0.3688725751920144,2.073492956244081
3986,0,normal,0.10327397286891937,0.37893168966306723,3.4632574119229957
3987,0,normal,0.09522677212953568,0.3819648329081601,4.866045701347957
3988,0,normal,0.1327989399433136,0.39656590088656074,6.210563401142963
3989,0,normal,0.33654794096946716,0.4024295133882592,7.6110298913311
3990,0,normal,1.8944201469421387,0.3814430349963097,7.520838532530433
3991,0,normal,1.3126182556152344,0.42325916609883263,33.3501000094484
3992,0,normal,0.18656960129737854,0.42532335219731493,34.58289030795595
3993,0,normal,0.7505843639373779,0.41751146489358876,34.44389297350949
3994,0,normal,1.582836389541626,0.427642069405353,47.74199200993394
3995,0,normal,0.0945984423160553,0.4414540112272546,47.686968867962605
3996,0,normal,0.04423297569155693,0.43872081277095387,47.52990122618462
3997,0,normal,0.030058078467845917,0.4365921499481842,47.04592751563109
3998,0,normal,0.018136359751224518,0.44616762551635025,47.11747057726916
3999,0,normal,0.010030810721218586,0.4191546618377904,47.18102496904544
4000,0,normal,0.00518794683739543,0.43167789197966494,47.129142562194374
4001,0,normal,0.002791099715977907,0.44241662585576813,47.16361055337802
4002,0,normal,0.002010153839364648,0.4301972354014249,47.2066104088708
4003,0,normal,0.0021623873617500067,0.42487826186879823,47.472023642772
4004,0,normal,0.002329689683392644,0.42940551549795153,48.01884281661091
4005,0,normal,0.0025932160206139088,0.433685258090279,48.521615329895894
4006,0,normal,0.0032827986869961023,0.4277527160820027,48.95360415802293
4007,0,normal,0.00414367625489831,0.4360424350999491,49.33752579281054
4008,0,normal,0.005014621652662754,0.40867136586472674,49.94635774248445
4009,0,normal,0.0057998234406113625,0.4073488465160586,22.437354669057868
4010,0,normal,0.004587292205542326,0.4289829462064069,23.395065798507403
4011,0,normal,0.005358717404305935,0.3986535653404666,24.491355890693058
4012,0,normal,0.00608399324119091,0.3782245251828062,-2.4930195752510826
4013,0,normal,0.00686279172077775,0.3820399446002929,-3.564534412707644
4014,0,normal,0.007578141056001186,0.37908111541617223,-4.760559583316763
4015,0,normal,0.007449520751833916,0.362312914178041,-6.260343438795417
4016,0,normal,0.00795772485435009,0.36740744792147967,-7.893058604960515
4017,0,normal,0.008558891713619232,0.3560137555606659,-9.49107308216071
4018,0,normal,0.009217328391969204,0.34898048469015724,-11.169790702491127
4019,0,normal,0.009743738919496536,0.34836075182967574,-12.74820359935984
4020,0,normal,0.010184377431869507,0.3516512396233611,-12.03125358196803
4021,0,normal,0.011552911251783371,0.3272768075958238,-40.733730561247285
4022,0,normal,0.00959782488644123,0.3258605237672421,-43.07212941655371
4023,0,normal,0.0077705360017716885,0.32453206018743475,-42.94701774972759
4024,0,normal,0.010906817391514778,0.31270712015317415,-57.79245820824394
4025,0,normal,0.010948659852147102,0.31401657287507245,-57.75252398570137
4026,0,normal,0.011084937490522861,0.31401657287507245,-57.72255930469032
4027,0,normal,0.011272115632891655,0.31401657287507245,-57.70244182926149
4028,0,normal,0.011467594653367996,0.31379886431692794,-57.69180004646114
4029,0,normal,7.280609130859375,0.3314071898972337,-26.927203930646783
4030,0,normal,0.04055562987923622,0.3433792798859454,-26.953273403890307
4031,0,normal,1.281187891960144,0.34184733366093806,-25.744335036619987
4032,0,normal,0.7363793849945068,0.37345686061589256,-0.4041066515303555
4033,0,normal,0.10875699669122696,0.3642873956229829,0.710156767125909
4034,0,normal,10.320846557617188,0.402339873445094,48.114312106610214
4035,0,normal,0.2891992926597595,0.3956642854448565,49.29778416288764
4036,0,normal,0.24463915824890137,0.40609067736010734,50.56076639435537
4037,0,normal,0.2499074935913086,0.40827158152758974,51.687163637339836
4038,0,normal,0.34167608618736267,0.41663158934147204,52.965861106558805
4039,0,normal,3.532524585723877,0.45399735758796955,77.71720339143349
4040,0,normal,0.2545977532863617,0.42765919242557277,78.06835757246631
4041,0,normal,1.5928553342819214,0.4603513429837338,90.83381849761963
4042,0,normal,0.09488832950592041,0.4563086693545406,90.83045378609654
4043,0,normal,0.04378761351108551,0.4452656871964236,90.67022866359571
4044,0,normal,0.028460213914513588,0.4342945638996696,90.15394441986564
4045,0,normal,0.017124969512224197,0.45755852478058806,90.13866931131474
4046,0,normal,0.009908512234687805,0.43184947685590225,90.07958147394356
4047,0,normal,0.005701085552573204,0.4336627328849328,90.10769616319226
4048,0,normal,0.0035521620884537697,0.4592993703993785,90.1881450760618
4049,0,normal,0.0027110606897622347,0.444097709471898,90.25355630834952
4050,0,normal,0.0026195282116532326,0.4384605742645967,90.17881534313051
4051,0,normal,0.002310551470145583,0.4439813665226456,90.24066650182067
4052,0,normal,0.002326189074665308,0.4479104356573392,90.3256696193439
4053,0,normal,0.0027422381099313498,0.4314353950105948,90.71926552324271
4054,0,normal,0.0033322786912322044,0.4466833164244243,91.3399084904479
4055,0,normal,0.003950452897697687,0.4338193913794025,91.99077157907436
4056,0,normal,0.0029173092916607857,0.4434029918078042,92.61021913517561
4057,0,normal,0.0035252710804343224,0.44295337834242793,93.11737735674342
4058,0,normal,0.00421420531347394,0.429554811212633,93.8810833706982
4059,0,normal,0.004925111774355173,0.41315385687670964,67.8147265570692
4060,0,normal,0.005610635504126549,0.4181225026317489,69.25290403352324
4061,0,normal,0.00623227097094059,0.4024171385482525,68.53681462934605
4062,0,normal,0.005713540595024824,0.3871248583987703,42.70782801698283
4063,0,normal,0.006316313520073891,0.38904099198721537,41.41707097913036
4064,0,normal,0.0069586727768182755,0.36504940143293857,-6.873211264671227
4065,0,normal,0.007669374346733093,0.35947173535214033,-8.318143029820703
4066,0,normal,0.008380752988159657,0.34810873137380255,-9.819744699441571
4067,0,normal,0.008982431143522263,0.35544426558443515,-11.346495033015117
4068,0,normal,0.008963137865066528,0.3524415169685836,-13.017302520499243
4069,0,normal,0.006512554362416267,0.33017384409369516,-41.88913764446124
4070,0,normal,0.007612253073602915,0.32525145424032387,-42.78619761569098
4071,0,normal,0.009978113695979118,0.3130648511718052,-57.625120416064874
4072,0,normal,0.010334327816963196,0.3130648511718052,-57.62825281778919
4073,0,normal,0.010682355612516403,0.3129232953334952,-57.641269332186994
4074,0,normal,0.010994413867592812,0.3129232953334952,-57.66400192545666
4075,0,normal,0.010893775150179863,0.31270712015317415,-57.643547671350916
4076,0,normal,0.010800634510815144,0.31270712015317415,-57.634314180077126
4077,0,normal,7.29669713973999,0.33210334405189706,-26.873454999118167
4078,0,normal,0.03881838917732239,0.34394540845587857,-26.904510344911614
4079,0,normal,2.898169755935669,0.3776891255640867,-0.518370100352513
4080,0,normal,0.47923290729522705,0.3604367485768357,-1.9426674396002
4081,0,normal,0.16307289898395538,0.3631025537867101,-0.6567781400947297
4082,0,normal,0.13328152894973755,0.3636232879868967,0.7187846634340076
4083,0,normal,0.7618709206581116,0.36576721001995594,0.5929706897095457
4084,0,normal,0.15395206212997437,0.3899598108865954,2.010051292840444
4085,0,normal,0.11399439722299576,0.3878216267041118,3.4025922292219093
4086,0,normal,0.7443162202835083,0.3843891076851825,3.308945785310925
4087,0,normal,0.7080889940261841,0.3898595371581458,4.7482851263769135
4088,0,normal,1.6915946006774902,0.4196419272429771,30.582661684830327
4089,0,normal,0.518683135509491,0.4106402171573762,30.375365299473515
4090,0,normal,0.6869741082191467,0.4196244557318029,31.670667962738662
4091,0,normal,83.14891815185547,0.4171403587212722,322.00397167639517
4092,0,normal,0.1582058221101761,0.4421105727836994,321.9453301737078
4093,0,normal,0.09204862266778946,0.44509421594355764,321.76946981711774
4094,0,normal,0.0518367737531662,0.4200418088792868,321.36766830921965
4095,0,normal,0.02924261800944805,0.4458644952968931,321.3627576674129
4096,0,normal,0.017798183485865593,0.4155350510400765,321.4508155948448
4097,0,normal,0.011806229129433632,0.4368543922350731,321.44701954404786
4098,0,normal,0.008482732810080051,0.4457561734824395,321.4779220293966
4099,0,normal,0.007457277737557888,0.42651624255106046,321.5349110312253
4100,0,normal,0.005488601978868246,0.4288226393578633,321.69273577304114
4101,0,normal,0.004617976490408182,0.4327422500989746,322.0230324816421
4102,0,normal,0.004420748446136713,0.42139686911896995,322.3783201665435
4103,0,normal,0.0045837960205972195,0.42124858345650346,322.6157739780525
4104,0,normal,0.004899423103779554,0.437149118527122,322.90178818830395
4105,0,normal,0.003393082180991769,0.4289752247823895,323.2550993658431
4106,0,normal,0.0038853830192238092,0.42300036316721773,323.6437480896208
4107,0,normal,0.00453362800180912,0.4183097560767065,303.1473520787655
4108,0,normal,0.005209664814174175,0.39889291250790093,303.767697414831
4109,0,normal,0.005961840506643057,0.38456586305974266,283.3072164272437
4110,0,normal,0.005163213703781366,0.3770932251110599,284.1738075095818
4111,0,normal,0.0058104414492845535,0.37219361626954806,283.13449533057053
4112,0,normal,0.006531195715069771,0.3689969697882233,281.91446919809516
4113,0,normal,0.007183149456977844,0.37067193472888893,282.46629333367946
4114,0,normal,0.007986437529325485,0.36061752826554794,281.23881516128404
4115,0,normal,0.008698774501681328,0.34894905682450733,279.97701549331464
4116,0,normal,0.008805092424154282,0.36279708675372824,280.66194084932727
4117,0,normal,0.00908446405082941,0.35120623494290953,279.4631253872568
4118,0,normal,0.009399482049047947,0.3286232104085156,258.071619941536
4119,0,normal,0.009803291410207748,0.3355817447458675,258.2969102027206
4120,0,normal,0.010294495150446892,0.3284035267566423,256.58756329084406
4121,0,normal,0.010653674602508545,0.3130648511718052,-57.624733991824314
4122,0,normal,0.010970196686685085,0.3129232953334952,-57.64475659840423
4123,0,normal,0.01123801153153181,0.31270712015317415,-57.67437742246125
4124,0,normal,0.010989387519657612,0.31270712015317415,-57.66061060771858
4125,0,normal,0.010897068306803703,0.31270712015317415,-57.65778096640611
4126,0,normal,0.01094823982566595,0.31401657287507245,-57.66582230039444
4127,0,normal,0.011091159656643867,0.31401657287507245,-57.68437222247053
4128,0,normal,0.011283659376204014,0.31401657287507245,-57.7128897490561
4129,0,normal,0.011475835926830769,0.31379886431692794,-57.7049075887885
4130,0,normal,0.011654093861579895,0.31364114498717355,-57.706093980644255
4131,0,normal,0.011807236820459366,0.31364114498717355,-57.716070487698516
4132,0,normal,0.011932005174458027,0.313627064351944,-57.734427231114296
4133,0,normal,0.012029536999762058,0.313627064351944,-57.76066097945181
4134,0,normal,0.012103062123060226,0.313627064351944,-57.794105712592
4135,0,normal,0.012150960974395275,0.313627064351944,-57.79710029462126
4136,0,normal,0.012185793370008469,0.3136860832613061,-57.806566109886035
4137,0,normal,0.011622896417975426,0.3136860832613061,-57.760065875883356
4138,0,normal,0.01138666458427906,0.3136860832613061,-57.721209781981315
4139,0,normal,0.011292833834886551,0.31366571250611686,-57.68956276947256
4140,0,normal,0.011289823800325394,0.31366571250611686,-57.63628970753507
4141,0,normal,0.011353064328432083,0.31366571250611686,-57.5896985878685
4142,0,normal,0.011445838958024979,0.31366571250611686,-57.54929979936696
4143,0,normal,0.011544994078576565,0.31366571250611686,-57.514789931661426
4144,0,normal,0.011637481860816479,0.31366571250611686,-57.485797364750624
4145,0,normal,0.011717032641172409,0.31366571250611686,-57.46187809361595
4146,0,normal,0.011779317632317543,0.3139552856885104,-57.423115076539034
4147,0,normal,0.011828550137579441,0.31431687443930284,-57.388914198214025
4148,0,normal,0.011866253800690174,0.31431687443930284,-57.35913856207321
4149,0,normal,0.011894328519701958,0.31431687443930284,-57.33362598593999
4150,0,normal,0.011914622038602829,0.3145524527486142,-57.312087563047044
4151,0,normal,0.011928756721317768,0.3145524527486142,-57.294250191743686
4152,0,normal,0.011937977746129036,0.3145524527486142,-57.27970551062094
4153,0,normal,0.01194323506206274,0.3145524527486142,-57.268182488381626
4154,0,normal,0.011944984085857868,0.3145524527486142,-57.248826468337484
4155,0,normal,0.011066058650612831,0.3145524527486142,-57.16069139698175
4156,0,normal,0.010863118804991245,0.3145524527486142,-57.07727234159347
4157,0,normal,0.010789039544761181,0.31678571594332655,-56.99867861920461
4158,0,normal,0.010798833332955837,0.3168216634133072,-56.9248664167701
4159,0,normal,0.010864632204174995,0.3153452217922486,-56.855699062818076
4160,0,normal,0.010956116020679474,0.3153452217922486,-56.79084077282391
4161,0,normal,0.01105405017733574,0.3153452217922486,-56.73010373474585
4162,0,normal,0.01114748790860176,0.3146290901132365,-56.673330527018834
4163,0,normal,0.011231004260480404,0.3146290901132365,-56.62018669876511
4164,0,normal,0.011302567087113857,0.3146290901132365,-56.57045482491026
4165,0,normal,0.011362124234437943,0.3146290901132365,-56.52380183216019
4166,0,normal,0.011410563252866268,0.31470779294174334,-56.47999250674661
4167,0,normal,0.011450343765318394,0.31470779294174334,-56.43735206164024
4168,0,normal,0.011481259018182755,0.31470779294174334,-56.39749585624213
4169,0,normal,0.01150474138557911,0.31470779294174334,-56.36046413620011
4170,0,normal,0.01152209471911192,0.3148871768694323,-56.3261957080947
4171,0,normal,0.011534417048096657,0.3148871768694323,-56.29477241101472
4172,0,normal,0.01154262199997902,0.3148871768694323,-56.26618503097029
4173,0,normal,0.011547472327947617,0.3148871768694323,-56.240351188718705
4174,0,normal,5.457651615142822,0.32614822513022224,-33.21637652293202
4175,0,normal,2.155642509460449,0.34111883458129105,-24.884957504812064
4176,0,normal,0.7532802224159241,0.3414878736730075,-25.113996448090347
4177,0,normal,2.2735238075256348,0.35506905719730675,-15.26780823418494
4178,0,normal,0.9856090545654297,0.3918865097783942,10.67419888369841
4179,0,normal,0.09133165329694748,0.37815045192709723,11.938166952013262
4180,0,normal,0.10010547190904617,0.3882199355920026,13.231092382366114
4181,0,normal,0.10533224791288376,0.390769899081746,14.608081546143012
4182,0,normal,0.09471350163221359,0.3904740132285277,15.956785950480253
4183,0,normal,0.08326059579849243,0.40311941538206003,17.301536198734084
4184,0,normal,0.11203234642744064,0.416429630024259,18.622174667605805
4185,0,normal,4.760896682739258,0.43445214552616174,44.104190510439594
4186,0,normal,0.1821562647819519,0.4253046192173519,45.26620826129283
4187,0,normal,0.758071780204773,0.429592049141815,45.08500881992063
4188,0,normal,1.6514892578125,0.44960317598089744,58.204496714360175
4189,0,normal,0.1164451315999031,0.44488035461395964,58.05511340172825
4190,0,normal,0.05029665306210518,0.43671700338083125,57.849605792433294
4191,0,normal,0.034022051841020584,0.45295823554751835,57.24438864236777
4192,0,normal,0.02092055231332779,0.4469989863362058,57.13588413772641
4193,0,normal,0.011903221718966961,0.430480659715313,57.18012321306401
4194,0,normal,0.0063856663182377815,0.44405302312655937,57.17687922838604
4195,0,normal,0.0035777150187641382,0.43095806735787623,57.178747198216115
4196,0,normal,0.0026252539828419685,0.43297875032597843,57.06752965996384
4197,0,normal,0.002786151599138975,0.4340565737849937,57.02924602560506
4198,0,normal,0.0030916077084839344,0.4493170204798822,57.19504744494975
4199,0,normal,0.003484799526631832,0.448479923401404,57.578676308346985
4200,0,normal,0.004350871779024601,0.4310339336946218,58.16278070442536
4201,0,normal,0.005396153777837753,0.43982429219180585,58.6843676301105
4202,0,normal,0.006432360038161278,0.4246200139094527,59.073193945214825
4203,0,normal,0.005470018368214369,0.4456410591405911,59.51323766964879
4204,0,normal,0.006379389204084873,0.4223455448017386,39.496016928712606
4205,0,normal,0.007255759555846453,0.4065664444118078,32.06192063343269
4206,0,normal,0.008071381598711014,0.41628636577701084,33.27755524958957
4207,0,normal,7.328302383422852,0.4126835412459486,52.586375845448856
4208,0,normal,0.043234292417764664,0.4115550321356395,26.330959815290043
4209,0,normal,2.8740508556365967,0.42284301447605166,50.206934261414744
4210,0,normal,0.10986053198575974,0.4157164289400149,48.82344328577847
4211,0,normal,0.10913651436567307,0.4091852635781392,48.60152186637947
4212,0,normal,0.11535198241472244,0.41226697768981796,48.43956135290432
4213,0,normal,0.09995631873607635,0.40566156371275475,48.33365534588938
4214,0,normal,0.08372989296913147,0.43296007976601547,48.118557652101345
4215,0,normal,0.14669892191886902,0.39745931267469314,22.266912288024514
4216,0,normal,0.429277628660202,0.4113293224792693,21.391286921021447
4217,0,normal,1.4377137422561646,0.4023241042819914,22.909534892847205
4218,0,normal,1.030060052871704,0.43080684673016706,34.60768473459211
4219,0,normal,0.2902568280696869,0.4181953024703214,34.98170918585811
4220,0,normal,0.7644913196563721,0.42570746612970034,34.85356826214547
4221,0,normal,1.5358576774597168,0.4226341506667176,48.18155681736857
4222,0,normal,0.07927390187978745,0.4443791652222622,48.133853126847725
4223,0,normal,0.040521055459976196,0.4481309097322142,47.99422481552301
4224,0,normal,0.02811988815665245,0.42347642323335255,47.4762780046035
4225,0,normal,0.016981642693281174,0.4459490324217883,47.47385218401632
4226,0,normal,0.0093539422377944,0.4164277524619425,47.59251778175462
4227,0,normal,0.004770900122821331,0.4385411365929791,47.57735591698406
4228,0,normal,0.0024626711383461952,0.44677414191570913,47.6161341809825
4229,0,normal,0.001648425473831594,0.43327419115242577,47.67731171850278
4230,0,normal,0.0016899111215025187,0.41935179106007286,47.88377856231614
4231,0,normal,0.00213805609382689,0.43692804976445826,48.36055551757636
4232,0,normal,0.0017509607132524252,0.43163449011508237,48.905858062788866
4233,0,normal,0.0020957181695848703,0.4250845375015515,49.3410252000765
4234,0,normal,0.0026716445572674274,0.4439422720883757,49.83040440485365
4235,0,normal,0.003327754093334079,0.42324256179113184,50.45650757261842
4236,0,normal,0.003966742195188999,0.4261602044550488,51.138928977773276
4237,0,normal,0.00299027469009161,0.42349847655772005,24.04920385139485
4238,0,normal,0.00360446167178452,0.39908054468756143,25.199161880166002
4239,0,normal,0.004327868111431599,0.385470506211965,-1.683731370249916
4240,0,normal,0.005029512103646994,0.38134884246109085,-2.677985814236763
4241,0,normal,0.005718817934393883,0.3782023076080367,-3.8261235887466682
4242,0,normal,0.0063700564205646515,0.3686374987344015,-5.304444557297529
4243,0,normal,0.006207175552845001,0.3676456313892244,-6.861440614686671
4244,0,normal,0.006714722141623497,0.3591587520888495,-8.365703444815153
4245,0,normal,0.0073066106997430325,0.3508588714847288,-9.937638155742661
4246,0,normal,0.007905065082013607,0.3529028827812739,-11.423406986743203
4247,0,normal,0.008418957702815533,0.35078411470254467,-13.134577897180861
4248,0,normal,0.00741767231374979,0.32576494658809146,-41.96642168015842
4249,0,normal,0.006571172270923853,0.3273752688102355,-42.850538704027485
4250,0,normal,0.007259458303451538,0.32525145424032387,-42.75783844881312
4251,0,normal,0.009666230529546738,0.31340030172175126,-57.63201672109608
4252,0,normal,0.009978113695979118,0.3130648511718052,-57.625120416064874
4253,0,normal,0.010334327816963196,0.3130648511718052,-57.62825281778919
4254,0,normal,0.010682355612516403,0.3129232953334952,-57.641269332186994
4255,0,normal,0.010994413867592812,0.3129232953334952,-57.66400192545666
4256,0,normal,0.010893775150179863,0.31270712015317415,-57.643547671350916
4257,0,normal,0.010800634510815144,0.31270712015317415,-57.634314180077126
4258,0,normal,0.010865320451557636,0.31401657287507245,-57.63615867589647
4259,0,normal,0.011027127504348755,0.31401657287507245,-57.64874075723742
4260,0,normal,0.011238554492592812,0.31401657287507245,-57.67163093737486
4261,0,normal,0.01145427767187357,0.31379886431692794,-57.70415585529281
4262,0,normal,0.01164159458130598,0.31364114498717355,-57.70000414425499
4263,0,normal,0.011800696142017841,0.31364114498717355,-57.70478839902762
4264,0,normal,0.011928844265639782,0.313627064351944,-57.71804988055692
4265,0,normal,0.012027829885482788,0.313627064351944,-57.7394460837304
4266,0,normal,0.012101542204618454,0.313627064351944,-57.76838697170001
4267,0,normal,0.01214870810508728,0.313627064351944,-57.76718986278388
4268,0,normal,0.011560356244444847,0.313627064351944,-57.7108260238374
4269,0,normal,0.01133992150425911,0.3136860832613061,-57.66299117753465
4270,0,normal,0.01126045361161232,0.3136860832613061,-57.62355460487129
4271,0,normal,0.011274274438619614,0.31366571250611686,-57.59197518689098
4272,0,normal,0.01134934276342392,0.31366571250611686,-57.56778154309063
4273,0,normal,0.011444968171417713,0.31366571250611686,-57.521919626022964
4274,0,normal,0.011545699089765549,0.31366571250611686,-57.482648098518894
4275,0,normal,0.011639075353741646,0.31366571250611686,-57.4496701108842
4276,0,normal,0.011719303205609322,0.31366571250611686,-57.42255249446748
4277,0,normal,0.011141423135995865,0.31366571250611686,-57.32940882649518
4278,0,normal,0.01090672705322504,0.3139552856885104,-57.243305435412594
4279,0,normal,0.010823708027601242,0.3165780782644934,-57.14450170240934
4280,0,normal,0.01083701103925705,0.3165780782644934,-57.05251720500064
4281,0,normal,0.010910716839134693,0.31533893912462824,-56.967191096898205
4282,0,normal,0.011010047048330307,0.31533893912462824,-56.8881529532473
4283,0,normal,0.011113793589174747,0.3153094418434542,-56.815098248520144
4284,0,normal,0.011210307478904724,0.31459339141874065,-56.747853105792956
4285,0,normal,0.011294079013168812,0.31459339141874065,-56.686051098987264
4286,0,normal,0.011363077908754349,0.31459339141874065,-56.61885684109575
4287,0,normal,0.011418110691010952,0.31459339141874065,-56.55688790796489
4288,0,normal,0.01037132553756237,0.31459339141874065,-56.41904940042468
4289,0,normal,0.010240929201245308,0.3146290901132365,-56.28848670693901
4290,0,normal,0.010229784995317459,0.3146290901132365,-56.16528291588338
4291,0,normal,0.010287746787071228,0.3146290901132365,-56.049268969781906
4292,0,normal,0.010386164300143719,0.31480842918019186,-55.94017278395199
4293,0,normal,0.010498964227735996,0.31480842918019186,-55.837744267371136
4294,0,normal,0.010610644705593586,0.31480842918019186,-55.74171336897052
4295,0,normal,0.010712993331253529,0.31480842918019186,-55.651774283023315
4296,0,normal,0.010802406817674637,0.31480842918019186,-55.56751111201106
4297,0,normal,0.010877967812120914,0.3148871768694323,-55.48854786494621
4298,0,normal,0.010941513814032078,0.3148871768694323,-55.41302251059892
4299,0,normal,0.010992689058184624,0.3148871768694323,-55.34246897300295
4300,0,normal,0.01103324443101883,0.31508415830996894,-55.276717507284275
4301,0,normal,0.011064959689974785,0.31508415830996894,-55.21554870192631
4302,0,normal,0.011089473962783813,0.31508415830996894,-55.15875236767192
4303,0,normal,0.011108247563242912,0.31508415830996894,-55.10593541477806
4304,0,normal,0.011122475378215313,0.31508415830996894,-55.05686347124242
4305,0,normal,0.011133136227726936,0.3156859484607063,-55.01117689401053
4306,0,normal,7.264522075653076,0.3338319786688425,-24.280332557862266
4307,0,normal,0.04182233661413193,0.3447955973678861,-24.267072827336506
4308,0,normal,1.3215123414993286,0.3469709244170768,-23.023415260762704
4309,0,normal,0.7089900970458984,0.37403600086370886,2.2853462939262954
4310,0,normal,0.11569178104400635,0.3672368690777536,3.4183096483138797
4311,0,normal,0.12589746713638306,0.3817410698944897,4.69124649476862
4312,0,normal,0.12460917979478836,0.37594361793206144,6.0153029490738845
4313,0,normal,118.66526794433594,0.4276909897222479,407.6826418569826
4314,0,normal,1.9460614919662476,0.43292751787513667,415.4609494548813
4315,0,normal,0.7647950649261475,0.4407524518785691,415.6254503996938
4316,0,normal,0.7840301990509033,0.44468255994084277,415.75834894769605
4317,0,normal,3.868453025817871,0.447280724577051,427.7268897620396
4318,0,normal,0.2684757113456726,0.4727954251753333,427.6075846932914
4319,0,normal,0.5102908611297607,0.4684542062165476,427.4097119562439
4320,0,normal,0.5966060757637024,0.46546615036769423,427.0000840290478
4321,0,normal,0.5121870636940002,0.4323443426037067,427.2537776312321
4322,0,normal,0.3659423589706421,0.4401664905078213,427.5246852367337
4323,0,normal,0.22884601354599,0.45341916319655273,427.436978530988
4324,0,normal,0.12853223085403442,0.4487468315892183,427.3790298397911
4325,0,normal,0.06622222810983658,0.43497180427428483,427.34795918038867
4326,0,normal,0.03240719810128212,0.445719028618299,427.2952192599064
4327,0,normal,0.016236906871199608,0.4338804379132207,427.1653000753545
4328,0,normal,0.009515050798654556,0.4537922511261662,427.11367327123503
4329,0,normal,0.007294148206710815,0.42694463648055414,427.10203563041125
4330,0,normal,0.005388239398598671,0.43591674462848357,427.2847678718507
4331,0,normal,0.005660941358655691,0.43777944546691183,427.6000641178482
4332,0,normal,0.006479386240243912,0.44732164235944466,427.93292930390646
4333,0,normal,0.007467948831617832,0.4577021873579926,428.23524479188404
4334,0,normal,0.008405321277678013,0.43880748997862,428.59816781542315
4335,0,normal,0.009185653179883957,0.4321652140185317,429.27610145755136
4336,0,normal,0.00979207269847393,0.4112959370907852,411.68733654845335
4337,0,normal,0.008395346812903881,0.42703154982867986,412.5000000722274
4338,0,normal,0.008789319545030594,0.4176215693478191,411.70749505258186
4339,0,normal,0.008972780779004097,0.37724064977355165,393.9824063559445
4340,0,normal,0.009584442712366581,0.36875179498400806,393.0519751732961
4341,0,normal,0.010284225456416607,0.3748490064235959,392.1300986218341
4342,0,normal,0.010810274630784988,0.37694403447033276,391.2135483613596
4343,0,normal,0.010602331720292568,0.3457776408541998,-22.2559241144761
4344,0,normal,0.06520530581474304,0.3305270488659685,-35.744903922682624
4345,0,normal,0.5827896595001221,0.3335262743013367,-36.52486146511865
4346,0,normal,0.010981359519064426,0.3314795578207473,-37.378570565749214
4347,0,normal,0.01215583086013794,0.313627064351944,-57.92975829650709
4348,0,normal,0.011612522415816784,0.313627064351944,-57.84230974728962
4349,0,normal,0.011367499828338623,0.313627064351944,-57.76226790649184
4350,0,normal,0.011275304481387138,0.3136860832613061,-57.68978369203046
4351,0,normal,0.01128205843269825,0.3136860832613061,-57.62485574180732
4352,0,normal,0.011352982372045517,0.31366571250611686,-57.56728951871287
4353,0,normal,0.011450722813606262,0.31366571250611686,-57.51683511515125
4354,0,normal,0.011552532203495502,0.31366571250611686,-57.47329886973398
4355,0,normal,0.011646156199276447,0.31366571250611686,-57.436444963725535
4356,0,normal,0.011726133525371552,0.31366571250611686,-57.40588107234021
4357,0,normal,0.011790978722274303,0.31366571250611686,-57.38127539690004
4358,0,normal,0.011111059226095676,0.31366571250611686,-57.29066416581168
4359,0,normal,0.010893904604017735,0.3139552856885104,-57.20721284414162
4360,0,normal,0.010819070972502232,0.3165780782644934,-57.11114608893581
4361,0,normal,0.010835420340299606,0.31681535133033073,-57.02193835628145
4362,0,normal,0.01090940460562706,0.31533893912462824,-56.939429410848106
4363,0,normal,0.011007784865796566,0.31533893912462824,-56.86314766136343
4364,0,normal,0.011110176332294941,0.3153094418434542,-56.79293153582853
4365,0,normal,0.011205362156033516,0.31459339141874065,-56.72851605093001
4366,0,normal,0.0112879928201437,0.31459339141874065,-56.66946203531188
4367,0,normal,0.011356201022863388,0.31459339141874065,-56.60495181959118
4368,0,normal,0.011410713195800781,0.31459339141874065,-56.545548700490144
4369,0,normal,0.01145295612514019,0.3146290901132365,-56.49128302425834
4370,0,normal,0.011484765447676182,0.3146290901132365,-56.44205630896022
4371,0,normal,0.011508051306009293,0.3146290901132365,-56.39765428277883
4372,0,normal,0.0115245645865798,0.3146290901132365,-56.35785963434637
4373,0,normal,0.011535846628248692,0.31480842918019186,-56.32236216565866
4374,0,normal,0.010310345329344273,0.31480842918019186,-56.20984066680785
4375,0,normal,0.010206460952758789,0.31480842918019186,-56.10309448601879
4376,0,normal,0.010204904712736607,0.31480842918019186,-56.00192009600755
4377,0,normal,0.010265203192830086,0.3148871768694323,-55.90594591053082
4378,0,normal,0.010363206267356873,0.3148871768694323,-55.813320244396664
4379,0,normal,0.010474927723407745,0.3148871768694323,-55.72546313184148
4380,0,normal,0.010585609823465347,0.3148871768694323,-55.64225910222035
4381,0,normal,0.010687354020774364,0.31508415830996894,-55.563544591506115
4382,0,normal,0.010776679962873459,0.31508415830996894,-55.4890562339001
4383,0,normal,0.01085280254483223,0.31508415830996894,-55.41864120017249
4384,0,normal,0.010916377417743206,0.31508415830996894,-55.351983720940325
4385,0,normal,0.010968770831823349,0.31508415830996894,-55.288887113669034
4386,0,normal,0.00967836007475853,0.31508415830996894,-55.138364043507636
4387,0,normal,0.009629877284169197,0.31508415830996894,-54.992889825990005
4388,0,normal,0.00967107992619276,0.31508415830996894,-54.86014219316348
4389,0,normal,0.009762891568243504,0.31508415830996894,-54.73250705372993
4390,0,normal,0.0098810363560915,0.31508415830996894,-54.61011218005842
4391,0,normal,0.010005253367125988,0.3156859484607063,-54.49286432065492
4392,0,normal,0.01012377068400383,0.3156859484607063,-54.38074915599918
4393,0,normal,0.01023062039166689,0.3156859484607063,-54.27379496688923
4394,0,normal,0.010323472321033478,0.3156859484607063,-54.17187634899483
4395,0,normal,0.010402093641459942,0.3161080157729589,-54.07499973666245
4396,0,normal,0.010467460379004478,0.3161080157729589,-53.9829942265892
4397,0,normal,0.010521085932850838,0.3161080157729589,-53.89572256646284
4398,0,normal,0.010564662516117096,0.315846443658094,-53.81301022628213
4399,0,normal,0.010599838569760323,0.315846443658094,-53.73464488343802
4400,0,normal,0.01062813401222229,0.315846443658094,-53.660333581225586
4401,0,normal,0.01065086480230093,0.3160199802691875,-53.58969721672315
4402,0,normal,0.010669130831956863,0.31619250868196164,-53.52246547072741
4403,0,normal,0.010683799162507057,0.3168848912390604,-53.458272013285296
4404,0,normal,0.010696135461330414,0.3168848912390604,-53.4137087172237
4405,0,normal,0.010705428197979927,0.3168848912390604,-53.371852079983
4406,0,normal,0.01071214210242033,0.3166061408952096,-53.33258151681912
4407,0,normal,0.010716701857745647,0.3166061408952096,-53.29580621510445
4408,0,normal,0.010719496756792068,0.3166061408952096,-53.261339585745645
4409,0,normal,0.010720904916524887,0.3166061408952096,-53.228924736456065
4410,0,normal,0.010721291415393353,0.3166061408952096,-53.19830140145723
4411,0,normal,0.01072100829333067,0.3166061408952096,-53.169217772224556
4412,0,normal,7.271798133850098,0.33622508442091503,-22.501637744288246
4413,0,normal,0.04257911071181297,0.3458006414685026,-22.493556566286998
4414,0,normal,1.3231093883514404,0.3464099249746245,-21.257121621282522
4415,0,normal,0.7133359313011169,0.37378832868352163,4.006082726625209
4416,0,normal,0.12026461958885193,0.3704809104115353,5.102642198576632
4417,0,normal,0.12667210400104523,0.38704758471749406,6.341278611888129
4418,0,normal,0.12526139616966248,0.37731464163304634,7.632836126364509
4419,0,normal,0.11294354498386383,0.3836935224008245,8.937981627497493
4420,0,normal,0.11537230014801025,0.39152554194681705,10.262311358103716
4421,0,normal,0.16161797940731049,0.4023492640619383,11.51321220834302
4422,0,normal,0.35087108612060547,0.41209014956762247,12.743191389995673
4423,0,normal,2.7719366550445557,0.42697372007233464,38.24042772508665
4424,0,normal,0.29474636912345886,0.42449144187496907,38.432890193751064
4425,0,normal,1.286520004272461,0.4451912450640315,43.72595201145941
4426,0,normal,1.2442240715026855,0.44555810954838254,51.23400867699479
4427,0,normal,0.11005566269159317,0.43508441050559427,50.94472466346929
4428,0,normal,0.07116884738206863,0.45682509569555024,50.451725481133735
4429,0,normal,0.049900319427251816,0.4435126108236604,49.951878469966914
4430,0,normal,0.03118179179728031,0.44047233315085166,49.79865298463733
4431,0,normal,0.0180442463606596,0.432051004524161,49.74697186868775
4432,0,normal,0.009867403656244278,0.44230298959632247,49.64795980279382
4433,0,normal,0.005496881436556578,0.436758350074218,49.47275944351509
4434,0,normal,0.003737700404599309,0.43711145074438335,49.33110248871526
4435,0,normal,0.003583323210477829,0.4203301113814971,49.26266884480083
4436,0,normal,0.0042906757444143295,0.44124558731231983,49.45487191766574
4437,0,normal,0.005359305068850517,0.42538956439094217,49.88178486030915
4438,0,normal,0.006479302421212196,0.4286360494153333,50.291222627393836
4439,0,normal,0.005278842523694038,0.44531344910248066,50.69352841709201
4440,0,normal,0.006302260793745518,0.42519058413274774,51.065372447448
4441,0,normal,0.007274670526385307,0.43279881774923507,51.631757353557305
4442,0,normal,0.008146192878484726,0.40745816881572217,24.290743908024524
4443,0,normal,0.0088804317638278,0.4208218760664572,25.321258568621033
4444,0,normal,0.009473694488406181,0.40397674270137796,24.265216926326048
4445,0,normal,0.009867857210338116,0.38421084197981425,-2.6349647155257117
4446,0,normal,0.009016869589686394,0.3741811572372522,-3.8642139880987543
4447,0,normal,0.009461513720452785,0.36786078155624763,-5.398590090643211
4448,0,normal,0.009886705316603184,0.3629816214848885,-7.035730832121999
4449,0,normal,0.010345273651182652,0.3588695352923709,-8.565570578323104
4450,0,normal,0.01083906926214695,0.3475447650603226,-10.150666054258409
4451,0,normal,0.011289861053228378,0.35601256672536097,-11.676558763883804
4452,0,normal,0.011589049361646175,0.3549687778829902,-13.40537889268353
4453,0,normal,2.7231533527374268,0.32669480008690427,-42.27791967767962
4454,0,normal,1.7339458465576172,0.3274692253009494,-43.17756291643627
4455,0,normal,0.010761609300971031,0.3220592172334044,-49.0559379094002
4456,0,normal,0.01215583086013794,0.313627064351944,-57.92975829650709
4457,0,normal,0.011612522415816784,0.313627064351944,-57.84230974728962
4458,0,normal,0.011367499828338623,0.313627064351944,-57.76226790649184
4459,0,normal,0.011275304481387138,0.3136860832613061,-57.68978369203046
4460,0,normal,0.01128205843269825,0.3136860832613061,-57.62485574180732
4461,0,normal,0.011352982372045517,0.31366571250611686,-57.56728951871287
4462,0,normal,0.011450722813606262,0.31366571250611686,-57.51683511515125
4463,0,normal,0.011552532203495502,0.31366571250611686,-57.47329886973398
4464,0,normal,0.011646156199276447,0.31366571250611686,-57.436444963725535
4465,0,normal,0.011726133525371552,0.31366571250611686,-57.40588107234021
4466,0,normal,0.011790978722274303,0.31366571250611686,-57.38127539690004
4467,0,normal,0.011111059226095676,0.31366571250611686,-57.29066416581168
4468,0,normal,0.010893904604017735,0.3139552856885104,-57.20721284414162
4469,0,normal,0.010819070972502232,0.3165780782644934,-57.11114608893581
4470,0,normal,0.010835420340299606,0.31681535133033073,-57.02193835628145
4471,0,normal,0.01090940460562706,0.31533893912462824,-56.939429410848106
4472,0,normal,0.011007784865796566,0.31533893912462824,-56.86314766136343
4473,0,normal,0.011110176332294941,0.3153094418434542,-56.79293153582853
4474,0,normal,0.011205362156033516,0.31459339141874065,-56.72851605093001
4475,0,normal,0.0112879928201437,0.31459339141874065,-56.66946203531188
4476,0,normal,0.011356201022863388,0.31459339141874065,-56.60495181959118
4477,0,normal,0.011410713195800781,0.31459339141874065,-56.545548700490144
4478,0,normal,0.01145295612514019,0.3146290901132365,-56.49128302425834
4479,0,normal,0.010350397787988186,0.3146290901132365,-56.36096655551137
4480,0,normal,0.010229313746094704,0.3146290901132365,-56.237526810043164
4481,0,normal,0.010221768170595169,0.3146290901132365,-56.12097403360758
4482,0,normal,0.010280918329954147,0.31480842918019186,-56.01104269279904
4483,0,normal,0.010379568673670292,0.31480842918019186,-55.90753133415774
4484,0,normal,0.010492407716810703,0.31480842918019186,-55.81003317469299
4485,0,normal,0.010604191571474075,0.31480842918019186,-55.71818633217299
4486,0,normal,0.010706729255616665,0.3148871768694323,-55.631665708381206
4487,0,normal,0.010797400027513504,0.3148871768694323,-55.54856442960181
4488,0,normal,0.010873894207179546,0.3148871768694323,-55.47048527028301
4489,0,normal,0.010936852544546127,0.3148871768694323,-55.397258762347064
4490,0,normal,0.010987719520926476,0.31508415830996894,-55.3287490431303
4491,0,normal,0.00967857614159584,0.31508415830996894,-55.174054803534545
4492,0,normal,0.00963247288018465,0.31508415830996894,-55.0257625144809
4493,0,normal,0.00967436097562313,0.31508415830996894,-54.88380872160951
4494,0,normal,0.009765527211129665,0.31508415830996894,-54.74786029318966
4495,0,normal,0.009882394224405289,0.31508415830996894,-54.61769499993716
4496,0,normal,0.010005253367125988,0.3156859484607063,-54.49286432065492
4497,0,normal,0.01012377068400383,0.3156859484607063,-54.38074915599918
4498,0,normal,0.01023062039166689,0.3156859484607063,-54.27379496688923
4499,0,normal,0.010323472321033478,0.3156859484607063,-54.17187634899483
4500,0,normal,0.010402093641459942,0.3161080157729589,-54.07499973666245
4501,0,normal,0.010467460379004478,0.3161080157729589,-53.9829942265892
4502,0,normal,0.010521085932850838,0.3161080157729589,-53.89572256646284
4503,0,normal,0.010564662516117096,0.315846443658094,-53.81301022628213
4504,0,normal,0.010599838569760323,0.315846443658094,-53.73464488343802
4505,0,normal,0.01062813401222229,0.315846443658094,-53.660333581225586
4506,0,normal,0.01065086480230093,0.3160199802691875,-53.58969721672315
4507,0,normal,0.010669130831956863,0.31619250868196164,-53.52246547072741
4508,0,normal,0.010683799162507057,0.3168848912390604,-53.458272013285296
4509,0,normal,5.449234962463379,0.3286964840300278,-30.469033623906626
4510,0,normal,2.158585548400879,0.3430956582805039,-22.1384039086156
4511,0,normal,0.7563028931617737,0.3428279869307139,-22.346517607283886
4512,0,normal,1.1155638694763184,0.37826701593818535,3.122099133444408
4513,0,normal,0.11793407797813416,0.37236551563250897,3.9518434284320847
4514,0,normal,0.9011766910552979,0.3788557022695743,3.7724853559584517
4515,0,normal,0.1014157086610794,0.3702651389520914,5.086587699447136
4516,0,normal,0.0956537052989006,0.38522229583264683,6.400641018892884
4517,0,normal,0.08393511921167374,0.38646716946620835,7.73452699325253
4518,0,normal,0.879538893699646,0.3926778035947635,7.491186337235376
4519,0,normal,0.2193523794412613,0.39543483251869577,8.776738776430193
4520,0,normal,3.565587282180786,0.4211450602514237,34.40494319340178
4521,0,normal,0.49845993518829346,0.41742303968133543,34.072886643428774
4522,0,normal,0.7136644721031189,0.43273966150413995,35.24901956282201
4523,0,normal,1.0214818716049194,0.434153350751445,41.08464869555473
4524,0,normal,1.259645938873291,0.4123018761881596,48.1092862956325
4525,0,normal,0.07634803652763367,0.4480810447980976,47.794780723609165
4526,0,normal,0.05744335427880287,0.44020895784292075,47.22767465709035
4527,0,normal,0.03986207768321037,0.4411569171712315,46.766849811445354
4528,0,normal,0.02527027018368244,0.43078897790115617,46.66199543576886
4529,0,normal,0.015570802614092827,0.41265135695136357,46.56252131213
4530,0,normal,0.009809065610170364,0.4277940857784575,46.42082461016048
4531,0,normal,0.006772567518055439,0.4384185484945498,46.281802774332846
4532,0,normal,0.0054417941719293594,0.4186357588846368,46.21324604419465
4533,0,normal,0.005621577613055706,0.4311531611767384,46.343082962896005
4534,0,normal,0.0049282885156571865,0.4302408114121166,46.741593691236176
4535,0,normal,0.005072610452771187,0.4215206796059531,47.15952852695659
4536,0,normal,0.005663127172738314,0.4323534983644307,47.459928368213696
4537,0,normal,0.006445614621043205,0.43992384077792784,47.757016904371994
4538,0,normal,0.007243830244988203,0.42473672759591136,48.193614375604284
4539,0,normal,0.005954422056674957,0.41676803113776206,27.85896912628573
4540,0,normal,0.006752427667379379,0.40747197780828315,20.3103581051098
4541,0,normal,0.00752184959128499,0.40698988137243924,21.281747519183455
4542,0,normal,0.00810361746698618,0.3727852790363084,-5.846017437294677
4543,0,normal,0.008845539763569832,0.36683540161593114,-7.341017698021005
4544,0,normal,0.00945762638002634,0.37622390118246724,-6.535095813885846
4545,0,normal,0.00998641736805439,0.36612966695923166,-8.276884879350064
4546,0,normal,0.00961554516106844,0.3520594828748916,-9.951947393096816
4547,0,normal,0.009821123443543911,0.3507637119512134,-11.667144016865905
4548,0,normal,0.010100302286446095,0.358963574606927,-10.766548126346379
4549,0,normal,0.01016909722238779,0.34823903043682936,-12.377278789592083
4550,0,normal,1.0756809711456299,0.3253923363348722,-41.05403077061192
4551,0,normal,0.047900281846523285,0.3299211532229792,-40.6984842730069
4552,0,normal,0.053145673125982285,0.32786146233174257,-42.99822570613378
4553,0,normal,0.011599328368902206,0.3186178414227773,-49.9735287134672
4554,0,normal,0.011951643973588943,0.313627064351944,-57.792396043959116
4555,0,normal,0.012037239968776703,0.313627064351944,-57.77671766188814
4556,0,normal,0.011505266651511192,0.313627064351944,-57.70630174268672
4557,0,normal,0.011291515082120895,0.313627064351944,-57.64503721233541
4558,0,normal,0.011225232854485512,0.313627064351944,-57.592930780043616
4559,0,normal,0.011253241449594498,0.3136860832613061,-57.54962618973809
4560,0,normal,0.011340788565576077,0.3136860832613061,-57.51481338155554
4561,0,normal,7.266332626342773,0.3313707910749171,-26.731137184415957
4562,0,normal,0.04001853987574577,0.3418865806723741,-26.730664125356952
4563,0,normal,2.8437893390655518,0.37474127935910745,-0.29521889273951274
4564,0,normal,0.11073623597621918,0.36523246481730315,-0.16345576063395129
4565,0,normal,0.10662699490785599,0.3673876643453325,1.0745059119763027
4566,0,normal,0.10816002637147903,0.36515441864559683,2.4558691463710147
4567,0,normal,0.09602277725934982,0.3757924706744684,3.789085555864631
4568,0,normal,0.08251971751451492,0.3935404619332134,5.167404234703099
4569,0,normal,0.11737188696861267,0.3936349394624491,6.595145425485043
4570,0,normal,0.3268990218639374,0.3991512577705782,7.938916415176664
4571,0,normal,1.1523444652557373,0.3979847819987888,9.334228764023237
4572,0,normal,2.6642215251922607,0.4000652927037043,10.71162946791992
4573,0,normal,0.6356101036071777,0.43299601869518706,36.41649354271817
4574,0,normal,0.3260570466518402,0.42527549285231764,36.721319036610566
4575,0,normal,1.6927012205123901,0.4372435072724392,49.901219453668546
4576,0,normal,0.09718216955661774,0.44332916603091643,49.83291912579807
4577,0,normal,0.06620633602142334,0.43332254078477966,49.62479936400928
4578,0,normal,0.04575984925031662,0.4333392009116111,49.0746166035085
4579,0,normal,0.02803119644522667,0.449662726565651,49.075521450556835
4580,0,normal,0.016270983964204788,0.43803581088017823,49.17990477613671
4581,0,normal,0.00920350756496191,0.4271047941655193,49.15620707616995
4582,0,normal,0.005407719407230616,0.4507871278727205,49.189022709229675
4583,0,normal,0.003725652117282152,0.4344786559259408,49.246036965304484
4584,0,normal,0.004282795824110508,0.4283192395044191,49.419427978021304
4585,0,normal,0.003378647845238447,0.4307848814195716,49.89575722379345
4586,0,normal,0.0034442944452166557,0.43138296176255053,50.426539580417966
4587,0,normal,0.004011043347418308,0.4283381642184129,50.808934414164696
4588,0,normal,0.004779788199812174,0.4411762593280884,51.26040261396929
4589,0,normal,0.0037152469158172607,0.43894499476020404,51.87637203038071
4590,0,normal,0.004511935170739889,0.42808422784781697,52.60234893880511
4591,0,normal,0.005412666127085686,0.4209474791623707,25.459282819399732
4592,0,normal,0.006323444657027721,0.40856861825242446,26.557227323781945
4593,0,normal,0.007106539327651262,0.3890551420412122,-0.4778885898986118
4594,0,normal,0.006144816055893898,0.385573739008992,-1.5689528345403687
4595,0,normal,0.0069792186841368675,0.3868970683572312,-2.586355346044229
4596,0,normal,0.007749617099761963,0.3671888869136545,-3.8020874224828276
4597,0,normal,0.008477949537336826,0.3673353615531944,-5.244243461187807
4598,0,normal,0.009166265837848186,0.3621841714370206,-6.827872734057337
4599,0,normal,0.009811089374125004,0.3574890210099346,-8.278765348896059
4600,0,normal,0.00995338149368763,0.3469442899748847,-9.756364766690012
4601,0,normal,0.010104390792548656,0.35584726536373745,-11.262674005424287
4602,0,normal,0.010289317928254604,0.35101390249761666,-12.957794706003824
4603,0,normal,0.011350507847964764,0.3287181251226184,-41.85671074271136
4604,0,normal,0.009410722181200981,0.32453206018743475,-42.74226601971645
4605,0,normal,0.01135141123086214,0.3140001920092668,-57.60779340438103
4606,0,normal,0.011561536230146885,0.3138423714896348,-57.59020718786451
4607,0,normal,0.011736948043107986,0.3138423714896348,-57.582513150541445
4608,0,normal,7.2767486572265625,0.3313923116715035,-26.82410595536885
4609,0,normal,0.041098132729530334,0.3433638641840748,-26.853776218012854
4610,0,normal,1.2681207656860352,0.33470472953562524,-27.20086793798214
4611,0,normal,0.8917876482009888,0.36872514430191594,-1.7689993490821507
4612,0,normal,0.10026143491268158,0.3615593082017978,-0.6019813871726001
4613,0,normal,0.11324533075094223,0.37558427572180764,0.7367354180466918
4614,0,normal,0.11634959280490875,0.3688725751920144,2.049241501025108
4615,0,normal,0.1034805178642273,0.37893168966306723,3.4417995272174267
4616,0,normal,0.09328565001487732,0.3819648329081601,4.806288559671884
4617,0,normal,3.320530891418457,0.41153996626744266,20.20889915192788
4618,0,normal,2.4629595279693604,0.4223646197360015,31.972645951256254
4619,0,normal,0.3854597210884094,0.4062493255808842,32.33400095953402
4620,0,normal,1.5544708967208862,0.424564927087339,45.66138665103904
4621,0,normal,0.11983098089694977,0.4362882204360967,45.58969502364357
4622,0,normal,0.05240323394536972,0.42580179464583195,45.37130639359998
4623,0,normal,0.03508368507027626,0.41887968460384695,44.824247738964004
4624,0,normal,0.021501267328858376,0.4482354430254556,44.78998072567788
4625,0,normal,0.012329156510531902,0.41246524563042747,44.77171342768588
4626,0,normal,0.006660777609795332,0.4158241300578809,44.79122690029999
4627,0,normal,0.0036253808066248894,0.4397170896788009,44.920040984941124
4628,0,normal,0.0023942922707647085,0.42291600755847664,44.95337291607689
4629,0,normal,0.0022638393566012383,0.41965859855233745,44.8742467225411
4630,0,normal,0.002709785709157586,0.4326217521188099,44.88000484563122
4631,0,normal,0.003385907504707575,0.41559535016929794,44.93182715090643
4632,0,normal,0.0026690708473324776,0.4154185819325943,45.21260896613376
4633,0,normal,0.0032610264606773853,0.4177519534253401,45.755173566529265
4634,0,normal,0.00400985823944211,0.4087803892317385,46.26434123778267
4635,0,normal,0.004800643306225538,0.4216660731447074,46.665530654379836
4636,0,normal,0.00555030070245266,0.43562535107744227,47.009921531303235
4637,0,normal,0.006212705280631781,0.40770786817109056,47.62706003192375
4638,0,normal,0.005272092297673225,0.394841089750272,20.247181163804044
4639,0,normal,0.005896272137761116,0.4088388522821822,21.641586286723623
4640,0,normal,0.006532182916998863,0.3936697854302824,23.05616217839315
4641,0,normal,0.007095908280462027,0.3785483684871207,-4.071911439206588
4642,0,normal,0.007804291322827339,0.3663059412370598,-5.5755091118035125
4643,0,normal,0.008482471108436584,0.3590647946557995,-7.106983134816346
4644,0,normal,0.008740978315472603,0.35526850256140197,-8.525820619570595
4645,0,normal,0.009005571715533733,0.35066473329962655,-9.914202661495892
4646,0,normal,0.00925974827259779,0.35921296658275037,-11.469772861810497
4647,0,normal,0.008543740957975388,0.33791601093511026,-28.461411891365742
4648,0,normal,0.009262986481189728,0.32896459977689313,-42.188987018352464
4649,0,normal,0.00874561071395874,0.32462854521265994,-43.08752893891483
4650,0,normal,0.01113063097000122,0.31280008956383465,-57.929750001363345
4651,0,normal,0.010997521691024303,0.31270712015317415,-57.86772687695566
4652,0,normal,0.010870849713683128,0.31270712015317415,-57.81540616738971
4653,0,normal,0.010911102406680584,0.31401657287507245,-57.77296750920982
4654,0,normal,0.0110536590218544,0.31401657287507245,-57.74037813345922
4655,0,normal,0.011249914765357971,0.31401657287507245,-57.717549676802264
4656,0,normal,0.01145427767187357,0.31379886431692794,-57.70415585529281
4657,0,normal,0.01164159458130598,0.31364114498717355,-57.70000414425499
4658,0,normal,0.011800696142017841,0.31364114498717355,-57.70478839902762
4659,0,normal,0.011928844265639782,0.313627064351944,-57.71804988055692
4660,0,normal,0.012027829885482788,0.313627064351944,-57.7394460837304
4661,0,normal,0.012101542204618454,0.313627064351944,-57.76838697170001
4662,0,normal,0.011532094329595566,0.313627064351944,-57.70510734038044
4663,0,normal,0.011316251009702682,0.313627064351944,-57.65075865757967
4664,0,normal,0.01124377641826868,0.3136860832613061,-57.605166096442645
4665,0,normal,0.01126470509916544,0.3136860832613061,-57.568017523881736
4666,0,normal,0.011345859616994858,0.31366571250611686,-57.53877390076127
4667,0,normal,7.265716552734375,0.3313707910749171,-26.759448968472043
4668,0,normal,0.04008994996547699,0.3418865806723741,-26.735677859998077
4669,0,normal,1.2841917276382446,0.33444413185793376,-27.027394004895314
4670,0,normal,2.042407989501953,0.3507523114618276,-15.814310385855833
4671,0,normal,10.082018852233887,0.399870616024253,46.00372947079791
4672,0,normal,1.0236947536468506,0.38932152354475325,45.80547246524861
4673,0,normal,10.073111534118652,0.41153351671847754,91.29226236215891
4674,0,normal,0.3116706609725952,0.40970648834588935,92.37237768591876
4675,0,normal,1.4782328605651855,0.41367397425605656,92.28385111369153
4676,0,normal,0.4807767868041992,0.43282469047288735,93.39977601906867
4677,0,normal,1.5153977870941162,0.4436540079028861,93.30669540168469
4678,0,normal,2.815284013748169,0.4411891267881088,117.23792055305807
4679,0,normal,0.21827547252178192,0.44343126467091887,118.42327963026912
4680,0,normal,0.7171456813812256,0.45143165875262903,118.33799189113836
4681,0,normal,1.6867268085479736,0.4438980505305393,130.6513509443963
4682,0,normal,0.10369648784399033,0.4664425773332518,130.58293190132588
4683,0,normal,0.03458864986896515,0.44672911882135746,130.37357212348434
4684,0,normal,0.021922092884778976,0.45918118499661753,129.82643088599445
4685,0,normal,0.012536227703094482,0.462646499991353,129.67776081008515
4686,0,normal,0.006704440340399742,0.4465950844772053,129.75683296218813
4687,0,normal,0.007468126714229584,0.4522903499173552,129.72680656832927
4688,0,normal,0.0041915038600564,0.4444326611365554,129.7167189007306
4689,0,normal,0.0029619617853313684,0.45666085848499083,129.66938993329813
4690,0,normal,0.002920984523370862,0.4396122867961709,129.73329814900342
4691,0,normal,0.0035052457824349403,0.4767175826455165,129.94294964110873
4692,0,normal,0.004345985129475594,0.4471799661116781,130.42046993191354
4693,0,normal,0.005218903534114361,0.4591836060150839,130.97426569900188
4694,0,normal,0.004047935362905264,0.45306163111424763,131.55125117718046
4695,0,normal,0.004880936816334724,0.45189551359291724,131.9671802277345
4696,0,normal,0.005734228063374758,0.465643786191786,132.4162200201398
4697,0,normal,0.006533989682793617,0.42106962650319746,106.97484164422144
4698,0,normal,0.007286502048373222,0.42925848002986683,107.67858327830095
4699,0,normal,0.006639299914240837,0.41756389932958926,108.79113437845785
4700,0,normal,0.007260208949446678,0.4107812260458643,97.7145352240866
4701,0,normal,0.007898562587797642,0.39689759424170074,37.76852406678972
4702,0,normal,0.008543252013623714,0.3764667215763449,38.50322532404448
4703,0,normal,0.009281929582357407,0.36781534937913296,-10.177736739315606
4704,0,normal,0.010052432306110859,0.35015108148227075,-11.959327764545606
4705,0,normal,0.009852129966020584,0.348332451031122,-11.238486425928386
4706,0,normal,0.009873618371784687,0.3485047693345114,-12.7811033066871
4707,0,normal,0.010123100131750107,0.3517572086420466,-12.019392520713382
4708,0,normal,0.021245600655674934,0.32854959103764003,-40.67840681406801
4709,0,normal,0.014768355526030064,0.3273726866381606,-42.97283077731345
4710,0,normal,0.010681982152163982,0.32669228757633606,-42.84745019901425
4711,0,normal,0.011613182723522186,0.31364114498717355,-57.69156145964439
4712,0,normal,0.011772561818361282,0.31364114498717355,-57.64992034012198
4713,0,normal,0.01190849021077156,0.313627064351944,-57.654559842669414
4714,0,normal,0.012012322433292866,0.313627064351944,-57.66786159225376
4715,0,normal,0.012088908813893795,0.313627064351944,-57.689496122223545
4716,0,normal,7.269336223602295,0.3313923116715035,-26.895246936233207
4717,0,normal,0.04215443506836891,0.3433638641840748,-26.91567320824879
4718,0,normal,2.859813690185547,0.37586234182111417,-0.5210568895515735
4719,0,normal,0.10912022739648819,0.3652561845317357,-0.4355632438569046
4720,0,normal,0.10598303377628326,0.367719239837169,0.8143078712162151
4721,0,normal,0.11116500943899155,0.36531916145207555,2.1558722954607674
4722,0,normal,0.0971711203455925,0.3757924706744684,3.4492899379372375
4723,0,normal,0.08382680267095566,0.3918353279393561,4.837879732526517
4724,0,normal,0.11524006724357605,0.39235803518300666,6.2418580792286775
4725,0,normal,0.33954837918281555,0.3990927771836669,7.603326975955952
4726,0,normal,1.1730244159698486,0.3952535039660361,8.982646226738552
4727,0,normal,1.0692335367202759,0.4299604573369418,34.70942613485545
4728,0,normal,0.17219538986682892,0.41734003878745624,35.909229483416084
4729,0,normal,0.7759686708450317,0.427769186468577,35.736897657453255
4730,0,normal,1.5372159481048584,0.4236974918897531,49.029773437147696
4731,0,normal,0.08373862504959106,0.442382230352615,48.96805390353802
4732,0,normal,0.03969959914684296,0.4444506109848905,48.81877159059832
4733,0,normal,0.02727295458316803,0.42618466334857497,48.29457253780765
4734,0,normal,0.01650882512331009,0.45150925153724836,48.28992733700784
4735,0,normal,0.009124883450567722,0.41926222911987926,48.41950866015736
4736,0,normal,0.004653797019273043,0.43946876218201625,48.419059037659736
4737,0,normal,0.002381096128374338,0.4456772379677477,48.449806805014305
4738,0,normal,0.0015744667034596205,0.4354308484494452,48.50409342427929
4739,0,normal,0.0016206870786845684,0.42272765333917905,48.70421752564539
4740,0,normal,0.0018295436166226864,0.43374683967966104,49.194102735978504
4741,0,normal,0.001909559010528028,0.43421515841721636,49.7345199164713
4742,0,normal,0.0024061996955424547,0.42726665991438223,50.15087842006187
4743,0,normal,0.003075561486184597,0.4435115523475611,50.62143905888365
4744,0,normal,0.0037680682726204395,0.42446033819796436,51.23082510987365
4745,0,normal,0.0027996909338980913,0.4264394968566979,51.92152292118112
4746,0,normal,0.003443271853029728,0.4297581573098554,24.838122678345144
4747,0,normal,0.004159361124038696,0.3988282860087813,25.97537976583044
4748,0,normal,0.004963072948157787,0.38701910776779297,-0.8917089578333162
4749,0,normal,0.005655062384903431,0.38282910581258833,-1.8762319350958023
4750,0,normal,0.00629064068198204,0.38641648135986045,-2.9938551532673046
4751,0,normal,0.005866958759725094,0.36743349681433907,-4.392895255936082
4752,0,normal,0.0064274221658706665,0.3710629853700731,-5.914303662964585
4753,0,normal,0.007055463269352913,0.3608174112716585,-7.366697786896793
4754,0,normal,0.007737636566162109,0.3549012072923283,-8.876238045322452
4755,0,normal,0.008357198908925056,0.3530620981935904,-10.279138173303863
4756,0,normal,0.008832921274006367,0.35140574547097947,-11.915730035878141
4757,0,normal,0.00580953061580658,0.3289554414655878,-40.55282282561552
4758,0,normal,0.006870667915791273,0.32745125398384584,-42.869037322564964
4759,0,normal,0.007680336479097605,0.32525145424032387,-42.74092377494867
4760,0,normal,0.009978113695979118,0.3130648511718052,-57.625120416064874
4761,0,normal,0.010334327816963196,0.3130648511718052,-57.62825281778919
4762,0,normal,0.010682355612516403,0.3129232953334952,-57.641269332186994
4763,0,normal,0.010994413867592812,0.3129232953334952,-57.66400192545666
4764,0,normal,0.010893775150179863,0.31270712015317415,-57.643547671350916
4765,0,normal,0.010800634510815144,0.31270712015317415,-57.634314180077126
4766,0,normal,0.010865320451557636,0.31401657287507245,-57.63615867589647
4767,0,normal,0.011027127504348755,0.31401657287507245,-57.64874075723742
4768,0,normal,0.011238554492592812,0.31401657287507245,-57.67163093737486
4769,0,normal,0.01145427767187357,0.31379886431692794,-57.70415585529281
4770,0,normal,0.01164159458130598,0.31364114498717355,-57.70000414425499
4771,0,normal,0.011800696142017841,0.31364114498717355,-57.70478839902762
4772,0,normal,0.011436735279858112,0.313627064351944,-57.655959948996724
4773,0,normal,0.011228624731302261,0.313627064351944,-57.61728259059805
4774,0,normal,0.011179874651134014,0.313627064351944,-57.588393201055624
4775,0,normal,0.011221553198993206,0.313627064351944,-57.53165882178064
4776,0,normal,0.01132307481020689,0.313627064351944,-57.48417608259729
4777,0,normal,0.011444922536611557,0.3136860832613061,-57.445462021317326
4778,0,normal,0.01156402938067913,0.3136860832613061,-57.41522934069417
4779,0,normal,0.01114438846707344,0.31366571250611686,-57.32142208192681
4780,0,normal,0.010894633829593658,0.31366571250611686,-57.23711423188706
4781,0,normal,0.01081406231969595,0.3159222318553094,-57.133661079841886
4782,0,normal,0.01083690207451582,0.3159222318553094,-57.03931025507177
4783,0,normal,0.010920912027359009,0.3144499817348358,-56.9538398751522
4784,0,normal,0.011028368026018143,0.3144499817348358,-56.87682403329495
4785,0,normal,0.011137116700410843,0.31468565980713864,-56.80793809237048
4786,0,normal,0.011235651560127735,0.31426088100201766,-56.746779530866206
4787,0,normal,0.01131762657314539,0.3146228217132092,-56.67319221529306
4788,0,normal,0.011384692043066025,0.3146228217132092,-56.60674656783681
4789,0,normal,0.011437674053013325,0.3146228217132092,-56.547201654989976
4790,0,normal,0.01147826574742794,0.3146228217132092,-56.494266451679096
4791,0,normal,0.011508423835039139,0.31459339141874065,-56.44765127338064
4792,0,normal,0.011530010029673576,0.31459339141874065,-56.40693021187485
4793,0,normal,0.011544644832611084,0.3146290901132365,-56.37170157785431
4794,0,normal,0.011554351076483727,0.31480842918019186,-56.33085243235814
4795,0,normal,0.011559469625353813,0.31480842918019186,-56.29488905956691
4796,0,normal,0.010297841392457485,0.31480842918019186,-56.18247296988784
4797,0,normal,0.010199282318353653,0.31480842918019186,-56.076394639582986
4798,0,normal,0.01020027045160532,0.31480842918019186,-55.97648955546424
4799,0,normal,0.010261480696499348,0.31480842918019186,-55.882369081769184
4800,0,normal,0.01035906933248043,0.31480842918019186,-55.79364180364314
4801,0,normal,0.010469724424183369,0.3148871768694323,-55.70968603692654
4802,0,normal,0.01058017835021019,0.31508415830996894,-55.62852638883351
4803,0,normal,0.010681926272809505,0.31508415830996894,-55.5515976035158
4804,0,normal,0.010771525092422962,0.31508415830996894,-55.47864487359061
4805,0,normal,0.01084813755005598,0.31508415830996894,-55.409434071946635
4806,0,normal,0.010912385769188404,0.31508415830996894,-55.34366493677385
4807,0,normal,0.010965579189360142,0.31508415830996894,-55.28110644645153
4808,0,normal,0.011009241454303265,0.31508415830996894,-55.22148835518874
4809,0,normal,0.011046379804611206,0.31508415830996894,-55.172265609084434
4810,0,normal,0.011076019145548344,0.31508415830996894,-55.125878052100234
4811,0,normal,0.011099353432655334,0.31508415830996894,-55.082263874966884
4812,0,normal,0.01111740991473198,0.31508415830996894,-55.04150435731185
4813,0,normal,0.011131045408546925,0.3156859484607063,-55.00358985288335
4814,0,normal,7.264522075653076,0.3338319786688425,-24.280332557862266
4815,0,normal,3.46183443069458,0.36201679517981233,-11.850061463804423
4816,0,normal,2.1577820777893066,0.3853453898472107,3.493395300431075
4817,0,normal,0.2937336564064026,0.36476963152139663,3.5992607474415763
4818,0,normal,0.22420944273471832,0.37056543731868297,4.799491377547838
4819,0,normal,0.21925073862075806,0.3765306205212908,6.163777245172469
4820,0,normal,0.2147737294435501,0.3870596523978219,7.4226389005903
4821,0,normal,1.25276517868042,0.4012228268465695,7.264380932336962
4822,0,normal,0.30898454785346985,0.3960253457840292,8.657193932511973
4823,0,normal,1.376093864440918,0.3883931177927751,8.455944512259975
4824,0,normal,1.3612992763519287,0.4053156884101447,9.873459114071693
4825,0,normal,1.243211269378662,0.4264141393788526,35.486230705022535
4826,0,normal,0.2672816812992096,0.4256261293104217,35.73329193555742
4827,0,normal,1.6361021995544434,0.4372499845985332,48.77717679492389
4828,0,normal,0.10396033525466919,0.4264369749253041,48.60191115721659
4829,0,normal,0.05567942559719086,0.42636492277443944,48.25123053798711
4830,0,normal,0.03760180622339249,0.4431560276165678,47.583273217011765
4831,0,normal,0.02296716719865799,0.4331385016687406,47.418767411390945
4832,0,normal,0.008411298505961895,0.4464280618900198,47.311351238166026
4833,0,normal,0.008405834436416626,0.41861997157294467,47.266622889779455
4834,0,normal,0.005123026669025421,0.4380132786232008,47.234550483860176
4835,0,normal,0.0037886248901486397,0.44209845483633825,47.18192812064217
4836,0,normal,0.0036156538408249617,0.43574450209292276,47.228092530212734
4837,0,normal,0.00406497810035944,0.423360843583202,47.419107739105584
4838,0,normal,0.004782652948051691,0.43301586385060026,47.85448353506149
4839,0,normal,0.005555419251322746,0.4224283935006215,48.28885115182197
4840,0,normal,0.006266332697123289,0.43921285182466663,48.67016588683009
4841,0,normal,0.006862127222120762,0.4304034685612724,49.18349865327377
4842,0,normal,0.005028409417718649,0.4297259616149107,49.78057838581867
4843,0,normal,0.005791959818452597,0.43342091571984825,50.49735390252749
4844,0,normal,0.0064780861139297485,0.41103748726031253,23.300427483940666
4845,0,normal,0.007139748893678188,0.38770852811403184,10.922149530099887
4846,0,normal,0.0076367855072021484,0.3810571840694563,-5.275348356855602
4847,0,normal,0.008270099759101868,0.37349616788650103,-6.54005167775631
4848,0,normal,0.008006208576261997,0.3631053687867116,-8.025902579281365
4849,0,normal,0.008577578701078892,0.3605168914243557,-9.754137400623677
4850,0,normal,0.009257761761546135,0.35843548384483265,-11.638639228121974
4851,0,normal,0.009639806114137173,0.354204611077953,-10.888625640274995
4852,0,normal,0.010248089209198952,0.3421467958172374,-12.56270408296814
4853,0,normal,0.010627214796841145,0.3547597282019629,-11.741843314399603
4854,0,normal,0.01101670227944851,0.35125797520200924,-13.4469539333179
4855,0,normal,0.016389789059758186,0.32988297653193865,-42.33021848646786
4856,0,normal,0.011074421927332878,0.32589102953021,-43.18476876042996
4857,0,normal,0.01109815388917923,0.313815234679804,-58.0126684760578
4858,0,normal,0.011192786507308483,0.313815234679804,-57.94975364278389
4859,0,normal,0.01135250087827444,0.313815234679804,-57.89489156709874
4860,0,normal,0.01152818463742733,0.31379886431692794,-57.84804209487106
4861,0,normal,0.01169264130294323,0.31364114498717355,-57.80926245954174
4862,0,normal,0.011841122061014175,0.31364114498717355,-57.815663351083
4863,0,normal,0.011951643973588943,0.313627064351944,-57.792396043959116
4864,0,normal,0.011480884626507759,0.313627064351944,-57.7146291833194
4865,0,normal,0.011265571229159832,0.313627064351944,-57.64622831456336
4866,0,normal,0.011204221285879612,0.313627064351944,-57.58720600147785
4867,0,normal,0.011239215731620789,0.313627064351944,-57.537387520308584
4868,0,normal,0.011333512142300606,0.3136860832613061,-57.49641867801847
4869,0,normal,0.011449101381003857,0.3136860832613061,-57.46386066393484
4870,0,normal,0.011563340201973915,0.31366571250611686,-57.43919719874975
4871,0,normal,0.011159418150782585,0.31366571250611686,-57.350440418086464
4872,0,normal,0.01089739054441452,0.31366571250611686,-57.242211999790015
4873,0,normal,0.010813361033797264,0.3159222318553094,-57.14302410227742
4874,0,normal,0.010833516716957092,0.3159222318553094,-57.05254952304381
4875,0,normal,0.010915800929069519,0.3144499817348358,-56.97052556655581
4876,0,normal,0.011022316291928291,0.3144499817348358,-56.896521352647824
4877,0,normal,0.011130647733807564,0.3149761745951143,-56.83011201157092
4878,0,normal,0.011227313429117203,0.3146228217132092,-56.751339933473446
4879,0,normal,0.011310548521578312,0.3146228217132092,-56.67952983023156
4880,0,normal,0.011378999799489975,0.3146228217132092,-56.61461335698459
4881,0,normal,0.011433376930654049,0.3146228217132092,-56.55626870063702
4882,0,normal,0.0114752734079957,0.31459339141874065,-56.50422008305759
4883,0,normal,0.011506540700793266,0.31459339141874065,-56.45814380035358
4884,0,normal,0.010339697822928429,0.31459339141874065,-56.336520225089544
4885,0,normal,0.010227362625300884,0.3146290901132365,-56.211577302406795
4886,0,normal,0.010224572382867336,0.31480842918019186,-56.09397156941168
4887,0,normal,0.01028580404818058,0.31480842918019186,-55.98357567760763
4888,0,normal,0.010384608060121536,0.31480842918019186,-55.88016956113415
4889,0,normal,0.010496361181139946,0.31480842918019186,-55.783338973469654
4890,0,normal,0.010606387630105019,0.31480842918019186,-55.692761043862674
4891,0,normal,0.010706949047744274,0.31480842918019186,-55.60809357932794
4892,0,normal,0.010794698260724545,0.31480842918019186,-55.52889335050645
4893,0,normal,0.010868927463889122,0.3148871768694323,-55.45471852340688
4894,0,normal,0.01093162689357996,0.31508415830996894,-55.383535959862
4895,0,normal,0.010982503183186054,0.31508415830996894,-55.31681158158449
4896,0,normal,0.011023293249309063,0.31508415830996894,-55.25438062675062
4897,0,normal,0.01105572935193777,0.31508415830996894,-55.19595095191539
4898,0,normal,0.011081373319029808,0.31508415830996894,-55.14124663358007
4899,0,normal,0.011101574636995792,0.31508415830996894,-55.089855799318
4900,0,normal,0.01111740991473198,0.31508415830996894,-55.04150435731185
4901,0,normal,0.011131045408546925,0.3156859484607063,-55.00358985288335
4902,0,normal,0.01114096399396658,0.3156859484607063,-54.968437207831585
4903,0,normal,0.011147750541567802,0.3156859484607063,-54.93598377694775
4904,0,normal,0.011151920072734356,0.3156859484607063,-54.90610984476598
4905,0,normal,0.011153928004205227,0.3156859484607063,-54.87872521956501
4906,0,normal,0.011154212057590485,0.3156859484607063,-54.8536441918086
4907,0,normal,0.011153224855661392,0.3156859484607063,-54.830610844120656
4908,0,normal,0.011151350103318691,0.3156859484607063,-54.80936574599582
4909,0,normal,0.01114898081868887,0.3156859484607063,-54.7896579644198
4910,0,normal,5.450388431549072,0.3258919631560712,-31.71038612207508
4911,0,normal,2.1568217277526855,0.34198414779290215,-23.395577672881018
4912,0,normal,0.756416916847229,0.34217250735635824,-23.627628776059737
4913,0,normal,1.1196168661117554,0.3808100805013778,1.9398778757888522
4914,0,normal,0.11905345320701599,0.369662461036939,2.821326874944589
4915,0,normal,0.11748511344194412,0.37907342342475403,4.167669526777445
4916,0,normal,0.1178588718175888,0.37450683007401697,5.474031550134896
4917,0,normal,0.10894891619682312,0.38978347180016254,6.828869596276945
4918,0,normal,0.10234762728214264,0.388617131821113,8.163451697099163
4919,0,normal,0.14040540158748627,0.39716008805190534,9.444039617182852
4920,0,normal,0.31925711035728455,0.40530599763953096,10.727571507710536
4921,0,normal,0.9587030410766602,0.3974267647161534,12.050806761762033
4922,0,normal,1.3496630191802979,0.43839425853616215,37.60444510145771
4923,0,normal,0.18905971944332123,0.4293884988011073,38.693447972482545
4924,0,normal,1.8453527688980103,0.4495073359473926,51.688396809217465
4925,0,normal,0.12131480127573013,0.43416449520085565,51.519420995907694
4926,0,normal,0.07063915580511093,0.43790183835777063,51.19895659110216
4927,0,normal,0.04965439438819885,0.45104119067131637,50.52794430260792
4928,0,normal,0.031669288873672485,0.44037999404354344,50.38901940965479
4929,0,normal,0.01928914338350296,0.45394270458246666,50.37440832933885
4930,0,normal,0.011481876485049725,0.4217292928610644,50.31688290776856
4931,0,normal,0.0070187714882195,0.43999787450394895,50.2714325202769
4932,0,normal,0.004848869517445564,0.44226880157959125,50.20006201178148
4933,0,normal,0.004130536690354347,0.43717649950788523,50.132303696709414
4934,0,normal,0.004246333613991737,0.4353084928011277,50.29853145599418
4935,0,normal,0.004778417758643627,0.4399464645689077,50.72161809199042
4936,0,normal,0.0038793524727225304,0.43318091563982364,51.19247966844546
4937,0,normal,0.004488217178732157,0.4483079024712277,51.57826139285794
4938,0,normal,0.0053466130048036575,0.43651130494628093,51.981383957136586
4939,0,normal,0.006269978359341621,0.4399389901435006,52.5658789558413
4940,0,normal,0.007111969869583845,0.4199024505148271,32.3793693673158
4941,0,normal,0.00785475131124258,0.4275352790339912,25.00372658236256
4942,0,normal,0.006630629301071167,0.4109668106430456,26.130974273076163
4943,0,normal,0.00694306381046772,0.39002793562779736,-0.702177214148378
4944,0,normal,0.007845262065529823,0.39113927221654804,-1.7858247721501357
4945,0,normal,0.008615422993898392,0.3738644030038916,-3.0438804645959863
4946,0,normal,0.009284408763051033,0.36985644916522836,-4.50125690098389
4947,0,normal,0.009879172779619694,0.3641898365339214,-6.095588340340328
4948,0,normal,0.010428879410028458,0.3594361533144002,-7.530682359817547
4949,0,normal,0.010457465425133705,0.3504987293760923,-8.970198037017326
4950,0,normal,0.010526273399591446,0.3566742446431012,-10.414826666342378
4951,0,normal,0.01060264278203249,0.35124817663798036,-11.998534727660171
4952,0,normal,0.1160331591963768,0.333051458399428,-40.75870739695097
4953,0,normal,0.024404840543866158,0.325682077782412,-43.06204595961481
4954,0,normal,0.01154404878616333,0.31379886431692794,-57.88511283653952
4955,0,normal,0.01170416921377182,0.31364114498717355,-57.84651915719019
4956,0,normal,0.011841122061014175,0.31364114498717355,-57.815663351083
4957,0,normal,0.011951643973588943,0.313627064351944,-57.792396043959116
4958,0,normal,0.011480884626507759,0.313627064351944,-57.7146291833194
4959,0,normal,0.011265571229159832,0.313627064351944,-57.64622831456336
4960,0,normal,0.011204221285879612,0.313627064351944,-57.58720600147785
4961,0,normal,0.011239215731620789,0.313627064351944,-57.537387520308584
4962,0,normal,0.011333512142300606,0.3136860832613061,-57.49641867801847
4963,0,normal,0.011449101381003857,0.3136860832613061,-57.46386066393484
4964,0,normal,0.011563340201973915,0.31366571250611686,-57.43919719874975
4965,0,normal,0.011664526537060738,0.31366571250611686,-57.422001233246874
4966,0,normal,0.01112398412078619,0.31366571250611686,-57.311741475830104
4967,0,normal,0.010888559743762016,0.31366571250611686,-57.21029451749928
4968,0,normal,0.01081536989659071,0.3159222318553094,-57.11751537734267
4969,0,normal,0.010838279500603676,0.3159222318553094,-57.033139310178285
4970,0,normal,0.010919347405433655,0.3144499817348358,-56.95686469335715
4971,0,normal,0.011023122817277908,0.3149761745951143,-56.888114752557385
4972,0,normal,0.011126447468996048,0.31533893912462824,-56.80691015513116
4973,0,normal,0.011221799999475479,0.3146228217132092,-56.73267163848732
4974,0,normal,0.011304130777716637,0.3146228217132092,-56.66522918176224
4975,0,normal,0.011372088454663754,0.3146228217132092,-56.604342411081234
4976,0,normal,0.011426268145442009,0.31459339141874065,-56.54963204452088
4977,0,normal,0.01037259679287672,0.31459339141874065,-56.41971070555428
4978,0,normal,0.01024547591805458,0.31459339141874065,-56.29734356698941
4979,0,normal,0.010234571062028408,0.3146290901132365,-56.17184633190277
4980,0,normal,0.010292766615748405,0.3146290901132365,-56.05379301245944
4981,0,normal,0.010391184128820896,0.31480842918019186,-55.94291514432871
4982,0,normal,0.010503698140382767,0.31480842918019186,-55.838954063765414
4983,0,normal,0.010614829137921333,0.31480842918019186,-55.7417207574515
4984,0,normal,0.0107164541259408,0.31480842918019186,-55.650894003031
4985,0,normal,0.010805067606270313,0.31480842918019186,-55.56609204319534
4986,0,normal,0.010879866778850555,0.31480842918019186,-55.486944300199866
4987,0,normal,0.010941513814032078,0.3148871768694323,-55.41302251059892
4988,0,normal,0.010992689058184624,0.3148871768694323,-55.34246897300295
4989,0,normal,0.01103324443101883,0.31508415830996894,-55.276717507284275
4990,0,normal,0.011064959689974785,0.31508415830996894,-55.21554870192631
4991,0,normal,0.011089473962783813,0.31508415830996894,-55.15875236767192
4992,0,normal,0.011108247563242912,0.31508415830996894,-55.10593541477806
4993,0,normal,0.011122475378215313,0.31508415830996894,-55.05686347124242
4994,0,normal,0.011133136227726936,0.3156859484607063,-55.01117689401053
4995,0,normal,0.01114096399396658,0.3156859484607063,-54.968437207831585
4996,0,normal,0.011147750541567802,0.3156859484607063,-54.93598377694775
4997,0,normal,0.009627348743379116,0.3156859484607063,-54.81541935949258
4998,0,normal,0.00960803683847189,0.3156859484607063,-54.699407565421325
4999,0,normal,0.009661263786256313,0.3156859484607063,-54.58799086334352
5000,0,normal,0.009756392799317837,0.3156859484607063,-54.4809580134131
5001,0,normal,0.009873227216303349,0.3156859484607063,-54.37809636715474
5002,0,normal,0.00999421440064907,0.3156859484607063,-54.2790717584478
5003,0,normal,0.010109232738614082,0.3156859484607063,-54.18362090637629
5004,0,normal,0.010213281027972698,0.3156859484607063,-54.09151830249448
5005,0,normal,0.010304497554898262,0.3158582945116637,-54.0024074474245
5006,0,normal,0.010382882319390774,0.3165854591140632,-53.91602885605084
5007,0,normal,0.010450441390275955,0.3165854591140632,-53.849093748625364
5008,0,normal,7.271225929260254,0.3346005220386226,-23.128039833675757
5009,0,normal,0.042286355048418045,0.3454919292159481,-23.08642437014305
5010,0,normal,1.816662073135376,0.3617816112087511,-11.050343864899332
5011,0,normal,1.9445847272872925,0.3790249727482497,3.285961386694453
5012,0,normal,0.4593236744403839,0.3693843793821364,4.506346803675342
5013,0,normal,0.3670102059841156,0.37652651041285456,5.756345211510279
5014,0,normal,0.3377697765827179,0.38263527424595467,7.019650727300359
5015,0,normal,0.3273821175098419,0.3869072351734078,8.374650492362889
5016,0,normal,0.34776008129119873,0.3990071591751672,9.687899508715645
5017,0,normal,0.4484313726425171,0.40239702421780005,10.924132650732645
5018,0,normal,0.7572360634803772,0.3997887945408046,12.209840551337948
5019,0,normal,1.8050017356872559,0.41920907419229264,27.380134684601217
5020,0,normal,1.8959206342697144,0.413228046078226,38.93482638239243
5021,0,normal,0.6826503276824951,0.4406592865444464,38.56347557098775
5022,0,normal,5.463454246520996,0.45025898519654306,66.559145711768
5023,0,normal,0.12292822450399399,0.44338931496360545,66.3589704091778
5024,0,normal,0.2846079170703888,0.4538148293020006,65.91652616662759
5025,0,normal,4.261999607086182,0.4687619810015302,89.31295134114498
5026,0,normal,0.28784462809562683,0.473093975697393,88.93140876056714
5027,0,normal,0.49352481961250305,0.4676658321045863,90.22099741787542
5028,0,normal,0.5027101635932922,0.4532257031614338,91.39880512139075
5029,0,normal,0.413499116897583,0.4767798725581564,91.23801592090899
5030,0,normal,0.5348390936851501,0.47245191399331216,92.53970661834433
5031,0,normal,0.37798550724983215,0.4792511632478146,93.92734327381163
5032,0,normal,0.5790774822235107,0.4818473228380208,94.10791879613589
5033,0,normal,4.027560234069824,0.4935571682233924,118.56033270903947
5034,0,normal,0.40133970975875854,0.493723468550598,118.75350140974831
5035,0,normal,0.6884788870811462,0.5331681305305578,120.49140907020842
5036,0,normal,1.8373026847839355,0.5097066554971326,133.18972655310552
5037,0,normal,0.04224061965942383,0.49327936123498123,133.76351799988402
5038,0,normal,0.013290252536535263,0.5205674971280536,108.33064666102723
5039,0,normal,0.009685222059488297,0.47636375639769174,108.8450944186468
5040,0,normal,0.0060462960973382,0.4979346760799054,97.52668826680565
5041,0,normal,0.003539355704560876,0.4668023272548289,82.85573768174572
5042,0,normal,0.00469530513510108,0.4604431810081321,81.7464314147744
5043,0,normal,0.002339465543627739,0.4726879225101475,80.41584217957256
5044,0,normal,0.0012332983314990997,0.45881886342343065,78.96872669962113
5045,0,normal,0.0009052057866938412,0.4392710934038167,77.53899015766433
5046,0,normal,0.001277176197618246,0.4676949319295167,76.32599635969518
5047,0,normal,0.0009630848071537912,0.4497522251970335,75.3179587158786
5048,0,normal,0.0011545766610652208,0.4398127823158186,74.14525710889302
5049,0,normal,0.0015765471616759896,0.444164437148911,58.58262651075097
5050,0,normal,0.0011175215477123857,0.4075606615444433,46.107246148835884
5051,0,normal,0.001412676996551454,0.4188318061964049,46.626216959451085
5052,0,normal,0.0019115335308015347,0.40784344354706176,19.046048174377347
5053,0,normal,0.002458531642332673,0.3984961062354456,19.89266888617226
5054,0,normal,0.001966069219633937,0.3918698928947746,20.967316853293823
5055,0,normal,0.0024297956842929125,0.36992798163072865,-6.095792349698286
5056,0,normal,0.00293772597797215,0.3678175493455848,-5.0625320023013956
5057,0,normal,0.003578720847144723,0.37312491524942404,-6.724667762376612
5058,0,normal,0.0035126805305480957,0.3607600197564229,-8.472043763499641
5059,0,normal,0.0039100549183785915,0.3574989016859989,-7.772125363179384
5060,0,normal,0.004496803507208824,0.3462421911691366,-9.446288564386577
5061,0,normal,0.005103328265249729,0.35662075658091663,-11.05760849860053
5062,0,normal,0.005759333726018667,0.34850963389226386,-10.399042335229069
5063,0,normal,0.004417842719703913,0.3290000939473398,-39.05932589452004
5064,0,normal,0.0050758784636855125,0.33482048680147053,-38.87105436838374
5065,0,normal,0.006208889186382294,0.32685205158183633,-41.284334495648864
5066,0,normal,0.007541323080658913,0.3139704335052357,-56.207013792066846
5067,0,normal,0.007937489077448845,0.313736894326819,-56.301716220595154
5068,0,normal,0.008131812326610088,0.313736894326819,-56.41197965938704
5069,0,normal,0.00853454228490591,0.313736894326819,-56.53756187129807
5070,0,normal,0.00904837530106306,0.3138097139764829,-56.678078690965776
5071,0,normal,0.009590436704456806,0.3138097139764829,-56.83294771353053
5072,0,normal,0.010094048455357552,0.3136949377827553,-56.93023938166198
5073,0,normal,0.010070418007671833,0.3136949377827553,-56.987860372258865
5074,0,normal,0.010131485760211945,0.312971803069573,-57.06011426028249
5075,0,normal,0.010338548570871353,0.3128302893040223,-57.14663572100267
5076,0,normal,0.010619673877954483,0.3128302893040223,-57.183934081115694
5077,0,normal,0.01092876959592104,0.3128302893040223,-57.23439179744514
5078,0,normal,0.011221805587410927,0.31269080759576745,-57.29728595145798
5079,0,normal,0.0114766089245677,0.3138423714896348,-57.372184135002044
5080,0,normal,0.011128723621368408,0.3138423714896348,-57.34195216634498
5081,0,normal,0.010990967974066734,0.3138282818205236,-57.32455684292381
5082,0,normal,0.011005076579749584,0.313627064351944,-57.31961014202625
5083,0,normal,0.011106718331575394,0.313627064351944,-57.326552179776854
5084,0,normal,0.011247571557760239,0.313627064351944,-57.2990036227618
5085,0,normal,0.011398800648748875,0.313627064351944,-57.282325987972854
5086,0,normal,0.011538805440068245,0.313627064351944,-57.27597677415497
5087,0,normal,0.011657685041427612,0.3136860832613061,-57.279370275824704
5088,0,normal,0.011747557669878006,0.31366571250611686,-57.25463318815105
5089,0,normal,0.011817451566457748,0.31366571250611686,-57.23871680930847
5090,0,normal,0.011031512171030045,0.31366571250611686,-57.15952181888042
5091,0,normal,0.010849843733012676,0.31366571250611686,-57.09006643275097
5092,0,normal,0.01080330926924944,0.3159222318553094,-57.030005878507836
5093,0,normal,0.010834168642759323,0.31615901336882857,-56.95025981740946
5094,0,normal,0.010916639119386673,0.31468565980713864,-56.879042147231075
5095,0,normal,0.01101897656917572,0.3149761745951143,-56.815681164921216
5096,0,normal,0.011122092604637146,0.31533893912462824,-56.75972485524244
5097,0,normal,0.011214480735361576,0.3146228217132092,-56.69115457294333
5098,0,normal,0.011294241063296795,0.3146228217132092,-56.6292896120699
5099,0,normal,0.01136016845703125,0.3146228217132092,-56.57383688052323
5100,0,normal,0.01141287386417389,0.31459339141874065,-56.52438082165827
5101,0,normal,0.011453830637037754,0.3146290901132365,-56.480604423891464
5102,0,normal,0.011484765447676182,0.3146290901132365,-56.44205630896022
5103,0,normal,0.011508051306009293,0.3146290901132365,-56.39765428277883
5104,0,normal,0.0115245645865798,0.3146290901132365,-56.35785963434637
5105,0,normal,7.258721351623535,0.33401093310132995,-25.598018708627023
5106,0,normal,0.04153519123792648,0.3441383156753516,-25.58584661780469
5107,0,normal,1.8386571407318115,0.3612716163341034,-13.459798451601046
5108,0,normal,1.146287441253662,0.39199072351856273,11.557857460629066
5109,0,normal,0.0920620858669281,0.37743034332218645,12.735838595237738
5110,0,normal,0.09973568469285965,0.38708057744343477,14.017597841164616
5111,0,normal,0.10651177912950516,0.3851052046966005,15.286996837214701
5112,0,normal,0.09146960079669952,0.39415185069321657,16.64329984413166
5113,0,normal,0.0781162679195404,0.40746685719869513,18.02371387407652
5114,0,normal,0.10505232214927673,0.41622341720464395,19.342141252703186
5115,0,normal,0.3027597963809967,0.4141612522298446,20.702864241919997
5116,0,normal,1.0624068975448608,0.40248481770665795,22.04376093442943
5117,0,normal,1.1505082845687866,0.43640527458160516,47.44773143378734
5118,0,normal,0.5899040102958679,0.43886600961568856,47.15725345016426
5119,0,normal,1.7384848594665527,0.4453332659647934,60.15944034516542
5120,0,normal,0.08497820794582367,0.44380505845726104,60.04105246955078
5121,0,normal,0.048866018652915955,0.4431583386423755,59.814188142367584
5122,0,normal,0.032596755772829056,0.4485595486717127,59.19648471932237
5123,0,normal,0.01996735855937004,0.4484010788869908,59.13469744842541
5124,0,normal,0.011800188571214676,0.4550505534878619,59.18011279070811
5125,0,normal,0.007009604945778847,0.4344382222596092,59.125559821058914
5126,0,normal,0.0045556980185210705,0.4465465031896188,59.05930651285257
5127,0,normal,0.003590028267353773,0.4440653304696982,59.049876727907076
5128,0,normal,0.003483131993561983,0.44307140292869784,59.118375523188206
5129,0,normal,0.0032072572503238916,0.4388712469603348,59.51128557473248
5130,0,normal,0.0032388765830546618,0.4453327870261711,60.125879155763414
5131,0,normal,0.003757469356060028,0.43360215078438125,60.63048964829159
5132,0,normal,0.004495301283895969,0.4503933391430434,61.08518664423627
5133,0,normal,0.005274804774671793,0.4422372736192864,61.564112004692106
5134,0,normal,0.005992287769913673,0.42935419262476116,62.27500882045865
5135,0,normal,0.0065890029072761536,0.4180070728667228,35.32035050937179
5136,0,normal,0.005156383849680424,0.42288117323819174,36.49561698209209
5137,0,normal,0.005857651587575674,0.4052048766825952,24.524677410953018
5138,0,normal,0.006454755086451769,0.3879369201819909,-2.333912830148847
5139,0,normal,0.007173186168074608,0.3872529222872508,-3.4242910327748177
5140,0,normal,0.007839096710085869,0.36314228670255383,-4.709115958949951
5141,0,normal,0.00792526826262474,0.36640227167156897,-6.17763950334961
5142,0,normal,0.008369866758584976,0.36086110247568304,-7.774952343222594
5143,0,normal,0.008916313759982586,0.3566365936374281,-9.262426415203663
5144,0,normal,0.00953364185988903,0.34317751758608944,-10.814064918951544
5145,0,normal,0.010106133297085762,0.3536849276131394,-12.404678753265443
5146,0,normal,0.010555976070463657,0.34707650241172805,-14.17531083307199
5147,0,normal,0.0093702906742692,0.326104462460678,-43.179123197696754
5148,0,normal,0.009564568288624287,0.32453206018743475,-43.064455961862905
5149,0,normal,0.011074202135205269,0.31270712015317415,-57.866735886460674
5150,0,normal,0.010952317155897617,0.31401657287507245,-57.81934915274246
5151,0,normal,0.010984823107719421,0.31401657287507245,-57.78168195832177
5152,0,normal,0.011114459484815598,0.31401657287507245,-57.75373519804907
5153,0,normal,0.011296939104795456,0.313815234679804,-57.73538242924997
5154,0,normal,0.011488843709230423,0.31379886431692794,-57.72626077255245
5155,0,normal,0.011665801517665386,0.31364114498717355,-57.726097868463285
5156,0,normal,0.011816661804914474,0.31364114498717355,-57.73450166214411
5157,0,normal,0.011938356794416904,0.313627064351944,-57.75112260292099
5158,0,normal,0.011493842117488384,0.313627064351944,-57.7134332398623
5159,0,normal,0.011274311691522598,0.313627064351944,-57.647761826596025
5160,0,normal,0.011209025979042053,0.313627064351944,-57.59140830722595
5161,0,normal,0.011240983381867409,0.3136860832613061,-57.54414242251778
5162,0,normal,0.011333398520946503,0.3136860832613061,-57.50563860155671
5163,0,normal,0.011448136530816555,0.3136860832613061,-57.47536375276877
5164,0,normal,0.01156232226639986,0.31366571250611686,-57.452732060736935
5165,0,normal,0.01166398823261261,0.31366571250611686,-57.43731254405793
5166,0,normal,0.011744360439479351,0.31366571250611686,-57.400134290252026
5167,0,normal,0.011113431304693222,0.31366571250611686,-57.29785405395728
5168,0,normal,0.010891756042838097,0.31366571250611686,-57.20370133301344
5169,0,normal,0.010822287760674953,0.3159222318553094,-57.1175597178767
5170,0,normal,0.01084403321146965,0.3159222318553094,-57.03911987355059
5171,0,normal,0.010919016785919666,0.3149761745951143,-56.94845292071432
5172,0,normal,0.011017974466085434,0.31533893912462824,-56.864907707046086
5173,0,normal,0.011120249517261982,0.31533893912462824,-56.78823679107063
5174,0,normal,0.011214803904294968,0.3146228217132092,-56.71836605211297
5175,0,normal,0.011296691372990608,0.3146228217132092,-56.65495342151962
5176,0,normal,0.011364484205842018,0.31459339141874065,-56.597701048051704
5177,0,normal,0.011418656446039677,0.31459339141874065,-56.54621565077514
5178,0,normal,0.01037132553756237,0.31459339141874065,-56.41904940042468
5179,0,normal,0.010240929201245308,0.3146290901132365,-56.28848670693901
5180,0,normal,0.010229784995317459,0.3146290901132365,-56.16528291588338
5181,0,normal,0.010287746787071228,0.3146290901132365,-56.049268969781906
5182,0,normal,0.010386164300143719,0.31480842918019186,-55.94017278395199
5183,0,normal,0.010498964227735996,0.31480842918019186,-55.837744267371136
5184,0,normal,0.010610644705593586,0.31480842918019186,-55.74171336897052
5185,0,normal,0.010712993331253529,0.31480842918019186,-55.651774283023315
5186,0,normal,0.010802406817674637,0.31480842918019186,-55.56751111201106
5187,0,normal,0.010877967812120914,0.3148871768694323,-55.48854786494621
5188,0,normal,0.010941513814032078,0.3148871768694323,-55.41302251059892
5189,0,normal,0.010992689058184624,0.3148871768694323,-55.34246897300295
5190,0,normal,0.01103324443101883,0.31508415830996894,-55.276717507284275
5191,0,normal,0.011064959689974785,0.31508415830996894,-55.21554870192631
5192,0,normal,0.011089473962783813,0.31508415830996894,-55.15875236767192
5193,0,normal,0.011108247563242912,0.31508415830996894,-55.10593541477806
5194,0,normal,0.011122475378215313,0.31508415830996894,-55.05686347124242
5195,0,normal,0.011133136227726936,0.3156859484607063,-55.01117689401053
5196,0,normal,0.01114096399396658,0.3156859484607063,-54.968437207831585
5197,0,normal,0.011147750541567802,0.3156859484607063,-54.93598377694775
5198,0,normal,0.011151920072734356,0.3156859484607063,-54.90610984476598
5199,0,normal,0.011153928004205227,0.3156859484607063,-54.87872521956501
5200,0,normal,0.011154212057590485,0.3156859484607063,-54.8536441918086
5201,0,normal,0.011153224855661392,0.3156859484607063,-54.830610844120656
5202,0,normal,7.264394760131836,0.3338319786688425,-24.12545077029904
5203,0,normal,0.04196639358997345,0.3447955973678861,-24.124580915657134
5204,0,normal,1.3220027685165405,0.3397212672980216,-24.43419172963877
5205,0,normal,0.8571353554725647,0.3678090057220547,0.9609068757442856
5206,0,normal,0.6046185493469238,0.35898364037765235,0.6836949762564473
5207,0,normal,0.13160017132759094,0.3743712882225655,2.0550862714751474
5208,0,normal,0.10631182044744492,0.373166944390825,3.3571105100336354
5209,0,normal,0.09721991419792175,0.3774195327813504,4.717397204421786
5210,0,normal,0.852937638759613,0.3763250457066816,4.509611689677513
5211,0,normal,0.11421530693769455,0.38893975667768865,5.824034347745965
5212,0,normal,0.21510735154151917,0.3947665942058853,7.1285723744124425
5213,0,normal,1.332606554031372,0.3808991239091853,6.964428424648759
5214,0,normal,1.6504639387130737,0.42179940791819814,32.68606118454386
5215,0,normal,0.19095562398433685,0.4324460420111992,33.767014391340126
5216,0,normal,1.8391107320785522,0.4288284914289211,46.86044747131223
5217,0,normal,0.11276217550039291,0.4319836813119504,46.661034066554066
5218,0,normal,0.058291152119636536,0.4255405771629312,46.31760674156794
5219,0,normal,0.04001481086015701,0.4338616707875427,45.63280146653051
5220,0,normal,0.025132425129413605,0.4336111187001433,45.51687258472725
5221,0,normal,0.015090469270944595,0.44958286667800873,45.52093176749963
5222,0,normal,0.008943963795900345,0.4123521370472469,45.45395831334804
5223,0,normal,0.005622910801321268,0.42414377540541465,45.346209999395796
5224,0,normal,0.00419270433485508,0.4338433573548646,45.272750512487164
5225,0,normal,0.003920299466699362,0.42704061030787704,45.17471879214031
5226,0,normal,0.004281606059521437,0.42635967108698397,45.348442846361195
5227,0,normal,0.004930006340146065,0.4278503080171723,45.745834849011544
5228,0,normal,0.005652197171002626,0.4160744443580488,46.07302074957056
5229,0,normal,0.00632833456620574,0.43648012778476125,46.32719077434126
5230,0,normal,0.004655986092984676,0.42353638215860495,46.57015695632981
5231,0,normal,0.005447876174002886,0.42380387062488345,46.98364409636247
5232,0,normal,0.006199105642735958,0.39590131057543276,19.185206922930092
5233,0,normal,0.006944828666746616,0.42278532780519557,19.86656738264628
5234,0,normal,0.007620425894856453,0.40183345337588583,20.735666821062978
5235,0,normal,0.008097304031252861,0.3717880541004703,-6.599163567772621
5236,0,normal,0.007243242580443621,0.3859828291140751,-5.4945318077600405
5237,0,normal,0.008011089637875557,0.36495297902243423,-6.9194016097778785
5238,0,normal,0.00870528444647789,0.3646038994007845,-8.621673513674523
5239,0,normal,0.009432753548026085,0.36168676125641136,-10.456410863351493
5240,0,normal,0.009889975190162659,0.3573592331456868,-9.655513521810235
5241,0,normal,0.010514797642827034,0.3470110314485001,-11.290218356634568
5242,0,normal,0.010945755057036877,0.35103671053477087,-12.9327457829188
5243,0,normal,0.011211242526769638,0.3514066455142561,-12.191017620846424
5244,0,normal,0.08771234005689621,0.333051458399428,-40.93855543616564
5245,0,normal,0.01660437136888504,0.325682077782412,-43.22464617165451
5246,0,normal,0.011179261840879917,0.313815234679804,-58.03164901005016
5247,0,normal,0.011257503181695938,0.313815234679804,-57.975346319708024
5248,0,normal,0.011400331743061543,0.313815234679804,-57.92679250815854
5249,0,normal,0.01156115997582674,0.31379886431692794,-57.8858877933892
5250,0,normal,0.011713764630258083,0.31364114498717355,-57.85262879942616
5251,0,normal,0.011845911853015423,0.31364114498717355,-57.82696124256904
5252,0,normal,0.01195388101041317,0.313627064351944,-57.80878455270181
5253,0,normal,0.012038587592542171,0.313627064351944,-57.79793844969481
5254,0,normal,0.012103062123060226,0.313627064351944,-57.794105712592
5255,0,normal,0.011570855043828487,0.313627064351944,-57.735017487934556
5256,0,normal,0.011344474740326405,0.3136860832613061,-57.68441771109724
5257,0,normal,0.011264140717685223,0.3136860832613061,-57.64217509002765
5258,0,normal,0.011279243044555187,0.3136860832613061,-57.60784944768807
5259,0,normal,0.011356226168572903,0.31366571250611686,-57.580826422065456
5260,0,normal,0.011453385464847088,0.31366571250611686,-57.532145081537465
5261,0,normal,0.011555161327123642,0.31366571250611686,-57.49013495196664
5262,0,normal,0.011649001389741898,0.31366571250611686,-57.454479451258294
5263,0,normal,0.011161900125443935,0.31366571250611686,-57.35324678967072
5264,0,normal,0.010911609046161175,0.31366571250611686,-57.259661550453075
5265,0,normal,0.010827033780515194,0.3159222318553094,-57.17352725877868
5266,0,normal,0.010838216170668602,0.31621388823475954,-57.07499416925043
5267,0,normal,0.010912200435996056,0.3151027717907229,-56.98358449247985
5268,0,normal,0.011012466624379158,0.31533893912462824,-56.89899950474182
5269,0,normal,0.01111708302050829,0.31533893912462824,-56.82110156284034
5270,0,normal,0.011214287020266056,0.3146228217132092,-56.74959265519806
5271,0,normal,0.01129867509007454,0.31459339141874065,-56.68423707040756
5272,0,normal,0.01136858481913805,0.31459339141874065,-56.62477566695952
5273,0,normal,0.011424336582422256,0.31459339141874065,-56.570789555034025
5274,0,normal,0.01146739348769188,0.31459339141874065,-56.51148150156246
5275,0,normal,0.010354354977607727,0.31459339141874065,-56.37639358441834
5276,0,normal,0.010234138928353786,0.3146290901132365,-56.248620734001406
5277,0,normal,0.010227760300040245,0.3146290901132365,-56.128246662734455
5278,0,normal,0.010287624783813953,0.31480842918019186,-56.015000861401404
5279,0,normal,0.010386316105723381,0.31480842918019186,-55.908754377094056
5280,0,normal,0.010498570278286934,0.31480842918019186,-55.80916603837977
5281,0,normal,0.010609344579279423,0.31480842918019186,-55.71589270990262
5282,0,normal,0.010710697621107101,0.31480842918019186,-55.628648866657386
5283,0,normal,0.010799150913953781,0.31480842918019186,-55.546961933026296
5284,0,normal,0.010873894207179546,0.3148871768694323,-55.47048527028301
5285,0,normal,0.010936852544546127,0.3148871768694323,-55.397258762347064
5286,0,normal,0.010987719520926476,0.31508415830996894,-55.3287490431303
5287,0,normal,0.01102824229747057,0.31508415830996894,-55.26478280876563
5288,0,normal,0.011060182936489582,0.31508415830996894,-55.20514918216213
5289,0,normal,0.011085161939263344,0.31508415830996894,-55.14955672219685
5290,0,normal,0.011104577220976353,0.31508415830996894,-55.09762786678448
5291,0,normal,0.011119572445750237,0.31508415830996894,-55.049093914943114
5292,0,normal,0.011131045408546925,0.3156859484607063,-55.00358985288335
5293,0,normal,0.01114096399396658,0.3156859484607063,-54.968437207831585
5294,0,normal,0.011147750541567802,0.3156859484607063,-54.93598377694775
5295,0,normal,0.011151920072734356,0.3156859484607063,-54.90610984476598
5296,0,normal,0.011153928004205227,0.3156859484607063,-54.87872521956501
5297,0,normal,0.011154212057590485,0.3156859484607063,-54.8536441918086
5298,0,normal,0.011153224855661392,0.3156859484607063,-54.830610844120656
5299,0,normal,0.011151350103318691,0.3156859484607063,-54.80936574599582
5300,0,normal,0.01114898081868887,0.3156859484607063,-54.7896579644198
5301,0,normal,0.011146449483931065,0.3156859484607063,-54.77115506035534
5302,0,normal,0.011144035495817661,0.3156859484607063,-54.75354018612393
5303,0,normal,0.011141961440443993,0.3158582945116637,-54.736461978943
5304,0,normal,0.011140384711325169,0.3161627543196283,-54.719563702997675
5305,0,normal,0.011140384711325169,0.3161627543196283,-54.719563702997675
5306,0,normal,0.011140384711325169,0.3161627543196283,-54.719563702997675
5307,0,normal,0.011140384711325169,0.3161627543196283,-54.719563702997675
5308,0,normal,0.011140384711325169,0.3161627543196283,-54.719563702997675
5309,0,normal,0.011140384711325169,0.3161627543196283,-54.719563702997675
5310,0,normal,0.011140384711325169,0.3161627543196283,-54.719563702997675
5311,0,normal,7.26426362991333,0.33415376353846293,-24.037895667696375
5312,0,normal,0.04199964925646782,0.3453163698690289,-24.05623698342083
5313,0,normal,2.782640218734741,0.37961892324740987,2.2661166381490148
5314,0,normal,131.15151977539062,0.3919459920209731,430.39563138435744
5315,0,normal,0.7087858319282532,0.39334548473346376,430.19199868103374
5316,0,normal,0.320407897233963,0.39607053117304625,431.0512408926685
5317,0,normal,1.1922320127487183,0.3872032147590936,430.8108822390748
5318,0,normal,0.3685537278652191,0.42120864909810013,431.7055817189406
5319,0,normal,0.5450785756111145,0.4087867842129549,432.53360421752325
5320,0,normal,1.1489351987838745,0.4267654075602123,433.352113899683
5321,0,normal,2.2618179321289062,0.41799139159257886,434.1548931785537
5322,0,normal,0.7743129730224609,0.44369840352445167,450.1601400648318
5323,0,normal,0.5872254967689514,0.44345704407680675,449.9595385660542
5324,0,normal,1.8253754377365112,0.4566910288219662,458.13277175033704
5325,0,normal,0.0884966179728508,0.4442242799203695,458.02258531174425
5326,0,normal,0.04966900497674942,0.4403534995398257,457.8063808923192
5327,0,normal,0.032526902854442596,0.46169343859252715,457.3769622365809
5328,0,normal,0.019476130604743958,0.4434992275440522,457.24576368117005
5329,0,normal,0.011301777325570583,0.46513237037930183,457.18922899507754
5330,0,normal,0.00674368254840374,0.42853741577452165,457.1738795850172
5331,0,normal,0.004604370333254337,0.4423126358748966,457.1225444931406
5332,0,normal,0.003949315287172794,0.46261138493881326,457.0591056354789
5333,0,normal,0.004121680743992329,0.4349440859657447,457.0373066930307
5334,0,normal,0.004694431088864803,0.45083231578087946,457.1206753330438
5335,0,normal,0.0054062772542238235,0.4493032724750493,457.3940290287658
5336,0,normal,0.006107178516685963,0.4365176046770834,457.6792953763521
5337,0,normal,0.0044202664867043495,0.443981928622388,457.8796913297148
5338,0,normal,0.0052358126267790794,0.4587379012035884,458.07563559449386
5339,0,normal,0.00605979235842824,0.42926934126006855,458.3527915194318
5340,0,normal,0.0068429093807935715,0.4358101584698605,458.6734510453248
5341,0,normal,0.00752992695197463,0.420506213797245,441.5827808691465
5342,0,normal,0.00813368335366249,0.4261713895021993,442.14075981526014
5343,0,normal,0.007337253075093031,0.3937624075312015,425.0865868800296
5344,0,normal,0.00791684165596962,0.3807069234311802,-7.781562569304242
5345,0,normal,0.008451035246253014,0.3616314310556641,-6.883733550220313
5346,0,normal,0.009105791337788105,0.36427907336684956,-8.565668891789073
5347,0,normal,0.00959203951060772,0.3613802776141572,-7.863312061506804
5348,0,normal,0.010185539722442627,0.35679706321395954,-9.394811706958308
5349,0,normal,0.010750624351203442,0.343974637850371,-10.979735404496068
5350,0,normal,0.01094420813024044,0.35424126963080876,-12.550786300293566
5351,0,normal,0.010847043246030807,0.34679841741555695,-14.292611858499413
5352,0,normal,0.03539790213108063,0.32716278489538175,-43.27068820884233
5353,0,normal,0.020158255472779274,0.325682077782412,-43.115573071301924
5354,0,normal,0.0113730663433671,0.313815234679804,-57.931426380177754
5355,0,normal,0.01154404878616333,0.31379886431692794,-57.88511283653952
5356,0,normal,0.01170416921377182,0.31364114498717355,-57.84651915719019
5357,0,normal,0.011841122061014175,0.31364114498717355,-57.815663351083
5358,0,normal,1.4695231914520264,0.31894126557226565,-51.65045082963297
5359,0,normal,5.691391944885254,0.3343429218511494,-26.88043262140195
5360,0,normal,0.07259535044431686,0.33712079569128206,-26.89520103456198
5361,0,normal,1.4729349613189697,0.3369829210854372,-27.418336932696093
5362,0,normal,1.2936452627182007,0.37131171102612004,-3.222630582155034
5363,0,normal,0.11026860028505325,0.3545940319264069,-1.958390105898843
5364,0,normal,0.1140022948384285,0.36916090742277097,-0.6008587891305979
5365,0,normal,0.9721081256866455,0.35664058543833366,-0.7298378589027834
5366,0,normal,4.237507343292236,0.3944487739268403,14.836604405034677
5367,0,normal,1.604876160621643,0.3892743281359824,20.43879673860647
5368,0,normal,0.5153294205665588,0.38975261240448045,20.321083083194935
5369,0,normal,0.44038423895835876,0.4098509984272873,20.82989551831497
5370,0,normal,0.49998724460601807,0.3722069006204809,21.299692605158953
5371,0,normal,1.2136664390563965,0.4096918042796758,27.498265631311597
5372,0,normal,1.381064772605896,0.4270758112022345,34.67116858524059
5373,0,normal,0.08079040050506592,0.40300645479017116,34.503363340481656
5374,0,normal,0.07674563676118851,0.40558609137984053,34.08004234098735
5375,0,normal,0.06186588481068611,0.39959536933580875,33.74848815915834
5376,0,normal,0.048446185886859894,0.4088039359681614,33.670077665718736
5377,0,normal,0.03879125416278839,0.3985616041498411,33.68647097821122
5378,0,normal,0.03146534785628319,0.4044441029260851,33.725940695272584
5379,0,normal,0.025179676711559296,0.3971223951122558,33.744317356547526
5380,0,normal,0.022953150793910027,0.39271559016565954,33.69570806680417
5381,0,normal,0.016045931726694107,0.40306140302989124,33.69355155634321
5382,0,normal,0.011092986911535263,0.41049741360431236,33.775906141898304
5383,0,normal,0.007921059615910053,0.3850026160819119,34.04994786890643
5384,0,normal,0.006304903421550989,0.39183775905169393,34.48817908789306
5385,0,normal,0.005805359221994877,0.418321243177472,34.88599258088243
5386,0,normal,0.0043393345549702644,0.4011107965884885,35.224442553578
5387,0,normal,0.004820561036467552,0.39610088922887515,35.521394681283255
5388,0,normal,0.005568976979702711,0.3898742876191115,30.601044677235222
5389,0,normal,0.006429078057408333,0.3690324510336908,8.283202613987214
5390,0,normal,0.007254008669406176,0.3821558325258392,9.096190044272362
5391,0,normal,0.007960581220686436,0.37401855175615817,9.921996250350276
5392,0,normal,0.007205632049590349,0.35297202212278334,-15.415603997246762
5393,0,normal,0.00768244918435812,0.35006425111460876,-17.159951233096535
5394,0,normal,0.008101627230644226,0.3391486027999591,-18.910353904343083
5395,0,normal,0.008674126118421555,0.3540085068698683,-18.233410899561704
5396,0,normal,0.011247982271015644,0.32900045846531056,-35.40380609386102
5397,0,normal,0.015483773313462734,0.32665808709127653,-41.72938495312928
5398,0,normal,0.009074355475604534,0.32742843487811885,-41.306575649904744
5399,0,normal,0.008085646666586399,0.3248298992754119,-42.02804455197429
5400,0,normal,0.00825391337275505,0.32606634806837165,-42.90164523272051
5401,0,normal,0.010600279085338116,0.31899922640738176,-49.85722382418999
5402,0,normal,0.011179609224200249,0.31401657287507245,-57.696456444362866
5403,0,normal,0.011402393691241741,0.3140001920092668,-57.67586721696807
5404,0,normal,0.01160429697483778,0.31364114498717355,-57.66478359415555
5405,0,normal,0.011774225160479546,0.31364114498717355,-57.66303442785488
5406,0,normal,0.011910127475857735,0.313627064351944,-57.67021848831655
5407,0,normal,0.012014569714665413,0.313627064351944,-57.68597805843547
5408,0,normal,7.27187442779541,0.3313923116715035,-26.946669843376412
5409,0,normal,0.04145633429288864,0.3433638641840748,-26.996135429347305
5410,0,normal,1.872333288192749,0.357236754208151,-14.875709169238917
5411,0,normal,1.1785216331481934,0.39318350781503575,10.154831502161414
5412,0,normal,0.08497938513755798,0.37510594859711105,11.30299502609023
5413,0,normal,0.10414829105138779,0.38319693933104026,12.567554308609033
5414,0,normal,0.11044640839099884,0.37986419963301243,13.874506945533312
5415,0,normal,0.09775003790855408,0.3961997027916633,15.22291410370326
5416,0,normal,0.07906583696603775,0.4076226749881218,16.61902530327029
5417,0,normal,0.11051400750875473,0.4154275051733255,17.99960401261137
5418,0,normal,0.31992107629776,0.4121070565676544,19.385678737002763
5419,0,normal,2.5450439453125,0.4322138552325743,44.88927243718831
5420,0,normal,0.2653247117996216,0.4229578628893877,45.23686356652638
5421,0,normal,1.6092585325241089,0.4547848998194948,58.31923526066157
5422,0,normal,0.08938238024711609,0.4390229376165687,58.257685283068895
5423,0,normal,0.04599158838391304,0.4361741015436377,58.06582074788207
5424,0,normal,0.030918946489691734,0.45676330414259014,57.525271278140735
5425,0,normal,0.019047938287258148,0.44000647556606687,57.48681855676364
5426,0,normal,0.011213567107915878,0.45017695599599733,57.526348541672405
5427,0,normal,0.006484347395598888,0.43573909921982973,57.62224501599553
5428,0,normal,0.0039560189470648766,0.4439543738985278,57.686913527731576
5429,0,normal,0.002873429097235203,0.43392190432108096,57.67298892199142
5430,0,normal,0.002649647416546941,0.4429477906792292,57.67790232018547
5431,0,normal,0.002560449531301856,0.4373236296120334,57.884143762810254
5432,0,normal,0.0024377054069191217,0.44847728782023666,58.32644644198626
5433,0,normal,0.002789015881717205,0.4346993017847582,58.986055958891484
5434,0,normal,0.0033550725784152746,0.43149928917151187,59.56043577433911
5435,0,normal,0.003969544544816017,0.4392249751076671,60.07199031170694
5436,0,normal,0.0029183062724769115,0.4351915905725047,60.62141937102501
5437,0,normal,0.003520313650369644,0.4305520313666024,61.35217880021219
5438,0,normal,0.004198766313493252,0.415656347652176,34.4863441414966
5439,0,normal,0.004917710088193417,0.41694015861112926,35.776379154271126
5440,0,normal,0.005603347439318895,0.39573441830894124,24.07136526872341
5441,0,normal,0.006256189662963152,0.38729994225490577,-2.6835773919722214
5442,0,normal,0.00568702258169651,0.36854025795209866,-3.8806757412901334
5443,0,normal,0.006303046829998493,0.36972100238415967,-5.312263286210964
5444,0,normal,0.0069586727768182755,0.36504940143293857,-6.873211264671227
5445,0,normal,0.007669374346733093,0.35947173535214033,-8.318143029820703
5446,0,normal,0.008380752988159657,0.34810873137380255,-9.819744699441571
5447,0,normal,0.008982431143522263,0.35544426558443515,-11.346495033015117
5448,0,normal,0.008963137865066528,0.3524415169685836,-13.017302520499243
5449,0,normal,0.006512554362416267,0.33017384409369516,-41.88913764446124
5450,0,normal,0.007612253073602915,0.32525145424032387,-42.78619761569098
5451,0,normal,0.009978113695979118,0.3130648511718052,-57.625120416064874
5452,0,normal,0.010334327816963196,0.3130648511718052,-57.62825281778919
5453,0,normal,0.010682355612516403,0.3129232953334952,-57.641269332186994
5454,0,normal,0.010994413867592812,0.3129232953334952,-57.66400192545666
5455,0,normal,0.010893775150179863,0.31270712015317415,-57.643547671350916
5456,0,normal,7.300336837768555,0.3307184692860888,-26.87144245729405
5457,0,normal,0.038323454558849335,0.34394540845587857,-26.892054441737855
5458,0,normal,1.8588926792144775,0.3505230704277676,-16.3116109819307
5459,0,normal,11.077508926391602,0.400531431684933,44.44711161392411
5460,0,normal,11.01046371459961,0.4097637633803533,89.91470753817248
5461,0,normal,0.8435443639755249,0.4045646628246887,89.71118666887719
5462,0,normal,9.74470329284668,0.42461768520098647,133.2026434776941
5463,0,normal,0.8422320485115051,0.4369030398470458,132.8629268527327
5464,0,normal,0.5870804786682129,0.44178157578557636,134.12417688957964
5465,0,normal,1.122287392616272,0.45756611348626064,135.11459762251593
5466,0,normal,2.8075456619262695,0.4463634997980398,135.0914597769372
5467,0,normal,1.8470020294189453,0.4479188425007389,148.84464411304305
5468,0,normal,1.8610060214996338,0.44230360993849405,159.3144753294531
5469,0,normal,0.6336021423339844,0.4697108919036003,159.18940399007238
5470,0,normal,1.5666173696517944,0.4673908665213811,170.95400678558724
5471,0,normal,0.07768559455871582,0.46054178024087455,170.86201336206113
5472,0,normal,0.03671899810433388,0.46355841004512177,170.6782486611147
5473,0,normal,0.0223587304353714,0.4564765808372571,170.1447350294426
5474,0,normal,0.012056148611009121,0.4672637061040241,170.03848872940682
5475,0,normal,0.006075435783714056,0.47551418918925753,170.13285584474772
5476,0,normal,0.003075778717175126,0.44444999156100773,170.08483981499023
5477,0,normal,0.0019506654934957623,0.4774359317604934,170.07482084246544
5478,0,normal,0.001874209730885923,0.4766598791833297,170.13717389071564
5479,0,normal,0.0020554501097649336,0.4559456387197255,170.34329359129174
5480,0,normal,0.0021031107753515244,0.49025522296071106,170.69516188441378
5481,0,normal,0.0025763448793441057,0.4606983112675939,171.36524491852106
5482,0,normal,0.003218640573322773,0.47731020278248243,171.87965906070212
5483,0,normal,0.003878008108586073,0.48081337624767456,172.35524851108812
5484,0,normal,0.002771290484815836,0.46869309849617186,172.8232126665963
5485,0,normal,0.0034114611335098743,0.44969174560906167,173.40343360379507
5486,0,normal,0.004124864470213652,0.45753135340575624,149.14554172918758
5487,0,normal,0.004849421326071024,0.43568456563547775,149.97241295530682
5488,0,normal,0.005543156526982784,0.4419695084447046,141.18724251815968
5489,0,normal,0.00617571733891964,0.39734268726411137,83.99626120456651
5490,0,normal,0.005640779156237841,0.39644173443643566,37.74961672132281
5491,0,normal,0.00617492850869894,0.38250392165811203,38.55221436964689
5492,0,normal,0.006877797655761242,0.358443653723774,-10.071381261336
5493,0,normal,0.0074807158671319485,0.3563288981259893,-9.397252948967434
5494,0,normal,0.008251182734966278,0.35462152599254515,-11.049563124548513
5495,0,normal,0.008892432786524296,0.3444961453967105,-12.701908517091852
5496,0,normal,0.008816083893179893,0.35700093687625223,-11.946978200034437
5497,0,normal,0.008321255445480347,0.33621259708495704,-29.012423795340737
5498,0,normal,0.007354315835982561,0.32745125398384584,-42.85212265873338
5499,0,normal,0.008170954883098602,0.32490331871334355,-42.733838993992094
5500,0,normal,0.010334327816963196,0.3130648511718052,-57.62825281778919
5501,0,normal,0.010682355612516403,0.3129232953334952,-57.641269332186994
5502,0,normal,0.010994413867592812,0.3129232953334952,-57.66400192545666
5503,0,normal,0.010893775150179863,0.31270712015317415,-57.643547671350916
5504,0,normal,0.010800634510815144,0.31270712015317415,-57.634314180077126
5505,0,normal,7.29669713973999,0.33210334405189706,-26.873454999118167
5506,0,normal,0.03881838917732239,0.34394540845587857,-26.904510344911614
5507,0,normal,1.271483302116394,0.34227189029269695,-25.701186179159095
5508,0,normal,0.7488951086997986,0.3748452904844333,-0.41674283321253824
5509,0,normal,0.6503880023956299,0.35980333371775924,-0.7556083272563683
5510,0,normal,10.802047729492188,0.39946948739012583,46.77233036565599
5511,0,normal,0.3068763315677643,0.3940486698445727,47.96146005485184
5512,0,normal,0.21664291620254517,0.40272569210921383,49.26578052640821
5513,0,normal,1.0703246593475342,0.40023341523975464,48.933545193696546
5514,0,normal,5.199936866760254,0.44282329103090373,73.82992424203371
5515,0,normal,0.19221919775009155,0.43682489000481667,75.02887926296376
5516,0,normal,0.4339122772216797,0.4284167923917023,75.47271676239461
5517,0,normal,1.616165041923523,0.43954208651282206,88.3065935415234
5518,0,normal,0.09211375564336777,0.44950647820955186,88.26163570548806
5519,0,normal,0.0350368395447731,0.4449853732256691,88.07498180136167
5520,0,normal,0.024115709587931633,0.43930929976286215,87.57321755913244
5521,0,normal,0.014887960627675056,0.44315171134924053,87.52689864971694
5522,0,normal,0.008437735959887505,0.4105130120274341,87.46027878502332
5523,0,normal,0.004464318510144949,0.4414093448022179,87.47786685181268
5524,0,normal,0.0023995903320610523,0.45410684020748765,87.53264530345996
5525,0,normal,0.0016157415229827166,0.44314306954424665,87.56266351167915
5526,0,normal,0.002409902401268482,0.42765086103940564,87.54614932812615
5527,0,normal,0.001869521802291274,0.43798559607179943,87.60678480425258
5528,0,normal,0.002025807509198785,0.4364384830022845,87.68306540385561
5529,0,normal,0.002542734146118164,0.42585743941286064,88.06820013501533
5530,0,normal,0.0032131678890436888,0.44659395846475675,88.6554478370133
5531,0,normal,0.0038971619214862585,0.4078419277357173,89.24613704835883
5532,0,normal,0.002906516660004854,0.442570610209996,89.73554498186468
5533,0,normal,0.0035602753050625324,0.44433963435485624,90.21159036986364
5534,0,normal,0.004274951294064522,0.426560414321621,90.8779144895177
5535,0,normal,0.005009598098695278,0.4038499698225156,64.69214810945618
5536,0,normal,0.005711870733648539,0.41278894176176023,66.07971437006472
5537,0,normal,0.005384187679737806,0.3946050252961485,65.13092094379317
5538,0,normal,0.00593613414093852,0.3829640799814374,38.7802342499333
5539,0,normal,0.006546291522681713,0.384771886988803,39.57821713902399
5540,0,normal,0.007283784449100494,0.36039215152768067,-8.805004838491868
5541,0,normal,0.007994823157787323,0.35140235090469996,-10.419410136152464
5542,0,normal,0.008520632050931454,0.35306071162657804,-11.933867546946203
5543,0,normal,0.008233769796788692,0.35360752620679814,-11.101211900139333
5544,0,normal,0.00744578056037426,0.33176834580888626,-39.649351440458986
5545,0,normal,0.007116444408893585,0.33017384409369516,-41.86414330579032
5546,0,normal,0.008088271133601665,0.32490331871334355,-42.76840490375753
5547,0,normal,0.010298731736838818,0.3130648511718052,-57.61450568365285
5548,0,normal,0.010653674602508545,0.3130648511718052,-57.624733991824314
5549,0,normal,0.0106667410582304,0.3129232953334952,-57.592028235701946
5550,1,point,0.010590349324047565,0.31270712015317415,-57.570920408756365
5551,1,point,0.010685818269848824,0.31270712015317415,-57.56137427816702
5552,1,point,0.010882011614739895,0.31270712015317415,-57.56303833097354
5553,1,point,0.01112526748329401,0.31401657287507245,-57.57566785404538
5554,1,point,7.287161827087402,0.3317865749573085,-26.837503532100754
5555,1,point,0.040045078843832016,0.3437546039829829,-26.888480611651403
5556,1,point,2.8834095001220703,0.37621845588373376,-0.47952097681422856
5557,1,point,0.10944465547800064,0.3652620277831926,-0.3830354240581073
5558,1,point,0.10968326032161713,0.3676739315063348,0.8248213471511008
5559,1,point,0.11103523522615433,0.36608920346188245,2.1735280818541014
5560,1,point,0.09754687547683716,0.37658458896423525,3.471743798770831
5561,1,point,0.08234250545501709,0.3925420409482134,4.8215848332467885
5562,1,point,0.11718286573886871,0.392820107341916,6.2353658459499
5563,1,point,0.3461114764213562,0.3988573250230227,7.604124379926361
5564,1,point,1.191105842590332,0.395452263340324,8.988126096924361
5565,1,point,1.059898853302002,0.4299604573369418,34.71776300083775
5566,1,point,0.2878080904483795,0.4161883973425782,35.034276497788824
5567,1,point,1.6334940195083618,0.4374247210990148,48.23286714195024
5568,1,point,0.09671789407730103,0.4274041045115187,48.212534104793804
5569,1,point,0.04870574176311493,0.42664299350947493,48.002653117539694
5570,1,point,0.03268086910247803,0.44457584049643606,47.45021652331229
5571,1,point,0.019731514155864716,0.4257877602025627,47.40899152771976
5572,1,point,0.011342311277985573,0.4474651723210258,47.43459416391943
5573,1,point,0.006414621602743864,0.4219317645725952,47.53614219394558
5574,1,point,0.007063616532832384,0.4392899403133275,47.583522402730296
5575,1,point,0.004212041385471821,0.43982867448461604,47.62055114607324
5576,1,point,0.0030686426907777786,0.432237665678519,47.647177289081355
5577,1,point,0.002924592001363635,0.42497808202161785,47.87444161077747
5578,1,point,0.003295818343758583,0.4409248492359159,48.34539262218277
5579,1,point,0.00272665498778224,0.4233953995876844,48.89907273382914
5580,1,point,0.003109273500740528,0.4309435709737234,49.3325579031125
5581,1,point,0.003794586518779397,0.4327876586068154,49.82089327366111
5582,1,point,0.004590429365634918,0.4310071995797646,50.43664490284914
5583,1,point,0.005369368940591812,0.4254988070796242,51.11487483755286
5584,1,point,0.0043247053399682045,0.4181398239035095,24.013814638966096
5585,1,point,0.005084523465484381,0.40851444341819015,25.222339885939164
5586,1,point,0.005814950447529554,0.38710334953402115,-1.5561035187231482
5587,1,point,0.006634281482547522,0.38528370313062454,-2.581623680801158
5588,1,point,0.007388907019048929,0.36677266017198956,-3.8142852668688647
5589,1,point,0.0072724842466413975,0.3692869728538917,-5.230135796150535
5590,1,point,0.007837214507162571,0.3646208560724998,-6.77745443009826
5591,1,point,0.008464361540973186,0.35947173535214033,-8.211156390089172
5592,1,point,0.009123788215219975,0.3473160425125366,-9.703862288821256
5593,1,point,0.009716439992189407,0.355961075818455,-11.224105610751621
5594,1,point,0.010187115520238876,0.3514824914022267,-12.932012243063582
5595,1,point,0.007330263499170542,0.32982043984688814,-41.78928755848733
5596,1,point,0.008158739656209946,0.3246598869483243,-42.673872924725856
5597,1,point,0.010560592636466026,0.3128302893040223,-57.50125590073708
5598,1,point,0.010778344236314297,0.31270712015317415,-57.44908144063015
5599,1,point,0.011044716462492943,0.31270712015317415,-57.45437410370255
5600,1,point,0.011305012740194798,0.3140001920092668,-57.470981605872794
5601,1,point,0.011535199359059334,0.3138423714896348,-57.49856606884873
5602,1,point,0.01172599196434021,0.3138423714896348,-57.536591612124084
5603,1,point,0.011876825243234634,0.313627064351944,-57.58443695201504
5604,1,point,0.011984704062342644,0.313627064351944,-57.59565800794735
5605,1,point,0.011398364789783955,0.313627064351944,-57.55378432258385
5606,1,point,0.011220467276871204,0.313627064351944,-57.522534868057846
5607,1,point,0.011179802939295769,0.313627064351944,-57.501549587124146
5608,1,point,0.011226109229028225,0.313627064351944,-57.49025125201092
5609,1,point,0.01132019143551588,0.3136860832613061,-57.45089190660747
5610,1,point,1.46896231174469,0.3189805685936085,-51.34224099214589
5611,1,point,3.1692914962768555,0.3381158364506758,-40.01170212110037
5612,1,point,0.6767645478248596,0.33819873989270327,-38.42669883420899
5613,1,point,15.378865242004395,0.37851060265607656,26.091941774713632
5614,1,point,122.02784729003906,0.411766549979253,416.52408902506966
5615,1,point,10.7133207321167,0.42634480252578766,445.6417831182098
5616,1,point,12.742268562316895,0.4507500123253766,477.98256983863575
5617,1,point,0.7667842507362366,0.44636575183049587,477.62740702090855
5618,1,point,1.9932174682617188,0.46026363932900555,477.49369669971566
5619,1,point,2.588381767272949,0.46247998874878216,477.28356092494505
5620,1,point,2.6511659622192383,0.4704433772940946,477.38222418719647
5621,1,point,2.4029734134674072,0.4407033563286779,477.5193501015201
5622,1,point,1.9479830265045166,0.4355805021702915,477.95384971580916
5623,1,point,8.522235870361328,0.4549493830108095,495.3699615364329
5624,1,point,0.34754467010498047,0.44592298246140594,495.50032508145046
5625,1,point,2.060131311416626,0.47090888552027427,502.2783105807239
5626,1,point,11.208097457885742,0.4878426710746163,528.3294182518434
5627,1,point,10.480268478393555,0.5276612281445555,553.8429315496307
5628,1,point,123.20610809326172,0.517558607704005,774.7038590083489
5629,1,point,0.4289103150367737,0.5407767091898468,775.120312624676
5630,1,point,1.8505810499191284,0.5510964543266976,775.1100978647751
5631,1,point,2.251795768737793,0.550490039894521,775.1446185489447
5632,1,point,2.5111746788024902,0.546418339050759,775.3067425434476
5633,1,point,2.5214037895202637,0.5345865942373266,775.5408321203533
5634,1,point,2.29341197013855,0.5545874140689796,775.8584674565057
5635,1,point,1.8363481760025024,0.5207947362118269,776.2293531762741
5636,1,point,1.2640889883041382,0.5195894381291114,776.5956681801212
5637,1,point,0.7488629817962646,0.5149204891214454,776.9686451511739
5638,1,point,0.38407421112060547,0.4960584427359556,777.2867147749616
5639,1,point,0.17205357551574707,0.5279594078097787,777.6540819581028
5640,1,point,0.07298150658607483,0.515993518666775,776.1832549294546
5641,1,point,0.02548689767718315,0.5172853537376214,773.0039993887266
5642,1,point,0.010170436464250088,0.5285507987657163,772.626179802146
5643,1,point,0.00556443864479661,0.4898311668530981,751.4941004153679
5644,1,point,0.0025929028633981943,0.46328994062013157,541.0744467391452
5645,1,point,0.002421209355816245,0.45195584690806856,515.7897228405793
5646,1,point,0.0010761632584035397,0.43840624723949845,484.0264178842842
5647,1,point,0.0008617640705779195,0.4351428747802313,484.0591395171118
5648,1,point,0.0011417053174227476,0.4386599853344489,484.1698883696332
5649,1,point,0.0016111854929476976,0.43072961223835027,484.26958808087306
5650,1,point,0.0009951479732990265,0.434903129197711,484.42754684097315
5651,1,point,0.001213748473674059,0.4251674097249616,484.6257178643933
5652,1,point,0.0011317761382088065,0.4077513844982294,484.8488157866458
5653,1,point,0.0011494673090055585,0.39379625928456363,468.27120510415534
5654,1,point,0.0014601791044697165,0.388192541792851,468.66213845762354
5655,1,point,0.0015117707662284374,0.3861123958898701,461.0424911106412
5656,1,point,0.001709726988337934,0.37358819378113434,431.0062260676957
5657,1,point,0.0024481250438839197,0.34927331481222473,399.40506133287533
5658,1,point,0.002640190999954939,0.32860087161130563,-49.9922682938618
5659,1,point,0.003219619393348694,0.3215783903129732,-52.59144620285201
5660,1,point,0.003949049394577742,0.3191291024566881,-52.74763397955735
5661,1,point,0.004090453032404184,0.31997804544485603,-52.888296095849455
5662,1,point,0.004608859308063984,0.3182168075952328,-53.04988091352152
5663,1,point,0.005357872229069471,0.3190167046905863,-53.23292418451706
5664,1,point,0.006202551070600748,0.31850689573542895,-53.4377377434123
5665,1,point,0.00632683327421546,0.31804462393561017,-53.716021403468176
5666,1,point,0.006851415615528822,0.3178935263425959,-54.01737734844187
5667,1,point,0.007520116865634918,0.3174289435129756,-54.34142532480155
5668,1,point,0.008081463165581226,0.31576324438562176,-54.63501589847624
5669,1,point,0.008315552957355976,0.315363388289561,-54.9518282656918
5670,1,point,0.008778108283877373,0.3145952499343748,-55.19534615634598
5671,1,point,0.009343046694993973,0.314181875756842,-55.46040349712462
5672,1,point,0.009713484905660152,0.31371644448858527,-55.6839813788622
5673,1,point,0.009757332503795624,0.3137000792791597,-55.84137948962871
5674,1,point,0.01000782661139965,0.31328601125449107,-56.01947097072775
5675,1,point,0.010351703502237797,0.3129506830362718,-56.21710730632822
5676,1,point,0.010711025446653366,0.3129366333987063,-56.3536305705552
5677,1,point,0.010564056225121021,0.3129366333987063,-56.36486905732522
5678,1,point,0.01044689305126667,0.3139518925747815,-56.39474965039176
5679,1,point,0.010511644184589386,0.31540334588148294,-56.44259683088967
5680,1,point,0.010657689534127712,0.31540334588148294,-56.44446235771238
5681,1,point,0.010840419679880142,0.3137322289156417,-56.462494448127245
5682,1,point,0.01049867458641529,0.3137322289156417,-56.36020301585154
5683,1,point,0.01027760561555624,0.3137118551637565,-56.2744539213013
5684,1,point,0.01024838536977768,0.3136768548178027,-56.20476971279345
5685,1,point,0.010311832651495934,0.31397102595716964,-56.10437536077916
5686,1,point,0.010426520369946957,0.31397102595716964,-56.018626868496995
5687,1,point,0.01055143028497696,0.31397102595716964,-55.90935453640259
5688,1,point,0.009930625557899475,0.31397102595716964,-55.72261524069995
5689,1,point,0.009754576720297337,0.31397102595716964,-55.550775310022345
5690,1,point,0.009735623374581337,0.31426088100201766,-55.39323624445797
5691,1,point,0.009796463884413242,0.3146228217132092,-55.2208135661117
5692,1,point,0.009901229292154312,0.31480215720716676,-55.0613491637921
5693,1,point,0.010020236484706402,0.31483787959149956,-54.91427732342913
5694,1,point,0.009383466094732285,0.31483787959149956,-54.678310308549726
5695,1,point,0.009237397462129593,0.31480842918019186,-54.435724998872956
5696,1,point,0.009227280505001545,0.31480842918019186,-54.205793895333954
5697,1,point,0.009289609268307686,0.3152293232625114,-53.98787450338364
5698,1,point,0.00938801933079958,0.3152293232625114,-53.77078372369965
5699,1,point,0.009498604573309422,0.31583139066882115,-53.56475553787595
5700,1,point,0.009607357904314995,0.3157674560732702,-53.369255887141435
5701,1,point,0.009707278572022915,0.315846443658094,-53.18373874256804
5702,1,point,0.009796281345188618,0.315846443658094,-53.0060271771074
5703,1,point,0.00987266469746828,0.3160199802691875,-52.83737760447707
5704,1,point,0.008796483278274536,0.3160199802691875,-52.56705300005251
5705,1,point,0.008769783191382885,0.3164069963236021,-52.30700448464381
5706,1,point,0.008807920850813389,0.3164069963236021,-52.05684637285549
5707,1,point,0.008882974274456501,0.3164069963236021,-51.82366577152516
5708,1,point,0.00897274725139141,0.31612866636385817,-51.59957652039839
5709,1,point,0.009064123965799809,0.31605796772968553,-51.3840220373138
5710,1,point,0.009149941615760326,0.31623051688138976,-51.17661234622642
5711,1,point,0.0092269666492939,0.3165353354792078,-50.97681417401827
5712,1,point,0.00929443072527647,0.3157489214565066,-50.80086499230765
5713,1,point,0.00935192871838808,0.3160256385656897,-50.63176040681515
5714,1,point,0.009400331415235996,0.3160256385656897,-50.46905920842664
5715,1,point,0.009440743364393711,0.3160256385656897,-50.3124703137978
5716,1,point,0.009474344551563263,0.3165260691813056,-50.16153846513794
5717,1,point,0.009502233937382698,0.3165260691813056,-50.01568670978941
5718,1,point,0.009525026194751263,0.3165260691813056,-49.9006597964019
5719,1,point,0.00845035444945097,0.3165260691813056,-49.66987062455996
5720,1,point,0.008445557206869125,0.31687576809181894,-49.44529942271697
5721,1,point,0.008475611917674541,0.31687576809181894,-49.22684572439698
5722,1,point,0.008530172519385815,0.3185729709532489,-49.01411466542709
5723,1,point,0.008592258207499981,0.3185729709532489,-48.806729949303644
5724,1,point,0.008654547855257988,0.3185729709532489,-48.63993486708637
5725,1,point,0.008712093345820904,0.3185729709532489,-48.47806012307592
5726,1,point,0.008763182908296585,0.3185729709532489,-48.32100757294688
5727,1,point,0.008807409554719925,0.3185729709532489,-48.16851121675177
5728,1,point,0.008845116011798382,0.3185729709532489,-48.02040503386502
5729,1,point,0.008876961655914783,0.3185729709532489,-47.87644907236631
5730,1,point,0.008903715759515762,0.3188733429906075,-47.73642578909448
5731,1,point,0.008926152251660824,0.3188733429906075,-47.600100107846856
5732,1,point,0.008944974280893803,0.3188733429906075,-47.4671554297704
5733,1,point,0.008960762061178684,0.3188733429906075,-47.33727125205337
5734,1,point,0.008973232470452785,0.31904253425513157,-47.25541366776747
5735,1,point,0.008983412757515907,0.31904253425513157,-47.176444951217036
5736,1,point,0.008991681970655918,0.31904253425513157,-47.10035370173159
5737,1,point,0.00899834930896759,0.31904253425513157,-47.02705377074676
5738,1,point,0.009003670886158943,0.31904253425513157,-46.956480554284326
5739,1,point,0.009007872082293034,0.31904253425513157,-46.88851096944154
5740,1,point,0.009011158719658852,0.3203695357661429,-46.8230524265723
5741,1,point,0.009013728238642216,0.3203695357661429,-46.75991589821547
5742,1,point,0.009015732444822788,0.3203695357661429,-46.69884185664796
5743,1,point,0.009017345495522022,0.3203695357661429,-46.63956783291246
5744,1,point,0.009018691256642342,0.3203695357661429,-46.581839680195344
5745,1,point,0.009019902907311916,0.32080464597888747,-46.52532143411031
5746,1,point,0.008331368677318096,0.32080464597888747,-46.339752601046484
5747,1,point,0.008298046886920929,0.32080464597888747,-46.15684444133626
5748,1,point,0.008289752528071404,0.32114920915861167,-45.97646739733091
5749,1,point,0.008308690041303635,0.32114920915861167,-45.853379143459506
5750,1,point,0.008335251361131668,0.32114920915861167,-45.732723030339
5751,1,point,0.008364086970686913,0.32114920915861167,-45.61441383594547
5752,1,point,0.008391927927732468,0.32114920915861167,-45.49851945091996
5753,1,point,0.00841728039085865,0.32114920915861167,-45.38513041416559
5754,1,point,0.00843958742916584,0.32114920915861167,-45.27423951986111
5755,1,point,0.008458795957267284,0.32114920915861167,-45.165942670524146
5756,1,point,0.008475089445710182,0.32114920915861167,-45.06025327373186
5757,1,point,0.008488784544169903,0.32114920915861167,-44.957288749215195
5758,1,point,0.008500190451741219,0.3215878179164016,-44.857132865150334
5759,1,point,0.008509633131325245,0.3210100729484812,-44.75982240261351
5760,1,point,0.008517404086887836,0.3210100729484812,-44.66539500360341
5761,1,point,0.008523751981556416,0.3213771859178359,-44.573785888193015
5762,1,point,0.008528896607458591,0.3213771859178359,-44.485073169140605
5763,1,point,0.008533020503818989,0.3213771859178359,-44.39924500196821
5764,1,point,0.008536290377378464,0.3204787855499431,-44.31621451868409
5765,1,point,0.00853884220123291,0.3200552286388282,-44.23591664964806
5766,1,point,0.008540809154510498,0.3200552286388282,-44.158227518615604
5767,1,point,0.008570750243961811,0.3197769912899366,-43.94307618615312
5768,1,point,0.008714104071259499,0.3197769912899366,-43.872344132235185
5769,1,point,0.008668731898069382,0.3207792301087229,-43.803908215717456
5770,1,point,0.008648482151329517,0.3197769912899366,-43.73731900629673
5771,1,point,0.008627465926110744,0.3197769912899366,-43.67232369911903
5772,1,point,0.01100185140967369,0.3197769912899366,-43.73805751830582
5773,1,point,0.010555782355368137,0.3197769912899366,-43.80265407359934
5774,1,point,0.0143424766138196,0.3203329984429029,-43.98499489105416
5775,1,point,0.01328293513506651,0.3208296774089808,-44.16307544546885
5776,1,point,0.017951734364032745,0.3200889924129993,-44.510667117961475
5777,1,point,0.016213394701480865,0.3200889924129993,-44.85162155433886
5778,1,point,0.021421601995825768,0.3209500222768797,-45.285298168141935
5779,1,point,0.01901492476463318,0.3200889924129993,-45.71001633746687
5780,1,point,0.017198877409100533,0.32110380207219896,-46.125387288175034
5781,1,point,0.02256876975297928,0.3210581011181534,-46.6211848335829
5782,1,point,0.019977984949946404,0.3211423010279938,-47.10527467746647
5783,1,point,0.018026961013674736,0.3211423010279938,-47.57734134153611
5784,1,point,0.016528289765119553,0.32150305594536466,-48.037078106390936
5785,1,point,0.011183291673660278,0.32110107848510927,-48.39390309304122
5786,1,point,0.011054713279008865,0.3220490499270836,-48.739865122484844
5787,1,point,0.010931400582194328,0.3216811694795063,-49.07486716275184
5788,1,point,0.010836105793714523,0.32159762421378807,-49.398667253024314
5789,1,point,0.010766816325485706,0.32142707796096415,-49.71112992898452
5790,1,point,0.010717198252677917,0.3218977642679283,-50.01187888481422
5791,1,point,0.00898071937263012,0.3229976774157579,-50.20094467440617
5792,1,point,0.009007547050714493,0.3218977642679283,-50.38051993484851
5793,1,point,0.009081101976335049,0.32154327797484433,-50.55088495637119
5794,1,point,0.009187038987874985,0.3219731764475812,-50.712472322356916
5795,1,point,0.009308435954153538,0.32063953250222516,-50.86569246438603
5796,1,point,0.009431920945644379,0.3204634591482378,-51.01129336191252
5797,1,point,0.009549252688884735,0.3198664471329535,-51.22549003067843
5798,1,point,0.00965672917664051,0.3198664471329535,-51.3589578764354
5799,1,point,0.00872175395488739,0.3198664471329535,-51.37780906595708
5800,1,point,0.008698112331330776,0.31895400849521377,-51.39553915576357
5801,1,point,0.008743923157453537,0.31884435103845205,-51.41379026883419
5802,1,point,0.008827791549265385,0.31893411343127026,-51.368676432907705
5803,1,point,0.008927932940423489,0.31893411343127026,-51.32660905120042
5804,1,point,0.009028593078255653,0.3185108956378102,-51.233295499499945
5805,1,point,0.009122924879193306,0.31823071496610916,-51.1449608114433
5806,1,point,0.009206541813910007,0.3165353354792078,-51.01684607205107
5807,1,point,0.008589368313550949,0.3157489214565066,-50.774766379022594
5808,1,point,0.008512498810887337,0.3156981269934802,-50.50564527653796
5809,1,point,0.008501887321472168,0.3156981269934802,-50.245511754802465
5810,1,point,0.008533540181815624,0.3160256385656897,-49.9945670452621
5811,1,point,0.008582956157624722,0.3165260691813056,-49.72649505519894
5812,1,point,0.008638794533908367,0.3165260691813056,-49.467024408632824
5813,1,point,0.008694063872098923,0.3165260691813056,-49.215720807227854
5814,1,point,0.008745338767766953,0.3165260691813056,-48.97199545391254
5815,1,point,0.008791271597146988,0.3165260691813056,-48.76158914361599
5816,1,point,0.008831136859953403,0.3165260691813056,-48.55820464546582
5817,1,point,0.008865202777087688,0.31687576809181894,-48.36143503777089
5818,1,point,0.00889403373003006,0.31687576809181894,-48.17101504018933
5819,1,point,0.008918278850615025,0.3185729709532489,-47.9865529669371
5820,1,point,0.008428970351815224,0.3185729709532489,-47.677532500202005
5821,1,point,0.008363171480596066,0.3185729709532489,-47.411456661521015
5822,1,point,0.008334473706781864,0.31908435062202994,-47.15263244420521
5823,1,point,0.008338432759046555,0.31908435062202994,-46.90091927398089
5824,1,point,0.008354989811778069,0.31908435062202994,-46.65609670111644
5825,1,point,0.008377064019441605,0.3193852048225567,-46.41765660585406
5826,1,point,0.008400272578001022,0.3193852048225567,-46.185282180945705
5827,1,point,0.008422433398663998,0.3193852048225567,-45.95858623216941
5828,1,point,0.008442539721727371,0.3207136316117424,-45.73710976629263
5829,1,point,0.008460544049739838,0.3207136316117424,-45.565697908348056
5830,1,point,0.008475969545543194,0.3207136316117424,-45.398968275274
5831,1,point,0.008489053696393967,0.3207136316117424,-45.2367753733497
5832,1,point,0.008500074036419392,0.3211516454805483,-45.07894837057779
5833,1,point,0.008509333245456219,0.3210100729484812,-44.92518785752782
5834,1,point,0.00851707998663187,0.3210100729484812,-44.77521166024508
5835,1,point,0.008523540571331978,0.3213771859178359,-44.62860041702538
5836,1,point,0.008528896607458591,0.3213771859178359,-44.485073169140605
5837,1,point,0.008533020503818989,0.3213771859178359,-44.39924500196821
5838,1,point,0.008536290377378464,0.3204787855499431,-44.31621451868409
5839,1,point,0.00853884220123291,0.3200552286388282,-44.23591664964806
5840,1,point,0.008540809154510498,0.3200552286388282,-44.158227518615604
5841,1,point,0.008570750243961811,0.3197769912899366,-43.94307618615312
5842,1,point,0.008474973030388355,0.3197769912899366,-43.73239407785127
5843,1,point,0.008405741304159164,0.3207792301087229,-43.52615051641146
5844,1,point,0.008372214622795582,0.3207792301087229,-43.32412568580003
5845,1,point,0.00835256464779377,0.3207792301087229,-43.12611009035322
5846,1,point,0.008341499604284763,0.3207792301087229,-42.93168069862372
5847,1,point,0.008335286751389503,0.3207792301087229,-42.74058431748199
5848,1,point,0.008331828750669956,0.32168211482633485,-42.55255563536366
5849,1,point,0.008329927921295166,0.32242648630293985,-42.367226900577634
5850,1,point,0.008330520242452621,0.32242648630293985,-42.24905817428703
5851,1,point,0.008331375196576118,0.32242648630293985,-42.133507098384825
5852,1,point,0.0083322674036026,0.32329380395582136,-42.020690653876954
5853,1,point,0.008333101868629456,0.32329380395582136,-41.91069223182285
5854,1,point,0.00833379290997982,0.32431877414470706,-41.803548096389704
5855,1,point,0.008334323763847351,0.32431877414470706,-41.699295407823
5856,1,point,0.008334674872457981,0.32431877414470706,-41.5978688171856
5857,1,point,0.008334847167134285,0.32431877414470706,-41.499345730067944
5858,1,point,0.008334849029779434,0.32431877414470706,-41.40371385661115
5859,1,point,0.008334694430232048,0.32431877414470706,-41.310885622230444
5860,1,point,0.008334419690072536,0.32392307096805456,-41.22079550203193
5861,1,point,0.009765529073774815,0.32392307096805456,-41.2729282960222
5862,1,point,0.0094679594039917,0.32392307096805456,-41.325470552825664
5863,1,point,0.012511438690125942,0.3229110095702059,-41.50733416362095
5864,1,point,0.01169331930577755,0.3229110095702059,-41.68681474317373
5865,1,point,0.011086760088801384,0.3236667476946064,-41.8633726378107
5866,1,point,0.01506943628191948,0.3236667476946064,-42.15603307752326
5867,1,point,0.013839557766914368,0.3236667476946064,-42.44307045546225
5868,1,point,0.01862311363220215,0.32342020226063395,-42.833202945607354
5869,1,point,0.016743618994951248,0.32267353663684756,-43.214684701412125
5870,1,point,0.01532879937440157,0.32267353663684756,-43.58668789750004
5871,1,point,0.020477840676903725,0.32267353663684756,-44.123207910790825
5872,1,point,0.01830383390188217,0.32220100227960174,-44.64785670628203
5873,1,point,0.0166605394333601,0.32227307504193037,-45.160290068648465
5874,1,point,0.015396865084767342,0.3221551451670307,-45.660235001725596
5875,1,point,0.014413629658520222,0.32171576264018986,-46.14732283607077
5876,1,point,0.01364266499876976,0.3230974950232646,-46.621642540765606
5877,1,point,0.013034428469836712,0.3231494800125998,-47.0827815145567
5878,1,point,0.012551969848573208,0.3227803425306903,-47.5306120778057
5879,1,point,0.012167566455900669,0.3227803425306903,-47.96497891759395
5880,1,point,0.00926303118467331,0.32269651179378717,-48.285800946833206
5881,1,point,0.00933013204485178,0.32342952039842926,-48.59520401138752
5882,1,point,0.009400248527526855,0.32342952039842926,-48.89332906841628
5883,1,point,0.00948166474699974,0.3225253827905169,-49.18051516305877
5884,1,point,0.009568012319505215,0.3228060115095997,-49.45712432025698
5885,1,point,0.008607480674982071,0.32170675104711405,-49.61354083844435
5886,1,point,0.008581804111599922,0.32170675104711405,-49.76266150803758
5887,1,point,0.008628813549876213,0.32037421066145866,-49.9054843437782
5888,1,point,0.00871992576867342,0.32037421066145866,-50.04294695562339
5889,1,point,0.008829683996737003,0.32037421066145866,-50.17632561588903
5890,1,point,0.00894208624958992,0.31997061861811393,-50.30675189569388
5891,1,point,0.009047587402164936,0.3193157688402849,-50.3603353635865
5892,1,point,0.009142897091805935,0.3188826780049298,-50.41351543694827
5893,1,point,0.00857219472527504,0.3180904321433425,-50.281904356154655
5894,1,point,0.008499326184391975,0.3177396746524566,-50.15402482818968
5895,1,point,0.008492626249790192,0.3177396746524566,-50.03100047365547
5896,1,point,0.008526695892214775,0.3177396746524566,-49.8586449090667
5897,1,point,0.008579092100262642,0.31789161189997117,-49.692987175012604
5898,1,point,0.008636631071567535,0.31789161189997117,-49.489005389160866
5899,1,point,0.008693257346749306,0.3165260691813056,-49.29248827574111
5900,1,point,0.008745347149670124,0.3165260691813056,-49.10369736317648
5901,0,normal,0.008791245520114899,0.3165260691813056,-48.887114830205746
5902,0,normal,0.008831067010760307,0.3165260691813056,-48.678326394731585
5903,0,normal,0.008865023031830788,0.3165260691813056,-48.477000976918134
5904,0,normal,0.008893640711903572,0.3165260691813056,-48.28293002765099
5905,0,normal,0.008917588740587234,0.3165260691813056,-48.09582149244079
5906,0,normal,0.011693949811160564,0.31687576809181894,-48.03519137316539
5907,0,normal,0.011254478245973587,0.31687576809181894,-47.978552771004615
5908,0,normal,0.015433017164468765,0.31874200284313114,-48.03481860934676
5909,0,normal,0.014292685315012932,0.31874200284313114,-48.091513275020816
5910,0,normal,0.01925641857087612,0.31874200284313114,-48.283398385726514
5911,0,normal,0.017356323078274727,0.31904253425513157,-48.47257954835118
5912,0,normal,0.015922969207167625,0.31904253425513157,-48.658330284181375
5913,0,normal,0.02115544117987156,0.31911390050347166,-48.93025007881579
5914,0,normal,0.01889614574611187,0.3194979602177262,-49.195636456654256
5915,0,normal,0.024302050471305847,0.3194979602177262,-49.57957226522831
5916,0,normal,0.0213007815182209,0.32029371171223836,-49.95392939736962
5917,0,normal,0.019057996571063995,0.3203452455849671,-50.31785985275246
5918,0,normal,0.017347564920783043,0.3203452455849671,-50.671046602672504
5919,0,normal,0.016032377257943153,0.3207803228079772,-51.012777326568994
5920,0,normal,0.015016201883554459,0.32027316617839696,-51.342575787062515
5921,0,normal,0.014226987957954407,0.3201033222981589,-51.65992138968977
5922,0,normal,0.013610513880848885,0.3196759204540293,-51.96405211130673
5923,0,normal,0.01311822421848774,0.3196759204540293,-52.31007294763458
5924,0,normal,0.012729618698358536,0.3196759204540293,-52.64250441482773
5925,0,normal,0.01242214348167181,0.31994066399717674,-52.9613726718685
5926,0,normal,0.010328643955290318,0.31994066399717674,-53.18582885003252
5927,0,normal,0.010245646350085735,0.31861543891438937,-53.39871188085567
5928,0,normal,0.010217225179076195,0.31844047705449646,-53.60066080370507
5929,0,normal,0.010239481925964355,0.31811046287663225,-53.792009954326204
5930,0,normal,0.010301369242370129,0.31811046287663225,-53.9734454956008
5931,0,normal,0.00973671767860651,0.31811046287663225,-54.05486774461838
5932,0,normal,0.009535365737974644,0.3180094980725615,-54.12985210581337
5933,0,normal,0.00949821900576353,0.31790016534164767,-54.199755346656275
5934,0,normal,0.009561353363096714,0.3176007100173338,-54.265726608530485
5935,0,normal,0.009682557545602322,0.3176007100173338,-54.32915356969852
5936,0,normal,0.009825553745031357,0.3172502110727786,-54.33566939624484
5937,0,normal,0.00934814102947712,0.3172502110727786,-54.24157187865694
5938,0,normal,0.009188583120703697,0.3155600552368618,-54.10498234412239
5939,0,normal,0.00917604099959135,0.3155600552368618,-53.97278203201358
5940,0,normal,0.0092423465102911,0.3159819542317887,-53.809947635393655
5941,0,normal,0.009349203668534756,0.3159819542317887,-53.6531157537886
5942,0,normal,0.009469285607337952,0.3159819542317887,-53.503076367434005
5943,0,normal,0.009586104191839695,0.3161508920428709,-53.33414540300987
5944,0,normal,0.008915607817471027,0.315846443658094,-53.062700933024644
5945,0,normal,0.00881520751863718,0.315846443658094,-52.78451153029391
5946,0,normal,0.008814451284706593,0.3160199802691875,-52.51661171358387
5947,0,normal,0.008869311772286892,0.3160199802691875,-52.259047813179905
5948,0,normal,0.008950041607022285,0.3164069963236021,-52.011785943609084
5949,0,normal,0.009038623422384262,0.3163362354440524,-51.7744836507286
5950,0,normal,0.00912495143711567,0.3163362354440524,-51.54692295227096
5951,0,normal,0.009204051457345486,0.31605796772968553,-51.32885995297261
5952,0,normal,0.009273918345570564,0.3152727396999846,-51.11980032551264
5953,0,normal,0.00933423638343811,0.31522202184021786,-50.91941614217467
5954,0,normal,0.009385539218783379,0.31539411461439376,-50.72710241268419
5955,0,normal,0.012570059858262539,0.3156981269934802,-50.652377692745404
5956,0,normal,0.012092377990484238,0.3169580567334735,-50.59938426743042
5957,0,normal,0.011729770340025425,0.3165260691813056,-50.550708466700826
5958,0,normal,0.011440996080636978,0.3165260691813056,-50.505936141300026
5959,0,normal,0.015743978321552277,0.3165260691813056,-50.56453523366781
5960,0,normal,0.01466779038310051,0.31659687252454016,-50.623876552936736
5961,0,normal,0.019718430936336517,0.31659687252454016,-50.79967516736269
5962,0,normal,0.01779615879058838,0.31659687252454016,-50.97296551368299
5963,0,normal,0.023123493418097496,0.31773604678037076,-51.22369761418372
5964,0,normal,0.02040679007768631,0.31778716913587546,-51.468747291555474
5965,0,normal,0.01837637834250927,0.31854881698628795,-51.70731090436493
5966,0,normal,0.016826719045639038,0.31854881698628795,-51.93866786429908
5967,0,normal,0.015628330409526825,0.31804518838785845,-52.19794617024627
5968,0,normal,0.014701098203659058,0.31804518838785845,-52.44899240417794
5969,0,normal,0.013980071060359478,0.31804518838785845,-52.69143088471765
5970,0,normal,0.013416587375104427,0.31792000857963715,-52.9246777069834
5971,0,normal,0.01297431718558073,0.31792000857963715,-53.148231944049485
5972,0,normal,0.012625937350094318,0.31792000857963715,-53.36148953550128
5973,0,normal,0.012350721284747124,0.31818329794278116,-53.56402938617612
5974,0,normal,0.010303920134902,0.31818329794278116,-53.72033296875361
5975,0,normal,0.01022934541106224,0.31818329794278116,-53.867654235110194
5976,0,normal,0.010210064239799976,0.3180085733852248,-54.00634163220798
5977,0,normal,0.010239574126899242,0.3180085733852248,-54.13658879647028
5978,0,normal,0.009805221110582352,0.3176790068085439,-54.16820067482968
5979,0,normal,0.009547974914312363,0.3186168754310663,-54.19414881448938
5980,0,normal,0.0094759501516819,0.3180094980725615,-54.215147953462974
5981,0,normal,0.009812033735215664,0.3176007100173338,-54.131560804283936
5982,0,normal,0.009337152354419231,0.3176007100173338,-54.046729513501305
5983,0,normal,0.009151142090559006,0.3176007100173338,-53.96182257668397
5984,0,normal,0.009131835773587227,0.3176007100173338,-53.87793244014347
5985,0,normal,0.00920325331389904,0.3172502110727786,-53.750633399196204
5986,0,normal,0.0093185193836689,0.3172502110727786,-53.626385458892855
5987,0,normal,0.009447676129639149,0.3159819542317887,-53.50634147734513
5988,0,normal,0.009038410149514675,0.3159819542317887,-53.2811683460875
5989,0,normal,0.008880261331796646,0.3159819542317887,-53.028367294481086
5990,0,normal,0.008847792632877827,0.3163234919258113,-52.785035102413985
5991,0,normal,0.008884853683412075,0.3161508920428709,-52.52545639193545
5992,0,normal,0.008956436067819595,0.315846443658094,-52.27644587387067
5993,0,normal,0.00904027558863163,0.31594930594144205,-52.02119432937843
5994,0,normal,0.009124750271439552,0.31594930594144205,-51.77663876278416
5995,0,normal,0.009203500114381313,0.3163362354440524,-51.542805211957784
5996,0,normal,0.008645224384963512,0.3155503160740551,-51.19905620822533
5997,0,normal,0.008548172190785408,0.3154995535606351,-50.86768903349798
5998,0,normal,0.00852497760206461,0.31522202184021786,-50.548552527612856
5999,0,normal,0.008548353798687458,0.31522202184021786,-50.241378440217886
6000,0,normal,0.00859278254210949,0.31676568172234854,-49.94571121337526
6001,0,normal,0.008645216934382915,0.31633733295195077,-49.66080580337348
6002,0,normal,0.008698114193975925,0.31651003462071525,-49.38606457388755
6003,0,normal,0.008747708052396774,0.31681512264922024,-49.12071807152756
6004,0,normal,0.008792449720203876,0.3165260691813056,-48.8807684816486
6005,0,normal,0.008831550367176533,0.3165260691813056,-48.64899860610353
6006,0,normal,0.008865222334861755,0.3165260691813056,-48.42473156130018
6007,0,normal,0.008475745096802711,0.31687576809181894,-48.07717662811751
6008,0,normal,0.008391267620027065,0.31687576809181894,-47.764176931376596
6009,0,normal,0.00835083331912756,0.3189151371818921,-47.45946523403154
6010,0,normal,0.008347312919795513,0.3189151371818921,-47.162575779057306
6011,0,normal,0.008360106498003006,0.31908435062202994,-46.90860272277018
6012,0,normal,0.008379911072552204,0.31908435062202994,-46.661700375909504
6013,0,normal,0.008401802740991116,0.31908435062202994,-46.42167008567708
6014,0,normal,0.008423246443271637,0.3193852048225567,-46.18817977013896
6015,0,normal,0.008442976512014866,0.3193852048225567,-45.96083742321002
6016,0,normal,0.00846050027757883,0.3193852048225567,-45.73926124484069
6017,0,normal,0.008475716225802898,0.3207136316117424,-45.52301299419946
6018,0,normal,0.008488847874104977,0.3207136316117424,-45.35694893697405
6019,0,normal,0.0084998719394207,0.3211516454805483,-45.19576774868983
6020,0,normal,0.008509073406457901,0.32057468411329904,-45.03924329284882
6021,0,normal,0.008516745641827583,0.32057468411329904,-44.88715864384653
6022,0,normal,0.00863002147525549,0.3213771859178359,-44.599050711273776
6023,0,normal,0.008516515605151653,0.3213771859178359,-44.31690232950086
6024,0,normal,0.00843488797545433,0.3223844400354629,-44.040576270870815
6025,0,normal,0.008392413146793842,0.3214832239186324,-43.76966936214694
6026,0,normal,0.008368497714400291,0.321058339503695,-43.55874009608419
6027,0,normal,0.00835445523262024,0.321058339503695,-43.35279736322195
6028,0,normal,0.008346201851963997,0.3207792301087229,-43.15181455544962
6029,0,normal,0.008341403678059578,0.32102376231154667,-42.95569127261638
6030,0,normal,0.008338656276464462,0.32176661036235027,-42.764158662046384
6031,0,normal,0.008337114006280899,0.32176661036235027,-42.57704852557845
6032,0,normal,0.008336246944963932,0.32176661036235027,-42.394118405606605
6033,0,normal,0.008335730992257595,0.3226321529685892,-42.21514828434374
6034,0,normal,0.00833533052355051,0.3226321529685892,-42.03990104841182
6035,0,normal,0.008334883488714695,0.32431877414470706,-41.86805761668643
6036,0,normal,0.008334323763847351,0.32431877414470706,-41.699295407823
6037,0,normal,0.008334674872457981,0.32431877414470706,-41.5978688171856
6038,0,normal,0.00924532301723957,0.32431877414470706,-41.3492561488963
6039,0,normal,0.009077702648937702,0.32431877414470706,-41.10569831171006
6040,0,normal,0.008494995534420013,0.32431877414470706,-41.017359660955435
6041,0,normal,0.00844602007418871,0.32483828280649657,-40.93203405050167
6042,0,normal,0.008421458303928375,0.3254337923207009,-40.84941193123041
6043,0,normal,0.010074899531900883,0.32451690267091043,-40.9088307507036
6044,0,normal,0.009697584435343742,0.32392307096805456,-40.96845178047988
6045,0,normal,0.009424668736755848,0.3229110095702059,-41.027960866466174
6046,0,normal,0.012460005469620228,0.32401438494099455,-41.216272418240806
6047,0,normal,0.011660194955766201,0.32401438494099455,-41.40172737058674
6048,0,normal,0.015782896429300308,0.3236667476946064,-41.70305294289801
6049,0,normal,0.01438064407557249,0.32440995690249774,-41.998617738475104
6050,0,normal,0.013330058194696903,0.3256157077543508,-42.28776842712955
6051,0,normal,0.018058931455016136,0.32411972412588186,-42.67936981636399
6052,0,normal,0.016307491809129715,0.32267353663684756,-43.136301450459996
6053,0,normal,0.02154792658984661,0.3236084183609152,-43.68314396459641
6054,0,normal,0.019122717902064323,0.3231345149303354,-44.21828328492825
6055,0,normal,0.017291463911533356,0.32220100227960174,-44.741216726799394
6056,0,normal,0.015886791050434113,0.3221551451670307,-45.2517604368752
6057,0,normal,0.014796702191233635,0.3221551451670307,-45.74948139541448
6058,0,normal,0.013944067992269993,0.32171576264018986,-46.23428748332276
6059,0,normal,0.013272934593260288,0.3251665454665649,-46.705840955213716
6060,0,normal,0.012741748243570328,0.32521886335716643,-47.16376286719196
6061,0,normal,0.009434008039534092,0.3227803425306903,-47.50812529084328
6062,0,normal,0.009491439908742905,0.3227803425306903,-47.840411796699755
6063,0,normal,0.009545061737298965,0.3235827253433622,-48.16094462826163
6064,0,normal,0.009608096443116665,0.3235827253433622,-48.46962920099577
6065,0,normal,0.00967615470290184,0.32429761269177637,-48.7665784728531
6066,0,normal,0.009743859060108662,0.32429761269177637,-49.052177042039375
6067,0,normal,0.009807715192437172,0.32170675104711405,-49.3267481538046
6068,0,normal,0.008596975356340408,0.32170675104711405,-49.56653623674106
6069,0,normal,0.008612480014562607,0.32037421066145866,-49.799346322882684
6070,0,normal,0.008677491918206215,0.32037421066145866,-49.94112733388033
6071,0,normal,0.00877488311380148,0.32037421066145866,-50.07836275205568
6072,0,normal,0.008884125389158726,0.3200421924685509,-50.21233786715561
6073,0,normal,0.008991913869976997,0.31997061861811393,-50.26888284841243
6074,0,normal,0.008612130768597126,0.3188826780049298,-50.204171458549354
6075,0,normal,0.008508275263011456,0.3188826780049298,-50.14172661164548
6076,0,normal,0.008483418263494968,0.3180904321433425,-50.017598185503175
6077,0,normal,0.008510228246450424,0.3177396746524566,-49.898114587841064
6078,0,normal,0.008559085428714752,0.3177396746524566,-49.72887364908456
6079,0,normal,0.008616950362920761,0.31738902234880495,-49.56571611726349
6080,0,normal,0.00867509376257658,0.31822139903744034,-49.40940788422472
6081,0,normal,0.008728742599487305,0.3165260691813056,-49.215114606497536
6082,0,normal,0.008623767644166946,0.3165260691813056,-48.89825711382355
6083,0,normal,0.008481977507472038,0.3165260691813056,-48.55560537414749
6084,0,normal,0.008406136184930801,0.31686603691628,-48.22290682558946
6085,0,normal,0.008380509912967682,0.31686603691628,-47.90004767066944
6086,0,normal,0.008378724567592144,0.31686603691628,-47.58681637145128
6087,0,normal,0.008389560505747795,0.3172161114241236,-47.28276303069947
6088,0,normal,0.008406044915318489,0.3172161114241236,-46.98755038891841
6089,0,normal,0.008424321189522743,0.31908435062202994,-46.70075750147066
6090,0,normal,0.008442318998277187,0.31908435062202994,-46.421908110081404
6091,0,normal,0.008459256961941719,0.31908435062202994,-46.186168268241545
6092,0,normal,0.008790375664830208,0.31908435062202994,-45.81743604187977
6093,0,normal,0.008628733456134796,0.31908435062202994,-45.45791346083229
6094,0,normal,0.008515054360032082,0.320823782413157,-45.107453165912375
6095,0,normal,0.008450821973383427,0.32157942304539816,-44.765721127550705
6096,0,normal,0.008409680798649788,0.32157942304539816,-44.43225541856077
6097,0,normal,0.009168287739157677,0.3219471871338992,-44.246280036833696
6098,0,normal,0.009020742028951645,0.3219471871338992,-44.11037048519256
6099,0,normal,0.008918697945773602,0.3211859549132215,-43.979063356574216
6100,0,normal,0.011550907045602798,0.321465241014816,-43.9815141099391
6101,0,normal,0.01097156759351492,0.32104038036676597,-43.985647685049116
6102,0,normal,0.010541186667978764,0.3206959339501958,-43.990856229430165
6103,0,normal,0.01432997826486826,0.3212790521795484,-44.11615171952235
6104,0,normal,0.013269246555864811,0.32103432551574973,-44.294372520183515
6105,0,normal,0.017939822748303413,0.3213086250352773,-44.57984397439918
6106,0,normal,0.01620636321604252,0.3213086250352773,-44.860651012905464
6107,0,normal,0.021419934928417206,0.3213086250352773,-45.235691047231285
6108,0,normal,0.01901942491531372,0.3204466331285154,-45.603033020085604
6109,0,normal,0.017210019752383232,0.3204466331285154,-45.961817817797055
6110,0,normal,0.022595472633838654,0.3210581011181534,-46.401404909676785
6111,0,normal,0.02001476287841797,0.3211423010279938,-46.82920384592103
6112,0,normal,0.018057338893413544,0.3207042999039453,-47.30940591394187
6113,0,normal,0.016553416848182678,0.32104942302169986,-47.77688039998111
6114,0,normal,0.015385735780000687,0.32110107848510927,-48.23104583276108
6115,0,normal,0.014473216608166695,0.3207342809165481,-48.67176776480164
6116,0,normal,0.010372726246714592,0.32183021848337795,-49.0082679422228
6117,0,normal,0.010353274643421173,0.32269651179378717,-49.33233462433009
6118,0,normal,0.01033202838152647,0.32342952039842926,-49.64393807387842
6119,0,normal,0.010329216718673706,0.3229976774157579,-49.94274511706135
6120,0,normal,0.01034301146864891,0.3229976774157579,-50.22883949202446
6121,0,normal,0.008970094844698906,0.32127720830547885,-50.40183999578926
6122,0,normal,0.008953566662967205,0.32154327797484433,-50.6394773100119
6123,0,normal,0.0090094655752182,0.32154327797484433,-50.86760928913486
6124,0,normal,0.009112268686294556,0.32021141471041836,-51.08698542112029
6125,0,normal,0.009238664992153645,0.3204634591482378,-51.29881787673139
6126,0,normal,0.008814038708806038,0.3201313484631121,-51.39387132004617
6127,0,normal,0.00868997722864151,0.3201313484631121,-51.41033408646854
6128,0,normal,0.008684628643095493,0.31921181055180553,-51.42494949299817
6129,0,normal,0.008747821673750877,0.31877886071600753,-51.43900941640527
6130,0,normal,0.008841993287205696,0.3186692634756392,-51.3885711980688
6131,0,normal,0.008947485126554966,0.31847276751301834,-51.33978653994245
6132,0,normal,0.01156899705529213,0.31847276751301834,-51.404226422923784
6133,0,normal,0.011324872262775898,0.3185108956378102,-51.41560696419242
6134,0,normal,0.011138711124658585,0.3177195734483508,-51.42988813728584
6135,0,normal,0.015307767316699028,0.3159760778923593,-51.502588123380974
6136,0,normal,0.014346303418278694,0.3156981269934802,-51.57740898336829
6137,0,normal,0.019337154924869537,0.3157687451353029,-51.70937474167886
6138,0,normal,0.0175153985619545,0.3169862344712506,-51.84200280422169
6139,0,normal,0.016138441860675812,0.3167004053516029,-51.9749818199532
6140,0,normal,0.021285908296704292,0.31781855882555393,-52.162701106375835
6141,0,normal,0.01901194080710411,0.3178696944568898,-52.34803899438111
6142,0,normal,0.01731272041797638,0.31743646441808926,-52.53040131217949
6143,0,normal,0.016011741012334824,0.31743646441808926,-52.709045265173245
6144,0,normal,0.015006588771939278,0.31693459445926225,-52.8829549396105
6145,0,normal,0.014226438477635384,0.31693459445926225,-53.05148054832762
6146,0,normal,0.013614673167467117,0.3165114234994364,-53.23998773982203
6147,0,normal,0.013134662993252277,0.31686110622935826,-53.42168290229665
6148,0,normal,0.01275639608502388,0.31686110622935826,-53.59582271926024
6149,0,normal,0.01245731208473444,0.31788357591346317,-53.7615795799918
6150,0,normal,0.010312286205589771,0.31788357591346317,-53.83756041868742
6151,0,normal,0.010248028673231602,0.31788357591346317,-53.94188791785132
6152,0,normal,0.01023317500948906,0.3180085733852248,-54.03872040081205
6153,0,normal,0.010262880474328995,0.3180085733852248,-54.127836085760464
6154,0,normal,0.010326688177883625,0.3176790068085439,-54.20914529637321
6155,0,normal,0.00972545612603426,0.3176790068085439,-54.192093939737106
6156,0,normal,0.009531457908451557,0.3186168754310663,-54.21519291612003
6157,0,normal,0.009495837613940239,0.31790016534164767,-54.23374140400256
6158,0,normal,0.009739188477396965,0.3176007100173338,-54.14804662010192
6159,0,normal,0.009307964704930782,0.3176007100173338,-54.061652942541286
6160,0,normal,0.00914699211716652,0.3176007100173338,-53.97570912044944
6161,0,normal,0.009141046553850174,0.3172502110727786,-53.8914966422401
6162,0,normal,0.009218590334057808,0.3172502110727786,-53.76452578771796
6163,0,normal,0.009335406124591827,0.3155600552368618,-53.641333008228685
6164,0,normal,0.009122151881456375,0.3159819542317887,-53.41263870703506
6165,0,normal,0.008912849240005016,0.3159819542317887,-53.15586927257141
6166,0,normal,0.008852497674524784,0.3159819542317887,-52.90807168484707
6167,0,normal,0.008874903433024883,0.3163234919258113,-52.64362305035297
6168,0,normal,0.008939745835959911,0.3161508920428709,-52.38923025717986
6169,0,normal,0.008948341012001038,0.3157758081398673,-52.02486273439149
6170,0,normal,0.008707783184945583,0.31594930594144205,-51.65636173591861
6171,0,normal,0.00860127154737711,0.31594930594144205,-51.300938522556635
6172,0,normal,0.00857630930840969,0.3155503160740551,-50.95846797391482
6173,0,normal,0.008593840524554253,0.3154995535606351,-50.62868430588219
6174,0,normal,0.008632216602563858,0.3154995535606351,-50.31126904893085
6175,0,normal,0.008678631857037544,0.31522202184021786,-50.006021927011034
6176,0,normal,0.008726079016923904,0.3164374032101565,-49.71260634391524
6177,0,normal,0.008770903572440147,0.31676568172234854,-49.43048300322516
6178,0,normal,0.008611775934696198,0.31651003462071525,-49.028781040050035
6179,0,normal,0.008476282469928265,0.31681512264922024,-48.63919252915207
6180,0,normal,0.008404463529586792,0.3171554008447296,-48.2782150367384
6181,0,normal,0.008380966261029243,0.31686603691628,-47.928650369230354
6182,0,normal,0.008380159735679626,0.31686603691628,-47.58991453973863
6183,0,normal,0.008391320705413818,0.31686603691628,-47.26128834919905
6184,0,normal,0.0084077762439847,0.3173844233768127,-46.941960332450435
6185,0,normal,0.008426247164607048,0.3173844233768127,-46.65753004559838
6186,0,normal,0.008444181643426418,0.31908435062202994,-46.381387647865495
6187,0,normal,0.008460656739771366,0.31908435062202994,-46.11292531372851
6188,0,normal,0.008475471287965775,0.31908435062202994,-45.887152486334344
6189,0,normal,0.008488249965012074,0.31908435062202994,-45.66828270433416
6190,0,normal,0.0084991455078125,0.3211516454805483,-45.45597102173474
6191,0,normal,0.010612438432872295,0.32057468411329904,-45.379547667251245
6192,0,normal,0.01025955006480217,0.32057468411329904,-45.30650480145391
6193,0,normal,0.009998909197747707,0.3205969590523764,-45.235928226617034
6194,0,normal,0.013549650087952614,0.3205969590523764,-45.3321021466229
6195,0,normal,0.012675417587161064,0.3210323781402898,-45.42786805211654
6196,0,normal,0.017231043428182602,0.3201349416722871,-45.63224018776464
6197,0,normal,0.015667591243982315,0.3197118391982748,-45.83307955991404
6198,0,normal,0.02082795836031437,0.3197118391982748,-46.129219196121994
6199,0,normal,0.026337992399930954,0.3194339003721349,-46.563559277651166
6200,0,normal,0.022842833772301674,0.319517674323073,-46.98869591128391
6201,0,normal,0.020219236612319946,0.3204850532925988,-47.40407040654577
6202,0,normal,0.01821853034198284,0.3204850532925988,-47.809141612778376
6203,0,normal,0.016677850857377052,0.32004794857878954,-48.20341140512983
6204,0,normal,0.015484104864299297,0.32039236536982585,-48.586502639420814
6205,0,normal,0.014554057270288467,0.32044391511550124,-48.95767290386675
6206,0,normal,0.010403399355709553,0.3207342809165481,-49.226252864156095
6207,0,normal,0.010384404100477695,0.3216811694795063,-49.48372512268929
6208,0,normal,0.010357540100812912,0.32116822717826254,-49.79494073882233
6209,0,normal,0.010349273681640625,0.3218977642679283,-50.094929376585014
6210,0,normal,0.010357565246522427,0.3218977642679283,-50.3834726164323
6211,0,normal,0.008968855254352093,0.3221643478583423,-50.560406211933014
6212,0,normal,0.008954303339123726,0.32154327797484433,-50.72797977557434
6213,0,normal,0.009010233916342258,0.32154327797484433,-50.88679558622812
6214,0,normal,0.009111758321523666,0.32136670834550607,-51.0373401540553
6215,0,normal,0.009236314333975315,0.3204634591482378,-51.180104551788645
6216,0,normal,0.00936682429164648,0.3204634591482378,-51.315678699955015
6217,0,normal,0.009493198245763779,0.3201313484631121,-51.44508521643661
6218,0,normal,0.008754470385611057,0.3198664471329535,-51.45924987317426
6219,0,normal,0.008698960766196251,0.31910206446183303,-51.471553559375025
6220,0,normal,0.00872904434800148,0.3186692634756392,-51.48360408233225
6221,0,normal,0.008806202560663223,0.31884435103845205,-51.431332850461786
6222,0,normal,0.008905263617634773,0.31854400631090757,-51.381440546016165
6223,0,normal,0.009008600376546383,0.31886278739029444,-51.33511276654349
6224,0,normal,0.01172681525349617,0.3185108956378102,-51.34835169752387
6225,0,normal,0.011446885764598846,0.3185108956378102,-51.36528749468903
6226,0,normal,0.011232803575694561,0.3157489214565066,-51.3408473427578
6227,0,normal,0.011055667884647846,0.3156981269934802,-51.32127528566093
6228,0,normal,0.015194286592304707,0.3156981269934802,-51.371272110948894
6229,0,normal,0.014250528067350388,0.3157687451353029,-51.398186991435296
6230,0,normal,0.013533481396734715,0.31702895670749426,-51.42771610288969
6231,0,normal,0.018369711935520172,0.31702895670749426,-51.549754950068746
6232,0,normal,0.016766488552093506,0.3173853984803792,-51.67147298588657
6233,0,normal,0.015557916834950447,0.31743646441808926,-51.79206142490443
6234,0,normal,0.020625637844204903,0.31743646441808926,-51.991546108583634
6235,0,normal,0.01850954443216324,0.31743646441808926,-52.18634157021802
6236,0,normal,0.016926920041441917,0.31693459445926225,-52.401924127879056
6237,0,normal,0.01571350358426571,0.3172847447096762,-52.6114363354875
6238,0,normal,0.01477411761879921,0.3172847447096762,-52.81424313564321
6239,0,normal,0.014043590985238552,0.31804518838785845,-53.009928301048376
6240,0,normal,0.013472680933773518,0.317620534563407,-53.197610169876725
6241,0,normal,0.010503961704671383,0.317620534563407,-53.33171994668555
6242,0,normal,0.010464959777891636,0.317620534563407,-53.45894774354997
6243,0,normal,0.010448213666677475,0.31788357591346317,-53.57920844060595
6244,0,normal,0.00972798652946949,0.31818329794278116,-53.60161396178319
6245,0,normal,0.009499146603047848,0.3191226553600344,-53.61845248911959
6246,0,normal,0.009433701634407043,0.3189474149714769,-53.629763012895864
6247,0,normal,0.009472040459513664,0.3186168754310663,-53.63550076014462
6248,0,normal,0.009469886310398579,0.3186168754310663,-53.58110513692645
6249,0,normal,0.009152841754257679,0.3186168754310663,-53.523929918540944
6250,0,normal,0.009054134599864483,0.31831674498079887,-53.464877314178466
6251,0,normal,0.009082031436264515,0.3176007100173338,-53.40480859994864
6252,0,normal,0.009179837070405483,0.3176007100173338,-53.344676415635604
6253,0,normal,0.00917529221624136,0.31802533733666866,-53.17504767586388
6254,0,normal,0.008917243219912052,0.3176743697803548,-52.96383143577714
6255,0,normal,0.00883244164288044,0.3176743697803548,-52.757773356882126
6256,0,normal,0.008845766074955463,0.3163234919258113,-52.55772657363491
6257,0,normal,0.008909751661121845,0.3163234919258113,-52.36490129903768
6258,0,normal,0.008993951603770256,0.3162527497210846,-52.14413691098798
6259,0,normal,0.00887185800820589,0.31642650957033275,-51.811589973520086
6260,0,normal,0.008671663701534271,0.31642650957033275,-51.49064920713204
6261,0,normal,0.008588079363107681,0.316026917076483,-51.15566596822919
6262,0,normal,0.008576004765927792,0.3158036675736563,-50.83327802917165
6263,0,normal,0.008600272238254547,0.3154995535606351,-50.523583498921425
6264,0,normal,0.00864153727889061,0.31522202184021786,-50.209700026787914
6265,0,normal,0.008688815869390965,0.3164374032101565,-49.90822698988222
6266,0,normal,0.010995130054652691,0.3164374032101565,-49.73887283657905
6267,0,normal,0.010718688368797302,0.31633733295195077,-49.57877035004026
6268,0,normal,0.010510449297726154,0.3164800514769458,-49.42702407297861
6269,0,normal,0.014391228556632996,0.3166528310616717,-49.39295385644846
6270,0,normal,0.013496381230652332,0.3165260691813056,-49.36368712478293
6271,0,normal,0.018320158123970032,0.3165260691813056,-49.45503381395429
6272,0,normal,0.01664377562701702,0.3165260691813056,-49.547467275360304
6273,0,normal,0.015378092415630817,0.3165260691813056,-49.63993064899955
6274,0,normal,0.020535321906208992,0.317114818637544,-49.848130748797075
6275,0,normal,0.018418679013848305,0.317114818637544,-50.053075764075174
6276,0,normal,0.023798324167728424,0.3178748550499832,-50.3344389600486
6277,0,normal,0.02092503011226654,0.3186665639885989,-50.608738938478155
6278,0,normal,0.018771342933177948,0.3187178360602974,-50.91062618381534
6279,0,normal,0.017128340899944305,0.3190183446862285,-51.203954695886296
6280,0,normal,0.015864619985222816,0.3203452455849671,-51.487938364853335
6281,0,normal,0.014887956902384758,0.31966916329699985,-51.76198330386933
6282,0,normal,0.014129089191555977,0.31966916329699985,-52.025163576621935
6283,0,normal,0.01352924108505249,0.31924234114181693,-52.32217465308008
6284,0,normal,0.01305780652910471,0.31924234114181693,-52.60744120685263
6285,0,normal,0.012685991823673248,0.3196759204540293,-52.88034724266822
6286,0,normal,0.010365882888436317,0.31994066399717674,-53.0598599646446
6287,0,normal,0.010296661406755447,0.31861543891438937,-53.22835811723462
6288,0,normal,0.010271161794662476,0.31861543891438937,-53.38583922775001
6289,0,normal,0.010288702324032784,0.31844047705449646,-53.58803097629925
6290,0,normal,0.009760890156030655,0.31811046287663225,-53.68934360457524
6291,0,normal,0.009519628249108791,0.3190496052663838,-53.782940346391115
6292,0,normal,0.009454927407205105,0.3186168754310663,-53.86980831761662
6293,0,normal,0.00950086209923029,0.3180094980725615,-53.950926975483526
6294,0,normal,0.009613160975277424,0.31790016534164767,-54.027411257068024
6295,0,normal,0.009423359297215939,0.3176007100173338,-53.999904948251924
6296,0,normal,0.009187834337353706,0.3176007100173338,-53.91660945206263
6297,0,normal,0.009136263281106949,0.3172502110727786,-53.834468975459686
6298,0,normal,0.009187601506710052,0.3172502110727786,-53.754736351071415
6299,0,normal,0.009290868416428566,0.3159819542317887,-53.632988261097125
6300,0,normal,0.009415056556463242,0.3159819542317887,-53.51578838803721
6301,0,normal,0.009036939591169357,0.3159819542317887,-53.25767262373142
6302,0,normal,0.008871031925082207,0.3163234919258113,-53.00803073296265
6303,0,normal,0.008835000917315483,0.3163234919258113,-52.76778769166367
6304,0,normal,0.00887090153992176,0.3161508920428709,-52.5112406486644
6305,0,normal,0.008942593820393085,0.3160199802691875,-52.26501612081961
6306,0,normal,0.009027189575135708,0.31594930594144205,-52.01242818436913
6307,0,normal,0.008787781931459904,0.3163362354440524,-51.65004727628752
6308,0,normal,0.00861924234777689,0.3163362354440524,-51.30022991054989
6309,0,normal,0.008554956875741482,0.3155503160740551,-50.96291445147153
6310,0,normal,0.008554897271096706,0.31522202184021786,-50.63779362344599
6311,0,normal,0.008586707524955273,0.31522202184021786,-50.324661676428605
6312,0,normal,0.008632956072688103,0.31522202184021786,-50.02301835170283
6313,0,normal,0.008683456107974052,0.3160094983568405,-49.73235531584055
6314,0,normal,0.00871006678789854,0.31651003462071525,-49.321813423546246
6315,0,normal,0.008533765561878681,0.31681512264922024,-48.923183439314016
6316,0,normal,0.008437014184892178,0.31686603691628,-48.55282069885334
6317,0,normal,0.008398162201046944,0.31686603691628,-48.19362557954423
6318,0,normal,0.008388066664338112,0.31686603691628,-47.84513760457776
6319,0,normal,0.008393743075430393,0.31686603691628,-47.50664896417629
6320,0,normal,0.008407654240727425,0.31686603691628,-47.20381827502115
6321,0,normal,0.009011711925268173,0.3172161114241236,-46.76988851172496
6322,0,normal,0.008778538554906845,0.3173844233768127,-46.34692253488424
6323,0,normal,0.008617384359240532,0.3200844185799233,-45.93477969127821
6324,0,normal,0.008521195501089096,0.3200844185799233,-45.53288522480898
6325,0,normal,0.008460081182420254,0.3200844185799233,-45.17634993755064
6326,0,normal,0.008420352824032307,0.32052157310254875,-44.82933775893912
6327,0,normal,0.008394171483814716,0.32024741006460433,-44.49149126981797
6328,0,normal,0.00837671384215355,0.32182456524077474,-44.162523684590724
6329,0,normal,0.009653604589402676,0.32293816243856327,-43.69140320434849
6330,0,normal,0.009375234134495258,0.32293816243856327,-43.23032292481639
6331,0,normal,0.009161465801298618,0.32293816243856327,-42.824049131074844
6332,0,normal,0.009018851444125175,0.32338602515815906,-42.427374646592625
6333,0,normal,0.00891273282468319,0.3250455087575874,-42.040023154363325
6334,0,normal,0.008832573890686035,0.3260760325487369,-41.66149676333703
6335,0,normal,0.008770755492150784,0.3251644966947957,-41.291448834252606
6336,0,normal,0.008722316473722458,0.3251644966947957,-40.9293525116409
6337,0,normal,0.008686497807502747,0.3251644966947957,-40.62942073076806
6338,0,normal,0.008657962083816528,0.3251644966947957,-40.33684977565122
6339,0,normal,0.008634921163320541,0.3251644966947957,-40.0513073975585
6340,0,normal,0.008616025559604168,0.3253187171801388,-39.77250639302838
6341,0,normal,0.008600213564932346,0.32677676007897155,-39.50008352397208
6342,0,normal,0.00858666654676199,0.32738696840205017,-39.23362473615998
6343,0,normal,0.008574830368161201,0.32738696840205017,-38.9726161278752
6344,0,normal,0.008566917851567268,0.3283355063473897,-38.78085611888673
6345,0,normal,0.0085600595921278,0.32945741702965897,-38.593826875069226
6346,0,normal,0.008553985506296158,0.32945741702965897,-38.41125967849507
6347,0,normal,0.008548430167138577,0.32945741702965897,-38.23272879542196
6348,0,normal,0.008543157950043678,0.32945741702965897,-38.05784750861676
6349,0,normal,0.008537964895367622,0.32945741702965897,-37.88613483012432
6350,0,normal,0.00853277463465929,0.3308112135709905,-37.7171367678543
6351,0,normal,0.008530559949576855,0.3308112135709905,-37.62466648407553
6352,0,normal,0.00852850079536438,0.3308112135709905,-37.534266929659
6353,0,normal,0.008526529185473919,0.3308112135709905,-37.445673913163546
6354,0,normal,0.008524550125002861,0.3318957197578856,-37.35863140842616
6355,0,normal,0.0085224574431777,0.3318957197578856,-37.272801526786225
6356,0,normal,0.008520109578967094,0.333387332232,-37.18786306549873
6357,0,normal,0.008517380803823471,0.333387332232,-37.10345965057104
6358,0,normal,0.008514272049069405,0.333387332232,-37.01923060828858
6359,0,normal,0.008514272049069405,0.333387332232,-37.01923060828858
6360,0,normal,0.008514272049069405,0.333387332232,-37.01923060828858
6361,0,normal,0.008514272049069405,0.333387332232,-37.01923060828858
6362,0,normal,0.008514272049069405,0.333387332232,-37.01923060828858
6363,0,normal,0.008514272049069405,0.333387332232,-37.01923060828858
6364,0,normal,0.008514272049069405,0.333387332232,-37.01923060828858
6365,0,normal,0.009066130965948105,0.333387332232,-37.16872354069574
6366,0,normal,0.008851740509271622,0.333387332232,-37.31612100045231
6367,0,normal,0.011130837723612785,0.333387332232,-37.600328486920716
6368,0,normal,0.01048031635582447,0.3325089030068226,-37.88011437892101
6369,0,normal,0.013969202525913715,0.33147001613726895,-38.284147196513004
6370,0,normal,0.012796944938600063,0.33166848101809415,-38.68150619624498
6371,0,normal,0.01715988852083683,0.3313126316397529,-39.190754739737486
6372,0,normal,0.015430493280291557,0.3313126316397529,-39.69094373019129
6373,0,normal,0.020411798730492592,0.3313126316397529,-40.2907473674677
6374,0,normal,0.018113426864147186,0.33106026213584183,-40.879033073435494
6375,0,normal,0.016377901658415794,0.3302959582506463,-41.455441398895346
6376,0,normal,0.02165289968252182,0.3295392644677396,-42.119005817905645
6377,0,normal,0.01922059804201126,0.3280688955702463,-42.76825010674065
6378,0,normal,0.01737975887954235,0.3273662826282433,-43.40267200709195
6379,0,normal,0.015964865684509277,0.3290252011228926,-44.02201118134394
6380,0,normal,0.01486443355679512,0.32630109713659294,-44.62592578617455
6381,0,normal,0.010220341384410858,0.32666764718297014,-45.11464898778331
6382,0,normal,0.010183165781199932,0.3273082285013958,-45.589500945498
6383,0,normal,0.01013949140906334,0.3274558966477841,-46.050474648620366
6384,0,normal,0.010110987350344658,0.32616749233662745,-46.49759050935586
6385,0,normal,0.010095823556184769,0.3260827819077889,-46.93079361438049
6386,0,normal,0.010089905001223087,0.3238360769621845,-47.35016709535557
6387,0,normal,0.010090026073157787,0.3247438888480183,-47.755931339644576
6388,0,normal,0.008559397421777248,0.3253607651876153,-48.03872114250635
6389,0,normal,0.008602977730333805,0.3253607651876153,-48.31092567394171
6390,0,normal,0.00868162140250206,0.3245797834247088,-48.57351110538593
6391,0,normal,0.008784415200352669,0.32347448268643453,-48.82759671653821
6392,0,normal,0.00889463722705841,0.32037421066145866,-49.07426128839984
6393,0,normal,0.008563142269849777,0.3203025625588729,-49.19472446535747
6394,0,normal,0.00845975149422884,0.3203025625588729,-49.31257867033105
6395,0,normal,0.008438114076852798,0.31997061861811393,-49.34419794933069
6396,0,normal,0.008470856584608555,0.3191756698300025,-49.376215311189526
6397,0,normal,0.008525999262928963,0.318039261001981,-49.33490353784077
6398,0,normal,0.008590176701545715,0.318039261001981,-49.296459816937386
6399,0,normal,0.008653181605041027,0.3177396746524566,-49.19701112182156
6400,0,normal,0.008700506761670113,0.3185729709532489,-48.97243925182329
6401,0,normal,0.008529790677130222,0.3185729709532489,-48.70069255214935
6402,0,normal,0.00843628216534853,0.3185631876570348,-48.437890621205725
6403,0,normal,0.00839846022427082,0.3185631876570348,-48.139023010508026
6404,0,normal,0.008389213122427464,0.31686603691628,-47.84975450170714
6405,0,normal,0.008395491167902946,0.31686603691628,-47.57016536957576
6406,0,normal,0.008408688008785248,0.31686603691628,-47.26460083464258
6407,0,normal,0.009020987898111343,0.3172161114241236,-46.82805324851665
6408,0,normal,0.00878518633544445,0.3173844233768127,-46.40256310744667
6409,0,normal,0.008622250519692898,0.3200844185799233,-45.98808574284908
6410,0,normal,0.0085248202085495,0.3200844185799233,-45.584116327310994
6411,0,normal,0.008462786674499512,0.3200844185799233,-45.22577310063866
6412,0,normal,0.008422404527664185,0.32052157310254875,-44.87720681757696
6413,0,normal,0.009890868328511715,0.3199457436847253,-44.38762941793175
6414,0,normal,0.00954797025769949,0.32182456524077474,-43.90947954010858
6415,0,normal,0.00928628072142601,0.32293816243856327,-43.44240124796784
6416,0,normal,0.009109619073569775,0.32385059151768136,-42.98599314777039
6417,0,normal,0.008978977799415588,0.32507096361811977,-42.539676488453324
6418,0,normal,0.00888373889029026,0.3246046466246977,-42.147902060119804
6419,0,normal,0.008811220526695251,0.3250455087575874,-41.76542908046258
6420,0,normal,0.008755121380090714,0.3260760325487369,-41.39193645398859
6421,0,normal,0.008711021393537521,0.3251644966947957,-41.02700191410531
6422,0,normal,0.008675839751958847,0.3251644966947957,-40.67010385644767
6423,0,normal,0.008649837225675583,0.3251644966947957,-40.37546188440456
6424,0,normal,0.008628817275166512,0.32571612527283195,-40.08830822229265
6425,0,normal,0.008611583150923252,0.32717594931125754,-39.80838122046089
6426,0,normal,0.008597184903919697,0.32671694037120136,-39.53531280520451
6427,0,normal,0.008584870025515556,0.32671694037120136,-39.26869345398404
6428,0,normal,0.00857405737042427,0.3283355063473897,-39.008007413426185
6429,0,normal,0.008564334362745285,0.3283355063473897,-38.75278114467346
6430,0,normal,0.010441552847623825,0.3287974365884445,-38.40659678686143
6431,0,normal,0.010210178792476654,0.3299209256698265,-38.06724457891255
6432,0,normal,0.010005452670156956,0.33006977255880166,-37.7346315164707
6433,0,normal,0.009864892810583115,0.33006977255880166,-37.408336358358156
6434,0,normal,0.00975299533456564,0.33142608537311596,-37.08798789553248
6435,0,normal,0.00966276042163372,0.33142608537311596,-36.77295096487205
6436,0,normal,0.009588837623596191,0.33142608537311596,-36.46266967518204
6437,0,normal,0.009533852338790894,0.33117445385067146,-36.230871156611784
6438,0,normal,0.009488698095083237,0.33226015085672406,-36.003176008111495
6439,0,normal,0.009451155550777912,0.33211031620388065,-35.77934051254215
6440,0,normal,0.009419437497854233,0.3348523526513376,-35.55905504596035
6441,0,normal,0.009392082691192627,0.3348523526513376,-35.34207904743084
6442,0,normal,0.009368141181766987,0.3348523526513376,-35.12813442087622
6443,0,normal,0.008727746084332466,0.3348523526513376,-35.16090342817847
6444,0,normal,0.00861505325883627,0.33442192204253335,-35.19444047029174
6445,0,normal,0.00855692196637392,0.33395208991529424,-35.228449019549316
6446,0,normal,0.00971810333430767,0.3337834811725631,-35.41221068880259
6447,0,normal,0.009318321011960506,0.3337834811725631,-35.59433366757389
6448,0,normal,0.011923392303287983,0.3337834811725631,-35.913504692351125
6449,0,normal,0.015756359323859215,0.3329040081500568,-36.35730168777968
6450,0,normal,0.014129851013422012,0.33297556479188306,-36.79451434142743
6451,0,normal,0.012924281880259514,0.3328174654483569,-37.224865250644825
6452,0,normal,0.017339207231998444,0.3343491332671225,-37.766661163535446
6453,0,normal,0.015582229010760784,0.3332698157074333,-38.29883750438853
6454,0,normal,0.02059931308031082,0.3327586203869721,-38.92968164628678
6455,0,normal,0.018273314461112022,0.33250514943558235,-39.5477085923967
6456,0,normal,0.016518430784344673,0.33173750980429106,-40.15215821452921
6457,0,normal,0.015183518640697002,0.3314035108391787,-40.74248716826992
6458,0,normal,0.014156833291053772,0.33057955453925125,-41.31807806513734
6459,0,normal,0.013360593467950821,0.33078295965017834,-41.87829651808124
6460,0,normal,0.01271634642034769,0.33078295965017834,-42.517602943688644
6461,0,normal,0.012206938117742538,0.32861088929858473,-43.140997670242086
6462,0,normal,0.01180209033191204,0.32846111047249604,-43.74836264546707
6463,0,normal,0.011478994973003864,0.32900732204465766,-44.339625301264505
6464,0,normal,0.011220227926969528,0.3287797582298409,-44.91483230397648
6465,0,normal,0.011012411676347256,0.32616749233662745,-45.47399756183586
6466,0,normal,0.010845089331269264,0.3260827819077889,-46.01746365275358
6467,0,normal,0.008648266084492207,0.3247438888480183,-46.436062573921845
6468,0,normal,0.008726206608116627,0.3247438888480183,-46.841960769888146
6469,0,normal,0.008812053129076958,0.3253607651876153,-47.236269405689654
6470,0,normal,0.00890837237238884,0.32564386096750225,-47.61990410774433
6471,0,normal,0.009005020372569561,0.3245797834247088,-47.994047440749455
6472,0,normal,0.009095798246562481,0.3234021412427474,-48.36004921977474
6473,0,normal,0.008445912972092628,0.3203025625588729,-48.5035369090067
6474,0,normal,0.008401568047702312,0.3203025625588729,-48.64343085883229
6475,0,normal,0.008416050113737583,0.3195067890749361,-48.78133311806596
6476,0,normal,0.008466433733701706,0.31945539008453105,-48.833365983978865
6477,0,normal,0.008532099425792694,0.3188015947700531,-48.88611176377731
6478,0,normal,0.00859980657696724,0.3183692013135916,-48.86560912264713
6479,0,normal,0.008663861081004143,0.3188733429906075,-48.782816335105736
6480,0,normal,0.008722148835659027,0.3185729709532489,-48.70359966947149
6481,0,normal,0.008773242123425007,0.3185729709532489,-48.62867104650786
6482,0,normal,0.008548017591238022,0.3185729709532489,-48.37329322243022
6483,0,normal,0.008436949923634529,0.3185729709532489,-48.12535982219879
6484,0,normal,0.00837894156575203,0.3189151371818921,-47.84010648592016
6485,0,normal,0.008364713750779629,0.3189151371818921,-47.56287068464508
6486,0,normal,0.008370129391551018,0.3189151371818921,-47.29366903922437
6487,0,normal,0.008385449647903442,0.3189151371818921,-47.03232904552033
6488,0,normal,0.008404643274843693,0.31908435062202994,-46.77875982525302
6489,0,normal,0.008424469269812107,0.31908435062202994,-46.5329401219858
6490,0,normal,0.00844326801598072,0.31908435062202994,-46.294590396857984
6491,0,normal,0.008460278622806072,0.31908435062202994,-46.06345689533896
6492,0,normal,0.008777759037911892,0.31908435062202994,-45.69902732020955
6493,0,normal,0.008619465865194798,0.3193852048225567,-45.343347657109234
6494,0,normal,0.008507965132594109,0.322158192713729,-44.99631759944373
6495,0,normal,0.008445185609161854,0.32157942304539816,-44.65747239314396
6496,0,normal,0.008405066095292568,0.32157942304539816,-44.32627554523083
6497,0,normal,0.008381211198866367,0.3219471871338992,-44.047172028632076
6498,0,normal,0.008366035297513008,0.3219471871338992,-43.774982938278754
6499,0,normal,0.008356253616511822,0.3226301959008014,-43.50944905977485
6500,0,normal,0.00957554206252098,0.3224727711130132,-43.09982279818041
6501,0,normal,0.00931797455996275,0.3220465788749937,-42.698319175867255
6502,0,normal,0.009115342982113361,0.3220465788749937,-42.3046958997752
6503,0,normal,0.008984322659671307,0.3235437174489347,-41.973505979459105
6504,0,normal,0.00888692494481802,0.3241368537022643,-41.64998127504987
6505,0,normal,0.008813561871647835,0.3251644966947957,-41.33380827950168
6506,0,normal,0.008757252246141434,0.3251644966947957,-41.02482565950072
6507,0,normal,0.008713368326425552,0.3251644966947957,-40.72280081492272
6508,0,normal,0.008678636513650417,0.3251644966947957,-40.427464073619376
6509,0,normal,0.008650671690702438,0.3251644966947957,-40.138576347413164
6510,0,normal,0.008627738803625107,0.3258313409887428,-39.85570595870399
6511,0,normal,0.008608617819845676,0.32598587774800786,-39.57854340269
6512,0,normal,0.008595231920480728,0.3274469107875149,-39.37121847549156
6513,0,normal,0.010541807860136032,0.32784756415946464,-39.0089536764674
6514,0,normal,0.010288395918905735,0.32784756415946464,-38.654142777302695
6515,0,normal,0.010067845694720745,0.3289457766048889,-38.306686768337386
6516,0,normal,0.009916017763316631,0.33006977255880166,-37.96643940206263
6517,0,normal,0.009796235710382462,0.33006977255880166,-37.63317517056839
6518,0,normal,0.00970066711306572,0.33006977255880166,-37.30637926686563
6519,0,normal,0.009623171761631966,0.33006977255880166,-36.985729854078045
6520,0,normal,0.009559490717947483,0.3298191708015851,-36.67083397650504
6521,0,normal,0.009506585076451302,0.33117445385067146,-36.361227402188206
6522,0,normal,0.009467944502830505,0.331025108799225,-36.1307131141607
6523,0,normal,0.009436102584004402,0.33226491362486693,-35.904928892868384
6524,0,normal,0.009409601800143719,0.33226491362486693,-35.68372584402664
6525,0,normal,0.009387241676449776,0.3333541855108606,-35.46692979712702
6526,0,normal,0.009368015453219414,0.3333541855108606,-35.254237616195724
6527,0,normal,0.009351029992103577,0.3347013490299767,-35.04536398923233
6528,0,normal,0.009335562586784363,0.33442192204253335,-34.83988602981253
6529,0,normal,0.009321176446974277,0.3343725968212475,-34.637519260784075
6530,0,normal,0.009313579648733139,0.3343725968212475,-34.522102957416564
6531,0,normal,0.009307041764259338,0.3343725968212475,-34.409500921856306
6532,0,normal,0.009301387704908848,0.3343725968212475,-34.29964675225233
6533,0,normal,0.009296437725424767,0.3341905459351508,-34.192414321815704
6534,0,normal,0.009292066097259521,0.3341905459351508,-34.08770889427842
6535,0,normal,0.009288138709962368,0.3357285328429443,-33.98533869781363
6536,0,normal,0.009284492582082748,0.3357285328429443,-33.88504141549265
6537,0,normal,0.009280981495976448,0.3357285328429443,-33.78655239435693
6538,0,normal,0.009277398698031902,0.3357285328429443,-33.68961508957864
6539,0,normal,0.009273531846702099,0.3357285328429443,-33.593891116412806
6540,0,normal,0.009269116446375847,0.3357285328429443,-33.49905892273523
6541,0,normal,0.009263901039958,0.33639478087801344,-33.404761721179966
6542,0,normal,0.009257867000997066,0.33639478087801344,-33.31063858764105
6543,0,normal,0.009257867000997066,0.33639478087801344,-33.31063858764105
6544,0,normal,0.009257867000997066,0.33639478087801344,-33.31063858764105
6545,0,normal,0.009257867000997066,0.33639478087801344,-33.31063858764105
6546,0,normal,0.009257867000997066,0.33639478087801344,-33.31063858764105
6547,0,normal,0.009257867000997066,0.33639478087801344,-33.31063858764105
6548,0,normal,0.009257867000997066,0.33639478087801344,-33.31063858764105
6549,0,normal,0.009257867000997066,0.33639478087801344,-33.31063858764105
6550,0,normal,0.008776914328336716,0.33639478087801344,-33.47014852154075
6551,0,normal,0.00864521972835064,0.33639478087801344,-33.62755635397002
6552,0,normal,0.010019853711128235,0.33672988282950655,-33.93167993747056
6553,0,normal,0.009533826261758804,0.33672988282950655,-34.23137349644344
6554,0,normal,0.009194586426019669,0.33672988282950655,-34.526359022627275
6555,0,normal,0.01175815612077713,0.33584264644866496,-34.955476348810635
6556,0,normal,0.010958034545183182,0.33584264644866496,-35.377797273939905
6557,0,normal,0.014616210013628006,0.336097824936755,-35.92175103972431
6558,0,normal,0.013295943848788738,0.3362990606791277,-36.45658118911365
6559,0,normal,0.017760533839464188,0.33593824312024456,-37.10050201737931
6560,0,normal,0.015901148319244385,0.3352054494734854,-37.73290181409334
6561,0,normal,0.020946325734257698,0.3343401707777302,-38.462047378183115
6562,0,normal,0.018538516014814377,0.33408549511800933,-39.17700757768421
6563,0,normal,0.01671818643808365,0.33255059855342933,-39.87727610521688
6564,0,normal,0.015329677611589432,0.3314929056671547,-40.56256442457993
6565,0,normal,0.014257077127695084,0.3314929056671547,-41.23275997390647
6566,0,normal,0.01342055108398199,0.33078295965017834,-41.88750543512833
6567,0,normal,0.012763500213623047,0.32982735118617035,-42.52669679904511
6568,0,normal,0.012244265526533127,0.3290596888280281,-43.1499816418675
6569,0,normal,0.011831783689558506,0.3287768851372575,-43.75728474031007
6570,0,normal,0.011502696201205254,0.32900732204465766,-44.348610716708436
6571,0,normal,0.011239185929298401,0.3291557567528744,-44.92388212167407
6572,0,normal,0.008726888336241245,0.32616749233662745,-45.37373737258622
6573,0,normal,0.00880717858672142,0.32400790140773367,-45.809948624768595
6574,0,normal,0.008887309581041336,0.3238360769621845,-46.23328925055921
6575,0,normal,0.008974898606538773,0.3253607651876153,-46.64440468708267
6576,0,normal,0.009061895310878754,0.3253607651876153,-47.044168802902504
6577,0,normal,0.009143213741481304,0.3242250871642862,-47.433391085538005
6578,0,normal,0.008392938412725925,0.3245071947928958,-47.69336824712582
6579,0,normal,0.00836706068366766,0.3216348049368015,-47.947446053512294
6580,0,normal,0.00838995911180973,0.3195067890749361,-48.101472572712055
6581,0,normal,0.008448471315205097,0.31945539008453105,-48.25238469488954
6582,0,normal,0.008518364280462265,0.31945539008453105,-48.31607872375412
6583,0,normal,0.008590674959123135,0.31945539008453105,-48.37896448606352
6584,0,normal,0.008658775128424168,0.319961251755272,-48.44239394266515
6585,0,normal,0.008719231002032757,0.3188733429906075,-48.43253152237821
6586,0,normal,0.008771798573434353,0.3188733429906075,-48.425418581558006
6587,0,normal,0.008539603091776371,0.3185729709532489,-48.22675438778356
6588,0,normal,0.008432776667177677,0.3185729709532489,-48.03462920642255
6589,0,normal,0.008377301506698132,0.3189151371818921,-47.79484006278199
6590,0,normal,0.008364713750779629,0.3189151371818921,-47.56287068464508
6591,0,normal,0.008370129391551018,0.3189151371818921,-47.29366903922437
6592,0,normal,0.008385449647903442,0.3189151371818921,-47.03232904552033
6593,0,normal,0.008404643274843693,0.31908435062202994,-46.77875982525302
6594,0,normal,0.008424469269812107,0.31908435062202994,-46.5329401219858
6595,0,normal,0.008882786147296429,0.31908435062202994,-46.154324397083656
6596,0,normal,0.0086911516264081,0.31908435062202994,-45.78511010711418
6597,0,normal,0.008737084455788136,0.3200844185799233,-45.56538844104193
6598,0,normal,0.008691822178661823,0.32038621571182657,-45.35250908676835
6599,0,normal,0.008666795678436756,0.3211516454805483,-45.14595871634515
6600,0,normal,0.008643131703138351,0.32057468411329904,-44.94510087762819
6601,0,normal,0.010979730635881424,0.32057468411329904,-44.87911676196268
6602,0,normal,0.010537486523389816,0.3211859549132215,-44.86088460248607
6603,0,normal,0.010209242813289165,0.32158377826331475,-44.84484309109757
6604,0,normal,0.01385610830038786,0.32177524612809605,-44.95015822963137
6605,0,normal,0.01291031576693058,0.3201349416722871,-45.054772366415364
6606,0,normal,0.017516285181045532,0.3205718545312315,-45.26767024266087
6607,0,normal,0.015888117253780365,0.3205718545312315,-45.47676028688238
6608,0,normal,0.014653231017291546,0.3204466331285154,-45.736191476690465
6609,0,normal,0.01969887875020504,0.3204466331285154,-46.09061437798232
6610,0,normal,0.01769832707941532,0.3194339003721349,-46.43776672887384
6611,0,normal,0.016187913715839386,0.31950535416470033,-46.777173250160786
6612,0,normal,0.015027080662548542,0.32040102570574386,-47.10840322195577
6613,0,normal,0.020150428637862206,0.3199640355958886,-47.520641634540425
6614,0,normal,0.012805012986063957,0.32039236536982585,-47.831493790157765
6615,0,normal,0.012396370060741901,0.3220490499270836,-48.13205065094894
6616,0,normal,0.012048229575157166,0.3216811694795063,-48.421971989761914
6617,0,normal,0.011759508401155472,0.3216811694795063,-48.765731970618845
6618,0,normal,0.01152945589274168,0.32159762421378807,-49.098166242256184
6619,0,normal,0.011346121318638325,0.32342952039842926,-49.419137688375486
6620,0,normal,0.009071708656847477,0.32342952039842926,-49.62839576227452
6621,0,normal,0.009132685139775276,0.3223281366834482,-49.82813331614966
6622,0,normal,0.00921523105353117,0.32127720830547885,-50.01846556344026
6623,0,normal,0.009316843003034592,0.32170675104711405,-50.19971978101444
6624,0,normal,0.009426508098840714,0.32170675104711405,-50.37232595267733
6625,0,normal,0.009533488191664219,0.32063953250222516,-50.61196848787927
6626,0,normal,0.009633626788854599,0.32037421066145866,-50.84453551371462
6627,0,normal,0.008676397614181042,0.32037421066145866,-50.885646622581135
6628,0,normal,0.008655850775539875,0.3198664471329535,-50.923654786993666
6629,0,normal,0.008703917264938354,0.3193871962081472,-50.95973741240209
6630,0,normal,0.008792038075625896,0.31895400849521377,-50.99509830177385
6631,0,normal,0.008895086124539375,0.31895400849521377,-50.96569943126042
6632,0,normal,0.009000163525342941,0.3185822971741824,-50.93766796754085
6633,0,normal,0.008668748661875725,0.31886278739029444,-50.79186899854017
6634,0,normal,0.00854407250881195,0.3185822971741824,-50.59627183945281
6635,0,normal,0.008507726714015007,0.31744008886957975,-50.407090933900236
6636,0,normal,0.008525103330612183,0.31738902234880495,-50.17968631583926
6637,0,normal,0.008568670600652695,0.3156981269934802,-49.9598988721325
6638,0,normal,0.008622725494205952,0.3156981269934802,-49.748024869095616
6639,0,normal,0.008677760139107704,0.31681512264922024,-49.508698870919034
6640,0,normal,0.008730008266866207,0.3165260691813056,-49.27763643048684
6641,0,normal,0.008777221664786339,0.3165260691813056,-49.05480993912079
6642,0,normal,0.008818650618195534,0.3165260691813056,-48.840067202237606
6643,0,normal,0.008854299783706665,0.3165260691813056,-48.606953250855895
6644,0,normal,0.008496126160025597,0.3165260691813056,-48.27718155744469
6645,0,normal,0.008405152708292007,0.3165260691813056,-47.95671896453928
6646,0,normal,0.0083606643602252,0.3172161114241236,-47.64543163941494
6647,0,normal,0.008354493416845798,0.3172161114241236,-47.34295846724399
6648,0,normal,0.008364560082554817,0.31908435062202994,-47.04883400246399
6649,0,normal,0.008382477797567844,0.31908435062202994,-46.76250375484028
6650,0,normal,0.008403665386140347,0.31908435062202994,-46.51911892318867
6651,0,normal,0.008424565196037292,0.31908435062202994,-46.282862843096154
6652,0,normal,0.008443890139460564,0.31908435062202994,-46.05340854387077
6653,0,normal,0.008461098186671734,0.3193852048225567,-45.83039250727256
6654,0,normal,0.008476080372929573,0.3207136316117424,-45.61341566173405
6655,0,normal,0.008488934487104416,0.3207136316117424,-45.402052193753434
6656,0,normal,0.0084998719394207,0.3211516454805483,-45.19576774868983
6657,0,normal,0.008509073406457901,0.32057468411329904,-45.03924329284882
6658,0,normal,0.008516745641827583,0.32057468411329904,-44.88715864384653
6659,0,normal,0.00863002147525549,0.3213771859178359,-44.599050711273776
6660,0,normal,0.008516515605151653,0.3213771859178359,-44.31690232950086
6661,0,normal,0.00843488797545433,0.3223844400354629,-44.040576270870815
6662,0,normal,0.008392413146793842,0.3214832239186324,-43.76966936214694
6663,0,normal,0.008368497714400291,0.321058339503695,-43.55874009608419
6664,0,normal,0.00835445523262024,0.321058339503695,-43.35279736322195
6665,0,normal,0.008346201851963997,0.3207792301087229,-43.15181455544962
6666,0,normal,0.008341403678059578,0.32102376231154667,-42.95569127261638
6667,0,normal,0.008338656276464462,0.32176661036235027,-42.764158662046384
6668,0,normal,0.008337114006280899,0.32176661036235027,-42.57704852557845
6669,0,normal,0.008336246944963932,0.32176661036235027,-42.394118405606605
6670,0,normal,0.008335730992257595,0.3226321529685892,-42.21514828434374
6671,0,normal,0.00833533052355051,0.3226321529685892,-42.03990104841182
6672,0,normal,0.008334883488714695,0.32431877414470706,-41.86805761668643
6673,0,normal,0.008334323763847351,0.32431877414470706,-41.699295407823
6674,0,normal,0.008334674872457981,0.32431877414470706,-41.5978688171856
6675,0,normal,0.008334847167134285,0.32431877414470706,-41.499345730067944
6676,0,normal,0.008334849029779434,0.32431877414470706,-41.40371385661115
6677,0,normal,0.008334694430232048,0.32431877414470706,-41.310885622230444
6678,0,normal,0.008334419690072536,0.32392307096805456,-41.22079550203193
6679,0,normal,0.00833403691649437,0.32392307096805456,-41.133318847287
6680,0,normal,0.00833358708769083,0.32392307096805456,-41.04836196112251
6681,0,normal,0.00833309069275856,0.32392307096805456,-40.96573436786957
6682,0,normal,0.008332565426826477,0.32392307096805456,-40.88517503711819
6683,0,normal,0.009179176762700081,0.3250299045164433,-40.6564243046862
6684,0,normal,0.009025697596371174,0.3250299045164433,-40.43138128799046
6685,0,normal,0.008896938525140285,0.3250299045164433,-40.20993864054299
6686,0,normal,0.00881492905318737,0.3259482436010048,-39.99181882278049
6687,0,normal,0.008752389810979366,0.32654578794992073,-39.77671128169936
6688,0,normal,0.00870402529835701,0.32654578794992073,-39.564169118493055
6689,0,normal,0.00867028720676899,0.32654578794992073,-39.42840784283089
6690,0,normal,0.008643802255392075,0.32654578794992073,-39.295174696224194
6691,0,normal,0.008622776716947556,0.32654578794992073,-39.16446142545328
6692,0,normal,0.008605933748185635,0.32654578794992073,-39.03636319325415
6693,0,normal,0.008592324331402779,0.32654578794992073,-38.91089246752904
6694,0,normal,0.008581239730119705,0.32709975983338746,-38.78816575870451
6695,0,normal,0.008572139777243137,0.3285657851705367,-38.668266057035
6696,0,normal,0.008974571712315083,0.32850563796408466,-38.70092906298191
6697,0,normal,0.008786161430180073,0.32850563796408466,-38.734364232504504
6698,0,normal,0.010978681966662407,0.32945741702965897,-38.907576919774556
6699,0,normal,0.010364551097154617,0.3285893425841402,-39.07922069101073
6700,0,normal,0.00991917122155428,0.3269632967483828,-39.24900737616031
6701,0,normal,0.013210531324148178,0.32715906326892535,-39.54598728802125
6702,0,normal,0.012227717787027359,0.32715906326892535,-39.838845441940975
6703,0,normal,0.016483940184116364,0.32680805207568325,-40.246248159125116
6704,0,normal,0.014912883751094341,0.32875254440644025,-40.64696152937654
6705,0,normal,0.01983504742383957,0.3285021249879873,-41.14943383565628
6706,0,normal,0.0176679790019989,0.32774372695856663,-41.64234660588113
6707,0,normal,0.01603361964225769,0.3269928802273814,-42.124872105107215
6708,0,normal,0.021274596452713013,0.32660107838077684,-42.69596134156927
6709,0,normal,0.018931720405817032,0.32612279239470865,-43.25367409671776
6710,0,normal,0.017162948846817017,0.3273662826282433,-43.79722133833593
6711,0,normal,0.015807459130883217,0.32630109713659294,-44.326138040145
6712,0,normal,0.01475704088807106,0.32630109713659294,-44.839577622660954
6713,0,normal,0.01391670759767294,0.32666764718297014,-45.42232422571783
6714,0,normal,0.009847692213952541,0.3274558966477841,-45.88954224363761
6715,0,normal,0.00986061803996563,0.3274558966477841,-46.34272269865642
6716,0,normal,0.009864574298262596,0.32708183989510037,-46.782203966513634
6717,0,normal,0.00987929105758667,0.32400790140773367,-47.20787652466606
6718,0,normal,0.009902440942823887,0.3238360769621845,-47.62011002154259
6719,0,normal,0.009929779917001724,0.3253607651876153,-48.0190151906063
6720,0,normal,0.009958278387784958,0.3253607651876153,-48.40515769114586
6721,0,normal,0.008567865937948227,0.32429761269177637,-48.66931114365775
6722,0,normal,0.008600234985351562,0.32347448268643453,-48.92412024585019
6723,0,normal,0.008674593642354012,0.32170675104711405,-49.17094633266743
6724,0,normal,0.008776221424341202,0.32037421066145866,-49.41088234887593
6725,0,normal,0.008886802941560745,0.32037421066145866,-49.64536443526367
6726,0,normal,0.008994771167635918,0.3203025625588729,-49.79021679726202
6727,0,normal,0.009094534441828728,0.31997061861811393,-49.93210692759271
6728,0,normal,0.00918330904096365,0.31997061861811393,-49.99708409359414
6729,0,normal,0.00926034152507782,0.3180904321433425,-50.061304224529295
6730,0,normal,0.009325833059847355,0.318039261001981,-50.12606856037655
6731,0,normal,0.012486272491514683,0.3177396746524566,-50.23739978447202
6732,0,normal,0.012023957446217537,0.3177396746524566,-50.34929886040072
6733,0,normal,0.011675473302602768,0.3185729709532489,-50.40710624587928
6734,0,normal,0.016051799058914185,0.31822139903744034,-50.56671719020301
6735,0,normal,0.014905227348208427,0.31822139903744034,-50.680941547153
6736,0,normal,0.019986500963568687,0.31659687252454016,-50.885451528180056
6737,0,normal,0.017999017611145973,0.31659687252454016,-51.0879884286303
6738,0,normal,0.02334047295153141,0.31659687252454016,-51.33296196709625
6739,0,normal,0.020570846274495125,0.3173853984803792,-51.57318600389431
6740,0,normal,0.01849977672100067,0.31778716913587546,-51.807821838352766
6741,0,normal,0.016919350251555443,0.31778716913587546,-52.03635955915797
6742,0,normal,0.015703706070780754,0.31854881698628795,-52.25812306533567
6743,0,normal,0.014764283783733845,0.31804518838785845,-52.47237199275992
6744,0,normal,0.014029507525265217,0.31804518838785845,-52.71433505439677
6745,0,normal,0.013455244712531567,0.317620534563407,-52.94763317836282
6746,0,normal,0.013004273176193237,0.317620534563407,-53.171975641188055
6747,0,normal,0.012648764997720718,0.31792000857963715,-53.38668702991731
6748,0,normal,0.012367799878120422,0.31818329794278116,-53.591312235843816
6749,0,normal,0.012145478278398514,0.31818329794278116,-53.78548092171218
6750,0,normal,0.010284640826284885,0.31818329794278116,-53.88781959299831
6751,0,normal,0.010198978707194328,0.3180085733852248,-54.02675050352991
6752,0,normal,0.010177074000239372,0.3180085733852248,-54.157008424204605
6753,0,normal,0.010208610445261002,0.3176790068085439,-54.27895782037626
6754,0,normal,0.010280167683959007,0.3176790068085439,-54.393026307848686
6755,0,normal,0.00976952537894249,0.3170734173031333,-54.40890169594172
6756,0,normal,0.009558592922985554,0.31790016534164767,-54.41998898296447
6757,0,normal,0.009516469202935696,0.3176007100173338,-54.427355997638415
6758,0,normal,0.009576259180903435,0.3176007100173338,-54.43193215591168
6759,0,normal,0.009694984182715416,0.3176007100173338,-54.43481865166814
6760,0,normal,0.009838121011853218,0.3172502110727786,-54.43709171190699
6761,0,normal,0.009357623755931854,0.3172502110727786,-54.29374903958637
6762,0,normal,0.009196506813168526,0.3155600552368618,-54.15417310483235
6763,0,normal,0.00918282475322485,0.3155600552368618,-54.01955629325448
6764,0,normal,0.009248051792383194,0.3159819542317887,-53.85498313597304
6765,0,normal,0.009353624656796455,0.3159819542317887,-53.69708810361749
6766,0,normal,0.009471461176872253,0.3158095407066988,-53.520150345194
6767,0,normal,0.009587607346475124,0.315846443658094,-53.351039137741054
6768,0,normal,0.009693356230854988,0.315846443658094,-53.173085851627775
6769,0,normal,0.009786768816411495,0.315846443658094,-53.00316088572913
6770,0,normal,0.008829393424093723,0.3160199802691875,-52.73082971986719
6771,0,normal,0.008783221244812012,0.3160199802691875,-52.46856085990703
6772,0,normal,0.008811418898403645,0.3164069963236021,-52.21650360125659
6773,0,normal,0.008881134912371635,0.3164069963236021,-51.97444459985604
6774,0,normal,0.008968405425548553,0.3164069963236021,-51.742143678143975
6775,0,normal,0.009058861061930656,0.31605796772968553,-51.519181473239314
6776,0,normal,0.009144561365246773,0.31605796772968553,-51.30513868063281
6777,0,normal,0.009221860207617283,0.31605796772968553,-51.09968188222524
6778,0,normal,0.009289486333727837,0.31544486016314344,-50.902185451662035
6779,0,normal,0.008547994308173656,0.3156981269934802,-50.59182372297073
6780,0,normal,0.008491786196827888,0.3160256385656897,-50.30723029964929
6781,0,normal,0.008492744527757168,0.3160256385656897,-50.03152328664987
6782,0,normal,0.008530848659574986,0.3165260691813056,-49.76442039838639
6783,0,normal,0.008584211580455303,0.3165260691813056,-49.50546450607135
6784,0,normal,0.008642059750854969,0.3165260691813056,-49.25399307607154
6785,0,normal,0.008698576129972935,0.3165260691813056,-49.035688913757895
6786,0,normal,0.008750202134251595,0.3165260691813056,-48.82432976060113
6787,0,normal,0.00879580993205309,0.31687576809181894,-48.61956238329685
6788,0,normal,0.0088352644816041,0.31687576809181894,-48.42107836814853
6789,0,normal,0.008868942968547344,0.3185729709532489,-48.22847378610754
6790,0,normal,0.008897410705685616,0.3185729709532489,-48.04138598337204
6791,0,normal,0.008920956403017044,0.3185729709532489,-47.89522439858638
6792,0,normal,0.00842456053942442,0.3185729709532489,-47.62412908548572
6793,0,normal,0.008360087871551514,0.3185729709532489,-47.36012078004683
6794,0,normal,0.008332254365086555,0.31908435062202994,-47.103101882684086
6795,0,normal,0.008336809463799,0.31908435062202994,-46.852940241414444
6796,0,normal,0.00835378933697939,0.3193852048225567,-46.60933398717657
6797,0,normal,0.00837615318596363,0.3193852048225567,-46.37179130481263
6798,0,normal,0.008399572223424911,0.3193852048225567,-46.139960782588105
6799,0,normal,0.008421894162893295,0.3193852048225567,-45.91345061941752
6800,0,normal,0.008442539721727371,0.3207136316117424,-45.73710976629263
6801,0,normal,0.008460544049739838,0.3207136316117424,-45.565697908348056
6802,0,normal,0.00873960368335247,0.3207136316117424,-45.258819968160424
6803,0,normal,0.008592572994530201,0.3207136316117424,-44.95864576209533
6804,0,normal,0.00848896149545908,0.322158192713729,-44.66523342705432
6805,0,normal,0.00843194779008627,0.3220161764677888,-44.37832591361166
6806,0,normal,0.008396054618060589,0.3220161764677888,-44.097685456314366
6807,0,normal,0.008373580873012543,0.3223844400354629,-43.82280529930313
6808,0,normal,0.008359272964298725,0.3223844400354629,-43.55347070963103
6809,0,normal,0.008351718075573444,0.3226301959008014,-43.34432982898511
6810,0,normal,0.008347036316990852,0.3224727711130132,-43.1405147281821
6811,0,normal,0.008344102650880814,0.3220465788749937,-42.94205480043274
6812,0,normal,0.00834221113473177,0.3220465788749937,-42.748837989669255
6813,0,normal,0.008340943604707718,0.3226321529685892,-42.56088720868911
6814,0,normal,0.008340032771229744,0.3226321529685892,-42.37809518831227
6815,0,normal,0.008339319378137589,0.32365502546018204,-42.200237209902525
6816,0,normal,0.008338693529367447,0.32365502546018204,-42.027086804612736
6817,0,normal,0.008338074199855328,0.32365502546018204,-41.85832326752529
6818,0,normal,0.00833738874644041,0.32365502546018204,-41.693687231887
6819,0,normal,0.00833657756447792,0.32365502546018204,-41.53284609429829
6820,0,normal,0.009227260015904903,0.32431877414470706,-41.225284068454584
6821,0,normal,0.009059607982635498,0.32392307096805456,-40.92282941254166
6822,0,normal,0.00892520323395729,0.32392307096805456,-40.68984245035222
6823,0,normal,0.008839626796543598,0.32483828280649657,-40.46180964359178
6824,0,normal,0.008647304028272629,0.3254337923207009,-40.38852046058469
6825,0,normal,0.00855311844497919,0.3254337923207009,-40.31753431867378
6826,0,normal,0.008496908470988274,0.32654578794992073,-40.24842428827719
6827,0,normal,0.008450734429061413,0.32562576532098947,-40.18098136388289
6828,0,normal,0.010215542279183865,0.3250299045164433,-40.25429124122115
6829,0,normal,0.00980546697974205,0.3250299045164433,-40.326633332379515
6830,0,normal,0.013029191642999649,0.32401438494099455,-40.52658072149552
6831,0,normal,0.012092404067516327,0.3247583923995693,-40.72247964999565
6832,0,normal,0.01630701683461666,0.32586392683718923,-41.107520971155054
6833,0,normal,0.014773976057767868,0.32586392683718923,-41.4861586333252
6834,0,normal,0.019669802859425545,0.32586392683718923,-41.96725639611532
6835,0,normal,0.01753535494208336,0.32581098099429967,-42.43940527153973
6836,0,normal,0.022867105901241302,0.3236084183609152,-43.00164506451301
6837,0,normal,0.020135927945375443,0.3236084183609152,-43.552418942754684
6838,0,normal,0.025687627494335175,0.3236084183609152,-44.180959175610724
6839,0,normal,0.02238156646490097,0.32399113070596885,-44.79532008821525
6840,0,normal,0.01988927647471428,0.32399113070596885,-45.39485002615743
6841,0,normal,0.01798059046268463,0.3241569432387076,-45.97914641874695
6842,0,normal,0.016504105180501938,0.3245210846517164,-46.5478424905682
6843,0,normal,0.015354122966527939,0.324115333729617,-47.10052735655654
6844,0,normal,0.014452937990427017,0.3242615613718826,-47.63676209490313
6845,0,normal,0.010383903048932552,0.32288528206271483,-48.066009003861154
6846,0,normal,0.010356884449720383,0.3237544153628713,-48.48003240039952
6847,0,normal,0.010328862816095352,0.3249263436075759,-48.87886963724986
6848,0,normal,0.010321378707885742,0.32583721184534153,-49.26244856426865
6849,0,normal,0.010332024656236172,0.3247725025070449,-49.63076913211853
6850,0,normal,0.010347087867558002,0.32504146684726937,-50.06944963676119
6851,0,normal,0.008970211260020733,0.32264197985568865,-50.393924436394855
6852,0,normal,0.008960985578596592,0.32154327797484433,-50.70730031079597
6853,0,normal,0.00902201421558857,0.3200355764495117,-51.01090492384628
6854,0,normal,0.009127533994615078,0.3204634591482378,-51.2204563439368
6855,0,normal,0.009255939163267612,0.3201313484631121,-51.4224612607195
6856,0,normal,0.009389717131853104,0.3201313484631121,-51.618306797319974
6857,0,normal,0.009518331848084927,0.3198664471329535,-51.809500710640805
6858,0,normal,0.00963564682751894,0.3186692634756392,-51.92223013985631
6859,0,normal,0.009739750064909458,0.3186692634756392,-52.033152210394064
6860,0,normal,0.00982949510216713,0.31854400631090757,-52.07830575144976
6861,0,normal,0.008758888579905033,0.31854400631090757,-52.01399614626257
6862,0,normal,0.008744806051254272,0.31858214296453474,-51.89844314805487
6863,0,normal,0.008792281150817871,0.31858214296453474,-51.78815395046513
6864,0,normal,0.008873305283486843,0.3168848912390604,-51.63849431210019
6865,0,normal,0.00896763801574707,0.3166061408952096,-51.495623606242134
6866,0,normal,0.009061683900654316,0.3165353354792078,-51.32402359479556
6867,0,normal,0.009149301797151566,0.3165353354792078,-51.159827965838986
6868,0,normal,0.0092269666492939,0.3165353354792078,-50.97681417401827
6869,0,normal,0.00929443072527647,0.3157489214565066,-50.80086499230765
6870,0,normal,0.00935192871838808,0.3160256385656897,-50.63176040681515
6871,0,normal,0.008515642955899239,0.3160256385656897,-50.34886714770869
6872,0,normal,0.008475511334836483,0.3160256385656897,-50.07422103215754
6873,0,normal,0.008485568687319756,0.3165260691813056,-49.80759517345541
6874,0,normal,0.008528881706297398,0.3165260691813056,-49.548455541822705
6875,0,normal,0.008585711009800434,0.3165260691813056,-49.32257500170613
6876,0,normal,0.008645359426736832,0.3165260691813056,-49.10340246959663
6877,0,normal,0.008702297694981098,0.31687576809181894,-48.89075022079123
6878,0,normal,0.008753960020840168,0.31687576809181894,-48.684378727001786
6879,0,normal,0.008799425326287746,0.3185729709532489,-48.483842033478595
6880,0,normal,0.008838649839162827,0.3185729709532489,-48.28881381159317
6881,0,normal,0.008871851488947868,0.3185729709532489,-48.13461563525584
6882,0,normal,0.008899603970348835,0.3185729709532489,-47.98564851367519
6883,0,normal,0.008922647684812546,0.3185729709532489,-47.84180764471057
6884,0,normal,0.008941701613366604,0.3185729709532489,-47.70287113033555
6885,0,normal,0.008957428857684135,0.3185729709532489,-47.568614940494626
6886,0,normal,0.008394109085202217,0.31874200284313114,-47.30866266714315
6887,0,normal,0.008340680040419102,0.31904253425513157,-47.054958831608246
6888,0,normal,0.008319644257426262,0.3193852048225567,-46.807401932479024
6889,0,normal,0.008328435942530632,0.3193852048225567,-46.56559514749938
6890,0,normal,0.008348045870661736,0.3193852048225567,-46.3291606414914
6891,0,normal,0.008372928947210312,0.3193852048225567,-46.14285993408225
6892,0,normal,0.008397949859499931,0.3207136316117424,-45.96149948864604
6893,0,normal,0.008421252481639385,0.3207136316117424,-45.78498002818583
6894,0,normal,0.008442063815891743,0.3207136316117424,-45.61303410384676
6895,0,normal,0.008460193872451782,0.3207136316117424,-45.44549459343375
6896,0,normal,0.00847574882209301,0.3207136316117424,-45.282120271668646
6897,0,normal,0.008488968014717102,0.32114920915861167,-45.122692339699825
6898,0,normal,0.008500135503709316,0.3215878179164016,-44.96697468145976
6899,0,normal,0.008509536273777485,0.3210100729484812,-44.8146494272014
6900,0,normal,0.008632715791463852,0.3210100729484812,-44.525342968771156
6901,0,normal,0.008519534021615982,0.3213771859178359,-44.295829990167476
6902,0,normal,0.008438684977591038,0.3223844400354629,-44.07159105419646
6903,0,normal,0.008397232741117477,0.3223844400354629,-43.8526572279045
6904,0,normal,0.008372116833925247,0.3214832239186324,-43.638986538186145
6905,0,normal,0.008357255719602108,0.321058339503695,-43.43042693387383
6906,0,normal,0.008348426781594753,0.321058339503695,-43.226921027348226
6907,0,normal,0.008343208581209183,0.32102376231154667,-43.02846495701942
6908,0,normal,0.008340151980519295,0.32176661036235027,-42.83486025986463
6909,0,normal,0.008338372223079205,0.32176661036235027,-42.645941416221376
6910,0,normal,0.008337348699569702,0.32176661036235027,-42.4614576452575
6911,0,normal,0.008336727507412434,0.3226321529685892,-42.2812706022944
6912,0,normal,0.008336294442415237,0.3226321529685892,-42.105126664889895
6913,0,normal,0.00833587534725666,0.32365502546018204,-41.932741635150705
6914,0,normal,0.008335351943969727,0.32431877414470706,-41.76379736418312
6915,0,normal,0.008334674872457981,0.32431877414470706,-41.5978688171856
6916,0,normal,0.008334847167134285,0.32431877414470706,-41.499345730067944
6917,0,normal,0.008334849029779434,0.32431877414470706,-41.40371385661115
6918,0,normal,0.008334694430232048,0.32431877414470706,-41.310885622230444
6919,0,normal,0.008334419690072536,0.32392307096805456,-41.22079550203193
6920,0,normal,0.00833403691649437,0.32392307096805456,-41.133318847287
6921,0,normal,0.00833358708769083,0.32392307096805456,-41.04836196112251
6922,0,normal,0.00833309069275856,0.32392307096805456,-40.96573436786957
6923,0,normal,0.008332565426826477,0.32392307096805456,-40.88517503711819
6924,0,normal,0.008332022465765476,0.3250299045164433,-40.80642029592627
6925,0,normal,0.00833145808428526,0.3250299045164433,-40.729214691342804
6926,0,normal,0.008330845274031162,0.3250299045164433,-40.65322090423592
6927,0,normal,0.008330153301358223,0.3250299045164433,-40.578118152037405
6928,0,normal,0.008329353295266628,0.3250299045164433,-40.503550552666866
6929,0,normal,0.008328435942530632,0.3250299045164433,-40.429157763615194
6930,0,normal,0.008328435942530632,0.3250299045164433,-40.429157763615194
6931,0,normal,0.008328435942530632,0.3250299045164433,-40.429157763615194
6932,0,normal,0.008328435942530632,0.3250299045164433,-40.429157763615194
6933,0,normal,0.008328435942530632,0.3250299045164433,-40.429157763615194
6934,0,normal,0.008328435942530632,0.3250299045164433,-40.429157763615194
6935,0,normal,0.009807699359953403,0.3250299045164433,-40.56867753415895
6936,0,normal,0.009499751962721348,0.3250299045164433,-40.70610906916659
6937,0,normal,0.012570906430482864,0.32401438494099455,-40.97048996253193
6938,0,normal,0.011738885194063187,0.32401438494099455,-41.23045936108292
6939,0,normal,0.01587337628006935,0.3236667476946064,-41.604916991288974
6940,0,normal,0.014443506486713886,0.3236667476946064,-41.97270966637211
6941,0,normal,0.019296545535326004,0.3236667476946064,-42.442725297401466
6942,0,normal,0.017248129472136497,0.32342020226063395,-42.90368587321768
6943,0,normal,0.022556355223059654,0.32267353663684756,-43.45467914784081
6944,0,normal,0.01989470236003399,0.32267353663684756,-43.99415225334337
6945,0,normal,0.025432908907532692,0.32267353663684756,-44.61149877839398
6946,0,normal,0.02218216098845005,0.32399113070596885,-45.214735432864245
6947,0,normal,0.019731955602765083,0.32399113070596885,-45.8034141192727
6948,0,normal,0.01785537414252758,0.32223963278495166,-46.377215060975686
6949,0,normal,0.016403505578637123,0.3226016203889727,-46.9358759690856
6950,0,normal,0.015272374264895916,0.32219826938611235,-47.47918418253016
6951,0,normal,0.014385425485670567,0.32219826938611235,-48.00684296872896
6952,0,normal,0.013685698620975018,0.32183021848337795,-48.518567050881984
6953,0,normal,0.013130707666277885,0.3217466345074715,-49.014213040098866
6954,0,normal,0.01268858090043068,0.32114664105787283,-49.49364996399959
6955,0,normal,0.01233529020100832,0.3220469136296715,-49.95685197527905
6956,0,normal,0.009723156690597534,0.3220469136296715,-50.31359084142241
6957,0,normal,0.00973246619105339,0.32326517191276594,-50.65631491961449
6958,0,normal,0.009767136536538601,0.32264197985568865,-50.985693244518416
6959,0,normal,0.009830769151449203,0.32154327797484433,-51.30230351178966
6960,0,normal,0.009914617985486984,0.3200355764495117,-51.606929046310825
6961,0,normal,0.010007358156144619,0.3200355764495117,-51.9003987676831
6962,0,normal,0.010101386345922947,0.31970390919845687,-52.18377942113784
6963,0,normal,0.009061147458851337,0.31970390919845687,-52.35819360879009
6964,0,normal,0.009026508778333664,0.31970390919845687,-52.52732544756259
6965,0,normal,0.00907881185412407,0.3189331733434356,-52.61750489018209
6966,0,normal,0.009183375164866447,0.3189331733434356,-52.705472193187234
6967,0,normal,0.009311073459684849,0.31863274494713273,-52.72735088862419
6968,0,normal,0.009443985298275948,0.31836908367692657,-52.74966593493036
6969,0,normal,0.0095691392198205,0.3180177367677786,-52.71824759110268
6970,0,normal,0.009682241827249527,0.3180177367677786,-52.6895468358955
6971,0,normal,0.009779885411262512,0.3164972906431952,-52.61878638320604
6972,0,normal,0.009863130748271942,0.3164972906431952,-52.552386750625146
6973,0,normal,0.009932021610438824,0.3168848912390604,-52.45501675210903
6974,0,normal,0.008759807795286179,0.3168848912390604,-52.252641693002715
6975,0,normal,0.00875170063227415,0.3168848912390604,-52.03158259572274
6976,0,normal,0.00880049541592598,0.3166061408952096,-51.81826902393027
6977,0,normal,0.008881465531885624,0.3166061408952096,-51.61269192681357
6978,0,normal,0.008974439464509487,0.3166061408952096,-51.41464653007051
6979,0,normal,0.009067390114068985,0.3165353354792078,-51.22387027292666
6980,0,normal,0.009153774939477444,0.3165353354792078,-51.04015981527664
6981,0,normal,0.00923074595630169,0.3165353354792078,-50.86326857829704
6982,0,normal,0.009297507815063,0.31607648572391145,-50.69279250564091
6983,0,normal,0.009354425594210625,0.3160256385656897,-50.5283885488775
6984,0,normal,0.009402398951351643,0.3160256385656897,-50.36962716063567
6985,0,normal,0.009442567825317383,0.3160256385656897,-50.21608197293813
6986,0,normal,0.01270565390586853,0.3165260691813056,-50.203609107070406
6987,0,normal,0.012193628586828709,0.3165260691813056,-50.193676052059345
6988,0,normal,0.011806132271885872,0.3165260691813056,-50.18583998932877
6989,0,normal,0.016231589019298553,0.31687576809181894,-50.279746184924534
6990,0,normal,0.015041987411677837,0.31687576809181894,-50.37296730081812
6991,0,normal,0.014142157509922981,0.31864423216552756,-50.46499559500171
6992,0,normal,0.019105911254882812,0.31864423216552756,-50.64555648510236
6993,0,normal,0.017322897911071777,0.31770628301675286,-50.85767515578618
6994,0,normal,0.02260434627532959,0.31849757210465257,-51.145999329986125
6995,0,normal,0.02000865899026394,0.31854881698628795,-51.427612916193766
6996,0,normal,0.018068917095661163,0.31854881698628795,-51.701945621145796
6997,0,normal,0.02317208983004093,0.31854881698628795,-52.0397512364716
6998,0,normal,0.020394375547766685,0.31804518838785845,-52.36738872787441
6999,0,normal,0.01835082657635212,0.31641302867941346,-52.68431055520318
7000,0,normal,0.016810735687613487,0.3167113641778296,-52.989908506034226
7001,0,normal,0.015641141682863235,0.3177693492696935,-53.28359897963878
7002,0,normal,0.014749003574252129,0.3177693492696935,-53.564971769096246
7003,0,normal,0.014064308255910873,0.3177693492696935,-53.8333451109695
7004,0,normal,0.011347895488142967,0.31803251386247805,-54.062783830342596
7005,0,normal,0.011189212091267109,0.31803251386247805,-54.280842213396454
7006,0,normal,0.011065810918807983,0.31967302739401066,-54.48765016108359
7007,0,normal,0.01099235936999321,0.31949748477868406,-54.68343000971208
7008,0,normal,0.010967168025672436,0.3176790068085439,-54.86823550388772
7009,0,normal,0.010976685211062431,0.3176790068085439,-55.04234599036545
7010,0,normal,0.010437206365168095,0.3176790068085439,-55.12516983734281
7011,0,normal,0.01016886904835701,0.3170734173031333,-55.20026028012717
7012,0,normal,0.010070527903735638,0.31736033324557766,-55.268698637475154
7013,0,normal,0.010085368528962135,0.31736033324557766,-55.331281354773864
7014,0,normal,0.010174733586609364,0.31736033324557766,-55.388995705488924
7015,0,normal,0.010020358487963676,0.31701009957689286,-55.352261347866715
7016,0,normal,0.009723130613565445,0.3179459934164095,-55.26929556638311
7017,0,normal,0.00964053813368082,0.31625213078835335,-55.18716006148247
7018,0,normal,0.009680111892521381,0.31538028798595974,-55.10697995004148
7019,0,normal,0.009785516187548637,0.3155600552368618,-54.99375115773796
7020,0,normal,0.009918359108269215,0.3153627762794246,-54.884441301460356
7021,0,normal,0.01005446258932352,0.3153627762794246,-54.780163720931796
7022,0,normal,0.009352539665997028,0.31519070060480997,-54.554819635466174
7023,0,normal,0.009225928224623203,0.3148871768694323,-54.33813065161553
7024,0,normal,0.009227675385773182,0.3153081762362149,-54.113890189433505
7025,0,normal,0.009297351352870464,0.3153081762362149,-53.89930742582192
7026,0,normal,0.009400254115462303,0.3153081762362149,-53.69479702036642
7027,0,normal,0.0095124626532197,0.315846443658094,-53.49268906462794
7028,0,normal,0.0096214534714818,0.315846443658094,-53.30034193145866
7029,0,normal,0.009720830246806145,0.315846443658094,-53.1175717723529
7030,0,normal,0.009808043949306011,0.3160199802691875,-52.94385785290319
7031,0,normal,0.009882714599370956,0.3160199802691875,-52.77897074831208
7032,0,normal,0.013313442468643188,0.3164069963236021,-52.72271791575463
7033,0,normal,0.012807163409888744,0.3164069963236021,-52.67209947222568
7034,0,normal,0.017469942569732666,0.3164069963236021,-52.724461279889965
7035,0,normal,0.01609819382429123,0.31612866636385817,-52.77937269339532
7036,0,normal,0.021252749487757683,0.31612866636385817,-52.91693559327314
7037,0,normal,0.018998347222805023,0.31612866636385817,-53.053837888172666
7038,0,normal,0.017308561131358147,0.31630125411287874,-53.189210070855324
7039,0,normal,0.02235293947160244,0.3166061408952096,-53.393564168752164
7040,0,normal,0.027348944917321205,0.3166061408952096,-53.671631478672
7041,0,normal,0.023427285254001617,0.3153081341505532,-53.94214364764389
7042,0,normal,0.02058367058634758,0.3153081341505532,-54.204310152557355
7043,0,normal,0.018484871834516525,0.3163614317047495,-54.457285105609344
7044,0,normal,0.016931762918829918,0.3163614317047495,-54.700458427080775
7045,0,normal,0.015775298699736595,0.3163614317047495,-54.95946822714973
7046,0,normal,0.014910595491528511,0.31662343031329576,-55.20744250008647
7047,0,normal,0.014257658272981644,0.31662343031329576,-55.44394067670282
7048,0,normal,0.013758908957242966,0.3169732367886674,-55.66832209370568
7049,0,normal,0.013373368419706821,0.3167991767141343,-55.88018066841437
7050,0,normal,0.013072007335722446,0.3175584566202831,-56.078983317134316
7051,0,normal,0.01283423975110054,0.31722935651983497,-56.26429353013282
7052,0,normal,0.012643901631236076,0.31722935651983497,-56.471925206237756
7053,0,normal,0.012494849972426891,0.3163874939557351,-56.66598354206599
7054,0,normal,0.012238608673214912,0.3170813842176065,-56.78490079434641
7055,0,normal,0.011782520450651646,0.3170813842176065,-56.89302877417981
7056,0,normal,0.011493622325360775,0.3170813842176065,-56.99108600954219
7057,0,normal,0.01134689524769783,0.3170813842176065,-57.079807086002575
7058,0,normal,0.011317100375890732,0.3167314583925026,-57.1601639438104
7059,0,normal,0.011726773343980312,0.3167314583925026,-57.161564024546124
7060,0,normal,0.011166057549417019,0.3151030793509823,-57.15877028843988
7061,0,normal,0.010906589217483997,0.3173042455804304,-57.15330795090608
7062,0,normal,0.01083372626453638,0.31710587620598113,-57.11037485360157
7063,0,normal,0.010876061394810677,0.3156281101060602,-57.06743687595713
7064,0,normal,0.01097234059125185,0.31545588965374616,-56.998918873025104
7065,0,normal,0.011085123755037785,0.31515211054544484,-56.93248616489632
7066,0,normal,0.010647837072610855,0.314436417411468,-56.770943709386984
7067,0,normal,0.010378478094935417,0.3146720853174049,-56.61523728238922
7068,0,normal,0.010299787856638432,0.3146720853174049,-56.466438217293444
7069,0,normal,0.010329299606382847,0.31459339141874065,-56.31737491491617
7070,0,normal,0.010419628582894802,0.31459339141874065,-56.17772160019649
7071,0,normal,0.010532291606068611,0.31459339141874065,-56.04593440523399
7072,0,normal,0.010646532289683819,0.31459339141874065,-55.92204000170841
7073,0,normal,0.009860062040388584,0.31459339141874065,-55.715317210887406
7074,0,normal,0.009713939391076565,0.31477271013738495,-55.51844843393246
7075,0,normal,0.009708126075565815,0.31480842918019186,-55.33175055813513
7076,0,normal,0.009777446277439594,0.31480842918019186,-55.1550890631554
7077,0,normal,0.009885941632091999,0.31480842918019186,-54.988292381326346
7078,0,normal,0.010006685741245747,0.31480842918019186,-54.831041526008676
7079,0,normal,0.010124456137418747,0.31480842918019186,-54.683075971033304
7080,0,normal,0.010231640189886093,0.31480842918019186,-54.54410639321554
7081,0,normal,0.010325226932764053,0.31480842918019186,-54.41356555923858
7082,0,normal,0.009209973737597466,0.3154265187368174,-54.19051953691701
7083,0,normal,0.009166487492620945,0.3161080157729589,-53.97696569248387
7084,0,normal,0.00920966174453497,0.3161080157729589,-53.7710919230467
7085,0,normal,0.009299528785049915,0.315846443658094,-53.574264693582336
7086,0,normal,0.009410709142684937,0.315846443658094,-53.386132701491306
7087,0,normal,0.009525459259748459,0.315846443658094,-53.206210268733685
7088,0,normal,0.009633962996304035,0.3160199802691875,-53.033962257154826
7089,0,normal,0.009732373058795929,0.3160199802691875,-52.87665496012596
7090,0,normal,0.009817899204790592,0.3164069963236021,-52.72646874141901
7091,0,normal,0.00989063922315836,0.3164069963236021,-52.58316470571526
7092,0,normal,0.009951596148312092,0.3164069963236021,-52.44636153766396
7093,0,normal,0.00875013880431652,0.31612866636385817,-52.20545269142576
7094,0,normal,0.008745407685637474,0.31630125411287874,-51.97248091786787
7095,0,normal,0.008795608766376972,0.3166061408952096,-51.74717001195586
7096,0,normal,0.008877735584974289,0.3166061408952096,-51.545961457756675
7097,0,normal,0.00897139124572277,0.3166061408952096,-51.35176675641446
7098,0,normal,0.00906481221318245,0.3165353354792078,-51.16432866581931
7099,0,normal,0.009151628240942955,0.3165353354792078,-50.98337102190749
7100,0,normal,0.009229062125086784,0.3165353354792078,-50.80858189983246
7101,0,normal,0.009296340867877007,0.31607648572391145,-50.639538779252234
7102,0,normal,0.009353812783956528,0.3160256385656897,-50.475859253062254
7103,0,normal,0.009402291849255562,0.3160256385656897,-50.34345800140636
7104,0,normal,0.009442567825317383,0.3160256385656897,-50.21608197293813
7105,0,normal,0.008477194234728813,0.3165260691813056,-49.9734101856759
7106,0,normal,0.008457614108920097,0.3165260691813056,-49.73749169317739
7107,0,normal,0.008479462936520576,0.3165260691813056,-49.508340850326476
7108,0,normal,0.008529547601938248,0.31687576809181894,-49.28560286279594
7109,0,normal,0.008589424192905426,0.31687576809181894,-49.06908418006924
7110,0,normal,0.008650492876768112,0.3185729709532489,-48.85833504030575
7111,0,normal,0.00870791357010603,0.3185729709532489,-48.65297975049043
7112,0,normal,0.008759645745158195,0.3185729709532489,-48.48849160621876
7113,0,normal,0.008804584853351116,0.3185729709532489,-48.329099857006895
7114,0,normal,0.008842903189361095,0.3185729709532489,-48.174807949576916
7115,0,normal,0.008875193074345589,0.3185729709532489,-48.02544080242001
7116,0,normal,0.008902173489332199,0.3185729709532489,-47.880857081260274
7117,0,normal,0.008924643509089947,0.3185729709532489,-47.74087872541031
7118,0,normal,0.008943317458033562,0.3185729709532489,-47.605289261834514
7119,0,normal,0.0089588463306427,0.3188733429906075,-47.47379147920515
7120,0,normal,0.008971787989139557,0.31904253425513157,-47.346002060942965
7121,0,normal,0.008982623927295208,0.31904253425513157,-47.22164609160518
7122,0,normal,0.008991681970655918,0.31904253425513157,-47.10035370173159
7123,0,normal,0.00899834930896759,0.31904253425513157,-47.02705377074676
7124,0,normal,0.009003670886158943,0.31904253425513157,-46.956480554284326
7125,0,normal,0.009007872082293034,0.31904253425513157,-46.88851096944154
7126,0,normal,0.009011158719658852,0.3203695357661429,-46.8230524265723
7127,0,normal,0.009013728238642216,0.3203695357661429,-46.75991589821547
7128,0,normal,0.009015732444822788,0.3203695357661429,-46.69884185664796
7129,0,normal,0.011948388069868088,0.3203695357661429,-46.759328490951475
7130,0,normal,0.011447123251855373,0.3203695357661429,-46.81927564696002
7131,0,normal,0.01107141375541687,0.32080464597888747,-46.878117893947774
7132,0,normal,0.015215698629617691,0.32080464597888747,-47.04520524723898
7133,0,normal,0.014124670065939426,0.32080464597888747,-47.20837010445621
7134,0,normal,0.01908114366233349,0.32080464597888747,-47.466918867592085
7135,0,normal,0.01721843145787716,0.32080464597888747,-47.77371856137961
7136,0,normal,0.022570084780454636,0.32080464597888747,-48.16350023118798
7137,0,normal,0.019968699663877487,0.31993188669924805,-48.544254207968834
7138,0,normal,0.02543177828192711,0.31993188669924805,-48.9959719884082
7139,0,normal,0.022159049287438393,0.31993188669924805,-49.43616844510484
7140,0,normal,0.027499156072735786,0.3207287189444666,-49.935315641018406
7141,0,normal,0.023661868646740913,0.3207803228079772,-50.42027144812255
7142,0,normal,0.02082374505698681,0.3191341268041859,-50.89063641058897
7143,0,normal,0.018686864525079727,0.3191341268041859,-51.34609060165212
7144,0,normal,0.01706848293542862,0.31995162833632385,-51.786474919878174
7145,0,normal,0.015837552025914192,0.319524429033919,-52.21143335516331
7146,0,normal,0.014895807951688766,0.319524429033919,-52.62075993496205
7147,0,normal,0.014170399866998196,0.319524429033919,-53.014245220887915
7148,0,normal,0.01360780093818903,0.3197890471175846,-53.391724018046716
7149,0,normal,0.013168783858418465,0.3197890471175846,-53.75312408797981
7150,0,normal,0.011270714923739433,0.31846445004653334,-54.02711927883888
7151,0,normal,0.011055003851652145,0.3182895710994246,-54.28711754770529
7152,0,normal,0.010905980132520199,0.3199314106144878,-54.53359684796055
7153,0,normal,0.010828014463186264,0.31959985131516927,-54.7670447382136
7154,0,normal,0.01081413496285677,0.31811046287663225,-54.988028167759694
7155,0,normal,0.010845593176782131,0.31776881190869777,-55.197280936619336
7156,0,normal,0.010906732641160488,0.31838259130484753,-55.39576202722219
7157,0,normal,0.010985272005200386,0.31765956192649347,-55.58459104242388
7158,0,normal,0.010444963350892067,0.31736033324557766,-55.68409072197278
7159,0,normal,0.010217465460300446,0.31736033324557766,-55.7229468713806
7160,0,normal,0.010155894793570042,0.31701009957689286,-55.75823273666674
7161,0,normal,0.010197799652814865,0.31613616720871174,-55.79139307039827
7162,0,normal,0.010300327092409134,0.31538028798595974,-55.77809127799901
7163,0,normal,0.01042944099754095,0.31518312141377297,-55.76522958867167
7164,0,normal,0.010560115799307823,0.31518312141377297,-55.717977013908694
7165,0,normal,0.00984573271125555,0.3153627762794246,-55.58257287152219
7166,0,normal,0.00969186145812273,0.31519070060480997,-55.42632331756545
7167,0,normal,0.009683092124760151,0.3148871768694323,-55.276678574093694
7168,0,normal,0.009753008373081684,0.3148871768694323,-55.11716234564619
7169,0,normal,0.009864087216556072,0.3148871768694323,-54.96521839744878
7170,0,normal,0.009987879544496536,0.3148871768694323,-54.81328581429466
7171,0,normal,0.010109025985002518,0.3148871768694323,-54.66901106398632
7172,0,normal,0.010219575837254524,0.3148871768694323,-54.53233946096884
7173,0,normal,0.010316235944628716,0.31508415830996894,-54.40294815400512
7174,0,normal,0.010398409329354763,0.3155054210379419,-54.2807562410087
7175,0,normal,0.01046690158545971,0.3161080157729589,-54.16551856736487
7176,0,normal,0.00916896853595972,0.3161080157729589,-53.95645788053798
7177,0,normal,0.009154400788247585,0.315846443658094,-53.755854581315134
7178,0,normal,0.009212232194840908,0.315846443658094,-53.56350554564847
7179,0,normal,0.009308881126344204,0.315846443658094,-53.379048519510434
7180,0,normal,0.00942310132086277,0.3160199802691875,-53.20964193233999
7181,0,normal,0.009538378566503525,0.3160199802691875,-53.04747281638561
7182,0,normal,0.009646011516451836,0.3164069963236021,-52.892339730945196
7183,0,normal,0.009742021560668945,0.3164069963236021,-52.743998198417785
7184,0,normal,0.009825176559388638,0.3164069963236021,-52.60204639099766
7185,0,normal,0.009895812720060349,0.31612866636385817,-52.46614341708232
7186,0,normal,0.009955039247870445,0.31630125411287874,-52.335861893251604
7187,0,normal,0.010004286654293537,0.3166061408952096,-52.21077756843283
7188,0,normal,0.01004539430141449,0.3166061408952096,-52.107348657462126
7189,0,normal,0.0100789126008749,0.3166061408952096,-52.008532814364344
7190,0,normal,0.01370677724480629,0.3166061408952096,-52.01438098560311
7191,0,normal,0.013101748190820217,0.3166061408952096,-52.02216117680382
7192,0,normal,0.01264248602092266,0.3166061408952096,-52.03140778257739
7193,0,normal,0.017262687906622887,0.3166061408952096,-52.13213268974732
7194,0,normal,0.015925690531730652,0.3166061408952096,-52.231385955396036
7195,0,normal,0.021055452525615692,0.31693459445926225,-52.43573690235894
7196,0,normal,0.018841704353690147,0.31693459445926225,-52.63598477556047
7197,0,normal,0.01718485914170742,0.31693459445926225,-52.831672069767365
7198,0,normal,0.022207625210285187,0.31693459445926225,-53.093822358496936
7199,0,normal,0.01967208832502365,0.31693459445926225,-53.348797664965105
7200,0,normal,0.024566737934947014,0.3153081341505532,-53.657808721337915
7201,0,normal,0.021366646513342857,0.3153081341505532,-53.95666418676228
7202,0,normal,0.019056621938943863,0.31671094872330574,-54.24447866706578
7203,0,normal,0.017354151234030724,0.31671094872330574,-54.52091542710855
7204,0,normal,0.016091950237751007,0.3174700171713905,-54.78524315392406
7205,0,normal,0.012560086324810982,0.31773293386861834,-54.975212279513926
7206,0,normal,0.01230457704514265,0.31773293386861834,-55.19007736868525
7207,0,normal,0.01206880435347557,0.31773293386861834,-55.393860224176706
7208,0,normal,0.011883478611707687,0.3175584566202831,-55.5866956883292
7209,0,normal,0.011755332350730896,0.31722935651983497,-55.76835181395768
7210,0,normal,0.011674265377223492,0.31722935651983497,-55.93883281670719
7211,0,normal,0.011367331258952618,0.31722935651983497,-56.0267145743353
7212,0,normal,0.010964973829686642,0.31662462417995973,-56.10565047085197
7213,0,normal,0.010749951004981995,0.3193326023496346,-56.17634418780517
7214,0,normal,0.010672447271645069,0.3193326023496346,-56.23922969924183
7215,0,normal,0.010696270503103733,0.3178444593357054,-56.29499778894183
7216,0,normal,0.010780366137623787,0.3174936913933925,-56.34436881988586
7217,0,normal,0.010894685052335262,0.3174936913933925,-56.38833490014849
7218,0,normal,0.010624213144183159,0.31625213078835335,-56.34700951915943
7219,0,normal,0.010336533188819885,0.31538028798595974,-56.304651715190175
7220,0,normal,0.010247800499200821,0.31538028798595974,-56.22649001196601
7221,0,normal,0.010275608859956264,0.3151473598573397,-56.1497736358117
7222,0,normal,0.010370779782533646,0.3151473598573397,-56.07578011240844
7223,0,normal,0.010491753928363323,0.31497540172331306,-55.978968663081105
7224,0,normal,0.01061549037694931,0.3146720853174049,-55.886822484402956
7225,0,normal,0.009872199036180973,0.3146720853174049,-55.692296712078814
7226,0,normal,0.009715269319713116,0.3148871768694323,-55.505788576864234
7227,0,normal,0.00970432162284851,0.3148871768694323,-55.32819073085375
7228,0,normal,0.009772326797246933,0.3148871768694323,-55.15217431590372
7229,0,normal,0.009880762547254562,0.31480842918019186,-54.98557624280306
7230,0,normal,0.010002033784985542,0.31480842918019186,-54.829857791025006
7231,0,normal,0.01012044120579958,0.31480842918019186,-54.68309463585729
7232,0,normal,0.010228365659713745,0.31480842918019186,-54.54501296780336
7233,0,normal,0.010322706773877144,0.31480842918019186,-54.41501150145564
7234,0,normal,0.01040295884013176,0.3155054210379419,-54.292659369822786
7235,0,normal,0.010471094399690628,0.3161080157729589,-54.17588626789575
7236,0,normal,0.010526876896619797,0.3161080157729589,-54.06610274753302
7237,0,normal,0.01057199202477932,0.315846443658094,-53.96299961564159
7238,0,normal,0.010608125478029251,0.315846443658094,-53.866179982985614
7239,0,normal,0.014330195263028145,0.315846443658094,-53.86583026918379
7240,0,normal,0.01368924044072628,0.3160199802691875,-53.868699589270136
7241,0,normal,0.01843344233930111,0.3160199802691875,-53.962603569590556
7242,0,normal,0.016877973452210426,0.3164069963236021,-54.056791260110685
7243,0,normal,0.021917276084423065,0.3164069963236021,-54.221909727364846
7244,0,normal,0.01947765238583088,0.3164069963236021,-54.384335057960925
7245,0,normal,0.024401109665632248,0.31450634195599986,-54.605076553363915
7246,0,normal,0.021250568330287933,0.3146780440108473,-54.819854184353744
7247,0,normal,0.025814704596996307,0.3164561042148374,-55.08023157852108
7248,0,normal,0.02219807356595993,0.31603357213501865,-55.34808664891034
7249,0,normal,0.019648732617497444,0.31603357213501865,-55.605921938186384
7250,0,normal,0.017818791791796684,0.31603357213501865,-55.85321029873262
7251,0,normal,0.021343538537621498,0.316295299222632,-56.13265335484857
7252,0,normal,0.018968315795063972,0.31631179982034935,-56.398440981528665
7253,0,normal,0.017370829358696938,0.3164708621304398,-56.649783375372635
7254,0,normal,0.014415089972317219,0.31629707792579187,-56.842679528823055
7255,0,normal,0.013967492617666721,0.31631127843424495,-57.048384101066176
7256,0,normal,0.01351303979754448,0.31631127843424495,-57.24060237276262
7257,0,normal,0.013113675639033318,0.31631127843424495,-57.41916337565908
7258,0,normal,0.012799002230167389,0.3162577314510504,-57.583991808536666
7259,0,normal,0.012566674500703812,0.3162577314510504,-57.73500018467121
7260,0,normal,0.013430800288915634,0.3162577314510504,-57.81968028738902
7261,0,normal,0.012639114633202553,0.3161637343714753,-57.893012670955386
7262,0,normal,0.01213881280273199,0.3161842673585879,-57.95557602878239
7263,0,normal,0.011874509043991566,0.3161842673585879,-58.00799030766143
7264,0,normal,0.011794022284448147,0.31531261164186747,-58.05094613955907
7265,0,normal,0.011825712397694588,0.3152961631674101,-58.08541882490772
7266,0,normal,0.011913059279322624,0.31490494232033933,-58.1125991726999
7267,0,normal,0.012335117906332016,0.31490494232033933,-58.07170221752904
7268,0,normal,0.011808427050709724,0.3148908049480727,-58.02813674279014
7269,0,normal,0.01156054437160492,0.3144287092279243,-57.95693532375549
7270,0,normal,0.011480255983769894,0.31376455020155947,-57.88608271354815
7271,0,normal,0.01150558516383171,0.31370551652892453,-57.799834443791724
7272,0,normal,0.011542853899300098,0.31370551652892453,-57.64467015709329
7273,0,normal,0.01108981017023325,0.31370551652892453,-57.48752138228565
7274,0,normal,0.010906267911195755,0.3156789828756836,-57.337321146006616
7275,0,normal,0.01088122371584177,0.31565848270171454,-57.19621901538176
7276,0,normal,0.010942578315734863,0.3144499817348358,-57.06338540142883
7277,0,normal,0.011044517159461975,0.3144499817348358,-56.94960862969583
7278,0,normal,0.011151779443025589,0.3144499817348358,-56.84444943654648
7279,0,normal,0.011250410228967667,0.3137358830968249,-56.7481228742281
7280,0,normal,0.010474082082509995,0.31397102595716964,-56.579446117826365
7281,0,normal,0.010301325470209122,0.31397102595716964,-56.4411570242421
7282,0,normal,0.010274871252477169,0.31426088100201766,-56.31327962120963
7283,0,normal,0.010328829288482666,0.3146228217132092,-56.19545606404995
7284,0,normal,0.010425768792629242,0.3146228217132092,-56.067708676145
7285,0,normal,0.010539080947637558,0.3146228217132092,-55.9493166251325
7286,0,normal,0.0106511814519763,0.3146228217132092,-55.83999874189976
7287,0,normal,0.010753096081316471,0.31477271013738495,-55.739353261176575
7288,0,normal,0.014072302728891373,0.31480842918019186,-55.72804313668098
7289,0,normal,0.01359844021499157,0.31480842918019186,-55.722548115558766
7290,0,normal,0.0132297920063138,0.31480842918019186,-55.71144110562045
7291,0,normal,0.017533380538225174,0.31480842918019186,-55.77655562094151
7292,0,normal,0.016229892149567604,0.31480842918019186,-55.84414724478415
7293,0,normal,0.020862728357315063,0.31330059382333975,-55.9755878724809
7294,0,normal,0.018669329583644867,0.31330059382333975,-56.106402874562264
7295,0,normal,0.017076212912797928,0.3149643690785669,-56.23556225842731
7296,0,normal,0.02129441685974598,0.31504315577536096,-56.41511364050211
7297,0,normal,0.018929649144411087,0.31564486761393684,-56.58826263016795
7298,0,normal,0.017275070771574974,0.31564486761393684,-56.75595285745612
7299,0,normal,0.020906435325741768,0.31564486761393684,-56.96087516659804
7300,0,normal,0.01863117329776287,0.31564486761393684,-57.15696041904994
7301,0,normal,0.0170940812677145,0.31566133427972304,-57.34356465308815
7302,0,normal,0.016001984477043152,0.31582006949309555,-57.52758234648718
7303,0,normal,0.01519144419580698,0.31582006949309555,-57.70094836216026
7304,0,normal,0.013970146887004375,0.31583424858572556,-57.81987380543069
7305,0,normal,0.01345468033105135,0.3152321757313867,-57.92916517112917
7306,0,normal,0.01298597827553749,0.31578078235687335,-58.02870713648554
7307,0,normal,0.012618142180144787,0.31578078235687335,-58.11804765479246
7308,0,normal,0.01237158477306366,0.3159531801815875,-58.19688391497834
7309,0,normal,0.01351670827716589,0.3162577314510504,-58.212121187815
7310,0,normal,0.012649080716073513,0.3162577314510504,-58.235475978193335
7311,0,normal,0.012130912393331528,0.3161842673585879,-58.25065752352066
7312,0,normal,0.011875199154019356,0.31531261164186747,-58.257995886967365
7313,0,normal,0.011810357682406902,0.31531261164186747,-58.258156929229926
7314,0,normal,0.011854054406285286,0.3150632971702463,-58.251894770293575
7315,0,normal,0.012501219287514687,0.31490494232033933,-58.17804557611362
7316,0,normal,0.011898292228579521,0.3147331164598857,-58.10187647472662
7317,0,normal,0.011611784808337688,0.31441591731925317,-58.02477016092712
7318,0,normal,0.011520249769091606,0.3141259192783741,-57.930766757949186
7319,0,normal,0.011541325598955154,0.31370551652892453,-57.83804425545486
7320,0,normal,0.011607788503170013,0.31370551652892453,-57.676158185706754
7321,0,normal,0.011137225665152073,0.31370551652892453,-57.512058730296076
7322,0,normal,0.010946203954517841,0.31559006547583174,-57.35473234234655
7323,0,normal,0.010917621664702892,0.31561958900942033,-57.20641891699984
7324,0,normal,0.010975823737680912,0.31418746169614326,-57.0662091526558
7325,0,normal,0.011069480329751968,0.3144499817348358,-56.934712602119134
7326,0,normal,0.011174389161169529,0.3144499817348358,-56.823021707072485
7327,0,normal,0.011269938200712204,0.3137358830968249,-56.720727842747465
7328,0,normal,0.010456576943397522,0.31397102595716964,-56.54677646756318
7329,0,normal,0.010291365906596184,0.31397102595716964,-56.40393192481906
7330,0,normal,0.010270063765347004,0.31397102595716964,-56.27234081262304
7331,0,normal,0.010327499359846115,0.31426088100201766,-56.151754227463016
7332,0,normal,0.010428370907902718,0.3146228217132092,-56.04169676441893
7333,0,normal,0.010543297976255417,0.3146228217132092,-55.94143563618286
7334,0,normal,0.010654691606760025,0.3146228217132092,-55.83091762389722
7335,0,normal,0.010755795985460281,0.31480215720716676,-55.72938549488936
7336,0,normal,0.010842976160347462,0.31480842918019186,-55.6365136127672
7337,0,normal,0.010915539227426052,0.31480842918019186,-55.55185837816953
7338,0,normal,0.009723372757434845,0.31480842918019186,-55.38399185164781
7339,0,normal,0.009657889604568481,0.31480842918019186,-55.21465599839689
7340,0,normal,0.009691298939287663,0.31480842918019186,-55.054488930871
7341,0,normal,0.009778344072401524,0.31480842918019186,-54.90315419618332
7342,0,normal,0.009892882779240608,0.31480842918019186,-54.76023838679953
7343,0,normal,0.010013965889811516,0.31500536135916934,-54.62499237650377
7344,0,normal,0.010129698552191257,0.31508415830996894,-54.49695408191428
7345,0,normal,0.010235254652798176,0.3156859484607063,-54.37413761869175
7346,0,normal,0.010327089577913284,0.3156859484607063,-54.25774863893639
7347,0,normal,0.010405023582279682,0.3161080157729589,-54.14750550168219
7348,0,normal,0.010470039211213589,0.3161080157729589,-54.04295343339527
7349,0,normal,0.010523587465286255,0.3161080157729589,-53.94376582703194
7350,0,normal,0.010568376630544662,0.315846443658094,-53.85721593093854
7351,0,normal,0.01060423906892538,0.315846443658094,-53.77552350797487
7352,0,normal,0.010632723569869995,0.315846443658094,-53.69846845942948
7353,0,normal,0.010655181482434273,0.3160199802691875,-53.625737319201335
7354,0,normal,0.009112058207392693,0.3160199802691875,-53.45665184010136
7355,0,normal,0.011078237555921078,0.3164069963236021,-53.393806560204894
7356,0,normal,0.00912333745509386,0.31657973602449013,-53.23409834927111
7357,0,normal,0.009195941500365734,0.3168848912390604,-53.079410534513954
7358,0,normal,0.009296347387135029,0.3166061408952096,-52.946513813508545
7359,0,normal,0.009408663026988506,0.3166061408952096,-52.81838125099057
7360,0,normal,0.00952229741960764,0.3166061408952096,-52.69502526064866
7361,0,normal,0.009629110805690289,0.3166061408952096,-52.57612716461654
7362,0,normal,0.009725003503262997,0.3166061408952096,-52.461398454507616
7363,0,normal,0.009808639995753765,0.3166061408952096,-52.35078076803438
7364,0,normal,0.009880204685032368,0.3166061408952096,-52.243852810849376
7365,0,normal,0.009940728545188904,0.3166061408952096,-52.140497512306865
7366,0,normal,0.009991544298827648,0.3166061408952096,-52.04034362482025
7367,0,normal,0.010034056380391121,0.3166061408952096,-51.94310592980719
7368,0,normal,0.010069595649838448,0.3166061408952096,-51.87492406118463
7369,0,normal,0.010098806582391262,0.3166061408952096,-51.80949566468257
7370,0,normal,0.01012269128113985,0.3166061408952096,-51.74700286363759
7371,0,normal,0.010142090730369091,0.3166061408952096,-51.68729203584735
7372,0,normal,0.010157722979784012,0.3166061408952096,-51.63036908817958
7373,0,normal,0.010170180350542068,0.31693459445926225,-51.576244529055884
7374,0,normal,0.010179959237575531,0.3166061408952096,-51.52477588920556
7375,0,normal,0.010187494568526745,0.31693459445926225,-51.475929544198834
7376,0,normal,0.010193157941102982,0.31693459445926225,-51.42948803768377
7377,0,normal,0.010197301395237446,0.31693459445926225,-51.38528955119318
7378,0,normal,0.01020023226737976,0.31693459445926225,-51.343143410468656
7379,0,normal,0.010202248580753803,0.31693459445926225,-51.30280021490489
7380,0,normal,0.010203614830970764,0.3172847447096762,-51.26391721214941
7381,0,normal,0.010204581543803215,0.31693459445926225,-51.22625767468389
7382,0,normal,0.010205351747572422,0.3189841380708414,-51.18945253409015
7383,0,normal,0.010206068865954876,0.3172847447096762,-51.153178292957364
7384,0,normal,0.010206041857600212,0.3189841380708414,-51.1530051962709
7385,0,normal,0.010206799022853374,0.3189841380708414,-51.11726698367602
7386,0,normal,0.010206799022853374,0.3189841380708414,-51.11726698367602
7387,0,normal,0.01395171508193016,0.3189841380708414,-51.217450114079156
7388,0,normal,0.013282028958201408,0.3189841380708414,-51.31557971266966
7389,0,normal,0.018074193969368935,0.3189841380708414,-51.501786572885294
7390,0,normal,0.01654183492064476,0.31804518838785845,-51.68363811117092
7391,0,normal,0.021745318546891212,0.31804518838785845,-51.94153364959925
7392,0,normal,0.019358942285180092,0.31804518838785845,-52.19282888869475
7393,0,normal,0.024584278464317322,0.31804518838785845,-52.50829954482765
7394,0,normal,0.021457023918628693,0.31804518838785845,-52.81477939147999
7395,0,normal,0.026442579925060272,0.31641302867941346,-53.173617158010074
7396,0,normal,0.02275247871875763,0.31641302867941346,-53.5209923832399
7397,0,normal,0.02007945626974106,0.31789446975637786,-53.85654812408302
7398,0,normal,0.018108900636434555,0.3174700171713905,-54.18000778885198
7399,0,normal,0.016649644821882248,0.3174700171713905,-54.491153046581985
7400,0,normal,0.01556437835097313,0.3174700171713905,-54.789712269524216
7401,0,normal,0.014750665985047817,0.31773293386861834,-55.075473181870166
7402,0,normal,0.01413394883275032,0.31773293386861834,-55.34814508794534
7403,0,normal,0.013660904951393604,0.31773293386861834,-55.607502382430994
7404,0,normal,0.013293802738189697,0.3175584566202831,-55.853354415510466
7405,0,normal,0.013006158173084259,0.3175584566202831,-56.08555517735954
7406,0,normal,0.01277942955493927,0.31722935651983497,-56.30407371530782
7407,0,normal,0.012600707821547985,0.31722935651983497,-56.50890049395525
7408,0,normal,0.012249927036464214,0.3170813842176065,-56.63825154026949
7409,0,normal,0.011800378561019897,0.3170813842176065,-56.75634492818449
7410,0,normal,0.01150730811059475,0.3170813842176065,-56.863884048493674
7411,0,normal,0.011351113207638264,0.3170813842176065,-56.961479865946785
7412,0,normal,0.011310430243611336,0.3170813842176065,-57.04984883495922
7413,0,normal,0.011735071428120136,0.3167314583925026,-57.05838059416533
7414,0,normal,0.011165211908519268,0.3158582941813943,-57.06165062710352
7415,0,normal,0.010898481123149395,0.3173402518909067,-57.06123116190406
7416,0,normal,0.010822718963027,0.31710587620598113,-57.05844027462604
7417,0,normal,0.010864680632948875,0.3156281101060602,-57.01858442277853
7418,0,normal,0.010962853208184242,0.3156281101060602,-56.978908486770706
7419,0,normal,0.011077899485826492,0.31545588965374616,-56.9141743675616
7420,0,normal,0.011188965290784836,0.314436417411468,-56.852019195451476
7421,0,normal,0.010563472285866737,0.3146720853174049,-56.69514800387037
7422,0,normal,0.010341123677790165,0.3146720853174049,-56.54460630076801
7423,0,normal,0.010288570076227188,0.3146720853174049,-56.39340228339984
7424,0,normal,0.010328606702387333,0.31459339141874065,-56.24984001332996
7425,0,normal,0.010422437451779842,0.31459339141874065,-56.115766423338755
7426,0,normal,0.010535197332501411,0.31459339141874065,-55.98951590404499
7427,0,normal,0.010647991672158241,0.31459339141874065,-55.87113580799337
7428,0,normal,0.010751030407845974,0.31477271013738495,-55.760537487833744
7429,0,normal,0.010840119794011116,0.31480842918019186,-55.65770831356417
7430,0,normal,0.00975014641880989,0.31480842918019186,-55.47178757897882
7431,0,normal,0.009667396545410156,0.31480842918019186,-55.29529247099708
7432,0,normal,0.009692691266536713,0.31480842918019186,-55.12824989663068
7433,0,normal,0.009776275604963303,0.31480842918019186,-54.970420984012435
7434,0,normal,0.009889847598969936,0.31480842918019186,-54.82147130841645
7435,0,normal,0.010011140257120132,0.31480842918019186,-54.68085730242274
7436,0,normal,0.010127563029527664,0.31500536135916934,-54.547982408904545
7437,0,normal,0.010232899338006973,0.31508415830996894,-54.42240659616755
7438,0,normal,0.010325864888727665,0.3156859484607063,-54.30204646854099
7439,0,normal,0.010404764674603939,0.3161080157729589,-54.18821077595567
7440,0,normal,0.010470541194081306,0.3161080157729589,-54.08053603404778
7441,0,normal,0.010524671524763107,0.3161080157729589,-53.978671269355345
7442,0,normal,0.010568765923380852,0.315846443658094,-53.88225601176259
7443,0,normal,0.010605462826788425,0.315846443658094,-53.79851532291491
7444,0,normal,0.010634489357471466,0.315846443658094,-53.71967146656016
7445,0,normal,0.010657212696969509,0.3160199802691875,-53.64540247474156
7446,0,normal,0.009113254956901073,0.3160199802691875,-53.47510920417858
7447,0,normal,0.009132062084972858,0.3164069963236021,-53.310963482219904
7448,0,normal,0.009205852635204792,0.3164069963236021,-53.15279316281749
7449,0,normal,0.009309882298111916,0.31657973602449013,-53.00022830208627
7450,0,normal,0.009426036849617958,0.3166061408952096,-52.852838479220054
7451,0,normal,0.009541663341224194,0.3166061408952096,-52.727101932057394
7452,0,normal,0.009648456238210201,0.3166061408952096,-52.60605818066074
7453,0,normal,0.009743173606693745,0.3166061408952096,-52.48954115661263
7454,0,normal,0.009825014509260654,0.3166061408952096,-52.377284598425604
7455,0,normal,0.009894528426229954,0.3166061408952096,-52.26913324592397
7456,0,normal,0.009952934458851814,0.3166061408952096,-52.16476832292278
7457,0,normal,0.010001695714890957,0.3166061408952096,-52.06399074238834
7458,0,normal,0.010042304173111916,0.3166061408952096,-51.96653308547411
7459,0,normal,0.010076113976538181,0.3166061408952096,-51.8720763779113
7460,0,normal,0.010104228742420673,0.3166061408952096,-51.80671071169422
7461,0,normal,0.010127213783562183,0.3166061408952096,-51.74413752040641
7462,0,normal,0.010145879350602627,0.3166061408952096,-51.684436890856205
7463,0,normal,0.010160919278860092,0.3166061408952096,-51.627598304223966
7464,0,normal,0.010172893293201923,0.3166061408952096,-51.57353708730466
7465,0,normal,0.01018226332962513,0.31693459445926225,-51.52218959724837
7466,0,normal,0.010189433582127094,0.31693459445926225,-51.47343439784913
7467,0,normal,0.010194768197834492,0.31693459445926225,-51.427180069517135
7468,0,normal,0.010198588483035564,0.31693459445926225,-51.38323917640764
7469,0,normal,0.010201211087405682,0.31693459445926225,-51.341353898832494
7470,0,normal,0.010202939622104168,0.31693459445926225,-51.30126318550856
7471,0,normal,0.010204053483903408,0.31693459445926225,-51.26271439975926
7472,0,normal,0.010204803198575974,0.3172847447096762,-51.22537320829656
7473,0,normal,0.010205404832959175,0.3172847447096762,-51.188921192627504
7474,0,normal,0.010206041857600212,0.3189841380708414,-51.1530051962709
7475,0,normal,0.010206799022853374,0.3189841380708414,-51.11726698367602
7476,0,normal,0.010206799022853374,0.3189841380708414,-51.11726698367602
7477,0,normal,0.010206799022853374,0.3189841380708414,-51.11726698367602
7478,0,normal,0.008670926094055176,0.3189841380708414,-51.007112371725725
7479,0,normal,0.00871080532670021,0.3189841380708414,-50.89904281998656
7480,0,normal,0.010929374024271965,0.3189841380708414,-50.903418288360854
7481,0,normal,0.010791347362101078,0.3189841380708414,-50.9080685721151
7482,0,normal,0.010695721954107285,0.3189841380708414,-50.91281105845724
7483,0,normal,0.010615985840559006,0.31891280084241547,-50.91751699752626
7484,0,normal,0.014582812786102295,0.31891280084241547,-51.02237094033444
7485,0,normal,0.013772140257060528,0.3189841380708414,-51.12533296177389
7486,0,normal,0.013158044777810574,0.3181916401374957,-51.226099409679364
7487,0,normal,0.017910202965140343,0.31814045271482544,-51.41498267236216
7488,0,normal,0.016410622745752335,0.3179940245248505,-51.5995772609308
7489,0,normal,0.021594325080513954,0.31804518838785845,-51.860428192850804
7490,0,normal,0.019242871552705765,0.31854881698628795,-52.1148162307843
7491,0,normal,0.024460922926664352,0.31854881698628795,-52.43340927062968
7492,0,normal,0.021365363150835037,0.31804518838785845,-52.74309735401698
7493,0,normal,0.026348458603024483,0.31641302867941346,-53.10502119350872
7494,0,normal,0.02268456667661667,0.31641302867941346,-53.45548778601756
7495,0,normal,0.02003108710050583,0.31789446975637786,-53.7940890736802
7496,0,normal,0.01807479001581669,0.3174700171713905,-54.12041632036744
7497,0,normal,0.016625799238681793,0.3174700171713905,-54.43424400389608
7498,0,normal,0.015547786839306355,0.3174700171713905,-54.73526256503237
7499,0,normal,0.014739081263542175,0.31773293386861834,-55.023333652190104
7500,0,normal,0.014125671237707138,0.31773293386861834,-55.29795610305473
7501,0,normal,0.013654632493853569,0.31773293386861834,-55.55882744179007
7502,0,normal,0.013288579881191254,0.3175584566202831,-55.80575634800357
7503,0,normal,0.013001314364373684,0.31722935651983497,-56.0385807034811
7504,0,normal,0.012774568051099777,0.3175284617070789,-56.25725285508838
7505,0,normal,0.012257002294063568,0.3175284617070789,-56.39972150409449
7506,0,normal,0.011820614337921143,0.3170813842176065,-56.530178374282286
7507,0,normal,0.011525632813572884,0.3170813842176065,-56.649143975293555
7508,0,normal,0.011361089535057545,0.3170813842176065,-56.80310793931994
7509,0,normal,0.011310748755931854,0.3170813842176065,-56.947286420386945
7510,0,normal,0.011730187572538853,0.3167314583925026,-56.96519637657798
7511,0,normal,0.011156286112964153,0.3167314583925026,-56.97718535619492
7512,0,normal,0.010882267728447914,0.3173402518909067,-56.98458743634751
7513,0,normal,0.010801111347973347,0.3173402518909067,-56.98870318898253
7514,0,normal,0.010841086506843567,0.3156281101060602,-56.95463844322899
7515,0,normal,0.01094132661819458,0.3156281101060602,-56.91957126831835
7516,0,normal,0.011061277240514755,0.3156281101060602,-56.88487311941026
7517,0,normal,0.010668247006833553,0.3147395066540988,-56.74417356720278
7518,0,normal,0.010388944298028946,0.3146720853174049,-56.6081370555321
7519,0,normal,0.010306810028851032,0.3146720853174049,-56.46093004699105
7520,0,normal,0.010332617908716202,0.3146720853174049,-56.320280015643675
7521,0,normal,0.010420745238661766,0.3146720853174049,-56.1792663891315
7522,0,normal,0.010532291606068611,0.31459339141874065,-56.04593440523399
7523,0,normal,0.010646532289683819,0.31459339141874065,-55.92204000170841
7524,0,normal,0.010751534253358841,0.31459339141874065,-55.80610758338025
7525,0,normal,0.01084258034825325,0.31477271013738495,-55.69795220660717
7526,0,normal,0.010918456129729748,0.31480842918019186,-55.597663211345434
7527,0,normal,0.009734428487718105,0.31480842918019186,-55.41430411219221
7528,0,normal,0.009666604921221733,0.31480842918019186,-55.24048944564879
7529,0,normal,0.009699121117591858,0.31480842918019186,-55.07621214067535
7530,0,normal,0.009785736910998821,0.31480842918019186,-54.92118723386716
7531,0,normal,0.009899917058646679,0.31480842918019186,-54.77508096608267
7532,0,normal,0.0100205447524786,0.31480842918019186,-54.637248124950474
7533,0,normal,0.010135686956346035,0.31500536135916934,-54.50723540601507
7534,0,normal,0.010239486582577229,0.3156859484607063,-54.384511835350395
7535,0,normal,0.010330834425985813,0.3156859484607063,-54.266918378370974
7536,0,normal,0.010408167727291584,0.3161080157729589,-54.15578637366684
7537,0,normal,0.01047249510884285,0.3161080157729589,-54.050695295101605
7538,0,normal,0.010525347664952278,0.3161080157729589,-53.95132378665062
7539,0,normal,0.010568376630544662,0.315846443658094,-53.85721593093854
7540,0,normal,0.01060423906892538,0.315846443658094,-53.77552350797487
7541,0,normal,0.010632723569869995,0.315846443658094,-53.69846845942948
7542,0,normal,0.010655181482434273,0.3160199802691875,-53.625737319201335
7543,0,normal,0.010672783479094505,0.3160199802691875,-53.55707852866112
7544,0,normal,0.010686531662940979,0.3164069963236021,-53.49216539382405
7545,0,normal,0.014481390826404095,0.31657973602449013,-53.52111533057223
7546,0,normal,0.013798324391245842,0.3168848912390604,-53.55090153085234
7547,0,normal,0.018568914383649826,0.3166061408952096,-53.67867662602953
7548,0,normal,0.016974041238427162,0.3166061408952096,-53.80459662009571
7549,0,normal,0.022019974887371063,0.3166061408952096,-53.99943752589388
7550,0,normal,0.019549952819943428,0.3166061408952096,-54.18973656686808
7551,0,normal,0.024470530450344086,0.3149813661604155,-54.4366664320753
7552,0,normal,0.021298252046108246,0.3149813661604155,-54.67615290791059
7553,0,normal,0.025854431092739105,0.3164561042148374,-54.95996052203736
7554,0,normal,0.022225508466362953,0.31603357213501865,-55.23320228173384
7555,0,normal,0.019670166075229645,0.31603357213501865,-55.49516985587525
7556,0,normal,0.023502903059124947,0.31603357213501865,-55.78845862328899
7557,0,normal,0.020501932129263878,0.316295299222632,-56.093857217098275
7558,0,normal,0.018469683825969696,0.31631179982034935,-56.384512129496215
7559,0,normal,0.017038710415363312,0.3164708621304398,-56.66016519980576
7560,0,normal,0.015995629131793976,0.31629707792579187,-56.92047770560794
7561,0,normal,0.015202258713543415,0.31631127843424495,-57.16530265933784
7562,0,normal,0.014569595456123352,0.31631127843424495,-57.39437872850203
7563,0,normal,0.014269392006099224,0.31640531937941724,-57.564109473122926
7564,0,normal,0.013547123409807682,0.3162577314510504,-57.71979379776167
7565,0,normal,0.012945426627993584,0.3162577314510504,-57.86154802022952
7566,0,normal,0.012506271712481976,0.3162577314510504,-57.98957776359293
7567,0,normal,0.012238655239343643,0.3162577314510504,-58.10407188577847
7568,0,normal,0.012107882648706436,0.3162782705427241,-58.20533853211259
7569,0,normal,0.013367872685194016,0.3162782705427241,-58.241276832282665
7570,0,normal,0.012555206194519997,0.31531261164186747,-58.267285430179754
7571,0,normal,0.012104728259146214,0.31531261164186747,-58.28462425702037
7572,0,normal,0.011909078806638718,0.31507973349647334,-58.294329904480264
7573,0,normal,0.011883370578289032,0.31507973349647334,-58.29772320814618
7574,0,normal,0.011940311640501022,0.3150632971702463,-58.29619558450531
7575,0,normal,0.012312598526477814,0.31444282585389055,-58.2025307429426
7576,0,normal,0.011767474934458733,0.31371960068635174,-58.10888705315938
7577,0,normal,0.011522267945110798,0.31370551652892453,-57.99958110523812
7578,0,normal,0.011449179612100124,0.31370551652892453,-57.8929422678832
7579,0,normal,0.011483151465654373,0.31370551652892453,-57.78243493358059
7580,0,normal,0.013807536102831364,0.313627064351944,-57.73886202346125
7581,0,normal,0.013609295710921288,0.313627064351944,-57.70044508605406
7582,0,normal,0.013420122675597668,0.313627064351944,-57.66625337094342
7583,0,normal,0.013233370147645473,0.3136860832613061,-57.64724080920746
7584,0,normal,0.016641879454255104,0.31366571250611686,-57.685726471785074
7585,0,normal,0.015615875832736492,0.31366571250611686,-57.72740698267535
7586,0,normal,0.01937675103545189,0.31366571250611686,-57.83502159855129
7587,0,normal,0.01752287894487381,0.31366571250611686,-57.94321283827321
7588,0,normal,0.0162244513630867,0.3139008027740923,-58.051444434705445
7589,0,normal,0.019365431740880013,0.31242498756675674,-58.193479454266026
7590,0,normal,0.017382465302944183,0.3125820953328299,-58.3325233580706
7591,0,normal,0.01603902131319046,0.3128706681302248,-58.467773690565764
7592,0,normal,0.015059689991176128,0.313613233046854,-58.598418060529184
7593,0,normal,0.014306742697954178,0.31347152712208526,-58.703999110477525
7594,0,normal,0.01370636560022831,0.31347152712208526,-58.80388405960457
7595,0,normal,0.013218523934483528,0.31347152712208526,-58.8973980252465
7596,0,normal,0.012822689488530159,0.31343434908463963,-58.983859160457996
7597,0,normal,0.012507741339504719,0.31343434908463963,-59.06258501206162
7598,0,normal,0.012264885008335114,0.31343434908463963,-59.132822118547665
7599,0,normal,0.012080837041139603,0.3134547048141265,-59.18355842190567
7600,0,normal,0.013324961997568607,0.31495181379385545,-59.19074868816756
7601,0,normal,0.012573040090501308,0.31491607848223024,-59.19040960517418
7602,0,normal,0.012084324844181538,0.31491607848223024,-59.18258949388928
7603,0,normal,0.011816653423011303,0.3145463865341504,-59.16726446465054
7604,0,normal,0.01331546250730753,0.3146250686747875,-59.10115341891537
7605,0,normal,0.012327662669122219,0.3146250686747875,-59.028328720464515
7606,0,normal,0.011807392351329327,0.3142757367477617,-58.951191334831265
7607,0,normal,0.0115975271910429,0.3139870561235576,-58.87061545534402
7608,0,normal,0.011577874422073364,0.3139870561235576,-58.78749661723077
7609,0,normal,0.012102242559194565,0.3139085335385258,-58.65006880107808
7610,0,normal,0.01153537631034851,0.3139085335385258,-58.51544266267729
7611,0,normal,0.011324537917971611,0.313815234679804,-58.383380530509385
7612,0,normal,0.01131975743919611,0.313815234679804,-58.2549388257255
7613,0,normal,0.011425002478063107,0.313815234679804,-58.13122651356002
7614,0,normal,0.01157608162611723,0.31379886431692794,-58.023518407587744
7615,0,normal,0.011383142322301865,0.31364114498717355,-57.859986192475844
7616,0,normal,0.011122153140604496,0.31364114498717355,-57.72505785374051
7617,0,normal,0.011071025393903255,0.313627064351944,-57.59979003365993
7618,0,normal,0.011136471293866634,0.313627064351944,-57.48463820042275
7619,0,normal,0.011270850896835327,0.313627064351944,-57.408183216064344
7620,0,normal,0.01111002266407013,0.313627064351944,-57.27040560743285
7621,0,normal,0.010816488415002823,0.313627064351944,-57.14497999119908
7622,0,normal,0.010741133242845535,0.31561958900942033,-57.032004612768105
7623,0,normal,0.010785105638206005,0.31561958900942033,-56.93125072679118
7624,0,normal,0.0108932601287961,0.31418746169614326,-56.84243253015484
7625,0,normal,0.011021925136446953,0.3144499817348358,-56.76523399148664
7626,0,normal,0.011146947741508484,0.3144499817348358,-56.69932847409768
7627,0,normal,0.011256856843829155,0.3137358830968249,-56.6442503494452
7628,0,normal,0.011347546242177486,0.31397102595716964,-56.59937471581634
7629,0,normal,0.011418905109167099,0.31397102595716964,-56.564126001781005
7630,0,normal,0.011471063829958439,0.31397102595716964,-56.50932092171206
7631,0,normal,0.011509682983160019,0.31426088100201766,-56.46319297500099
7632,0,normal,0.010343097150325775,0.3146228217132092,-56.34412361598015
7633,0,normal,0.010237683542072773,0.3146228217132092,-56.23461222299261
7634,0,normal,0.01023847982287407,0.3146228217132092,-56.11476253790238
7635,0,normal,0.010302526876330376,0.31480215720716676,-56.00377271144839
7636,0,normal,0.010402936488389969,0.31480842918019186,-55.90136900729658
7637,0,normal,0.010515053756535053,0.31480842918019186,-55.80692796210087
7638,0,normal,0.010624360293149948,0.31480842918019186,-55.71983009868018
7639,0,normal,0.010723807848989964,0.31480842918019186,-55.62896411474162
7640,0,normal,0.010809991508722305,0.31480842918019186,-55.54464863465887
7641,0,normal,0.010882343165576458,0.31480842918019186,-55.46656114571306
7642,0,normal,0.010941758751869202,0.31480842918019186,-55.394217741544026
7643,0,normal,0.010989805683493614,0.31500536135916934,-55.32713403089383
7644,0,normal,0.01102824229747057,0.31508415830996894,-55.26478280876563
7645,0,normal,0.011060182936489582,0.31508415830996894,-55.20514918216213
7646,0,normal,0.011085161939263344,0.31508415830996894,-55.14955672219685
7647,0,normal,0.011104577220976353,0.31508415830996894,-55.09762786678448
7648,0,normal,0.011119572445750237,0.31508415830996894,-55.049093914943114
7649,0,normal,0.009641426615417004,0.3156859484607063,-54.91288998501477
7650,0,normal,0.009617174044251442,0.3156859484607063,-54.789101809010845
7651,0,normal,0.009669081307947636,0.3156859484607063,-54.670305322734976
7652,0,normal,0.009764356538653374,0.3156859484607063,-54.55642536611276
7653,0,normal,0.009881838224828243,0.3156859484607063,-54.44741837296215
7654,0,normal,0.010003362782299519,0.3156859484607063,-54.34301521056841
7655,0,normal,0.010118505917489529,0.3156859484607063,-54.24302896217546
7656,0,normal,0.010222162120044231,0.3156859484607063,-54.147291357911854
7657,0,normal,0.01031247153878212,0.3156859484607063,-54.05554608992816
7658,0,normal,0.010389495640993118,0.3161080157729589,-53.967557697852726
7659,0,normal,0.010454300791025162,0.3161080157729589,-53.88302456173278
7660,0,normal,0.01050838828086853,0.31628059224796545,-53.80171433198893
7661,0,normal,0.010553326457738876,0.3163234919258113,-53.72335560893248
7662,0,normal,0.010591508820652962,0.3163234919258113,-53.66467633053344
7663,0,normal,0.010622609406709671,0.3163234919258113,-53.60884258235433
7664,0,normal,0.010647756978869438,0.3164972906431952,-53.55579194584652
7665,0,normal,0.010667894035577774,0.3164972906431952,-53.505605116574316
7666,0,normal,0.010683799162507057,0.3168848912390604,-53.458272013285296
7667,0,normal,0.010696135461330414,0.3168848912390604,-53.4137087172237
7668,0,normal,0.010705428197979927,0.3168848912390604,-53.371852079983
7669,0,normal,0.01071214210242033,0.3166061408952096,-53.33258151681912
7670,0,normal,0.010716701857745647,0.3166061408952096,-53.29580621510445
7671,0,normal,0.010719496756792068,0.3166061408952096,-53.261339585745645
7672,0,normal,0.010720904916524887,0.3166061408952096,-53.228924736456065
7673,0,normal,0.010721291415393353,0.3166061408952096,-53.19830140145723
7674,0,normal,0.01072100829333067,0.3166061408952096,-53.169217772224556
7675,0,normal,0.010720353573560715,0.3166061408952096,-53.141340430322316
7676,0,normal,0.010719601996243,0.3166061408952096,-53.11435171133985
7677,0,normal,0.010718967765569687,0.3166061408952096,-53.0878993209335
7678,0,normal,0.014547417871654034,0.3166061408952096,-53.15214183723651
7679,0,normal,0.013840819709002972,0.3166061408952096,-53.24061442800962
7680,0,normal,0.018617548048496246,0.3166061408952096,-53.407616085649806
7681,0,normal,0.01700376346707344,0.3166061408952096,-53.570280178787925
7682,0,normal,0.015793301165103912,0.3166061408952096,-53.72833143089656
7683,0,normal,0.020640216767787933,0.3166061408952096,-53.953040407668595
7684,0,normal,0.025592036545276642,0.3166061408952096,-54.23281485036364
7685,0,normal,0.022127317264676094,0.3149813661604155,-54.50367081446029
7686,0,normal,0.019618982449173927,0.3149813661604155,-54.765270568903816
7687,0,normal,0.024040587246418,0.31603357213501865,-55.06977566652222
7688,0,normal,0.020911334082484245,0.31603357213501865,-55.362787085301306
7689,0,normal,0.018720045685768127,0.31603357213501865,-55.643870748381005
7690,0,normal,0.017147665843367577,0.316295299222632,-55.91271512804542
7691,0,normal,0.01600550301373005,0.316295299222632,-56.169022797710795
7692,0,normal,0.015163244679570198,0.31631179982034935,-56.41265001498209
7693,0,normal,0.014527915045619011,0.31629707792579187,-56.643431320260106
7694,0,normal,0.014036078937351704,0.31629707792579187,-56.86101270985273
7695,0,normal,0.013646059669554234,0.31631127843424495,-57.06525841748498
7696,0,normal,0.013331319205462933,0.31631127843424495,-57.25594204662548
7697,0,normal,0.013075393624603748,0.31547185226373636,-57.433033503321894
7698,0,normal,0.012868196703493595,0.3161637343714753,-57.59663174172374
7699,0,normal,0.013196064159274101,0.3161637343714753,-57.694132491781374
7700,0,normal,0.012563501484692097,0.3161637343714753,-57.78035578375216
7701,0,normal,0.012136118486523628,0.3161637343714753,-57.85592198380937
7702,0,normal,0.011892393231391907,0.3161842673585879,-57.92152439781216
7703,0,normal,0.011803552508354187,0.3161842673585879,-57.977815418010096
7704,0,normal,0.01181572675704956,0.3152961631674101,-58.02552398914895
7705,0,normal,0.012474491260945797,0.31510193487426624,-58.0035711741657
7706,0,normal,0.01186707615852356,0.31490494232033933,-57.97731755339373
7707,0,normal,0.011567030102014542,0.3148908049480727,-57.948296057098105
7708,0,normal,0.011462753638625145,0.3147189868015856,-57.89117510477695
7709,0,normal,0.011478408239781857,0.3141259192783741,-57.83372870103335
7710,0,normal,0.011551433242857456,0.31376455020155947,-57.75995207647384
7711,0,normal,0.011639251373708248,0.31376455020155947,-57.68803607250243
7712,0,normal,0.01134891901165247,0.31376455020155947,-57.54750038075031
7713,0,normal,0.011014734394848347,0.3136860832613061,-57.40508303308411
7714,0,normal,0.01089390367269516,0.31565848270171454,-57.27078893449607
7715,0,normal,0.010891607962548733,0.3159222318553094,-57.14362265334148
7716,0,normal,0.010959520004689693,0.3144499817348358,-57.024095663831986
7717,0,normal,0.011059634387493134,0.3144499817348358,-56.92293164301873
7718,0,normal,0.01116271410137415,0.31468565980713864,-56.82956130011007
7719,0,normal,0.01125665009021759,0.31397102595716964,-56.743999212416384
7720,0,normal,0.011336380615830421,0.31397102595716964,-56.66609175194185
7721,0,normal,0.011400831863284111,0.31426088100201766,-56.59583539964683
7722,0,normal,0.011450991965830326,0.3146228217132092,-56.53298436012324
7723,0,normal,0.011488725431263447,0.3146228217132092,-56.47731992225704
7724,0,normal,0.011516169644892216,0.3146228217132092,-56.42861798306126
7725,0,normal,0.01489601843059063,0.3146228217132092,-56.457926957275504
7726,0,normal,0.01426952425390482,0.3146290901132365,-56.49140005150775
7727,0,normal,0.018540536984801292,0.31330059382333975,-56.59016574915813
7728,0,normal,0.01699499785900116,0.31330059382333975,-56.68969739846625
7729,0,normal,0.01586649939417839,0.31476746252676946,-56.778579232816355
7730,0,normal,0.019945310428738594,0.31476746252676946,-56.919778773198914
7731,0,normal,0.01796507090330124,0.31476746252676946,-57.05821912520696
7732,0,normal,0.021866073831915855,0.31476746252676946,-57.23654826092775
7733,0,normal,0.019304553046822548,0.31476746252676946,-57.408920348788115
7734,0,normal,0.022765064612030983,0.313349593019154,-57.60850885903551
7735,0,normal,0.01988261751830578,0.3135619697568757,-57.7971786252906
7736,0,normal,0.017949381843209267,0.3137196492721336,-57.97569359024283
7737,0,normal,0.01657465659081936,0.3140883695412433,-58.14364320430445
7738,0,normal,0.015540261752903461,0.3141024708872815,-58.30042080387034
7739,0,normal,0.014719999395310879,0.31419585514278264,-58.4454715937552
7740,0,normal,0.014043796807527542,0.3146491114585071,-58.578379472950246
7741,0,normal,0.013479338958859444,0.31457609702637523,-58.698352913464305
7742,0,normal,0.013013680465519428,0.31457609702637523,-58.8128798282587
7743,0,normal,0.012643526308238506,0.31457609702637523,-58.91401082318157
7744,0,normal,0.012362158857285976,0.31457609702637523,-59.00166983526151
7745,0,normal,0.012158228084445,0.3145965269057194,-59.075954451113375
7746,0,normal,0.013597965240478516,0.31522766850894446,-59.102507928994555
7747,0,normal,0.012762299738824368,0.31522766850894446,-59.11792277084919
7748,0,normal,0.012215997092425823,0.3149948530993831,-59.12272295827279
7749,0,normal,0.011908190324902534,0.3146250686747875,-59.11752405817606
7750,0,normal,0.011775155551731586,0.3146250686747875,-59.10299208944775
7751,0,normal,0.011734751984477043,0.3146250686747875,-59.07979499560406
7752,0,normal,0.01255396194756031,0.3142757367477617,-59.00546687523229
7753,0,normal,0.011838062666356564,0.3139870561235576,-58.92665188637034
7754,0,normal,0.011482740752398968,0.3139870561235576,-58.844802590187555
7755,0,normal,0.011372249573469162,0.3139870561235576,-58.75333200243267
7756,0,normal,0.011402015574276447,0.3139085335385258,-58.661261432419906
7757,0,normal,0.011712487787008286,0.3139085335385258,-58.51826604020994
7758,0,normal,0.011270187795162201,0.3139085335385258,-58.378785647509176
7759,0,normal,0.011132431216537952,0.313815234679804,-58.24409324456542
7760,0,normal,0.011180620640516281,0.313815234679804,-58.12564470744178
7761,0,normal,0.011322097852826118,0.313815234679804,-58.01366645406506
7762,0,normal,0.011500855907797813,0.31379886431692794,-57.928241173669676
7763,0,normal,0.011670048348605633,0.31364114498717355,-57.85036362219512
7764,0,normal,0.011822978034615517,0.31364114498717355,-57.8087642805217
7765,0,normal,0.01194364856928587,0.313627064351944,-57.77497405967915
7766,0,normal,0.01140568032860756,0.313627064351944,-57.686926956773505
7767,0,normal,0.011210670694708824,0.313627064351944,-57.60860244760488
7768,0,normal,0.011166390962898731,0.313627064351944,-57.54024969196962
7769,0,normal,0.011214328929781914,0.313627064351944,-57.48174176738303
7770,0,normal,0.011317355558276176,0.313627064351944,-57.43283242621192
7771,0,normal,0.011438408866524696,0.313627064351944,-57.39317532437349
7772,0,normal,0.011555975303053856,0.31366571250611686,-57.36233861779647
7773,0,normal,0.011108587495982647,0.31366571250611686,-57.268540026756
7774,0,normal,0.010868777520954609,0.31366571250611686,-57.18483461862115
7775,0,normal,0.010798909701406956,0.3159222318553094,-57.11086492842651
7776,0,normal,0.01082315482199192,0.3159222318553094,-57.01766646879423
7777,0,normal,0.010907892137765884,0.3144499817348358,-56.93355880212016
7778,0,normal,0.011015983298420906,0.3144499817348358,-56.85812978846889
7779,0,normal,0.011125604622066021,0.3149761745951143,-56.790994065474024
7780,0,normal,0.01122542005032301,0.3146228217132092,-56.731685067129774
7781,0,normal,0.011310548521578312,0.3146228217132092,-56.67952983023156
7782,0,normal,0.011378999799489975,0.3146228217132092,-56.61461335698459
7783,0,normal,0.010398533195257187,0.3146228217132092,-56.47516317581085
7784,0,normal,0.010260133072733879,0.31459339141874065,-56.344063060500275
7785,0,normal,0.01024656556546688,0.31459339141874065,-56.221216818942594
7786,0,normal,0.010304096154868603,0.31459339141874065,-56.10623759189161
7787,0,normal,0.01040192786604166,0.3146290901132365,-55.98825920229456
7788,0,normal,0.010514521971344948,0.31480842918019186,-55.87762776505201
7789,0,normal,0.01062572468072176,0.31480842918019186,-55.77424042119719
7790,0,normal,0.010727163404226303,0.31480842918019186,-55.67792148214039
7791,0,normal,0.010815281420946121,0.31480842918019186,-55.58833449538338
7792,0,normal,0.009731706231832504,0.31480842918019186,-55.41442846644941
7793,0,normal,0.009650951251387596,0.31480842918019186,-55.24861422234585
7794,0,normal,0.009676511399447918,0.31480842918019186,-55.09080040176855
7795,0,normal,0.009760282933712006,0.3148871768694323,-54.940577569304196
7796,0,normal,0.009875049814581871,0.31508415830996894,-54.79597513775184
7797,0,normal,0.009998217225074768,0.31508415830996894,-54.65830139000741
7798,0,normal,0.010116871446371078,0.31508415830996894,-54.52731317669645
7799,0,normal,0.010224533267319202,0.31508415830996894,-54.40285133444354
7800,0,normal,0.010318649932742119,0.3156859484607063,-54.284584793946124
7801,0,normal,0.01039891131222248,0.3161080157729589,-54.17217711228204
7802,0,normal,0.01046614721417427,0.3161080157729589,-54.06522531782389
7803,0,normal,0.010522864758968353,0.3161080157729589,-53.97111023073853
7804,0,normal,0.010568765923380852,0.315846443658094,-53.88225601176259
7805,0,normal,0.010605462826788425,0.315846443658094,-53.79851532291491
7806,0,normal,0.010634489357471466,0.315846443658094,-53.71967146656016
7807,0,normal,0.010657212696969509,0.3160199802691875,-53.64540247474156
7808,0,normal,0.010674837045371532,0.3160199802691875,-53.57553813727077
7809,0,normal,0.010688376612961292,0.3164069963236021,-53.50973606101434
7810,0,normal,0.010698676109313965,0.3164069963236021,-53.44759577425225
7811,0,normal,0.010706424713134766,0.31657973602449013,-53.388703166047435
7812,0,normal,0.01071214210242033,0.3166061408952096,-53.33258151681912
7813,0,normal,0.010716701857745647,0.3166061408952096,-53.29580621510445
7814,0,normal,0.010719496756792068,0.3166061408952096,-53.261339585745645
7815,0,normal,0.010720904916524887,0.3166061408952096,-53.228924736456065
7816,0,normal,0.010721291415393353,0.3166061408952096,-53.19830140145723
7817,0,normal,0.01072100829333067,0.3166061408952096,-53.169217772224556
7818,0,normal,0.010720353573560715,0.3166061408952096,-53.141340430322316
7819,0,normal,0.010719601996243,0.3166061408952096,-53.11435171133985
7820,0,normal,0.010718967765569687,0.3166061408952096,-53.0878993209335
7821,0,normal,0.010718605481088161,0.3166061408952096,-53.06162573738948
7822,0,normal,0.010718605481088161,0.3166061408952096,-53.06162573738948
7823,0,normal,0.010718605481088161,0.3166061408952096,-53.06162573738948
7824,0,normal,0.009079016745090485,0.3166061408952096,-52.961251952054226
7825,0,normal,0.009110058657824993,0.3166061408952096,-52.8629497977488
7826,0,normal,0.011491415090858936,0.3166061408952096,-52.86730144859234
7827,0,normal,0.009166239760816097,0.3166061408952096,-52.7715740749054
7828,0,normal,0.009271446615457535,0.3166061408952096,-52.678010133261296
7829,0,normal,0.00938205886632204,0.3166061408952096,-52.586710197019784
7830,0,normal,0.009493689984083176,0.3166061408952096,-52.49774120451616
7831,0,normal,0.009601112455129623,0.3166061408952096,-52.41132481025738
7832,0,normal,0.009699489921331406,0.3166061408952096,-52.327302848445015
7833,0,normal,0.009786529466509819,0.3166061408952096,-52.245749891827245
7834,0,normal,0.009861788712441921,0.3166061408952096,-52.166777560292985
7835,0,normal,0.009925808757543564,0.3166061408952096,-52.09040194002796
7836,0,normal,0.00997963733971119,0.3166061408952096,-52.01678983659508
7837,0,normal,0.01002450380474329,0.3166061408952096,-51.9458757200282
7838,0,normal,0.010061642155051231,0.3166061408952096,-51.877732368623356
7839,0,normal,0.010092196986079216,0.3166061408952096,-51.81234325928085
7840,0,normal,0.010117198340594769,0.3166061408952096,-51.74978773297494
7841,0,normal,0.010137517005205154,0.3166061408952096,-51.69015727493888
7842,0,normal,0.010153899900615215,0.3166061408952096,-51.63322413244782
7843,0,normal,0.010166957974433899,0.31693459445926225,-51.57901521446138
7844,0,normal,0.010177236050367355,0.31693459445926225,-51.52748324107097
7845,0,normal,0.010185183957219124,0.3166061408952096,-51.47851575123491
7846,0,normal,0.010191219858825207,0.31693459445926225,-51.4319831034793
7847,0,normal,0.010195696726441383,0.31693459445926225,-51.38759745059588
7848,0,normal,0.010198947973549366,0.31693459445926225,-51.34519373191051
7849,0,normal,0.010201266035437584,0.31693459445926225,-51.30458969024539
7850,0,normal,0.010202924720942974,0.3172847447096762,-51.26545422019581
7851,0,normal,0.010204145684838295,0.3172847447096762,-51.227460484466974
7852,0,normal,0.010205136612057686,0.31863211239773254,-51.19033701847593
7853,0,normal,0.010206025093793869,0.3189841380708414,-51.15370966814476
7854,0,normal,0.010206068865954876,0.3172847447096762,-51.153178292957364
7855,0,normal,0.010206041857600212,0.3189841380708414,-51.1530051962709
7856,0,normal,0.010206799022853374,0.3189841380708414,-51.11726698367602
7857,0,normal,0.010206799022853374,0.3189841380708414,-51.11726698367602
7858,0,normal,0.010206799022853374,0.3189841380708414,-51.11726698367602
7859,0,normal,0.010206799022853374,0.3189841380708414,-51.11726698367602
7860,0,normal,0.010206799022853374,0.3189841380708414,-51.11726698367602
7861,0,normal,0.010206799022853374,0.3189841380708414,-51.11726698367602
7862,0,normal,0.010206799022853374,0.3189841380708414,-51.11726698367602
7863,0,normal,0.010206799022853374,0.3189841380708414,-51.11726698367602
7864,0,normal,0.010206799022853374,0.3189841380708414,-51.11726698367602
7865,0,normal,0.010206799022853374,0.3189841380708414,-51.11726698367602
7866,0,normal,0.010206799022853374,0.3189841380708414,-51.11726698367602
7867,0,normal,0.010206799022853374,0.3189841380708414,-51.11726698367602
7868,0,normal,0.010206799022853374,0.3189841380708414,-51.11726698367602
7869,0,normal,0.010206799022853374,0.3189841380708414,-51.11726698367602
7870,0,normal,0.010206799022853374,0.3189841380708414,-51.11726698367602
7871,0,normal,0.010206799022853374,0.3189841380708414,-51.11726698367602
7872,0,normal,0.010206799022853374,0.3189841380708414,-51.11726698367602
7873,0,normal,0.010206799022853374,0.3189841380708414,-51.11726698367602
7874,0,normal,0.010206799022853374,0.3189841380708414,-51.11726698367602
7875,0,normal,0.010206799022853374,0.3189841380708414,-51.11726698367602
7876,0,normal,0.010206799022853374,0.3189841380708414,-51.11726698367602
7877,0,normal,0.010206799022853374,0.3189841380708414,-51.11726698367602
7878,0,normal,0.010206799022853374,0.3189841380708414,-51.11726698367602
7879,0,normal,0.010206799022853374,0.3189841380708414,-51.11726698367602
7880,0,normal,0.01395171508193016,0.3189841380708414,-51.217450114079156
7881,0,normal,0.013282028958201408,0.3189841380708414,-51.31557971266966
7882,0,normal,0.018074193969368935,0.3189841380708414,-51.501786572885294
7883,0,normal,0.01654183492064476,0.31804518838785845,-51.68363811117092
7884,0,normal,0.015385649167001247,0.31804518838785845,-51.860858491096906
7885,0,normal,0.020422212779521942,0.31804518838785845,-52.11417611680167
7886,0,normal,0.018349623307585716,0.31804518838785845,-52.36077575563036
7887,0,normal,0.023496918380260468,0.31804518838785845,-52.67155398720115
7888,0,normal,0.02850460633635521,0.31804518838785845,-53.034952971394205
7889,0,normal,0.024278227239847183,0.31641302867941346,-53.38685355467214
7890,0,normal,0.021208954975008965,0.31641302867941346,-53.727052255316266
7891,0,normal,0.018943069502711296,0.3174700171713905,-54.05516634666924
7892,0,normal,0.023208387196063995,0.3174700171713905,-54.42344235779842
7893,0,normal,0.020317088812589645,0.3174700171713905,-54.77735562460998
7894,0,normal,0.018303686752915382,0.31773293386861834,-55.11629087944971
7895,0,normal,0.016859838739037514,0.31773293386861834,-55.440115935326276
7896,0,normal,0.01361839845776558,0.31773293386861834,-55.69593549780734
7897,0,normal,0.013250984251499176,0.31757502311481306,-55.93817302796947
7898,0,normal,0.012894634157419205,0.3177347206563918,-56.16680567334993
7899,0,normal,0.012594194151461124,0.3174054378856014,-56.38160866721205
7900,0,normal,0.012366730719804764,0.31741968815510535,-56.58276675401771
7901,0,normal,0.01220544334501028,0.31716541649196806,-56.770088120998935
7902,0,normal,0.012100161984562874,0.31709561993836133,-56.943956633396965
7903,0,normal,0.012040113098919392,0.31709561993836133,-57.10474986823738
7904,0,normal,0.012353560887277126,0.3170813842176065,-57.19080637592333
7905,0,normal,0.011804703623056412,0.3170813842176065,-57.266903564662925
7906,0,normal,0.011491828598082066,0.3167314583925026,-57.33407268651672
7907,0,normal,0.011357042007148266,0.31675202824997306,-57.39347538616312
7908,0,normal,0.011353729292750359,0.31512354345474913,-57.44631624635599
7909,0,normal,0.011424570344388485,0.3150877886581973,-57.493776904874494
7910,0,normal,0.011525560170412064,0.3148908049480727,-57.50110118320731
7911,0,normal,0.011467271484434605,0.3148703559583304,-57.43418851699835
7912,0,normal,0.011080963537096977,0.3148703559583304,-57.34124210745472
7913,0,normal,0.010921897366642952,0.31693284942008026,-57.250156936029725
7914,0,normal,0.010896686464548111,0.3163356100163183,-57.162102395951024
7915,0,normal,0.010953427292406559,0.31449921827576804,-57.06118781413966
7916,0,normal,0.011043786071240902,0.31449921827576804,-56.965349046818346
7917,0,normal,0.011143442243337631,0.31465622363469964,-56.86765761831134
7918,0,normal,0.01123795099556446,0.3142314845640305,-56.77781670830473
7919,0,normal,0.011319056153297424,0.3146228217132092,-56.69430644083741
7920,0,normal,0.011385331861674786,0.3146228217132092,-56.617397386589346
7921,0,normal,0.011437674053013325,0.3146228217132092,-56.547201654989976
7922,0,normal,0.014740781858563423,0.3146228217132092,-56.5657320817802
7923,0,normal,0.014166830107569695,0.31459339141874065,-56.58855230366953
7924,0,normal,0.018420543521642685,0.3130865860264947,-56.67696502692024
7925,0,normal,0.01691819168627262,0.3131221137352458,-56.76655813233174
7926,0,normal,0.021281376481056213,0.31476746252676946,-56.89852172385986
7927,0,normal,0.018949711695313454,0.31476746252676946,-57.028831393252176
7928,0,normal,0.02300146222114563,0.31476746252676946,-57.20019442641319
7929,0,normal,0.020108172670006752,0.31476746252676946,-57.36692924357885
7930,0,normal,0.02364758960902691,0.31327122985232053,-57.56247991450141
7931,0,normal,0.020491445437073708,0.3132875726893874,-57.75011784246999
7932,0,normal,0.018374251201748848,0.3134451142198106,-57.929050125972935
7933,0,normal,0.016879525035619736,0.3138920106388476,-58.09846179132933
7934,0,normal,0.01576944813132286,0.3141024708872815,-58.256131609538215
7935,0,normal,0.01489927340298891,0.31419585514278264,-58.403100987760126
7936,0,normal,0.014187970198690891,0.31419585514278264,-58.53890763752156
7937,0,normal,0.013596151024103165,0.31457609702637523,-58.662929701010626
7938,0,normal,0.013107968494296074,0.31457609702637523,-58.774624246352914
7939,0,normal,0.012716862373054028,0.31457609702637523,-58.87344916780921
7940,0,normal,0.012416507117450237,0.31457609702637523,-58.958899586179314
7941,0,normal,0.013818389736115932,0.3160990894073777,-59.00420024007599
7942,0,normal,0.012954696081578732,0.3160990894073777,-59.03788469911365
7943,0,normal,0.012376124039292336,0.31522766850894446,-59.060353385085136
7944,0,normal,0.012042679823935032,0.314857610773495,-59.07190927608849
7945,0,normal,0.011896665208041668,0.3146250686747875,-59.073070947522865
7946,0,normal,0.011855206452310085,0.3146250686747875,-59.06431573022428
7947,0,normal,0.01288660615682602,0.3146250686747875,-59.00289746888075
7948,0,normal,0.01210777834057808,0.3143486814650126,-58.93534054548104
7949,0,normal,0.011701671406626701,0.3139870561235576,-58.86283625037913
7950,0,normal,0.011542942374944687,0.3139870561235576,-58.78676646668214
7951,0,normal,0.011535151861608028,0.3139870561235576,-58.70845844703672
7952,0,normal,0.01160310860723257,0.3139870561235576,-58.62139623337566
7953,0,normal,0.011685029603540897,0.3139085335385258,-58.481995140129584
7954,0,normal,0.011306624859571457,0.313815234679804,-58.347642201305234
7955,0,normal,0.01119008008390665,0.313815234679804,-58.21811478578911
7956,0,normal,0.011237156577408314,0.313815234679804,-58.10487159570266
7957,0,normal,0.01136787049472332,0.313815234679804,-57.99819820024709
7958,0,normal,0.011533313430845737,0.31379886431692794,-57.9181920313938
7959,0,normal,0.01169067807495594,0.31364114498717355,-57.84573953461609
7960,0,normal,0.011834343895316124,0.31364114498717355,-57.80954904360556
7961,0,normal,0.011948883533477783,0.313627064351944,-57.781093494993684
7962,0,normal,0.011441738344728947,0.313627064351944,-57.69823550868932
7963,0,normal,0.011237053200602531,0.313627064351944,-57.625002124486855
7964,0,normal,0.011184346862137318,0.313627064351944,-57.56148186377709
7965,0,normal,0.011225804686546326,0.313627064351944,-57.5074718756448
7966,0,normal,0.011324468068778515,0.313627064351944,-57.46275403480263
7967,0,normal,0.011442854069173336,0.3136860832613061,-57.426845943779654
7968,0,normal,0.011558900587260723,0.31366571250611686,-57.39935935666722
7969,0,normal,0.011661344207823277,0.31366571250611686,-57.37994254299838
7970,0,normal,0.01110910251736641,0.31366571250611686,-57.296426624123114
7971,0,normal,0.010878090746700764,0.31366571250611686,-57.19345390584681
7972,0,normal,0.010807832702994347,0.3159222318553094,-57.09947667320034
7973,0,normal,0.010832712054252625,0.3159222318553094,-57.01421506552833
7974,0,normal,0.010915156453847885,0.3144499817348358,-56.937401334902006
7975,0,normal,0.011020049452781677,0.3149761745951143,-56.868464341084064
7976,0,normal,0.011126447468996048,0.31533893912462824,-56.80691015513116
7977,0,normal,0.011221799999475479,0.3146228217132092,-56.73267163848732
7978,0,normal,0.011304130777716637,0.3146228217132092,-56.66522918176224
7979,0,normal,0.010422913357615471,0.3146228217132092,-56.52323210243412
7980,0,normal,0.01026758924126625,0.31459339141874065,-56.38946583454958
7981,0,normal,0.010245833545923233,0.31459339141874065,-56.263868130098444
7982,0,normal,0.010299927555024624,0.31459339141874065,-56.146098018549765
7983,0,normal,0.01039692759513855,0.3146290901132365,-56.02528999571814
7984,0,normal,0.010510106571018696,0.3146290901132365,-55.91189052603113
7985,0,normal,0.010622529312968254,0.31480842918019186,-55.80565363770961
7986,0,normal,0.010725411586463451,0.31480842918019186,-55.70649471704314
7987,0,normal,0.01081496849656105,0.31480842918019186,-55.61415038526525
7988,0,normal,0.01089036650955677,0.31480842918019186,-55.52830517039388
7989,0,normal,0.009718209505081177,0.31480842918019186,-55.357848427467616
7990,0,normal,0.009651314467191696,0.31480842918019186,-55.195253490356436
7991,0,normal,0.009683494456112385,0.3148871768694323,-55.04038974609375
7992,0,normal,0.009770319797098637,0.3148871768694323,-54.891358222846975
7993,0,normal,0.00988568365573883,0.31508415830996894,-54.74959732633215
7994,0,normal,0.010008133016526699,0.31508415830996894,-54.61470282251071
7995,0,normal,0.01012541726231575,0.31508415830996894,-54.486574689278314
7996,0,normal,0.01023145392537117,0.3156859484607063,-54.364962857422825
7997,0,normal,0.01032388024032116,0.3156859484607063,-54.249462845020616
7998,0,normal,0.010402506217360497,0.3161080157729589,-54.13975877119037
7999,0,normal,0.01046823151409626,0.3161080157729589,-54.035390610005834
8000,0,normal,0.010523587465286255,0.3161080157729589,-53.94376582703194
8001,0,normal,0.010568376630544662,0.315846443658094,-53.85721593093854
8002,0,normal,0.01060423906892538,0.315846443658094,-53.77552350797487
8003,0,normal,0.010632723569869995,0.315846443658094,-53.69846845942948
8004,0,normal,0.010655181482434273,0.3160199802691875,-53.625737319201335
8005,0,normal,0.010672783479094505,0.3160199802691875,-53.55707852866112
8006,0,normal,0.010686531662940979,0.3164069963236021,-53.49216539382405
8007,0,normal,0.010697206482291222,0.31657973602449013,-53.43056301876709
8008,0,normal,0.010705428197979927,0.3168848912390604,-53.371852079983
8009,0,normal,0.01071214210242033,0.3166061408952096,-53.33258151681912
8010,0,normal,0.010716701857745647,0.3166061408952096,-53.29580621510445
8011,0,normal,0.010719496756792068,0.3166061408952096,-53.261339585745645
8012,0,normal,0.010720904916524887,0.3166061408952096,-53.228924736456065
8013,0,normal,0.010721291415393353,0.3166061408952096,-53.19830140145723
8014,0,normal,0.01072100829333067,0.3166061408952096,-53.169217772224556
8015,0,normal,0.010720353573560715,0.3166061408952096,-53.141340430322316
8016,0,normal,0.010719601996243,0.3166061408952096,-53.11435171133985
8017,0,normal,0.010718967765569687,0.3166061408952096,-53.0878993209335
8018,0,normal,0.010718605481088161,0.3166061408952096,-53.06162573738948
8019,0,normal,0.010718605481088161,0.3166061408952096,-53.06162573738948
8020,0,normal,0.010718605481088161,0.3166061408952096,-53.06162573738948
8021,0,normal,0.009079016745090485,0.3166061408952096,-52.961251952054226
8022,0,normal,0.009110058657824993,0.3166061408952096,-52.8629497977488
8023,0,normal,0.00918956845998764,0.3166061408952096,-52.76694828818904
8024,0,normal,0.011843647807836533,0.3166061408952096,-52.77363539514067
8025,0,normal,0.011642505414783955,0.3166061408952096,-52.780644197692254
8026,0,normal,0.011495419777929783,0.3166061408952096,-52.787662276803076
8027,0,normal,0.011370817199349403,0.3166061408952096,-52.794713856249246
8028,0,normal,0.01554010808467865,0.3166061408952096,-52.8923336869459
8029,0,normal,0.014607970602810383,0.3166061408952096,-52.98806716751392
8030,0,normal,0.01953437551856041,0.3166061408952096,-53.16249300826303
8031,0,normal,0.017695654183626175,0.3166061408952096,-53.332691496062125
8032,0,normal,0.022805320098996162,0.3166061408952096,-53.56971391686125
8033,0,normal,0.02782709337770939,0.3166061408952096,-53.86211617981826
8034,0,normal,0.023781100288033485,0.3149813661604155,-54.145860261971166
8035,0,normal,0.02084042876958847,0.3149813661604155,-54.42058423577305
8036,0,normal,0.025335241109132767,0.3164561042148374,-54.73840524728712
8037,0,normal,0.021851403638720512,0.31603357213501865,-55.044811255301966
8038,0,normal,0.01940447837114334,0.31603357213501865,-55.33952445507953
8039,0,normal,0.017649520188570023,0.31603357213501865,-55.62209649263173
8040,0,normal,0.02110264264047146,0.31662343031329576,-55.93538529168791
8041,0,normal,0.015236644074320793,0.31663994802906437,-56.19063161118538
8042,0,normal,0.01466281060129404,0.31679917535358726,-56.43251872961582
8043,0,normal,0.014156139455735683,0.31629707792579187,-56.660891924994985
8044,0,normal,0.013725686818361282,0.31631127843424495,-56.87528238228265
8045,0,normal,0.013371245004236698,0.31631127843424495,-57.075488493045896
8046,0,normal,0.013081314973533154,0.3160743828845885,-57.261193580520285
8047,0,normal,0.012847943231463432,0.31660713390126843,-57.4322657100779
8048,0,normal,0.012664920650422573,0.3165130329734498,-57.58883090572476
8049,0,normal,0.01252705231308937,0.31727162707228423,-57.73072119367794
8050,0,normal,0.013172152452170849,0.31692149129828023,-57.80568727451259
8051,0,normal,0.01250042486935854,0.3169420734972775,-57.905093537066705
8052,0,normal,0.012082729488611221,0.3161842673585879,-57.99399151528678
8053,0,normal,0.011872243136167526,0.31531261164186747,-58.07355640446485
8054,0,normal,0.011819275096058846,0.31527683539311163,-58.10877004928261
8055,0,normal,0.011858474463224411,0.3150632971702463,-58.13688560285436
8056,0,normal,0.011939167976379395,0.31490494232033933,-58.159149641491695
8057,0,normal,0.01222391240298748,0.31490494232033933,-58.11493322792421
8058,0,normal,0.011730866506695747,0.3144287092279243,-58.043075483428765
8059,0,normal,0.01149680744856596,0.31376455020155947,-57.97174550035834
8060,0,normal,0.011426483280956745,0.31370551652892453,-57.88502404869155
8061,0,normal,0.011453893035650253,0.31376455020155947,-57.801133292852455
8062,0,normal,0.011529798619449139,0.3136860832613061,-57.713258854811784
8063,0,normal,0.011621208861470222,0.3136860832613061,-57.631319234163584
8064,0,normal,0.011705880053341389,0.3136860832613061,-57.55432104237593
8065,0,normal,0.011188200674951077,0.31366571250611686,-57.41098562434763
8066,0,normal,0.010930218733847141,0.31366571250611686,-57.28596140241484
8067,0,normal,0.010844784788787365,0.3159222318553094,-57.168860624337185
8068,0,normal,0.010860536247491837,0.3159222318553094,-57.05980070399801
8069,0,normal,0.010937134735286236,0.3144499817348358,-56.95885867502443
8070,0,normal,0.011040865443646908,0.31468565980713864,-56.885346653581564
8071,0,normal,0.011142934672534466,0.31468565980713864,-56.79982154844629
8072,0,normal,0.011236339807510376,0.31426088100201766,-56.72177200861529
8073,0,normal,0.011316276155412197,0.3146228217132092,-56.65102319196285
8074,0,normal,0.01138165220618248,0.3146228217132092,-56.587407017223086
8075,0,normal,0.011433280073106289,0.3146228217132092,-56.530609831585934
8076,0,normal,0.011472844518721104,0.3146228217132092,-56.480360623187835
8077,0,normal,0.014811363071203232,0.31459339141874065,-56.50777234694419
8078,0,normal,0.014210975728929043,0.3146290901132365,-56.538959771364034
8079,0,normal,0.01846883073449135,0.3131221137352458,-56.635149701139426
8080,0,normal,0.016951395198702812,0.31330059382333975,-56.72115273778877
8081,0,normal,0.02130768820643425,0.31476746252676946,-56.85977169240209
8082,0,normal,0.018965283408761024,0.31476746252676946,-56.99622220030324
8083,0,normal,0.017304645851254463,0.31476746252676946,-57.129749351754754
8084,0,normal,0.021047016605734825,0.31476746252676946,-57.30324318719818
8085,0,normal,0.018716584891080856,0.31476746252676946,-57.470821342206364
8086,0,normal,0.022086521610617638,0.31336593994429646,-57.66588464856159
8087,0,normal,0.019401557743549347,0.31352352088291296,-57.85021730688982
8088,0,normal,0.017601022496819496,0.3137196492721336,-58.02456165274634
8089,0,normal,0.016314199194312096,0.3141024708872815,-58.188593475985044
8090,0,normal,0.015338395722210407,0.3141024708872815,-58.34168662471143
8091,0,normal,0.014559353701770306,0.31419585514278264,-58.48335202094313
8092,0,normal,0.013914857059717178,0.3146491114585071,-58.61310529270145
8093,0,normal,0.01337699219584465,0.31457609702637523,-58.730194351996715
8094,0,normal,0.014137821272015572,0.316078561951716,-58.8000050087569
8095,0,normal,0.01327641773968935,0.316078561951716,-58.86604435327308
8096,0,normal,0.0126414829865098,0.3160990894073777,-58.92086277619023
8097,0,normal,0.012237459421157837,0.31572800867783063,-58.96446103907692
8098,0,normal,0.012034429237246513,0.314857610773495,-58.99691713419952
8099,0,normal,0.01372771617025137,0.314857610773495,-58.975085249669746
8100,0,normal,0.012757952325046062,0.3146250686747875,-58.944766706940754
8101,0,normal,0.012213168665766716,0.31469809447344443,-58.906904831363136
8102,0,normal,0.01196320541203022,0.31469809447344443,-58.862132931640645
8103,0,normal,0.011902879923582077,0.3144078361695908,-58.81143870579899
8104,0,normal,0.01193179190158844,0.3139870561235576,-58.75577547653961
8105,0,normal,0.0123031847178936,0.3139870561235576,-58.6436759123917
8106,0,normal,0.01174939051270485,0.3138937339266122,-58.531286277367144
8107,0,normal,0.011521373875439167,0.3138937339266122,-58.41223219668768
8108,0,normal,0.011480839923024178,0.313815234679804,-58.29563088847408
8109,0,normal,0.011554247699677944,0.313815234679804,-58.18392037107469
8110,0,normal,0.01166423037648201,0.31379886431692794,-58.07674468697928
8111,0,normal,0.011784672737121582,0.31364114498717355,-57.985527655805754
8112,0,normal,0.011888432316482067,0.31364114498717355,-57.90045400925919
8113,0,normal,0.011415880173444748,0.313627064351944,-57.760071208504314
8114,0,normal,0.01119723729789257,0.313627064351944,-57.64849773366518
8115,0,normal,0.011143692769110203,0.313627064351944,-57.54676989419272
8116,0,normal,0.011196151375770569,0.313627064351944,-57.48351454693875
8117,0,normal,0.011304729618132114,0.313627064351944,-57.43007166827056
8118,0,normal,0.011430920101702213,0.313627064351944,-57.38608573550664
8119,0,normal,0.011552687734365463,0.3136860832613061,-57.35130637530801
8120,0,normal,0.011659306474030018,0.31366571250611686,-57.32535195410355
8121,0,normal,0.011746887117624283,0.31366571250611686,-57.3078090046763
8122,0,normal,0.011067823506891727,0.31366571250611686,-57.22662082617376
8123,0,normal,0.010866761207580566,0.31366571250611686,-57.15470174300981
8124,0,normal,0.010806644335389137,0.3159222318553094,-57.063376612274396
8125,0,normal,0.010835148394107819,0.3159222318553094,-56.98085274010168
8126,0,normal,0.010917739011347294,0.31468565980713864,-56.906816701827665
8127,0,normal,0.011021235026419163,0.3149761745951143,-56.840697977287164
8128,0,normal,0.011125762946903706,0.31533893912462824,-56.781901473647395
8129,0,normal,0.011219386011362076,0.3146228217132092,-56.71050150367296
8130,0,normal,0.011300191283226013,0.3146228217132092,-56.645888592326855
8131,0,normal,0.011366905644536018,0.3146228217132092,-56.587749638539435
8132,0,normal,0.011420144699513912,0.31459339141874065,-56.53572538835965
8133,0,normal,0.011461358517408371,0.31459339141874065,-56.48946973120928
8134,0,normal,0.011492281220853329,0.3146290901132365,-56.44862619698756
8135,0,normal,0.011515202932059765,0.3146290901132365,-56.40218544386903
8136,0,normal,0.011531113646924496,0.3146290901132365,-56.36060966655759
8137,0,normal,0.011541575193405151,0.31480842918019186,-56.32358010258781
8138,0,normal,0.01154792308807373,0.31480842918019186,-56.29092971079922
8139,0,normal,0.010302594862878323,0.31480842918019186,-56.18124886418627
8140,0,normal,0.010201291181147099,0.31480842918019186,-56.077260781923314
8141,0,normal,0.010200507007539272,0.31480842918019186,-55.978782204107574
8142,0,normal,0.010260765440762043,0.3148871768694323,-55.88538488151721
8143,0,normal,0.01035839319229126,0.3148871768694323,-55.795243698636796
8144,0,normal,0.010469724424183369,0.3148871768694323,-55.70968603692654
8145,0,normal,0.01058017835021019,0.31508415830996894,-55.62852638883351
8146,0,normal,0.010681926272809505,0.31508415830996894,-55.5515976035158
8147,0,normal,0.010771525092422962,0.31508415830996894,-55.47864487359061
8148,0,normal,0.01084813755005598,0.31508415830996894,-55.409434071946635
8149,0,normal,0.010912385769188404,0.31508415830996894,-55.34366493677385
8150,0,normal,0.010965579189360142,0.31508415830996894,-55.28110644645153
8151,0,normal,0.011009241454303265,0.31508415830996894,-55.22148835518874
8152,0,normal,0.011046379804611206,0.31508415830996894,-55.172265609084434
8153,0,normal,0.011076019145548344,0.31508415830996894,-55.125878052100234
8154,0,normal,0.011099353432655334,0.31508415830996894,-55.082263874966884
8155,0,normal,0.01111740991473198,0.31508415830996894,-55.04150435731185
8156,0,normal,0.011131045408546925,0.3156859484607063,-55.00358985288335
8157,0,normal,0.01114096399396658,0.3156859484607063,-54.968437207831585
8158,0,normal,0.011147750541567802,0.3156859484607063,-54.93598377694775
8159,0,normal,0.011151920072734356,0.3156859484607063,-54.90610984476598
8160,0,normal,0.011153928004205227,0.3156859484607063,-54.87872521956501
8161,0,normal,0.011154212057590485,0.3156859484607063,-54.8536441918086
8162,0,normal,0.011153224855661392,0.3156859484607063,-54.830610844120656
8163,0,normal,0.011151350103318691,0.3156859484607063,-54.80936574599582
8164,0,normal,0.009616639465093613,0.3156859484607063,-54.69897944970239
8165,0,normal,0.009598223492503166,0.3156859484607063,-54.591860336443006
8166,0,normal,0.009650759398937225,0.3156859484607063,-54.48791995396277
8167,0,normal,0.009745314717292786,0.3158582945116637,-54.38685188381464
8168,0,normal,0.009862277656793594,0.3161627543196283,-54.288346479468146
8169,0,normal,0.009985352866351604,0.3161627543196283,-54.209026954840056
8170,0,normal,0.010102840140461922,0.3161627543196283,-54.13207244342561
8171,0,normal,0.010209373198449612,0.3161627543196283,-54.05757432851556
8172,0,normal,0.01363446470350027,0.3161627543196283,-54.07613242536968
8173,0,normal,0.013159302063286304,0.3165854591140632,-54.09518340079853
8174,0,normal,0.017771583050489426,0.3165854591140632,-54.19538413848704
8175,0,normal,0.016385190188884735,0.3165854591140632,-54.29390863606841
8176,0,normal,0.015338252298533916,0.3163234919258113,-54.3905675577289
8177,0,normal,0.02012535370886326,0.3163234919258113,-54.556719017097066
8178,0,normal,0.018133951351046562,0.3163234919258113,-54.7189953472282
8179,0,normal,0.022949350997805595,0.3149813661604155,-54.9389105659352
8180,0,normal,0.020186282694339752,0.3149813661604155,-55.15263047725284
8181,0,normal,0.024714473634958267,0.31603357213501865,-55.412148531129105
8182,0,normal,0.02140560932457447,0.31603357213501865,-55.662960160261036
8183,0,normal,0.01907610520720482,0.31603357213501865,-55.9044418298181
8184,0,normal,0.02288655750453472,0.316295299222632,-56.1795664330848
8185,0,normal,0.02005825750529766,0.316295299222632,-56.44274879117211
8186,0,normal,0.018143709748983383,0.31631179982034935,-56.69334036379837
8187,0,normal,0.01679389923810959,0.31629707792579187,-56.93097568158919
8188,0,normal,0.0158076211810112,0.31629707792579187,-57.15491199255757
8189,0,normal,0.01505563035607338,0.31631127843424495,-57.36494435573081
8190,0,normal,0.014246378093957901,0.31631127843424495,-57.51705650431177
8191,0,normal,0.013614113442599773,0.31580215789639315,-57.65608805907891
8192,0,normal,0.013055380433797836,0.3162577314510504,-57.78201299635748
8193,0,normal,0.012623574584722519,0.3162577314510504,-57.894359375675776
8194,0,normal,0.012338127940893173,0.3162577314510504,-58.01981616433795
8195,0,normal,0.012179268524050713,0.3162577314510504,-58.132002892373976
8196,0,normal,0.013384122401475906,0.3162782705427241,-58.17879126236471
8197,0,normal,0.012568369507789612,0.3161842673585879,-58.2155322331962
8198,0,normal,0.012103657238185406,0.31531261164186747,-58.243160821546326
8199,0,normal,0.011893186718225479,0.31531261164186747,-58.262833212944315
8200,0,normal,0.01185846608132124,0.31507973349647334,-58.27562457380009
8201,0,normal,0.011914514005184174,0.3150632971702463,-58.28282085021419
8202,0,normal,0.012005072087049484,0.3147331164598857,-58.25915726585799
8203,0,normal,0.01209467276930809,0.31414002231024946,-58.232563726975286
8204,0,normal,0.01216963306069374,0.31370551652892453,-58.18704600943465
8205,0,normal,0.012220836244523525,0.31370551652892453,-58.14080129804756
8206,0,normal,0.012249267660081387,0.31370551652892453,-58.09503271735343
8207,0,normal,0.014898036606609821,0.31370551652892453,-58.095850397970025
8208,0,normal,0.014391813427209854,0.313627064351944,-58.09728772553808
8209,0,normal,0.017959516495466232,0.313627064351944,-58.144723809621155
8210,0,normal,0.01654503494501114,0.3136860832613061,-58.19187903667785
8211,0,normal,0.015522115863859653,0.31366571250611686,-58.24941131750734
8212,0,normal,0.01865905523300171,0.31219100258360216,-58.34126145702817
8213,0,normal,0.016856946051120758,0.31234799268668584,-58.43119058154093
8214,0,normal,0.019701221957802773,0.31234799268668584,-58.56362076187952
8215,0,normal,0.01739633083343506,0.3127291405150924,-58.69136476303379
8216,0,normal,0.015820948407053947,0.312822116472518,-58.81351755065816
8217,0,normal,0.014651275239884853,0.312822116472518,-58.929698024778645
8218,0,normal,0.015959301963448524,0.3131109108551309,-59.05531520184718
8219,0,normal,0.014325931668281555,0.3135534323637333,-59.17142393183531
8220,0,normal,0.012934792786836624,0.3135534323637333,-59.241204461602365
8221,0,normal,0.012368489056825638,0.31339878594879467,-59.30192274986598
8222,0,normal,0.011873658746480942,0.31341913936866367,-59.3534277531287
8223,0,normal,0.011523064225912094,0.31341913936866367,-59.39518554404208
8224,0,normal,0.011302944272756577,0.31341913936866367,-59.42678741482746
8225,0,normal,0.011154389940202236,0.31341913936866367,-59.447544420896065
8226,0,normal,0.012746106833219528,0.31341913936866367,-59.42142380718451
8227,0,normal,0.011779380030930042,0.31341913936866367,-59.386466192381704
8228,0,normal,0.011125270277261734,0.31341913936866367,-59.34289917876367
8229,0,normal,0.010723230428993702,0.31321995187253177,-59.29111117290131
8230,0,normal,0.010498532094061375,0.3128596250166387,-59.23141852436743
8231,0,normal,0.010370060801506042,0.3130853313443494,-59.16432775297585
8232,0,normal,0.010685469955205917,0.31458067613828056,-59.05630808550336
8233,0,normal,0.010049376636743546,0.3143466830459028,-58.94459872473794
8234,0,normal,0.009785795584321022,0.3143466830459028,-58.83023893362565
8235,0,normal,0.009769727475941181,0.3126683690799436,-58.714337097240104
8236,0,normal,0.009895484894514084,0.3126683690799436,-58.5982250784798
8237,0,normal,0.010022823698818684,0.3126683690799436,-58.449999475733875
8238,0,normal,0.009806815534830093,0.3132042121307907,-58.30578411941019
8239,0,normal,0.009870234876871109,0.31327690814268166,-58.18618771758247
8240,0,normal,0.010094363242387772,0.31294158966805175,-58.072536924658834
8241,0,normal,0.010394207201898098,0.31294158966805175,-57.96574364853268
8242,0,normal,0.010710423812270164,0.3130648511718052,-57.89481344855926
8243,0,normal,0.010693500749766827,0.3129232953334952,-57.77915162654176
8244,0,normal,0.01059782411903143,0.31270712015317415,-57.71103901718902
8245,0,normal,0.010684018954634666,0.31270712015317415,-57.65356120805609
8246,0,normal,0.010874869301915169,0.31270712015317415,-57.606808207753375
8247,0,normal,0.011114399880170822,0.31401657287507245,-57.57073981026247
8248,0,normal,0.011361743323504925,0.3140001920092668,-57.59104536896393
8249,0,normal,0.011580871418118477,0.3138423714896348,-57.6213885752818
8250,0,normal,0.011754317209124565,0.31364114498717355,-57.615459483399036
8251,0,normal,0.011892519891262054,0.313627064351944,-57.61890366996363
8252,0,normal,0.011370200663805008,0.313627064351944,-57.56923514788559
8253,0,normal,0.011192317120730877,0.313627064351944,-57.5302593235549
8254,0,normal,0.011158112436532974,0.313627064351944,-57.501791367792976
8255,0,normal,0.011212501674890518,0.313627064351944,-57.48328397479304
8256,0,normal,0.011313515715301037,0.313627064351944,-57.43704331909248
8257,0,normal,0.011433523148298264,0.3136860832613061,-57.39993868618899
8258,0,normal,0.011550894007086754,0.31366571250611686,-57.37156687878792
8259,0,normal,0.011654671281576157,0.31366571250611686,-57.35160992727651
8260,0,normal,0.011740551330149174,0.31366571250611686,-57.339459789852526
8261,0,normal,0.011086816899478436,0.31366571250611686,-57.26297769818757
8262,0,normal,0.010873175226151943,0.31366571250611686,-57.16674147425829
8263,0,normal,0.010809097439050674,0.3159222318553094,-57.07917539811865
8264,0,normal,0.010834740474820137,0.3159222318553094,-57.00000966233074
8265,0,normal,0.010915515944361687,0.3149761745951143,-56.92880237078339
8266,0,normal,0.011017974466085434,0.31533893912462824,-56.864907707046086
8267,0,normal,0.011120249517261982,0.31533893912462824,-56.78823679107063
8268,0,normal,0.011214803904294968,0.3146228217132092,-56.71836605211297
8269,0,normal,0.014294911175966263,0.3146228217132092,-56.72643388616211
8270,0,normal,0.013847768306732178,0.31459339141874065,-56.73863050791033
8271,0,normal,0.013498607091605663,0.3130865860264947,-56.75433564126979
8272,0,normal,0.017482955008745193,0.3130865860264947,-56.835120107132525
8273,0,normal,0.01622503437101841,0.3145881467975673,-56.906095645853384
8274,0,normal,0.020469259470701218,0.3145881467975673,-57.03023001023507
8275,0,normal,0.01836579293012619,0.3145881467975673,-57.15261738699269
8276,0,normal,0.016872497275471687,0.31476746252676946,-57.272574655779636
8277,0,normal,0.02056986652314663,0.31476746252676946,-57.433307806367566
8278,0,normal,0.01837495155632496,0.31476746252676946,-57.5889508954067
8279,0,normal,0.021737653762102127,0.3132875726893874,-57.773041482396366
8280,0,normal,0.019142543897032738,0.3134451142198106,-57.94878222571674
8281,0,normal,0.017401421442627907,0.31352352088291296,-58.11515212897643
8282,0,normal,0.016156746074557304,0.3139061031691348,-58.27029953841793
8283,0,normal,0.015210534445941448,0.3139061031691348,-58.4152289777096
8284,0,normal,0.01445506326854229,0.3148849387771516,-58.54963003381613
8285,0,normal,0.01383126899600029,0.3146491114585071,-58.67293280168019
8286,0,normal,0.013312230817973614,0.31457609702637523,-58.78457785339833
8287,0,normal,0.014069484546780586,0.316078561951716,-58.85004548513007
8288,0,normal,0.01323116198182106,0.316078561951716,-58.904980241340354
8289,0,normal,0.012613600119948387,0.3160990894073777,-58.94933625188423
8290,0,normal,0.012221413664519787,0.314857610773495,-58.982727756774466
8291,0,normal,0.012022946029901505,0.314857610773495,-59.01288822868264
8292,0,normal,0.013693436048924923,0.3146607709638811,-58.98901442246188
8293,0,normal,0.012730666436254978,0.3146250686747875,-58.95691296782229
8294,0,normal,0.012191171757876873,0.31469809447344443,-58.91751842706094
8295,0,normal,0.011944831348955631,0.31469809447344443,-58.871546156223985
8296,0,normal,0.011886993423104286,0.3144078361695908,-58.819968799143
8297,0,normal,0.012598649598658085,0.3139870561235576,-58.71102445094493
8298,0,normal,0.011912805028259754,0.3139870561235576,-58.60074981738444
8299,0,normal,0.011615926399827003,0.3138937339266122,-58.48276288376337
8300,0,normal,0.011542793363332748,0.3138937339266122,-58.36598142455409
8301,0,normal,0.011594210751354694,0.313815234679804,-58.251700452186014
