timestamp_idx,ground_truth,anomaly_class,lstm_score,iforest_score,svm_score
0,0,normal,,,
1,0,normal,,,
2,0,normal,,,
3,0,normal,,,
4,0,normal,,,
5,0,normal,,,
6,0,normal,,,
7,0,normal,,,
8,0,normal,,,
9,0,normal,,,
10,0,normal,,,
11,0,normal,,,
12,0,normal,,,
13,0,normal,,,
14,0,normal,,,
15,0,normal,,,
16,0,normal,,,
17,0,normal,,,
18,0,normal,,,
19,0,normal,,,
20,0,normal,,,
21,0,normal,,,
22,0,normal,,,
23,0,normal,,,
24,0,normal,,,
25,0,normal,,,
26,0,normal,,,
27,0,normal,,,
28,0,normal,,,
29,0,normal,0.09495443105697632,0.317616547813679,-50.9602732077808
30,0,normal,0.017497273162007332,0.32633482097569916,-50.87235086633541
31,0,normal,0.01874171569943428,0.31553577730332666,-51.09663490838966
32,0,normal,0.018008682876825333,0.31664772670254204,-51.08163800215107
33,0,normal,0.010304214432835579,0.31704800698542684,-51.10186374264572
34,0,normal,0.018191371113061905,0.3164610822733072,-51.0848370488211
35,0,normal,0.01775958389043808,0.3190136439439227,-51.30434574236142
36,0,normal,0.017634112387895584,0.31881986983276667,-51.33669207923822
37,0,normal,0.018201790750026703,0.3160126570862739,-51.31143047853698
38,0,normal,0.01865922100841999,0.3175617221510295,-51.2813937822516
39,0,normal,0.01849934086203575,0.31821127934704296,-51.26300487681169
40,0,normal,0.016531897708773613,0.3173697464728604,-51.47991793615688
41,0,normal,0.01955953985452652,0.3154180522237177,-51.49605134916851
42,0,normal,0.08703413605690002,0.3175626093496972,-51.32398367409314
43,0,normal,0.007676791865378618,0.31805343528126856,-51.28858371903607
44,0,normal,0.01607738994061947,0.3150339059721288,-51.266105157425045
45,0,normal,0.005284449551254511,0.32010245008603644,-51.56379542608693
46,0,normal,0.01899496652185917,0.31528917884991237,-51.510762073286514
47,0,normal,0.012917689979076385,0.3177920366100685,-51.503993379315034
48,0,normal,0.014742261730134487,0.31714043621795024,-51.71264412752953
49,0,normal,0.017594095319509506,0.3169328141504386,-51.65923348745946
50,0,normal,0.017567595466971397,0.3150187411470266,-51.62541880247977
51,0,normal,0.017564494162797928,0.31630054248408945,-51.5841576008263
52,0,normal,0.08683320879936218,0.31284500157063827,-51.367033005486974
53,0,normal,0.01648532599210739,0.312079361531434,-52.64433735241323
54,0,normal,0.018198346719145775,0.3167130385614178,-52.60494392658916
55,0,normal,0.017740773037075996,0.3126704284542944,-53.9421165388419
56,0,normal,0.016554994508624077,0.3127659620491322,-53.91240799669322
57,0,normal,0.01567203365266323,0.31378158764798403,-53.9073609255729
58,0,normal,0.3633757531642914,0.31398796041135935,-54.00209030212568
59,0,normal,0.013816825114190578,0.3126894421108721,-54.22750963215617
60,0,normal,0.0168975368142128,0.3167470452733305,-54.256633400903866
61,0,normal,0.3570338785648346,0.3147047231998352,-53.01004574756644
62,0,normal,1.414826512336731,0.32329971062326296,-47.96021433474766
63,0,normal,0.03276105225086212,0.3214302866104314,-48.01975587339098
64,0,normal,0.02229810319840908,0.32084306710577803,-48.004078325222736
65,0,normal,0.024182770401239395,0.31945660634854744,-47.97768880842
66,0,normal,0.025118838995695114,0.31669214672243945,-47.95904238763501
67,0,normal,0.028794799000024796,0.3172328632087047,-47.89636762813575
68,0,normal,0.09738996624946594,0.3183061537484538,-47.72713426206133
69,0,normal,0.013744199648499489,0.32139668995908083,-47.77800379688824
70,0,normal,0.015007087029516697,0.3182503335402567,-47.76789805819726
71,0,normal,0.0156878475099802,0.3218562929274518,-47.79652706924935
72,0,normal,0.016289763152599335,0.3226441885948008,-48.027412320936946
73,0,normal,0.020588401705026627,0.3208998997636136,-47.947796405666395
74,0,normal,0.009263990446925163,0.31880418967754753,-48.008602440891764
75,0,normal,0.015945425257086754,0.3198524138029327,-47.952856313843995
76,0,normal,7.281862735748291,0.33839595026223895,-18.734228654535627
77,0,normal,0.1758638620376587,0.343377247654558,-18.74776014086069
78,0,normal,2.1797690391540527,0.3473207217718704,-18.02481445195076
79,0,normal,0.5297244191169739,0.36668581002017764,6.047876479856313
80,0,normal,0.17955370247364044,0.36472379292121443,7.092551204225856
81,0,normal,9.85617446899414,0.40430621838881775,51.90672654867922
82,0,normal,0.20968809723854065,0.39954166575347305,53.10786886486244
83,0,normal,9.522677421569824,0.4371394975050584,95.95419147092628
84,0,normal,0.6978645324707031,0.42720557080450344,95.68381589698595
85,0,normal,0.5087108016014099,0.42202078962035605,96.9842628585385
86,0,normal,1.529573917388916,0.4362036843603983,99.45103825891408
87,0,normal,1.0549776554107666,0.4647040885075756,121.89733984506859
88,0,normal,0.6422969698905945,0.4608827798487632,121.71662191179655
89,0,normal,0.3776973783969879,0.4598797972434189,122.30513794477179
90,0,normal,1.8566646575927734,0.4673297809877959,134.2058161563881
91,0,normal,0.3613809049129486,0.4677272086378699,134.2103815975339
92,0,normal,0.02059704065322876,0.484132146161006,129.4983448158589
93,0,normal,0.02371731400489807,0.4715610425138005,129.2222801094057
94,0,normal,0.020955784246325493,0.45112194453383014,129.29922955819848
95,0,normal,0.01258156169205904,0.451087499720831,129.2929003704603
96,0,normal,0.015406820923089981,0.4657643738094555,129.3918274949175
97,0,normal,0.020045064389705658,0.4639792602992805,129.4129866918115
98,0,normal,0.016405873000621796,0.46165684792259043,129.3652576578454
99,0,normal,0.017334256321191788,0.46277931254055693,129.49393867751849
100,0,normal,0.005282673519104719,0.462873917470923,129.83267945430225
101,0,normal,0.016009502112865448,0.47893580735117475,130.15011554368152
102,0,normal,0.01987127773463726,0.4577313855587118,130.79377406034519
103,0,normal,0.012570790946483612,0.4661680656831789,131.45998588873204
104,0,normal,0.01908608339726925,0.47407973018290817,132.296951205661
105,0,normal,0.01710350625216961,0.45171070767965815,133.29114776229324
106,0,normal,0.08659994602203369,0.4371900200050734,109.5511247260539
107,0,normal,0.016811508685350418,0.4313256307079093,110.56973470455137
108,0,normal,0.011354625225067139,0.43224107999088024,109.2506627656644
109,0,normal,0.02136952430009842,0.40513842356946916,85.91877577003652
110,0,normal,0.018113769590854645,0.4001117641861704,84.70174564698732
111,0,normal,0.018067650496959686,0.38967783336635015,41.14718534017379
112,0,normal,0.021585004404187202,0.38994040411842507,39.58224611243509
113,0,normal,0.015593629330396652,0.3534391954322075,-6.076654974981693
114,0,normal,0.0211101695895195,0.3540958839277644,-5.331428310515548
115,0,normal,0.36345812678337097,0.34973127509220947,-6.018118712372598
116,0,normal,0.09914097934961319,0.36011176916476867,-9.199932555911573
117,0,normal,0.37210553884506226,0.33986569308951486,-35.36889035698823
118,0,normal,0.011597242206335068,0.3363655270189458,-36.57552700698625
119,0,normal,0.3475710451602936,0.33520386660220514,-36.2379671794331
120,0,normal,0.01044559571892023,0.3174081106513962,-50.47333677461347
121,0,normal,0.07915153354406357,0.3210618754096025,-51.60554254196359
122,0,normal,0.012906461954116821,0.31712938503453547,-51.59192657959761
123,0,normal,0.016517965123057365,0.3179913779731492,-51.57777825046037
124,0,normal,0.017216088250279427,0.3165057130765518,-51.56963275153248
125,0,normal,0.08546675741672516,0.3171121525557458,-51.3482709725738
126,0,normal,0.012956895865499973,0.31898448259609086,-51.34074590552132
127,0,normal,0.021824099123477936,0.31638849142053205,-51.31889660844763
128,0,normal,0.015582327730953693,0.31959760497687867,-51.328567222742095
129,0,normal,0.017013970762491226,0.3177658889984935,-51.32591077440429
130,0,normal,0.0076644825749099255,0.31823932762898427,-51.30897514575304
131,0,normal,0.08875487744808197,0.3181275773377923,-51.13055768137542
132,0,normal,0.01068373117595911,0.31727843120946797,-51.18192060820729
133,0,normal,0.019500482827425003,0.31858481686529616,-51.16616647220599
134,0,normal,0.017253659665584564,0.31904920568331957,-51.17227111390707
135,0,normal,0.018639959394931793,0.3188624655821473,-51.17157754924233
136,0,normal,0.018827291205525398,0.3170780242600811,-51.38073436380955
137,0,normal,0.0865645632147789,0.3205721246565195,-51.222411638249696
138,0,normal,0.009583567269146442,0.3156094651670136,-51.211625174318215
139,0,normal,0.017781123518943787,0.3191463051094788,-51.202811742699396
140,0,normal,0.017777830362319946,0.3153343308985927,-51.14112163222535
141,0,normal,0.018732450902462006,0.31949582898913814,-51.08930350733567
142,0,normal,0.01872251182794571,0.31383774040034956,-51.05671135671855
143,0,normal,0.08640746027231216,0.3199904255021798,-50.8137462984248
144,0,normal,0.013986047357320786,0.31576703512519894,-50.79394426576255
145,0,normal,0.021180259063839912,0.3180333448670778,-52.05896143136374
146,0,normal,0.018585985526442528,0.3142147002056783,-52.235171794407506
147,0,normal,0.01934405416250229,0.31182403526125074,-53.52924502784526
148,0,normal,0.3621197044849396,0.3146344701284294,-52.26598229362912
149,0,normal,0.012323489412665367,0.3152441364739442,-53.58200657776342
150,0,normal,0.3559053838253021,0.3189434417013637,-52.326450039420706
151,0,normal,0.011621172539889812,0.31441648560654384,-52.55858833912066
152,0,normal,0.017970891669392586,0.3182733050712877,-52.515538994211965
153,0,normal,0.3537653684616089,0.31493212862200853,-51.24745364227783
154,0,normal,0.09477059543132782,0.31935274543308173,-51.05297396805895
155,0,normal,0.011762621812522411,0.32391687765415356,-51.2930402843549
156,0,normal,0.017088519409298897,0.3167657866562823,-51.29572716650091
157,0,normal,0.0186789408326149,0.31707211496888826,-51.28852050350724
158,0,normal,0.021520638838410378,0.31605973422736716,-51.23373236158773
159,0,normal,0.08555705100297928,0.31737662520765586,-51.02995042871976
160,0,normal,0.012014172971248627,0.32077226755272825,-50.984361780918334
161,0,normal,0.014088897034525871,0.3197711212417506,-51.25746580658847
162,0,normal,0.015216480009257793,0.31587177116860704,-51.241117769260654
163,0,normal,0.013077998533844948,0.3178598078350899,-51.26283905975333
164,0,normal,0.016282163560390472,0.31703342156662556,-51.26996217301621
165,0,normal,0.01631499081850052,0.31859465652160124,-51.25714594814167
166,0,normal,0.02117438241839409,0.31678887616297596,-51.26425981319585
167,0,normal,0.015490659512579441,0.31734790069448116,-51.51755304472863
168,0,normal,0.08744730055332184,0.3202410607701035,-51.31169672026044
169,0,normal,7.3388671875,0.3312434521368894,-22.018068783641183
170,0,normal,0.1778593510389328,0.3455297470449989,-22.04182799400587
171,0,normal,2.1710448265075684,0.3453283962025526,-21.49041249631955
172,0,normal,0.5557622909545898,0.3710379906023243,2.672332802974779
173,0,normal,0.7026458382606506,0.36060072720170383,2.0899069855061043
174,0,normal,0.2437201291322708,0.38277703853489914,3.7835430218224246
175,0,normal,0.20338833332061768,0.38656909211639745,5.275391513757086
176,0,normal,0.20733612775802612,0.3857226240466845,6.765554399679559
177,0,normal,0.23107163608074188,0.39490556454589243,8.235395982051159
178,0,normal,1.3110164403915405,0.37209514963345797,8.178902524672367
179,0,normal,1.2004481554031372,0.39515196334147173,9.873504612765373
180,0,normal,3.172502279281616,0.39108550763519795,8.636034920355542
181,0,normal,1.1209080219268799,0.42457672053423223,34.106381652076834
182,0,normal,0.19425159692764282,0.4237930963432853,35.40954217538592
183,0,normal,2.1445841789245605,0.41303623054358013,47.15680966791501
184,0,normal,0.03845814988017082,0.43146065918969423,46.99394393140369
185,0,normal,0.02755267731845379,0.4129700074782978,46.59219343603854
186,0,normal,0.02705744281411171,0.4496054563337004,46.38993899498769
187,0,normal,0.01575077325105667,0.42469939969505277,46.459505714985426
188,0,normal,0.016024965792894363,0.42753855378904415,46.625740491166425
189,0,normal,0.017981236800551414,0.4166156543544874,46.52206986878605
190,0,normal,0.018809789791703224,0.42950214063888187,46.66448585652938
191,0,normal,0.01678301766514778,0.4205057221189914,46.840088174489665
192,0,normal,0.08689972013235092,0.4176399736760159,47.185117864973336
193,0,normal,0.010619167238473892,0.4379452670605838,47.56102027571592
194,0,normal,0.016059255227446556,0.41240324950399787,47.86105277764318
195,0,normal,0.020618587732315063,0.41874491939217184,48.34461927147345
196,0,normal,0.016078397631645203,0.42191328500781783,48.920375277233006
197,0,normal,0.08616593480110168,0.4402941204903929,49.66996760770962
198,0,normal,0.0074087828397750854,0.41514185707455264,50.27184963680406
199,0,normal,0.021513570100069046,0.4035610148849435,23.927065993991164
200,0,normal,0.01603587716817856,0.40897675517613974,24.63210564136375
201,0,normal,0.012784427963197231,0.4083684540729468,23.01490214113869
202,0,normal,0.0857168585062027,0.3734214295716596,-2.2243533916725937
203,0,normal,0.011023564264178276,0.3822135259515445,-1.3210463019020153
204,0,normal,0.016404487192630768,0.37969254072770026,-2.9389082843790675
205,0,normal,0.015969542786478996,0.3650659955333196,-4.314136688658209
206,0,normal,0.019389353692531586,0.37229503262501357,-5.907300948262446
207,0,normal,0.36220642924308777,0.36031182768042747,-6.252766288527482
208,0,normal,0.011039470322430134,0.3466006777560427,-6.934041771662351
209,0,normal,0.3567417860031128,0.35146591218138995,-7.987016674738925
210,0,normal,0.01199424359947443,0.3646394223490098,-7.59239076250833
211,0,normal,0.019751466810703278,0.33773960010771437,-35.9701191481588
212,0,normal,0.018046151846647263,0.3284541394366913,-38.40124654235092
213,0,normal,0.016648657619953156,0.3139103688068698,-52.86673027208508
214,0,normal,0.017550187185406685,0.3184343559956524,-52.86405979360961
215,0,normal,0.01817815750837326,0.3149370416005204,-52.84464180053965
216,0,normal,0.021573185920715332,0.31442786129289796,-52.830667388874645
217,0,normal,0.018382610753178596,0.3159052346247015,-52.80187346189655
218,0,normal,0.0872836783528328,0.3152138571375328,-52.604437917630776
219,0,normal,0.013397891074419022,0.31444769854891347,-52.6004974633322
220,0,normal,0.021559057757258415,0.31756043205880413,-52.582632115297656
221,0,normal,0.018685640767216682,0.3171107529836222,-52.555241470564624
222,0,normal,0.01841048337519169,0.31771131490561194,-52.7626606229353
223,0,normal,0.017999855801463127,0.314879699804894,-52.72949994345913
224,0,normal,0.08658941090106964,0.31712600169295996,-52.53189098429971
225,0,normal,0.016703836619853973,0.3132320967029766,-52.52752727189477
226,0,normal,0.018631715327501297,0.31653929932465913,-52.505103328669975
227,0,normal,0.01740870624780655,0.31659208047454995,-52.71540996685167
228,0,normal,0.018414337188005447,0.3142781672366106,-52.65068058723955
229,0,normal,0.08608812838792801,0.31800523868674413,-52.44868486833161
230,0,normal,0.012739009223878384,0.31455038430685633,-52.414926881759584
231,0,normal,0.01991029642522335,0.31692193151930864,-52.35868651381929
232,0,normal,0.015408149920403957,0.3117416465524322,-52.57527787295908
233,0,normal,0.01729678362607956,0.3175238717455515,-52.51365987738541
234,0,normal,0.018296804279088974,0.31113661379000884,-52.48488560700275
235,0,normal,0.01968212053179741,0.3175252521219381,-52.43041209115859
236,0,normal,0.018709179013967514,0.31422634038691255,-52.42227250973974
237,0,normal,0.0182436965405941,0.3123922503037818,-53.749094210955946
238,0,normal,0.01656624861061573,0.31344178769434,-53.73416941063897
239,0,normal,0.02073039673268795,0.3110917477244418,-55.045028876148535
240,0,normal,0.36334097385406494,0.3115610315383219,-53.81226700940465
241,0,normal,0.09895814210176468,0.31469307755772197,-53.64648574357875
242,0,normal,0.372063547372818,0.31910454124164944,-52.409496934498065
243,0,normal,0.01189107820391655,0.31522257626456174,-52.409878145444054
244,0,normal,0.02477138303220272,0.3189918673545238,-52.358799031050694
245,0,normal,0.34955212473869324,0.3173135693602131,-51.10214601514167
246,0,normal,0.009944599121809006,0.31630943396572403,-51.10835603530222
247,0,normal,0.08097133040428162,0.3227727701906269,-50.92769600494694
248,0,normal,0.014652030542492867,0.3163962031492525,-51.154969017283975
249,0,normal,0.022823605686426163,0.31822225094664386,-51.1083061160964
250,0,normal,0.0185098797082901,0.3150499322025978,-51.10606887186236
251,0,normal,0.01883581280708313,0.3165396173623979,-51.082089188919554
252,0,normal,0.0867791473865509,0.3171223541922531,-50.89880200372522
253,0,normal,0.015058317221701145,0.3217715347213734,-50.90444873366641
254,0,normal,0.01755436882376671,0.31758264620199694,-51.12387595568066
255,0,normal,0.014417599886655807,0.31536658268160717,-51.16842968080732
256,0,normal,0.015163632109761238,0.31859483980882225,-51.18255888250633
257,0,normal,0.021176474168896675,0.31795949003792817,-51.14104379013634
258,0,normal,0.0163763165473938,0.3178263215005681,-51.18117737446255
259,0,normal,0.011833574622869492,0.3205470389053106,-51.46272338601693
260,0,normal,0.015343189239501953,0.3179324207138607,-51.48466180382434
261,0,normal,0.020601723343133926,0.31479372154353474,-51.46869839981309
262,0,normal,0.08671896904706955,0.32278744313322316,-51.26736887813195
263,0,normal,0.010446724481880665,0.31343782806700504,-51.277476905443564
264,0,normal,0.017416661605238914,0.3181486758961316,-51.25478546139698
265,0,normal,0.0185401514172554,0.318461577475392,-51.23259985189702
266,0,normal,7.28782320022583,0.3371789558255941,-21.87363310603814
267,0,normal,0.17920289933681488,0.3438828416540812,-21.854004078782054
268,0,normal,2.4807705879211426,0.3361426439816676,-22.78061947858214
269,0,normal,0.6743162274360657,0.3671917428224833,1.5207108414172126
270,0,normal,0.36031511425971985,0.36080291398306047,2.6054709372322122
271,0,normal,0.20183783769607544,0.3827303996805887,4.014291808676944
272,0,normal,1.1760281324386597,0.3843329098825348,3.9174781880544742
273,0,normal,0.2074526697397232,0.3757983320971495,5.4404228132095795
274,0,normal,0.19142240285873413,0.3968558217502366,6.856481053794369
275,0,normal,4.580859661102295,0.4044276141973256,31.072932327577746
276,0,normal,0.20810560882091522,0.4169559298520843,32.46322923753246
277,0,normal,0.45533668994903564,0.41356544814139623,33.62462246905602
278,0,normal,2.2208449840545654,0.4282525505923166,46.43121462841509
279,0,normal,0.04220224916934967,0.41995687502220225,46.45625017088946
280,0,normal,0.032555896788835526,0.4307378496566153,46.18606923641005
281,0,normal,0.09031544625759125,0.41772469664322526,46.14968720306524
282,0,normal,0.01898534782230854,0.42619430314887274,45.999750486324956
283,0,normal,0.02177470177412033,0.4237593751211675,46.0439928844678
284,0,normal,0.024545827880501747,0.4187650583190851,46.17811500747666
285,0,normal,0.01950100064277649,0.4134175375001315,46.36068514461999
286,0,normal,0.0050405110232532024,0.42226967401490567,46.37504435220808
287,0,normal,0.016407065093517303,0.43490133856109936,46.41877097027668
288,0,normal,0.018488014116883278,0.4309293285320679,46.55076988874043
289,0,normal,0.021161513403058052,0.41945689003395437,46.67047884993622
290,0,normal,0.08548536151647568,0.4162356695264772,47.18648646335373
291,0,normal,0.013279382139444351,0.40260359402811996,47.443766624092405
292,0,normal,0.017934171482920647,0.41387607562449225,47.63287963591847
293,0,normal,0.021576717495918274,0.4238241991250414,48.1423193912658
294,0,normal,0.022127347066998482,0.43319183472379963,48.66433150584817
295,0,normal,0.0857974961400032,0.4121666201095873,49.62331156916525
296,0,normal,0.013659891672432423,0.3924157897326924,23.575545344999455
297,0,normal,0.01772286929190159,0.3872178559498798,24.45097008994776
298,0,normal,0.01954749785363674,0.4047526390153959,25.52778295726057
299,0,normal,0.3614678978919983,0.37921257729106567,1.4681243995362365
300,0,normal,0.09826194494962692,0.3796879970608258,-0.9539702175011371
301,0,normal,0.371773362159729,0.3738607244886649,-1.318557156621182
302,0,normal,0.0080337505787611,0.3641127954946125,-1.7675709434331566
303,0,normal,0.023101329803466797,0.3655029611937046,-3.4745164771250074
304,0,normal,0.35019680857658386,0.36810420885969414,-4.041468136846561
305,0,normal,0.094455786049366,0.34265264335297646,-31.967765656830807
306,0,normal,0.015373621135950089,0.3431352790313885,-34.47102992674195
307,0,normal,0.018359381705522537,0.32957453266490966,-36.82907978810658
308,0,normal,0.016022510826587677,0.31829882546632166,-51.05796578989157
309,0,normal,0.022626735270023346,0.3152421044484697,-50.99543740949275
310,0,normal,0.019700750708580017,0.31893311220166753,-50.975662051279414
311,0,normal,0.019235292449593544,0.31842101676642254,-51.19458960124598
312,0,normal,0.021703114733099937,0.32018897838337973,-51.20103827406933
313,0,normal,0.018757782876491547,0.31808663247077995,-51.193854002456874
314,0,normal,0.017758037894964218,0.3181985807677554,-51.2043978349061
315,0,normal,0.017452821135520935,0.318474513991701,-51.207268473290014
316,0,normal,0.01878315955400467,0.31689486428007996,-51.11879949261743
317,0,normal,0.019640712067484856,0.31742507711024337,-51.13294988175812
318,0,normal,0.018773488700389862,0.31905839382771206,-51.13784395969151
319,0,normal,0.01845906488597393,0.31984834977780857,-51.13558980764196
320,0,normal,0.018336445093154907,0.3155632306203927,-51.34175659576135
321,0,normal,0.01834236830472946,0.32026114045871057,-51.32348857354509
322,0,normal,0.017259616404771805,0.3140910007801099,-51.305609212154195
323,0,normal,0.018312787637114525,0.316921744676471,-51.28599402523878
324,0,normal,0.020158573985099792,0.3174814810205499,-51.24624785540391
325,0,normal,7.27550745010376,0.3323464069247042,-22.114943388079382
326,0,normal,0.22911334037780762,0.3432019122796385,-21.933823001474593
327,0,normal,1.4356961250305176,0.370917143896578,2.041611468004703
328,0,normal,0.15885622799396515,0.355090448098824,2.6222141609341634
329,0,normal,0.1904098391532898,0.36665470650204485,2.755285785661499
330,0,normal,0.20358842611312866,0.38362533720876235,4.005322988995431
331,0,normal,1.0239259004592896,0.36917680379129475,3.88544147736593
332,0,normal,0.1937577873468399,0.3925709974776319,5.444001296852548
333,0,normal,0.3233775496482849,0.39005252941277707,7.090900104536331
334,0,normal,3.0000391006469727,0.4052957889497193,31.294964495834847
335,0,normal,0.21449005603790283,0.4148156563205159,32.29297701893961
336,0,normal,0.6756781935691833,0.41450791959234545,34.03538948928713
337,0,normal,0.5871754288673401,0.416492783873079,34.101465077183775
338,0,normal,2.115675210952759,0.4343954979028851,46.97241268587209
339,0,normal,0.0921819731593132,0.4333493230131948,47.172527512106626
340,0,normal,0.028538784012198448,0.4218826337459902,46.84849341564177
341,0,normal,0.03111726976931095,0.43880077448765586,46.6124850021713
342,0,normal,0.02317451499402523,0.41704134389489705,46.62219992776613
343,0,normal,0.026362694799900055,0.42887724320471016,46.739759113849004
344,0,normal,0.01940281316637993,0.4165196637923968,46.85201443003757
345,0,normal,0.08466461300849915,0.42730683274020775,47.06384178606186
346,0,normal,0.018861355260014534,0.4189087180553582,47.13133173245819
347,0,normal,0.017231831327080727,0.4039662562833366,47.27600261504358
348,0,normal,0.022864125669002533,0.4189585473321208,47.626610781358295
349,0,normal,0.015771834179759026,0.4165347268765505,47.87552849037888
350,0,normal,0.08551555126905441,0.40109600416945074,48.445410206137694
351,0,normal,0.01233097817748785,0.4228035948321067,48.9846259499393
352,0,normal,39.19797897338867,0.4242518298345709,188.87520071316067
353,0,normal,35.391963958740234,0.423017006605188,310.65486372748796
354,0,normal,0.059215571731328964,0.4140257310984143,311.1628050584525
355,0,normal,0.11981029063463211,0.4025773032558785,291.6902051644098
356,0,normal,0.026438942179083824,0.415077386981011,292.2470910624269
357,0,normal,38.635581970214844,0.383783409345876,383.15190354944616
358,0,normal,0.12149274349212646,0.3732471444040569,382.30358736818084
359,0,normal,0.030865387991070747,0.38180235404610113,381.40668504794746
360,0,normal,0.02159763127565384,0.3643220888576481,380.567402011897
361,0,normal,0.0950121060013771,0.3582075972037631,380.35933160472405
362,0,normal,0.014450411312282085,0.3660750411533579,379.23228526998105
363,0,normal,0.021039288491010666,0.3652676835715021,377.8326406587569
364,0,normal,0.016443096101284027,0.332838135560943,359.28961671588047
365,0,normal,0.3685801327228546,0.331891623586914,358.57128527810903
366,0,normal,0.013724283315241337,0.3381346186155525,357.0440555825686
367,0,normal,0.3606041669845581,0.33911017840953417,357.911139141915
368,0,normal,0.0023163389414548874,0.31843427946321357,348.4967222439452
369,0,normal,0.004039690364152193,0.3198353644349213,348.283869431595
370,0,normal,0.08550339937210083,0.3187150806285022,348.41572857404105
371,0,normal,0.013836009427905083,0.32262821339792525,348.4186527607849
372,0,normal,7.795345783233643,0.34854717281036407,368.28103798553104
373,0,normal,0.23057402670383453,0.35445032812613303,368.23492584645385
374,0,normal,2.7679944038391113,0.34158722460463387,367.59426202135216
375,0,normal,0.6164162158966064,0.37454233036292983,383.3883884175608
376,0,normal,0.13990022242069244,0.37017777553947145,384.1062407053173
377,0,normal,2.355297327041626,0.39224157840161,391.4111872219926
378,0,normal,8.166213035583496,0.4045227307166452,415.1524722719839
379,0,normal,0.23808418214321136,0.40910678450107346,416.1881678671059
380,0,normal,9.85918140411377,0.45507488675178104,444.1983738004508
381,0,normal,0.5877459049224854,0.4319937962730627,445.5999945846479
382,0,normal,0.7836161851882935,0.4499058759994065,345.87663987815165
383,0,normal,118.98228454589844,0.4454823995613588,535.3284084378679
384,0,normal,3.8273801803588867,0.4703747568000732,548.0499485102591
385,0,normal,0.17581288516521454,0.4754971559279702,548.6276468950383
386,0,normal,0.5696888566017151,0.4789851450905537,548.6867052381698
387,0,normal,2.157355785369873,0.4794873848667771,471.3698307096256
388,0,normal,0.025125913321971893,0.47026725717923595,471.36709828060873
389,0,normal,0.09660224616527557,0.49273478669438686,471.31859551546836
390,0,normal,0.01984643191099167,0.46749477549735824,471.21053953359035
391,0,normal,0.01972336322069168,0.47498168666870594,471.1901173114154
392,0,normal,0.018320325762033463,0.4690365645510621,471.202167918387
393,0,normal,0.017458073794841766,0.4899674348198433,471.312278560422
394,0,normal,0.3557087779045105,0.491799203625246,472.07212957002855
395,0,normal,0.007301818113774061,0.48086875223539244,471.4038646462591
396,0,normal,0.3532602787017822,0.49160546304741937,472.30787865251693
397,0,normal,0.013299270533025265,0.468757423986218,471.77696154142734
398,0,normal,0.020796801894903183,0.49959455065701036,472.17631610513433
399,0,normal,0.08105186372995377,0.45836841968469166,472.74428864137747
400,0,normal,0.013662732206285,0.4812399867571194,473.08921754228834
401,0,normal,0.018847264349460602,0.4640778662519489,473.77017241093495
402,0,normal,0.016721269115805626,0.46599268434592517,457.26136738150456
403,0,normal,0.017866168171167374,0.4474574667004352,457.87614834015073
404,0,normal,0.0864223912358284,0.4629951407659901,458.6462059052908
405,0,normal,0.013728083111345768,0.4221550285045078,443.5411827077712
406,0,normal,0.017590032890439034,0.41652601811188816,442.90248275255146
407,0,normal,0.016297804191708565,0.4130653624105668,436.04318091409493
408,0,normal,0.01564422808587551,0.387962733068434,413.03157616598367
409,0,normal,0.08692551404237747,0.4105111067834545,412.21618444220167
410,0,normal,0.013002855703234673,0.36690167121789463,382.56870121506915
411,0,normal,0.015025435015559196,0.3668800380183601,380.65185730723124
412,0,normal,0.01568557322025299,0.353137667810941,379.38019720755256
413,0,normal,0.021678458899259567,0.3639958594991547,-8.759450302376308
414,0,normal,0.015204621478915215,0.33019681578906657,-36.05650215123251
415,0,normal,0.08679808676242828,0.32872294721350026,-38.30615489164347
416,0,normal,0.01174111943691969,0.33206622868834634,-38.296282324591175
417,0,normal,0.016498180106282234,0.31434410612763125,-52.48121010588693
418,0,normal,0.01852487213909626,0.31643857841648293,-52.38340810118598
419,0,normal,0.02028312161564827,0.31497864707601214,-52.55468835831516
420,0,normal,0.015406274236738682,0.31622757759692455,-52.52888951846535
421,0,normal,0.01565825194120407,0.31474130512162746,-52.49933942837515
422,0,normal,7.281565189361572,0.33579902653679833,-23.13620402346146
423,0,normal,0.17740774154663086,0.33820112066005165,-23.126010646144778
424,0,normal,2.47243595123291,0.33299303278495956,-25.38267791887006
425,0,normal,0.8570985198020935,0.36353395185921816,0.1699772246665816
426,0,normal,0.19560186564922333,0.3590194505441987,0.00795894000611952
427,0,normal,1.0897762775421143,0.37048661658485726,1.165814852586891
428,0,normal,0.2114061564207077,0.37742792792372776,2.6907066609217054
429,0,normal,0.20890264213085175,0.38189129945364064,3.959781833791112
430,0,normal,0.4399425685405731,0.3885410128683284,6.632131644779747
431,0,normal,0.4266253709793091,0.3773851342601537,8.068525603355056
432,0,normal,1.771140217781067,0.39403480847252376,8.2358356071245
433,0,normal,2.081186056137085,0.38323998619144417,9.926599166002006
434,0,normal,0.8381953835487366,0.42129392953023875,33.9512387715406
435,0,normal,0.19149939715862274,0.4174725024593049,35.201767468808384
436,0,normal,2.107327699661255,0.42433188703908176,47.99036768192832
437,0,normal,0.047527141869068146,0.43824308945363083,48.0737233220641
438,0,normal,0.02866273745894432,0.4217258539511157,47.688668842158904
439,0,normal,0.01988830231130123,0.4406677697887641,47.28171781344008
440,0,normal,0.01799287460744381,0.4179658417706137,47.354389761614584
441,0,normal,0.01814335770905018,0.432653588345351,47.5456015385862
442,0,normal,0.016821784898638725,0.4230531152879577,47.676678224890566
443,0,normal,0.018496014177799225,0.44799794612115756,47.75107672969693
444,0,normal,0.08620765060186386,0.41477603324791956,48.08075378156832
445,0,normal,0.013612108305096626,0.423794459836319,48.00994307646579
446,0,normal,0.017684655264019966,0.44284271878072196,48.346428582367025
447,0,normal,0.01561372447758913,0.41899633067276687,48.60703373706133
448,0,normal,0.08554618060588837,0.4116392813395566,49.149666269685895
449,0,normal,0.016880206763744354,0.41719870970305767,49.67174169470081
450,0,normal,0.01175498217344284,0.43501310830508433,50.1568100106947
451,0,normal,0.006851039826869965,0.4225639082743038,50.87341879723954
452,0,normal,0.01343309786170721,0.403556292508015,24.50404663166023
453,0,normal,0.08612732589244843,0.4050425117632424,25.29512100412512
454,0,normal,0.008742871694266796,0.4015572541527679,26.092340303873243
455,0,normal,0.01209405716508627,0.3777493508764697,-0.48673976712484546
456,0,normal,0.02140994183719158,0.38293694340162654,-1.9942246739660732
457,0,normal,0.36024796962738037,0.37480349379746714,-0.9727085018585058
458,0,normal,0.010335683822631836,0.36375415786356785,-2.2460844659303802
459,0,normal,0.3558386564254761,0.38286154000591005,-2.5465393157103335
460,0,normal,0.011483240872621536,0.35366895256794806,-5.2821626041152285
461,0,normal,0.023572217673063278,0.35757484130812706,-7.054595520673047
462,0,normal,0.35319191217422485,0.35295398849700105,-5.561141256273913
463,0,normal,0.09512194991111755,0.3635480944421787,-7.647839294128971
464,0,normal,0.003043493954464793,0.34379539715000246,-34.846506727853466
465,0,normal,0.005824611987918615,0.3304371315110891,-37.359877528483594
466,0,normal,0.0063261184841394424,0.31888396501320637,-51.6573223021112
467,0,normal,7.383667945861816,0.3349848559688824,-22.17412328146247
468,0,normal,0.1690009981393814,0.34622508992583895,-22.220828552568264
469,0,normal,2.161405563354492,0.34753122142186016,-21.745360910696718
470,0,normal,0.5267109870910645,0.3738070254495392,2.3527119739833324
471,0,normal,0.898036003112793,0.36914160850758737,3.177443225842353
472,0,normal,0.2678270637989044,0.3791877745584151,4.8399620616878565
473,0,normal,0.7680792212486267,0.39373189553146715,4.878301242851421
474,0,normal,0.527109682559967,0.3816830052246458,7.370485351340221
475,0,normal,0.20489583909511566,0.3987794751993854,8.79741262224502
476,0,normal,0.3789351284503937,0.38363152804160594,10.451884343957545
477,0,normal,1.7302310466766357,0.3926664576642143,10.411609893863897
478,0,normal,2.09702730178833,0.3858203383577297,11.731438037068756
479,0,normal,0.8404395580291748,0.4380226532786296,35.88046081748894
480,0,normal,0.19131077826023102,0.42536468748777423,37.17451543520997
481,0,normal,0.4137771725654602,0.4273103831991826,37.969820394945145
482,0,normal,1.9112820625305176,0.4383995448753719,50.774511424152934
483,0,normal,0.0378866121172905,0.42635953755924033,50.60024299875886
484,0,normal,0.37676912546157837,0.4582628602449847,51.396180836245776
485,0,normal,0.10543003678321838,0.4392978277366173,51.40065412859508
486,0,normal,0.36862102150917053,0.4489167177546761,52.71964593579423
487,0,normal,0.02255506068468094,0.4291789084575289,51.64880385784295
488,0,normal,0.34255242347717285,0.45709677063935333,52.96355643405582
489,0,normal,0.02083871141076088,0.4305302138806719,51.98039786442223
490,0,normal,0.07716450095176697,0.4286523136064776,52.355722289574715
491,0,normal,0.014232941903173923,0.44430844176280054,52.742542666157306
492,0,normal,0.015552784316241741,0.41460459548188777,51.83541453093403
493,0,normal,0.011830753646790981,0.45495949527671686,52.07619760734315
494,0,normal,0.015788454562425613,0.4174766627100916,52.692054931386565
495,0,normal,0.016982436180114746,0.4356703233353972,53.35513635480129
496,0,normal,0.01607164368033409,0.42309952910676446,54.190544212612394
497,0,normal,0.017797760665416718,0.42496970474430434,27.718921176879576
498,0,normal,0.01773780956864357,0.41873522357677173,28.365257032496174
499,0,normal,0.08822321891784668,0.40868523457952605,26.90839183083881
500,0,normal,0.013216032646596432,0.38398136132200317,1.439122509536901
501,0,normal,0.015932301059365273,0.38265110264778596,1.0598571033920052
502,0,normal,0.02133043482899666,0.3807549497011212,-0.6252567034616732
503,0,normal,0.013399988412857056,0.3767521807071882,0.459850492186888
504,0,normal,0.011135387234389782,0.3793655636198882,-2.23677877444743
505,0,normal,0.08731641620397568,0.3665007897208653,-3.410025019503337
506,0,normal,0.011524591594934464,0.3607498350881525,-5.411221145928039
507,0,normal,0.016332143917679787,0.35409933133661836,-4.761147882233672
508,0,normal,0.01579517312347889,0.36612007363549925,-6.679430194133147
509,0,normal,0.08614560216665268,0.3352857578342424,-33.37682644942333
510,0,normal,0.011214355938136578,0.33473826551610086,-35.71414707476583
511,0,normal,0.0122448755428195,0.32907803366277005,-36.895870256039416
512,0,normal,0.012932724319398403,0.31833277857123093,-51.10524028244481
513,0,normal,0.015089060179889202,0.31444824628253343,-51.058925610443794
514,0,normal,7.2823052406311035,0.3358079206036355,-23.03482522916579
515,0,normal,0.4898204803466797,0.3412512770859321,-22.046920306358288
516,0,normal,2.7094082832336426,0.33167309448426724,-24.172117639332555
517,0,normal,0.6002716422080994,0.3660995603994664,0.12581786598730105
518,0,normal,0.37330180406570435,0.358609221543567,1.1801361835357511
519,0,normal,0.8605735898017883,0.36984319949862793,1.1381143521582544
520,0,normal,0.2186114490032196,0.38334103518496715,2.4755987898681724
521,0,normal,0.21202801167964935,0.383430085173244,4.115969834544785
522,0,normal,0.8351457715034485,0.390531292403747,4.081337488202507
523,0,normal,0.3267877697944641,0.3743849588890159,5.626471715290336
524,0,normal,0.855100691318512,0.38851320558964336,7.149495641915564
525,0,normal,2.006559371948242,0.38124188921967006,8.649408426706486
526,0,normal,0.8937283754348755,0.4325758105991919,32.85249337616119
527,0,normal,0.43396714329719543,0.40889137597665937,32.64990089731987
528,0,normal,0.4078943133354187,0.4082900648516611,33.42447325736157
529,0,normal,1.8786871433258057,0.4359915696534711,46.07438782578538
530,0,normal,0.04121815785765648,0.41593487764055265,46.1150838835531
531,0,normal,0.02769327163696289,0.43928666548498535,45.74027982409825
532,0,normal,0.026274610310792923,0.40954817269188376,45.53498874264278
533,0,normal,0.08344422280788422,0.4311808317342505,45.89049462996945
534,0,normal,0.014167159795761108,0.41620720783146115,46.012858131584835
535,0,normal,0.01873755268752575,0.4420361569664738,45.934023011456475
536,0,normal,0.019084511324763298,0.41974537487654034,46.140494929483566
537,0,normal,0.02217858098447323,0.419131250765627,46.324945176971596
538,0,normal,0.014409533701837063,0.41838307821557463,46.682595573487106
539,0,normal,0.08547492325305939,0.40082389740503493,46.92777000338242
540,0,normal,0.007414038758724928,0.4291789100570956,47.30065868986162
541,0,normal,0.011184687726199627,0.4120697766273705,47.8018055148691
542,0,normal,0.021660637110471725,0.42882165069293543,48.3578056885101
543,0,normal,0.008827079087495804,0.40483562315399896,49.06846593202022
544,0,normal,0.08661583065986633,0.40866851042730634,22.85228870138758
545,0,normal,0.008201113902032375,0.39410021090849234,22.12117585454621
546,0,normal,0.008871152997016907,0.3983590288467004,22.577182733958125
547,0,normal,0.021237846463918686,0.3778455240256835,-2.957653565854116
548,0,normal,0.013870539143681526,0.3668770088576838,-5.840570364477344
549,0,normal,0.36294299364089966,0.37256429550495274,-3.6565562381074415
550,0,normal,0.01422719657421112,0.3704962401297133,-5.012975683802551
551,0,normal,0.3557624816894531,0.3826727234008495,-5.542273015226101
552,0,normal,0.002317333361133933,0.36090682116254286,-4.5757603266715705
553,0,normal,0.01075888704508543,0.3593413899522721,-6.355224542497126
554,0,normal,0.0824509784579277,0.3513412663659799,-8.129111344916282
555,0,normal,0.006778632756322622,0.360103131756785,-10.261997626823359
556,0,normal,0.00754777854308486,0.3316459477737661,-37.50615114169818
557,0,normal,0.01375653687864542,0.3317681669312644,-37.402098793319965
558,0,normal,0.018029678612947464,0.32788650454264356,-38.594860595117325
559,0,normal,0.08625150471925735,0.31678639671704484,-52.664390712689055
560,0,normal,0.014165345579385757,0.3153907530582025,-52.649497160640294
561,0,normal,0.018070410937070847,0.3161228791152187,-52.631852073625396
562,0,normal,0.009494143538177013,0.31670299279098557,-52.7566156220862
563,0,normal,0.016022635623812675,0.317183913072415,-52.963915878532816
564,0,normal,0.011994249187409878,0.31750198155156134,-52.98631872891224
565,0,normal,0.014007849618792534,0.3155026484828655,-53.0019976657029
566,0,normal,0.016674933955073357,0.3166060367037736,-52.99676520613707
567,0,normal,0.015702327713370323,0.31596988741804405,-53.02916962196991
568,0,normal,0.015303264372050762,0.3165547433164043,-53.006392543165475
569,0,normal,0.015546634793281555,0.3167816128630716,-53.23762127342161
570,0,normal,0.01713743433356285,0.31326217216603913,-53.19819451248782
571,0,normal,0.021292053163051605,0.3191515226643133,-53.13146393612351
572,0,normal,0.01819656230509281,0.31400406838455136,-53.11897586614714
573,0,normal,0.004377975128591061,0.31634678251674664,-53.1352196978487
574,0,normal,0.0196485985070467,0.3145861404805394,-53.306702893938336
575,0,normal,0.018580449745059013,0.3161447338410274,-53.23984726739445
576,0,normal,0.014779271557927132,0.3134920905234766,-53.189019969620176
577,0,normal,0.020899230614304543,0.3176999770264645,-53.14343913001426
578,0,normal,0.362616628408432,0.3144440574217426,-51.856832488813325
579,0,normal,0.011552991345524788,0.31454008770561287,-53.16211357215161
580,0,normal,0.35584330558776855,0.3224300555670236,-51.90924245188785
581,0,normal,0.010897318832576275,0.3139020005730172,-53.25560205100601
582,0,normal,0.023635532706975937,0.3174847800419564,-53.12936221844734
583,0,normal,0.08134479075670242,0.315017552108494,-52.89492349784655
584,0,normal,0.01747705228626728,0.31416942551623234,-53.076705980451834
585,0,normal,0.014011695981025696,0.31588797594206264,-53.047452747274974
586,0,normal,0.017998095601797104,0.3154743515798921,-52.99026202926552
587,0,normal,0.019088268280029297,0.315358489709575,-52.93624012313444
588,0,normal,0.011971814557909966,0.31486743843904846,-52.96209551814172
589,0,normal,0.018158994615077972,0.31411527605448564,-53.17495456452002
590,0,normal,0.016037173569202423,0.3140240296676706,-53.18076071489463
591,0,normal,0.020994149148464203,0.31557368848460543,-53.186718483158074
592,0,normal,0.01821424998342991,0.3148578486187391,-53.11363666278817
593,0,normal,0.0872892439365387,0.31603085431110006,-52.95046379473297
594,0,normal,0.013466034084558487,0.3138358154053277,-52.938948568056276
595,0,normal,0.017923079431056976,0.31643591357239526,-52.912610359720475
596,0,normal,0.019839605316519737,0.31284308595073573,-52.923212432480796
597,0,normal,0.08549206703901291,0.316536372342684,-52.74368502139009
598,0,normal,0.012791577726602554,0.31697720647403005,-52.74018088848197
599,0,normal,0.0210964847356081,0.3132081625736727,-52.701370840009986
600,0,normal,0.01658976823091507,0.3201796614514285,-52.70450773523271
601,0,normal,0.016782201826572418,0.31644152709264245,-52.69846265219053
602,0,normal,0.0210028775036335,0.3154008209030893,-52.65090348560966
603,0,normal,0.08625167608261108,0.31412709539141487,-52.373710682070396
604,0,normal,0.013511783443391323,0.31593173300153204,-52.36343003850311
605,0,normal,0.018618641421198845,0.31394577233334886,-52.33905942161141
606,0,normal,0.021904464811086655,0.31763358318578633,-52.26149854593268
607,0,normal,0.018344739452004433,0.313380083760409,-52.242684428045095
608,0,normal,0.3623887896537781,0.3148109394210707,-52.30542890361403
609,0,normal,0.011403041891753674,0.31634675827998876,-52.29596411015518
610,0,normal,7.6529998779296875,0.3362214454928198,-23.0738418422859
611,0,normal,0.18820825219154358,0.3400645342016298,-23.10163348036167
612,0,normal,2.478969097137451,0.339687522891126,-24.08797417065807
613,0,normal,0.8739051818847656,0.36587436638668386,1.1734867385912366
614,0,normal,0.1849956214427948,0.36534509561270634,2.469322970077428
615,0,normal,0.21318374574184418,0.3817432266721579,4.081803206952145
616,0,normal,0.2268965244293213,0.3850399135493947,5.532726231744846
617,0,normal,0.254085510969162,0.38572312838336914,6.975651545954861
618,0,normal,0.3024348318576813,0.4006335279812453,8.482947706973619
619,0,normal,0.5197361707687378,0.3820633393603168,9.965333936689603
620,0,normal,1.162238597869873,0.39944075820400216,11.603202976098146
621,0,normal,2.463435173034668,0.4002657359030357,13.041018808927902
622,0,normal,0.7862846255302429,0.43264587970880825,37.150665653056876
623,0,normal,0.45018693804740906,0.42172927753728323,36.74218759635755
624,0,normal,0.39016783237457275,0.41625002162443137,37.39618247144654
625,0,normal,1.8741207122802734,0.4410649527693902,50.254907382755164
626,0,normal,0.04399915412068367,0.42903951710524046,50.27227709682711
627,0,normal,0.09521083533763885,0.45026150379644425,49.848791362204565
628,0,normal,0.021050196141004562,0.4228049681028558,49.63594012115277
629,0,normal,0.021326318383216858,0.43030869442602193,49.79500026208075
630,0,normal,0.020821519196033478,0.42853310663170613,49.91466723170129
631,0,normal,0.02279038168489933,0.4471243118446199,50.08173364645381
632,0,normal,0.08274361491203308,0.4334522211972555,50.41640390563225
633,0,normal,0.014242559671401978,0.4251080487490163,50.3454055446
634,0,normal,0.01728156767785549,0.42994082544476725,50.71863579296905
635,0,normal,0.01742681860923767,0.42030943283844413,51.017537829328376
636,0,normal,0.01757892593741417,0.43795622527926775,51.47804492299133
637,0,normal,0.01537543535232544,0.41678438608300966,52.03816987036862
638,0,normal,0.08626539260149002,0.43789742155751676,51.58209378697052
639,0,normal,0.016624970361590385,0.41067833935881615,52.44921004223056
640,0,normal,0.01757577434182167,0.40916287466889545,25.015715179755034
641,0,normal,0.021426109597086906,0.4022988495263592,25.813599911382198
642,0,normal,0.3607671558856964,0.40773330313637823,27.930464226893037
643,0,normal,0.09836509823799133,0.3858804324697132,1.668653542589709
644,0,normal,0.3718148469924927,0.38328638963545375,1.3522074532438637
645,0,normal,0.003147115232422948,0.3776889646759904,-0.22788641671559162
646,0,normal,0.35055020451545715,0.3818039767112933,-0.25430569366267264
647,0,normal,0.013081579469144344,0.3814888386386998,-1.5887553635725453
648,0,normal,0.0790434330701828,0.36797068552845363,-2.77804811142164
649,0,normal,0.0150834321975708,0.358055870025698,-4.545337680765215
650,0,normal,0.01951194368302822,0.35627143839541076,-6.70966127093493
651,0,normal,0.01850101165473461,0.36415993116366163,-8.796715728635718
652,0,normal,0.015794306993484497,0.3269889395446979,-35.940578708707335
653,0,normal,0.019239388406276703,0.3339552151402456,-35.7934680732194
654,0,normal,0.01783132366836071,0.3261663511991749,-36.78258341137939
655,0,normal,0.01248909067362547,0.3196410051640775,-51.03819763617139
656,0,normal,0.0051104724407196045,0.3190874198734899,-51.15071030526906
657,0,normal,0.016201555728912354,0.31782661296017306,-51.38310367856002
658,0,normal,7.35557222366333,0.33616205023483486,-21.9064586323409
659,0,normal,0.1828584372997284,0.3430697247178575,-21.931697128829683
660,0,normal,1.5533998012542725,0.37371638213747854,1.9987532939926496
661,0,normal,0.15662160515785217,0.35685922575058954,2.5117235872676247
662,0,normal,0.19077043235301971,0.37217671283818216,3.6440837972024838
663,0,normal,0.2092573642730713,0.38547781620796256,5.265227299098115
664,0,normal,0.16064994037151337,0.38403424565916244,6.625994548173821
665,0,normal,0.20252007246017456,0.4020930649571744,8.092665104413072
666,0,normal,1.048019289970398,0.39136803237982554,8.119491253997694
667,0,normal,0.8444761037826538,0.38294914914918754,9.8973056846703
668,0,normal,2.1252777576446533,0.4082490849136407,11.214580197404985
669,0,normal,0.8790971040725708,0.4315613141941371,35.400802728191366
670,0,normal,0.39915430545806885,0.4207861554025625,37.80665180652454
671,0,normal,0.6491504311561584,0.42328553734673474,37.87195011585186
672,0,normal,2.0022788047790527,0.4397691291773583,49.6380083655813
673,0,normal,0.37473586201667786,0.4290991331521235,50.66048914930525
674,0,normal,0.021631091833114624,0.44911523232417055,49.02864837086304
675,0,normal,0.3680375814437866,0.43377446989398233,49.99302459170531
676,0,normal,0.020926229655742645,0.43227791010891853,48.87253124831841
677,0,normal,0.01781770959496498,0.4257213279127063,49.01319686537613
678,0,normal,0.023859599605202675,0.4385504441908422,48.9071248590019
679,0,normal,0.018779536709189415,0.4331674887633599,49.06306922763429
680,0,normal,0.01730671152472496,0.41670997892596834,49.23536557801867
681,0,normal,0.021715853363275528,0.422530681889556,49.59770596670387
682,0,normal,0.08508889377117157,0.42603420788487256,50.05422638018558
683,0,normal,0.016699643805623055,0.4238198334549377,50.47826378165041
684,0,normal,0.016745565459132195,0.43116684629705027,51.044992363483516
685,0,normal,0.015352513641119003,0.44385175779026886,51.638201701957314
686,0,normal,0.02129816636443138,0.4266367547496914,52.50749137342473
687,0,normal,0.08595779538154602,0.43986973505521354,53.341179519024536
688,0,normal,0.008733696304261684,0.4049980249202722,27.01074940464673
689,0,normal,0.012863806448876858,0.4139046168831644,27.82239518762117
690,0,normal,0.01614818535745144,0.39234654334721075,2.561080449299652
691,0,normal,0.08582569658756256,0.3770960786114229,1.3647139512452213
692,0,normal,0.012909228913486004,0.38259423080506205,-0.03306589299359075
693,0,normal,0.0171044934540987,0.37117068741678816,-1.5574363199743857
694,0,normal,0.021257668733596802,0.3731383502150084,-2.876433761680346
695,0,normal,0.01701701059937477,0.35882340831053544,-4.292291374419847
696,0,normal,0.015528574585914612,0.3612707195439813,-3.5306116766118976
697,0,normal,0.016242988407611847,0.3502335006945242,-5.595314911172409
698,0,normal,0.016477424651384354,0.3604854256818544,-7.557949941571906
699,0,normal,0.01601063646376133,0.33310938390820594,-34.551524401724464
700,0,normal,0.021271996200084686,0.32728541841123066,-38.265783380029234
701,0,normal,0.36310848593711853,0.330456544602241,-36.942010709674605
702,0,normal,0.009867582470178604,0.3168678451964726,-51.39228585085698
703,0,normal,0.3566230535507202,0.32056157255695417,-51.454615809984944
704,0,normal,0.011561908759176731,0.3160449119650408,-51.39023226109248
705,0,normal,0.35097643733024597,0.31937893791318506,-51.47395026458594
706,0,normal,0.015003280714154243,0.315252086727774,-51.46578439443692
707,0,normal,7.32900333404541,0.33634120853323984,-22.10961145418446
708,0,normal,0.22813455760478973,0.34509453741410456,-21.96941568870693
709,0,normal,1.426385521888733,0.3708458253573633,1.9732076660986877
710,0,normal,0.15521679818630219,0.3560759923584225,2.5297076537990506
711,0,normal,0.18833781778812408,0.3722679262778016,3.881242729933774
712,0,normal,9.945133209228516,0.40257605208453034,48.63937896379275
713,0,normal,0.2117152363061905,0.3921868919197612,49.973474461379965
714,0,normal,0.2644660174846649,0.42006003200600783,51.239369933338594
715,0,normal,9.919384002685547,0.4354953225644563,94.20593556942345
716,0,normal,0.525653600692749,0.41762558883382545,95.36639992769528
717,0,normal,1.7294108867645264,0.441682860688579,96.42109091230998
718,0,normal,3.6834487915039062,0.43530615878188145,96.40092652381827
719,0,normal,0.9636141657829285,0.4673256336077464,119.85373289993152
720,0,normal,0.4617520868778229,0.4632061496793359,119.91716645912538
721,0,normal,1.9249844551086426,0.47111484296324385,131.586570079328
722,0,normal,0.04105861857533455,0.4758416845205983,131.72882938878968
723,0,normal,0.026098234578967094,0.4628291326231065,131.43491210812317
724,0,normal,0.021416928619146347,0.4693218162623112,131.24757341745033
725,0,normal,0.0863945260643959,0.47181782681976586,131.49559449222272
726,0,normal,0.016588618978857994,0.4628745529428523,131.62249378785066
727,0,normal,0.019599314779043198,0.4786147296273441,131.65080655123802
728,0,normal,0.016640927642583847,0.45244925513890843,131.8090809562392
729,0,normal,0.016455672681331635,0.45499330718456443,131.955629069064
730,0,normal,0.021303348243236542,0.4760435228243122,132.31403643845397
731,0,normal,0.016472704708576202,0.46551431961897033,131.48157252028477
732,0,normal,0.08707374334335327,0.45585455671498015,132.05277574458137
733,0,normal,0.011569058522582054,0.4614434252116633,131.5268524874724
734,0,normal,0.36114993691444397,0.4715484865077044,133.26800186277774
735,0,normal,0.014281402342021465,0.47131743831019807,133.01198615076873
736,0,normal,0.016447629779577255,0.4562880818086875,133.89615500647642
737,0,normal,0.355289489030838,0.45299274549895874,111.01983642962625
738,0,normal,0.006260753143578768,0.44265146297111435,111.82058802516087
739,0,normal,0.35388514399528503,0.41104318111129595,89.58251947759004
740,0,normal,0.010693250223994255,0.4183997083769655,88.49801227937519
741,0,normal,0.023506561294198036,0.4250936402704535,87.33438340697785
742,0,normal,0.08128082007169724,0.3849624118422124,44.10554171110948
743,0,normal,0.010855821892619133,0.38104114139521156,42.56078948004483
744,0,normal,0.014598492532968521,0.3944298088121952,41.01203747259433
745,0,normal,0.014213466085493565,0.3660188781510323,-4.650971167532816
746,0,normal,0.017662806436419487,0.3447556180601039,-6.581857004337735
747,0,normal,0.0869688093662262,0.3492249039332971,-8.600090956161011
748,0,normal,0.015248056501150131,0.3629914045950046,-8.322268491260047
749,0,normal,0.01624738797545433,0.3322581549338279,-36.89946529757458
750,0,normal,0.017635229974985123,0.33181918586591164,-37.09089557830339
751,0,normal,0.017213502898812294,0.3193077013856808,-51.31990309458138
752,0,normal,0.08675560355186462,0.3181029424495725,-51.16331274464005
753,0,normal,0.010773196816444397,0.3163588760438839,-51.18214594467122
754,0,normal,7.301220417022705,0.33887542129195264,-21.87110463195586
755,0,normal,0.4882781207561493,0.34156789832272444,-20.916933350519912
756,0,normal,2.3151073455810547,0.3460158442505139,-20.430898182506326
757,0,normal,1.3052799701690674,0.36803455621219133,2.4219682032025958
758,0,normal,0.18034718930721283,0.3587095609065141,3.592555016864708
759,0,normal,0.19183529913425446,0.3842788087255668,5.070395070456243
760,0,normal,0.20213298499584198,0.38483072436645405,6.560178424601872
761,0,normal,0.2086162269115448,0.3896493455071056,8.196301195201613
762,0,normal,0.24702797830104828,0.40228674123101293,9.459379356482032
763,0,normal,0.44455379247665405,0.3814302056105058,10.92181356575793
764,0,normal,1.1342759132385254,0.39886830771545784,11.145028189149343
765,0,normal,1.4557045698165894,0.43736808562350854,36.44993148819253
766,0,normal,0.18120893836021423,0.43225662855980956,37.848669467433865
767,0,normal,0.6313944458961487,0.4240594195015104,36.61695799726817
768,0,normal,2.2349557876586914,0.43315314564082064,50.59647271698623
769,0,normal,0.030706843361258507,0.43455062623708374,49.44215562897557
770,0,normal,0.1049606204032898,0.43013235151799706,49.31942212660283
771,0,normal,0.021346691995859146,0.4341770754306962,49.073428472470596
772,0,normal,0.019847624003887177,0.4253925216993058,48.953198146735986
773,0,normal,0.01356262993067503,0.4271760779963575,49.11274450779774
774,0,normal,0.014298687689006329,0.4232968980390194,49.23329114537137
775,0,normal,0.08350031077861786,0.45089746235013994,49.525312307484
776,0,normal,0.015033822506666183,0.42583744796424966,49.71851810176372
777,0,normal,0.01777735911309719,0.41697696182598243,49.66007286203967
778,0,normal,0.01822815276682377,0.43471946130645933,50.0060883263543
779,0,normal,0.01782669872045517,0.4240834171375965,50.31450912010723
780,0,normal,0.01963428407907486,0.4216768071928799,50.7981597198434
781,0,normal,0.018233932554721832,0.43239330740858345,51.378005846049746
782,0,normal,0.021281488239765167,0.4336095395560262,51.759129848627936
783,0,normal,0.018105966970324516,0.41731791526017814,52.59119149638241
784,0,normal,0.017948046326637268,0.4041465750983406,26.459021987995584
785,0,normal,0.017395565286278725,0.40633034485864433,26.004493158684227
786,0,normal,0.021152541041374207,0.4108492687233569,24.758235916334797
787,0,normal,0.015286124311387539,0.37609790286166866,1.6370966027598115
788,0,normal,0.020884240046143532,0.382615480197863,0.42210311519716015
789,0,normal,0.015756381675601006,0.3668350749725948,-0.7010919639849362
790,0,normal,0.014920830726623535,0.3769261387058111,-1.9440899077865197
791,0,normal,0.011809726245701313,0.36055868424885773,-3.4723574111942526
792,0,normal,0.011434088461101055,0.3540826881986543,-5.140794348756799
793,0,normal,0.014491483569145203,0.34831423893709046,-6.964043755704324
794,0,normal,0.36391133069992065,0.364595611261082,-7.746246606510567
795,0,normal,0.09838193655014038,0.33136162713569245,-35.93443062181518
796,0,normal,0.017835861071944237,0.330715243685845,-38.54278055452119
797,0,normal,0.35214078426361084,0.32994150684717577,-37.15874787802545
798,0,normal,0.012700289487838745,0.3147348546652903,-52.702313439156114
799,0,normal,0.35012540221214294,0.3216195085510492,-51.42473972319726
800,0,normal,0.012919546104967594,0.315056212784049,-51.637839906328054
801,0,normal,0.023952672258019447,0.32075617213858104,-51.58777668802463
802,0,normal,0.08131793141365051,0.3152919605031807,-51.404072564657326
803,0,normal,0.014474340714514256,0.31490159635740717,-51.33668366205188
804,0,normal,7.310068607330322,0.33379167224718065,-22.00437179317896
805,0,normal,0.17450647056102753,0.3443524113300254,-22.257959966515955
806,0,normal,1.5616635084152222,0.37109885469308856,1.6792499421551383
807,0,normal,0.13779020309448242,0.35876206024506996,2.3511486668110138
808,0,normal,0.19180142879486084,0.3759839295795481,3.8557606052752362
809,0,normal,0.19689878821372986,0.3845770172601814,5.28876587393961
810,0,normal,0.20371504127979279,0.38076007696416564,6.685656604624683
811,0,normal,0.21030692756175995,0.40151134640847363,8.150143865670998
812,0,normal,0.5492231845855713,0.3971299491908206,10.72724038837032
813,0,normal,1.0254722833633423,0.3905502146987173,12.176167643288181
814,0,normal,2.2072365283966064,0.4084134080928986,13.803837369241819
815,0,normal,0.9266884922981262,0.44189450622971627,39.023264675426844
816,0,normal,0.49181753396987915,0.4241660412626975,38.808995865956604
817,0,normal,0.5161934494972229,0.43521187324514593,40.398362706582475
818,0,normal,2.1099846363067627,0.4376377969165245,53.16003935445724
819,0,normal,0.08508266508579254,0.4343496956298468,53.4226261431254
820,0,normal,0.04579757899045944,0.4596529702061422,53.12381956172203
821,0,normal,0.03876828774809837,0.4290249902943487,52.948698847856804
822,0,normal,0.03212851285934448,0.44426418135437595,53.09426261111048
823,0,normal,0.026515699923038483,0.4362459781578493,53.327140391547346
824,0,normal,0.021934686228632927,0.4422005985704259,52.22187348305283
825,0,normal,0.019244734197854996,0.44372239726856244,52.147843585858254
826,0,normal,0.018499214202165604,0.4235313856042257,52.327323444847934
827,0,normal,0.01723083108663559,0.43339787179907363,51.46582953932261
828,0,normal,0.012841138988733292,0.4329703109307764,51.72236526184042
829,0,normal,0.36303091049194336,0.42885051127098545,52.07097479390541
830,0,normal,0.010194182395935059,0.4231212800937641,52.611543577737166
831,0,normal,0.021794909611344337,0.4463007897927549,53.20589553024456
832,0,normal,0.3561664819717407,0.4331054419726284,54.94005143617551
833,0,normal,0.010102691128849983,0.43160509024080224,55.64492826898572
834,0,normal,0.3542719781398773,0.4225422764772264,30.838203018223112
835,0,normal,0.01508733257651329,0.4203539015276081,31.797210133849603
836,0,normal,0.08065679669380188,0.4002587038022647,6.946961522870424
837,0,normal,0.012758747674524784,0.38703735478469126,5.451405634374396
838,0,normal,0.01940307766199112,0.38083254778837483,4.042163808948089
839,0,normal,0.018421852961182594,0.3839145245042736,2.8639035261717254
840,0,normal,0.021742114797234535,0.3809735529188032,1.619762959492391
841,0,normal,0.08622988313436508,0.3695785795311464,0.48713025722508974
842,0,normal,0.009750367142260075,0.3541890568468103,-2.516785612832109
843,0,normal,0.01335378922522068,0.35852201273383866,-4.3873695108968604
844,0,normal,0.018562372773885727,0.36457203460471704,-6.59186049105665
845,0,normal,0.013723686337471008,0.3336649311760373,-34.98306522579196
846,0,normal,0.08676591515541077,0.33598533376485756,-34.61736080213154
847,0,normal,0.008187848143279552,0.3280529394382616,-37.09493108421384
848,0,normal,0.012900127097964287,0.3189521151188589,-51.36539712380613
849,0,normal,0.01924826018512249,0.3205369244114659,-51.585818273100585
850,0,normal,0.004147043451666832,0.3149042724469412,-51.68168135417909
851,0,normal,0.08856494724750519,0.31838620794717354,-51.49829415228328
852,0,normal,0.012508933432400227,0.31678846885417117,-51.50202274764456
853,0,normal,0.013140213675796986,0.3168804803421653,-51.4976693163062
854,0,normal,0.02132522128522396,0.32106250949540194,-51.46511391918216
855,0,normal,0.01730295829474926,0.3167605715591985,-51.414417788149876
856,0,normal,0.08615877479314804,0.31921467231222267,-51.20145997341319
857,0,normal,0.010920407250523567,0.31430024549199476,-51.16068587343807
858,0,normal,0.012995993718504906,0.3200329898831791,-51.12006268614505
859,0,normal,0.08574388921260834,0.31544739605103916,-52.275035501029606
860,0,normal,0.016250237822532654,0.3182050703145686,-52.20434697524479
861,0,normal,7.6424689292907715,0.3334942546407385,-21.653865757394215
862,0,normal,0.18569615483283997,0.34119010428394414,-22.95817363605761
863,0,normal,2.4298014640808105,0.35401962571610646,-21.1872487302021
864,0,normal,1.3013968467712402,0.35927005684009106,0.37369760375804617
865,0,normal,0.18467846512794495,0.36363701009206806,1.5387234758156865
866,0,normal,0.1980045586824417,0.3801582536410093,2.7965448996926625
867,0,normal,0.2090746909379959,0.37629220664365653,4.313232549639224
868,0,normal,0.21952718496322632,0.3883981165120575,5.7474815075443075
869,0,normal,5.268763542175293,0.42589820698728725,30.193406894396958
870,0,normal,0.4272691607475281,0.3869802708826474,29.96795120608681
871,0,normal,0.6124388575553894,0.41820032175155064,31.28351375384341
872,0,normal,0.5035603046417236,0.4149903165421996,31.406087089403854
873,0,normal,2.276685953140259,0.41467450610836065,44.36025485176424
874,0,normal,0.03650413453578949,0.4384011343080314,44.47999515564811
875,0,normal,0.03591819852590561,0.3993668745270045,44.18962699369786
876,0,normal,0.030225995928049088,0.40907865175089086,43.767948439939346
877,0,normal,0.028020747005939484,0.4129861146873625,43.816709479764995
878,0,normal,0.02717769704759121,0.42475088476108186,43.90582150406203
879,0,normal,0.09084837138652802,0.41560051414536453,44.140675882015785
880,0,normal,0.026989152655005455,0.40729808605281387,44.385101111887934
881,0,normal,0.02274291031062603,0.3979917539054896,44.18572056945095
882,0,normal,0.01866310089826584,0.41935630719699735,44.25485041578804
883,0,normal,0.018785685300827026,0.4208087848448504,44.42257246133113
884,0,normal,0.023467475548386574,0.41954739629369514,44.6153177385836
885,0,normal,0.015628986060619354,0.40818315572371006,44.984466114909765
886,0,normal,0.015037549659609795,0.3939712169162289,45.08851323448039
887,0,normal,0.014668609946966171,0.4156845945357134,45.53375360229734
888,0,normal,0.014818777330219746,0.4083886592194524,46.136482178242204
889,0,normal,0.36437010765075684,0.4330418345101724,47.671868911613046
890,0,normal,0.008269403129816055,0.4033113362010152,48.674919748447564
891,0,normal,0.021744776517152786,0.38481416174772015,21.26535973746627
892,0,normal,0.356734037399292,0.38482885867332656,23.470811734011022
893,0,normal,0.008280288428068161,0.40256350976402966,20.81873543613142
894,0,normal,0.3544396758079529,0.38230774660304956,-1.3062297036349264
895,0,normal,0.012456894852221012,0.3590197733016303,-2.5679801291291824
896,0,normal,0.023306014016270638,0.3610847566432721,-4.25313350223837
897,0,normal,0.01926490291953087,0.35913674618032565,-6.128659540210492
898,0,normal,0.018802208825945854,0.36261432537011384,-8.103472444211775
899,0,normal,0.017905039712786674,0.3354651778212309,-35.39417837327119
900,0,normal,0.08615715056657791,0.3324324828272997,-34.99694368730616
901,0,normal,0.014339862391352654,0.3311205991351481,-37.437220145322954
902,0,normal,0.01655377261340618,0.3271071905579317,-37.39346231753666
903,0,normal,0.018841218203306198,0.31598104035180197,-51.6158504361415
904,0,normal,0.019884301349520683,0.31613068086660684,-51.58273188457406
905,0,normal,0.01837705820798874,0.31620163943884483,-51.618574018277286
906,0,normal,0.01832149177789688,0.3180148797328152,-51.61422903344214
907,0,normal,0.01735835336148739,0.31581643286655847,-51.62187861674897
908,0,normal,0.01613806188106537,0.3152368580686311,-51.63895919202673
909,0,normal,0.01692572981119156,0.31907944552966455,-51.85288170095214
910,0,normal,0.01840440183877945,0.3124700253250671,-51.86922715634091
911,0,normal,0.020487934350967407,0.31648906725934833,-51.84503809856665
912,0,normal,0.08670973032712936,0.3169856608223435,-51.64168407777811
913,0,normal,0.014186874032020569,0.3151519740162399,-51.608499549205135
914,0,normal,0.01880093663930893,0.3190437924412346,-51.59550011738202
915,0,normal,0.022121461108326912,0.3166543129521038,-51.51207973177475
916,0,normal,0.01731005311012268,0.31450608671264024,-51.46948935630871
917,0,normal,0.08607441186904907,0.3146075088792414,-51.23012930120649
918,0,normal,0.013533173128962517,0.3185386061943317,-51.17971195952373
919,0,normal,0.016571447253227234,0.3128263230177201,-52.50921079169143
920,0,normal,0.017014114186167717,0.318115998592594,-52.46119834772162
921,0,normal,0.01843692734837532,0.3141048805149012,-52.43459823177227
922,0,normal,0.36204013228416443,0.31289884037840887,-52.503684860720796
923,0,normal,0.09849769622087479,0.31495035693317486,-52.30578156852357
924,0,normal,0.01753353700041771,0.3184849657396803,-53.61974090678791
925,0,normal,0.352935254573822,0.31400058668985453,-52.38486254994473
926,0,normal,0.009403335861861706,0.31397605151514363,-52.40551998472506
927,0,normal,0.35142725706100464,0.3210326996782538,-51.1462466173748
928,0,normal,0.09305547922849655,0.3152868483546378,-50.97244875003503
929,0,normal,0.017896760255098343,0.32610526036674126,-50.94453573612168
930,0,normal,0.019795306026935577,0.3165605018826456,-51.18727010363864
931,0,normal,0.019327426329255104,0.31533536763525233,-51.16685952156695
932,0,normal,0.018801845610141754,0.3180024453303175,-51.14261651798324
933,0,normal,0.01853366382420063,0.3173885134268202,-51.14589788816875
934,0,normal,0.01983487978577614,0.31806975256218367,-51.13853141810591
935,0,normal,0.08774281293153763,0.3180141966053051,-50.99405780099755
936,0,normal,0.015168474987149239,0.3175919405206865,-50.998275503324976
937,0,normal,0.017936836928129196,0.31786731808369667,-50.96864743750325
938,0,normal,0.007010705769062042,0.31846567775077356,-51.03717464000033
939,0,normal,0.01696794480085373,0.317857690822892,-51.036436079909436
940,0,normal,0.0865175798535347,0.3198164005783556,-50.864405772933196
941,0,normal,0.012840943410992622,0.3189655494788486,-50.897653206052155
942,0,normal,0.014290682040154934,0.3203721564246658,-51.132687916780014
943,0,normal,0.02152283675968647,0.3161133056008465,-51.10940497288561
944,0,normal,0.012712832540273666,0.3187888976249652,-51.12628758289975
945,0,normal,0.08665089309215546,0.31790716065063024,-50.95292243002268
946,0,normal,0.004965594969689846,0.3175010544504724,-50.976615995645034
947,0,normal,0.01629161648452282,0.31951307116067645,-51.17598465090214
948,0,normal,0.01733020693063736,0.31862670512228647,-51.13940545874402
949,0,normal,0.02096538431942463,0.31563800445719875,-51.060027129687796
950,0,normal,0.08573952317237854,0.3162383325889266,-50.81725032775944
951,0,normal,0.010988614521920681,0.3178387875050623,-50.78170132577452
952,0,normal,0.014948059804737568,0.316364980086637,-52.09763574989688
953,0,normal,0.3612096905708313,0.3198033746496524,-51.058053391335534
954,0,normal,0.004480415023863316,0.31515493489549423,-51.10516704822339
955,0,normal,0.011953677050769329,0.318305186361162,-52.43548082240886
956,0,normal,0.35712915658950806,0.3162915043416249,-51.15191626076171
957,0,normal,7.419313907623291,0.3364584137748307,-23.16077494324486
958,0,normal,0.1795002520084381,0.34292702762003396,-23.407046537804717
959,0,normal,1.6485772132873535,0.3558710625973861,-12.786147466512375
960,0,normal,1.2542645931243896,0.373494046303534,9.522160910559478
961,0,normal,0.13167540729045868,0.3721017073730604,10.682844537495384
962,0,normal,0.6521776914596558,0.38081341268869406,10.646071496681088
963,0,normal,0.24671071767807007,0.3865648031211826,12.195676953910606
964,0,normal,0.2099991738796234,0.3958219791779322,13.627205054553542
965,0,normal,0.1926577389240265,0.40749895446540596,14.915339116635096
966,0,normal,0.7933156490325928,0.37912571924318994,14.898416087594569
967,0,normal,0.7650606632232666,0.4035653919618991,17.56451469592548
968,0,normal,1.6675658226013184,0.4043471087894901,19.30894560782758
969,0,normal,1.106994867324829,0.4456848740699132,44.42895767515188
970,0,normal,0.45901191234588623,0.4240586543337031,44.00580687637648
971,0,normal,1.0788220167160034,0.43232697319434726,49.91137881453642
972,0,normal,1.2318934202194214,0.42718297411141354,56.83293547331186
973,0,normal,0.04427255690097809,0.42907493015792036,56.713394106831856
974,0,normal,0.02391030825674534,0.45592483496293706,56.47051532411251
975,0,normal,0.02027236297726631,0.4194945001977168,56.17838648145835
976,0,normal,0.02031264640390873,0.4239140408778129,56.398329333403126
977,0,normal,0.024072697386145592,0.4208873814263955,56.529668824591226
978,0,normal,0.005506398621946573,0.45192361661167585,56.60359662291876
979,0,normal,0.01577167399227619,0.43450573495038897,56.78912816057641
980,0,normal,0.016854440793395042,0.4272836478997962,56.827865467789024
981,0,normal,0.014261748641729355,0.4367179245731426,57.207460931827654
982,0,normal,0.36372753977775574,0.4190598274671778,58.73123694314995
983,0,normal,0.09820137172937393,0.43040490134331433,58.15077109766776
984,0,normal,0.37130722403526306,0.4279308751954368,59.91071100073077
985,0,normal,0.014269933104515076,0.4579848349033252,60.54189591276668
986,0,normal,0.34715738892555237,0.42820526018373223,61.1956557103224
987,0,normal,0.09127195924520493,0.425768881097384,35.23630110561021
988,0,normal,0.020742464810609818,0.4118919529565624,35.86755703153494
989,0,normal,0.02196144126355648,0.41443253831445037,24.107974949746904
990,0,normal,0.01979225128889084,0.38171120430448846,1.089051529346989
991,0,normal,0.018686506897211075,0.3806012211399321,-0.4789508071212367
992,0,normal,0.021950334310531616,0.3665698388784566,0.6336120156324796
993,0,normal,0.01712690107524395,0.3789049857474502,-0.7195493507929314
994,0,normal,0.08790596574544907,0.3732796447342758,-2.0744722237225233
995,0,normal,0.01219386700540781,0.36834594669542764,-3.6514967881180382
996,0,normal,0.017906518653035164,0.3519825735992049,-3.035796899935576
997,0,normal,0.018047921359539032,0.35763350573095215,-6.336274286729349
998,0,normal,0.021731039509177208,0.3638330658673998,-8.694544614795177
999,0,normal,0.08630385994911194,0.3272933027825507,-37.12059422607217
1000,0,normal,0.013880599290132523,0.3326478602324759,-37.08429217455023
1001,0,normal,0.018552249297499657,0.32490065890158426,-43.84423596676129
1002,0,normal,0.018686627969145775,0.3185670246483557,-51.3329442733027
1003,0,normal,0.02060765027999878,0.3171532207191066,-51.316722031301424
1004,0,normal,0.018393125385046005,0.3197133222957567,-51.29741957106444
1005,0,normal,0.08655902743339539,0.3169022292150195,-51.09572380833447
1006,0,normal,0.014234017580747604,0.32211757023189636,-51.05828043761494
1007,0,normal,0.017886895686388016,0.3172133565638802,-51.02696184428146
1008,0,normal,0.02015760913491249,0.3196591220745781,-50.88494647590187
1009,0,normal,0.016491778194904327,0.3133789297964621,-50.83161476585565
1010,0,normal,0.019814498722553253,0.3165551333179456,-50.75555585054735
1011,0,normal,0.08632548153400421,0.3168786625877209,-50.50767119735815
1012,0,normal,0.013800553046166897,0.31969646932626195,-51.81496656450145
1013,0,normal,0.0159864891320467,0.31339259980764245,-52.03431703852925
1014,0,normal,0.018409693613648415,0.31449341415146753,-53.328027293252944
1015,0,normal,0.3611711859703064,0.3157623351761655,-52.059350321188504
1016,0,normal,0.011526897549629211,0.31425443119156765,-53.40039062457072
1017,0,normal,0.3555415868759155,0.31934245836671926,-52.37791060748805
1018,0,normal,0.012028085999190807,0.31383044851801684,-52.41251381225834
1019,0,normal,0.02332654409110546,0.3191953793949504,-52.37704413742904
1020,0,normal,0.352913498878479,0.3160790974294417,-51.10842377258223
1021,0,normal,0.010382477194070816,0.31485212208483604,-51.10836225473918
1022,0,normal,0.08152534812688828,0.32165634029265033,-50.94120931443808
1023,0,normal,0.013015124015510082,0.31906408703203143,-50.93488036170584
1024,0,normal,0.016927506774663925,0.31765828077008884,-51.15474858613993
1025,0,normal,0.016779394820332527,0.31630178231756406,-51.14783085610793
1026,0,normal,0.016991911455988884,0.31729439268255993,-51.12007791551878
1027,0,normal,0.015596341341733932,0.31709189544678057,-51.12424686543068
1028,0,normal,0.021314587444067,0.3198884773460435,-51.1370793585379
1029,0,normal,0.08721879124641418,0.3182403620698819,-51.18026218901423
1030,0,normal,0.011444751173257828,0.3155145381869962,-51.21035523930186
1031,0,normal,0.021166842430830002,0.31798846195410246,-51.197012292735735
1032,0,normal,0.017675239592790604,0.3174922072309489,-51.18344594608402
1033,0,normal,0.021472113206982613,0.31573573859783644,-51.191432894083846
1034,0,normal,0.08615412563085556,0.3201284216737651,-51.01766972574296
1035,0,normal,0.014622200280427933,0.31860597829065285,-51.235591081751636
1036,0,normal,0.017580272629857063,0.314393172874911,-51.23573159430384
1037,0,normal,0.0155216408893466,0.32153217581746407,-51.236735344606586
1038,0,normal,0.018909262493252754,0.31457090280082994,-51.2100450757971
1039,0,normal,0.08605625480413437,0.31824963122978567,-51.00007580284591
1040,0,normal,0.014331458136439323,0.32004089654986584,-50.978260582619896
1041,0,normal,0.01146769430488348,0.3180456347627674,-51.19634848621422
1042,0,normal,0.013709942810237408,0.31886876735599046,-51.2046121636904
1043,0,normal,0.016782425343990326,0.317714259565672,-51.13073632724081
1044,0,normal,0.004406121093779802,0.31398542272103325,-51.171201825233084
1045,0,normal,0.014869875274598598,0.3130701085231438,-52.475555365078435
1046,0,normal,0.02109352871775627,0.3172275665514514,-52.503815322661694
1047,0,normal,0.017821744084358215,0.31238442057260407,-53.83181493995539
1048,0,normal,0.013562734238803387,0.31275130303021914,-53.820685926281385
1049,0,normal,0.36283838748931885,0.31767365033565964,-52.5754785930385
1050,0,normal,0.003496999153867364,0.3124417138086559,-53.9654482120352
1051,0,normal,0.3580394983291626,0.31917319261504673,-52.7051826768984
1052,0,normal,0.0021019119303673506,0.31348568596711907,-53.03613848305349
1053,0,normal,0.020108923316001892,0.31844140657193915,-53.000342258595765
1054,0,normal,7.374197959899902,0.33399496380508464,-23.462356146968432
1055,0,normal,0.18173091113567352,0.34135644026823103,-23.461686775115595
1056,0,normal,1.5254814624786377,0.37242265453286777,0.49629717263337625
1057,0,normal,0.13887879252433777,0.35806144456640643,1.2086067842828925
1058,0,normal,0.17431670427322388,0.3722652341363584,2.5348787640843966
1059,0,normal,9.889168739318848,0.40677155800585263,47.298381779176225
1060,0,normal,0.6205112338066101,0.38056260834581107,47.025561523159695
1061,0,normal,10.282893180847168,0.440550232062403,90.09813248931141
1062,0,normal,0.5984131693840027,0.42284859911575967,92.25800363825238
1063,0,normal,0.680659294128418,0.43141948104541844,93.43335056732087
1064,0,normal,2.616689920425415,0.43921939022183465,94.23130310077943
1065,0,normal,1.0125964879989624,0.46062850061100397,116.57412896512233
1066,0,normal,0.2517869174480438,0.4465683456986377,116.96482320072823
1067,0,normal,1.8473050594329834,0.47327834773742694,128.8721494973462
1068,0,normal,0.04882887005805969,0.4763718462747399,128.98139772350135
1069,0,normal,0.022794252261519432,0.4619411916118889,128.49076224806424
1070,0,normal,0.016981549561023712,0.4777068028937438,128.31836296731035
1071,0,normal,0.016399692744016647,0.454251542414976,128.33920849419235
1072,0,normal,0.022545956075191498,0.4649984968148476,128.50030379881503
1073,0,normal,0.012100934982299805,0.4512565634644137,128.51957719968868
1074,0,normal,0.012714606709778309,0.46420850498250615,128.65619733185633
1075,0,normal,0.08672673255205154,0.47269974718785407,128.8424725737276
1076,0,normal,0.37916311621665955,0.4650646884907332,130.1157608571558
1077,0,normal,0.014153917320072651,0.4693319023084016,130.43484965520418
1078,0,normal,0.01521382387727499,0.4584050226001489,130.75077344697172
1079,0,normal,0.35406050086021423,0.4610398827138491,131.0884063942201
1080,0,normal,0.009869526140391827,0.46735601270287463,131.79724079845982
1081,0,normal,0.08111763000488281,0.48483541666826574,131.41447236166164
1082,0,normal,0.01386940199881792,0.4583566815477275,132.4169965171791
1083,0,normal,0.02272295206785202,0.45572478967309954,133.18854973235852
1084,0,normal,0.017920926213264465,0.4457523989214592,108.99832872248817
1085,0,normal,0.01633761078119278,0.4495733324636979,110.01953316233164
1086,0,normal,0.01485395897179842,0.40746813291333794,86.79667272080542
1087,0,normal,0.01458112895488739,0.41664414115026616,85.22316192747667
1088,0,normal,0.013756482861936092,0.4006764174610673,83.94633904412626
1089,0,normal,0.01420500222593546,0.3811649294772628,40.25358530818016
1090,0,normal,0.01313737127929926,0.3964170452241093,41.13085029464651
1091,0,normal,0.020739570260047913,0.36040290659894736,-4.341650981307566
1092,0,normal,0.012450908310711384,0.3431708269700351,-7.555368578728348
1093,0,normal,0.01430171076208353,0.3506585390394411,-9.640899898096222
1094,0,normal,0.014893483370542526,0.35486570297592646,-10.652999158097373
1095,0,normal,0.0131358802318573,0.3275285539441616,-37.909445640299964
1096,0,normal,0.020582539960741997,0.3290559262829367,-38.85037986491875
1097,0,normal,0.015398858115077019,0.3119138087652343,-53.09561939400169
1098,0,normal,0.01962573640048504,0.31547447215779256,-53.096833595084036
1099,0,normal,0.016788072884082794,0.31539461358047916,-53.072167162986034
1100,0,normal,0.019563430920243263,0.31412735965062305,-53.0062042340453
1101,0,normal,0.016663216054439545,0.3155373179908824,-52.96889984223253
1102,0,normal,0.014819188043475151,0.3141429214973207,-52.96440416486348
1103,0,normal,0.08704988658428192,0.31219025483815266,-52.720090779879456
1104,0,normal,0.01332157664000988,0.3134180047225064,-52.64617119416289
1105,0,normal,0.020183086395263672,0.31691052504089134,-52.824883722821596
1106,0,normal,0.017202213406562805,0.3108096023462624,-54.15469110938193
1107,0,normal,0.01802539825439453,0.3129223435957957,-54.13253477529997
1108,0,normal,0.018077217042446136,0.3121183938794563,-54.09458137044044
1109,0,normal,0.3626943528652191,0.3128794217191704,-54.175061767625266
1110,0,normal,0.011325065046548843,0.3128089959097394,-54.16917022642997
1111,0,normal,0.35608401894569397,0.31530017479501704,-53.15532419021156
1112,0,normal,0.011020773090422153,0.3125103911014527,-53.15888322958904
1113,0,normal,0.01490031648427248,0.3165829990911976,-53.183005230002664
1114,0,normal,0.018365181982517242,0.3123868644500964,-53.178353263578856
1115,0,normal,0.08325108885765076,0.3159767383627212,-52.97589927436047
1116,0,normal,0.014330103993415833,0.315626793451129,-52.9725022492114
1117,0,normal,0.018185993656516075,0.31341799563670136,-52.953810533745354
1118,0,normal,0.01836477965116501,0.31428684921027034,-52.921373246904295
1119,0,normal,0.01731148362159729,0.3127309634012689,-52.91213236501244
1120,0,normal,0.021621890366077423,0.31435071928587255,-52.86400462020197
1121,0,normal,0.017688237130641937,0.3151422636656561,-52.880622265403645
1122,0,normal,0.017380384728312492,0.31619514452068975,-52.88567994226423
1123,0,normal,0.017340270802378654,0.3159560593200886,-52.87205947591747
1124,0,normal,0.017690036445856094,0.3147154836850227,-52.85150739985306
1125,0,normal,0.08726206421852112,0.3140045594480436,-52.66780687246478
1126,0,normal,0.011547223664820194,0.31509040697375396,-52.693905438465436
1127,0,normal,0.020980097353458405,0.31497110599693107,-52.667648375001136
1128,0,normal,0.011566542088985443,0.315113518397681,-52.723148375523124
1129,0,normal,0.01562182791531086,0.3172318263242937,-52.72399494054139
1130,0,normal,0.08614335209131241,0.3157175630384843,-52.5413551551801
1131,0,normal,0.010993962176144123,0.31813921697045605,-52.53480486452372
1132,0,normal,0.01612810790538788,0.31400828316430296,-52.49806142071179
1133,0,normal,0.02187569998204708,0.315273917102837,-52.6886300533813
1134,0,normal,0.016563059762120247,0.3134281827423187,-52.65736564377357
1135,0,normal,0.08619140833616257,0.31785569144638054,-52.461419942745806
1136,0,normal,0.011920137330889702,0.31371082134606576,-52.441715316693944
1137,0,normal,0.018578626215457916,0.31717508483379847,-52.397491326273666
1138,0,normal,0.02039874531328678,0.31264318939915636,-52.3709264724273
1139,0,normal,0.36093780398368835,0.3156473201961679,-52.42228457373858
1140,0,normal,0.09822419285774231,0.3162250453460539,-52.23621053309989
1141,0,normal,0.017559098079800606,0.31592063311201385,-53.555982014212304
1142,0,normal,0.35291850566864014,0.31732905902566344,-52.31211447027863
1143,0,normal,0.011130150407552719,0.3162352577862903,-52.29844378775874
1144,0,normal,0.3511728048324585,0.3211845233161014,-51.035317744701615
1145,0,normal,0.001990928780287504,0.3169636649346812,-51.33945982274486
1146,0,normal,0.018000401556491852,0.32172637521046243,-51.333649038573185
1147,0,normal,0.0183551087975502,0.3172945492753232,-51.3398146902141
1148,0,normal,0.0220326017588377,0.3159360062613958,-51.30295233594052
1149,0,normal,7.29014253616333,0.3321227800578753,-22.002717843647815
1150,0,normal,0.17385762929916382,0.34854120382687537,-22.03553351497112
1151,0,normal,1.6398845911026,0.3569786075666929,-11.591704278618408
1152,0,normal,0.5223795771598816,0.3823759681498393,12.116573171873824
1153,0,normal,11.21883773803711,0.40300346974780865,56.415029861268295
1154,0,normal,0.16170547902584076,0.40047273400563044,57.605804926890414
1155,0,normal,0.4894615709781647,0.42175382852919296,59.76941587327042
1156,0,normal,0.26333704590797424,0.42523665595806587,60.97763685856762
1157,0,normal,3.559708595275879,0.44783724131972963,74.74780660929173
1158,0,normal,3.0325868129730225,0.4297451869757602,85.19683568470464
1159,0,normal,0.5498783588409424,0.45589914549948335,85.28455265028606
1160,0,normal,1.9143710136413574,0.4477681239360657,97.36532402431214
1161,0,normal,0.06854262202978134,0.44722595732794285,97.5450283822704
1162,0,normal,0.013956133276224136,0.44925248091994435,97.29694909907789
1163,0,normal,0.008620393462479115,0.4461561935195774,97.08965098977137
1164,0,normal,0.08673155307769775,0.4506643866666312,97.362273734567
1165,0,normal,0.017820177599787712,0.4439121447148395,97.20726713685144
1166,0,normal,0.013795174658298492,0.4397958104285566,97.27904887257807
1167,0,normal,0.02168947272002697,0.4403586919028426,97.3497560045787
1168,0,normal,0.35797595977783203,0.46538852352890225,98.56447794485257
1169,0,normal,0.009151519276201725,0.4345352549862816,97.43429338269459
1170,0,normal,0.3546879291534424,0.458436698725516,98.38364266705514
1171,0,normal,0.006464437115937471,0.4649708290349855,98.46932384381057
1172,0,normal,0.014246649108827114,0.44304814825897126,97.53592091428538
1173,0,normal,0.023343537002801895,0.46360800991878964,97.97791753895933
1174,0,normal,0.0826716274023056,0.4261091550754761,97.48429845302906
1175,0,normal,0.01093631237745285,0.44557973336386203,98.14815090056277
1176,0,normal,0.0153238819912076,0.44914351413071435,98.87201725663067
1177,0,normal,0.012930999509990215,0.4582028629400849,99.69391248368754
1178,0,normal,0.01619838923215866,0.429680177410292,100.77818377374535
1179,0,normal,0.014948073774576187,0.42094120796209966,76.26868077411086
1180,0,normal,0.017053667455911636,0.4148211030016992,77.22281214261011
1181,0,normal,0.01802423968911171,0.41765361968119513,66.56230697318188
1182,0,normal,0.08713928610086441,0.3943812125939825,42.304002382349154
1183,0,normal,0.01200906839221716,0.3615160356447495,-3.1730204820335075
1184,0,normal,0.016229752451181412,0.3649179011714821,-4.850050240001337
1185,0,normal,0.01631963811814785,0.3391959527242076,-8.08347995586655
1186,0,normal,0.015684541314840317,0.3594464839439954,-10.195796437356194
1187,0,normal,0.016514960676431656,0.3459494778314413,-25.751279283017766
1188,0,normal,0.01689302921295166,0.330061240067562,-38.52420011658842
1189,0,normal,0.021003367379307747,0.3279846345575281,-38.63191650807789
1190,0,normal,0.016868067905306816,0.3183712692608138,-52.838408018178825
1191,0,normal,0.01612142287194729,0.313285336684931,-52.867479358146056
1192,0,normal,0.006723565980792046,0.3157677718076598,-52.87147267825458
1193,0,normal,0.01887313276529312,0.3127173852604488,-52.78014274088423
1194,0,normal,0.017934830859303474,0.3161476543458423,-52.9694816980973
1195,0,normal,7.348944664001465,0.3313139068175849,-23.45510553089025
1196,0,normal,0.1820998340845108,0.3388002789338514,-23.43220327836957
1197,0,normal,1.5344353914260864,0.36767342847952095,0.5383834184842726
1198,0,normal,0.5508827567100525,0.34661876096245503,-1.6753570978642074
1199,0,normal,0.2313746064901352,0.36232168432292505,-0.22359336570821142
1200,0,normal,0.4765232503414154,0.3767930392666362,1.1724474872019073
1201,0,normal,0.18530042469501495,0.367505788202473,2.636607588992547
1202,0,normal,0.4162865877151489,0.39601001694987037,5.311228335958731
1203,0,normal,1.065935492515564,0.3817788840844053,5.238753253480127
1204,0,normal,0.969758152961731,0.3752578292580449,6.56828503297379
1205,0,normal,2.3774404525756836,0.39355669195850895,9.26148632555305
1206,0,normal,1.8781392574310303,0.4156148882763677,24.044776787223554
1207,0,normal,2.2917187213897705,0.424272598042542,35.14752464977437
1208,0,normal,82.06790924072266,0.43455757958920344,312.2611315102953
1209,0,normal,0.07206405699253082,0.42999662977483183,312.2461694232285
1210,0,normal,0.09255432337522507,0.42273113177271066,312.0087325089503
1211,0,normal,0.05790060758590698,0.4436805814446849,311.86353580501725
1212,0,normal,0.10634586215019226,0.432996773172694,311.8725798905573
1213,0,normal,0.022474398836493492,0.4427231268397675,311.94904887980067
1214,0,normal,0.026451459154486656,0.4193516108632823,312.1022631895032
1215,0,normal,0.02235846407711506,0.4334724207696187,312.16308880521376
1216,0,normal,0.02098587341606617,0.4426974387885265,312.26869323818187
1217,0,normal,0.019755611196160316,0.43224596250335207,312.441401106271
1218,0,normal,0.018404783681035042,0.42388820555576817,312.6640072175651
1219,0,normal,0.01789650321006775,0.4300576515150113,312.8252623981848
1220,0,normal,0.02105589769780636,0.40045148160962546,313.1347359454022
1221,0,normal,0.01613597199320793,0.42955656699521316,313.4973974494343
1222,0,normal,0.016638733446598053,0.43679694905398725,313.8913273066679
1223,0,normal,0.016788726672530174,0.42648168423022664,314.42248640736113
1224,0,normal,0.022084424272179604,0.42014590933016166,314.8459111894
1225,0,normal,0.01729801669716835,0.40546530269728154,294.9336607532664
1226,0,normal,0.01667972467839718,0.40522617106705866,295.5172367756643
1227,0,normal,0.016072802245616913,0.382756177656488,276.39672140630546
1228,0,normal,0.08698661625385284,0.38763676140088776,277.30812821881034
1229,0,normal,0.012619170360267162,0.38328340602912114,276.3150699531818
1230,0,normal,0.01494734175503254,0.37856404450332093,274.40534622416374
1231,0,normal,0.00977317988872528,0.37820706182381125,273.33167143837784
1232,0,normal,0.009200195781886578,0.3609855981567049,271.22329376343237
1233,0,normal,0.3632259666919708,0.36005082481838546,272.7899279984034
1234,0,normal,0.011721492744982243,0.3551540993357736,271.4458102799796
1235,0,normal,0.018186653032898903,0.3615080432492348,268.9485524548106
1236,0,normal,0.3560626208782196,0.3430674888864922,257.26644105276296
1237,0,normal,0.01170874759554863,0.33866051074400483,247.45912821511774
1238,0,normal,0.022699464112520218,0.31603078557393594,-52.811604416779346
1239,0,normal,0.017361154779791832,0.3124069047041216,-52.83316183313946
1240,0,normal,0.01325124129652977,0.316153758371612,-52.84229205429301
1241,0,normal,0.017826572060585022,0.31488851497244985,-52.85088060080943
1242,0,normal,0.017349988222122192,0.31175200393410746,-53.06419810628472
1243,0,normal,0.08690319955348969,0.31521451056842026,-52.90339136549096
1244,0,normal,0.01637485809624195,0.31465919917138807,-52.93039064235791
1245,0,normal,0.017901943996548653,0.3143078657973079,-52.92107190858292
1246,0,normal,0.005505686160176992,0.31632769178206527,-53.020143376855685
1247,0,normal,0.08754406869411469,0.3178474729912896,-52.858754212928034
1248,0,normal,0.006133230868726969,0.3171652135402541,-52.89822612913122
1249,0,normal,0.020872630178928375,0.3149936686063209,-52.88861444952727
1250,0,normal,0.00493110716342926,0.3149587805492995,-52.992029910398514
1251,0,normal,0.003889096202328801,0.31528677625780216,-53.068148121048125
1252,0,normal,0.08829391747713089,0.31507672834862815,-52.885434376273906
1253,0,normal,0.004293085541576147,0.3199172244908183,-52.94107115894326
1254,0,normal,0.019243866205215454,0.312825964788972,-52.9430116517824
1255,0,normal,0.004043223336338997,0.31595156462831553,-53.024394948162126
1256,0,normal,0.008089043200016022,0.319159684405036,-53.03021759560602
1257,0,normal,0.004398254211992025,0.3143838966648232,-53.05686886308513
1258,0,normal,0.02023143507540226,0.31662246391066606,-53.241095719164605
1259,0,normal,0.3620125949382782,0.3187275231895791,-51.9752614398119
1260,0,normal,0.010562299750745296,0.3153181952057011,-51.95879378531072
1261,0,normal,0.3564344048500061,0.3224673830215676,-50.634982439743
1262,0,normal,0.006384087726473808,0.3199023974688488,-50.61616811313502
1263,0,normal,0.022102750837802887,0.3202143103514797,-51.92340063923143
1264,0,normal,0.35320302844047546,0.31814190554827754,-50.6543966832603
1265,0,normal,0.00844601821154356,0.3211261973652044,-50.664704693054546
1266,0,normal,0.006544445175677538,0.32141176413487366,-52.066689345256464
1267,0,normal,0.022206595167517662,0.3189497157234344,-52.027467140309
1268,0,normal,0.013093702495098114,0.3177628633256951,-52.04582614625474
1269,0,normal,0.013134622015058994,0.31596900147949664,-52.06106667490917
1270,0,normal,0.021428553387522697,0.3183002142340947,-51.999456704759496
1271,0,normal,0.01598052680492401,0.3176706769348699,-51.99054416141803
1272,0,normal,0.013033218681812286,0.32459112455360895,-52.020452442583746
1273,0,normal,0.0061317989602684975,0.3162093854652853,-52.289605100054814
1274,0,normal,0.010495617054402828,0.31760604642106516,-52.33920671295505
1275,0,normal,0.08779332041740417,0.3177640902863143,-52.15921997088503
1276,0,normal,0.013478826731443405,0.3201450285519704,-52.06701535184993
1277,0,normal,0.011120511218905449,0.3167055515878682,-52.34532256658622
1278,0,normal,0.01681962050497532,0.31885800623439603,-52.30165843638474
1279,0,normal,0.01439558807760477,0.31964247196484985,-52.316302360831514
1280,0,normal,0.08627703785896301,0.3176395126198127,-52.05217797623504
1281,0,normal,0.016427069902420044,0.3246653318525008,-51.94095268824071
1282,0,normal,0.017480896785855293,0.3134586242385085,-52.15028372189636
1283,0,normal,0.01769145578145981,0.31888106672820504,-52.07281843464625
1284,0,normal,0.01759045198559761,0.317634719860965,-52.0362683340627
1285,0,normal,0.017087232321500778,0.3184147107391307,-51.91185630754535
1286,0,normal,0.08664274215698242,0.31671008203136974,-51.67056606162146
1287,0,normal,0.01629498228430748,0.3166573034009179,-51.541867717412515
1288,0,normal,0.01411980576813221,0.31506081573180983,-51.55142400511295
1289,0,normal,1.4683129787445068,0.31903804622289433,-47.06998257147143
1290,0,normal,5.664700031280518,0.3335541998568247,-23.470493779603203
1291,0,normal,0.5452796220779419,0.3387319066686289,-23.778322806534106
1292,0,normal,2.914301633834839,0.33862411019293415,-24.666845109608175
1293,0,normal,1.2455735206604004,0.3607925976485097,-1.560599970212479
1294,0,normal,0.374683678150177,0.34902010918504306,-0.44566300876158493
1295,0,normal,0.18570297956466675,0.37176348129407105,1.071407396814493
1296,0,normal,1.1485835313796997,0.36969859517800635,2.317717176724045
1297,0,normal,2.3996570110321045,0.3896337275888302,13.466618145213033
1298,0,normal,0.29355108737945557,0.39887064067760775,14.767987056488892
1299,0,normal,0.24369090795516968,0.38634613573764925,16.414408882677662
1300,0,normal,0.23843105137348175,0.4028141104480668,17.884139096242507
1301,0,normal,4.566188335418701,0.41862681509262994,41.892759474580544
1302,0,normal,0.28436142206192017,0.42298107602387075,42.26871197614628
1303,0,normal,1.8455100059509277,0.4408816793342607,55.0889276281398
1304,0,normal,0.10414276272058487,0.4412974316924399,55.34768860515237
1305,0,normal,0.02070912905037403,0.42170213260713935,54.784769281779745
1306,0,normal,0.021203013136982918,0.4398428421517359,54.60972983953434
1307,0,normal,0.02536322921514511,0.43561399813559487,54.69468874125755
1308,0,normal,0.019845012575387955,0.4228895183980305,54.887428458475824
1309,0,normal,0.018994642421603203,0.4329004161888863,55.03853767415626
1310,0,normal,0.08628377318382263,0.4153416020665441,55.12543545887661
1311,0,normal,0.014195003546774387,0.455026646983051,55.17823474349143
1312,0,normal,0.018069742247462273,0.42486495126980844,55.31375611729209
1313,0,normal,0.017989465966820717,0.4183538621851369,55.401846367253256
1314,0,normal,2.869946002960205,0.4283534642160132,65.56258713543184
1315,0,normal,0.11614587903022766,0.4197730690094472,65.82738498549315
1316,0,normal,0.01665031909942627,0.4422528873010205,65.80797633336829
1317,0,normal,0.01967083103954792,0.4284408234461534,66.08496633712889
1318,0,normal,0.020186467096209526,0.4385272991706682,66.60374214852573
1319,0,normal,0.020488061010837555,0.42909076320834316,62.13563349637366
1320,0,normal,0.019493017345666885,0.41277349274943387,41.412001168111374
1321,0,normal,0.08879551291465759,0.3953335039693341,41.01675152812368
1322,0,normal,0.01888325810432434,0.41810613654621265,42.065101951286124
1323,0,normal,0.018747666850686073,0.3973154495505961,19.218765405211798
1324,0,normal,0.02018790878355503,0.38183560080931617,16.70585407926046
1325,0,normal,0.3610036075115204,0.3882695231738809,16.60270058737342
1326,0,normal,0.011424845084547997,0.3895459068565426,16.28171999276583
1327,0,normal,0.024015633389353752,0.3665234438726896,4.958567877052019
1328,0,normal,0.35507848858833313,0.3633755019595367,4.381990631173721
1329,0,normal,0.00979016162455082,0.3662110154348974,2.194863801697238
1330,0,normal,0.3534938395023346,0.3692220236408669,1.2911019555376697
1331,0,normal,0.09364098310470581,0.3454770675833761,-25.524640180626648
1332,0,normal,0.012651766650378704,0.34657263547776856,-26.506693141328697
1333,0,normal,0.01889265701174736,0.32276114103465103,-40.54752186191513
1334,0,normal,0.01919117569923401,0.3266151381780431,-40.724637994567274
1335,0,normal,0.004621966741979122,0.32752175824860913,-40.69714045336946
1336,0,normal,0.015822559595108032,0.3279886454061067,-40.605422404916
1337,0,normal,0.021374011412262917,0.32454588545143853,-40.52310822745403
1338,0,normal,0.0164191797375679,0.32471607512020595,-40.460216326015825
1339,0,normal,0.028152307495474815,0.32636648554677283,-40.43551183211321
1340,0,normal,0.01739608868956566,0.3278121668900389,-40.63640048425418
1341,0,normal,0.01570069044828415,0.32417563509159536,-40.643659889657556
1342,0,normal,0.018397940322756767,0.32145329836760744,-40.654755185615386
1343,0,normal,0.016973968595266342,0.3285037028826794,-40.65605350372016
1344,0,normal,0.01514470111578703,0.3162609964322582,-51.60782551350667
1345,0,normal,0.08683491498231888,0.3197075091365462,-51.64284073010322
1346,0,normal,0.011282606050372124,0.31550104900232745,-51.65422074759363
1347,0,normal,0.003891737200319767,0.3178585610385158,-51.75209015577934
1348,0,normal,0.020023055374622345,0.31803153097473535,-51.72717347634216
1349,0,normal,0.006094720680266619,0.31726077289715165,-51.75041789558486
1350,0,normal,0.017221026122570038,0.32268600541328574,-51.71710983433309
1351,0,normal,0.017856016755104065,0.3171006451425763,-51.89618936849661
1352,0,normal,0.0178003441542387,0.3171475753734116,-51.88188753912527
1353,0,normal,0.01789795607328415,0.314395987792318,-51.822880735827994
1354,0,normal,0.3636690378189087,0.31985304941191656,-50.52575627318993
1355,0,normal,0.09905727207660675,0.3152790891921418,-51.67091644250718
1356,0,normal,0.37232235074043274,0.3222598967488324,-50.39227613911953
1357,0,normal,0.00524194585159421,0.3194050895617406,-50.44693171258973
1358,0,normal,0.018868979066610336,0.31983395051271685,-51.75674572522121
1359,0,normal,0.08029059320688248,0.31915974802273495,-51.53455163159356
1360,0,normal,0.015787633135914803,0.31791809224784534,-52.83059774273124
1361,0,normal,0.016072988510131836,0.31696984704851594,-53.062057716993195
1362,0,normal,0.00946605671197176,0.3170717972335001,-53.09625992038582
1363,0,normal,0.017864998430013657,0.31827356470585777,-53.07749545129718
1364,0,normal,0.017827842384576797,0.31599796609021935,-53.066487096008586
1365,0,normal,0.02170136570930481,0.31543404766973365,-52.95990845881761
1366,0,normal,0.016422640532255173,0.3134561806707221,-52.953376619190976
1367,0,normal,0.01207056175917387,0.31780377036997837,-53.01229051179439
1368,0,normal,0.015471115708351135,0.3166863040292952,-52.9948412129429
1369,0,normal,0.08767640590667725,0.31614818246422866,-52.81782919288639
1370,0,normal,0.012211623601615429,0.31518988695378974,-52.78491945967039
1371,0,normal,0.021198280155658722,0.3166710330402676,-52.75351179460995
1372,0,normal,0.017028596252202988,0.31475607225064195,-52.782501502001196
1373,0,normal,0.0158870629966259,0.31655546827654135,-52.78161763914568
1374,0,normal,0.01577344536781311,0.31900044664107974,-52.773148789120796
1375,0,normal,0.08663920313119888,0.3162700960749104,-52.81423163432942
1376,0,normal,0.016230547800660133,0.3189998692489546,-52.777258706443035
1377,0,normal,0.01600358821451664,0.3129675917667429,-52.68550284237608
1378,0,normal,0.016824424266815186,0.31620592525394264,-52.67208990931363
1379,0,normal,0.017710965126752853,0.31499841584743127,-52.56473057895573
1380,0,normal,0.018025662750005722,0.31597873962021517,-52.51808181497586
1381,0,normal,0.017798898741602898,0.31307887959092684,-52.48121577802294
1382,0,normal,0.017638899385929108,0.31659035712105194,-52.44509903326275
1383,0,normal,0.01792951487004757,0.312162227778715,-52.40444936581548
1384,0,normal,0.020790494978427887,0.3137128010110731,-53.673667693484504
1385,0,normal,0.36329910159111023,0.3131864605319022,-52.6449961066096
1386,0,normal,1.5704405307769775,0.3193702484351967,-48.03222703878896
1387,0,normal,5.703985214233398,0.3334723129908689,-24.39537886390076
1388,0,normal,0.5464104413986206,0.3421800423242532,-23.39622793952185
1389,0,normal,1.2493404150009155,0.37138543212161673,0.40569676767609053
1390,0,normal,0.763938844203949,0.36346036651020724,0.7865813244650326
1391,0,normal,0.2259431928396225,0.3617316346741962,2.2212394273371956
1392,0,normal,0.20612020790576935,0.3852438714216991,3.7389355328666625
1393,0,normal,0.19854910671710968,0.3718194396043743,5.171112818287156
1394,0,normal,112.56135559082031,0.41829500826898636,382.0901147349358
1395,0,normal,1.4532477855682373,0.39975316285556367,383.0733137206074
1396,0,normal,2.0163040161132812,0.42505064409695426,392.70856258319463
1397,0,normal,3.1204519271850586,0.43091639487612576,399.29611492168624
1398,0,normal,0.36599451303482056,0.4364673401307883,399.57171430455253
1399,0,normal,1.9166878461837769,0.4581032600210398,408.03774685958274
1400,0,normal,0.037952255457639694,0.44767946384369195,408.1040938970509
1401,0,normal,0.025617441162467003,0.44784483809902426,407.86746045901464
1402,0,normal,0.020214667543768883,0.43296394188529486,408.06017467591187
1403,0,normal,0.01941324584186077,0.4416271684860008,408.4316893933451
1404,0,normal,0.017206987366080284,0.44673829775419843,408.4852580814568
1405,0,normal,0.0115658575668931,0.4494605972390454,408.43179349762795
1406,0,normal,0.02117934636771679,0.43333081328725453,408.4705750683265
1407,0,normal,0.016935423016548157,0.42695127451275316,408.5175898722281
1408,0,normal,0.016249094158411026,0.4457826468472596,408.54637202792946
1409,0,normal,0.08632019907236099,0.43311556680823543,408.7582419452583
1410,0,normal,0.012548371218144894,0.44154062143171907,408.9818510055949
1411,0,normal,0.017292970791459084,0.4162181644560203,409.1337314735615
1412,0,normal,0.0223529115319252,0.4356139005668322,409.4140729378769
1413,0,normal,0.017751695588231087,0.4312160166483698,409.78917733321214
1414,0,normal,0.014187554828822613,0.4569596711856669,410.11645599781514
1415,0,normal,0.013108080253005028,0.4413862389201008,409.8368174286261
1416,0,normal,1.431549072265625,0.4278260277510248,409.785819252475
1417,0,normal,0.022026048973202705,0.4133492889362503,396.010825559247
1418,0,normal,0.018112141638994217,0.42332027535481176,395.9400703483466
1419,0,normal,0.01646086946129799,0.3950692619249147,379.1914686749651
1420,0,normal,0.37794145941734314,0.3963732771054427,380.01144402992895
1421,0,normal,0.018028391525149345,0.39327593523702337,379.19499479901333
1422,0,normal,0.026036716997623444,0.38152495026269956,378.25518640742314
1423,0,normal,0.36748063564300537,0.3753176049884149,378.00880131000235
1424,0,normal,0.00911691039800644,0.3478336487640716,-2.8179982431695407
1425,0,normal,0.08608885854482651,0.36328243937876364,-4.67364587609859
1426,0,normal,0.011086840182542801,0.34678284506065954,-21.321067743273943
1427,0,normal,0.01969664730131626,0.33676435601675575,-32.58155683683822
1428,0,normal,0.018734486773610115,0.3302886338853742,-33.55386173458851
1429,0,normal,0.01774892956018448,0.31875318761580496,-47.9426176982854
1430,0,normal,1.4617676734924316,0.32724612470028847,-42.20495722662281
1431,0,normal,5.665643692016602,0.33463619673497724,-18.761159549431795
1432,0,normal,0.6802465319633484,0.3474400106595911,-17.43164838778557
1433,0,normal,1.327097773551941,0.3805027130492187,7.544117736111957
1434,0,normal,0.696150541305542,0.36613460009397525,6.694875257240938
1435,0,normal,0.2359825223684311,0.3699122123139635,8.307760853228046
1436,0,normal,10.349198341369629,0.4120675338795182,54.22075173749204
1437,0,normal,0.13335078954696655,0.40260814617744667,55.4103824349113
1438,0,normal,10.576513290405273,0.4489195451511131,97.92224516769465
1439,0,normal,0.3494725227355957,0.4084856392591941,98.99806155564215
1440,0,normal,2.724238872528076,0.47063308252915614,121.1808518460582
1441,0,normal,0.38382455706596375,0.44853537514050684,120.93782408050242
1442,0,normal,0.373098224401474,0.4635963528111923,121.61912273901135
1443,0,normal,1.9435691833496094,0.4782439766181154,133.50090147026958
1444,0,normal,0.09653767198324203,0.46226296067528877,133.78296220870345
1445,0,normal,0.01874217391014099,0.47953541905063196,133.52406949800547
1446,0,normal,0.025276875123381615,0.4509353551555014,128.92548577685727
1447,0,normal,0.023349115625023842,0.46747845483477307,129.05364379537355
1448,0,normal,0.022615734487771988,0.4442198842976671,129.13843385405175
1449,0,normal,0.35632777214050293,0.4693960586252012,130.34647801946403
1450,0,normal,0.008623877540230751,0.45650009301765954,129.15683503433002
1451,0,normal,0.3546045422554016,0.4637589354707175,130.28911224062244
1452,0,normal,0.01724282093346119,0.46624936125332195,130.29257002118538
1453,0,normal,0.020535362884402275,0.4554387523167067,129.3402957508091
1454,0,normal,0.020139295607805252,0.4678614139223423,129.68959112796483
1455,0,normal,0.02225743979215622,0.42815558781784857,129.8133743827177
1456,0,normal,0.016515839844942093,0.46894882447303915,130.27896161387866
1457,0,normal,0.01325894519686699,0.44539381371002557,130.9514603131787
1458,0,normal,0.014341294765472412,0.4736570003422704,131.56756259713256
1459,0,normal,0.018582100048661232,0.4633804649152921,132.54874133177827
1460,0,normal,0.004793936386704445,0.4284061003345406,128.49962084750712
1461,0,normal,0.012446219101548195,0.4310826611741618,109.55785586620607
1462,0,normal,0.01669473759829998,0.44911306668388196,108.44129414488043
1463,0,normal,0.08690676838159561,0.39673580301611705,83.91195937896191
1464,0,normal,0.016700539737939835,0.41236669656628355,84.95380554524445
1465,0,normal,0.011017682030797005,0.4074596223658173,83.38279018566959
1466,0,normal,0.013101656921207905,0.37774526931395574,38.34052381997981
1467,0,normal,0.01574624888598919,0.3699961238379947,36.56712498135903
1468,0,normal,0.021611914038658142,0.3514536958232469,-8.486903166610773
1469,0,normal,0.08618210256099701,0.3611415936337947,-10.628497436569205
1470,0,normal,0.014477131888270378,0.32475986302527626,-37.81616914448614
1471,0,normal,0.016623996198177338,0.3308998078131029,-37.667513241650795
1472,0,normal,0.016282614320516586,0.32526612255222825,-38.62528121024093
1473,0,normal,0.02123323082923889,0.3170882272373001,-52.814679051756
1474,0,normal,0.016496140509843826,0.312229447462639,-53.021386327994605
1475,0,normal,0.021418152377009392,0.31837356683065393,-52.9290211287514
1476,0,normal,0.012695404700934887,0.31277417900361315,-52.9529506193569
1477,0,normal,0.018311118707060814,0.31678722457272346,-52.91749822976408
1478,0,normal,0.36369720101356506,0.31591582579118394,-51.652409423773406
1479,0,normal,0.3904074430465698,0.31382717131124765,-51.74372219141151
1480,0,normal,0.01299702562391758,0.3202011713994454,-51.69745993067045
1481,0,normal,0.024030445143580437,0.31706400193039996,-53.01219447436438
1482,0,normal,0.35041648149490356,0.31560491212750025,-51.77702442127543
1483,0,normal,0.010530002415180206,0.31550627774424234,-51.76501453224637
1484,0,normal,0.08081790059804916,0.320982285027845,-51.558175743152105
1485,0,normal,0.01359434612095356,0.3168863324125305,-51.57965395824135
1486,0,normal,0.0191913191229105,0.3183811807950102,-51.55615343702675
1487,0,normal,0.018914170563220978,0.3144823358394423,-51.51285556198604
1488,0,normal,0.020604358986020088,0.31622629627777676,-51.44918714768119
1489,0,normal,0.0157950296998024,0.3176521678552127,-51.46817800844428
1490,0,normal,0.08747819066047668,0.3206130646829665,-51.21479995984987
1491,0,normal,0.012316995300352573,0.31748806583388245,-51.197769465170495
1492,0,normal,0.014519516378641129,0.316819526065218,-51.219950067497166
1493,0,normal,0.018337883055210114,0.31825107075961434,-51.42670791481896
1494,0,normal,0.0187840536236763,0.31633729054024573,-51.42065063612063
1495,0,normal,0.018215574324131012,0.31612687114427696,-51.40593186600245
1496,0,normal,0.02105756290256977,0.318504562273186,-51.37591102234842
1497,0,normal,0.08677414804697037,0.31705691210391995,-51.20410030801372
1498,0,normal,0.013642500154674053,0.3191822719570154,-51.23545825021142
1499,0,normal,0.017712576314806938,0.3191502172027518,-51.433001226766464
1500,0,normal,0.021637270227074623,0.3147567593882638,-51.41457375867708
1501,0,normal,0.018051546066999435,0.3160618065615595,-51.396654767414475
1502,0,normal,0.01704421266913414,0.3189526225866763,-51.35878211494264
1503,0,normal,0.08658698946237564,0.3167377743627672,-51.16283341371218
1504,0,normal,0.013461951166391373,0.3186200978000058,-51.13218385907908
1505,0,normal,0.017624586820602417,0.3170512456119304,-51.109243974410674
1506,0,normal,0.017728324979543686,0.31347504290562,-51.02953951615859
1507,0,normal,0.015469763427972794,0.3157985233778985,-50.982991225110936
1508,0,normal,0.08629442751407623,0.31745599502397076,-52.12290605190742
1509,0,normal,0.016329262405633926,0.31537010589800724,-53.43302799278263
1510,0,normal,0.01328959595412016,0.3146812658090198,-53.443511477626316
1511,0,normal,0.015891650691628456,0.31294409969966824,-53.4502702350585
1512,0,normal,0.021656475961208344,0.3128075522886846,-54.73432298426064
1513,0,normal,0.36154940724372864,0.31238149974057955,-53.47240146328113
1514,0,normal,0.09858965873718262,0.31410198396224953,-53.53016231282368
1515,0,normal,0.3720853626728058,0.32041223853371054,-52.28913652145138
1516,0,normal,0.011288408190011978,0.3149281844205531,-52.31454330582119
1517,0,normal,0.01750696450471878,0.3179321877665676,-52.30352054612263
1518,0,normal,0.35117819905281067,0.3183096748234799,-51.037289643419626
1519,0,normal,0.010084765963256359,0.3168474271644222,-51.02487761270777
1520,0,normal,0.015946483239531517,0.3231512591315001,-51.25507486825677
1521,0,normal,0.017244860529899597,0.3163096426598629,-51.261858815741334
1522,0,normal,0.017243152484297752,0.31722123770662014,-51.23482730470823
1523,0,normal,0.016738800331950188,0.31596771611642765,-51.22697227137269
1524,0,normal,0.016521859914064407,0.3151505345636119,-51.221533015735304
1525,0,normal,0.02088610827922821,0.3173232067579007,-51.20160780497599
1526,0,normal,7.27717924118042,0.33761074461369117,-21.95459997956891
1527,0,normal,0.16524629294872284,0.3451036714276406,-22.229748828681068
1528,0,normal,1.540306568145752,0.3713801781510369,1.6620318898624191
1529,0,normal,0.3484700918197632,0.3628055262768165,3.3682953766840456
1530,0,normal,0.16825562715530396,0.375138170976044,4.660177826941435
1531,0,normal,0.42323997616767883,0.38827620724878853,7.264266299789369
1532,0,normal,0.9096794128417969,0.37755695348038315,7.2195213150998825
1533,0,normal,0.20960509777069092,0.4042172015157216,8.710559437823576
1534,0,normal,0.30680882930755615,0.3933627626486503,10.353772687904893
1535,0,normal,0.8352143168449402,0.3921406939447826,11.788805797998293
1536,0,normal,2.042689561843872,0.4011285271252748,13.255664995323059
1537,0,normal,0.8814728856086731,0.43344260246863325,37.386165568510705
1538,0,normal,0.18027490377426147,0.42008927588179745,38.586419137377334
1539,0,normal,0.6552321314811707,0.4460989221999705,38.68061152301675
1540,0,normal,1.9672179222106934,0.434724520720153,51.501690442424206
1541,0,normal,0.0394853912293911,0.4317509349706485,51.618560776136746
1542,0,normal,0.3697996437549591,0.4512876608094629,52.4271516562319
1543,0,normal,0.01691717654466629,0.42721990931731846,51.017690183535024
1544,0,normal,0.35187214612960815,0.43864210370785905,52.03565452974203
1545,0,normal,0.014843625947833061,0.42927275241860385,50.962471661760674
1546,0,normal,0.021125931292772293,0.4520266526470902,51.078433948814336
1547,0,normal,0.017648708075284958,0.436388763027874,51.20349732491741
1548,0,normal,0.020786013454198837,0.42077253179965135,50.19199194363932
1549,0,normal,0.007177491206675768,0.4212401000261813,50.478889693563815
1550,0,normal,0.019464658573269844,0.42805172417008175,50.78048501708281
1551,0,normal,0.012787715531885624,0.42827101240726195,51.1784083708867
1552,0,normal,0.08651743084192276,0.42352389084033376,51.88003944437037
1553,0,normal,0.014637114480137825,0.44183869833665396,52.458287036643696
1554,0,normal,0.01658882386982441,0.4150841516762576,53.25825793736567
1555,0,normal,0.015406336635351181,0.43286149514419764,53.8833883658333
1556,0,normal,0.08586673438549042,0.411826668319194,27.975410225824135
1557,0,normal,0.012909796088933945,0.41440356379196275,28.854524512138596
1558,0,normal,0.01248052716255188,0.3871673070024891,3.62464899360657
1559,0,normal,0.01730685867369175,0.3822408115830904,0.9902533619765563
1560,0,normal,0.015705015510320663,0.37882765891571263,-0.37413822899657134
1561,0,normal,0.015369941480457783,0.3698051355362277,-2.9777534652127997
1562,0,normal,0.01604647934436798,0.37865296995135644,-1.8582609690015488
1563,0,normal,0.01691223680973053,0.35920545388236513,-3.378671117081467
1564,0,normal,0.021108353510499,0.3587268441240717,-5.244924788405797
1565,0,normal,0.01727192848920822,0.35070493264398095,-7.038968895408061
1566,0,normal,0.017616402357816696,0.35726314057652314,-9.011424092807601
1567,0,normal,0.01815946400165558,0.3270250828725523,-36.046380736755964
1568,0,normal,0.017556093633174896,0.32718278755513264,-38.69050116248104
1569,0,normal,0.01696850173175335,0.3270597386407335,-38.63579527937577
1570,0,normal,0.015472671948373318,0.3162599980027836,-52.86541918219132
1571,0,normal,0.021174656227231026,0.31273154814916404,-52.82031440619153
1572,0,normal,0.362895131111145,0.3139141769762571,-52.894867652255925
1573,0,normal,0.00924606341868639,0.3150259107300772,-52.89764145720983
1574,0,normal,0.3564193844795227,0.3170690926640861,-52.99674682755972
1575,0,normal,0.011506042443215847,0.3130907208182489,-53.00517691120149
1576,0,normal,0.02378183789551258,0.31831932740627195,-52.955819136251876
1577,0,normal,0.020208904519677162,0.3135722084261628,-52.915058332196395
1578,0,normal,0.019399544224143028,0.31350587810495484,-52.88915227990651
1579,0,normal,0.013202901929616928,0.31393570086361056,-52.85208355448822
1580,0,normal,0.015973061323165894,0.31400764523314995,-52.84567210441651
1581,0,normal,0.01830044761300087,0.31449858465670183,-52.79690094395892
1582,0,normal,0.01844804920256138,0.31154904956329316,-53.01844172748201
1583,0,normal,0.018418695777654648,0.312937846096349,-53.01241021607734
1584,0,normal,0.08717367053031921,0.31399950574785873,-52.817942433331154
1585,0,normal,0.011269494891166687,0.31618676674972185,-52.84106891546821
1586,0,normal,0.017143551260232925,0.31545263568437176,-53.06760465455886
1587,0,normal,0.020108027383685112,0.3139324827162675,-53.05998023566235
1588,0,normal,0.017571210861206055,0.31405037089969673,-53.04015543120522
1589,0,normal,0.08619172871112823,0.315389680960675,-52.860013787144226
1590,0,normal,0.01381859090179205,0.3131393044539223,-52.86708810331697
1591,0,normal,0.017535261809825897,0.3145523867264881,-52.870144683973194
1592,0,normal,0.018583981320261955,0.31532745981731153,-52.87005464690469
1593,0,normal,0.018554603680968285,0.3139007172120409,-52.83999537736031
1594,0,normal,0.01894082874059677,0.31727947079570223,-52.8390772522921
1595,0,normal,0.018135398626327515,0.311874965145605,-52.80586316714539
1596,0,normal,0.021559735760092735,0.3154325949642164,-52.76402129009398
1597,0,normal,0.01831038109958172,0.31320519599949775,-52.74816693237267
1598,0,normal,0.02134975604712963,0.3156805357426611,-52.691416898412854
1599,0,normal,0.01689530909061432,0.31182465434866447,-52.668369154031325
1600,0,normal,0.015085935592651367,0.3146946928283759,-52.643189336299656
1601,0,normal,0.01368821319192648,0.31351453099994536,-52.66447416631081
1602,0,normal,0.01669851876795292,0.31270410820388184,-53.99827978279336
1603,0,normal,0.02109111286699772,0.3118798702846938,-53.96173281977326
1604,0,normal,0.017996344715356827,0.31259479889671754,-55.29505869882496
1605,0,normal,0.02148052491247654,0.31214478035931886,-55.26815665826348
1606,0,normal,0.36281299591064453,0.312288287995625,-54.0431462758886
1607,0,normal,0.009946072474122047,0.312810392843546,-54.06186070246008
1608,0,normal,0.3562881350517273,0.3165613697921932,-52.81448825485859
1609,0,normal,0.014951224438846111,0.31441310102553316,-52.769649203277595
1610,0,normal,0.016996726393699646,0.31679189091460463,-52.74468910064502
1611,0,normal,0.3535478115081787,0.31639169853342947,-51.49755785638558
1612,0,normal,0.009138901717960835,0.31550540228646606,-51.48790039417213
1613,0,normal,0.01787589304149151,0.32014381673117387,-51.478510599536094
1614,0,normal,0.02268211357295513,0.3153596438592521,-51.674287678389874
1615,0,normal,0.015633748844265938,0.3154824633933037,-51.65418718341675
1616,0,normal,0.013593567535281181,0.3139411017388618,-51.67336649226013
1617,0,normal,0.020826829597353935,0.3158444143583875,-51.641809685689395
1618,0,normal,0.08678698539733887,0.31808988796749094,-51.46851885577871
1619,0,normal,0.012764384970068932,0.31743431681190154,-51.73586671589396
1620,0,normal,0.014547829516232014,0.3156495072124366,-51.74291607752252
1621,0,normal,0.01088414341211319,0.31536658268160717,-51.78879740186994
1622,0,normal,7.292088985443115,0.3351699171870175,-22.490864475860462
1623,0,normal,0.16639162600040436,0.3421006966122501,-22.55137641916258
1624,0,normal,1.8742127418518066,0.357393345620052,-10.951563563480477
1625,0,normal,0.47671377658843994,0.38066483933523687,12.716223791157972
1626,0,normal,0.34233546257019043,0.38748087733334147,14.962947200154304
1627,0,normal,0.7539787888526917,0.3825432654545061,14.921041414712818
1628,0,normal,0.25915277004241943,0.40330315296092645,16.603374970928826
1629,0,normal,0.18535883724689484,0.39930401090042966,18.06486382461935
1630,0,normal,0.1807727962732315,0.4134809173498979,19.541614420159476
1631,0,normal,0.26408708095550537,0.3994770575301278,20.955786697906433
1632,0,normal,1.465003490447998,0.40693698489637636,21.16920391734243
1633,0,normal,1.6733920574188232,0.43440939323691036,45.109986817703884
1634,0,normal,0.22388111054897308,0.43671437026420423,45.44514128880019
1635,0,normal,0.6286442875862122,0.42675855818779823,45.553696705064795
1636,0,normal,1.948784351348877,0.4473751165065559,57.041459155437224
1637,0,normal,0.35907018184661865,0.4263970088406572,58.21820116673507
1638,0,normal,0.01962197944521904,0.4425272706076993,56.64141815732273
1639,0,normal,0.3547651767730713,0.4354827855647614,57.513901425744734
1640,0,normal,0.013989385217428207,0.42370463135574465,57.58032938971019
1641,0,normal,0.02138073928654194,0.4434256125876814,56.5344291608244
1642,0,normal,0.07934236526489258,0.4297081039325017,56.78721581476566
1643,0,normal,0.01610742323100567,0.4450150398271031,56.89111621805523
1644,0,normal,0.021848753094673157,0.42406810673387335,57.053523965233126
1645,0,normal,0.00513047818094492,0.436169282567946,57.20921221440767
1646,0,normal,0.08670967072248459,0.4501988944593319,57.815375354393154
1647,0,normal,0.013916179537773132,0.4333758969246168,58.21495819091888
1648,0,normal,0.014371078461408615,0.42962087696633483,58.57354482070991
1649,0,normal,0.01519685611128807,0.4448924229184185,59.25831047800034
1650,0,normal,0.020605994388461113,0.4408851408458695,60.01035572505407
1651,0,normal,0.08561809360980988,0.42842867090179526,61.08273199942187
1652,0,normal,0.0035696886479854584,0.4184862121510932,35.1293313463475
1653,0,normal,0.014156918972730637,0.41562506316164066,35.890885597747
1654,0,normal,0.010004117153584957,0.4025193144703274,23.487460951062076
1655,0,normal,0.08644069731235504,0.371839161269147,-1.870066009280663
1656,0,normal,0.013237408362329006,0.36899916075071254,-4.666929197451509
1657,0,normal,0.01982700452208519,0.3717972019901466,-3.560555929554539
1658,0,normal,0.01419749017804861,0.3737161135682537,-5.274440216192033
1659,0,normal,0.019908897578716278,0.3626955250123591,-6.748175312903186
1660,0,normal,0.017467059195041656,0.34973926364972246,-8.559188142652147
1661,0,normal,0.017704371362924576,0.3474189833396402,-10.587321171407893
1662,0,normal,0.017696484923362732,0.35991656286590334,-10.458678149992238
1663,0,normal,0.019132161512970924,0.3283328352004376,-37.561084574728966
1664,0,normal,0.018133146688342094,0.32640830479601013,-38.46694348353958
1665,0,normal,0.36389416456222534,0.33012481480293193,-37.139430036196245
1666,0,normal,0.008547797799110413,0.31690205198697713,-51.33903092691321
1667,0,normal,0.3569725751876831,0.32162327621986336,-51.39424983805884
1668,0,normal,0.014300419017672539,0.31598759663000064,-51.37463824566839
1669,0,normal,0.019993135705590248,0.3182897091141196,-52.688472517474565
1670,0,normal,0.3530908524990082,0.31746347892928367,-51.410388711580936
1671,0,normal,0.09454163908958435,0.3192565811138816,-51.21618731167155
1672,0,normal,7.391727924346924,0.34074098730201674,-22.13019324813672
1673,0,normal,0.1807105541229248,0.3450399477900142,-22.145558990148174
1674,0,normal,1.534731388092041,0.3680019455322492,1.8206625971392896
1675,0,normal,0.5475747585296631,0.3554730286001729,0.9547642818622535
1676,0,normal,0.26416876912117004,0.36659437497905445,2.351737477125198
1677,0,normal,0.22506602108478546,0.3840434769054092,3.8415601252804663
1678,0,normal,0.21125254034996033,0.37631551794562396,5.293021205947298
1679,0,normal,0.7125285863876343,0.3899601564394454,5.316377820490061
1680,0,normal,0.27809154987335205,0.38342319072111564,6.793813937941877
1681,0,normal,1.242247223854065,0.37551135997659585,6.609738282357512
1682,0,normal,1.8149675130844116,0.3856548582843742,9.387764258249717
1683,0,normal,0.9787453413009644,0.435037267762379,33.600211373144475
1684,0,normal,0.6136334538459778,0.41311866286619003,34.53725523843241
1685,0,normal,0.37928307056427,0.4119665849010635,34.96333397605508
1686,0,normal,1.900740146636963,0.4274306595969359,47.772120041737026
1687,0,normal,0.09699816256761551,0.41370384239896213,47.952048140313764
1688,0,normal,0.0259085725992918,0.44587528996197817,47.617369944359325
1689,0,normal,0.0210435651242733,0.42354935819275935,47.35931644131438
1690,0,normal,0.018846554681658745,0.4281446917382395,47.44104413277955
1691,0,normal,0.010626262985169888,0.4100079932801216,47.62077410956749
1692,0,normal,0.017656365409493446,0.42499552941043667,47.71880746650663
1693,0,normal,0.02087825909256935,0.4359099749728267,47.901669745970594
1694,0,normal,0.08415432274341583,0.4102213568663232,48.27760009269741
1695,0,normal,0.013979922980070114,0.4220859975020344,47.398190417364276
1696,0,normal,0.017348799854516983,0.41936672709239736,47.68644514813809
1697,0,normal,0.0223136804997921,0.41169133851853557,46.891099490470424
1698,0,normal,0.017003552988171577,0.4165275085018688,47.37417617945448
1699,0,normal,0.016463106498122215,0.44162262192598506,47.88711974011403
1700,0,normal,0.3624158799648285,0.40863134831053594,48.45176318844574
1701,0,normal,0.007671814877539873,0.41432095495496,48.725288909121446
1702,0,normal,0.35662826895713806,0.4110957854844787,23.473389832316798
1703,0,normal,0.015181589871644974,0.39280429288599744,24.153550279105048
1704,0,normal,0.01534357015043497,0.3905157827897483,-1.4552147555109514
1705,0,normal,0.012937788851559162,0.3689404569620416,-0.5958894478978891
1706,0,normal,0.0111591387540102,0.37309042200157305,-2.352505001177633
1707,0,normal,0.01326940581202507,0.3722911276065489,-3.8769025202334433
1708,0,normal,0.014448670670390129,0.37292750610787617,-5.4969688785938615
1709,0,normal,0.014126583933830261,0.3544185809398923,-4.599176921861044
1710,0,normal,0.015535179525613785,0.3500102487760588,-6.479294698816602
1711,0,normal,0.08750253915786743,0.3525212944470958,-5.835501858320185
1712,0,normal,0.009945367462933064,0.3624416715659761,-9.214710599029104
1713,0,normal,0.01594550348818302,0.33118476672794533,-36.422888515372506
1714,0,normal,0.015565196983516216,0.3313154151555147,-37.63034604185168
1715,0,normal,0.016780860722064972,0.32810754767173356,-38.60116113112758
1716,0,normal,0.017563389614224434,0.3150709706801695,-52.83571356076868
1717,0,normal,0.01794632524251938,0.31561740310447434,-53.04631081044431
1718,0,normal,0.021280094981193542,0.3132942929325803,-53.05407390029768
1719,0,normal,0.017713086679577827,0.31378718064911626,-53.05386235378569
1720,0,normal,0.016468917950987816,0.3160386101056027,-53.0511835233724
1721,0,normal,0.08714726567268372,0.31305199866515865,-52.83219227937366
1722,0,normal,0.008639322593808174,0.3175181205536275,-52.91443969532247
1723,0,normal,0.014613562263548374,0.3139662826525885,-52.898955141145734
1724,0,normal,0.0039038199465721846,0.3154325077833958,-53.201678644356434
1725,0,normal,0.0871097594499588,0.31372640792442086,-53.00118098191592
1726,0,normal,0.014411583542823792,0.3163375434031492,-53.04036776723024
1727,0,normal,0.006048780400305986,0.3134943829774962,-53.09649016738854
1728,0,normal,0.021040290594100952,0.31758349365830674,-53.034752778781694
1729,0,normal,7.636137962341309,0.3342070668042513,-22.455986078434307
1730,0,normal,0.2473091036081314,0.34129465714871676,-23.592962221080597
1731,0,normal,1.7105315923690796,0.37775509917615213,1.5937216412717135
1732,0,normal,0.17935222387313843,0.353568006045959,0.8550283914444208
1733,0,normal,0.18199105560779572,0.3690927028005405,2.1892187293101415
1734,0,normal,0.41896355152130127,0.3874692007618603,4.846565706096271
1735,0,normal,0.9353176951408386,0.3764983189700886,4.837935110434955
1736,0,normal,0.1959005445241928,0.40017798569517354,6.3792041541858
1737,0,normal,0.3152049779891968,0.3895573514621374,7.841264186186891
1738,0,normal,0.8333665132522583,0.38639343813190563,9.341850831141755
1739,0,normal,1.9599469900131226,0.403477358633916,10.981124709689084
1740,0,normal,0.8615961670875549,0.43244193013690113,35.14837618849538
1741,0,normal,0.26917165517807007,0.4142188527978504,35.253339763662325
1742,0,normal,1.8469511270523071,0.44421056130199865,48.08596339210635
1743,0,normal,0.04397404193878174,0.4376975773475476,48.13174540125988
1744,0,normal,0.021120034158229828,0.41890934206417035,47.75615311876686
1745,0,normal,0.015432311221957207,0.4514151375596715,47.52166861704745
1746,0,normal,0.02319333329796791,0.4237503578289565,47.609082141745375
1747,0,normal,0.01705233007669449,0.43526334631501246,47.68248815060974
1748,0,normal,0.08645975589752197,0.4271220377329804,47.99453411141826
1749,0,normal,0.016445348039269447,0.437565196647361,48.09419602379626
1750,0,normal,0.010565335862338543,0.43278951360174145,48.191773142347074
1751,0,normal,0.017360366880893707,0.43043130598302376,48.2246893351637
1752,0,normal,0.018108047544956207,0.42197948172612504,48.648580568418765
1753,0,normal,0.018043894320726395,0.41797211150690544,48.971552907238674
1754,0,normal,0.018201451748609543,0.40797704694742365,49.50810573362173
1755,0,normal,0.01717963255941868,0.4388518938883364,49.88826819124142
1756,0,normal,0.363505482673645,0.4365592336734343,51.62451296544464
1757,0,normal,0.014212917536497116,0.4241364531648803,52.51016850647352
1758,0,normal,0.08259953558444977,0.4224285668209843,53.31273556754354
1759,0,normal,0.37217941880226135,0.40680808443910554,27.135819563861787
1760,0,normal,0.009650062769651413,0.41702738727017036,27.791878592432795
1761,0,normal,0.3503488302230835,0.39080617717428806,2.502417404137759
1762,0,normal,0.011304272338747978,0.3867054494132395,1.0265389939697798
1763,0,normal,0.020531972870230675,0.38032420823109003,-0.25731677919247886
1764,0,normal,0.08108069002628326,0.3672737194427239,-2.6896674304625776
1765,0,normal,0.015176034532487392,0.3781251279340489,-1.6672987888327953
1766,0,normal,0.019562482833862305,0.36236008784116536,-3.0122670537259637
1767,0,normal,0.02228357456624508,0.35043710090578334,-4.7056794924549195
1768,0,normal,39.21065139770508,0.35697031637274707,140.12714878489362
1769,0,normal,42.719669342041016,0.38402529034498856,287.36235554060954
1770,0,normal,0.04047396034002304,0.3651303116479408,267.3056444349545
1771,0,normal,6.63069486618042,0.3835607223931701,284.4519703063394
1772,0,normal,0.4598558247089386,0.3605737453380913,274.56268528747853
1773,0,normal,118.04745483398438,0.3805876648811467,563.6608871672975
1774,0,normal,12.274023056030273,0.4175205442293926,586.6258355366995
1775,0,normal,0.49764060974121094,0.39233957956974186,587.3051135856107
1776,0,normal,1.1334980726242065,0.43210573025162347,588.0168324034789
1777,0,normal,2.4037070274353027,0.41368056065161296,589.1999274895792
1778,0,normal,3.1462290287017822,0.4249616100736045,589.8931514134806
1779,0,normal,3.6906328201293945,0.4358728789157989,591.1645232119487
1780,0,normal,0.5556500554084778,0.456908204766996,602.644240678075
1781,0,normal,3.209916114807129,0.4618924759237911,608.7003221773577
1782,0,normal,0.05861140042543411,0.4804403706101798,608.7610414041642
1783,0,normal,0.05812225118279457,0.46243062353245223,608.6570606890081
1784,0,normal,0.026833590120077133,0.4440644179160351,608.5852497855744
1785,0,normal,0.021017804741859436,0.4858390419749557,608.636574453959
1786,0,normal,0.08911779522895813,0.43982828647014965,608.1651880841648
1787,0,normal,0.020595120266079903,0.4638216804633524,608.2163189573968
1788,0,normal,0.023781239986419678,0.4527252534054166,608.1648420302247
1789,0,normal,0.025766383856534958,0.4734630405087431,607.6277169328687
1790,0,normal,0.021873682737350464,0.45414030403446465,607.6943761310185
1791,0,normal,0.3661278784275055,0.4536947906536262,607.7405386528496
1792,0,normal,0.011704755015671253,0.4560938640961681,607.8922259887673
1793,0,normal,0.3583296835422516,0.44517965612699656,608.5626633813736
1794,0,normal,0.3836119472980499,0.45126290198661906,609.1765148478887
1795,0,normal,39.09205627441406,0.4540142463164063,675.601187821315
1796,0,normal,0.055468685925006866,0.47874671825795645,675.8687944375351
1797,0,normal,0.032511819154024124,0.45461919530278416,676.2528801388864
1798,0,normal,0.027655716985464096,0.4451725983795414,610.7598881324432
1799,0,normal,0.026932869106531143,0.4333802757420476,520.7200377933983
1800,0,normal,0.09817352890968323,0.44033779541815976,521.4536101944572
1801,0,normal,0.025487028062343597,0.40556517732936687,507.7662873908946
1802,0,normal,0.033018410205841064,0.3992294409935798,507.0617620835744
1803,0,normal,0.026921730488538742,0.39501832487233546,188.01926694133385
1804,0,normal,0.022744836285710335,0.37171373037368655,147.7980102907352
1805,0,normal,0.020336782559752464,0.3790589543322635,146.37515071646385
1806,0,normal,0.01796106807887554,0.36156486117061376,144.95585849225574
1807,0,normal,0.022658061236143112,0.3526687697927862,142.27640286202188
1808,0,normal,0.01660686917603016,0.3547912074911302,140.4738533476076
1809,0,normal,0.013505516573786736,0.36051429745116964,137.43201767160667
1810,0,normal,0.08723939210176468,0.3291208774327255,113.86305514064145
1811,0,normal,0.011727779172360897,0.32090251244533674,101.2752516148463
1812,0,normal,0.01587289571762085,0.31798414550547416,101.28144503255055
1813,0,normal,0.011551755480468273,0.3236590096700213,101.247361779622
1814,0,normal,0.004714690148830414,0.3196225987827859,101.24327258539574
1815,0,normal,0.020963136106729507,0.3226371831820485,101.32303286605725
1816,0,normal,0.004272995516657829,0.31685539294957343,101.08684254537195
1817,0,normal,0.0038980618119239807,0.320597680314986,101.03983587639073
1818,0,normal,0.025348689407110214,0.3152081398031973,101.0345453160727
1819,0,normal,0.01762188971042633,0.31959142716508104,101.08063659093318
1820,0,normal,0.36026132106781006,0.3203313226901071,102.18972866672641
1821,0,normal,7.405183792114258,0.332773558947036,126.45341873205587
1822,0,normal,0.49418577551841736,0.34966642388707797,127.5225524226239
1823,0,normal,2.2233145236968994,0.3443313056457367,130.2541156643316
1824,0,normal,2.982053518295288,0.35363432109301257,138.61925561005546
1825,0,normal,1.720218300819397,0.35470462132569125,-8.055538679008123
1826,0,normal,1.921181321144104,0.36167708570670726,-7.4589911408138505
1827,0,normal,2.133955955505371,0.36866951053990615,-6.874095954582572
1828,0,normal,2.8200016021728516,0.3696971880750064,-6.934351062780024
1829,0,normal,2.755880117416382,0.3742841611002106,-6.357353085328668
1830,0,normal,3.1567280292510986,0.3632144409080593,-5.813061132648954
1831,0,normal,3.5464203357696533,0.36764658815695,-5.245318514735345
1832,0,normal,3.009535551071167,0.3761418161801651,2.0589497539951935
1833,0,normal,2.2370176315307617,0.39696701149392744,7.533372396190998
1834,0,normal,2.448094367980957,0.3820225722629983,7.913772263840883
1835,0,normal,5.272122383117676,0.41122402445963396,20.934062204039037
1836,0,normal,0.8227516412734985,0.3952953829266318,20.907733216807628
1837,0,normal,1.1907485723495483,0.4039776103297859,20.475440600769844
1838,0,normal,1.2110923528671265,0.3834344162227224,20.365861202593578
1839,0,normal,1.1012777090072632,0.38741277686117603,20.46161681238368
1840,0,normal,0.8489556908607483,0.3888312173405874,20.40221535028627
1841,0,normal,0.6432652473449707,0.3820323133467241,20.50132560635211
1842,0,normal,0.4473862648010254,0.42419792680134416,20.690527190317198
1843,0,normal,0.3100062906742096,0.3985566471848519,21.089470711951662
1844,0,normal,0.14458052814006805,0.3841284712679394,21.387057891069617
1845,0,normal,0.04860256612300873,0.39638454537083234,21.669973223919214
1846,0,normal,0.01831088960170746,0.3823080960267359,22.034641954233166
1847,0,normal,0.021275890991091728,0.39063723046202775,22.486885803530186
1848,0,normal,0.36887896060943604,0.40159334288574466,24.078325042168444
1849,0,normal,0.015281643718481064,0.4001570041233689,24.47952999949075
1850,0,normal,0.36111873388290405,0.4017606223367751,24.87630434356811
1851,0,normal,0.012542033568024635,0.39254821061753065,-2.3296145300625994
1852,0,normal,0.018388528376817703,0.35760286993134327,-3.2232575031412125
1853,0,normal,0.017247267067432404,0.3674797699202614,-8.702617000174769
1854,0,normal,0.015846559777855873,0.35043197777712654,-20.33575300900975
1855,0,normal,0.015431402251124382,0.3580615171733266,-21.04867027201726
1856,0,normal,0.014307267032563686,0.3524478663541637,-21.472110726010897
1857,0,normal,0.01309949066489935,0.3495753188185015,-21.87459659897604
1858,0,normal,0.08765637129545212,0.34746576227769926,-21.06754879610594
1859,0,normal,0.01132027804851532,0.347716855323053,-21.567006698195655
1860,0,normal,0.015839243307709694,0.33547254326524173,-22.4285532383974
1861,0,normal,0.016615023836493492,0.3446742918648678,-23.160365207900895
1862,0,normal,0.016076939180493355,0.34337261288724485,-31.2850843895485
1863,0,normal,0.016047123819589615,0.33056730225739167,-37.582704320407856
1864,0,normal,0.08667010068893433,0.32757262763019696,-38.31746193418894
1865,0,normal,0.012188834138214588,0.31527973567990575,-52.52705850185657
1866,0,normal,0.01749359257519245,0.31333873582651506,-52.522099027356944
1867,0,normal,0.018248431384563446,0.3153729290497918,-52.524119199465304
1868,0,normal,0.01786527782678604,0.31592579025433176,-52.74307858074826
1869,0,normal,0.08615665137767792,0.31375761239719263,-52.573112326104365
1870,0,normal,0.01126281451433897,0.3197300672088939,-52.571774463534666
1871,0,normal,0.020123060792684555,0.3135834585757932,-52.515707246031525
1872,0,normal,0.017540058121085167,0.31540577698636924,-52.51010846660529
1873,0,normal,0.016969498246908188,0.3149233130543896,-52.696033302551314
1874,0,normal,0.018208656460046768,0.3154300081112969,-52.68142393332755
1875,0,normal,0.08653122186660767,0.31318927537322133,-52.47787184372237
1876,0,normal,0.015128744766116142,0.31669141698182546,-52.421542639235895
1877,0,normal,0.018933383747935295,0.31349130382815354,-52.4304730421577
1878,0,normal,0.01865796558558941,0.313402603561933,-53.732843642547095
1879,0,normal,0.01770668849349022,0.31391937814962423,-53.72102917187499
1880,0,normal,0.362484335899353,0.31153282861834686,-53.82272540494273
1881,0,normal,0.09861783683300018,0.31626026312151406,-53.65146708665293
1882,0,normal,0.017322765663266182,0.31791200399638486,-53.6425091210474
1883,0,normal,0.3529486060142517,0.31384071068404906,-52.39485321588472
1884,0,normal,0.010573497973382473,0.31625538085232546,-52.37106321363922
1885,0,normal,0.35106825828552246,0.3207586039397968,-51.09898985447262
1886,0,normal,0.011282204650342464,0.316366888257002,-51.07903391333275
1887,0,normal,0.02344781532883644,0.3239626185719386,-51.01527786882298
1888,0,normal,0.08142229914665222,0.31583070793298645,-51.07570385815961
1889,0,normal,0.013211561366915703,0.31694230707957943,-51.03821653847422
1890,0,normal,0.01666008122265339,0.31704010454836296,-51.0123397372156
1891,0,normal,0.01535776723176241,0.3174013562856862,-51.02710512121439
1892,0,normal,0.021935071796178818,0.3185437688393697,-50.96797888954666
1893,0,normal,0.086697518825531,0.3190636574595193,-50.79460372689414
1894,0,normal,0.011099305003881454,0.31848185990398115,-51.042081263475666
1895,0,normal,0.015640296041965485,0.31703539029624944,-51.0314368681627
1896,0,normal,0.021271057426929474,0.3188459751982516,-51.02931454213444
1897,0,normal,0.011839044280350208,0.31892106112332214,-51.043503559721785
1898,0,normal,0.02092450112104416,0.31820933441842225,-51.028060590110954
1899,0,normal,0.013279578648507595,0.31658705100036855,-51.2921871924234
1900,0,normal,0.013638440519571304,0.3228196480122071,-51.29102258793978
1901,0,normal,0.01599762588739395,0.31519289490355445,-51.31623075992729
1902,0,normal,0.021276675164699554,0.31750201927677707,-51.28290821695941
1903,0,normal,0.08663031458854675,0.31837101364799375,-51.08047991034482
1904,0,normal,0.013192580081522465,0.31491918171304795,-51.05496479811791
1905,0,normal,0.02143687568604946,0.3205103705070265,-51.22575769561058
1906,0,normal,0.0042294603772461414,0.3184261218933985,-51.29354072645333
1907,0,normal,0.01457334216684103,0.31653506180904756,-51.273555568866186
1908,0,normal,0.013025959022343159,0.31633856181411973,-51.23678572931681
1909,0,normal,0.01591975800693035,0.3189196393483387,-51.17746836883521
1910,0,normal,0.014918923377990723,0.31343124218818874,-52.504435867214625
1911,0,normal,0.36360108852386475,0.31713233495592313,-51.457046823637484
1912,0,normal,0.09869547933340073,0.3150753142037964,-51.280236478845836
1913,0,normal,0.37194401025772095,0.31861949844287346,-51.34895449360829
1914,0,normal,0.013845762237906456,0.3170959192998703,-51.316536388345185
1915,0,normal,0.34735119342803955,0.3210630433763824,-51.389167333877595
1916,0,normal,7.441347122192383,0.33391550796754565,-22.065714474625565
1917,0,normal,0.22692278027534485,0.3468893748741176,-21.90205525660599
1918,0,normal,1.4227163791656494,0.3714523051457035,1.821080740950947
1919,0,normal,0.15301385521888733,0.35631320651776865,2.35193565520035
1920,0,normal,0.1878879815340042,0.3734321406256814,3.7151381984099316
1921,0,normal,0.20669744908809662,0.38691883426012447,5.187898994977104
1922,0,normal,0.1933666169643402,0.37756652098751525,6.585644285196395
1923,0,normal,0.21408361196517944,0.4076359754854561,7.836618945274495
1924,0,normal,0.39535582065582275,0.39469567657174415,9.273817633900535
1925,0,normal,0.9880408048629761,0.3871917619299313,10.661652625335819
1926,0,normal,2.495109796524048,0.40048111278342446,13.270789692864355
1927,0,normal,0.7425651550292969,0.4397161951117991,37.40645348612952
1928,0,normal,0.45088112354278564,0.4256636500344959,37.15018353619007
1929,0,normal,0.8050141334533691,0.4385967138618334,39.85373250148314
1930,0,normal,2.1249489784240723,0.4381693893945857,52.60521186588403
1931,0,normal,0.031438492238521576,0.43082689684181097,52.67870661900611
1932,0,normal,0.0427158884704113,0.45476231588549637,52.32469167799559
1933,0,normal,0.03966344892978668,0.4305054436264195,51.91755386651039
1934,0,normal,0.018407806754112244,0.44180952091366554,51.949056103411294
1935,0,normal,0.08915139734745026,0.4264786485040341,52.294225667792944
1936,0,normal,0.011032470501959324,0.437122899065178,52.44395450621437
1937,0,normal,0.012392095290124416,0.451168969141015,52.57001627206705
1938,0,normal,0.35554060339927673,0.41981768898432326,53.97189608374583
1939,0,normal,0.09482378512620926,0.4325216056142273,54.506934850363905
1940,0,normal,0.018663333728909492,0.4418345908164611,54.85567108163286
1941,0,normal,0.35070204734802246,0.44045964740609933,55.254592996999236
1942,0,normal,0.015348519198596478,0.4357614800397231,55.61196407979014
1943,0,normal,0.3507494032382965,0.45169664283553024,56.13993842726086
1944,0,normal,0.09393848478794098,0.43004220309693997,57.10684828307353
1945,0,normal,0.014112199656665325,0.44018910770517694,56.58919772766171
1946,0,normal,0.022982729598879814,0.42498808935054494,30.646550266311124
1947,0,normal,0.017798343673348427,0.4181670213148281,31.36951756085091
1948,0,normal,0.018740706145763397,0.39393211523428623,6.282533513922317
1949,0,normal,0.01850161701440811,0.39085782441458705,5.016605642458217
1950,0,normal,0.018244240432977676,0.3849707072036744,3.8065527037729225
1951,0,normal,0.0175856351852417,0.38689586691443484,2.5868432130780548
1952,0,normal,0.010855826549232006,0.38902462167397156,1.258369524545742
1953,0,normal,0.016621075570583344,0.36177229640613573,-0.048937009546762056
1954,0,normal,0.020822875201702118,0.3546499190029321,-1.714704446755377
1955,0,normal,0.01584680750966072,0.36421052329606296,-3.5228236943000866
1956,0,normal,0.020850708708167076,0.3611232457541194,-6.806739639480611
1957,0,normal,0.012854797765612602,0.33233248431477747,-33.876919594275705
1958,0,normal,0.013290826231241226,0.34118565412762586,-33.65050411944753
1959,0,normal,0.01642373763024807,0.3276381843399409,-37.38550669721485
1960,0,normal,0.021644331514835358,0.3164223594279847,-51.58436407268255
1961,0,normal,0.01672331616282463,0.3165325297857214,-51.5712964820068
1962,0,normal,0.015696417540311813,0.31602346567865974,-51.53448733980872
1963,0,normal,0.01744437776505947,0.32080702890467283,-51.503839924201884
1964,0,normal,0.0175340436398983,0.3183309955300613,-51.38905170236444
1965,0,normal,0.017071928828954697,0.31531733671387674,-51.57371205377672
1966,0,normal,0.08678793907165527,0.31397162621589547,-51.31137848186154
1967,0,normal,0.012782014906406403,0.31686463055528236,-51.22029835519788
1968,0,normal,0.01634177379310131,0.3131392978293055,-52.52637928474974
1969,0,normal,0.01868106797337532,0.3163574344996474,-52.70406821385336
1970,0,normal,0.01486942172050476,0.313498854123084,-52.71020890688351
1971,0,normal,0.3624713718891144,0.3137604620644772,-52.779343495363946
1972,0,normal,0.09824533015489578,0.31475087905088506,-52.606354681080575
1973,0,normal,0.37156856060028076,0.31898383490875853,-52.70502838255902
1974,0,normal,0.014037410728633404,0.3140020328102863,-52.932824797144576
1975,0,normal,0.021378839388489723,0.3167301902011684,-52.901025062404415
1976,0,normal,0.35045212507247925,0.31587277937124253,-51.66562254350583
1977,0,normal,0.012595908716320992,0.3155694183649684,-51.64772419973747
1978,0,normal,0.08097733557224274,0.32200102280291254,-51.470786148614934
1979,0,normal,0.017857078462839127,0.3149653286564521,-51.468255053611756
1980,0,normal,0.01927037350833416,0.31632722065393304,-51.45095331871926
1981,0,normal,0.01904773712158203,0.31583523212994086,-51.434981510168654
1982,0,normal,0.022076725959777832,0.31598536949858425,-51.36475065427953
1983,0,normal,0.0180245041847229,0.3164340909424216,-51.37095363661524
1984,0,normal,0.0212303027510643,0.32104754358485943,-51.39839523507635
1985,0,normal,0.08761420845985413,0.3169727640478605,-51.22160246963381
1986,0,normal,0.013590422458946705,0.31679650040406393,-51.25523950443403
1987,0,normal,0.013936630450189114,0.31834910000157285,-51.24748747587955
1988,0,normal,0.01914692297577858,0.31746372858409516,-51.21461395445749
1989,0,normal,0.015594273805618286,0.31677090988042994,-51.24794895661785
1990,0,normal,0.0865892618894577,0.31990638521254056,-51.09974701886108
1991,0,normal,0.013117436319589615,0.3207593752501242,-51.098878417989226
1992,0,normal,0.01684724912047386,0.31527190382354137,-51.086301832938034
1993,0,normal,0.01777060702443123,0.3223445152157918,-51.066626028608425
1994,0,normal,0.01282081101089716,0.3150756390885877,-51.048883069229305
1995,0,normal,0.021144995465874672,0.3180090059793038,-50.993158631717506
1996,0,normal,0.015070810914039612,0.3172774089950134,-51.19717346832954
1997,0,normal,0.005013665184378624,0.31970485644000246,-51.22273337090746
1998,0,normal,0.019760189577937126,0.31768412369479543,-51.175227733465135
1999,0,normal,0.005015498027205467,0.31613255514844363,-51.18994603406031
2000,0,normal,0.012854928150773048,0.3142215947776006,-51.139788747773764
2001,0,normal,0.08687236160039902,0.3140865177452249,-52.25895216089066
2002,0,normal,0.005965885240584612,0.3172701467306271,-52.552361828991025
2003,0,normal,0.017435885965824127,0.313046292580974,-53.88270151059214
2004,0,normal,0.014719503000378609,0.31297302535576443,-53.88392439127074
2005,0,normal,0.3605581223964691,0.3187400954186706,-52.619436796258015
2006,0,normal,0.012835961766541004,0.3133817292739386,-53.93395984074755
2007,0,normal,0.3546965420246124,0.3198466546741778,-52.685491196682506
2008,0,normal,0.013181145302951336,0.31407512170222457,-52.914708021925435
2009,0,normal,0.015520375221967697,0.3183830673189118,-52.933856653171006
2010,0,normal,0.018612446263432503,0.3151287641474336,-52.9183739148682
2011,0,normal,0.018934305757284164,0.3137208286622184,-52.88094875327647
2012,0,normal,0.009918075054883957,0.31708491025984537,-52.947228843614766
2013,0,normal,0.019372902810573578,0.3151351125728369,-52.91406125140429
2014,0,normal,0.018217645585536957,0.31929432241387184,-52.9123801331782
2015,0,normal,0.0871758759021759,0.31463375168689384,-52.97261360479774
2016,0,normal,0.01186760887503624,0.3150456548714342,-52.97398708063088
2017,0,normal,0.018724530935287476,0.31605854350992163,-52.94558926036598
2018,0,normal,0.022193390876054764,0.3175482655900295,-52.94069727961687
2019,0,normal,0.016851892694830894,0.31918338654337985,-52.92753063819214
2020,0,normal,0.08650186657905579,0.3162767899661709,-52.99062825782926
2021,0,normal,0.011704200878739357,0.3161726398026151,-53.00810015746583
2022,0,normal,0.020265750586986542,0.3165117454767358,-52.975259191999385
2023,0,normal,0.08507052063941956,0.3136620958229504,-52.81585883457501
2024,0,normal,0.011973480693995953,0.3166262658607783,-52.79120582167275
2025,0,normal,7.304332256317139,0.3329985890570224,-23.44898867822576
2026,0,normal,0.16479723155498505,0.34099846361039454,-23.49418987727813
2027,0,normal,2.5014524459838867,0.3428757912496473,-24.415241462605763
2028,0,normal,2.079519510269165,0.3487948941812308,-13.4675834901891
2029,0,normal,2.139401435852051,0.36453664868445035,1.537152321921667
2030,0,normal,1.9580590724945068,0.3912347585266225,12.699611058644678
2031,0,normal,0.3205072581768036,0.3801860887971391,13.726544359325317
2032,0,normal,0.2493756115436554,0.40185835646848633,15.262700133549288
2033,0,normal,0.4472436308860779,0.4015193616750491,17.88410318219917
2034,0,normal,0.24004054069519043,0.4019570867510285,19.53026609143012
2035,0,normal,0.37374305725097656,0.4071852580540899,19.736948895963224
2036,0,normal,3.19541072845459,0.4425577346093196,44.84713312463782
2037,0,normal,0.21620966494083405,0.4317641877350317,44.83241362683725
2038,0,normal,0.6562671661376953,0.43459733333986317,45.065739173960765
2039,0,normal,1.94856595993042,0.43873432269558377,57.81405099268409
2040,0,normal,0.04423682019114494,0.450350678217257,57.91600788783103
2041,0,normal,0.02248457632958889,0.441362673096339,57.6006640219141
2042,0,normal,0.019969770684838295,0.4382377206138413,57.41305357307442
2043,0,normal,0.08393417298793793,0.4309291410943235,57.66935388724369
2044,0,normal,0.013793150894343853,0.43240116590039135,57.83499818360201
2045,0,normal,0.01772318035364151,0.44735512676139877,57.75405149721405
2046,0,normal,0.02153857983648777,0.443354871158167,57.88425047668602
2047,0,normal,0.016462963074445724,0.43096014339865885,58.003544745484305
2048,0,normal,2.9308252334594727,0.4506391567589517,68.05835960541594
2049,0,normal,0.029768049716949463,0.446417981415169,68.19372159546197
2050,0,normal,0.0222964845597744,0.4449211563869023,68.1539014263808
2051,0,normal,0.025876514613628387,0.4369275783318198,68.50785766617332
2052,0,normal,0.023874742910265923,0.4237947690529198,69.03607962182059
2053,0,normal,0.023310190066695213,0.44001061370470673,69.50103936704772
2054,0,normal,0.026768887415528297,0.44683912087166505,70.36271604039553
2055,0,normal,0.09038879722356796,0.41661169076824217,44.991532763521036
2056,0,normal,0.018204737454652786,0.42434729205882166,45.949110160945565
2057,0,normal,0.023037172853946686,0.4059343717080339,47.18059814512344
2058,0,normal,0.022038081660866737,0.4157568959350387,36.089236982066495
2059,0,normal,0.024067893624305725,0.40464900227386,20.834801872054868
2060,0,normal,0.019337130710482597,0.37096973196984473,9.728652653995596
2061,0,normal,0.022278688848018646,0.3854038352033395,8.508698355896968
2062,0,normal,0.01813746802508831,0.37482839651865474,7.224380126562437
2063,0,normal,0.017933281138539314,0.37231101598248695,4.311070508226976
2064,0,normal,0.019849222153425217,0.3534606358929006,2.2664677112479694
2065,0,normal,0.36334487795829773,0.3661416706800427,1.4713274339712825
2066,0,normal,0.009869283065199852,0.3363145542099225,-26.680591628253296
2067,0,normal,0.3564947843551636,0.3359837817405168,-27.813060169251685
2068,0,normal,0.010266052559018135,0.34141387038188165,-27.972107018055112
2069,0,normal,0.021816618740558624,0.3276401877116726,-41.94309806241381
2070,0,normal,0.3529147207736969,0.32714058991556944,-40.60926369454705
2071,0,normal,0.012006943114101887,0.3236551044400229,-40.51257422696358
2072,0,normal,0.08120740205049515,0.32997042315565267,-40.25305442298691
2073,0,normal,0.014962423592805862,0.3248071401829172,-40.4254142693037
2074,0,normal,0.022463250905275345,0.32594948359735726,-40.30587255663863
2075,0,normal,0.011683233082294464,0.32295908756119773,-40.322503462489294
2076,0,normal,0.01611182652413845,0.32171469973776556,-40.323724280758825
2077,0,normal,0.015791447833180428,0.3284790581125055,-40.3198798391918
2078,0,normal,0.08729244768619537,0.3184365281120888,-51.32718181251357
2079,0,normal,0.016788329929113388,0.31631609381312253,-51.294090509981515
2080,0,normal,0.016620242968201637,0.31565999343617546,-51.304030532500065
2081,0,normal,0.016941800713539124,0.318503620096292,-51.33231286063301
2082,0,normal,0.021326230838894844,0.3177662243339237,-51.304951565150304
2083,0,normal,0.015443007461726665,0.31546921550837415,-51.343863943143106
2084,0,normal,0.020991113036870956,0.32108313386370535,-51.34504279201337
2085,0,normal,0.08678459376096725,0.3185131095551345,-51.41337395681239
2086,0,normal,0.012456737458705902,0.3138315240024825,-51.43041771412413
2087,0,normal,0.016859283670783043,0.32160583332378406,-51.420037541115335
2088,0,normal,0.018145181238651276,0.31324261778133716,-51.40809254773899
2089,0,normal,0.0217768345028162,0.317315184825179,-51.386436629130685
2090,0,normal,0.01848664879798889,0.3175171111197401,-51.35168576660067
2091,0,normal,0.017200732603669167,0.3192456667037421,-51.333247964987095
2092,0,normal,0.014681566506624222,0.3158270245521617,-51.326056157791754
2093,0,normal,0.021168533712625504,0.31725494112550723,-51.247465538742745
2094,0,normal,0.012299461290240288,0.31326753323379336,-51.24716695266147
2095,0,normal,0.08746287226676941,0.31352167483040666,-52.369095349148665
2096,0,normal,0.011852506548166275,0.3169009861961215,-52.351980829595504
2097,0,normal,0.018300486728549004,0.3129589607852362,-53.67289779746898
2098,0,normal,0.3601430654525757,0.31546336074039294,-52.39835534162762
2099,0,normal,0.006913745775818825,0.31519237147484014,-52.420136926773466
2100,0,normal,0.015547401271760464,0.31685041551077137,-53.746005224697456
2101,0,normal,0.3561300039291382,0.3140507663529362,-52.49312199431665
2102,0,normal,0.38355499505996704,0.31812538627402615,-51.4743710237492
2103,0,normal,0.01425682008266449,0.31897639239722414,-51.467139783420635
2104,0,normal,0.07898092269897461,0.3179401657618275,-51.29240562408245
2105,0,normal,0.015465987846255302,0.31777777165486204,-51.25316176444949
2106,0,normal,0.015503699891269207,0.3179800111942715,-51.23076985877378
2107,0,normal,0.02024886943399906,0.31599653756174667,-51.17683539501513
2108,0,normal,0.08482032269239426,0.31759503657971805,-51.22887008014436
2109,0,normal,0.010962332598865032,0.3195942898836713,-51.28013752929883
2110,0,normal,0.006258378271013498,0.3174392252718919,-51.31615437725236
2111,0,normal,0.02065395563840866,0.31580593371238497,-51.30043433067158
2112,0,normal,0.016542181372642517,0.3179053316522645,-51.33377746276392
2113,0,normal,0.08716068416833878,0.3220729999913993,-51.13035902770457
2114,0,normal,0.012267188169062138,0.31897774520868916,-51.17450851669241
2115,0,normal,0.021211465820670128,0.3195074487473334,-51.40830881151396
2116,0,normal,0.013268561102449894,0.31858105767964456,-51.42694343821927
2117,0,normal,0.014315436594188213,0.31757061568891737,-51.441500495437595
2118,0,normal,0.014301907271146774,0.31820091132650985,-51.46094760416668
2119,0,normal,0.017305735498666763,0.31682429572951853,-51.462493610254114
2120,0,normal,0.0074678827077150345,0.31726190291200157,-51.53354815844136
2121,0,normal,7.2819085121154785,0.3364357901494544,-22.259485642632853
2122,0,normal,0.17272233963012695,0.34244819072556226,-22.248418940355805
2123,0,normal,2.489534616470337,0.33674739859209096,-23.19401035205283
2124,0,normal,0.6693850755691528,0.37094560612648,1.129957197533031
2125,0,normal,0.3609699308872223,0.36564683965403333,3.27833936011848
2126,0,normal,0.20210987329483032,0.376857658031655,4.919537704148979
2127,0,normal,0.21128328144550323,0.3861439638751809,6.416490875126783
2128,0,normal,0.43493619561195374,0.38694855591359995,7.767855727719734
2129,0,normal,1.0521655082702637,0.39581923601641184,7.81836820877129
2130,0,normal,0.6160721182823181,0.38264753767720006,10.577059297754431
2131,0,normal,2.4246463775634766,0.419361020579207,33.72940684087962
2132,0,normal,0.21766090393066406,0.41158130660051684,33.738723887986225
2133,0,normal,0.4128166139125824,0.4229456664875798,34.29635937879107
2134,0,normal,1.9011675119400024,0.4239000570440296,46.94752317096754
2135,0,normal,0.035946354269981384,0.4208575397344754,46.95698402492053
2136,0,normal,0.021813757717609406,0.4380734179648803,46.631575210923074
2137,0,normal,0.01890554465353489,0.42813219740881336,46.399641242831876
2138,0,normal,0.017976654693484306,0.4281191957369825,46.21347115631738
2139,0,normal,0.08296158909797668,0.41209180396357437,46.482506600251554
2140,0,normal,0.014323726296424866,0.418740782759892,46.72724554296906
2141,0,normal,0.02335803396999836,0.42236526493758525,46.81201826203778
2142,0,normal,0.02009868249297142,0.4310726603209915,46.893570128643205
2143,0,normal,0.019933780655264854,0.42687643615307425,46.830107390406965
2144,0,normal,0.018247144296765327,0.4116217129433209,46.92707712553465
2145,0,normal,0.02159798890352249,0.42843906108830415,47.280415856395166
2146,0,normal,0.08555503189563751,0.3903068237986776,47.727235560779036
2147,0,normal,0.01668943651020527,0.41469275803890426,48.18454142079008
2148,0,normal,0.01749705895781517,0.40594522202328953,48.72941925678174
2149,0,normal,0.01743471622467041,0.43807700177791087,49.259256227378955
2150,0,normal,0.0854995921254158,0.42277871337688094,50.264817214499544
2151,0,normal,0.012929488904774189,0.39702073465261084,24.0983922666976
2152,0,normal,0.016635596752166748,0.3948861425522618,25.076711793838513
2153,0,normal,0.01750175841152668,0.39929556593470966,26.13034017713744
2154,0,normal,0.017277466133236885,0.38216080200301694,0.8401367650048996
2155,0,normal,0.36263492703437805,0.3679607943777576,-0.5027961142936874
2156,0,normal,0.010948398150503635,0.3901956964690511,-2.0727354524653947
2157,0,normal,0.35647764801979065,0.36728891617625575,-2.2828532790506415
2158,0,normal,0.00954403169453144,0.36017209358767854,-5.3353197317719605
2159,0,normal,0.01923980563879013,0.3575509821997109,-4.706516885421024
2160,0,normal,0.016729159280657768,0.36140006394226476,-7.935837971814408
2161,0,normal,0.08367308229207993,0.3317459487961878,-34.962067684632984
2162,0,normal,0.013891850598156452,0.3344552498098521,-37.32902260833657
2163,0,normal,0.020246954634785652,0.32807674881881277,-38.274521440258695
2164,0,normal,0.018531447276473045,0.31514031493317346,-52.49472877097128
2165,0,normal,0.018257521092891693,0.3154159599490568,-52.45289325896783
2166,0,normal,0.017534762620925903,0.3148974223596873,-52.42669238600297
2167,0,normal,0.08712621033191681,0.31673801611172653,-52.212790808513546
2168,0,normal,0.013865810818970203,0.3174600408211364,-52.23086744250736
2169,0,normal,0.021378546953201294,0.31588700919061985,-52.436865279674294
2170,0,normal,0.01864158920943737,0.3165098680536345,-52.420015234001085
2171,0,normal,0.018197279423475266,0.3161196319891539,-52.4256612051372
2172,0,normal,0.08638041466474533,0.31577070546275804,-52.246782632154236
2173,0,normal,0.013536942191421986,0.3154050556436006,-52.26018808060962
2174,0,normal,0.022045888006687164,0.31647864995001523,-52.23363518132351
2175,0,normal,0.016175081953406334,0.31681028735037187,-52.25683494639543
2176,0,normal,0.00953608751296997,0.3154992454355623,-52.49548936773067
2177,0,normal,0.01324521005153656,0.31742941180093154,-52.52692012516309
2178,0,normal,0.08684727549552917,0.3152318328485717,-52.31349552498
2179,0,normal,0.012400737963616848,0.3181253551888399,-52.29970704417133
2180,0,normal,0.01708170212805271,0.31434074561746056,-52.51413336832729
2181,0,normal,0.02209753356873989,0.3171571066036334,-52.44895699904919
2182,0,normal,0.016491826623678207,0.31321414640699563,-52.409295216698865
2183,0,normal,0.08626630157232285,0.31579338580504424,-52.20283748723568
2184,0,normal,0.014628301374614239,0.3165530601750576,-52.16982892931128
2185,0,normal,0.006803338881582022,0.31457026760679796,-53.553273024896725
2186,0,normal,0.021053988486528397,0.31271503021805824,-53.51896179734149
2187,0,normal,0.01869017630815506,0.31397650803461985,-54.82815286556115
2188,0,normal,0.3620167076587677,0.314913084028388,-53.564380979711586
2189,0,normal,0.008801907300949097,0.3137886563339656,-53.57774333073144
2190,0,normal,0.012281794100999832,0.3186465482219872,-53.591641364741236
2191,0,normal,0.35797035694122314,0.31367617864238007,-52.582482942410024
2192,0,normal,0.010851695202291012,0.3154340166851223,-52.57155545015485
2193,0,normal,0.08159372955560684,0.31873302077081606,-52.38539280559712
2194,0,normal,0.01322213839739561,0.3137633411509791,-52.393717787038895
2195,0,normal,0.019529329612851143,0.31881947172686487,-52.36379488567991
2196,0,normal,0.013476673513650894,0.31650622426966507,-52.38661173815308
2197,0,normal,0.013315717689692974,0.314136754045955,-52.60838213220427
2198,0,normal,0.08652389049530029,0.31707249803744786,-52.43373646941063
2199,0,normal,0.01480722427368164,0.31578234143173517,-52.45001557787259
2200,0,normal,7.2948431968688965,0.3342275586305199,-23.123376983981643
2201,0,normal,1.3880977630615234,0.3526956860974256,-17.658184243269034
2202,0,normal,2.192335367202759,0.360433329246308,-6.7492414927742175
2203,0,normal,1.5468164682388306,0.3539182892843526,-6.8312610792295345
2204,0,normal,2.0083723068237305,0.36195883766700165,-6.968945337458308
2205,0,normal,1.6581131219863892,0.36834115402916306,-6.398828825185774
2206,0,normal,2.2598180770874023,0.36147065147031693,-6.41456195863384
2207,0,normal,2.294074535369873,0.3668686146682509,-5.775740996457216
2208,0,normal,2.8790903091430664,0.37135120422600404,-5.81842319927182
2209,0,normal,2.8778936862945557,0.3466068174624745,-5.198369568399585
2210,0,normal,3.2975692749023438,0.373509747607681,-5.2048474737325705
2211,0,normal,2.243596076965332,0.38691211176554424,6.934032603756805
2212,0,normal,1.4299259185791016,0.3759220205474077,7.450452640642425
2213,0,normal,3.849155902862549,0.39211581402551093,20.371485930283825
2214,0,normal,0.2578642666339874,0.3894136439930832,20.35124624289506
2215,0,normal,0.40204060077667236,0.3849156111261263,19.958373576057284
2216,0,normal,0.3697294294834137,0.39614878394505143,19.679882189986984
2217,0,normal,0.5802500247955322,0.38498191463991155,20.87892637541836
2218,0,normal,0.20518659055233002,0.3895579737406703,19.696557125659638
2219,0,normal,0.0956229418516159,0.3816939938998664,19.83238368924981
2220,0,normal,0.38716086745262146,0.3981506568917704,21.123868470258913
2221,0,normal,0.02566666342318058,0.38606958328760477,19.994702060680993
2222,0,normal,0.08636187016963959,0.38632198806934953,20.460876822306545
2223,0,normal,0.01486701238900423,0.3821999422647586,20.54868254082612
2224,0,normal,0.018590634688735008,0.383661564052878,20.878491125100027
2225,0,normal,0.021394161507487297,0.37900685956304714,21.258844530763554
2226,0,normal,0.018276503309607506,0.3820653928636346,21.73925279035643
2227,0,normal,0.08757206797599792,0.38290116614369774,22.345078415524085
2228,0,normal,0.016693444922566414,0.3882805862764758,22.60423070723914
2229,0,normal,0.018472911790013313,0.39619698893764194,22.951945116766865
2230,0,normal,0.018275808542966843,0.3665262356946258,-4.354520588969308
2231,0,normal,0.017121994867920876,0.3657111593440052,-10.03185807117302
2232,0,normal,0.0873122289776802,0.34337168782856925,-22.622656183964637
2233,0,normal,0.011531103402376175,0.3480042873009321,-23.570381278754667
2234,0,normal,0.015698585659265518,0.35105166753486833,-23.09735087267677
2235,0,normal,0.02142467349767685,0.34416867281667696,-23.59538298074608
2236,0,normal,0.016477026045322418,0.351168109817112,-23.10806668879195
2237,0,normal,0.08658161759376526,0.34588833944995584,-23.502035195228245
2238,0,normal,0.013685643672943115,0.33494912299275437,-23.383381036903984
2239,0,normal,0.018711542710661888,0.33491352778193295,-24.187830681651576
2240,0,normal,0.01837669312953949,0.3430983328877804,-23.950031733907736
2241,0,normal,0.017587698996067047,0.32918310014431473,-37.28407968072884
2242,0,normal,0.017109626904129982,0.32726138432522456,-38.23735307901484
2243,0,normal,0.08664360642433167,0.315459072936331,-52.280421561640196
2244,0,normal,0.016406718641519547,0.3156200636508811,-52.24696561429664
2245,0,normal,0.017227699980139732,0.3164002891404499,-52.19759575613557
2246,0,normal,0.01659468561410904,0.3179468788028406,-52.168878280432864
2247,0,normal,0.01696215383708477,0.3138589147269403,-53.482955033193775
2248,0,normal,0.3625100553035736,0.3137145323914906,-52.206880995560596
2249,0,normal,0.010656378231942654,0.31748770639950014,-52.157954042345864
2250,0,normal,0.016552604734897614,0.3168787730220584,-53.50167233566344
2251,0,normal,0.3570270240306854,0.31407577213094195,-52.2381582217256
2252,0,normal,0.006715400144457817,0.31641592131368496,-52.473936064254076
2253,0,normal,0.3544904589653015,0.31796500106023906,-51.2202191028307
2254,0,normal,0.01353804487735033,0.31613712927695165,-51.21710146437067
2255,0,normal,0.08013813942670822,0.32327464914229853,-51.03694596817559
2256,0,normal,0.013353586196899414,0.3164910862352802,-51.045527007088594
2257,0,normal,0.019363589584827423,0.31607832090134164,-51.22559950163577
2258,0,normal,0.01940123178064823,0.3171350289267503,-51.220977387926496
2259,0,normal,0.018517227843403816,0.31717622768800124,-51.22121659825598
2260,0,normal,0.017521699890494347,0.3176952829332808,-51.19533417160915
2261,0,normal,0.08727891743183136,0.3178631454295436,-51.027067725297
2262,0,normal,0.01442795805633068,0.31684753864995363,-51.25198814123837
2263,0,normal,0.018778420984745026,0.3171732963962452,-51.22016646604857
2264,0,normal,0.017126936465501785,0.31796279600168503,-51.22769126154458
2265,0,normal,0.018155718222260475,0.31786008334391336,-51.22502152981565
2266,0,normal,0.018321719020605087,0.3161010715139945,-51.2202802149659
2267,0,normal,0.08688187599182129,0.3185337162821395,-51.27658830944438
2268,0,normal,0.014863689430058002,0.32035208153525463,-51.27253398454286
2269,0,normal,0.019190337508916855,0.3129825973669194,-51.26898572891582
2270,0,normal,0.01954946294426918,0.3185466188854806,-51.253069629402034
2271,0,normal,0.018665187060832977,0.3168787881346853,-51.224891560638525
2272,0,normal,0.08614322543144226,0.31696280019084144,-51.018462858483645
2273,0,normal,0.01493522897362709,0.3202169699190365,-51.2165796566228
2274,0,normal,0.016000203788280487,0.3168504442693378,-51.21697779693841
2275,0,normal,0.014160956256091595,0.3165122236349822,-51.20584631463748
2276,0,normal,0.02119121141731739,0.31588950628330537,-51.0990951390047
2277,0,normal,0.014366290532052517,0.31711829791826185,-51.069523809579096
2278,0,normal,0.0868271216750145,0.31561399838570997,-52.20931355923244
2279,0,normal,0.011572769843041897,0.31817095833059217,-52.1841017848526
2280,0,normal,0.018502747640013695,0.3145397021711925,-52.15717707620843
2281,0,normal,0.01875009387731552,0.31364941279302094,-53.45125916853158
2282,0,normal,0.3611144721508026,0.31726007187214705,-52.14790960440155
2283,0,normal,0.09810855984687805,0.31307924376781865,-53.31534865978665
2284,0,normal,0.017284885048866272,0.3206458664121246,-53.29100130763868
2285,0,normal,0.35280168056488037,0.3155713880934981,-52.284608432003324
2286,0,normal,0.011095772497355938,0.31486659987542026,-52.281527003988
2287,0,normal,0.3510720133781433,0.32145662238658024,-51.011012500327524
2288,0,normal,0.09310012310743332,0.3161960565669784,-50.838587113035146
2289,0,normal,0.009156696498394012,0.3228954120801033,-50.858421025539656
2290,0,normal,0.0048790606670081615,0.3193483090826895,-50.928327958631144
2291,0,normal,0.019180001690983772,0.3164274072935004,-51.12264999850322
2292,0,normal,0.011075275018811226,0.3173953983118418,-51.14813331853179
2293,0,normal,0.01950848661363125,0.31837650214681146,-51.128936835523064
2294,0,normal,0.004876061342656612,0.31661489932052234,-51.20774221612237
2295,0,normal,0.014233384281396866,0.3182796883615693,-51.23060243091368
2296,0,normal,0.004707569256424904,0.3189448043278644,-51.3221792202778
2297,0,normal,0.015024330466985703,0.3164434182183336,-51.5400477312628
2298,0,normal,0.08744744956493378,0.3211734509586704,-51.39281659068911
2299,0,normal,0.013852676376700401,0.3171760621450782,-51.401799094417356
2300,0,normal,0.004893901292234659,0.3199248686545708,-51.50166937705035
2301,0,normal,0.016398625448346138,0.318563119438457,-51.523031994077655
2302,0,normal,0.021470291540026665,0.32322109132476956,-51.70870481488646
2303,0,normal,0.08553625643253326,0.31807108793004985,-51.5312139347825
2304,0,normal,0.004275873769074678,0.3191084593556664,-51.58282350602917
2305,0,normal,0.02013641968369484,0.3190163547723586,-51.540029515313336
2306,0,normal,0.006165072787553072,0.31652698099099774,-51.60860027240051
2307,0,normal,7.316697120666504,0.34169889617551624,-22.220064543407034
2308,0,normal,0.16721755266189575,0.34350170058918483,-22.457263314526017
2309,0,normal,2.490260601043701,0.3390573985331492,-23.410414307425526
2310,0,normal,0.6602877974510193,0.3644978554813794,0.9001206659311265
2311,0,normal,0.3617740273475647,0.368094005424945,3.266498848031233
2312,0,normal,0.1883063018321991,0.3773546451720071,3.4465402146945507
2313,0,normal,1.1418471336364746,0.3845391662340262,4.443879558761637
2314,0,normal,0.20102325081825256,0.3765514498472655,5.915299068342165
2315,0,normal,0.2258482575416565,0.4044485641729542,6.184967620297812
2316,0,normal,0.5719667077064514,0.37730969608487963,8.859267325156225
2317,0,normal,1.0682625770568848,0.4008051911232511,9.216884292526174
2318,0,normal,1.26112699508667,0.4265098158705738,33.18952349728852
2319,0,normal,0.1754031479358673,0.4197629837979995,34.38261912524172
2320,0,normal,0.6345056891441345,0.4186583990659168,34.490642355582395
2321,0,normal,1.9808409214019775,0.42983208849991394,47.33989990441273
2322,0,normal,0.09242302924394608,0.429144757634099,47.61112699217006
2323,0,normal,0.025092246010899544,0.43343746522128257,47.30980491920445
2324,0,normal,0.019407140091061592,0.42406297882146626,47.117560703715526
2325,0,normal,0.016524504870176315,0.4149846991882522,47.216605013800745
2326,0,normal,0.016741830855607986,0.42326938818589155,47.4779292345404
2327,0,normal,0.08280716091394424,0.4321791553010702,47.765971930183014
2328,0,normal,0.01127663254737854,0.44710734456025475,47.65818490531569
2329,0,normal,0.022430555894970894,0.4241309336720449,47.81938704809181
2330,0,normal,0.016525568440556526,0.4112563007269759,47.97660655401319
2331,0,normal,0.014305333606898785,0.4293308859074382,48.335242737902036
2332,0,normal,0.08540531992912292,0.42194806923226924,48.74875538780907
2333,0,normal,0.012287182733416557,0.4180986789522292,48.929329589466306
2334,0,normal,0.01811370439827442,0.420434104551177,49.50428586774774
2335,0,normal,0.017861509695649147,0.42852269019848555,49.990859028859404
2336,0,normal,0.016225336119532585,0.4235806205571241,50.82064706798201
2337,0,normal,0.02134646289050579,0.4008760306206323,24.591122583707147
2338,0,normal,0.016821181401610374,0.3969770359107004,25.29784877920997
2339,0,normal,0.017578741535544395,0.4069494522871824,26.369027546638563
2340,0,normal,0.014094531536102295,0.37827983541269083,1.0035820949572098
2341,0,normal,0.017481179907917976,0.37557063996680645,-1.6269361841416412
2342,0,normal,0.3639901280403137,0.37900230969520854,-1.7253121090052446
2343,0,normal,0.010644623078405857,0.37396552543375583,-1.9060104481322924
2344,0,normal,0.022395549342036247,0.3617630647346375,-3.1762176195270513
2345,0,normal,0.35608789324760437,0.3567199325835562,-3.6515999632956664
2346,0,normal,0.011217412538826466,0.35420284151583303,-6.8133339312714725
2347,0,normal,0.3533252477645874,0.36455070085464414,-7.835954855034288
2348,0,normal,0.015502188354730606,0.32885064745725073,-34.86969165330515
2349,0,normal,0.019933197647333145,0.33191218822425966,-37.250339049278864
2350,0,normal,0.019779492169618607,0.3259224296280144,-37.16104037978698
2351,0,normal,0.01620590314269066,0.31638843165735586,-51.35849770084678
2352,0,normal,0.018606318160891533,0.31565948394299115,-51.57366924473672
2353,0,normal,0.019991524517536163,0.3168050928966291,-51.56984044819205
2354,0,normal,0.01845911145210266,0.3158059788704984,-51.53998025161172
2355,0,normal,0.08729608356952667,0.31544222088524154,-51.35467679182875
2356,0,normal,0.013842056505382061,0.3172895427071596,-51.32976674332349
2357,0,normal,0.01770964451134205,0.31704593495707206,-51.53551386871618
2358,0,normal,0.016746673732995987,0.3163528748780607,-51.55204567584451
2359,0,normal,0.018682746216654778,0.3177057492731434,-51.55997007689666
2360,0,normal,0.08628979325294495,0.3168161514589433,-51.380267328250056
2361,0,normal,0.013449711725115776,0.3170283487531683,-51.373076668930025
2362,0,normal,0.017800867557525635,0.31995098779874365,-51.593671736198075
2363,0,normal,0.02091832645237446,0.3136027121031881,-51.57693002947917
2364,0,normal,0.017364373430609703,0.31749334610244195,-51.57273994789034
2365,0,normal,0.01760978437960148,0.3163153499166551,-51.56460781728265
2366,0,normal,0.08659475296735764,0.3146445328732565,-51.35619858510336
2367,0,normal,0.016346408054232597,0.3187229411762623,-51.33979485967666
2368,0,normal,0.015683986246585846,0.31582646367437656,-51.31601912631049
2369,0,normal,0.014169368892908096,0.31568601549809727,-51.301386423444455
2370,0,normal,0.016634773463010788,0.3148094580348444,-51.22580213546962
2371,0,normal,0.01817956753075123,0.3163566558475755,-51.185880103802674
2372,0,normal,0.08643175661563873,0.3153702273499068,-52.32782777594025
2373,0,normal,0.013573196716606617,0.3175654640793336,-52.312914905250864
2374,0,normal,0.01803702488541603,0.31296848751289746,-52.31873929334233
2375,0,normal,0.018338540568947792,0.3146257621842627,-53.616565282823785
2376,0,normal,0.018242934718728065,0.3137486522230875,-53.59119021505376
2377,0,normal,0.36228275299072266,0.3128153447614287,-53.69182497946008
2378,0,normal,0.01077868789434433,0.31544197955270237,-53.716337593012895
2379,0,normal,0.01805954985320568,0.3162235833950478,-53.72051253643258
2380,0,normal,0.3568212389945984,0.31432765909965193,-52.47640183411272
2381,0,normal,0.011356038972735405,0.31515396653146055,-52.43741965700133
2382,0,normal,0.08159907907247543,0.31694079955721727,-52.26163741358573
2383,0,normal,0.014148669317364693,0.3142628859241922,-52.25601253111654
2384,0,normal,0.008328216150403023,0.3199351551068194,-52.29459392228864
2385,0,normal,0.0193584356456995,0.31522722869734393,-52.51700174289522
2386,0,normal,0.017178989946842194,0.314228305794342,-52.49125881242844
2387,0,normal,0.08603377640247345,0.3161610569401009,-52.31015929543992
2388,0,normal,0.0165377389639616,0.31547849524816923,-52.2896998450683
2389,0,normal,0.008469801396131516,0.316646230057664,-52.32296145270948
2390,0,normal,0.01767829805612564,0.3161226378899716,-52.562753587395946
2391,0,normal,0.01773938164114952,0.31681854559570527,-52.556360856133324
2392,0,normal,0.0865769311785698,0.3175646981196159,-52.36362522919421
2393,0,normal,0.016124853864312172,0.31513128483796715,-52.37689679180221
2394,0,normal,0.006688391789793968,0.3190232491852134,-52.42939157605156
2395,0,normal,0.00663921469822526,0.31593625758773464,-52.524223417454095
2396,0,normal,0.12201249599456787,0.31617317939432676,-52.452205377989685
2397,0,normal,0.004045845475047827,0.32106350324997046,-52.52660567056296
2398,0,normal,0.01725780963897705,0.3141820059741833,-52.505162063598846
2399,0,normal,0.011154540814459324,0.3172483777237358,-52.52423004080197
2400,0,normal,0.015430387109518051,0.31817029012467724,-52.50995139303109
2401,0,normal,0.019485395401716232,0.31537411801938603,-52.45300705831278
2402,0,normal,0.08625583350658417,0.32128794581277764,-52.481986676241604
2403,0,normal,0.013841946609318256,0.3157310052497007,-52.46625430549875
2404,0,normal,7.298341751098633,0.3321440320366951,-23.114716540761037
2405,0,normal,0.17287899553775787,0.34251600122793213,-23.118415229280572
2406,0,normal,2.3996517658233643,0.3475813920616557,-21.34051498587496
2407,0,normal,0.48613446950912476,0.3749378946712518,1.7162577629014777
2408,0,normal,0.7559026479721069,0.3627554256605954,1.3686970404080512
2409,0,normal,0.4800568222999573,0.3778172489055896,4.035906250130438
2410,0,normal,0.19863350689411163,0.3857816799883411,4.268026242166343
2411,0,normal,0.2183447629213333,0.3849904685537894,5.915681817211407
2412,0,normal,0.2793014347553253,0.39454686393330235,7.140644640584924
2413,0,normal,1.2966904640197754,0.37129038504343365,7.129007262996765
2414,0,normal,1.2374812364578247,0.391592520406183,8.680701650188666
2415,0,normal,1.2065006494522095,0.42236506657633194,32.92184126724442
2416,0,normal,0.1926557868719101,0.4244751825290094,34.343478207974385
2417,0,normal,0.40811169147491455,0.42491518202426876,34.71637819320267
2418,0,normal,1.889965534210205,0.4244569136951386,47.52663645000098
2419,0,normal,0.0430879108607769,0.4276487744089276,47.58110643530404
2420,0,normal,0.028904544189572334,0.4384057567506617,47.24003993695169
2421,0,normal,0.023858951404690742,0.430115147715448,47.02259655457465
2422,0,normal,0.0253142137080431,0.43254639616695334,46.90902302747941
2423,0,normal,0.018715770915150642,0.42128512226375187,47.07463423576701
2424,0,normal,0.018308885395526886,0.42075341729352544,47.24476924927035
2425,0,normal,0.01890501007437706,0.4269975778873353,47.42423601856535
2426,0,normal,0.08408738672733307,0.4280150596340693,47.4510946537107
2427,0,normal,0.014855235815048218,0.41881627645465214,47.65941629336453
2428,0,normal,0.01772751472890377,0.43026632603913795,48.04711915970802
2429,0,normal,0.02226865664124489,0.42369324498155236,48.39807049212595
2430,0,normal,0.017079895362257957,0.4104320310961692,48.925741385105994
2431,0,normal,0.015593690797686577,0.42835975283484623,49.53411776012808
2432,0,normal,0.014842874370515347,0.42305587078160206,49.922955067232806
2433,0,normal,0.013892296701669693,0.4161008175840791,50.73006598776419
2434,0,normal,0.017905201762914658,0.39356750192614165,24.53304794814062
2435,0,normal,0.3634399175643921,0.3991605296530875,26.487696961363326
2436,0,normal,0.09885210543870926,0.41532093193652364,24.036566346989503
2437,0,normal,0.37235963344573975,0.3729099837786143,-0.5089402566254648
2438,0,normal,0.010418418794870377,0.38505582840239055,0.5287942530662804
2439,0,normal,0.019371984526515007,0.3737847374372457,-2.0221813524210575
2440,0,normal,0.3505675196647644,0.3825515888077916,-2.1784124703001453
2441,0,normal,0.012335616163909435,0.3581746934883309,-3.7797048898655703
2442,0,normal,0.08093961328268051,0.3634619814616121,-5.36231598717427
2443,0,normal,0.017880883067846298,0.3548289884059833,-4.746068632594415
2444,0,normal,0.019771095365285873,0.366324112596319,-6.659023323601332
2445,0,normal,0.019567055627703667,0.3329080354856245,-33.58350181745959
2446,0,normal,0.01874425821006298,0.33227408741753817,-36.15859472448619
2447,0,normal,0.018382417038083076,0.3280960207627679,-37.13126298857492
2448,0,normal,0.018141239881515503,0.3188019267080671,-51.383648467249714
2449,0,normal,0.016827402636408806,0.31631255664143765,-51.38984139266813
2450,0,normal,0.01982181891798973,0.3142993104487481,-51.37883534880052
2451,0,normal,0.017397398129105568,0.3179047221222132,-51.375440576676056
2452,0,normal,7.279878616333008,0.33366154423428346,-22.072622697054157
2453,0,normal,0.17714984714984894,0.341901614230509,-22.120645345529283
2454,0,normal,1.5650255680084229,0.37646752153977414,1.977867218260144
2455,0,normal,0.3551675081253052,0.36604290991022786,3.671019452165183
2456,0,normal,0.7775134444236755,0.3630327561867262,3.31077949322912
2457,0,normal,0.23296454548835754,0.3811803651204887,4.824967774538663
2458,0,normal,0.441765159368515,0.3767888478913115,7.497485179362684
2459,0,normal,0.7809631824493408,0.39500265307091936,7.521052994237607
2460,0,normal,0.2700604200363159,0.3858564131218462,9.220178101327292
2461,0,normal,0.7099931240081787,0.3814600950378887,10.784837937278098
2462,0,normal,2.3582987785339355,0.3887657862695434,10.835411946662362
2463,0,normal,1.1700109243392944,0.43084594557671757,35.11908883102592
2464,0,normal,0.21157389879226685,0.4070987235394752,36.41935621600669
2465,0,normal,0.6072425842285156,0.4199216219474616,35.26050577435308
2466,0,normal,2.05094313621521,0.4274723136107989,48.03118478344891
2467,0,normal,0.037824030965566635,0.41694143554148466,46.87117217213745
2468,0,normal,0.023044368252158165,0.4387841013630995,46.526796069969805
2469,0,normal,0.023223288357257843,0.42048601050053347,46.32190315387811
2470,0,normal,0.015953628346323967,0.4265844108721746,45.174145312506425
2471,0,normal,0.3595243990421295,0.4162137125933878,46.443689505759494
2472,0,normal,0.010496856644749641,0.4355301979638773,46.29501746775213
2473,0,normal,0.023140184581279755,0.4303301644181931,46.40731493597718
2474,0,normal,0.3531337082386017,0.419579950689355,47.717989958509634
2475,0,normal,0.011112081818282604,0.42244605278164304,48.064733909003735
2476,0,normal,0.35185080766677856,0.416756257791444,49.46423895887074
2477,0,normal,0.09325532615184784,0.42564526809974357,50.00882976016101
2478,0,normal,0.013017306104302406,0.42963641302904704,50.5216820597966
2479,0,normal,0.015855390578508377,0.4291804003747661,51.03949665560094
2480,0,normal,0.016251128166913986,0.41202112271186125,51.749581399103135
2481,0,normal,0.08357992023229599,0.43027699737686453,52.49433091357446
2482,0,normal,0.015528364107012749,0.4016680260589467,26.222290466526147
2483,0,normal,0.01807376928627491,0.41324716921979404,26.933769036313834
2484,0,normal,0.01821545697748661,0.3828462113649979,1.2218370885598233
2485,0,normal,0.018413377925753593,0.36846047128991555,-1.6789610245082258
2486,0,normal,0.02081107161939144,0.3739823290346415,-0.7089145175959857
2487,0,normal,0.012686598114669323,0.36817769537650186,-2.1858771871814042
2488,0,normal,0.0047415802255272865,0.3738569944014399,-5.139255484497653
2489,0,normal,0.012378553859889507,0.35770413531633594,-4.227670565787321
2490,0,normal,0.011560946702957153,0.34884851399420064,-6.310270989582705
2491,0,normal,0.08768154680728912,0.3522074369337891,-8.178187587710454
2492,0,normal,0.016248859465122223,0.35944708505671136,-7.764945766780784
2493,0,normal,0.012711554765701294,0.3331023613162796,-34.844355291022794
2494,0,normal,0.013764644972980022,0.3300515373273242,-37.29777988223691
2495,0,normal,0.013928230851888657,0.3314027737435565,-37.214764820259234
2496,0,normal,0.08629338443279266,0.32219080510981546,-51.47786462347699
2497,0,normal,0.016500644385814667,0.31717402884099094,-51.425719918472396
2498,0,normal,0.014517415314912796,0.31753415671217133,-51.40993134839846
2499,0,normal,0.018501492217183113,0.3147395212224257,-51.373970856889855
2500,0,normal,7.290903091430664,0.33684924413418454,-21.981707694888883
2501,0,normal,0.48826101422309875,0.343929335048961,-22.06949189280681
2502,0,normal,2.690457344055176,0.33681860048333145,-23.01825124351558
2503,0,normal,0.63503098487854,0.3670232693137287,1.259112287183143
2504,0,normal,0.36779865622520447,0.3604911128356294,2.3239741751506244
2505,0,normal,0.18806831538677216,0.378556908183152,3.7883704248311005
2506,0,normal,0.2129759043455124,0.3883514181318605,4.161792805108462
2507,0,normal,0.21032162010669708,0.3821326577233167,5.315851194423658
2508,0,normal,0.25176480412483215,0.401768313861338,6.716854733518403
2509,0,normal,1.205843210220337,0.37763056710738063,6.650742045591414
2510,0,normal,1.0402203798294067,0.3898521059564007,8.375715949625828
2511,0,normal,1.3020193576812744,0.423439079125709,32.56925765785127
2512,0,normal,0.19660429656505585,0.42600851760679853,33.76670111622093
2513,0,normal,2.0508131980895996,0.42021310411449664,46.60564882607946
2514,0,normal,0.03723585978150368,0.43070291060974825,46.60514742340365
2515,0,normal,0.09539482742547989,0.41776149328596374,46.409141636959475
2516,0,normal,0.01794017106294632,0.4419478862882853,46.22197822171893
2517,0,normal,0.019876904785633087,0.43040357577210986,46.284677392158756
2518,0,normal,0.018107997253537178,0.42694261733260364,46.444271500382
2519,0,normal,0.023849060758948326,0.4225003295084743,46.68287343789257
2520,0,normal,0.08592677861452103,0.42284371267397747,46.97628232844636
2521,0,normal,0.011026437394320965,0.42987917931805564,46.82202852681985
2522,0,normal,0.015389842912554741,0.42280520701478497,46.97379610305666
2523,0,normal,0.021846940740942955,0.42432659299518327,47.10795255950825
2524,0,normal,0.016755403950810432,0.431671480966537,47.50025493592443
2525,0,normal,0.013024021871387959,0.41115356846849627,47.77957497763714
2526,0,normal,0.016116196289658546,0.4147582154832222,48.017831072098716
2527,0,normal,0.017041780054569244,0.42616096810919885,48.553164489484516
2528,0,normal,0.02129320614039898,0.42767439389835454,49.13739157278542
2529,0,normal,0.36274993419647217,0.41526919371095,51.07838252614533
2530,0,normal,0.009428666904568672,0.40755037576589037,24.859936165812087
2531,0,normal,0.022142993286252022,0.38879759898867267,24.402035207450353
2532,0,normal,0.35580873489379883,0.4120030083478637,26.784919646466506
2533,0,normal,0.38417601585388184,0.39075937333500066,2.5786722847235524
2534,0,normal,0.010209474712610245,0.38387947127507743,0.007189867188571952
2535,0,normal,0.018180927261710167,0.3708243998272838,-1.2287457066840943
2536,0,normal,0.023710481822490692,0.38137458988372597,-2.9112018473242642
2537,0,normal,0.01608523167669773,0.35732069447914006,-4.312153555466239
2538,0,normal,0.016380541026592255,0.34731410567342585,-6.046621103348571
2539,0,normal,0.08603854477405548,0.3564748837097061,-5.279127375702501
2540,0,normal,0.01642330177128315,0.3681826756509841,-7.529493838191684
2541,0,normal,0.01626022718846798,0.33444146328000013,-34.82389272400064
2542,0,normal,0.01614023558795452,0.3307523455997976,-37.22911377996547
2543,0,normal,0.008015977218747139,0.31736805664069584,-51.52097271124421
2544,0,normal,0.019108088687062263,0.3193419956419142,-51.423898994685715
2545,0,normal,0.017137056216597557,0.31780183613555274,-51.66059868890102
2546,0,normal,7.283275127410889,0.3361902510680861,-22.36399834287613
2547,0,normal,0.1762443482875824,0.34017552514072275,-22.38499335756319
2548,0,normal,2.466012477874756,0.3336292016174821,-23.34617011346336
2549,0,normal,0.8604791164398193,0.37258143870886723,2.095633675176032
2550,0,normal,0.19389361143112183,0.3618471143687034,2.9895749404929575
2551,0,normal,0.20894530415534973,0.37528424081186007,4.6010010322493144
2552,0,normal,9.66044807434082,0.40587580395442885,49.710804102566726
2553,0,normal,0.14650672674179077,0.4075813251372975,50.899599486836905
2554,0,normal,0.3453233242034912,0.41701396209440794,52.20072069980415
2555,0,normal,0.640978217124939,0.3961606315344609,53.55355668201855
2556,0,normal,1.454127550125122,0.41931805869994426,54.99252091684821
2557,0,normal,2.619593381881714,0.4172583756479404,56.63177487700318
2558,0,normal,1.9028453826904297,0.43341607877463695,70.77776654958302
2559,0,normal,2.1965906620025635,0.43879990177916417,80.10714605909266
2560,0,normal,1.4355981349945068,0.44583880550029825,85.63808823539193
2561,0,normal,1.3279075622558594,0.46723064455442676,92.37678915728964
2562,0,normal,0.35288476943969727,0.45080851121696996,92.18785525717726
2563,0,normal,0.10908320546150208,0.46430442123624577,90.90664586344963
2564,0,normal,0.3625228703022003,0.4411038784747582,91.91569178390739
2565,0,normal,0.018604187294840813,0.4374042050236714,92.08660313738437
2566,0,normal,0.028213487938046455,0.4536291027240171,92.1552439304354
2567,0,normal,0.3495934307575226,0.4641829094215422,93.3804851515714
2568,0,normal,0.016874421387910843,0.45246150156415266,93.56097073285127
2569,0,normal,0.022576462477445602,0.44548950688895067,93.48596191407182
2570,0,normal,0.021934185177087784,0.4650413311646273,93.79807572743869
2571,0,normal,0.023524455726146698,0.43607984694053764,94.13238612557097
2572,0,normal,0.01907980628311634,0.44116123774818944,94.58101343065061
2573,0,normal,0.02198449708521366,0.4406654168852315,95.29204885435854
2574,0,normal,0.08769001811742783,0.4723687669398439,96.04857856850447
2575,0,normal,0.011442497372627258,0.4485929229290165,96.92738881685318
2576,0,normal,0.015025896951556206,0.4234999384469953,71.9521747140036
2577,0,normal,0.01658637262880802,0.4391346500846752,72.72821895677771
2578,0,normal,0.021566050127148628,0.4262322990098149,73.76756789818273
2579,0,normal,0.08602303266525269,0.3969611455758337,48.62962590574671
2580,0,normal,0.01184411533176899,0.41289874943559773,47.359233762648046
2581,0,normal,0.015415062196552753,0.39607398717351816,45.912980006721455
2582,0,normal,0.02211327664554119,0.3898681405788098,0.6896561981268405
2583,0,normal,0.01625010371208191,0.3695009665623822,-0.573091481215215
2584,0,normal,0.08616961538791656,0.3715091882933658,-1.7843378570696586
2585,0,normal,0.012294124811887741,0.35249321027338004,-3.33565942196401
2586,0,normal,0.010179433040320873,0.34845644862201425,-5.203119319442067
2587,0,normal,0.018534256145358086,0.36563304110001793,-7.434946837903226
2588,0,normal,0.015910452231764793,0.34486514667499285,-24.074615444046458
2589,0,normal,0.08617033064365387,0.32852334413793854,-36.69141694372138
2590,0,normal,0.011607233434915543,0.32230739434930006,-43.41288043436816
2591,0,normal,0.014038357883691788,0.3178700586069709,-50.86397347511479
2592,0,normal,0.011412812396883965,0.3169998010655039,-52.206935770292375
2593,0,normal,0.36265721917152405,0.3197245558953255,-51.16390281822237
2594,0,normal,0.0073320502415299416,0.3145177945170711,-52.52626075543003
2595,0,normal,0.35655587911605835,0.31864499142266084,-51.25685114385897
2596,0,normal,0.011849873699247837,0.31648572167094136,-51.2749312195258
2597,0,normal,0.020360134541988373,0.31826301926259387,-52.6036227106224
2598,0,normal,0.35337090492248535,0.315032494453315,-51.34831145232238
2599,0,normal,0.012372962199151516,0.31757465589524875,-51.32714824669574
2600,0,normal,0.018579663708806038,0.3194624100821993,-51.326368726790406
2601,0,normal,0.01633443497121334,0.31710247870001523,-51.34876875209761
2602,0,normal,0.021726064383983612,0.3173917277843586,-51.30783219282216
2603,0,normal,0.08537773042917252,0.31519693261468984,-51.144504243583015
2604,0,normal,0.009032782167196274,0.3190757802022968,-51.38064602331929
2605,0,normal,0.005184311885386705,0.31695914971994815,-51.45886433977239
2606,0,normal,0.011983291245996952,0.3192128051216193,-51.55954056701694
2607,0,normal,0.02326742373406887,0.31909608072891693,-51.576799001723884
2608,0,normal,0.09031524509191513,0.31758099287337727,-51.419092040804344
2609,0,normal,81.17220306396484,0.33474003943369735,241.95752497356364
2610,0,normal,0.009743752889335155,0.3265300331094286,241.83370269222814
2611,0,normal,0.01104746200144291,0.326416277436414,241.6692451400844
2612,0,normal,0.013876342214643955,0.3284172749736065,241.58019242366538
2613,0,normal,0.012100188061594963,0.33075005594906215,241.58887157074025
2614,0,normal,0.018316365778446198,0.3243682733242667,241.45451386356638
2615,0,normal,0.01621938683092594,0.3298120883085477,241.48188949549217
2616,0,normal,0.014944683760404587,0.32568960561606214,241.52411216141752
2617,0,normal,0.020150117576122284,0.3278410759718344,241.56474274468155
2618,0,normal,0.01219995878636837,0.3329899530299771,241.59164848414434
2619,0,normal,0.010981930419802666,0.3269080629766211,241.41866595306828
2620,0,normal,0.012871179729700089,0.33272454382085653,241.43049189239764
2621,0,normal,0.020895635709166527,0.32467692673040227,241.47595242019088
2622,0,normal,0.36316820979118347,0.327668627099396,242.44904362853083
2623,0,normal,0.0985417515039444,0.3337399327991346,241.58572067416117
2624,0,normal,0.37163758277893066,0.3388010852353899,242.54781632954598
2625,0,normal,0.011023323982954025,0.32725667132813197,241.5326865269468
2626,0,normal,0.34769466519355774,0.32856181995740563,242.47243406641326
2627,0,normal,0.09113795310258865,0.3288710402648136,242.61541148939386
2628,0,normal,0.015497611835598946,0.3291673428515655,241.66967795132632
2629,0,normal,0.019281277433037758,0.328612251975452,241.69561336202082
2630,0,normal,0.0225013867020607,0.33022808255347913,241.8026254503535
2631,0,normal,0.009929732419550419,0.3286033369436168,241.87183597660987
2632,0,normal,0.014308284036815166,0.3270751483474743,241.92416112787373
2633,0,normal,0.08732594549655914,0.3300854571618506,241.95532658374862
2634,0,normal,0.016865326091647148,0.32814260507435866,242.0190491397019
2635,0,normal,0.016758378595113754,0.3321310055455908,242.1350708675334
2636,0,normal,0.016767999157309532,0.32642195466524804,242.1964403937684
2637,0,normal,0.016242019832134247,0.32304840664800816,242.18506749894914
2638,0,normal,0.08719796687364578,0.33252807712094107,242.14253708110016
2639,0,normal,0.007411451078951359,0.3207682853640943,-51.489478341571385
2640,0,normal,0.017080578953027725,0.3175956763536103,-51.44912562941545
2641,0,normal,0.020172156393527985,0.3166915113914802,-51.43805055073244
2642,0,normal,0.018062079325318336,0.31875170993305185,-51.44498236673621
2643,0,normal,7.28460693359375,0.33374019264203164,-22.122557952516445
2644,0,normal,0.2267914116382599,0.34641836974946316,-21.994519100867365
2645,0,normal,1.989074468612671,0.35420225270529615,-13.061392213634008
2646,0,normal,0.636231005191803,0.38044110483173854,10.809258823345317
2647,0,normal,0.1320044845342636,0.37314044761904686,12.007029978415176
2648,0,normal,0.6736394166946411,0.381707679843038,12.076915273855093
2649,0,normal,0.26674044132232666,0.3851315120237933,13.657451871930107
2650,0,normal,0.6005365252494812,0.39537765852454393,13.903250665754967
2651,0,normal,0.30518850684165955,0.3970286879789557,15.607571398957589
2652,0,normal,0.2388460636138916,0.3876751857280169,15.852916507812552
2653,0,normal,0.5695067048072815,0.3964507674414118,17.08247668294939
2654,0,normal,2.681403160095215,0.4250146207707413,39.61216956943872
2655,0,normal,0.21558740735054016,0.4199674367815147,40.898184991460084
2656,0,normal,0.37298816442489624,0.4237636157113749,40.244471487678084
2657,0,normal,2.233471155166626,0.4327530711189297,53.91206161836794
2658,0,normal,0.028545044362545013,0.42932336997073484,53.916375541189154
2659,0,normal,0.38719379901885986,0.451969705895753,54.68600357994819
2660,0,normal,0.03252347558736801,0.4168401657812754,54.452081069503265
2661,0,normal,0.029039787128567696,0.43895162618000855,54.57116485129404
2662,0,normal,0.08536431938409805,0.43150945076330766,54.9194587784998
2663,0,normal,0.023838436231017113,0.43383168107143544,54.85083175574664
2664,0,normal,0.02128453366458416,0.43823405573294955,54.924306234734104
2665,0,normal,0.016929609701037407,0.4232515109027537,55.08471444012616
2666,0,normal,0.017440946772694588,0.43280002327541217,55.305146869290866
2667,0,normal,0.017868218943476677,0.4358425519169335,55.67728536432742
2668,0,normal,0.08542023599147797,0.42708152665809473,55.960370670520206
2669,0,normal,0.013029713183641434,0.41186060213278086,56.44197859671499
2670,0,normal,0.017815280705690384,0.4340310342802651,56.952193114464535
2671,0,normal,0.018211571499705315,0.4339893910607036,57.50453715486992
2672,0,normal,0.014599866233766079,0.4178615405767249,58.187536373002104
2673,0,normal,0.08680947870016098,0.40745972307690986,32.143034127390365
2674,0,normal,0.004550340585410595,0.40981521055030934,32.41518592901957
2675,0,normal,0.020948730409145355,0.40581974836784074,23.472738005135852
2676,0,normal,0.014561418443918228,0.3715614457964142,-2.189501538504601
2677,0,normal,7.292044639587402,0.39372851077202925,24.357335989230933
2678,0,normal,0.22608020901679993,0.39340443894623683,25.519530217060264
2679,0,normal,1.4618935585021973,0.4303105184754446,47.24749313078928
2680,0,normal,0.16176468133926392,0.3992266773326451,48.535069837264246
2681,0,normal,0.1852283924818039,0.4114373210032747,47.951241913328204
2682,0,normal,0.20185238122940063,0.41202227307301637,47.530209454595706
2683,0,normal,0.1971127986907959,0.4212566447526587,47.17087732421464
2684,0,normal,0.19724375009536743,0.4152955164427363,23.97819701987737
2685,0,normal,1.1007238626480103,0.4087094601866248,21.722914952710653
2686,0,normal,2.1292130947113037,0.4034218225535253,35.491775245382996
2687,0,normal,2.9344940185546875,0.42458835612395757,31.901910168144923
2688,0,normal,0.5510149598121643,0.41254467949490425,33.495895434868544
2689,0,normal,1.8145796060562134,0.43166390030548657,45.10523814732551
2690,0,normal,0.0554029755294323,0.4314948477365767,45.178364768673646
2691,0,normal,0.3691532611846924,0.4241117397494297,45.9493229020909
2692,0,normal,0.015497375279664993,0.41399131656908633,45.54539216453486
2693,0,normal,0.02462228573858738,0.4475101325676454,45.60276946591466
2694,0,normal,0.020249314606189728,0.4140768125437219,45.68751680793139
2695,0,normal,0.018519945442676544,0.41889353683952496,45.79729350467346
2696,0,normal,0.01442016288638115,0.4230210228726422,45.92970235455846
2697,0,normal,0.08496671169996262,0.414087560737667,46.13831650460179
2698,0,normal,0.005848444066941738,0.42047453404001767,45.98226651705522
2699,0,normal,0.02060357667505741,0.4226058930523133,46.17548087030059
2700,0,normal,0.022038599476218224,0.4138336597452421,46.57110828771488
2701,0,normal,0.008652839809656143,0.4144979155616734,46.74451596324957
2702,0,normal,0.08912422508001328,0.4192493022164181,47.37690504894272
2703,0,normal,0.004400754813104868,0.42214762152965263,47.698268802079156
2704,0,normal,0.017286084592342377,0.42692486913476496,48.30031666253217
2705,0,normal,0.02106615900993347,0.4223825961419019,49.07543466278457
2706,0,normal,0.01837807148694992,0.40524900812678677,49.81428457927905
2707,0,normal,0.015455897897481918,0.3865495374248939,23.785541998447115
2708,0,normal,0.017611419782042503,0.4131439314118808,24.68724898328969
2709,0,normal,0.004975820891559124,0.3792734072005506,-1.0461421929965127
2710,0,normal,0.005993626546114683,0.37840401190650647,-2.394540068457445
2711,0,normal,0.01671597734093666,0.37016332364574883,-3.771956976315323
2712,0,normal,0.09083830565214157,0.3582064543022854,-5.045343896235863
2713,0,normal,0.011787070892751217,0.3543350035615096,-6.922655682442382
2714,0,normal,0.017109358683228493,0.346433928704203,-8.80333448044803
2715,0,normal,0.01930992864072323,0.35978388578337916,-8.338711384753651
2716,0,normal,0.3598685562610626,0.35007284344048556,-23.70460676665425
2717,0,normal,0.3878762125968933,0.33892235058624376,-35.226712266019376
2718,0,normal,0.008876404725015163,0.33291189175674407,-37.543669291700326
2719,0,normal,0.019600292667746544,0.31852302874510424,-51.75873984094687
2720,0,normal,0.08073893934488297,0.3173365405528981,-51.58042458154341
2721,0,normal,0.017652565613389015,0.3161528348575485,-52.873170082520346
2722,0,normal,0.017369162291288376,0.3172290213809162,-52.85282910423962
2723,0,normal,0.0131766889244318,0.31779918088682535,-52.88402842694086
2724,0,normal,0.01376307662576437,0.3197563618668764,-52.90375437345301
2725,0,normal,0.08700887858867645,0.3150871850732954,-52.70528672312889
2726,0,normal,0.01193926576524973,0.31619727984728224,-52.66592708194389
2727,0,normal,0.016480445861816406,0.315911140728831,-52.89696027395371
2728,0,normal,0.018027810379862785,0.3165105079172898,-52.856603372260906
2729,0,normal,0.018523123115301132,0.3197486894250031,-52.862969642666485
2730,0,normal,0.01811937615275383,0.31793042287132744,-52.88304404303153
2731,0,normal,0.018239039927721024,0.3168934729468217,-52.80306723968533
2732,0,normal,0.021279074251651764,0.31576949083084543,-53.00083598690185
2733,0,normal,0.01855745166540146,0.3147932894367033,-52.95146018509172
2734,0,normal,0.016791941598057747,0.3151165568865176,-52.95496536797032
2735,0,normal,0.00969693623483181,0.313685987458654,-53.00988795303647
2736,0,normal,7.2845458984375,0.3325230374870798,-23.65572721600688
2737,0,normal,0.17816483974456787,0.34454433859595446,-23.629275247614714
2738,0,normal,2.475393295288086,0.335129732843314,-24.610150495427433
2739,0,normal,4.225865364074707,0.3274237040877498,-25.18741289655577
2740,0,normal,1.247653603553772,0.3535762743484659,-1.601581017046101
2741,0,normal,0.1487385779619217,0.3628951088468722,-0.063348233155466
2742,0,normal,0.20207595825195312,0.3679009568237913,1.4046813418428883
2743,0,normal,0.1986224204301834,0.3764592280248789,2.893637031705566
2744,0,normal,0.21267978847026825,0.3728864068811334,4.323629049056763
2745,0,normal,0.21799065172672272,0.3827336864739367,5.79695269703393
2746,0,normal,0.36215105652809143,0.38760585469642744,5.99186759705367
2747,0,normal,1.551881194114685,0.3906491581734816,4.730049877821784
2748,0,normal,2.0509636402130127,0.41652827625753447,30.26408078708414
2749,0,normal,0.2579154372215271,0.41546231699783864,30.631218612827297
2750,0,normal,1.3175873756408691,0.40216511052932136,37.546749410897746
2751,0,normal,1.2369765043258667,0.4240610451357798,44.51288181518589
2752,0,normal,0.04787467420101166,0.4238625031198967,44.370270455743594
2753,0,normal,0.026255374774336815,0.4355091240915156,44.127946879746105
2754,0,normal,0.08128536492586136,0.42387050623888106,44.24599410275869
2755,0,normal,0.020205743610858917,0.4083219594858323,44.20052178397941
2756,0,normal,0.02228868007659912,0.4160742031739064,44.331877239858386
2757,0,normal,0.02069981023669243,0.41752703658064116,44.497522791505844
2758,0,normal,0.019689925014972687,0.4167003372688375,44.62782628244372
2759,0,normal,0.021804364398121834,0.4049957059462432,44.73547363354214
2760,0,normal,0.018290765583515167,0.4151841657592702,44.81891205256943
2761,0,normal,0.017361603677272797,0.40760198219678606,45.10424513056705
2762,0,normal,0.016845770180225372,0.4211266932831356,45.2918017259492
2763,0,normal,0.01626705378293991,0.3978007113595545,45.63754192302031
2764,0,normal,0.017403166741132736,0.42339103104312364,46.06387609032549
2765,0,normal,0.08683936297893524,0.42404319037358673,46.73381399860773
2766,0,normal,0.01253847498446703,0.39010417740363357,20.295684057133712
2767,0,normal,0.01816728338599205,0.39487610243543453,20.82168583891371
2768,0,normal,0.01851567253470421,0.39150709580699844,21.428301493097933
2769,0,normal,0.017167842015624046,0.39735362453838746,22.477892042204758
2770,0,normal,5.5250115394592285,0.39299674820477637,20.580970069765726
2771,0,normal,2.4775640964508057,0.3845391419959412,26.71415259257219
2772,0,normal,1.600480556488037,0.39675191818746053,25.989771251379352
2773,0,normal,0.7248930335044861,0.4249216785276231,47.643475228652505
2774,0,normal,0.18460439145565033,0.41923042579534414,47.129014551155706
2775,0,normal,0.20137792825698853,0.40199178478498143,46.88268530907976
2776,0,normal,0.8599025011062622,0.4204865472426846,44.87980268543629
2777,0,normal,112.77991485595703,0.45042535454460714,408.51859854144857
2778,0,normal,1.7625055313110352,0.41682359581835476,390.667389649749
2779,0,normal,1.0556474924087524,0.4052000643574231,391.7609914112578
2780,0,normal,0.9982900619506836,0.4125559667447277,387.701461491843
2781,0,normal,3.0834100246429443,0.4242528448250266,398.845353425874
2782,0,normal,3.0181570053100586,0.4456232403645196,407.79332733563194
2783,0,normal,0.08304400742053986,0.44525440533525545,407.85431284776996
2784,0,normal,0.048759885132312775,0.4469427571567726,407.55205204935373
2785,0,normal,0.029330424964427948,0.43376153896717573,407.7437792779807
2786,0,normal,0.02044287882745266,0.4417010771690029,408.1036643091444
2787,0,normal,0.020385393872857094,0.438914971946335,408.1259577273819
2788,0,normal,0.007896610535681248,0.4420468399610045,408.12559235923254
2789,0,normal,0.015844030305743217,0.42621670560709046,408.14658325345374
2790,0,normal,0.01920149475336075,0.4369993665455395,408.22988151064965
2791,0,normal,0.018543289974331856,0.4408991750518033,408.25200755340006
2792,0,normal,0.017447330057621002,0.45616713173450013,408.36915837175934
2793,0,normal,0.08692359179258347,0.42367235915985774,408.62541542554084
2794,0,normal,0.007287902291864157,0.4250893326615277,408.8771684020601
2795,0,normal,0.015637308359146118,0.43745279637317214,408.9771663462352
2796,0,normal,0.02228080853819847,0.42949042782547875,409.3979918921991
2797,0,normal,0.017932407557964325,0.45224539076051273,409.85018720779567
2798,0,normal,0.08589844405651093,0.43808678073420615,410.48191941729067
2799,0,normal,0.013673401437699795,0.433736105932264,411.1201627649805
2800,0,normal,0.018358049914240837,0.4140592911802782,398.39333536431786
2801,0,normal,0.0179473627358675,0.4090844045172964,393.75725543018154
2802,0,normal,0.018196167424321175,0.4140553163687509,392.87086332529066
2803,0,normal,0.08587959408760071,0.3808778455150863,376.14050313810776
2804,0,normal,0.012433371506631374,0.3770462424135514,375.14335415250264
2805,0,normal,0.01976778544485569,0.3750080018356994,373.88537972667496
2806,0,normal,0.016583260148763657,0.39093815846094865,374.3673925917525
2807,0,normal,0.36155328154563904,0.34882755069405097,-6.897792823247073
2808,0,normal,0.011400064453482628,0.3540201377789914,-6.351391028164699
2809,0,normal,0.3557221293449402,0.3493811587025071,-8.54675306924787
2810,0,normal,0.010378895327448845,0.36233411697596013,-11.063654135706884
2811,0,normal,0.014910866506397724,0.3341600896889057,-37.16349552935003
2812,0,normal,0.01681830734014511,0.31344858016458554,-52.86992780875039
2813,0,normal,0.08348202705383301,0.3169470414348375,-52.670871158944465
2814,0,normal,0.010718535631895065,0.3156689966583177,-52.709333775086634
2815,0,normal,0.012569614686071873,0.3169401047598793,-52.72257818148796
2816,0,normal,0.021694744005799294,0.3166566198980355,-52.674799326083985
2817,0,normal,0.015915073454380035,0.3140862165804232,-52.66401591698377
2818,0,normal,0.01735408790409565,0.317263196078017,-52.569518446498705
2819,0,normal,0.01664063334465027,0.31408600373407636,-52.539433799076505
2820,0,normal,0.01601708121597767,0.3168893214262029,-52.57242004117802
2821,0,normal,0.016204766929149628,0.3171126896321195,-52.56780208628902
2822,0,normal,0.013192198239266872,0.3157112587489545,-52.576320742210555
2823,0,normal,0.08766059577465057,0.3156845820456681,-52.63214289579446
2824,0,normal,0.0106981061398983,0.31497781062376523,-52.60534956392621
2825,0,normal,0.020709531381726265,0.31495694717590594,-52.59072824846771
2826,0,normal,0.017720941454172134,0.31593234232057515,-52.60964870251064
2827,0,normal,0.01753813773393631,0.31931153225580095,-52.59307873306034
2828,0,normal,0.01688167080283165,0.3140837764958711,-52.79947454463172
2829,0,normal,0.01665782555937767,0.3173644764141794,-52.792240398217245
2830,0,normal,0.016176750883460045,0.31291690570591574,-52.776226956425035
2831,0,normal,0.017318321391940117,0.315577110156781,-52.74802385030944
2832,0,normal,0.018468087539076805,0.313336586231985,-52.70507985869244
2833,0,normal,0.0181884728372097,0.31587295003298677,-52.89651017675055
2834,0,normal,0.08685027807950974,0.3129586277019915,-52.69377563669559
2835,0,normal,0.012316090986132622,0.31577622600754746,-52.67304017366678
2836,0,normal,0.01858985237777233,0.3128977863233589,-52.6417758902403
2837,0,normal,0.018614113330841064,0.3116699425098561,-53.9431095017876
2838,0,normal,0.3608887791633606,0.3161438467779366,-52.67086701471817
2839,0,normal,0.010814913548529148,0.31163314123062014,-54.01554847145371
2840,0,normal,0.01562957651913166,0.3168735636559314,-54.014600810897946
2841,0,normal,0.3568134009838104,0.3142457227759454,-52.74846003552511
2842,0,normal,0.01198287308216095,0.31496887516435895,-52.73319832564107
2843,0,normal,0.35309839248657227,0.3182192556078504,-51.702002262229826
2844,0,normal,0.014897853136062622,0.31435631944262366,-51.66122309499542
2845,0,normal,0.08013030141592026,0.32008183564490095,-51.45736211255439
2846,0,normal,0.01473054476082325,0.3159707569386256,-51.47107115905442
2847,0,normal,0.019353166222572327,0.316334443782084,-51.42120831065904
2848,0,normal,0.022183019667863846,0.31541342957398844,-51.39574379503529
2849,0,normal,0.019031140953302383,0.31797018236054697,-51.37367059107578
2850,0,normal,0.017940284684300423,0.31694448176982465,-51.355530431955
2851,0,normal,0.0872860923409462,0.3178779823436142,-51.1845418575806
2852,0,normal,0.013013140298426151,0.31789210561495734,-51.1743518283572
2853,0,normal,0.02130213752388954,0.3166895550065879,-51.37718906246164
2854,0,normal,0.016167057678103447,0.3189643114965794,-51.39410740549215
2855,0,normal,0.01526324450969696,0.31882243992254555,-51.41065457064292
2856,0,normal,0.014874104410409927,0.3153997998547909,-51.44063248684756
2857,0,normal,0.015136024914681911,0.3179856501905266,-51.45652551895614
2858,0,normal,0.015912912786006927,0.3203322311383066,-51.455094711325955
2859,0,normal,0.02143883891403675,0.31329159257790806,-51.42758208486066
2860,0,normal,1.4363499879837036,0.32562750720295874,-46.37482128923011
2861,0,normal,0.026411021128296852,0.32135224901115955,-46.482265348370674
2862,0,normal,0.019954755902290344,0.32170039326184535,-46.44914890401333
2863,0,normal,0.02127792499959469,0.32606276583394317,-46.41588890569392
2864,0,normal,0.02104966714978218,0.32072446432989826,-46.62278825535941
2865,0,normal,0.02717520110309124,0.3206859634004543,-46.55595939073373
2866,0,normal,0.02217181585729122,0.31737755595483813,-46.48799425629295
2867,0,normal,0.0943887010216713,0.32326183432109873,-46.27260824793939
2868,0,normal,0.01896980032324791,0.31505976184711826,-47.559285654185715
2869,0,normal,0.013642122969031334,0.3244811156539705,-47.53363856192732
2870,0,normal,0.011930692940950394,0.31835895280783205,-47.52683275641925
2871,0,normal,0.01737464778125286,0.31848417964204107,-48.81619905927073
2872,0,normal,0.3637952506542206,0.3194561726566957,-47.56060245952767
2873,0,normal,0.010552565567195415,0.316375592756507,-48.88641717212363
2874,0,normal,0.3561609089374542,0.3254903510326777,-47.665069564415035
2875,0,normal,5.560238361358643,0.32964152792460805,-25.996580644070946
2876,0,normal,2.42307186126709,0.3395118617192171,-18.061478050032292
2877,0,normal,1.5166478157043457,0.33915170483047896,-18.657635412030913
2878,0,normal,0.8584078550338745,0.3803764652301319,5.379662609152092
2879,0,normal,0.5656388998031616,0.36322115773612323,4.853004283552764
2880,0,normal,0.22693631052970886,0.3719569643647601,6.3332614924818245
2881,0,normal,0.6003363132476807,0.3889926214943354,6.355832388157751
2882,0,normal,0.33711129426956177,0.3786764494503018,8.03570203565505
2883,0,normal,0.21690446138381958,0.39676789551598035,9.542910405161365
2884,0,normal,0.3009960353374481,0.37337609125832893,11.034154680161919
2885,0,normal,1.5488373041152954,0.39324783706768635,12.193337445701218
2886,0,normal,1.6480823755264282,0.4176374247106099,36.59903571011523
2887,0,normal,0.4044680893421173,0.4125206606641738,36.39500288706904
2888,0,normal,2.011845588684082,0.4245805000534065,49.222368923407885
2889,0,normal,0.04364386945962906,0.44188938609006884,49.3139862049502
2890,0,normal,0.024167142808437347,0.4077187351610024,44.15597908293398
2891,0,normal,0.08853265643119812,0.4194101024045574,44.12061185831067
2892,0,normal,0.016209816560149193,0.41179618814245517,44.13646345026996
2893,0,normal,0.01923893205821514,0.423014693207661,44.21672839745838
2894,0,normal,0.018231797963380814,0.4174830607395194,44.36929251218703
2895,0,normal,0.018601004034280777,0.4133060085986039,44.52458511414943
2896,0,normal,0.018320465460419655,0.4198778423108833,44.61006842201323
2897,0,normal,0.01308952085673809,0.40786292705498833,44.59563238912597
2898,0,normal,0.015627777203917503,0.4047923322011316,44.751208693236094
2899,0,normal,0.008722546510398388,0.42874260157948607,45.109381414288464
2900,0,normal,0.015713175758719444,0.4081116361080969,45.42221205257101
2901,0,normal,0.3632173240184784,0.41088094662942065,47.02592012456853
2902,0,normal,0.005587600637227297,0.4177560387336042,46.23461333523028
2903,0,normal,0.3615056574344635,0.41331650301805184,47.89210293564065
2904,0,normal,0.013834892772138119,0.42119995694910944,47.32705878761294
2905,0,normal,0.014482231810688972,0.39592230736128825,27.829725417781447
2906,0,normal,0.010482552461326122,0.3893765701623092,20.366455992671945
2907,0,normal,0.018048128113150597,0.40222564772348474,21.12482998183259
2908,0,normal,0.015891408547759056,0.37768672556692295,-4.733224593389195
2909,0,normal,0.021428950130939484,0.3613170206715373,-3.7354993610774727
2910,0,normal,0.017582476139068604,0.3626664544667518,-5.190311195954564
2911,0,normal,0.015160845592617989,0.3724025320501614,-4.607410451205851
2912,0,normal,0.008787531405687332,0.35582045883431207,-6.42388007459931
2913,0,normal,0.010265029966831207,0.3399228468615888,-8.389221962449255
2914,0,normal,0.015366824343800545,0.3498015292045023,-10.574673098314406
2915,0,normal,0.015511161647737026,0.35780758425365794,-11.618349564257642
2916,0,normal,0.08707449585199356,0.32673532985627834,-39.025055162315766
2917,0,normal,0.010664139874279499,0.3269491233254589,-38.95207781641966
2918,0,normal,0.02162175625562668,0.31611199533438955,-53.17057280140398
2919,0,normal,0.01107250526547432,0.3133984615685012,-53.2112968087099
2920,0,normal,0.016019625589251518,0.31657691086547696,-53.23232032961937
2921,0,normal,0.0861077681183815,0.3156475551538828,-53.29175306820639
2922,0,normal,0.013082819059491158,0.3133762832568845,-53.28403082172008
2923,0,normal,0.018147407099604607,0.31748218049681703,-53.272314947384984
2924,0,normal,0.02197447046637535,0.3126301806595758,-53.22251619895974
2925,0,normal,0.018294386565685272,0.31570173022901177,-53.18237861659418
2926,0,normal,0.017998632043600082,0.31302774053076277,-53.14843603039071
2927,0,normal,7.35140323638916,0.3350002462758401,-23.574978445260513
2928,0,normal,0.18152427673339844,0.3395978115208272,-23.576809829835383
2929,0,normal,2.18331241607666,0.34466450373171453,-22.965414144260876
2930,0,normal,0.5630851984024048,0.36530316762946563,1.264900722574339
2931,0,normal,0.19638901948928833,0.3626292467931585,1.1233153931334527
2932,0,normal,0.43201878666877747,0.37949824989836367,3.7996243108198087
2933,0,normal,0.2168058305978775,0.3877211811372019,4.153904041570513
2934,0,normal,1.2297759056091309,0.3814400452279094,5.267154389732696
2935,0,normal,0.2705228924751282,0.39765317162971336,6.78992842113712
2936,0,normal,0.5603015422821045,0.3799681338796186,8.376074004030443
2937,0,normal,1.5398396253585815,0.39807969710717533,11.05451244447545
2938,0,normal,1.1165452003479004,0.4261391052278587,35.2304485753923
2939,0,normal,0.24693608283996582,0.4220596180323197,35.71620371940048
2940,0,normal,1.2266086339950562,0.42975016784391173,41.10247340000319
2941,0,normal,1.3169798851013184,0.4276972410976657,48.64530987036255
2942,0,normal,0.04429375380277634,0.4291110086396157,48.580006162653035
2943,0,normal,0.03101862221956253,0.4354546776606122,48.32900989766881
2944,0,normal,0.07668577879667282,0.435703199673709,48.38067580061829
2945,0,normal,0.020192697644233704,0.4255873988999131,48.46209408712093
2946,0,normal,0.021552324295043945,0.4243615226519028,48.43041037549324
2947,0,normal,0.020128384232521057,0.4298224590049667,48.54542638072735
2948,0,normal,0.022847585380077362,0.4415572390033421,48.648818042091534
2949,0,normal,0.01818133518099785,0.4310086544949834,48.881739150079966
2950,0,normal,0.08417180925607681,0.41316665198804486,49.1707444174549
2951,0,normal,0.013808179646730423,0.4293914231313629,49.34421263731565
2952,0,normal,0.016902225092053413,0.4237462689709232,49.659255029020414
2953,0,normal,0.013162397779524326,0.4241032005211502,50.15871624131023
2954,0,normal,0.02169574797153473,0.4373103553890287,50.812065180228956
2955,0,normal,0.08546677231788635,0.4304520280095682,51.63446956008647
2956,0,normal,0.012012624181807041,0.4138825090387452,52.5394038956108
2957,0,normal,0.021978709846735,0.40465473335304525,26.292585029668544
2958,0,normal,0.013995777815580368,0.40495306877071,27.13481970067005
2959,0,normal,0.014105026610195637,0.40366860055748466,25.915929509875923
2960,0,normal,0.015731224790215492,0.38097270071551836,0.4947774207605562
2961,0,normal,0.08671627938747406,0.3663740269890091,-0.6682077689306425
2962,0,normal,0.013073813170194626,0.3654198076382806,-3.258029006839024
2963,0,normal,0.01780526153743267,0.3785282754873103,-4.994549000203506
2964,0,normal,0.022146165370941162,0.3606157882285476,-5.20695136542804
2965,0,normal,0.36075595021247864,0.34891184699102407,-5.717229276031048
2966,0,normal,0.09830618649721146,0.3565823978073566,-7.531553882146682
2967,0,normal,0.37181851267814636,0.36568444740324973,-9.715137072538937
2968,0,normal,0.015257580205798149,0.32628515936777913,-36.927521066028476
2969,0,normal,0.015608146786689758,0.3299259407936571,-38.15103475136789
2970,0,normal,0.35144031047821045,0.32829425446137256,-42.52693190716013
2971,0,normal,7.510307312011719,0.3385870751877173,-21.574825287947306
2972,0,normal,0.18016767501831055,0.34840806316953105,-21.595163225357282
2973,0,normal,1.5109522342681885,0.372402711067023,2.29863297659017
2974,0,normal,0.15116170048713684,0.35682510815843427,2.606664840262283
2975,0,normal,0.193735733628273,0.37358372409488044,4.1338034923130635
2976,0,normal,0.19719736278057098,0.38605425647466,5.593883871354592
2977,0,normal,0.19964486360549927,0.38136133725211135,7.019980581164191
2978,0,normal,0.20873130857944489,0.40668037549777797,8.454468759690599
2979,0,normal,0.33070799708366394,0.3998668010106956,9.819234077823012
2980,0,normal,1.1725044250488281,0.38972185132307674,12.25026778267079
2981,0,normal,2.3798904418945312,0.4030735789631886,13.68879304971847
2982,0,normal,0.7832596898078918,0.4425150476766482,37.79394670395277
2983,0,normal,0.3855557441711426,0.4257376886383412,40.1523832251612
2984,0,normal,0.40410205721855164,0.4368405480807719,40.7386081921527
2985,0,normal,1.900014877319336,0.44991804393662044,53.26849155639093
2986,0,normal,0.0408150739967823,0.4357503582744602,53.34885153929349
2987,0,normal,0.03736802190542221,0.46621427181379294,52.979288474888335
2988,0,normal,0.026358922943472862,0.4346135277832592,52.76391782098813
2989,0,normal,0.029724039137363434,0.440995166010022,52.927344811965895
2990,0,normal,0.08305782079696655,0.4239846900821141,53.29528273889514
2991,0,normal,0.015194988809525967,0.44851221721467444,53.20017486318261
2992,0,normal,0.005318626761436462,0.4389229417879477,53.30367362772881
2993,0,normal,0.35854780673980713,0.4318520250406119,54.65148296044322
2994,0,normal,0.013458826579153538,0.4341112127352259,55.02289416665212
2995,0,normal,0.08053372800350189,0.4371292405497805,54.300592129689676
2996,0,normal,0.36978065967559814,0.4409362253063853,55.66430088868697
2997,0,normal,0.010455294512212276,0.4316862902184788,54.99133272976678
2998,0,normal,0.012670779600739479,0.44861062844323074,55.559042703400564
2999,0,normal,0.01136881485581398,0.4266692619630478,56.385008456295054
3000,0,normal,0.015157883055508137,0.44209741678087494,55.87215455728756
3001,0,normal,0.014473204500973225,0.41152513686470726,29.677951180525724
3002,0,normal,0.00465351901948452,0.40877130888167146,30.551727114519736
3003,0,normal,0.013267207890748978,0.40263401375745916,5.497653552439033
3004,0,normal,0.013707618229091167,0.3837011093270513,4.271179188038104
3005,0,normal,0.010886250995099545,0.3791442246480722,2.822446225509111
3006,0,normal,0.014870728366076946,0.3809026358769114,1.6655807514230219
3007,0,normal,0.016861742362380028,0.38566665856490284,0.43959928972753914
3008,0,normal,0.08739083260297775,0.3652287175031005,-0.621056378117828
3009,0,normal,0.016106171533465385,0.362454876749164,-2.1631803051827774
3010,0,normal,0.015604691579937935,0.35668538365335334,-5.272014067805912
3011,0,normal,0.014498177915811539,0.36087390989531737,-7.206092925212033
3012,0,normal,0.015463754534721375,0.33206136728162094,-34.17896782232992
3013,0,normal,0.013515138998627663,0.33195314264512116,-37.8927516570875
3014,0,normal,0.02145758830010891,0.3273548847352951,-38.84022443998583
3015,0,normal,0.08632156252861023,0.31848120914442807,-52.91466057509638
3016,0,normal,0.012182279489934444,0.31680338419120296,-52.910095065043606
3017,0,normal,0.016738390550017357,0.31550466275400074,-52.847516619164935
3018,0,normal,0.018893888220191002,0.31545751880789347,-52.77348073176995
3019,0,normal,0.021889623254537582,0.31838219508426424,-52.72434550458206
3020,0,normal,0.08575976639986038,0.31503865525638297,-52.73867100085704
3021,0,normal,0.013450192287564278,0.31440019453929896,-52.69735497066927
3022,0,normal,7.299509048461914,0.33387653489246477,-23.266805817186196
3023,0,normal,0.17831021547317505,0.33861087075923463,-24.5710856126791
3024,0,normal,2.480499744415283,0.3327327867853542,-25.537015093554373
3025,0,normal,0.855907142162323,0.3658650515339018,-0.23137313613392507
3026,0,normal,0.1856740117073059,0.35892038625420675,-0.2181044034905426
3027,0,normal,1.1211273670196533,0.37130781146076663,0.9291227198689285
3028,0,normal,0.21343114972114563,0.3793204271057721,2.4750502474596487
3029,0,normal,0.8423258066177368,0.3729160004980353,2.5234380688668807
3030,0,normal,0.4804593622684479,0.38441492032212526,5.269596357275304
3031,0,normal,0.8636078238487244,0.3713935652930442,5.305726513392983
3032,0,normal,0.6743345260620117,0.39070862331240463,6.920926698855965
3033,0,normal,1.570642113685608,0.3831768687632939,8.424526782403973
3034,0,normal,1.1200628280639648,0.41531095907840987,32.66862131561811
3035,0,normal,0.2102155089378357,0.4094584187161183,33.92067723264404
3036,0,normal,0.40335142612457275,0.4148867989036127,34.51636295809135
3037,0,normal,1.9223523139953613,0.42688059382081,47.34645125767952
3038,0,normal,0.08856601268053055,0.4346983531882587,47.25357359454529
3039,0,normal,0.027647189795970917,0.44035712114120046,46.88531950131119
3040,0,normal,0.025264807045459747,0.4263214606491885,46.67904398274095
3041,0,normal,0.027041465044021606,0.4312391537812029,46.88698341013219
3042,0,normal,0.01974320225417614,0.41521320161092795,47.01600140114215
3043,0,normal,0.018037645146250725,0.45329553933027006,47.15403341804563
3044,0,normal,0.018490560352802277,0.41035929156159495,47.3301502298109
3045,0,normal,0.01911703683435917,0.4301242790434523,47.266017421908145
3046,0,normal,0.01886427402496338,0.42646649014496246,47.63455112686461
3047,0,normal,0.02156621217727661,0.4080005617661224,47.939725915169674
3048,0,normal,0.018071213737130165,0.4216322033267807,48.34002122421862
3049,0,normal,0.017796706408262253,0.4102354973807718,48.82134733533803
3050,0,normal,0.08633658289909363,0.4330199624809728,49.25132021127274
3051,0,normal,0.009988812729716301,0.4014807709957661,49.93806944139055
3052,0,normal,0.016895437613129616,0.406078514773146,23.45222912408508
3053,0,normal,0.018099630251526833,0.395912783216756,23.97017129209985
3054,0,normal,0.018987450748682022,0.406553367740125,24.63548229640469
3055,0,normal,0.022008277475833893,0.37518212731706807,-2.1956815988305607
3056,0,normal,0.018726177513599396,0.37765841987749876,-4.058726040275815
3057,0,normal,0.017368802800774574,0.3710489877489232,-4.463152837610323
3058,0,normal,0.0143593056127429,0.3679383905609027,-5.9112570879506166
3059,0,normal,0.013974364846944809,0.3716533518643891,-4.896160637112189
3060,0,normal,0.3647831678390503,0.35168015157954524,-6.412060231963778
3061,0,normal,0.014077345840632915,0.35424728649868725,-5.608876691682781
3062,0,normal,0.3555963337421417,0.35342118387451815,-6.226719508353881
3063,0,normal,0.01011286024004221,0.3645522770984843,-8.19897769262775
3064,0,normal,0.01625191420316696,0.3372221440378303,-35.18884714118576
3065,0,normal,0.08193648606538773,0.3285162460839645,-37.386385253006665
3066,0,normal,0.011667893268167973,0.3247568503012385,-38.36648985890179
3067,0,normal,0.02198421023786068,0.31699806922270957,-52.603850504209504
3068,0,normal,7.293378829956055,0.3322019597164501,-23.506970681183248
3069,0,normal,0.17452552914619446,0.3425000388997973,-23.53459692933734
3070,0,normal,2.469607353210449,0.33503940975913155,-24.542755669398957
3071,0,normal,0.6707829236984253,0.36435771480807205,-0.24995309872451799
3072,0,normal,0.16617996990680695,0.3576966922110065,0.8924247943016326
3073,0,normal,0.4263592064380646,0.37721189025756957,3.5009810021472276
3074,0,normal,0.9118190407752991,0.3807818079882932,3.6613665349175335
3075,0,normal,0.22764253616333008,0.37575557447258257,5.296176968015743
3076,0,normal,0.4472454786300659,0.39370230168525666,7.944692784990366
3077,0,normal,0.4085727035999298,0.38143272893214886,9.351170672430726
3078,0,normal,1.3084872961044312,0.40775885986586435,11.971464333081485
3079,0,normal,1.17830491065979,0.4202540894350553,36.243901335268674
3080,0,normal,0.15581069886684418,0.431585744439551,37.176983100680445
3081,0,normal,2.0914793014526367,0.4394017653187392,49.91774633109799
3082,0,normal,0.04997872933745384,0.43505417056434803,50.02564993753049
3083,0,normal,0.0324445404112339,0.42654571674939185,49.7101587560046
3084,0,normal,0.08875805884599686,0.4431742261881284,49.69307065205817
3085,0,normal,0.01628841459751129,0.4236079695389907,49.75334468940741
3086,0,normal,0.017029697075486183,0.43107433546215346,49.86920155589564
3087,0,normal,0.016487780958414078,0.42462159880908384,50.05580067826327
3088,0,normal,0.0222136452794075,0.43159275168161415,50.24654465226263
3089,0,normal,0.3597179353237152,0.4479383313787839,51.47388636782762
3090,0,normal,0.011887360364198685,0.43447632146717474,50.45424287093488
3091,0,normal,0.3551619052886963,0.41747626617396577,51.66485859695126
3092,0,normal,0.011538524180650711,0.43263390435704296,50.758763641133555
3093,0,normal,0.022704042494297028,0.4213572849384236,51.04751391456193
3094,0,normal,0.005550930742174387,0.42650329355807665,51.412490263321615
3095,0,normal,0.017454007640480995,0.43397196091230733,51.706196974198974
3096,0,normal,0.01744285225868225,0.4327154566497393,52.23759370976927
3097,0,normal,0.01750502735376358,0.4256115169453994,52.95671158520918
3098,0,normal,0.017494777217507362,0.40376373363091195,26.780137990890125
3099,0,normal,0.017747726291418076,0.3981350121725362,27.52142441396836
3100,0,normal,0.01419717725366354,0.41019896183778337,28.680327156508156
3101,0,normal,0.01871611922979355,0.3826466410493543,3.3544448804009335
3102,0,normal,0.0870913565158844,0.3836438175087825,2.24021820583539
3103,0,normal,0.012357180938124657,0.36711400308419284,-0.2913995540814085
3104,0,normal,0.019218862056732178,0.38354829933696927,0.5701886163385552
3105,0,normal,0.01764797419309616,0.36384765566504584,-0.9294291695211996
3106,0,normal,0.018163714557886124,0.3522499866472612,-3.839775844432097
3107,0,normal,0.01668732240796089,0.35306203890335447,-5.67513510869162
3108,0,normal,0.02106398157775402,0.3601650010948248,-8.973180441442992
3109,0,normal,0.08642364293336868,0.3334504477893433,-36.15061311270733
3110,0,normal,0.013469699770212173,0.32647894160228524,-38.51159173798237
3111,0,normal,0.017705103382468224,0.31819409357233747,-52.70020980149275
3112,0,normal,0.01824513077735901,0.3125444058245086,-52.6559012206842
3113,0,normal,0.02166268229484558,0.31609949618178473,-52.619002289922946
3114,0,normal,0.0857829749584198,0.31334867815282136,-52.641046074992346
3115,0,normal,0.013893872499465942,0.31650212130459005,-52.61521964169606
3116,0,normal,0.01694411225616932,0.31243919063029085,-52.59143596665649
3117,0,normal,0.36069872975349426,0.3191062081960147,-51.301130344672174
3118,0,normal,0.009136268869042397,0.314970531431405,-51.31245120976246
3119,0,normal,0.01844533160328865,0.3175788012017127,-52.620688739024445
3120,0,normal,0.35599368810653687,0.315495144581634,-51.37412282242235
3121,0,normal,0.012175178155303001,0.3154699872768084,-52.71049347047165
3122,0,normal,0.35320693254470825,0.32052382814027636,-51.46944792149111
3123,0,normal,0.012209952808916569,0.3152908391634984,-51.4707998525048
3124,0,normal,0.014550100080668926,0.3197846317045317,-51.416119324075225
3125,0,normal,0.08224664628505707,0.31449358847619374,-51.24687997162391
3126,0,normal,0.014688093215227127,0.31835643449226014,-51.20380978711614
3127,0,normal,0.02071807160973549,0.3173193527347943,-51.19721157613526
3128,0,normal,7.29718542098999,0.3354202293554573,-21.895031036641058
3129,0,normal,0.1737457811832428,0.34700690174546855,-21.89835896068189
3130,0,normal,2.155397891998291,0.34420984389281684,-21.35379636714174
3131,0,normal,1.3253092765808105,0.3716636503166291,1.5004399220433697
3132,0,normal,0.1655063033103943,0.36269455551136315,2.607229022386946
3133,0,normal,0.8282635807991028,0.380934890787762,2.558184899236039
3134,0,normal,0.2251596748828888,0.37760577023646524,4.121558193226292
3135,0,normal,0.7216179966926575,0.3756864739954563,4.122764019152555
3136,0,normal,0.5091960430145264,0.3881770296851678,6.822021190439273
3137,0,normal,5.061975479125977,0.4144460092882235,31.31870302756579
3138,0,normal,0.45695817470550537,0.4170669998461983,33.658089313752726
3139,0,normal,0.4094829857349396,0.406402031209692,33.98291176179009
3140,0,normal,0.584818959236145,0.4252736095799964,34.06701307833532
3141,0,normal,2.192007303237915,0.41557596170064154,46.94782922047625
3142,0,normal,0.040277525782585144,0.43243161123926427,47.063251458273726
3143,0,normal,0.031558558344841,0.42331488680642454,46.75205866316833
3144,0,normal,0.08877655863761902,0.41571333232071833,46.46532589674371
3145,0,normal,0.017727872356772423,0.40911022182765594,46.516478411449725
3146,0,normal,0.028275378048419952,0.42400091511792043,46.67923185983
3147,0,normal,0.022922156378626823,0.42075275598355316,45.636055828998224
3148,0,normal,0.020561734214425087,0.4091212425904255,45.760098252508215
3149,0,normal,0.08678741008043289,0.43544843821650253,45.96596825993424
3150,0,normal,0.015172231942415237,0.40423097055954277,44.915790174349695
3151,0,normal,0.019357888028025627,0.40845588524205406,45.03314077565801
3152,0,normal,0.01642179861664772,0.4250591247906258,44.14234295466713
3153,0,normal,0.02208212949335575,0.3932458536948088,44.46778680955504
3154,0,normal,0.3599007725715637,0.4063085635477009,46.02378571524082
3155,0,normal,0.09780816733837128,0.4036691156039619,46.42229442312782
3156,0,normal,0.3715887665748596,0.43809540669955244,48.01892334450167
3157,0,normal,0.012481681071221828,0.3997360701160303,48.71518447567814
3158,0,normal,0.024016626179218292,0.40614463491094804,22.52529533022971
3159,0,normal,0.35107627511024475,0.3901419826477656,24.395282332898432
3160,0,normal,0.015323113650083542,0.3945592956771708,22.93364854724905
3161,0,normal,0.015718108043074608,0.38285145736945764,-0.4731955573547566
3162,0,normal,0.021852709352970123,0.3834145832484857,-2.233052655001302
3163,0,normal,0.013560179620981216,0.3624417885005838,-1.1560908373380698
3164,0,normal,0.013516446575522423,0.3576360454795688,-2.910971549064925
3165,0,normal,0.08769770711660385,0.359249584888691,-2.128342002959016
3166,0,normal,0.010623367503285408,0.36678547044935983,-5.350776249116734
3167,0,normal,0.010130679234862328,0.34251838641265875,-32.54374594227306
3168,0,normal,0.010247471742331982,0.32899391759854635,-36.23319186495178
3169,0,normal,0.014672539196908474,0.3311039683036047,-37.22416307601134
3170,0,normal,0.01579693891108036,0.3311111588496076,-37.224723213134666
3171,0,normal,0.008167842403054237,0.3187989278863523,-51.48775277767868
3172,0,normal,0.019780106842517853,0.31710482002135404,-51.557368405659645
3173,0,normal,0.007752902805805206,0.3176715382397011,-51.67368820541719
3174,0,normal,0.01877976581454277,0.31888456839977625,-51.8677192808932
3175,0,normal,0.004662566352635622,0.3143245911025969,-51.92427000475027
3176,0,normal,7.296722412109375,0.3378926477415755,-22.6421661945883
3177,0,normal,0.18113552033901215,0.34154926228599347,-22.600911774014094
3178,0,normal,1.6363158226013184,0.35897282006580894,-12.14999209678831
3179,0,normal,1.2524551153182983,0.37616918126088306,10.125821108157652
3180,0,normal,0.1347229927778244,0.3770672445805447,11.350846679374172
3181,0,normal,0.1668529510498047,0.38068608488454453,12.818464843879383
3182,0,normal,1.010541558265686,0.383622368928079,14.072698476449887
3183,0,normal,0.1972348392009735,0.39238102683778836,15.568374520328689
3184,0,normal,0.19150303304195404,0.414646704631139,16.000437928396195
3185,0,normal,0.4847662150859833,0.3873849845253028,18.444985842016877
3186,0,normal,0.7939850091934204,0.41059726791182277,18.61070047232579
3187,0,normal,2.7661705017089844,0.40215224475975664,19.8144509980184
3188,0,normal,0.9759953618049622,0.43292413873028496,44.00525512557829
3189,0,normal,0.17423371970653534,0.4321547863068346,44.20726729489502
3190,0,normal,2.0898537635803223,0.44248191025352873,56.77672561933355
3191,0,normal,0.031901150941848755,0.4456833123514167,56.80920186636581
3192,0,normal,0.1026243269443512,0.43175308569275794,56.54869936757086
3193,0,normal,0.02349647507071495,0.4541881716408098,56.39629012440423
3194,0,normal,0.02036232501268387,0.4299551308050394,56.525683796473686
3195,0,normal,0.016232063993811607,0.43652671632682166,56.46963830756522
3196,0,normal,0.018269380554556847,0.4414688057250586,56.592236179592874
3197,0,normal,0.015112574212253094,0.45393408375104355,56.73562800449872
3198,0,normal,0.0188450887799263,0.42827140958026017,56.92789014017694
3199,0,normal,0.014836758375167847,0.42664306702990623,57.176882786030774
3200,0,normal,0.014363800175487995,0.46440367778068203,57.55753456848288
3201,0,normal,0.010784480720758438,0.42288056869062624,57.92895888488533
3202,0,normal,0.01147816888988018,0.4331177542350056,58.41491859412963
3203,0,normal,0.01954718679189682,0.4330240800636387,59.05990654309721
3204,0,normal,0.01767546683549881,0.4529535126926227,59.694598906525925
3205,0,normal,0.01576928049325943,0.42523709141678334,60.52784633023998
3206,0,normal,0.014537708833813667,0.41821221787422197,34.472259506490445
3207,0,normal,0.015698060393333435,0.4167491637580338,35.103988218874974
3208,0,normal,0.02114715240895748,0.4072263942505062,23.6737936135346
3209,0,normal,0.01671598106622696,0.3796638346857654,0.540706507385039
3210,0,normal,0.016388336196541786,0.377047648480844,-0.9487822305482041
3211,0,normal,0.017527299001812935,0.37415623438793105,-2.3037235986614633
3212,0,normal,0.015951579436659813,0.36584099638243517,-2.409775116886294
3213,0,normal,0.013934481889009476,0.37338514015841634,-3.869771353449096
3214,0,normal,0.3641696274280548,0.3578114930903137,-4.311278396184662
3215,0,normal,0.008861342445015907,0.3447167814575196,-7.395761651802786
3216,0,normal,0.35639962553977966,0.35088008741913923,-8.186626006971665
3217,0,normal,0.009997796267271042,0.36413408112315526,-9.087949744756543
3218,0,normal,0.017199523746967316,0.33809157221310354,-36.42058066261757
3219,0,normal,0.02305782027542591,0.325363565414745,-39.04732734326899
3220,0,normal,0.016394583508372307,0.3137991997556325,-53.20970733815716
3221,0,normal,0.013561328873038292,0.3157765594500606,-53.166111826538554
3222,0,normal,0.01566324383020401,0.31245471998511715,-53.40070455432124
3223,0,normal,0.019659221172332764,0.3126029600677395,-53.400015465990464
3224,0,normal,0.017437567934393883,0.31154904956329316,-53.403339198820504
3225,0,normal,0.017637627199292183,0.3131666819266306,-53.37973614692146
3226,0,normal,7.3497772216796875,0.3311746630130971,-23.849163685930762
3227,0,normal,0.1815536618232727,0.34323668678132363,-23.878311147735985
3228,0,normal,1.5434768199920654,0.37217255039976266,0.07592982827850392
3229,0,normal,0.349531888961792,0.3574980847625881,1.793263178419238
3230,0,normal,0.18228256702423096,0.37233970221455853,3.153684672583495
3231,0,normal,0.8449505567550659,0.3806866140160829,3.3254474264374494
3232,0,normal,0.4737274944782257,0.37254656008275155,6.004964870626054
3233,0,normal,0.19399118423461914,0.4013477034901926,7.491899607939331
3234,0,normal,0.5195037126541138,0.38793865688911494,10.113347971069743
3235,0,normal,0.9268083572387695,0.3867718802714686,11.591660148534856
3236,0,normal,2.1269006729125977,0.4033262957400278,13.070240890500827
3237,0,normal,0.8431794047355652,0.43463479986681963,37.19843122227189
3238,0,normal,0.25425630807876587,0.41672065749545784,37.71347143862431
3239,0,normal,0.6520372629165649,0.4331342124216226,37.79798496609419
3240,0,normal,1.9048036336898804,0.44161011684485957,50.60158276696984
3241,0,normal,0.044321950525045395,0.4291735382161691,50.70401782647673
3242,0,normal,0.02507222630083561,0.4468925879739803,50.37350996744385
3243,0,normal,0.08595255017280579,0.4289073340076274,50.336345690122016
3244,0,normal,0.013989478349685669,0.43212925193295004,49.19936915256699
3245,0,normal,0.015769705176353455,0.42737892728141413,49.33518935488519
3246,0,normal,0.3556213080883026,0.4381080071062233,49.32401440837407
3247,0,normal,0.015115250833332539,0.4297102096392636,49.468162716187635
3248,0,normal,0.019465243443846703,0.4172861669585863,49.660602535988346
3249,0,normal,0.3531719446182251,0.42640471763314386,51.12639071143303
3250,0,normal,0.012332766316831112,0.4270399595680604,51.404939566668645
3251,0,normal,0.3516426980495453,0.43677080324271267,52.965351796046434
3252,0,normal,0.01600516401231289,0.4281560882701377,53.520728567556944
3253,0,normal,0.016800498589873314,0.4429415198982635,54.08279804419203
3254,0,normal,0.022835779935121536,0.4291420247350373,54.87127259397607
3255,0,normal,0.013283664360642433,0.43788870366715293,55.53857853333534
3256,0,normal,0.011683979071676731,0.41183749900784744,29.215881132758113
3257,0,normal,0.00781141547486186,0.4133557280148397,29.994921554677376
3258,0,normal,0.012202371843159199,0.38812392491379505,4.786664336529611
3259,0,normal,0.08763879537582397,0.3788648642348415,2.2714707088305204
3260,0,normal,0.013918127864599228,0.3778990129739212,0.8866958629812416
3261,0,normal,0.013647663407027721,0.3765245727771837,1.8541460152671334
3262,0,normal,0.01611063815653324,0.3813721102999746,-0.771351626010528
3263,0,normal,0.02168785221874714,0.36901857408417904,-2.107919594890973
3264,0,normal,0.01962209679186344,0.3588924612249115,-5.139720484768759
3265,0,normal,0.012813283130526543,0.35310238815628,-7.1241348759333505
3266,0,normal,0.010525833815336227,0.3632581622586096,-9.237492814263078
3267,0,normal,0.014239228330552578,0.3270104634933331,-36.41513159642841
3268,0,normal,0.008619733154773712,0.32737281159115267,-37.71766982969666
3269,0,normal,0.09029006212949753,0.32813858070044827,-37.4712216053199
3270,0,normal,0.013833952136337757,0.31570445701194727,-51.678430223358646
3271,0,normal,0.020618248730897903,0.3192136526553849,-51.62397390075648
3272,0,normal,0.0203920416533947,0.31856329854233284,-51.56966694439302
3273,0,normal,0.0850168988108635,0.31804753938232394,-51.59015887477199
3274,0,normal,0.01153727900236845,0.3145747047121044,-51.54248633468774
3275,0,normal,0.012388871982693672,0.31735882899555307,-51.520097891612295
3276,0,normal,0.016667557880282402,0.3125942533055893,-52.85012704550081
3277,0,normal,0.021173927932977676,0.31700824182796955,-52.81321160855032
3278,0,normal,0.3616507947444916,0.31520789166997903,-51.54912990152252
3279,0,normal,0.010996083728969097,0.3142652621309289,-52.868726510835586
3280,0,normal,0.356406569480896,0.3198555717001139,-51.613843664021715
3281,0,normal,0.006764655001461506,0.315851429135757,-52.99540969050395
3282,0,normal,0.023189162835478783,0.31897555457569243,-52.9718948173238
3283,0,normal,0.08150290697813034,0.3152026228086048,-52.76779360080741
3284,0,normal,0.012608759105205536,0.31499632321937093,-52.7707253440301
3285,0,normal,0.01674429327249527,0.31691121306696945,-52.74700518932855
3286,0,normal,0.014571958221495152,0.3165160457454044,-52.743515604843424
3287,0,normal,0.015840640291571617,0.3169011983480374,-52.687794085303494
3288,0,normal,0.008123519830405712,0.3147379463817441,-52.714635720713204
3289,0,normal,0.016341662034392357,0.31541714145049426,-52.93447156885327
3290,0,normal,0.017876410856842995,0.3146261748853017,-52.92617589113797
3291,0,normal,0.016600852832198143,0.31699930688382094,-52.93801221898843
3292,0,normal,0.02152353525161743,0.3162020676912058,-52.89320794600917
3293,0,normal,0.014493044465780258,0.3164849651994735,-52.92044578813761
3294,0,normal,0.015308808535337448,0.3151729193219199,-52.93406957785578
3295,0,normal,0.013867225497961044,0.3155915416547621,-52.91217259716336
3296,0,normal,0.08738139271736145,0.3141508704363934,-52.71726963795709
3297,0,normal,0.014000107534229755,0.31422728735674743,-52.68780717418872
3298,0,normal,0.015275552868843079,0.3174994103686666,-52.61995355053227
3299,0,normal,0.013397992588579655,0.3125577104713026,-52.85887438361806
3300,0,normal,0.02097374014556408,0.3195446583487937,-52.82755159326098
3301,0,normal,0.01519102230668068,0.3145500248144427,-52.81589307083095
3302,0,normal,0.015422835946083069,0.3174578870105638,-52.8062048032848
3303,0,normal,0.015596030279994011,0.3131771615783193,-53.01601385857339
3304,0,normal,0.01724022440612316,0.3149567603762854,-52.96982035959422
3305,0,normal,0.3636481463909149,0.31349076926418595,-51.6736032219103
3306,0,normal,0.011194036342203617,0.31635960058877133,-51.635531942784155
3307,0,normal,0.016067802906036377,0.3162930451717245,-51.63570135438272
3308,0,normal,0.3570612668991089,0.3151463285705536,-51.69704408448638
3309,0,normal,0.008012931793928146,0.316241997068687,-51.705326085297656
3310,0,normal,0.3538777232170105,0.3181740181970558,-51.79395574765158
3311,0,normal,0.015238006599247456,0.31512573011726863,-51.72769685775006
3312,0,normal,0.07995069026947021,0.3217834331594249,-51.56418394135494
3313,0,normal,0.01081029698252678,0.315718679719271,-51.81898599687088
3314,0,normal,0.012957338243722916,0.3159725733181895,-51.81221237353475
3315,0,normal,0.013847716152668,0.31625903733206606,-51.83486752522185
3316,0,normal,0.02151475101709366,0.3190580896659582,-51.79412822729614
3317,0,normal,0.01607733778655529,0.3164062336078865,-51.7749616161077
3318,0,normal,0.016607746481895447,0.3160572906160958,-51.74773972786761
3319,0,normal,0.02001051791012287,0.3155912795483958,-51.725271966649416
3320,0,normal,0.012407764792442322,0.31535263512691797,-51.74002988227494
3321,0,normal,0.016719350591301918,0.3187722687943657,-51.753884789758786
3322,0,normal,7.281521320343018,0.3331872295832965,-22.450459586401394
3323,0,normal,0.4880278408527374,0.3436973065997092,-21.269201478986815
3324,0,normal,2.3143017292022705,0.3459422552017323,-20.741589078333618
3325,0,normal,0.5341176986694336,0.38017266524636056,3.4256947222788767
3326,0,normal,0.3930124044418335,0.3654036665221985,5.477618619785517
3327,0,normal,0.21755492687225342,0.3871981273058032,6.877389798621834
3328,0,normal,0.45013412833213806,0.3955969456102889,9.537249014181498
3329,0,normal,0.2613638639450073,0.3974228095437185,11.165604334675436
3330,0,normal,0.40046632289886475,0.4161501127751683,12.61671628119143
3331,0,normal,0.7703220248222351,0.3899577767016747,14.09881842246682
3332,0,normal,1.7338134050369263,0.4058833921029082,15.629646945928016
3333,0,normal,1.0138779878616333,0.43023581859268273,39.76126697597692
3334,0,normal,0.19909170269966125,0.44115159896184164,41.029212006953685
3335,0,normal,0.4265764057636261,0.4234494496132819,40.59185242484432
3336,0,normal,1.8880282640457153,0.4488380476611793,53.3669818246708
3337,0,normal,0.04470725357532501,0.4319926483560574,53.450659455404775
3338,0,normal,0.03692410886287689,0.4449782598111045,51.94391729267818
3339,0,normal,0.030281580984592438,0.42828193590844094,51.731404937019306
3340,0,normal,0.024440787732601166,0.43450451786022154,50.61038179730326
3341,0,normal,0.35387909412384033,0.4317815794276942,51.89763174948371
3342,0,normal,0.012443981133401394,0.43823350598761046,51.768546196646184
3343,0,normal,0.023111240938305855,0.44860955194594415,51.90747681402195
3344,0,normal,0.35079026222229004,0.4295575634876028,53.24822609181456
3345,0,normal,0.012402456253767014,0.42652582289756596,53.41081938226989
3346,0,normal,0.019313253462314606,0.4355969484674033,53.79108352416665
3347,0,normal,0.015698760747909546,0.43207172900924334,54.14128466577745
3348,0,normal,0.01727280765771866,0.43637171535806063,54.658911157821194
3349,0,normal,0.02129598706960678,0.4381066495045872,55.348122835504455
3350,0,normal,0.015171010978519917,0.42897206588669295,56.07822528598376
3351,0,normal,0.01418723538517952,0.43073712207808723,57.02541690542671
3352,0,normal,0.020866258069872856,0.4167420291086191,31.17342257257519
3353,0,normal,0.01378608588129282,0.40414812218119545,30.846577254864542
3354,0,normal,0.0044544292613863945,0.4138501452649308,29.63647348763857
3355,0,normal,0.01252036914229393,0.3835971384588495,4.483095278420933
3356,0,normal,0.02097220905125141,0.38102065010136704,2.0428171570142695
3357,0,normal,0.009662766009569168,0.3736012352847856,0.8261978660866589
3358,0,normal,0.01151434425264597,0.38065483395768657,-1.7173263295910601
3359,0,normal,0.01433444395661354,0.3580466695811984,-3.210061037694686
3360,0,normal,0.015866590663790703,0.3508776115830635,-4.838033078390481
3361,0,normal,0.018131285905838013,0.35605325032204904,-6.623666553266048
3362,0,normal,0.021141445264220238,0.3588684079771748,-8.549419247634205
3363,0,normal,0.08659520745277405,0.3298039966523364,-35.37754269400216
3364,0,normal,0.012953292578458786,0.3317930101390698,-37.74442069800534
3365,0,normal,0.017783092334866524,0.3256538345399449,-38.92095474174653
3366,0,normal,0.01839509606361389,0.314845185484219,-53.15988324094337
3367,0,normal,0.01813475601375103,0.3158319007276795,-53.148548246815835
3368,0,normal,0.018287837505340576,0.31118629921645086,-53.126358519313726
3369,0,normal,0.019609523937106133,0.31531906108028296,-53.07583847961723
3370,0,normal,0.3630785346031189,0.31686484423430583,-51.82408104144088
3371,0,normal,0.011298404075205326,0.31241593738664925,-53.17050634213024
3372,0,normal,0.02172914147377014,0.3180944070660128,-53.11338068914165
3373,0,normal,0.3562551736831665,0.3137225711777726,-51.87804698120999
3374,0,normal,0.00719060655683279,0.3136374050271558,-53.24762300942825
3375,0,normal,0.3543447256088257,0.3193763460719363,-51.99996685582255
3376,0,normal,0.09374647587537766,0.31507092096055905,-51.841436765685785
3377,0,normal,0.01848693937063217,0.32128209980493716,-51.80518790579367
3378,0,normal,0.01654241234064102,0.3167176481068475,-51.84820881376322
3379,0,normal,0.004583260044455528,0.31601080624558575,-51.90564198452603
3380,0,normal,0.0845421776175499,0.3182087918364841,-51.713774890970626
3381,0,normal,0.015016264282166958,0.318588388449168,-51.70036250554881
3382,0,normal,0.0223590936511755,0.3197569355905511,-51.67363623996198
3383,0,normal,0.022165782749652863,0.3181460041848627,-51.649156023447404
3384,0,normal,0.01814953424036503,0.31792673952465345,-51.55941712314052
3385,0,normal,0.0166793130338192,0.31672954866985314,-51.52009025072971
3386,0,normal,0.017171641811728477,0.3173137071581322,-51.561792254120974
3387,0,normal,0.02130609005689621,0.31772898854317333,-51.47804779783519
3388,0,normal,0.018463656306266785,0.31675068726976846,-51.46389412845747
3389,0,normal,0.08764778822660446,0.31858732952043056,-51.29312477109556
3390,0,normal,0.016343574970960617,0.3210525689887299,-51.263834349342915
3391,0,normal,0.014410780742764473,0.31712010468397617,-51.27672456719438
3392,0,normal,0.021613750606775284,0.3212578998590054,-51.27719890087542
3393,0,normal,0.010192330926656723,0.3210705791256137,-51.54358867479118
3394,0,normal,0.01685931533575058,0.3181159301343476,-51.5223000411529
3395,0,normal,0.011764810420572758,0.32097895127381443,-51.5279521570194
3396,0,normal,0.021395575255155563,0.31780749569910716,-51.478182032617724
3397,0,normal,0.010578682646155357,0.31683714543264135,-51.48932571670866
3398,0,normal,0.3651249408721924,0.315770783259069,-50.19689319656618
3399,0,normal,0.09866763651371002,0.3196682019831065,-49.99244367338929
3400,0,normal,0.3716832101345062,0.3212936653160579,-50.06031971178095
3401,0,normal,0.01166077982634306,0.3206394382315733,-50.01391826643612
3402,0,normal,0.02082064561545849,0.3196678354456868,-49.98488074916963
3403,0,normal,0.35016900300979614,0.3191551845737656,-50.02912193807106
3404,0,normal,0.01221333909779787,0.31953563963176485,-49.94425852674294
3405,0,normal,0.0808209478855133,0.3227470562783469,-51.09203697113389
3406,0,normal,0.01412227749824524,0.3165755425630629,-51.31578365149858
3407,0,normal,0.018318217247724533,0.3196302133409344,-51.31542335820541
3408,0,normal,0.018360894173383713,0.31554179298217544,-51.270610197226006
3409,0,normal,0.08572034537792206,0.32071655613009636,-51.012378076647565
3410,0,normal,0.008905719965696335,0.3178769214266556,-51.27748781561354
3411,0,normal,0.015348482877016068,0.3197847703459889,-51.31680388649329
3412,0,normal,0.01713971048593521,0.31697147622445776,-51.333307822612824
3413,0,normal,0.02131987363100052,0.31602416811908984,-51.329169975101195
3414,0,normal,0.015306894667446613,0.3180772734187001,-51.33711798545323
3415,0,normal,0.08754507452249527,0.31975594677083313,-51.14695695988053
3416,0,normal,1.4705548286437988,0.3220203309457732,-45.412093934349514
3417,0,normal,5.666881084442139,0.3358517524791274,-21.910908516828158
3418,0,normal,0.2588299512863159,0.3466345516396882,-22.160794211387838
3419,0,normal,1.6146411895751953,0.3742267811553849,2.801505077801039
3420,0,normal,0.5864797830581665,0.36990887708258763,2.1347712183946896
3421,0,normal,0.21224252879619598,0.36403344287583983,3.576673759315554
3422,0,normal,0.20798927545547485,0.3858515689119496,5.051746550875805
3423,0,normal,0.7384765148162842,0.370396203161822,5.109868947762834
3424,0,normal,0.22632211446762085,0.40000622838176697,6.704573781587214
3425,0,normal,0.2981047034263611,0.3840885503652997,8.242708060769019
3426,0,normal,0.762888491153717,0.3849896014886321,9.75280089183343
3427,0,normal,2.5156729221343994,0.3964912184126182,9.959811706813753
3428,0,normal,1.8142694234848022,0.4095998835787989,23.513424074974637
3429,0,normal,2.4281742572784424,0.4233941482467855,34.28059035581782
3430,0,normal,0.3633764684200287,0.41232471260177034,33.445708702917955
3431,0,normal,1.8734465837478638,0.43076504508087027,46.28598386181602
3432,0,normal,0.3578680455684662,0.42159728368492094,47.4500932225435
3433,0,normal,0.024564683437347412,0.4222294379811441,45.83857512418126
3434,0,normal,0.028999606147408485,0.42248989512763485,45.646338714860576
3435,0,normal,0.35186827182769775,0.4366901647333987,46.70313543067323
3436,0,normal,0.01319778524339199,0.4168795604255037,46.84060539175766
3437,0,normal,0.3484061360359192,0.4224643356866483,48.10462360203246
3438,0,normal,0.09174167364835739,0.44446404472901246,48.40332938036863
3439,0,normal,0.015849534422159195,0.42948947544347515,48.367641753894986
3440,0,normal,0.02336668036878109,0.42081023764093567,48.773771213705004
3441,0,normal,0.015915948897600174,0.42570004282155266,49.04150369212357
3442,0,normal,0.02197970449924469,0.40786335822320563,49.48149993889069
3443,0,normal,0.08469860255718231,0.43535031352702436,50.09534868390642
3444,0,normal,0.0128287049010396,0.43678585492095257,50.58054032912128
3445,0,normal,0.014900109730660915,0.41775967357490884,51.026629205509835
3446,0,normal,0.010938819497823715,0.42192720896718444,46.25769701157628
3447,0,normal,0.014726061373949051,0.4111861238684694,25.15473529820224
3448,0,normal,0.017350809648633003,0.3948758483071203,25.827141664354258
3449,0,normal,0.02117358148097992,0.38051453437565874,-1.0769537800713351
3450,0,normal,0.08675719797611237,0.3820317047451025,-0.16501539521027553
3451,0,normal,0.011907479725778103,0.37186777960965345,-1.7111781961932593
3452,0,normal,0.013472144491970539,0.38703954071463925,-3.1430843363557415
3453,0,normal,0.017670419067144394,0.3659700735545258,-2.0916239480350214
3454,0,normal,0.01726822927594185,0.3588789998865061,-3.5949723573748997
3455,0,normal,0.018065275624394417,0.3579988006217289,-5.231063778465341
3456,0,normal,0.017517277970910072,0.3469060517521106,-7.147456233762114
3457,0,normal,0.01945418491959572,0.36341019111262424,-6.897133096933203
3458,0,normal,0.01728259027004242,0.34829266212959326,-23.456958220592696
3459,0,normal,0.01793208159506321,0.32859280408401487,-36.14998367447947
3460,0,normal,0.01787382736802101,0.32583172975629904,-37.08300914695246
3461,0,normal,0.01811867021024227,0.3171795316585196,-51.27445068177212
3462,0,normal,0.01758386939764023,0.3124748022115519,-52.58244868302154
3463,0,normal,0.36372244358062744,0.3185185467448521,-51.30713131337416
3464,0,normal,0.010641945526003838,0.3137628203152662,-51.30655644743979
3465,0,normal,0.01897142454981804,0.31689158092359354,-52.60393098523923
3466,0,normal,0.3563513159751892,0.31485748287472287,-51.33253520376775
3467,0,normal,0.011963950470089912,0.31643451665459066,-52.648669436146974
3468,0,normal,0.08137742429971695,0.3174535342701195,-52.69352631587276
3469,0,normal,0.014141205698251724,0.3133527822489471,-52.69030783645417
3470,0,normal,0.01259201392531395,0.3160646455392896,-52.725604992863055
3471,0,normal,0.01093829795718193,0.3154406636044362,-52.72608637345411
3472,0,normal,0.01640928164124489,0.3139055141648284,-52.71405283339209
3473,0,normal,0.08591731637716293,0.31380216676042877,-52.76723624004944
3474,0,normal,0.013014255091547966,0.31593534996887784,-52.7694964871514
3475,0,normal,0.01751304790377617,0.3144877894980623,-52.73423719720358
3476,0,normal,0.012676728889346123,0.31386053477437376,-52.741702233289516
3477,0,normal,0.006091541610658169,0.3162306243436872,-52.81750176188257
3478,0,normal,0.018908729776740074,0.3154722176657947,-52.774747630483716
3479,0,normal,0.01003006286919117,0.3148455322026825,-52.851815799609085
3480,0,normal,0.017802121117711067,0.3173342875942138,-53.08379562053756
3481,0,normal,0.02147318609058857,0.31307925531792874,-53.06735519836957
3482,0,normal,0.01812615804374218,0.3132767669957435,-53.05393187133723
3483,0,normal,0.016630567610263824,0.3189190883029856,-53.054875788094705
3484,0,normal,0.021461032330989838,0.31191801112018747,-53.03695411998319
3485,0,normal,0.08675976097583771,0.31626493414242646,-52.87013244804962
3486,0,normal,0.008060659281909466,0.31643055651296403,-52.90613091407522
3487,0,normal,0.013799851760268211,0.31340325840264105,-52.904966522898576
3488,0,normal,0.01505047082901001,0.31699629567691706,-52.89208913937864
3489,0,normal,0.017694493755698204,0.3158035651712665,-52.85774844797925
3490,0,normal,0.36178654432296753,0.3156065769784599,-51.59511285748772
3491,0,normal,0.010109811089932919,0.3160453347196306,-51.5672679170857
3492,0,normal,0.021602187305688858,0.3221746357985053,-51.517132281116346
3493,0,normal,0.3559240698814392,0.31632547188405374,-51.6032406505708
3494,0,normal,0.014624466188251972,0.31554733797674356,-51.531407937095764
3495,0,normal,0.01913801208138466,0.3185333186418189,-51.508194080449584
3496,0,normal,0.019221216440200806,0.31317074188805644,-52.81930257576482
3497,0,normal,0.017796756699681282,0.31782963685757704,-52.79809481163829
3498,0,normal,0.016507579013705254,0.3148866566319688,-53.02885979686312
3499,0,normal,0.015853583812713623,0.3117478038157071,-53.01178173611697
3500,0,normal,0.020901424810290337,0.3142226770498776,-52.9613790946662
3501,0,normal,0.08683601021766663,0.3164550985008461,-52.75456258901272
3502,0,normal,0.013144705444574356,0.31660830376712856,-52.73213934835758
3503,0,normal,0.015283982269465923,0.3154935619914162,-52.989545924830054
3504,0,normal,0.016174200922250748,0.3162677701839678,-53.00721708498895
3505,0,normal,0.01311764121055603,0.3182052171053831,-53.005692586562645
3506,0,normal,0.016571518033742905,0.31476016012957364,-52.994851505680344
3507,0,normal,0.021227484568953514,0.3152349642739114,-52.90101863655764
3508,0,normal,0.08644215762615204,0.3139680617888622,-52.74336622466399
3509,0,normal,0.014054262079298496,0.31355145480093005,-52.71218509388973
3510,0,normal,0.018253860995173454,0.31808081845807,-52.69424483716057
3511,0,normal,0.018032854422926903,0.3127532731880616,-52.698536370559395
3512,0,normal,7.287710189819336,0.33319479832963467,-23.351467989592038
3513,0,normal,0.22718504071235657,0.34393906003522867,-23.16889060134531
3514,0,normal,1.428097128868103,0.36895056401411364,0.7591063493271122
3515,0,normal,0.15666645765304565,0.35387594229768676,1.0807532794126473
3516,0,normal,0.189499169588089,0.3717515705736255,2.4871313003850446
3517,0,normal,0.2069891095161438,0.3838075554259386,3.9745365007183864
3518,0,normal,0.19917427003383636,0.3770358872861264,5.454055035694864
3519,0,normal,0.8166569471359253,0.39504962186996967,5.631065376796414
3520,0,normal,0.31830283999443054,0.37907993066262674,5.85022936614655
3521,0,normal,0.8984234929084778,0.38445021800869233,7.394867739879828
3522,0,normal,2.0677521228790283,0.383655817822563,8.890996348193084
3523,0,normal,0.8901726603507996,0.43098836341287705,31.86336308258933
3524,0,normal,0.3968217670917511,0.41084014501367777,34.1996108959313
3525,0,normal,0.42998936772346497,0.42646060548912906,34.95496533052824
3526,0,normal,2.194688081741333,0.44291621989724234,48.85810444575577
3527,0,normal,0.031213827431201935,0.4201204065830531,48.88993664994541
3528,0,normal,0.0470978319644928,0.4549049753504843,48.56100070152024
3529,0,normal,0.37448370456695557,0.4248183587558718,49.50915459644398
3530,0,normal,0.02439955808222294,0.4319707573161523,49.590999625809445
3531,0,normal,0.08255894482135773,0.4259021639799212,49.71648661857171
3532,0,normal,0.01721269078552723,0.4331786054281045,49.789264697461476
3533,0,normal,0.01831866055727005,0.4333247739497366,49.94215889301336
3534,0,normal,0.014997512102127075,0.4188059063412934,50.14843158465055
3535,0,normal,0.08315100520849228,0.4232191199177902,50.69102262334218
3536,0,normal,0.01750059984624386,0.42333840494010516,50.996440972986875
3537,0,normal,0.01567937806248665,0.43380506420349924,51.38994242482704
3538,0,normal,0.016203852370381355,0.42677529918363394,51.719064072033916
3539,0,normal,0.01655127853155136,0.4405273023996941,52.27463296891574
3540,0,normal,0.01438555121421814,0.4195216861206868,53.024989171497964
3541,0,normal,0.021222038194537163,0.42917601693159513,53.71864660017923
3542,0,normal,0.08718536794185638,0.41183655845146894,27.73977205635515
3543,0,normal,0.011703777126967907,0.40801042346675953,28.334874778453013
3544,0,normal,0.01600389927625656,0.39187907801181054,3.107699411156318
3545,0,normal,0.016047338023781776,0.37723972638862735,1.7108127944209173
3546,0,normal,0.021253690123558044,0.3862280176837027,0.37691580986279405
3547,0,normal,0.016955329105257988,0.37096446232819336,-0.8836312633388843
3548,0,normal,0.009589559398591518,0.37843170027651446,-2.2989339491639385
3549,0,normal,0.015326539985835552,0.3613413756380988,-1.3677951514071083
3550,0,normal,0.019517341628670692,0.36128819229504383,-2.925615677546375
3551,0,normal,0.0867641270160675,0.35526975734692484,-4.5493478041826165
3552,0,normal,0.011265975423157215,0.36499759812967764,-6.462834544463703
3553,0,normal,0.36225515604019165,0.33858861282658037,-32.159538128563554
3554,0,normal,0.009565679356455803,0.33412615579266314,-35.81578678916708
3555,0,normal,0.020408906042575836,0.3370556604034068,-36.97816157328589
3556,0,normal,0.3546043634414673,0.31531292215945067,-51.284215372094195
3557,0,normal,7.4175872802734375,0.33553608740272167,-21.954046261019585
3558,0,normal,0.4876440465450287,0.34564623302405323,-20.75295947526638
3559,0,normal,1.3658982515335083,0.368958015596862,1.849144989678507
3560,0,normal,0.1434134840965271,0.3622164775837728,2.5581203929029925
3561,0,normal,0.1717647910118103,0.3733988000834597,3.656153020083593
3562,0,normal,0.19372539222240448,0.3827249911626991,5.101799164113345
3563,0,normal,0.19323311746120453,0.38136415380716654,6.536128842751168
3564,0,normal,0.21514230966567993,0.4063238397708071,8.003384550009741
3565,0,normal,1.0496692657470703,0.3863750795924236,7.7522357248558365
3566,0,normal,0.8032196164131165,0.38405476329626126,9.201576188154377
3567,0,normal,1.9965147972106934,0.3933164346411834,10.695132191139237
3568,0,normal,1.8036847114562988,0.4182795555087391,25.437727210838148
3569,0,normal,2.585455894470215,0.4283107992202558,37.4744210919705
3570,0,normal,2.54577374458313,0.43500691189664564,50.02349383878641
3571,0,normal,0.04462675750255585,0.4426922058794688,49.96575211755635
3572,0,normal,0.03995125740766525,0.431301905757383,49.423723216263625
3573,0,normal,0.02883705496788025,0.4511276971542262,49.23459202792492
3574,0,normal,0.010885282419621944,0.43173480884116233,49.24593410462194
3575,0,normal,0.020612535998225212,0.43809149405782516,49.36680425692634
3576,0,normal,0.021109383553266525,0.4194887542171013,49.505344529763306
3577,0,normal,0.024780012667179108,0.42351317451042225,49.61162893473829
3578,0,normal,0.09087418019771576,0.4401231670270847,49.949169096325704
3579,0,normal,0.016714448109269142,0.4271329900756269,50.20834649779022
3580,0,normal,0.019317828118801117,0.4222852802036044,50.58014862053665
3581,0,normal,0.01847831904888153,0.42456043532106263,50.705531640128584
3582,0,normal,0.3630770146846771,0.40394939085652115,52.315671199547296
3583,0,normal,0.09857156872749329,0.4343063565923899,51.81695219460539
3584,0,normal,0.37176772952079773,0.45100037855136904,53.569279251420994
3585,0,normal,0.01242830976843834,0.4234143989753958,54.375901796060134
3586,0,normal,0.024864932522177696,0.42856862566280823,53.864844711239584
3587,0,normal,0.3498605489730835,0.406926179245199,28.97252781723614
3588,0,normal,0.09342803806066513,0.41286174135325854,28.784217119117102
3589,0,normal,0.013619756326079369,0.4013771642697643,3.588473445095815
3590,0,normal,0.015431554988026619,0.3883291729936377,1.976497476377972
3591,0,normal,0.011396553367376328,0.3796897092720563,0.5921991346426694
3592,0,normal,0.016313660889863968,0.37784839019651767,-0.6632589151142838
3593,0,normal,0.021636713296175003,0.3660980931908549,-2.0521579116111752
3594,0,normal,0.08685765415430069,0.36548437815980606,-3.4043296320076024
3595,0,normal,0.012377914972603321,0.3632372903785858,-2.58598490690747
3596,0,normal,0.02163386158645153,0.35381339079201807,-4.3681606513302995
3597,0,normal,0.3619643747806549,0.36400439043806493,-5.193629181188044
3598,0,normal,0.09833279997110367,0.3589907343546515,-21.68750890437491
3599,0,normal,0.014660611748695374,0.33950470633434593,-35.791286515130196
3600,0,normal,0.0229493360966444,0.31951746872063613,-49.9935430778728
3601,0,normal,0.35490307211875916,0.32485159121612217,-48.705432070587676
3602,0,normal,0.015158913098275661,0.32308016633854597,-48.67522081736274
3603,0,normal,0.021220091730356216,0.3238252134273408,-48.641102668228086
3604,0,normal,0.020610172301530838,0.3262919615276671,-48.558425233318985
3605,0,normal,0.020180847495794296,0.3177291230283792,-48.51815064660832
3606,0,normal,0.019205622375011444,0.31951969523432205,-48.45228553744187
3607,0,normal,0.01814541406929493,0.3218705701008654,-48.412311806542675
3608,0,normal,0.0207841657102108,0.32315381667997184,-48.582638611576385
3609,0,normal,0.01724068634212017,0.31911832628809433,-48.549069970370056
3610,0,normal,0.017472999170422554,0.31981532997846374,-48.50375244975339
3611,0,normal,0.016534380614757538,0.31868907779775946,-48.46771094014207
3612,0,normal,0.0170421302318573,0.32083346667626916,-49.7532473166159
3613,0,normal,0.017789073288440704,0.32166990028056236,-49.94772150244512
3614,0,normal,0.020059071481227875,0.3172101608809198,-51.27963832477303
3615,0,normal,0.017375357449054718,0.3162670148561226,-51.259154149782034
3616,0,normal,0.08695033937692642,0.3187399054928483,-51.079479275645554
3617,0,normal,0.013717206194996834,0.3175365787497411,-52.41338132656347
3618,0,normal,0.018752867355942726,0.3154636248933244,-52.6072973938642
3619,0,normal,0.018788577988743782,0.31495117076985535,-52.58478060148491
3620,0,normal,0.018842635676264763,0.31233823867540417,-52.539287335220024
3621,0,normal,0.08587220311164856,0.3162651786151312,-52.29800554361509
3622,0,normal,0.016721565276384354,0.3139355764922384,-52.2161162018092
3623,0,normal,0.017020532861351967,0.31951812995880025,-52.209505180669794
3624,0,normal,0.016838807612657547,0.3120926880051239,-52.420493970376356
3625,0,normal,0.01725667156279087,0.3140979116996487,-52.353799026504475
3626,0,normal,0.017311591655015945,0.3136385676860154,-52.33157608061174
3627,0,normal,0.021462099626660347,0.31554958663684185,-53.63269522324936
3628,0,normal,0.08646481484174728,0.3122621605150665,-53.68634155127393
3629,0,normal,0.012120316736400127,0.3118008135824012,-53.69144495751243
3630,0,normal,0.016663353890180588,0.31286736040076957,-53.697352100743956
3631,0,normal,0.016980227082967758,0.3114091541813568,-55.040171476938895
3632,0,normal,0.022082572802901268,0.31127405342816655,-55.04017429243049
3633,0,normal,0.3614729046821594,0.3136364863737356,-53.80667028461062
3634,0,normal,0.013754438608884811,0.3140045801742754,-53.819548377103956
3635,0,normal,0.35555821657180786,0.31657155769579814,-52.594248475525546
3636,0,normal,0.010299142450094223,0.31620494414826356,-52.61624444939116
3637,0,normal,0.02344224601984024,0.3178493031993477,-52.57045418757366
3638,0,normal,0.3528924584388733,0.3148414258023356,-51.34081940551937
3639,0,normal,0.09480443596839905,0.317348121663201,-51.16145444407516
3640,0,normal,0.0122259221971035,0.32335417587554605,-51.16995892490513
3641,0,normal,0.016985546797513962,0.31749948332260114,-51.17031275487875
3642,0,normal,0.017331866547465324,0.31610811431669716,-51.14427882388395
3643,0,normal,0.008799653500318527,0.3150576780123208,-51.18334017775874
3644,0,normal,0.013180161826312542,0.31652053800789576,-51.18837047314196
3645,0,normal,0.015956740826368332,0.31898685155528117,-51.18123735082804
3646,0,normal,0.015189164318144321,0.31932174288403253,-51.452959874740145
3647,0,normal,0.008633258752524853,0.31586110266084083,-51.49652315945582
3648,0,normal,0.004911246243864298,0.31627623502445773,-51.57808602129012
3649,0,normal,0.08930087089538574,0.31772842907618426,-51.40730546285545
3650,0,normal,0.005655498243868351,0.31929125087329785,-51.45841554698973
3651,0,normal,0.019752660766243935,0.31639046361757245,-51.694257057664345
3652,0,normal,0.01076445821672678,0.3170031128072568,-51.76098180469262
3653,0,normal,7.29250431060791,0.3361533817015276,-22.43777360408285
3654,0,normal,0.2268269807100296,0.34226419867847496,-22.274012941619503
3655,0,normal,1.4293757677078247,0.3790677558365134,1.6229471343792738
3656,0,normal,0.1527697890996933,0.35593297396507867,2.1648320884348777
3657,0,normal,0.18849413096904755,0.37003646050626576,3.51168642894595
3658,0,normal,0.21496540307998657,0.3822473910952486,4.796440985686786
3659,0,normal,0.17735834419727325,0.38204010237075753,6.220461712133556
3660,0,normal,0.2102150171995163,0.4065018145006461,7.710740122404559
3661,0,normal,0.5914020538330078,0.39448220147461943,10.363840915943001
3662,0,normal,1.1559287309646606,0.3883478207742744,11.800865081670509
3663,0,normal,2.4305925369262695,0.4034058501804204,12.029806650815544
3664,0,normal,2.008251190185547,0.42493738194999,27.907862192388166
3665,0,normal,2.1609253883361816,0.425062368593177,37.553317698713045
3666,0,normal,0.6602385640144348,0.43793670278946484,39.125254460309634
3667,0,normal,0.6879132986068726,0.44072641068756385,39.17918600969551
3668,0,normal,2.043336868286133,0.4233987056532922,50.94400015685778
3669,0,normal,0.03226308524608612,0.45406481958637246,50.785438052640984
3670,0,normal,0.044967759400606155,0.42533841970724134,50.494125716724966
3671,0,normal,0.03421347588300705,0.4506133386876004,50.307332513332994
3672,0,normal,0.029077721759676933,0.4229977518760459,50.46773801489303
3673,0,normal,0.08474371582269669,0.4430463336959636,50.75702484665726
3674,0,normal,0.01270199753344059,0.4567699068328926,50.89641862338749
3675,0,normal,0.019250405952334404,0.424360351878796,51.1322159376723
3676,0,normal,0.01895238645374775,0.41965334470013993,51.493747333455076
3677,0,normal,0.021554715931415558,0.42843590082681865,51.83550599978389
3678,0,normal,0.08491215109825134,0.4157495339342339,52.50877414961906
3679,0,normal,0.01207747682929039,0.4460691840424581,52.82788134561679
3680,0,normal,0.017393821850419044,0.43889473272208906,53.43378405132762
3681,0,normal,0.02207726426422596,0.4269913554278116,54.26735492256262
3682,0,normal,0.017796911299228668,0.4200010992341412,55.01491525687811
3683,0,normal,0.015486265532672405,0.4143167756596002,29.010831681354375
3684,0,normal,0.014736799523234367,0.4173767622388398,29.69787681287721
3685,0,normal,0.014714684337377548,0.388881270232125,4.500880960539462
3686,0,normal,0.02100890502333641,0.3896255916886901,3.2394158683553087
3687,0,normal,0.014504545368254185,0.37821096281442773,2.0332920373632533
3688,0,normal,0.08733908832073212,0.3827542699502516,0.9809574273670023
3689,0,normal,0.012230140157043934,0.370710424227928,-0.16923112040149135
3690,0,normal,0.017055345699191093,0.36781442446510987,-1.3916582099438983
3691,0,normal,0.017465433105826378,0.3639136297258177,-4.183362659664908
3692,0,normal,0.02177566848695278,0.3495044104973049,-5.8719525031851845
3693,0,normal,0.36167681217193604,0.3647287320201322,-6.584372340462096
3694,0,normal,0.010144942440092564,0.3443337991876272,-24.449001068521966
3695,0,normal,0.35618695616722107,0.33252226889940023,-35.934551009422194
3696,0,normal,0.00962938740849495,0.3284703576814591,-38.265349857945466
3697,0,normal,0.017153974622488022,0.33121530876129057,-38.18961454529085
3698,0,normal,0.017128802835941315,0.31454883988624116,-52.65791636388144
3699,0,normal,0.022435927763581276,0.31348826129531454,-52.60440483601724
3700,0,normal,0.01829267106950283,0.31618397832135553,-52.60206983296894
3701,0,normal,0.018611226230859756,0.3145461809214752,-52.58778617774601
3702,0,normal,0.01870829239487648,0.3146032300878295,-52.577051849347754
3703,0,normal,0.021996978670358658,0.3131396627755797,-52.77506294786804
3704,0,normal,0.08699879795312881,0.3135256756747295,-52.58234831299478
3705,0,normal,0.012629484757781029,0.3139939788102031,-52.59375475788579
3706,0,normal,0.018402155488729477,0.31792382508906564,-52.60597799639959
3707,0,normal,0.018510187044739723,0.3166302252048063,-52.61627604746673
3708,0,normal,0.01842651516199112,0.317019726128769,-52.83792578303087
3709,0,normal,0.08620176464319229,0.31532302810667395,-52.66023157274253
3710,0,normal,0.01272314041852951,0.31586344751329115,-52.65915853291676
3711,0,normal,0.017241574823856354,0.31274912904351254,-52.69558170381856
3712,0,normal,0.018016604706645012,0.3142096232050392,-52.69597214900591
3713,0,normal,0.01813392899930477,0.3169803116018246,-52.667965774207914
3714,0,normal,0.018776021897792816,0.3129807399089392,-52.63065536701629
3715,0,normal,0.020388104021549225,0.31818342232563845,-52.592047497900694
3716,0,normal,0.01852131448686123,0.3137428874524455,-52.565324249560945
3717,0,normal,0.020418044179677963,0.3163958316440581,-52.515508780238406
3718,0,normal,0.018790511414408684,0.31165247852834893,-52.70308247840626
3719,0,normal,0.01839224249124527,0.3161745108307243,-52.65787762979426
3720,0,normal,0.018915265798568726,0.31061238548684705,-52.63575022816735
3721,0,normal,0.021352460607886314,0.3162228577787203,-52.577227908899204
3722,0,normal,0.08664639294147491,0.31390111749111016,-52.42137716874004
3723,0,normal,0.010563675314188004,0.3116258568876205,-53.764504140032614
3724,0,normal,0.021226145327091217,0.31485350238680754,-53.72068099021476
3725,0,normal,0.35968005657196045,0.3123454847255325,-53.81485518190357
3726,0,normal,0.014433935284614563,0.313559558424098,-53.78512020238759
3727,0,normal,0.08188879489898682,0.3161916531342407,-53.59753262872027
3728,0,normal,0.3714195787906647,0.31451122546662236,-52.34386102426515
3729,0,normal,0.010184143669903278,0.31760847711918727,-52.363714518980714
3730,0,normal,0.35025086998939514,0.3177379336124883,-51.105490755041274
3731,0,normal,0.015772581100463867,0.31571154454358075,-51.07273035878188
3732,0,normal,0.017211779952049255,0.3202598509397169,-51.05876063510209
3733,0,normal,0.08164392411708832,0.31754688026371103,-50.89075863159178
3734,0,normal,0.013712931424379349,0.31758467043439326,-51.0874811881265
3735,0,normal,0.017710037529468536,0.316573644878129,-51.09354603815609
3736,0,normal,0.016378961503505707,0.3174241354111544,-51.10560830028089
3737,0,normal,0.0865170806646347,0.3196752148447849,-50.90473157187398
3738,0,normal,0.015107220970094204,0.31613040729413205,-50.92732993669256
3739,0,normal,0.005319816526025534,0.32042227281410696,-51.22451224572842
3740,0,normal,0.36602887511253357,0.32112176984643404,-49.99443925423975
3741,0,normal,0.002938615158200264,0.3194463854424038,-50.12145655039012
3742,0,normal,0.08471854776144028,0.32570926108568715,-49.93853730570072
3743,0,normal,0.007947408594191074,0.3176758817570435,-50.046639013691674
3744,0,normal,0.008346006274223328,0.31818119961294655,-50.111179388353094
3745,0,normal,0.005551776848733425,0.32420978339599,-50.20341989884491
3746,0,normal,0.013661776669323444,0.31932760363979534,-50.20817203051888
3747,0,normal,0.005274413153529167,0.32201931862848926,-50.29538175002858
3748,0,normal,0.014970244839787483,0.32013502549367595,-50.29044355537917
3749,0,normal,0.02073320373892784,0.31620801811469773,-50.23402194211235
3750,0,normal,0.01571396179497242,0.3230544572266668,-50.22222398133454
3751,0,normal,0.08750738203525543,0.32337018808401385,-50.017321419968994
3752,0,normal,0.012542911805212498,0.31905881296630956,-50.21563197245018
3753,0,normal,0.01571558229625225,0.3191363596767277,-50.17155931696152
3754,0,normal,0.02135862223803997,0.32493484697933145,-50.11857302287717
3755,0,normal,0.36127033829689026,0.3208530482932821,-50.180634243954046
3756,0,normal,0.09840604662895203,0.32356819704918166,-50.00216276150377
3757,0,normal,0.3718302845954895,0.3270903835438758,-48.96250034303989
3758,0,normal,7.44512414932251,0.3400240677022788,-21.013687544991626
3759,0,normal,0.18378141522407532,0.34545353276024343,-21.00154289497732
3760,0,normal,1.650564193725586,0.36418400793985845,-11.673151091926684
3761,0,normal,1.25825035572052,0.37292680757084223,10.646025014669931
3762,0,normal,0.12916888296604156,0.3827581076551038,11.825001622570198
3763,0,normal,0.17398861050605774,0.38944877117952703,13.09075079375134
3764,0,normal,0.765587568283081,0.38749154538831926,13.161991320140942
3765,0,normal,0.25956040620803833,0.39049383089588346,14.856205047287403
3766,0,normal,0.17794686555862427,0.41231356351505616,16.374044255983563
3767,0,normal,0.26649534702301025,0.3830657543194355,17.654025438758026
3768,0,normal,0.6908791065216064,0.40871946664750286,19.11356349587095
3769,0,normal,1.7376604080200195,0.4419848127556445,43.15806201328496
3770,0,normal,0.26303213834762573,0.43131174276396445,42.26266385862505
3771,0,normal,0.6285834908485413,0.43038287495430966,42.400754711997934
3772,0,normal,1.9423871040344238,0.4359189792723423,54.929818224575456
3773,0,normal,0.041589897125959396,0.4269376103328703,55.007824420066754
3774,0,normal,0.02733371965587139,0.438118127367038,54.71988806196782
3775,0,normal,0.018317872658371925,0.4291749060446073,54.53816387783627
3776,0,normal,0.021571185439825058,0.42000288235664973,54.653538268560396
3777,0,normal,0.017361091449856758,0.42579135826587033,54.892752204803855
3778,0,normal,0.0839502140879631,0.4273646860711998,55.17269819668354
3779,0,normal,0.011157785542309284,0.44887177530290107,55.26999407181597
3780,0,normal,0.016764692962169647,0.4184403333899921,55.489427561788034
3781,0,normal,0.01227875892072916,0.4178553011425973,55.503192369984845
3782,0,normal,0.02189100906252861,0.42564136997817587,55.930697323299455
3783,0,normal,0.3594626188278198,0.42779687013077106,57.46465404625542
3784,0,normal,0.09730377793312073,0.4243263134238129,58.136787505342
3785,0,normal,0.37046369910240173,0.4416261508210366,58.64783897381176
3786,0,normal,0.012503465637564659,0.437582255284723,59.08817038028201
3787,0,normal,0.3473500609397888,0.42984647051849784,59.77529041140201
3788,0,normal,0.011053009890019894,0.4126217196660557,33.731733331402665
3789,0,normal,0.017633512616157532,0.40756994088657933,34.410072438331554
3790,0,normal,0.019120223820209503,0.41267846633031835,22.92747097498591
3791,0,normal,0.018153389915823936,0.37651337365523513,-0.19125287787232992
3792,0,normal,0.022054582834243774,0.3748520080536455,-1.5642767892452412
3793,0,normal,0.01741849072277546,0.36869693082614086,-2.89924100328858
3794,0,normal,0.01731441169977188,0.3762510498277851,-1.86888992010131
3795,0,normal,0.015663012862205505,0.3572002399780838,-3.4876865878325134
3796,0,normal,0.01702013611793518,0.3559261278630436,-5.2460211510272075
3797,0,normal,0.016726436093449593,0.350105554669495,-7.231182679204039
3798,0,normal,0.02075047977268696,0.3616902233046693,-9.325594887753141
3799,0,normal,0.012983349151909351,0.3277739584979297,-36.522614738341645
3800,0,normal,0.08766815811395645,0.33070102855018213,-37.35589102594008
3801,0,normal,0.01015937328338623,0.3288761962297006,-37.31926118381102
3802,0,normal,0.018396208062767982,0.3178648584443396,-51.53708639806723
3803,0,normal,0.01915096677839756,0.31660288407671716,-51.52781780996088
3804,0,normal,0.020356489345431328,0.31639670734479686,-51.51149695634467
3805,0,normal,0.08575502038002014,0.31975639497579295,-51.318479803521086
3806,0,normal,0.014150922186672688,0.3145878520336706,-51.292775361212534
3807,0,normal,0.015488896518945694,0.32081406604287044,-51.26504290065782
3808,0,normal,0.016770683228969574,0.31356493506231664,-51.44489016056582
3809,0,normal,0.016431480646133423,0.31817099690140066,-51.38077029173655
3810,0,normal,0.017865898087620735,0.3116881436599745,-51.33060605457831
3811,0,normal,0.08643718808889389,0.3164313802569892,-51.07077513074182
3812,0,normal,0.013942060992121696,0.31445978086252485,-51.04611154615077
3813,0,normal,0.015681326389312744,0.3182940005332634,-52.36154208493781
3814,0,normal,0.016424089670181274,0.31284741411647005,-52.57186872176908
3815,0,normal,0.3616313338279724,0.3149894153290231,-52.63509261188506
3816,0,normal,0.014027746394276619,0.31325472600308407,-52.6178934917059
3817,0,normal,0.019100593402981758,0.31839640687000736,-53.94740656374506
3818,0,normal,0.35649463534355164,0.314901329284689,-52.71467116479175
3819,0,normal,0.011504744179546833,0.31360072474370126,-52.70982532994185
3820,0,normal,0.3535267412662506,0.32002829417582973,-51.449680277138896
3821,0,normal,0.015141093172132969,0.31435631944262366,-51.42734690516636
3822,0,normal,0.017267050221562386,0.3199729449179351,-51.452164047731685
3823,0,normal,0.013380754739046097,0.3174561071676538,-51.472718369392396
3824,0,normal,0.08402222394943237,0.3172385036944285,-51.26845264039389
3825,0,normal,0.01290223654359579,0.31725823671648157,-51.263235082450365
3826,0,normal,0.009827103465795517,0.3188872344771999,-51.29003990620072
3827,0,normal,0.020576829090714455,0.3163420772155488,-51.259420714342696
3828,0,normal,0.015364655293524265,0.3175469134966416,-51.2849587446608
3829,0,normal,0.015443841926753521,0.3190678365777492,-51.2569725868384
3830,0,normal,0.015931490808725357,0.31748218283169327,-51.47345140285847
3831,0,normal,0.016561925411224365,0.3178678579705483,-51.488267328756365
3832,0,normal,0.017816323786973953,0.316871195229076,-51.485155892049534
3833,0,normal,0.019230922684073448,0.3164338302703688,-51.4768735719847
3834,0,normal,0.08712298423051834,0.31642899167242206,-51.31986924255693
3835,0,normal,0.014458343386650085,0.31973176679911786,-51.52900578732783
3836,0,normal,0.010797802358865738,0.31578207047983237,-51.56338890588586
3837,0,normal,0.016855187714099884,0.31762006757993977,-51.56302370737353
3838,0,normal,0.0041014766320586205,0.3171603119434788,-51.63410557996849
3839,0,normal,0.08832778036594391,0.31679815832887903,-51.40898973092385
3840,0,normal,0.004117205273360014,0.3206404053167334,-51.45068513462161
3841,0,normal,0.004691774025559425,0.3172565129065084,-51.71828197409127
3842,0,normal,0.004414960276335478,0.3161747681401459,-51.795848496864664
3843,0,normal,0.003789824666455388,0.3154773505168007,-51.816681085186474
3844,0,normal,0.08765659481287003,0.319297871218329,-51.59136282263739
3845,0,normal,0.012639394961297512,0.3133392388151139,-52.90981363066567
3846,0,normal,0.3589775562286377,0.3181104333385519,-51.64556004827023
3847,0,normal,0.002986710984259844,0.31408696644705963,-51.7071790209493
3848,0,normal,0.3566722869873047,0.3204888683287329,-51.7550287909944
3849,0,normal,0.00986230093985796,0.3160118041555119,-51.75263903361588
3850,0,normal,0.35124024748802185,0.32053941449491063,-51.83319881207899
3851,0,normal,0.009219410829246044,0.31658786541012773,-51.87546987648784
3852,0,normal,0.0196837205439806,0.32104229417861924,-51.841852189209476
3853,0,normal,7.306455612182617,0.3363889428771546,-22.524740712155108
3854,0,normal,0.1715385466814041,0.34751369661983267,-22.772735463252047
3855,0,normal,1.5450949668884277,0.3699944254910147,1.1655488484138914
3856,0,normal,0.14701491594314575,0.3622286728558345,1.708413019581485
3857,0,normal,0.1972598433494568,0.3768146167517247,3.056950015755774
3858,0,normal,0.19820193946361542,0.38555268231104356,4.475868376389371
3859,0,normal,0.7956753373146057,0.3804841471752671,4.4750185300592875
3860,0,normal,0.1997263878583908,0.39913361231489985,5.9733709417939735
3861,0,normal,0.3007708489894867,0.39285493390790555,7.606114442857233
3862,0,normal,0.9030817747116089,0.3868333048729796,9.13116865813572
3863,0,normal,2.088545560836792,0.4274654684976307,31.908088430075622
3864,0,normal,0.24167850613594055,0.41859449154856676,32.992188588248155
3865,0,normal,0.5955927968025208,0.4191598878746579,33.05288713723235
3866,0,normal,2.0561540126800537,0.43699741142047277,46.14705287892889
3867,0,normal,0.033988650888204575,0.4350154187790684,46.19523199851028
3868,0,normal,0.020244602113962173,0.42994342362420296,45.95523061554695
3869,0,normal,0.08887860178947449,0.4244578847736787,45.67401965765316
3870,0,normal,0.017857041209936142,0.4191388381536094,45.82664395748134
3871,0,normal,0.015598801895976067,0.4198854796198271,46.00511408808666
3872,0,normal,0.014690369367599487,0.42018726317936633,46.26478699754557
3873,0,normal,0.3579448461532593,0.4218395367588938,47.56200147770801
3874,0,normal,0.006732867565006018,0.4339136558428084,47.45124533611488
3875,0,normal,0.022780338302254677,0.4149683411700356,47.6970338490155
3876,0,normal,0.35374754667282104,0.4226600012549358,47.98804019724048
3877,0,normal,0.008656591176986694,0.4280466877619945,48.29695127379591
3878,0,normal,0.35300207138061523,0.4026610551587059,48.670378605881524
3879,0,normal,0.009763814508914948,0.43041915687745486,49.21400102792427
3880,0,normal,0.015590597875416279,0.42678879425226846,48.504698097527125
3881,0,normal,0.022423774003982544,0.431892160061791,49.303890587203114
3882,0,normal,0.016951940953731537,0.4095512465717874,49.95639726807826
3883,0,normal,0.016250723972916603,0.399664886562699,23.728327446126514
3884,0,normal,0.015067968517541885,0.4064819666960833,24.728579200658487
3885,0,normal,0.08727525174617767,0.37369422369718336,-0.5604151228028513
3886,0,normal,0.012183931656181812,0.38265922748411335,-2.052771135226749
3887,0,normal,0.015938661992549896,0.3655966652025845,-3.494257129842481
3888,0,normal,0.015967821702361107,0.3773598596188463,-5.028744536957447
3889,0,normal,0.02137039043009281,0.35308547286863534,-4.087789526294046
3890,0,normal,0.01499249879270792,0.36103745304168217,-5.864184755109136
3891,0,normal,0.015496288426220417,0.3453157216575886,-8.129097896301573
3892,0,normal,0.015646835789084435,0.35918114010282215,-10.337425363283955
3893,0,normal,0.0146936671808362,0.33312983308685595,-34.97836568787625
3894,0,normal,0.010448779910802841,0.3257843592157481,-37.437842526984696
3895,0,normal,0.020041057839989662,0.32920920393206576,-37.343426750197295
3896,0,normal,0.017647922039031982,0.31504039888105834,-51.80066714743066
3897,0,normal,0.086813785135746,0.31610456619432764,-51.56819763041403
3898,0,normal,5.503961086273193,0.3338735033904808,-29.58942895570067
3899,0,normal,2.4332590103149414,0.33600675435133254,-21.834208897430244
3900,0,normal,1.5211567878723145,0.33794590751756903,-22.5753428199846
3901,0,normal,0.9234622120857239,0.37305720706802875,1.6287160629519803
3902,0,normal,0.1481027752161026,0.3714091410171674,2.810771328936198
3903,0,normal,0.18872758746147156,0.37274373351750045,2.984179608789873
3904,0,normal,0.1993870586156845,0.38819765132133893,4.488516328961623
3905,0,normal,0.20131607353687286,0.3806926017419283,5.915751199428769
3906,0,normal,0.22737032175064087,0.39701928550663435,6.1671494374106715
3907,0,normal,0.43214520812034607,0.37941247965458796,7.658240532457967
3908,0,normal,1.304023027420044,0.39266424679627526,9.039344844620246
3909,0,normal,3.260329246520996,0.39183148481152197,9.063898591974748
3910,0,normal,0.9165802001953125,0.4339959482577497,33.37481042683771
3911,0,normal,0.4042018949985504,0.41330267440834023,35.7907369216
3912,0,normal,0.6430479288101196,0.41489008740523053,35.85937669549935
3913,0,normal,2.26436448097229,0.4439482799156635,49.840572308824676
3914,0,normal,0.10743388533592224,0.4304493989151238,50.056543211394455
3915,0,normal,0.028168605640530586,0.44734296407404556,49.48905522946916
3916,0,normal,0.02601103112101555,0.43027840406484436,49.26135905337196
3917,0,normal,0.02228780835866928,0.4273467048144054,49.428822837838425
3918,0,normal,0.019413070753216743,0.42786151068979955,49.57272443621923
3919,0,normal,0.01715012453496456,0.43859449810532253,49.663069836173236
3920,0,normal,0.022143572568893433,0.4253444043866377,49.882871787406884
3921,0,normal,0.016451124101877213,0.415339477530965,50.063411213028076
3922,0,normal,0.020895695313811302,0.4366022861103877,50.484793969100565
3923,0,normal,0.01656462997198105,0.41735651826006953,50.842358327519605
3924,0,normal,0.015608110465109348,0.43496390035602567,51.32518398566094
3925,0,normal,0.0157732255756855,0.43175233823397646,51.9185924754338
3926,0,normal,0.01685020700097084,0.43768858374583575,52.54818719789546
3927,0,normal,0.017359189689159393,0.41804041712004875,53.202783654788846
3928,0,normal,0.020898019894957542,0.4235040658042732,34.04232071660067
3929,0,normal,0.017637884244322777,0.4021881211072624,26.844878240794287
3930,0,normal,0.02135341614484787,0.40665736402008845,27.744962843256417
3931,0,normal,0.08665573596954346,0.38700928440773513,2.7142230375372947
3932,0,normal,0.009611164219677448,0.37521804533149533,1.1453707000116538
3933,0,normal,0.021046655252575874,0.37631331969096027,-0.19189366870818958
3934,0,normal,0.014201270416378975,0.3737427113597637,-1.464587934097608
3935,0,normal,0.021556274965405464,0.37212528088028757,-2.8432944047244746
3936,0,normal,0.08564583957195282,0.35705845169243905,-4.094734330518804
3937,0,normal,0.010846339166164398,0.35338602594874885,-5.890839686740037
3938,0,normal,0.01781213842332363,0.34619366844893273,-9.191159165993213
3939,0,normal,0.3604709506034851,0.3663294231089636,-7.561479278804882
3940,0,normal,0.012451601214706898,0.330307261915703,-34.595474065667304
3941,0,normal,0.020360685884952545,0.3284605658531175,-38.31856598368745
3942,0,normal,0.35561683773994446,0.3285435551881754,-37.004306287258714
3943,0,normal,0.01470380648970604,0.3162972697026538,-52.54803862427502
3944,0,normal,0.3528810441493988,0.31838505936934725,-51.54011420243819
3945,0,normal,0.014825491234660149,0.3145872577015784,-51.51706824761732
3946,0,normal,0.08030012249946594,0.32105071006283115,-51.33133651126195
3947,0,normal,0.014934821054339409,0.3146636045248126,-51.34486455808724
3948,0,normal,7.306425094604492,0.3359335993984961,-22.056656798498352
3949,0,normal,0.22632326185703278,0.3460158510142847,-21.927153753717903
3950,0,normal,2.281532049179077,0.34699886049498496,-21.42685299045911
3951,0,normal,0.5356711745262146,0.3715879897865282,2.736942325323298
3952,0,normal,10.909149169921875,0.3890422958475913,47.40256773489955
3953,0,normal,0.16511286795139313,0.3947054039502738,48.57789784389661
3954,0,normal,0.3010525405406952,0.4035915339735315,50.02338572081749
3955,0,normal,1.2069975137710571,0.402788166154832,49.89455346115574
3956,0,normal,0.5418751239776611,0.4214813929582551,51.27415438702292
3957,0,normal,2.1686885356903076,0.42560043755976945,74.54947758660091
3958,0,normal,0.19173036515712738,0.4398197464699635,75.66210633304149
3959,0,normal,0.4168449640274048,0.4293816811183308,76.28269533101798
3960,0,normal,1.8821061849594116,0.4473584433654094,88.63128113483526
3961,0,normal,0.04863651841878891,0.4473859420540954,88.54477213637438
3962,0,normal,0.027256278321146965,0.45258780824662365,88.26976295543682
3963,0,normal,0.013277390040457249,0.4474003218258249,88.05239792793941
3964,0,normal,0.014061134308576584,0.44537107112521185,88.06912329538
3965,0,normal,0.017832409590482712,0.42366001350029253,88.14261722031642
3966,0,normal,0.018762661144137383,0.4494918841150817,87.9955737613268
3967,0,normal,0.022048279643058777,0.44200782137445027,88.21076911970067
3968,0,normal,0.357774555683136,0.42678119820967814,89.3960768480207
3969,0,normal,0.00809816550463438,0.4482642458023783,88.26906915302084
3970,0,normal,0.022988351061940193,0.4596907606635005,88.46720011823527
3971,0,normal,0.3538578748703003,0.44370763161101767,89.75228922264353
3972,0,normal,0.010328482836484909,0.44093742902643474,88.97289350538676
3973,0,normal,0.020087955519557,0.43359851776513286,89.43705249191134
3974,0,normal,0.019980784505605698,0.43176599389958,88.84738787310835
3975,0,normal,0.018015936017036438,0.4481881505466195,89.52025246934943
3976,0,normal,0.02227085642516613,0.44702270512041753,90.03807271647406
3977,0,normal,0.017025530338287354,0.42107229286523684,91.01273016684786
3978,0,normal,0.016186079010367393,0.411239370012076,66.2503400413948
3979,0,normal,0.08722631633281708,0.4069331969574213,67.17710551054347
3980,0,normal,0.016650324687361717,0.41336970268904755,65.9020945168113
3981,0,normal,0.008843406103551388,0.38810313731810453,41.486774220801635
3982,0,normal,0.012585029006004333,0.3797239354973861,-3.9363553038183454
3983,0,normal,0.01651589572429657,0.3599440683516037,-5.309997386917075
3984,0,normal,0.08636356145143509,0.356528573822419,-7.143064446970357
3985,0,normal,0.013723970390856266,0.3563810002767267,-6.563251798713964
3986,0,normal,0.01674821600317955,0.3613890292310546,-8.44440696814786
3987,0,normal,0.01668739505112171,0.33083673319641005,-35.38913615045385
3988,0,normal,0.0163401011377573,0.3329258965101841,-37.68219895656807
3989,0,normal,0.02156308852136135,0.3243965860992825,-38.70769416870303
3990,0,normal,0.01691172830760479,0.3159218775522707,-52.94334054460637
3991,0,normal,0.08693478256464005,0.3178426039953126,-52.774478281778556
3992,0,normal,0.01582334190607071,0.3132577483867361,-52.74191032773115
3993,0,normal,0.007526155095547438,0.3156377920231069,-52.72797233419351
3994,0,normal,0.019353630021214485,0.31683293487659,-52.66219694793767
3995,0,normal,0.016390809789299965,0.31236688343569086,-52.64396448760408
3996,0,normal,7.285966873168945,0.3320709196014485,-23.269222337115025
3997,0,normal,0.17720553278923035,0.34070999976947347,-23.295758466622374
3998,0,normal,1.954313039779663,0.3451122620452714,-15.660091924327844
3999,0,normal,0.649735689163208,0.37644443291075413,8.268254255226111
4000,0,normal,0.1285141110420227,0.3713997343655018,9.41818443698753
4001,0,normal,0.6714543104171753,0.36857415383640957,8.136456557136398
4002,0,normal,0.5512149333953857,0.3860007316690057,10.83547582553092
4003,0,normal,0.23178791999816895,0.3953910724716118,12.457733109436504
4004,0,normal,0.4187574088573456,0.4068022184335191,15.087651144634947
4005,0,normal,0.9120174050331116,0.38529933164962793,15.103801191368802
4006,0,normal,0.6761696934700012,0.39952558024987644,16.62453162630368
4007,0,normal,1.9232741594314575,0.4001443426502573,19.328513518373484
4008,0,normal,1.5474987030029297,0.42918927229828124,42.100448999900664
4009,0,normal,0.213012233376503,0.4275739024600377,43.176454729449915
4010,0,normal,82.17020416259766,0.4445927838455354,318.3881603981689
4011,0,normal,0.05212303623557091,0.44116588229572307,318.42510180345664
4012,0,normal,0.06356462091207504,0.43734831704338684,318.1500496170056
4013,0,normal,0.04024342820048332,0.45099267163083817,318.00930104021563
4014,0,normal,0.09868370741605759,0.41976801761341576,318.0245451620814
4015,0,normal,0.016595350578427315,0.44523047814935707,318.1296497185094
4016,0,normal,0.01895379275083542,0.43911657756068034,318.19897729304955
4017,0,normal,0.01919962652027607,0.45185235309940697,318.2807918272073
4018,0,normal,0.08779740333557129,0.4315229253726345,318.5268175952061
4019,0,normal,0.017793815582990646,0.44336522054122285,318.7038119527143
4020,0,normal,0.01684744283556938,0.4555131178045627,318.9505333161252
4021,0,normal,0.01648017205297947,0.4249994160046599,319.02815849768945
4022,0,normal,0.015194039791822433,0.4268892075051069,319.3459099981618
4023,0,normal,0.015575417317450047,0.4331490019067519,319.7933114061723
4024,0,normal,0.08679202944040298,0.45362616316965093,320.34717076335323
4025,0,normal,0.01268586702644825,0.41706969126793375,320.9091706818167
4026,0,normal,0.019122488796710968,0.410729826995554,301.2400338764505
4027,0,normal,0.022099487483501434,0.41114306641519716,301.68309849679474
4028,0,normal,0.019461028277873993,0.4135764048657863,294.8797147201776
4029,0,normal,0.08585524559020996,0.3871832567745352,275.93129822971605
4030,0,normal,0.009381349198520184,0.3774271868326725,274.7091400820274
4031,0,normal,0.016521312296390533,0.38258819253645987,275.5014750021753
4032,0,normal,0.021851783618330956,0.3699205418991886,273.55370318926884
4033,0,normal,0.016681363806128502,0.38778048698956535,272.2192951441832
4034,0,normal,0.3621409237384796,0.35845985702709415,270.9824798430932
4035,0,normal,0.009868742898106575,0.35887839637540775,271.43939748907144
4036,0,normal,0.3562360405921936,0.35874043893986834,270.8590728824031
4037,0,normal,0.015558268874883652,0.3604036310417574,268.25725377940785
4038,0,normal,0.019799884408712387,0.3375899998973472,249.54543794234246
4039,0,normal,0.01930065080523491,0.33879020638022916,247.7350871713753
4040,0,normal,0.015876716002821922,0.31264219721887704,-52.470646307848256
4041,0,normal,0.017332129180431366,0.3165493124523016,-52.483072225023534
4042,0,normal,0.018297670409083366,0.31601756152911964,-52.46663578732364
4043,0,normal,0.021014980971813202,0.314668722292057,-52.43025268463202
4044,0,normal,0.018338005989789963,0.3145642754681656,-52.646464277810765
4045,0,normal,0.010260126553475857,0.31470074679419724,-52.65594259493264
4046,0,normal,0.016342533752322197,0.3150980044813787,-52.63196972521655
4047,0,normal,0.013788683339953423,0.3166641150594055,-52.66156898713484
4048,0,normal,0.012395250611007214,0.31488703081882136,-52.909750286730514
4049,0,normal,0.015642471611499786,0.31563862010097465,-52.932513921020245
4050,0,normal,0.004442718345671892,0.3133164553692505,-53.00519315790848
4051,0,normal,0.006563013419508934,0.31459044394889396,-53.05003150196717
4052,0,normal,0.020272376015782356,0.31301658480518224,-53.01699620702766
4053,0,normal,0.005136436782777309,0.3147110660033677,-53.09477221003772
4054,0,normal,0.01577812060713768,0.3158497962755808,-53.319724547789974
4055,0,normal,0.02163204364478588,0.3121815331696748,-53.276717801208406
4056,0,normal,0.08585628122091293,0.3179462144589142,-53.09831982874903
4057,0,normal,0.0092774024233222,0.3123146510146492,-53.10338891017818
4058,0,normal,0.012067567557096481,0.31572046435761014,-53.10801677212271
4059,0,normal,0.36131584644317627,0.3132934737231655,-52.063887381174254
4060,0,normal,0.09719200432300568,0.31950855649142257,-51.843803997426676
4061,0,normal,0.3701797425746918,0.31985468195102973,-50.58256077868191
4062,0,normal,0.010802789591252804,0.3203946119603333,-50.57557662668114
4063,0,normal,0.018839983269572258,0.319708249255151,-50.54722402347875
4064,0,normal,0.35082897543907166,0.31699479481747567,-50.61587109430707
4065,0,normal,0.013353063724935055,0.32091007152941775,-50.56930490888362
4066,0,normal,0.015768691897392273,0.3208754787518855,-51.92281559623484
4067,0,normal,0.014710883609950542,0.3144096249998158,-51.973427394493
4068,0,normal,0.02214655466377735,0.31857659396397464,-51.936170351521014
4069,0,normal,0.014916513115167618,0.3138412673564982,-51.960830392192975
4070,0,normal,0.08745758980512619,0.3175217443261608,-51.76853014332369
4071,0,normal,0.008256398141384125,0.3173633683793617,-51.81286266565303
4072,0,normal,0.015119669958949089,0.31962101613040067,-51.85613377179152
4073,0,normal,0.016472646966576576,0.31752970624685223,-51.87221412316603
4074,0,normal,0.013914670795202255,0.317467774268188,-51.89779646181705
4075,0,normal,0.020513636991381645,0.3189928169536469,-51.85305656527794
4076,0,normal,0.08665846288204193,0.32032721511971995,-51.662787742901855
4077,0,normal,0.01351382490247488,0.31807378540542947,-51.67494891375418
4078,0,normal,0.017430569976568222,0.320738541063218,-51.66170111398469
4079,0,normal,0.021130317822098732,0.31856087007736694,-51.61788992774723
4080,0,normal,0.01414539385586977,0.31734164424186073,-51.54445068226619
4081,0,normal,0.020610695704817772,0.3229568783960825,-51.44854296232438
4082,0,normal,0.015095919370651245,0.31475848674753576,-51.44359926267748
4083,0,normal,0.01610199175775051,0.31821288876118997,-51.36093261239057
4084,0,normal,0.01672503724694252,0.31819958920931635,-51.31273618076011
4085,0,normal,0.016748817637562752,0.31889454534918094,-51.26209093601824
4086,0,normal,0.01604602113366127,0.3138316546655655,-51.46707149720805
4087,0,normal,0.020720409229397774,0.3168638625235309,-51.37961203260079
4088,0,normal,0.08658792078495026,0.316576599235131,-51.134358704397755
4089,0,normal,0.013468111865222454,0.3157188079277999,-52.441365559497626
4090,0,normal,7.29654598236084,0.33295567157335443,-23.30589709531796
4091,0,normal,0.17704185843467712,0.3372395439631688,-24.624504857648617
4092,0,normal,2.494007110595703,0.33060038503949307,-25.57136615913396
4093,0,normal,2.905991554260254,0.34165368098880283,-15.07935572312067
4094,0,normal,0.47356685996055603,0.3686022389565366,8.335558481644284
4095,0,normal,0.3539302945137024,0.38415366395474254,10.72988632816623
4096,0,normal,0.7820931673049927,0.370714502857017,10.758348086878186
4097,0,normal,0.21124610304832458,0.38402204397503636,12.313713473144162
4098,0,normal,0.4315032362937927,0.3870454125623259,14.938065230842994
4099,0,normal,0.2043716311454773,0.39417401160367976,16.4706865877813
4100,0,normal,0.3387663662433624,0.4052931868437214,17.866543128283865
4101,0,normal,2.825331687927246,0.4278773903220864,41.89766198851203
4102,0,normal,0.2088509351015091,0.42431033257137746,43.128379712685955
4103,0,normal,0.6359978318214417,0.42821481405642614,43.201049428624174
4104,0,normal,2.002973794937134,0.42341401960586383,55.98868436525163
4105,0,normal,0.045265719294548035,0.4450010819113831,56.06162639034096
4106,0,normal,0.026309199631214142,0.43977348680231004,55.51730752267531
4107,0,normal,0.01973743364214897,0.42770430835639567,55.27472151207644
4108,0,normal,0.01432770024985075,0.4291154430839856,55.320155439926566
4109,0,normal,0.017025373876094818,0.4181657667832491,55.485448051762205
4110,0,normal,0.018164468929171562,0.43417445303534435,55.631672012908666
4111,0,normal,0.08414600789546967,0.4486698596781095,55.86087357928977
4112,0,normal,0.016224555671215057,0.4303924093986276,55.997116252391606
4113,0,normal,0.019123554229736328,0.4129343576271533,56.08374882579051
4114,0,normal,0.019077513366937637,0.43123600931980466,56.29064053754041
4115,0,normal,0.018462812528014183,0.43841573610466944,56.67542607796918
4116,0,normal,0.018435608595609665,0.4159391617236118,57.018387560033034
4117,0,normal,0.08583980798721313,0.4134637026136655,57.64369012797988
4118,0,normal,0.013541423715651035,0.4254266456632511,57.96356334082816
4119,0,normal,0.017973223701119423,0.4399467807563975,58.58750772742337
4120,0,normal,0.018811918795108795,0.3974151955098949,32.63053568308101
4121,0,normal,0.022005513310432434,0.40056390634444805,33.282767541265684
4122,0,normal,7.350412845611572,0.4295587501214188,61.510305082045534
4123,0,normal,0.18141889572143555,0.4274501795474871,51.68302566962234
4124,0,normal,1.5406476259231567,0.4236905058659132,49.66261147684577
4125,0,normal,0.3493034839630127,0.40553234606935007,48.82981403439817
4126,0,normal,0.7623113989830017,0.42310578701335916,49.791771950120165
4127,0,normal,0.2654622793197632,0.42077450120659793,50.13561787942763
4128,0,normal,0.44707801938056946,0.41950000466909876,49.857888513018
4129,0,normal,0.19288159906864166,0.4358728921795188,49.47686482332392
4130,0,normal,0.30437353253364563,0.42758311724006065,48.649519483697986
4131,0,normal,1.482318639755249,0.3909097356957529,22.90590834031491
4132,0,normal,1.82236909866333,0.41376195692658985,35.213162056157216
4133,0,normal,3.0745654106140137,0.42404442885416027,44.70820827865191
4134,0,normal,0.34532225131988525,0.39990028553778106,31.920777975229157
4135,0,normal,1.177598237991333,0.43516010545688305,37.34598136252089
4136,0,normal,1.5290396213531494,0.3983841383775449,44.994129338664834
4137,0,normal,0.038211531937122345,0.42479700096707285,44.90098935746505
4138,0,normal,0.02787216193974018,0.41366116737561476,44.53525344537434
4139,0,normal,0.08191750198602676,0.44229222517190686,44.57514248643656
4140,0,normal,0.02218334935605526,0.4269929092863031,44.64486560089108
4141,0,normal,0.024511869996786118,0.4142297047459584,44.584536635430595
4142,0,normal,0.022183453664183617,0.4317868229536902,44.63666486719353
4143,0,normal,0.08269444108009338,0.4078494219235813,44.92280403248037
4144,0,normal,0.003894673427566886,0.40124414997648206,44.99311303663285
4145,0,normal,0.005406185053288937,0.4180441339194662,45.26979349170165
4146,0,normal,0.020076308399438858,0.41881244883119395,45.55524579616031
4147,0,normal,0.003948551137000322,0.407888449351715,45.65634912100063
4148,0,normal,0.08706260472536087,0.4293416327498844,46.38400329797037
4149,0,normal,0.013623294420540333,0.4237959341320431,46.933266716028356
4150,0,normal,0.018116701394319534,0.41241375136122543,47.672859156274626
4151,0,normal,0.017550405114889145,0.4150953100942721,48.28516931304375
4152,0,normal,0.3615317642688751,0.3864970701770887,22.906366806221286
4153,0,normal,0.0029592723585665226,0.4087814004773352,23.73949044596793
4154,0,normal,0.3597727417945862,0.38156742161944096,-0.6074058631738808
4155,0,normal,0.009294884279370308,0.369196708998464,-3.4797777018054603
4156,0,normal,0.01450483687222004,0.38946102725606996,-2.4847872756784
4157,0,normal,0.005084201693534851,0.36842555647050573,-4.25611672914556
4158,0,normal,0.01580398716032505,0.3606038633978539,-7.108469512680813
4159,0,normal,0.0067421430721879005,0.36094116631577144,-8.985152626419676
4160,0,normal,0.008987581357359886,0.34442046018351674,-11.059869562731137
4161,0,normal,0.08745967596769333,0.36524341268915855,-10.579027628268705
4162,0,normal,0.011170079931616783,0.3421115574388036,-27.40679495877589
4163,0,normal,0.02125052735209465,0.3248718212044951,-37.65742852936478
4164,0,normal,0.011276211589574814,0.3281442135169465,-38.67487284634467
4165,0,normal,0.011490771546959877,0.3274460368893066,-44.34428343501713
4166,0,normal,0.020419003441929817,0.3178785056758056,-53.092007655609905
4167,0,normal,0.08658931404352188,0.31668208215097726,-52.901046647867815
4168,0,normal,0.011785811744630337,0.3187919366718965,-52.887720557927196
4169,0,normal,0.015209979377686977,0.31744366249939077,-53.10162222256895
4170,0,normal,0.015661511570215225,0.31391213668716916,-53.12065332634188
4171,0,normal,0.021050212904810905,0.3169251018692582,-53.08330823265851
4172,0,normal,0.015994304791092873,0.32113847170773874,-53.07642304536557
4173,0,normal,0.021218642592430115,0.3179271244609016,-53.25223853089233
4174,0,normal,0.017399346455931664,0.319588133554805,-53.171808434452714
4175,0,normal,0.018046602606773376,0.3147446049111423,-53.06776047197923
4176,0,normal,0.017709381878376007,0.31693356203821044,-53.03243752293429
4177,0,normal,0.01822514459490776,0.312835146372961,-52.921995987384435
4178,0,normal,0.021068524569272995,0.31616155470564655,-53.102145075743465
4179,0,normal,0.08666246384382248,0.3137634010913452,-52.91176982065963
4180,0,normal,0.012715457007288933,0.31669974550359387,-52.89218436789474
4181,0,normal,0.3607136905193329,0.31635148749582276,-51.62295566054377
4182,0,normal,0.013328643515706062,0.3147481064669719,-52.91323057293607
4183,0,normal,0.08151226490736008,0.31899148510843084,-52.65672023916136
4184,0,normal,0.3704163134098053,0.3150836143210334,-52.74822818493203
4185,0,normal,0.01248230878263712,0.3190206834250967,-52.70979467715665
4186,0,normal,0.3494408130645752,0.31961108397020754,-51.436522821685
4187,0,normal,0.01101548783481121,0.31797018062318017,-51.36033573383702
4188,0,normal,0.01729506254196167,0.3211581531672645,-51.335455755708836
4189,0,normal,0.08161727339029312,0.31672661601226626,-51.086318467664114
4190,0,normal,0.012415770441293716,0.31630912037203235,-51.023087289085424
4191,0,normal,0.016927143558859825,0.3174152549420945,-51.24807949016076
4192,0,normal,0.020752809941768646,0.3186422768385468,-51.220222709561995
4193,0,normal,0.01625494472682476,0.3165003375680993,-51.22779329661989
4194,0,normal,0.017316408455371857,0.31714630164875146,-51.21408841089146
4195,0,normal,0.08781326562166214,0.3195522349160391,-50.996603336250246
4196,0,normal,0.012904158793389797,0.3186108514393589,-51.02056622578857
4197,0,normal,0.016492383554577827,0.3180516753219385,-51.293604599062974
4198,0,normal,0.016790825873613358,0.3190637962820048,-51.28572857102586
4199,0,normal,0.016598226502537727,0.31762365685138405,-51.29511648629159
4200,0,normal,0.08664493262767792,0.31754994433344785,-51.125952820954126
4201,0,normal,0.012383995577692986,0.32365130261339964,-51.14489217030814
4202,0,normal,0.021083764731884003,0.3149940528980381,-51.127573427097104
4203,0,normal,0.01627380959689617,0.3188363043323406,-51.151913372460285
4204,0,normal,0.016142526641488075,0.31987269971043025,-51.11726418507055
4205,0,normal,0.08632136136293411,0.31472567741533225,-50.91219364555968
4206,0,normal,0.011667449958622456,0.3207730863428732,-50.89842135716299
4207,0,normal,0.01727866940200329,0.3188789186448648,-50.84487911530232
4208,0,normal,0.018084509298205376,0.3173105976237621,-50.82974495001599
4209,0,normal,0.01784195750951767,0.3157538460848987,-50.981763531010756
4210,0,normal,0.017990242689847946,0.31874862943113447,-50.914667639922754
4211,0,normal,0.08653103560209274,0.3143156674725278,-52.047413548895065
4212,0,normal,0.013219509273767471,0.3179360811167838,-52.019510136515464
4213,0,normal,0.015149558894336224,0.3142847321480808,-52.24715949910819
4214,0,normal,0.013312704861164093,0.3130790286157132,-53.57476520373575
4215,0,normal,7.290496826171875,0.3307863919033317,-24.18649136380145
4216,0,normal,0.4888114333152771,0.338785738360356,-24.30078854403814
4217,0,normal,2.6895666122436523,0.3347365082454894,-25.28984235679559
4218,0,normal,3.6844470500946045,0.3361624618884439,-24.428287724816755
4219,0,normal,0.5523541569709778,0.3641310462351434,1.4172823351275383
4220,0,normal,0.30734580755233765,0.37318276608207906,2.6368428303587734
4221,0,normal,0.2857624888420105,0.3815674842512509,4.261195858394785
4222,0,normal,111.37191009521484,0.4103123873800037,381.4512967642205
4223,0,normal,2.1774075031280518,0.4324963769863546,397.4891107630549
4224,0,normal,0.26684272289276123,0.4329728862546112,397.65024360764335
4225,0,normal,0.4038294851779938,0.4224497189420876,397.9643668531223
4226,0,normal,0.5750360488891602,0.4426459860882818,398.0371204508459
4227,0,normal,3.6823670864105225,0.4454470691997725,409.618004005893
4228,0,normal,0.06928181648254395,0.4477538961659672,409.6736324734196
4229,0,normal,0.03293983265757561,0.43615538591858954,409.4836998424272
4230,0,normal,0.010547000914812088,0.4383665534977284,409.5384149772606
4231,0,normal,0.015406499616801739,0.4340290357595912,409.90550418974533
4232,0,normal,0.011791812255978584,0.42984544714351364,409.92578582287194
4233,0,normal,0.016182780265808105,0.45283388677641245,409.9842915050365
4234,0,normal,0.08392372727394104,0.4186637460402799,410.16567883283903
4235,0,normal,0.009108703583478928,0.4173353311785828,410.0266808909265
4236,0,normal,0.01432233676314354,0.4332313537569268,410.04611993028186
4237,0,normal,0.024581683799624443,0.4512621132636909,410.13791875965546
4238,0,normal,0.018445530906319618,0.43871689671429753,410.19364503216104
4239,0,normal,0.015790941193699837,0.4162553990031681,410.2865030524896
4240,0,normal,0.018718965351581573,0.42519198841480654,410.5619355646479
4241,0,normal,0.00641531590372324,0.4437867101539332,410.6000396323973
4242,0,normal,0.017443425953388214,0.4425605601381685,410.9523774804453
4243,0,normal,0.014926623553037643,0.4298933650137163,411.4467787000556
4244,0,normal,0.3632044196128845,0.4401971807268108,412.8706540919866
4245,0,normal,0.011309972032904625,0.4044981891673979,395.858252574326
4246,0,normal,0.02066388539969921,0.4042783108625382,395.8340433648938
4247,0,normal,0.35630106925964355,0.40730325430422115,397.3658795524982
4248,0,normal,0.095878466963768,0.42397410820309284,396.7470085213956
4249,0,normal,0.011528857052326202,0.3850622391521651,379.2780122781144
4250,0,normal,0.018985114991664886,0.3767248932944411,378.1508554860766
4251,0,normal,0.018025152385234833,0.37584872695527244,376.79292546204636
4252,0,normal,0.08416828513145447,0.3663166552159561,-4.601144734903983
4253,0,normal,0.012730292975902557,0.33422632230253174,-31.484185338754287
4254,0,normal,0.021227151155471802,0.3285622665123292,-32.34808599926555
4255,0,normal,0.015992797911167145,0.3280371820035802,-33.58834775199102
4256,0,normal,0.015982091426849365,0.3342083197695573,-33.49928591569733
4257,0,normal,0.02097831293940544,0.3141278499575732,-52.89544315681587
4258,0,normal,0.08696088939905167,0.316413134502234,-52.71884156668307
4259,0,normal,0.01243599969893694,0.31570120224120857,-52.732834021160215
4260,0,normal,0.01721908710896969,0.3156059131181897,-52.695712054641945
4261,0,normal,0.01787852868437767,0.31646567155630717,-52.68471592440574
4262,0,normal,0.018620066344738007,0.3147454179088979,-52.63289406395279
4263,0,normal,0.018908916041254997,0.31511048094654937,-52.62076478066274
4264,0,normal,0.017453106120228767,0.3195057269723605,-52.843433236288774
4265,0,normal,0.021251598373055458,0.31431098536734003,-52.7979373955975
4266,0,normal,0.01606922224164009,0.3159305681190565,-52.79041223970148
4267,0,normal,0.08719274401664734,0.31943144440228377,-52.610779729422575
4268,0,normal,0.013551588170230389,0.3135027952308722,-52.56993757275882
4269,0,normal,0.01790529303252697,0.3168778374117974,-52.52355117351772
4270,0,normal,0.01870741695165634,0.3161549560434263,-52.49242696936949
4271,0,normal,0.36091941595077515,0.3162699794776017,-51.163460585432176
4272,0,normal,0.3883143663406372,0.3169005789379897,-49.88293899436212
4273,0,normal,0.012069995515048504,0.32463984062314866,-49.8235597491489
4274,0,normal,0.02007218822836876,0.3159748223152936,-51.15004210669531
4275,0,normal,0.35097575187683105,0.3180615252696852,-49.87138274612721
4276,0,normal,0.012372505851089954,0.3187806898092896,-49.83281978638615
4277,0,normal,0.019571272656321526,0.31994786843214107,-51.14032989480802
4278,0,normal,0.021289175376296043,0.31615593260116703,-51.349104887947306
4279,0,normal,0.08379063755273819,0.3199153994347903,-51.14934055132426
4280,0,normal,0.015802651643753052,0.3147127263876847,-51.12429607654394
4281,0,normal,0.015925629064440727,0.3141577470735021,-51.10037169858242
4282,0,normal,0.016576547175645828,0.31948013547618076,-51.33543320812987
4283,0,normal,0.020097892731428146,0.3179201274558481,-51.31782688848352
4284,0,normal,0.0867501050233841,0.31780136427827715,-51.15593443490434
4285,0,normal,0.01528930850327015,0.3178585137541144,-51.16037966121144
4286,0,normal,0.01743984967470169,0.31891766868915816,-51.14849839462818
4287,0,normal,0.018382437527179718,0.31979268272664485,-51.15150352674004
4288,0,normal,0.018526751548051834,0.31823142130877285,-51.379042386577794
4289,0,normal,0.018936311826109886,0.31576213946574233,-51.38016202157496
4290,0,normal,0.018865084275603294,0.3154766287673364,-51.37397677997342
4291,0,normal,0.021460749208927155,0.3191602474572506,-51.35543680419141
4292,0,normal,0.01918754167854786,0.32003215156535647,-51.339313271361334
4293,0,normal,0.01798230968415737,0.3166873094007333,-51.32191231159959
4294,0,normal,0.018191350623965263,0.3161199657063893,-51.29939247398465
4295,0,normal,0.02154134400188923,0.31679015141858147,-51.25479559941209
4296,0,normal,0.0177318025380373,0.31627898421599826,-51.189230709436515
4297,0,normal,0.016247592866420746,0.3199064662962224,-51.40671442401458
4298,0,normal,0.014899187721312046,0.31459939235103174,-51.398106119103886
4299,0,normal,0.015253924764692783,0.31496308526295325,-51.35516883223454
4300,0,normal,0.021364904940128326,0.31573154735785625,-51.281405178341174
4301,0,normal,0.01600619964301586,0.31727732290019195,-52.60535774927962
4302,0,normal,0.016695616766810417,0.3122275429240255,-53.942261508073216
4303,0,normal,0.017792513594031334,0.31161200326148436,-53.910393408734535
4304,0,normal,0.018694661557674408,0.3140791152704286,-53.88216312780992
4305,0,normal,0.36322465538978577,0.3118844985604369,-53.96557778148076
4306,0,normal,0.014138330705463886,0.3116842181461274,-53.95220386627011
4307,0,normal,0.020329471677541733,0.31496189170032773,-53.92076991912495
4308,0,normal,0.3561721444129944,0.31457150465390527,-52.67345123767859
4309,0,normal,0.015040043741464615,0.31475964906015214,-52.86711241780358
4310,0,normal,0.35232141613960266,0.3171462381113518,-51.624515939115554
4311,0,normal,0.09367451071739197,0.314846786484762,-51.44442093466114
4312,0,normal,0.013751445338129997,0.3212527401751869,-51.43066323796643
4313,0,normal,0.016848482191562653,0.316242998335987,-51.44679654694369
4314,0,normal,0.016452452167868614,0.3141184609177036,-51.654686437590044
4315,0,normal,0.016308270394802094,0.3151749756697389,-51.672969291740856
4316,0,normal,0.016544388607144356,0.3167106847236048,-51.68343005901602
4317,0,normal,0.020064545795321465,0.3165401850334249,-51.66302392556895
4318,0,normal,7.2818779945373535,0.3322867685418156,-22.393538108824714
4319,0,normal,5.787663459777832,0.37433091043141353,2.5170710519553268
4320,0,normal,0.15881092846393585,0.37060073605886135,2.7215220906614377
4321,0,normal,0.20357055962085724,0.36588619778613196,3.580395095084441
4322,0,normal,0.7398567199707031,0.3743874618455636,3.4415961819681797
4323,0,normal,0.2575858533382416,0.3766039184546424,4.903707144983628
4324,0,normal,0.20828670263290405,0.39758784742335473,6.407018569560478
4325,0,normal,0.29721224308013916,0.3916916006375654,7.891942439824561
4326,0,normal,0.7537751197814941,0.39282754129529024,9.299478911440247
4327,0,normal,1.9567334651947021,0.3817375792625138,10.75183560434948
4328,0,normal,2.536856174468994,0.4135875242199111,24.028225405226976
4329,0,normal,2.4776458740234375,0.4265037191354993,35.02633969317685
4330,0,normal,0.6131678819656372,0.4214494670707474,35.04041861249334
4331,0,normal,1.9280275106430054,0.43931923623580293,47.917240270231105
4332,0,normal,0.04180505871772766,0.4202126787196922,48.013798339791265
4333,0,normal,0.023102449253201485,0.42935914354411664,47.723437661560865
4334,0,normal,0.3637305200099945,0.4236442883061778,48.65287170271563
4335,0,normal,0.09758363664150238,0.4288088793314094,47.64808105192242
4336,0,normal,0.3701506555080414,0.43546754595047743,48.87697610453483
4337,0,normal,0.012284302152693272,0.4275345149718802,48.99084970012518
4338,0,normal,0.019774066284298897,0.4345788383643171,47.89228568087492
4339,0,normal,0.020942410454154015,0.41981944980802927,48.04430582540317
4340,0,normal,0.015831641852855682,0.40973258953073355,47.253033021982674
4341,0,normal,0.019330430775880814,0.42200763708516414,47.30302004159307
4342,0,normal,0.012936494313180447,0.42444362400448765,47.72057357294602
4343,0,normal,0.01702885702252388,0.40500501780525217,48.233776127072815
4344,0,normal,0.015748420730233192,0.4338109871075971,48.81209649998891
4345,0,normal,0.006997887510806322,0.4078532233827896,49.56250222110043
4346,0,normal,0.010229128412902355,0.42226858964616926,50.10554329542879
4347,0,normal,0.019038014113903046,0.4305583706865717,50.75112688284844
4348,0,normal,0.01623900793492794,0.40259945961881966,24.599953036236457
4349,0,normal,0.08627455681562424,0.38169883616935185,-0.7357331514044745
4350,0,normal,0.012562211602926254,0.38084692670334463,-2.1133010387270588
4351,0,normal,0.016950182616710663,0.37716731412612703,-3.878130698265977
4352,0,normal,0.021948236972093582,0.3744173094194865,-2.7696578547656827
4353,0,normal,0.014963130466639996,0.3699447186018572,-4.169949545497275
4354,0,normal,0.014316428452730179,0.35818054581846576,-5.734766984898215
4355,0,normal,0.012065988965332508,0.3577879014665913,-7.475709846569771
4356,0,normal,0.014739911071956158,0.3425661586903498,-9.433061328329131
4357,0,normal,0.01616331748664379,0.35197223366645003,-11.593232971647012
4358,0,normal,0.02083272486925125,0.3436787891003352,-25.796334391854998
4359,0,normal,0.017125137150287628,0.3259847261564646,-38.593618776715175
4360,0,normal,0.017852239310741425,0.3262099184466856,-38.71592792772708
4361,0,normal,0.018850896507501602,0.31464479367647674,-52.91993489845504
4362,0,normal,0.01862296648323536,0.3163883322736016,-52.88120301024878
4363,0,normal,0.021706141531467438,0.3125586927329838,-52.83415329127229
4364,0,normal,0.01708817481994629,0.3135606041285076,-54.14460156992709
4365,0,normal,0.3638923466205597,0.3141320921607548,-53.12337227650346
4366,0,normal,0.009688408114016056,0.3119660899455484,-54.48184213038962
4367,0,normal,0.022113261744379997,0.31570279646106153,-54.45695448797778
4368,0,normal,0.3558080196380615,0.31316745633605336,-53.21610701496138
4369,0,normal,0.01066106092184782,0.31503004642187543,-53.219581425222486
4370,0,normal,0.3530954122543335,0.3190921537442716,-51.94300952003937
4371,0,normal,0.011683360673487186,0.31494735927951717,-51.9472628902904
4372,0,normal,0.02019360475242138,0.31963869146721074,-51.90245952902683
4373,0,normal,0.01247874740511179,0.31404138427218764,-51.92225653855962
4374,0,normal,0.01631426438689232,0.3147972148477308,-51.875268947233735
4375,0,normal,0.02023875154554844,0.31401039545955367,-51.802764851467145
4376,0,normal,0.015926958993077278,0.31647560256048035,-51.754076040282825
4377,0,normal,0.018153533339500427,0.316765536790862,-51.74799669533081
4378,0,normal,0.015911953523755074,0.31479840305102114,-51.76462861322625
4379,0,normal,0.019507549703121185,0.31492005603260675,-51.97785869885661
4380,0,normal,0.016620879992842674,0.31480680032159275,-51.96874767092072
4381,0,normal,0.0181325264275074,0.3154584877008373,-51.99163301543808
4382,0,normal,0.018164344131946564,0.3163764838881949,-52.010026066692035
4383,0,normal,0.017515016719698906,0.3148726307500314,-52.012770635293236
4384,0,normal,0.017239965498447418,0.3149437691635049,-52.016036420414366
4385,0,normal,0.01757100224494934,0.31961981911560294,-51.98114511470635
4386,0,normal,0.018552817404270172,0.3124700253250671,-51.96726800128795
4387,0,normal,0.08680535852909088,0.31663410865092206,-51.796509378704286
4388,0,normal,0.014089478179812431,0.31621561775415186,-51.80734686552455
4389,0,normal,0.019092982634902,0.31401001725123096,-51.7672455117322
4390,0,normal,0.018990281969308853,0.31857696407732655,-51.73978935347577
4391,0,normal,0.017363818362355232,0.3159314835164302,-51.702302048762476
4392,0,normal,0.01589561440050602,0.3145199732384997,-51.68496323722343
4393,0,normal,0.021379901096224785,0.313200638872971,-51.62690102234524
4394,0,normal,0.01199333742260933,0.31624773198705197,-51.61557044015717
4395,0,normal,0.01499947439879179,0.31147045897376097,-52.9488019132275
4396,0,normal,0.01338255312293768,0.3150696869146991,-52.92049307631328
4397,0,normal,0.364474892616272,0.3134871353367933,-51.68036155886648
4398,0,normal,0.09875831753015518,0.3128664391704254,-52.836234395817655
4399,0,normal,0.37175512313842773,0.32110919462287985,-51.58109893591427
4400,0,normal,0.013513498939573765,0.31421221917296477,-52.92810546684291
4401,0,normal,0.019826509058475494,0.31635321979361014,-52.91432767243168
4402,0,normal,0.3503907024860382,0.3164639416461817,-51.659818379050876
4403,0,normal,0.009739082306623459,0.3158675021571117,-51.63597154807758
4404,0,normal,0.08104631304740906,0.322058218126173,-51.45449859067071
4405,0,normal,0.013495991006493568,0.3161638703618556,-51.48516264376963
4406,0,normal,0.022096434608101845,0.31741213199158724,-51.44446039190825
4407,0,normal,0.016568245366215706,0.3162916482680094,-51.450019555554036
4408,0,normal,0.015476074069738388,0.31781526038357377,-51.42907744625268
4409,0,normal,0.01471230760216713,0.31629684846669104,-51.460709700163534
4410,0,normal,0.016249964013695717,0.31923824503610804,-51.48061992251587
4411,0,normal,0.02118491940200329,0.31647440153632117,-51.454866251893236
4412,0,normal,7.277266502380371,0.33056308404810697,-22.1706309060105
4413,0,normal,0.17045077681541443,0.34584273159532886,-22.211502051651223
4414,0,normal,1.5658551454544067,0.3748033914200788,1.8972838240613328
4415,0,normal,0.56667160987854,0.3504681675672473,0.9031730256028823
4416,0,normal,0.22548681497573853,0.36202069115297175,2.306037912581587
4417,0,normal,0.22820547223091125,0.3804842554133167,3.5631255253858853
4418,0,normal,0.20880025625228882,0.3715001994735,5.015129375162587
4419,0,normal,0.7198030948638916,0.3969395922497533,5.016002145412131
4420,0,normal,0.291373610496521,0.37467263639600995,6.520715725152968
4421,0,normal,0.7586365938186646,0.3802560343096175,8.007003151252093
4422,0,normal,1.9318186044692993,0.39092216341248154,9.501044988635613
4423,0,normal,3.6639301776885986,0.4008906563133227,9.708899297015932
4424,0,normal,0.7540330290794373,0.41704338139006275,34.037515638400464
4425,0,normal,0.1946917176246643,0.42314916133228503,35.37168382363052
4426,0,normal,2.126408338546753,0.4133505358717261,48.17620837393338
4427,0,normal,0.04271697252988815,0.4314577606239255,47.06155796387634
4428,0,normal,0.3748071789741516,0.4301773604106113,47.606493736427865
4429,0,normal,0.012667174451053143,0.427968121176334,46.15924002074803
4430,0,normal,0.025043420493602753,0.4301574518237988,46.26723885512865
4431,0,normal,0.35239219665527344,0.4172830060883951,47.59596473905253
4432,0,normal,0.01335796806961298,0.42492955967927837,46.46263967312029
4433,0,normal,0.023386044427752495,0.43554151383894996,46.65240350589056
4434,0,normal,0.02002652734518051,0.4092566722147966,46.63466302850793
4435,0,normal,0.01949877291917801,0.41823078841890765,47.02083263354143
4436,0,normal,0.020612234249711037,0.4185186333911532,47.23630230350159
4437,0,normal,0.01746273972094059,0.4047662366075359,47.67292957165341
4438,0,normal,0.004702558740973473,0.4242690197509863,48.07663160943548
4439,0,normal,0.012185011059045792,0.43146898577695586,48.53721232859925
4440,0,normal,0.005758671090006828,0.42645245557968114,49.143288979167664
4441,0,normal,0.018430408090353012,0.41305864893454053,49.68627973135585
4442,0,normal,0.08598790317773819,0.4077113081949239,23.455889868356508
4443,0,normal,0.011259526945650578,0.4124496143632573,24.139634732432796
4444,0,normal,0.02084439806640148,0.3745285880664711,-1.8752645335941907
4445,0,normal,0.015045089647173882,0.3797286592917934,-0.8017838456696609
4446,0,normal,0.013288959860801697,0.38118121730646315,-2.360180653854968
4447,0,normal,0.012641200795769691,0.37111442380664916,-3.817295299882062
4448,0,normal,0.017029019072651863,0.3706787273498376,-5.227057003449318
4449,0,normal,0.017784135416150093,0.3707013687624196,-4.331443467519193
4450,0,normal,0.017942998558282852,0.35625778465146146,-5.788750195853709
4451,0,normal,0.019627925008535385,0.3484019622677743,-7.531016696525512
4452,0,normal,0.08684566617012024,0.34531014210495353,-9.366449607005961
4453,0,normal,0.013563588261604309,0.36235554225980415,-9.198685265761014
4454,0,normal,0.019706444814801216,0.33528925915200714,-36.3106547553034
4455,0,normal,0.018342657014727592,0.3265979937588019,-38.71978862255219
4456,0,normal,0.0170676801353693,0.31327721423606636,-52.92333690275336
4457,0,normal,0.36232495307922363,0.31925688987055045,-51.651742208499854
4458,0,normal,0.09841760993003845,0.31323188179584777,-52.827014094296146
4459,0,normal,0.37173980474472046,0.31913956932852555,-51.54325266749106
4460,0,normal,0.012796598486602306,0.3176086851981341,-51.562374189507636
4461,0,normal,0.01964799501001835,0.31795298228274416,-52.880222672971286
4462,0,normal,0.3506580889225006,0.3174572243857354,-51.62199573830594
4463,0,normal,7.509598731994629,0.33899269846180885,-22.140963820434308
4464,0,normal,0.18389321863651276,0.34849784172308224,-22.157980625655455
4465,0,normal,2.504753828048706,0.33618813571379325,-23.138586933515626
4466,0,normal,0.6745572090148926,0.3647354375330184,1.1558824316377923
4467,0,normal,0.16931192576885223,0.36258814347590396,2.330128496086445
4468,0,normal,0.18869124352931976,0.37674297515726346,3.841877575691342
4469,0,normal,0.20558440685272217,0.3846151351360262,5.485984371026689
4470,0,normal,0.20278166234493256,0.38978464864984574,6.950598997395218
4471,0,normal,0.24638298153877258,0.4033885529722298,8.397517966800024
4472,0,normal,0.4774969816207886,0.38537989918063503,9.64679982845064
4473,0,normal,1.2241688966751099,0.4032576540634879,11.127468032254
4474,0,normal,2.4717259407043457,0.3972080508246178,12.575337838702126
4475,0,normal,3.2902441024780273,0.41352052539197076,14.048743812360271
4476,0,normal,0.6391398906707764,0.4287590677621005,38.21467403264319
4477,0,normal,0.29309311509132385,0.42539178051751086,38.592870693387795
4478,0,normal,1.8610280752182007,0.43091207585178715,51.39352201092015
4479,0,normal,0.041591573506593704,0.44952091359644863,51.45114999916427
4480,0,normal,0.022456767037510872,0.4314598262105066,51.03779619443367
4481,0,normal,0.023656927049160004,0.4473821499389408,50.886306469750025
4482,0,normal,0.08451603353023529,0.4261694487683122,51.028935583389966
4483,0,normal,0.014964370056986809,0.42727655226367733,51.19162304348174
4484,0,normal,0.01917596347630024,0.441963812171186,51.34273696853279
4485,0,normal,0.022825611755251884,0.4394404322709485,51.60062812696083
4486,0,normal,0.01648019440472126,0.42024861765690175,51.76992189817179
4487,0,normal,0.08687147498130798,0.43183985372898537,51.137154541029986
4488,0,normal,0.01305945310741663,0.41257055133734905,51.20325684516615
4489,0,normal,0.016826916486024857,0.42597343897146833,50.41954539186327
4490,0,normal,0.021886082366108894,0.41561540391802027,50.98008553655632
4491,0,normal,0.01695859618484974,0.4342453658666136,51.57039153694063
4492,0,normal,0.01452265027910471,0.42152120860578846,51.17416048629616
4493,0,normal,0.3640452027320862,0.4020688312196515,25.912677310807112
4494,0,normal,0.009524277411401272,0.40600220185010055,26.60566896869136
4495,0,normal,0.02235855534672737,0.41259069477827004,27.516616068866142
4496,0,normal,0.35623684525489807,0.3829771819763896,3.3163452806097666
4497,0,normal,0.008372594602406025,0.38239140255845433,2.187153709198128
4498,0,normal,0.35384780168533325,0.38724131297253994,2.04300490194305
4499,0,normal,0.010351643897593021,0.37979137116932526,0.6097661890526069
4500,0,normal,0.01711409166455269,0.3789221629645665,-0.5890244597767378
4501,0,normal,0.014512992464005947,0.3772484732448402,-2.043739793926534
4502,0,normal,0.022073807194828987,0.3566102814856938,-3.366692104470985
4503,0,normal,0.014732678420841694,0.3488187183166196,-5.142773447543277
4504,0,normal,0.08666395395994186,0.35465565163403867,-6.947676266479448
4505,0,normal,0.010613061487674713,0.3646302492993377,-9.08787160856491
4506,0,normal,0.013889390975236893,0.3306767433693554,-36.351746313135436
4507,0,normal,0.015220199711620808,0.3301345180649982,-37.34086600559772
4508,0,normal,0.017578892409801483,0.31620958083575446,-51.54536030634222
4509,0,normal,0.02152438648045063,0.3171497222452237,-51.54317891201504
4510,0,normal,0.019333597272634506,0.3182457612394484,-51.4609485154258
4511,0,normal,0.01902027800679207,0.31741457485075947,-51.4584837301295
4512,0,normal,7.279452800750732,0.3331262136983999,-22.37984146499616
4513,0,normal,0.17471478879451752,0.34440303168713304,-22.38453027931064
4514,0,normal,2.4722437858581543,0.3321375669904117,-23.369410003328767
4515,0,normal,0.6730687618255615,0.3682634859590458,0.8925502824101841
4516,0,normal,0.15664348006248474,0.36256351107869456,2.0272466485205314
4517,0,normal,0.20195253193378448,0.37404141903792865,3.2906625093062303
4518,0,normal,0.17189642786979675,0.3833970524732181,4.753924577126099
4519,0,normal,0.888816237449646,0.3792292449540094,4.762030838055125
4520,0,normal,0.21698763966560364,0.39207814220953,6.284898408044228
4521,0,normal,4.476030349731445,0.4042277301255021,30.615768717890205
4522,0,normal,0.4782469570636749,0.4052914563715795,32.16390553785118
4523,0,normal,0.6905903816223145,0.39895424529279777,31.14000968283176
4524,0,normal,2.240983724594116,0.43393591286346056,45.21869306468034
4525,0,normal,0.03075454942882061,0.4121014932868603,45.223901363645155
4526,0,normal,0.024323077872395515,0.4147572346699661,43.7409692746005
4527,0,normal,0.36540713906288147,0.41282931270882395,44.70270636247096
4528,0,normal,0.09654553979635239,0.42116699449437395,43.69008541868311
4529,0,normal,0.013094436377286911,0.4168733576297467,43.73784097423231
4530,0,normal,0.018961884081363678,0.42116125322548387,43.83782821140903
4531,0,normal,0.024165555834770203,0.41132083155360033,44.03343329121731
4532,0,normal,0.01981959491968155,0.40763708510619556,44.09850620190991
4533,0,normal,0.008517005480825901,0.41675990764085796,44.13376025972366
4534,0,normal,0.015082974918186665,0.4107279956195587,44.04817269848445
4535,0,normal,0.016880707815289497,0.4096059590384508,44.13120008192004
4536,0,normal,0.0860331803560257,0.41367353917271993,44.64709770696459
4537,0,normal,0.012166664935648441,0.4052143726550476,44.92109415747041
4538,0,normal,0.01331696379929781,0.4055801067819338,45.29745657265016
4539,0,normal,0.004031097516417503,0.4240549298300019,45.70278984035485
4540,0,normal,0.0036967070773243904,0.43105951399026343,46.08624964164392
4541,0,normal,0.08794661611318588,0.4054676241244929,47.02163339802905
4542,0,normal,0.014747515320777893,0.3931581895562963,20.867423901470374
4543,0,normal,0.016440369188785553,0.38374655169035427,21.710088807099964
4544,0,normal,0.01788509450852871,0.4004296333804148,22.702854850784433
4545,0,normal,0.019543934613466263,0.36553521096631986,-2.705735921257201
4546,0,normal,0.08607722818851471,0.37472661389875683,-3.970131820876759
4547,0,normal,0.01382312923669815,0.35726922437971875,-5.477927260667229
4548,0,normal,0.018004609271883965,0.359076530808839,-7.341081248782075
4549,0,normal,0.021727174520492554,0.3518336070318844,-6.854776222206965
4550,0,normal,0.3612842857837677,0.36700624916549945,-7.695675156206107
4551,0,normal,0.009573777206242085,0.3292028636845352,-34.75318141351909
4552,0,normal,0.3562544882297516,0.33768128087502386,-35.792433699523826
4553,0,normal,0.009427734650671482,0.33337353076385146,-35.94858827714802
4554,0,normal,0.023393895477056503,0.3210470161966773,-51.471735193879795
4555,0,normal,0.3529348075389862,0.31817898650434506,-50.14205609462715
4556,0,normal,0.009915226139128208,0.3195475686873325,-50.1291208070993
4557,0,normal,0.0815695971250534,0.32168208038579743,-51.287700517336816
4558,0,normal,0.016417337581515312,0.3187244661140865,-51.50454581406325
4559,0,normal,0.0201665498316288,0.31802530247237487,-51.47027528453532
4560,0,normal,0.02093837969005108,0.3158251371484915,-51.44220245669294
4561,0,normal,0.018672270700335503,0.3185113249776887,-51.41758137263878
4562,0,normal,0.01964506320655346,0.3181220288434148,-51.394928140573484
4563,0,normal,0.0870971828699112,0.32061944041929524,-51.19019854136013
4564,0,normal,0.016753453761339188,0.3190874599227221,-51.13600823646016
4565,0,normal,0.018447019159793854,0.3166183571007079,-51.11906766882521
4566,0,normal,0.020179271697998047,0.3203207646438891,-51.33033553055998
4567,0,normal,0.01829671859741211,0.3203029447064658,-51.28719184896545
4568,0,normal,0.08657661080360413,0.31940680946689415,-51.118657931259804
4569,0,normal,7.333465576171875,0.3397471449172252,-21.823924683542828
4570,0,normal,0.17879754304885864,0.347122526578934,-21.769195117332856
4571,0,normal,2.4843332767486572,0.33649598310466955,-22.978142521092423
4572,0,normal,0.6716938018798828,0.3712334933775328,1.3180071418462376
4573,0,normal,0.1743904948234558,0.35735409177463506,2.4972358950208218
4574,0,normal,9.980010986328125,0.40090709184438394,47.54107344663498
4575,0,normal,10.147151947021484,0.41365033611259244,90.7313711734763
4576,0,normal,0.16087549924850464,0.421151865504045,91.53260223013183
4577,0,normal,0.4322749078273773,0.429503322027009,92.67436214968973
4578,0,normal,0.8973768949508667,0.42258745599758774,93.94677480000246
4579,0,normal,1.9728548526763916,0.4378211719446381,95.34034079509661
4580,0,normal,0.8919522166252136,0.46492482567793225,116.57715966971591
4581,0,normal,0.17675752937793732,0.46032301170507983,117.91948585767659
4582,0,normal,0.6584015488624573,0.4520285836828865,116.86129719522944
4583,0,normal,1.9668604135513306,0.47150204692007724,128.8604503178858
4584,0,normal,0.03891156613826752,0.46738495725395035,128.98572560700984
4585,0,normal,0.027664005756378174,0.4644078108796175,127.6039857479999
4586,0,normal,0.3626519441604614,0.4567230070002962,128.41268791303094
4587,0,normal,0.0965636596083641,0.4395463407373373,128.39924552669277
4588,0,normal,0.3662586808204651,0.4536490332196716,129.53772300178844
4589,0,normal,0.015397746115922928,0.47701463933238947,129.5830710111536
4590,0,normal,0.02652316354215145,0.4772672731973379,129.70435847080205
4591,0,normal,0.34641367197036743,0.4593950324535099,130.90599506995477
4592,0,normal,0.0922529324889183,0.4547708373030848,131.14280948694056
4593,0,normal,0.012781869620084763,0.48091724588620965,131.29138578694574
4594,0,normal,0.01609904319047928,0.4687643502121965,131.54878341831818
4595,0,normal,0.015073542483150959,0.4617185255341312,132.05379405293354
4596,0,normal,0.017588503658771515,0.4574959747910621,132.76539217774985
4597,0,normal,0.015024770982563496,0.47171982768502385,133.43111928179883
4598,0,normal,0.08716223388910294,0.4745975475226213,134.31653646425264
4599,0,normal,0.0167695265263319,0.44602440460693593,110.41125545240345
4600,0,normal,0.015539963729679585,0.43985528878588737,111.27706822251912
4601,0,normal,0.015210319310426712,0.4386994704932051,112.45174021727962
4602,0,normal,0.012168413028120995,0.40929101757475017,89.15532389403222
4603,0,normal,0.0212418120354414,0.4207292545766989,87.94493937263769
4604,0,normal,0.015675093978643417,0.3885820334666167,44.654820892926864
4605,0,normal,0.021577252075076103,0.38072576783556655,-0.7560793464533617
4606,0,normal,0.016039570793509483,0.36300106576609914,-2.0749880659661812
4607,0,normal,0.011858050711452961,0.35525644067557643,-3.7769544973159555
4608,0,normal,0.0877779871225357,0.3573582566803835,-5.46861412352041
4609,0,normal,0.010497200302779675,0.3588924830692915,-7.493702687864015
4610,0,normal,0.021368108689785004,0.3329201684679449,-34.49980966550811
4611,0,normal,0.0066006239503622055,0.3305958942214125,-37.20331324732433
4612,0,normal,0.08671779185533524,0.3339793800269231,-36.90474313591426
4613,0,normal,0.010076720267534256,0.3167375276493069,-51.199738721851645
4614,0,normal,0.010092184878885746,0.31881743767053755,-51.175852355811
4615,0,normal,0.020351098850369453,0.3158104047360467,-51.11161388205437
4616,0,normal,0.020988212898373604,0.31632296356121326,-52.445626808043926
4617,0,normal,0.3715190887451172,0.319281993992515,-51.3935139597927
4618,0,normal,7.438201904296875,0.33200721407748346,-23.42549140760366
4619,0,normal,0.4977659583091736,0.3439125892007164,-22.214871014861956
4620,0,normal,1.3770772218704224,0.3697562845484421,1.7240764533144102
4621,0,normal,0.15502937138080597,0.3581134530638986,0.9909413256532389
4622,0,normal,0.1924942582845688,0.37026740442494177,2.315065903061395
4623,0,normal,0.20293207466602325,0.3852137647394899,3.8088312004324507
4624,0,normal,0.19314439594745636,0.3842591202704044,5.229361627175649
4625,0,normal,0.20922939479351044,0.40322285200958813,6.684213990951321
4626,0,normal,0.38790076971054077,0.39776556910893235,8.131741327993268
4627,0,normal,1.6819113492965698,0.38294983362706325,8.181880369044165
4628,0,normal,1.9222344160079956,0.3915149826744231,9.485561493834666
4629,0,normal,0.9203065037727356,0.4372186910534306,33.70168109718679
4630,0,normal,0.19418050348758698,0.4202622322812953,34.894640499931484
4631,0,normal,0.6157088279724121,0.4253178765023533,34.92030235312495
4632,0,normal,1.984052062034607,0.42999548477431876,47.75393241527354
4633,0,normal,0.032441645860672,0.4277233143916033,47.77404219901791
4634,0,normal,0.027476076036691666,0.4453375152547644,47.467310993737556
4635,0,normal,0.019746772944927216,0.4211328860628491,47.199723159242694
4636,0,normal,0.08404962718486786,0.43368460199541464,47.44629400575923
4637,0,normal,0.012621474452316761,0.4141473913053169,47.63897372375686
4638,0,normal,0.016662919893860817,0.42543025415892877,47.51513623490359
4639,0,normal,0.017199821770191193,0.43092481305977165,47.6726740538802
4640,0,normal,0.012146346271038055,0.41405323555160084,47.865663356521054
4641,0,normal,0.08503345400094986,0.42204146402610104,48.46116435546219
4642,0,normal,0.015968654304742813,0.4191131856194875,48.57931266801438
4643,0,normal,0.018083252012729645,0.4256670085980751,49.11162230523519
4644,0,normal,0.016762735322117805,0.4260002522910277,49.715341842166254
4645,0,normal,0.017470501363277435,0.4367004317640988,50.349439995477496
4646,0,normal,0.36178478598594666,0.4137859456890774,52.337064312566326
4647,0,normal,0.012234845198690891,0.42211416065027096,51.8328607262049
4648,0,normal,0.3556346595287323,0.41360295864671914,26.893988825853285
4649,0,normal,0.014945556409657001,0.4019353428307868,26.53086109829428
4650,0,normal,0.01967955380678177,0.3840744046435022,1.2981712439711828
4651,0,normal,0.017291245982050896,0.37656746228286686,-0.056682438928874035
4652,0,normal,0.022533690556883812,0.37861595995019154,-1.6281823408842229
4653,0,normal,0.014920920133590698,0.3687813320677743,-2.995530338776007
4654,0,normal,0.012848681770265102,0.37451693398504265,-4.447271018501169
4655,0,normal,0.02119561657309532,0.3574282594952821,-5.8718379718209235
4656,0,normal,0.015718646347522736,0.354137487921578,-7.717786421560277
4657,0,normal,0.014600666239857674,0.3505980306662031,-7.217523049715965
4658,0,normal,0.011432680301368237,0.3624700085514676,-9.254054530342273
4659,0,normal,0.014346646144986153,0.3307010674715139,-36.384429222691324
4660,0,normal,0.015388907864689827,0.32696478824226927,-38.80730184488107
4661,0,normal,0.017429443076252937,0.3288416596148101,-38.70621227645802
4662,0,normal,0.01627843640744686,0.3134941578734319,-52.959499407154226
4663,0,normal,0.08696834743022919,0.3155781930034809,-52.74178835176849
4664,0,normal,0.003520980477333069,0.31293123502850395,-52.835281537151104
4665,0,normal,0.01922832615673542,0.3159299015458908,-52.80829674607867
4666,0,normal,0.0163078922778368,0.31540721184880827,-53.04113606913097
4667,0,normal,0.018397696316242218,0.3146239637802699,-53.007583225047256
4668,0,normal,0.08572017401456833,0.31800523868674413,-52.81313740480755
4669,0,normal,0.013332330621778965,0.3130715442920789,-52.76854580890654
4670,0,normal,0.0183771513402462,0.31662811646713207,-52.71042760253454
4671,0,normal,0.01766285113990307,0.3117416465524322,-52.91523088394865
4672,0,normal,0.014170024544000626,0.31686655088747334,-52.90593161658285
4673,0,normal,0.01417569350451231,0.31132459263424306,-52.90124879079826
4674,0,normal,0.08686072379350662,0.31735052508923123,-52.68834534297139
4675,0,normal,0.015216346830129623,0.31404509282299153,-52.66656688402554
4676,0,normal,0.018527621403336525,0.3129941019173097,-53.98801279767349
4677,0,normal,0.018869100138545036,0.31313501035017915,-53.97515665773699
4678,0,normal,0.018119866028428078,0.3115750820473345,-55.30350334397622
4679,0,normal,0.3624337911605835,0.3129819155661841,-54.08425673090983
4680,0,normal,0.09867975115776062,0.3158322700354891,-53.922302720749485
4681,0,normal,0.37211066484451294,0.3190445497797358,-52.695392293449686
4682,0,normal,0.012145216576755047,0.3145976448956381,-52.73078031368391
4683,0,normal,0.3478439152240753,0.3215289638566086,-51.445738133442546
4684,0,normal,0.013063575141131878,0.3156613592505532,-51.412324084396914
4685,0,normal,0.024189064279198647,0.3203130375061986,-51.385860842770626
4686,0,normal,0.08079423755407333,0.3195675820599204,-51.19736413398573
4687,0,normal,0.014770584180951118,0.3179124376094107,-51.174645775070985
4688,0,normal,0.01894335076212883,0.31730689039613436,-51.121069771368866
4689,0,normal,0.022316642105579376,0.3170348653635273,-51.05696938860547
4690,0,normal,0.01863529346883297,0.3164164104489232,-51.03898490022016
4691,0,normal,0.08724094927310944,0.3173274545857753,-50.85336123135221
4692,0,normal,0.0140618197619915,0.3229591745314055,-50.841927410875314
4693,0,normal,0.0215159822255373,0.3176500608899643,-51.054285659556854
4694,0,normal,0.01604810357093811,0.31926967171198906,-51.01262674648683
4695,0,normal,0.008669144473969936,0.31988099553816723,-51.05389236156407
4696,0,normal,0.0208817720413208,0.31760229335012047,-51.02155895060423
4697,0,normal,0.011517152190208435,0.3171550259752492,-51.06847029133269
4698,0,normal,0.015858298167586327,0.3203807803452342,-51.30242323833181
4699,0,normal,0.01366973016411066,0.31810455267854626,-51.3442414598951
4700,0,normal,0.017859289422631264,0.3158250580189613,-51.32393560394098
4701,0,normal,0.018918462097644806,0.31896798011670496,-51.29976093794926
4702,0,normal,0.08675822615623474,0.31453556310669945,-51.08020279647667
4703,0,normal,0.013012909330427647,0.3231634384443245,-51.02909323077483
4704,0,normal,0.016822122037410736,0.31615543218366826,-51.217968765574824
4705,0,normal,0.022163907065987587,0.31996020125966074,-51.16706262977709
4706,0,normal,0.01260246243327856,0.31553363904093834,-51.145865653547844
4707,0,normal,0.00430184043943882,0.31777004722449737,-51.17645747724464
4708,0,normal,0.0037837442941963673,0.31689449892709803,-51.21599173265008
4709,0,normal,0.3673371374607086,0.31950073549013847,-51.27584443855085
4710,0,normal,0.0026907166466116905,0.3150093554341677,-51.56109578277915
4711,0,normal,0.35786598920822144,0.31967511737183313,-51.61425746190366
4712,0,normal,0.013453281484544277,0.31476891505779986,-51.58416094532822
4713,0,normal,0.006613165605813265,0.31652625955017555,-52.974763152271635
4714,0,normal,7.65871524810791,0.33434417526489607,-22.398723720775934
4715,0,normal,2.5712971687316895,0.3671000527613773,-10.808905709083547
4716,0,normal,2.5348570346832275,0.37363814880026025,1.2358869898901048
4717,0,normal,0.13563956320285797,0.363693155643926,1.9897817178746209
4718,0,normal,0.18418382108211517,0.36555535093572905,3.377121066695281
4719,0,normal,0.20551539957523346,0.38957572120739337,4.834041501798083
4720,0,normal,0.19444268941879272,0.38623417102950686,6.460165923147997
4721,0,normal,0.23813819885253906,0.40253297499364654,7.68138900502754
4722,0,normal,0.5416285991668701,0.3915998483509309,9.06792398969219
4723,0,normal,1.4638246297836304,0.39244494385668993,10.561851976614662
4724,0,normal,2.669786214828491,0.40892595873200266,12.20803619406911
4725,0,normal,0.6305043697357178,0.43655072805064343,36.354788848741464
4726,0,normal,0.44840410351753235,0.4200626080513933,36.073703329239606
4727,0,normal,1.9664868116378784,0.4356359324374179,48.918389879970846
4728,0,normal,0.09748760610818863,0.43094220088720825,49.167565980718564
4729,0,normal,0.014888499863445759,0.4271936885729862,48.80029830847093
4730,0,normal,0.007492660544812679,0.4521928177714481,48.54679829450515
4731,0,normal,0.007041536271572113,0.4209462887468045,48.509644082139175
4732,0,normal,0.016641834750771523,0.43702530309385856,48.40184978625393
4733,0,normal,0.021106328815221786,0.4316858020632981,48.574748101951855
4734,0,normal,0.020712150260806084,0.4331532489709557,48.70548432303576
4735,0,normal,0.022928206250071526,0.43384380720669835,48.868311621283965
4736,0,normal,0.3631983697414398,0.42770591713477824,50.36745322224601
4737,0,normal,0.014569003134965897,0.4291616430444334,50.76011427316712
4738,0,normal,0.08292251825332642,0.4332772364575624,51.36775185704096
4739,0,normal,0.37312474846839905,0.416975701440242,51.75665104936138
4740,0,normal,0.011934327892959118,0.4486731088048392,52.389942564818284
4741,0,normal,0.35006222128868103,0.44695025325870624,52.98021642707522
4742,0,normal,0.09217032045125961,0.4236034394239028,53.869988069867986
4743,0,normal,0.014639695174992085,0.43887726899804697,54.60162563434824
4744,0,normal,0.021276645362377167,0.40491949977933545,27.374085164648932
4745,0,normal,0.01737157069146633,0.4060977877050934,15.762631191584433
4746,0,normal,0.08385738730430603,0.39446874177604635,3.0887727655317576
4747,0,normal,0.01147465780377388,0.3864325717125467,1.7388281855280638
4748,0,normal,0.01683458872139454,0.3775581427006121,0.5465241163194605
4749,0,normal,0.021659836173057556,0.3709229061244234,-0.6604062669052837
4750,0,normal,0.017350751906633377,0.3746274290975421,-2.329815067707159
4751,0,normal,0.016430722549557686,0.35938681278565887,-3.734123139691519
4752,0,normal,0.0878826454281807,0.3502742328756199,-5.370157353312607
4753,0,normal,0.00478346087038517,0.35693821797458797,-7.4775239211608096
4754,0,normal,0.02029244415462017,0.3578853321445153,-9.864738933009903
4755,0,normal,0.016208447515964508,0.32909026582668266,-37.22338429908086
4756,0,normal,0.016243092715740204,0.33363019800431853,-37.080697079445144
4757,0,normal,0.016301125288009644,0.31640681625562644,-51.3257131480641
4758,0,normal,0.018155742436647415,0.3220806166453526,-51.54649106934971
4759,0,normal,0.018096262589097023,0.31999248007405573,-51.48546073231796
4760,0,normal,0.018265144899487495,0.3146973449758262,-51.388753460684484
4761,0,normal,0.019740978255867958,0.32055200900723946,-51.26628657622109
4762,0,normal,0.017751015722751617,0.31714277639443006,-51.20621587179562
4763,0,normal,0.017769021913409233,0.31765371388449276,-51.17203077538147
4764,0,normal,0.08693407475948334,0.31559484425210826,-50.949794675716475
4765,0,normal,0.012414195574820042,0.3180424487578996,-50.93799737979475
4766,0,normal,0.012706544250249863,0.31529695421278664,-52.256138749310594
4767,0,normal,0.01742035523056984,0.3181664851522321,-52.20831669909171
4768,0,normal,0.36087220907211304,0.31565408350233004,-51.164970373963115
4769,0,normal,0.09768969565629959,0.314010300149421,-52.306937411813806
4770,0,normal,0.3708816468715668,0.32064118454125434,-51.0387855501765
4771,0,normal,0.012840215116739273,0.31675461795718446,-52.37391066762166
4772,0,normal,0.34739136695861816,0.31926357379077563,-51.33976994803993
4773,0,normal,0.01223937887698412,0.31557914892514677,-51.31700335724122
4774,0,normal,0.024082748219370842,0.3194293712591517,-51.260153512309216
4775,0,normal,0.08082544803619385,0.3174489754356872,-51.067905945727944
4776,0,normal,0.013727126643061638,0.3185122495495615,-51.279711567190816
4777,0,normal,0.018305428326129913,0.31717303354914245,-51.25745215122083
4778,0,normal,0.017618561163544655,0.31582823127133125,-51.24306133469645
4779,0,normal,0.016436269506812096,0.31763661577348296,-51.25750216973324
4780,0,normal,0.014206066727638245,0.31588167614368307,-51.26887489045703
4781,0,normal,0.005213454831391573,0.32074556612824573,-51.35395000143967
4782,0,normal,0.01598266512155533,0.3178464661646803,-51.603456147152656
4783,0,normal,0.019185177981853485,0.3173110886114799,-51.5620674924844
4784,0,normal,0.01598796620965004,0.31866032908115105,-51.58249279811889
4785,0,normal,0.013806361705064774,0.31675726205654353,-51.60035619377504
4786,0,normal,0.014799224212765694,0.31487873593621674,-51.632256818098085
4787,0,normal,0.013557606376707554,0.31772959214843716,-51.644941777991335
4788,0,normal,0.01563826948404312,0.31744833978501924,-51.67448715020873
4789,0,normal,0.013086981140077114,0.3158386555307997,-51.6870616992494
4790,0,normal,0.013538708910346031,0.3186248093793159,-51.69021653605978
4791,0,normal,0.08711152523756027,0.3138704537052312,-51.5044466986933
4792,0,normal,0.010521674528717995,0.32114925511906606,-51.4818602531775
4793,0,normal,0.021294379606842995,0.3167867862371985,-51.40421669939133
4794,0,normal,0.01445690169930458,0.3192047631416457,-51.610941801033505
4795,0,normal,0.016015667468309402,0.3147487059863927,-51.56601245788329
4796,0,normal,0.010889257304370403,0.3190860285526131,-51.506640488158155
4797,0,normal,0.009811044670641422,0.31445558110672117,-51.49713479007073
4798,0,normal,0.008175307884812355,0.31697234567564925,-52.84341947779126
4799,0,normal,0.005243534222245216,0.3118551239420406,-53.12137719810289
4800,0,normal,0.014802834950387478,0.3117795666058513,-54.43273605616605
4801,0,normal,0.36332571506500244,0.3125928080603493,-53.174004616407956
4802,0,normal,0.006291871424764395,0.31199592905483287,-54.55670803650605
4803,0,normal,0.3569558560848236,0.3182511230473753,-53.29266082910635
4804,0,normal,0.010874425061047077,0.31361679794244673,-53.324700079278955
4805,0,normal,0.019995592534542084,0.3168182278471357,-53.5308141365565
4806,0,normal,7.371193885803223,0.3328371260987698,-23.99030250048122
4807,0,normal,0.18445438146591187,0.3406521844119851,-24.001241011293587
4808,0,normal,2.4945833683013916,0.3354224467981632,-24.993838023780654
4809,0,normal,0.6733536124229431,0.3607749323198036,-0.6719592713061502
4810,0,normal,0.1692095547914505,0.3595302481963086,0.5001880413410618
4811,0,normal,0.1997784674167633,0.37761983128318644,2.174745681866625
4812,0,normal,0.20680096745491028,0.383197751359152,3.66971108246571
4813,0,normal,0.20585793256759644,0.38433769960402014,5.072896656170997
4814,0,normal,0.23323935270309448,0.40099585497272977,6.500840523985062
4815,0,normal,0.4446064233779907,0.3848599278715495,7.9867554308978015
4816,0,normal,1.1457867622375488,0.39772762635956316,9.435703408019435
4817,0,normal,2.4036240577697754,0.3887769884224457,10.891719205899108
4818,0,normal,0.7215549945831299,0.43002717225980774,34.993283377394164
4819,0,normal,0.17911402881145477,0.4217454756117122,36.197822575949886
4820,0,normal,0.6366516351699829,0.4173249941512024,36.23860564490519
4821,0,normal,1.9729489088058472,0.43561938057978905,48.85681212905661
4822,0,normal,0.03387726470828056,0.42648856346215847,48.915160213806985
4823,0,normal,0.026038888841867447,0.44850342674727967,48.578299537421344
4824,0,normal,0.027240894734859467,0.42322249981468557,48.43800105807395
4825,0,normal,0.08394172787666321,0.4213486469466963,48.787703509177845
4826,0,normal,0.0038877055048942566,0.42480443567127313,48.886462436600596
4827,0,normal,0.014698916114866734,0.45143394238508733,49.06866345626486
4828,0,normal,0.017517535015940666,0.4256579130372343,49.30914765362991
4829,0,normal,0.021967709064483643,0.4255848955245533,49.545087441989835
4830,0,normal,0.3580552935600281,0.4336840803680629,51.06147139172867
4831,0,normal,0.011170770041644573,0.41098048095816825,50.1329885900368
4832,0,normal,0.35453689098358154,0.44122405664837894,51.730981323300966
4833,0,normal,0.009774047881364822,0.41140706996052834,51.01820048367108
4834,0,normal,0.019470494240522385,0.43757138968984116,51.615376937781775
4835,0,normal,0.014289178885519505,0.41335734980287514,52.426979788571316
4836,0,normal,0.021754097193479538,0.41115526901675564,26.051008201088507
4837,0,normal,0.009427487850189209,0.4115249301152982,26.741174629347825
4838,0,normal,0.017414752393960953,0.4074004794764787,27.658144647024073
4839,0,normal,0.01914852485060692,0.38659266919046487,2.5240266293612876
4840,0,normal,0.08701881766319275,0.37793717087320844,1.4218486332458724
4841,0,normal,0.013492255471646786,0.37970773577368433,-0.05845622784113402
4842,0,normal,0.017904868349432945,0.3695737232109317,-1.2523463056500077
4843,0,normal,0.016765356063842773,0.3811113164196334,-2.5671694827963165
4844,0,normal,0.01536176074296236,0.35888018766452984,-3.8802500005024285
4845,0,normal,0.016206251457333565,0.3588638056602359,-5.558757898531894
4846,0,normal,0.08692973107099533,0.35176528680814056,-7.248819620847598
4847,0,normal,0.012660153210163116,0.3615306200640498,-9.242225907178181
4848,0,normal,0.018541600555181503,0.3285084138326128,-36.28442443752465
4849,0,normal,0.02198849990963936,0.325939524102367,-38.665595093767706
4850,0,normal,0.018872208893299103,0.3279103574303647,-38.56669938066557
4851,0,normal,0.08611126989126205,0.3147913463578739,-52.613761182410144
4852,0,normal,0.01350493635982275,0.3199232379443105,-52.58272477632954
4853,0,normal,0.0183725468814373,0.3137108738972383,-52.53773666579468
4854,0,normal,0.018758226186037064,0.3167090845967259,-52.52425070967797
4855,0,normal,0.018057741224765778,0.31380859830274316,-52.70235466669078
4856,0,normal,0.020896144211292267,0.31510347325630494,-52.591544349771766
4857,0,normal,0.0863233134150505,0.31318927537322133,-52.38821777967178
4858,0,normal,0.012179931625723839,0.31750446608439,-52.36896526286114
4859,0,normal,0.02001342363655567,0.3139161246058162,-52.36933283372741
4860,0,normal,0.018306726589798927,0.31364941279302094,-53.673471907827434
4861,0,normal,0.3613307774066925,0.3175725388221419,-52.40044686905571
4862,0,normal,0.012683608569204807,0.3122479769146819,-53.74171648252536
4863,0,normal,0.35537728667259216,0.3198756045702377,-52.47562669732429
4864,0,normal,0.01033464539796114,0.31409324206096995,-52.503803713573916
4865,0,normal,0.01569352298974991,0.3184577637512471,-52.483415715689716
4866,0,normal,0.3541660010814667,0.31656474143097335,-51.23466354879497
4867,0,normal,0.012178110890090466,0.3152443866654582,-51.17208793998657
4868,0,normal,0.3527284562587738,0.32245278321463383,-49.92443585448564
4869,0,normal,0.014791075140237808,0.3201731446625769,-49.91217003698239
4870,0,normal,0.08037162572145462,0.32347899502841415,-49.94862944301758
4871,0,normal,0.012079636566340923,0.31805376555827625,-49.96164552978007
4872,0,normal,0.015857072547078133,0.31986018513927117,-49.93048551989841
4873,0,normal,0.017737286165356636,0.3183961941463742,-49.92649052342176
4874,0,normal,0.02198041044175625,0.3222311384404093,-49.890599582119876
4875,0,normal,0.08638372272253036,0.32263553750123536,-49.6937561035279
4876,0,normal,0.013591248542070389,0.31809576065350986,-49.933607671376876
4877,0,normal,0.017212651669979095,0.31866622549861007,-49.93421150295421
4878,0,normal,0.017483463510870934,0.3195097784703178,-49.926302690268585
4879,0,normal,0.018048172816634178,0.3196858392841115,-49.95558339290369
4880,0,normal,0.015619546175003052,0.3198689815030899,-49.96485115148971
4881,0,normal,0.08729355782270432,0.3209657626481624,-50.02506174146447
4882,0,normal,0.012643445283174515,0.31907896995325175,-50.03184940077995
4883,0,normal,0.01737740822136402,0.32274626739126017,-50.02829670358847
4884,0,normal,0.02154877409338951,0.3148501164657736,-49.99422709659734
4885,0,normal,0.018429391086101532,0.3200251543572375,-49.95383045262565
4886,0,normal,0.08617505431175232,0.3197027693627122,-49.77476644289186
4887,0,normal,0.016884364187717438,0.32115918350967304,-49.94061580035782
4888,0,normal,0.018111208453774452,0.3216252911517091,-49.92115451618838
4889,0,normal,0.012906402349472046,0.31790739279132685,-49.902314130703644
4890,0,normal,0.010184579528868198,0.3193297081272152,-49.88371385754317
4891,0,normal,0.015202264301478863,0.31398630217209406,-51.17175826681569
4892,0,normal,0.017589718103408813,0.3188482305361169,-51.1367079262468
4893,0,normal,0.016862545162439346,0.31410273388617554,-52.457663209205066
4894,0,normal,0.019295532256364822,0.31680923128803823,-52.40707457472831
4895,0,normal,0.36336585879325867,0.31592924868297306,-51.1171948612282
4896,0,normal,0.09896939247846603,0.31504067403190344,-52.2502503689509
4897,0,normal,0.37218180298805237,0.320673955686323,-51.009130479373425
4898,0,normal,0.011691841296851635,0.31579141090082646,-52.337650116852274
4899,0,normal,0.347683310508728,0.32151819490483574,-51.09592763404203
4900,0,normal,0.012112176045775414,0.3156094634945224,-51.32015551034215
4901,0,normal,0.004812007304280996,0.321633242833148,-51.363188655258455
4902,0,normal,0.017536969855427742,0.3177004362051909,-51.34221120746133
4903,0,normal,7.306612014770508,0.33836534328635987,-22.025227360359395
4904,0,normal,0.17156818509101868,0.3424882415159851,-22.068915820957272
4905,0,normal,1.5564748048782349,0.37082041091191825,1.8298185272228693
4906,0,normal,0.154954195022583,0.36257522966647326,2.3460774061106804
4907,0,normal,0.7525075674057007,0.36493289462878087,2.2544947050637347
4908,0,normal,0.23973247408866882,0.3749672771130768,3.7076468631387343
4909,0,normal,0.21436254680156708,0.38473225933805105,5.170594344016763
4910,0,normal,0.1997809112071991,0.3986038228452559,6.833826356920326
4911,0,normal,0.33498871326446533,0.3882675119191013,8.049638223319107
4912,0,normal,0.9117510914802551,0.38409665571857843,9.509602736604847
4913,0,normal,2.150496482849121,0.39398819209289004,10.906394217003708
4914,0,normal,3.223154306411743,0.4138292781800187,12.405606159403078
4915,0,normal,0.5788071751594543,0.4255987852782103,36.69896691262397
4916,0,normal,1.567154884338379,0.44110253052416537,42.17425216906986
4917,0,normal,1.3085765838623047,0.42807064467536166,49.064156694444364
4918,0,normal,7.271844863891602,0.4483165976667845,75.72997554130848
4919,0,normal,0.18188360333442688,0.46484100185680577,75.61726834593878
4920,0,normal,1.9032397270202637,0.4750831733358134,97.60845834823135
4921,0,normal,0.1474674940109253,0.4720013164358841,98.26494470758712
4922,0,normal,0.44717609882354736,0.4689283717945458,100.81028728330512
4923,0,normal,0.7313734292984009,0.48564456357838204,100.89698921553986
4924,0,normal,0.2958400249481201,0.4893006369314244,102.61549587247248
4925,0,normal,0.4378863573074341,0.49114193772904796,104.17280412848424
4926,0,normal,0.30053964257240295,0.4814794931256546,105.69682565630342
4927,0,normal,1.020510196685791,0.4855897061836516,107.24612072227762
4928,0,normal,2.8039331436157227,0.4768582953499665,107.62414194929318
4929,0,normal,0.9677184224128723,0.5143093042530181,129.3335128850308
4930,0,normal,0.19069699943065643,0.5139158576114752,130.97925794606522
4931,0,normal,2.1086649894714355,0.5266397642438351,143.42775537298792
4932,0,normal,0.041302964091300964,0.510329907410303,143.97158785330146
4933,0,normal,0.096338652074337,0.48778327145511946,119.76827999264333
4934,0,normal,0.016701800748705864,0.5195649598942714,120.28533163197392
4935,0,normal,0.01771063171327114,0.4690333397564045,96.70067213559037
4936,0,normal,0.018069496378302574,0.491017957449899,95.55139996251819
4937,0,normal,0.022761469706892967,0.4724398654698181,96.65836547129186
4938,0,normal,0.08506755530834198,0.4836172584871648,95.74679411333011
4939,0,normal,0.013397105038166046,0.47497709452461995,94.68971904846603
4940,0,normal,0.016434289515018463,0.47739558090253204,93.3005503484228
4941,0,normal,0.022066442295908928,0.461301947985213,92.2906784172759
4942,0,normal,0.015534705482423306,0.45909113085669684,90.85764318950169
4943,0,normal,0.01496197935193777,0.4427192974791085,89.37856780278071
4944,0,normal,0.08672881126403809,0.4606866314496681,88.01909486098157
4945,0,normal,0.01235299650579691,0.4447132153547664,63.43353987023852
4946,0,normal,0.015555148012936115,0.4254621601353699,58.0302166347351
4947,0,normal,0.021357201039791107,0.4321745456603491,51.87460201407066
4948,0,normal,0.016079004853963852,0.4069074262008801,25.722012262355747
4949,0,normal,0.08618870377540588,0.4129814041044148,26.48207831252057
4950,0,normal,0.012380844913423061,0.3823453437705098,1.261330031808484
4951,0,normal,0.01685439608991146,0.3828682608191461,-0.25441591731100743
4952,0,normal,0.016670802608132362,0.36849534575627446,-2.949415092663912
4953,0,normal,0.02050306834280491,0.3745358097292783,-1.7480113359338247
4954,0,normal,0.01172257587313652,0.37429833109497507,-3.4838633555757497
4955,0,normal,0.36439263820648193,0.35468393255686004,-4.998261912222006
4956,0,normal,0.012691091746091843,0.3469290258460008,-6.80669277467905
4957,0,normal,0.3559974133968353,0.3493892176789474,-8.946002107411687
4958,0,normal,0.0105875413864851,0.36262833638781694,-8.580318569510382
4959,0,normal,0.019454805180430412,0.3370511965931604,-35.886186372192924
4960,0,normal,0.35338789224624634,0.32780633916149465,-37.08186982902066
4961,0,normal,0.09476076811552048,0.3187125643246299,-51.104434335805536
4962,0,normal,0.016617178916931152,0.3237506315308012,-51.07527069793514
4963,0,normal,0.019663013517856598,0.3162211648935356,-51.291297888865074
4964,0,normal,0.019503232091665268,0.31751231307612215,-51.24814505177824
4965,0,normal,0.020771920680999756,0.31483100080640525,-51.21210436797014
4966,0,normal,0.014539940282702446,0.31852372028607057,-51.19624411912673
4967,0,normal,0.08730382472276688,0.3208867558274385,-51.03579032117091
4968,0,normal,0.013580506667494774,0.31792290612991597,-51.29521760923103
4969,0,normal,0.01838710717856884,0.31730234014444597,-51.26426049700558
4970,0,normal,0.018725261092185974,0.3166204560726461,-51.23795882160357
4971,0,normal,0.08626098185777664,0.3182050810734062,-51.09211017346365
4972,0,normal,0.014147955924272537,0.3187143415111038,-51.054308669662305
4973,0,normal,0.017816660925745964,0.31882027111150235,-51.04999001479041
4974,0,normal,0.01718319207429886,0.3187182074942605,-51.29725339360425
4975,0,normal,0.01593652553856373,0.31904614078784893,-51.29157667056006
4976,0,normal,0.021216057240962982,0.31532283376814335,-51.2426762274265
4977,0,normal,0.015392374247312546,0.32124149360224785,-51.255284841314506
4978,0,normal,0.08713605999946594,0.3165051503697013,-51.05954779911258
4979,0,normal,0.012010963633656502,0.3178896290468567,-51.28940237901202
4980,0,normal,0.01660049520432949,0.3192212822821821,-51.261445188776634
4981,0,normal,0.01737186126410961,0.3175707008312592,-51.21226854942097
4982,0,normal,0.016414770856499672,0.31614020787913727,-51.17120957509792
4983,0,normal,0.016583770513534546,0.31644105028619735,-51.13610439517697
4984,0,normal,0.01861456222832203,0.31593748368372554,-51.06303338918815
4985,0,normal,0.018035750836133957,0.3150294100055476,-52.35992033374373
4986,0,normal,0.021398991346359253,0.3173395354743299,-52.319073987335514
4987,0,normal,0.004634424112737179,0.31168806712341995,-53.72499651932071
4988,0,normal,0.3683772087097168,0.3143029342193258,-52.4464416835267
4989,0,normal,0.008008178323507309,0.3146728094312956,-52.45748546499681
4990,0,normal,0.3564218282699585,0.3186524657375298,-52.5423376224644
4991,0,normal,0.006253538187593222,0.31435286345570923,-52.81150842708257
4992,0,normal,0.019000165164470673,0.3174211810357016,-52.79128033481288
4993,0,normal,0.017269210889935493,0.31360183371297035,-52.78242617742126
4994,0,normal,0.018065376207232475,0.31316222060055027,-52.762641503204804
4995,0,normal,0.0044121649116277695,0.3167725963266909,-52.84842842370176
4996,0,normal,0.01806415058672428,0.3155083957732766,-52.80996919295171
4997,0,normal,0.014054972678422928,0.31352805403549167,-53.04905949173326
4998,0,normal,7.357600688934326,0.3307854793039255,-23.537595781601112
4999,0,normal,0.17818397283554077,0.34123472698422574,-23.550797674879732
5000,0,normal,1.6447771787643433,0.358234352579319,-13.095061314495297
5001,0,normal,1.2849934101104736,0.37453817669569467,9.00016768856267
5002,0,normal,0.11426378786563873,0.37267388530484735,10.122790225392237
5003,0,normal,0.2001705765724182,0.38628815552244744,11.7557105103906
5004,0,normal,0.18130892515182495,0.38836700762805987,13.220826030068338
5005,0,normal,0.18858131766319275,0.39469871781095006,14.648472545644609
5006,0,normal,0.18615418672561646,0.4065399729957797,16.06196295852851
5007,0,normal,0.2922593355178833,0.38522675049120736,17.52666976493765
5008,0,normal,0.7490636706352234,0.4109871713789171,18.76894230501739
5009,0,normal,1.856680154800415,0.4025039195983936,20.237653568645328
5010,0,normal,0.9009522199630737,0.4414905691379113,44.21364601251662
5011,0,normal,0.43759188055992126,0.426882576417782,44.026353117784765
5012,0,normal,1.957226037979126,0.42548076866537504,56.769584090832495
5013,0,normal,0.040758248418569565,0.43203260845777275,56.89839514048208
5014,0,normal,0.012724880129098892,0.421513141582102,56.487267641640756
5015,0,normal,0.020300164818763733,0.4536178176086434,56.303450184146186
5016,0,normal,0.36176204681396484,0.4274431676033176,57.50959582108567
5017,0,normal,0.01652076654136181,0.4284853203865252,57.76269956585793
5018,0,normal,0.020127393305301666,0.4325937395529876,56.67411934884035
5019,0,normal,0.3569202125072479,0.4508827095679256,57.9433562994102
5020,0,normal,0.012475814670324326,0.43130836368584796,56.89332261212826
5021,0,normal,0.08151261508464813,0.4280709267820155,57.32790491846549
5022,0,normal,0.015910519286990166,0.4403603488222305,57.6981190153499
5023,0,normal,0.01838524080812931,0.42498067034898496,58.10637261413717
5024,0,normal,0.01836223155260086,0.42853114991939806,58.628033739759076
5025,0,normal,0.018374061211943626,0.43097028107383084,59.331669178230186
5026,0,normal,0.08566918969154358,0.4544637892216935,60.173271624499876
5027,0,normal,0.014438535086810589,0.41965697104846506,61.04180288400494
5028,0,normal,0.017400605604052544,0.4111805118871526,34.87960527581481
5029,0,normal,0.018112752586603165,0.40935504322810073,35.63062603438925
5030,0,normal,0.016249092295765877,0.4006787405371926,24.296727799619475
5031,0,normal,0.08643797785043716,0.38200158624902525,1.6959282407253795
5032,0,normal,0.010725297033786774,0.38590497085104614,0.3321064421384108
5033,0,normal,0.021448947489261627,0.37510413634415224,-1.1078017470042596
5034,0,normal,0.015298813581466675,0.36518487967701474,-2.343080771850964
5035,0,normal,0.015929225832223892,0.368046804894738,-3.8163397509583774
5036,0,normal,0.01734461449086666,0.36151406520091134,-5.234462983185722
5037,0,normal,0.016354136168956757,0.3445755394811872,-7.050874044938837
5038,0,normal,0.011713816784322262,0.3494612918739571,-9.133194911944429
5039,0,normal,0.015078123658895493,0.3574822576621203,-11.304808242242188
5040,0,normal,0.016049562022089958,0.3248160199432538,-38.61702697277428
5041,0,normal,0.01625129207968712,0.32754022974049657,-38.51023277637614
5042,0,normal,0.017077036201953888,0.31521601516581843,-52.734914845931144
5043,0,normal,0.01722509227693081,0.31413677392539346,-52.697562693099144
5044,0,normal,0.017042577266693115,0.31500098096520235,-52.60994587594428
5045,0,normal,0.01711437664926052,0.31578308041147085,-52.58573429484977
5046,0,normal,0.021532846614718437,0.31267273798750483,-53.882855965367526
5047,0,normal,0.3628445863723755,0.3128281302331162,-52.617296356787165
5048,0,normal,0.010054336860775948,0.3141701442097597,-52.61960370447741
5049,0,normal,0.3562990128993988,0.31703744636072106,-52.70099727430306
5050,0,normal,0.00990831758826971,0.31465334510507764,-52.70939822381183
5051,0,normal,0.021434130147099495,0.31804856523367936,-52.90106836916448
5052,0,normal,0.35268786549568176,0.3145462928862437,-51.649535850554
5053,0,normal,0.0944618210196495,0.3163167390839504,-51.463243802813395
5054,0,normal,0.015349967405200005,0.3201381242979213,-51.44402061425012
5055,0,normal,0.0199425145983696,0.31671715326979744,-51.42176252002196
5056,0,normal,0.019745253026485443,0.31578055775973396,-51.61756186333446
5057,0,normal,0.01931624859571457,0.3138890969740509,-51.607285919628794
5058,0,normal,0.01707904413342476,0.31494177465977585,-51.593207112439586
5059,0,normal,0.08701677620410919,0.3173989642864253,-51.409785793413675
5060,0,normal,0.013345044106245041,0.31816939853737525,-51.43592272118849
5061,0,normal,0.018694575875997543,0.3159203260324721,-51.64670049751339
5062,0,normal,0.018936192616820335,0.3161626944490838,-51.626912500671324
5063,0,normal,0.018070008605718613,0.31724199255566204,-51.654971094082384
5064,0,normal,0.019003521651029587,0.31672134129229923,-51.62703514218856
5065,0,normal,0.08695223927497864,0.31717207544344356,-51.47484254725214
5066,0,normal,0.013535585254430771,0.3172793653115991,-51.503664611227805
5067,0,normal,0.018524466082453728,0.31715283304502107,-51.4940012686036
5068,0,normal,0.018666496500372887,0.314955276512242,-51.44657025261654
5069,0,normal,0.018996434286236763,0.32009051367634844,-51.42275887332835
5070,0,normal,0.018894771113991737,0.31397327158455945,-51.39489943683225
5071,0,normal,0.02161855809390545,0.31776632542661304,-51.35024710597486
5072,0,normal,0.08649161458015442,0.3189169082572855,-51.16102901011595
5073,0,normal,0.009941104799509048,0.3182600449408569,-51.141983303139796
5074,0,normal,0.014835859648883343,0.3166269904150497,-51.1064665421311
5075,0,normal,0.015912117436528206,0.31657024258187216,-51.066548119577874
5076,0,normal,0.021583274006843567,0.3156361058105638,-51.01978498299036
5077,0,normal,0.08567676693201065,0.3153794462844697,-52.135674384358936
5078,0,normal,0.016338231042027473,0.31825281162549,-52.09324326754336
5079,0,normal,0.016802489757537842,0.31266582470909127,-53.42714698487066
5080,0,normal,0.36074623465538025,0.3164270545667112,-52.13873713388671
5081,0,normal,0.010150386951863766,0.31493866920982816,-52.126512428859996
5082,0,normal,0.017501981928944588,0.3165869962249679,-53.4536829890676
5083,0,normal,0.35626330971717834,0.31434252372435906,-52.43543198786074
5084,0,normal,0.007546353619545698,0.3157196332629888,-52.46123346077934
5085,0,normal,0.35431692004203796,0.31947623911703776,-51.22120728343816
5086,0,normal,0.09392035007476807,0.31572991822173174,-51.04092486863942
5087,0,normal,0.0028822976164519787,0.32242073689483663,-51.117069661525875
5088,0,normal,0.010829250328242779,0.315997842801535,-51.143986505954445
5089,0,normal,0.014256834983825684,0.31795191850207094,-51.35035706377312
5090,0,normal,0.021047085523605347,0.3177942618551739,-51.336505182873225
5091,0,normal,0.012554395943880081,0.316892695279981,-51.37312645277552
5092,0,normal,0.010250109247863293,0.3199062101098141,-51.39991315532711
5093,0,normal,7.28883695602417,0.3343641613861493,-22.127071918487673
5094,0,normal,0.17147117853164673,0.34320972607075523,-22.15896867723609
5095,0,normal,2.4493634700775146,0.3400507154393405,-23.361179955864372
5096,0,normal,0.6546874642372131,0.365544730977785,0.8347284738961207
5097,0,normal,0.16356852650642395,0.3634300410700523,1.9587987965717275
5098,0,normal,0.18660372495651245,0.37654429181450116,3.3685551327132544
5099,0,normal,0.19800105690956116,0.3860213800542524,4.7820984628310725
5100,0,normal,0.21296268701553345,0.38849650013888914,6.236296176628912
5101,0,normal,0.22910001873970032,0.3993491501161938,7.848183711492311
5102,0,normal,0.5040724873542786,0.3837509439487669,9.086888318167667
5103,0,normal,1.2801454067230225,0.400371792905191,10.530047010304543
5104,0,normal,2.5644521713256836,0.3969677984070181,12.039636414476263
5105,0,normal,0.7113779783248901,0.43873002805364325,36.384992508449386
5106,0,normal,0.2901972234249115,0.4246355163460668,36.76329941790459
5107,0,normal,2.1215250492095947,0.4346730823065648,50.5111951768788
5108,0,normal,0.11901887506246567,0.4413354173534986,50.75993120846192
5109,0,normal,0.045905306935310364,0.43090431628382847,50.45397748473874
5110,0,normal,0.37262338399887085,0.44786028646742365,50.20145938829546
5111,0,normal,0.01740715652704239,0.4253858725488193,50.33116358907478
5112,0,normal,0.3495021462440491,0.43606486336685524,51.689005096276105
5113,0,normal,0.0921369269490242,0.4313685271556895,50.764724403626815
5114,0,normal,0.02004145085811615,0.45236242477653194,50.94162460600592
5115,0,normal,0.01743185520172119,0.42645067895609867,49.868965767733016
5116,0,normal,0.016608426347374916,0.4230821060615522,49.81987865311498
5117,0,normal,0.014266914688050747,0.4346193969496387,50.20826590895308
5118,0,normal,0.023308327421545982,0.4234386443605871,50.52412073326991
5119,0,normal,0.017663482576608658,0.4217689767811228,50.93986239492369
5120,0,normal,0.01670120842754841,0.4297141179878689,51.444430662103514
5121,0,normal,0.015611948445439339,0.4432373513024489,51.99503998671639
5122,0,normal,0.01571466773748398,0.4233626478479429,52.872671650644634
5123,0,normal,0.08794259279966354,0.4081900774873096,26.842246407014045
5124,0,normal,0.016211465001106262,0.4076943225095325,27.59772176016736
5125,0,normal,0.015552114695310593,0.41281043579058335,28.54092321622079
5126,0,normal,0.015522756613790989,0.38808152188339917,3.532243060635892
5127,0,normal,0.014834650792181492,0.39372420252407686,2.2051607306298138
5128,0,normal,0.0863422304391861,0.3796927169008779,1.2085636485649047
5129,0,normal,0.016479741781949997,0.369716977219146,0.09674996388230284
5130,0,normal,0.015369554050266743,0.3785654869091779,-1.3378575773888315
5131,0,normal,0.015922270715236664,0.3571548436319905,-2.901295603934841
5132,0,normal,0.016047345474362373,0.3531020485033224,-4.617161402445845
5133,0,normal,0.08626902848482132,0.3537733426618391,-6.3238299123108845
5134,0,normal,0.011121517978608608,0.3613348847449719,-8.414824271808357
5135,0,normal,0.02184046059846878,0.331134972060138,-35.758146550735546
5136,0,normal,0.01889423094689846,0.32989806768572577,-36.68405601465588
5137,0,normal,0.01853439211845398,0.3151423823293745,-52.19431983757363
5138,0,normal,0.36227989196777344,0.3186523207527535,-51.130369881541355
5139,0,normal,0.014286607503890991,0.31426031596895243,-51.115657707084665
5140,0,normal,0.08270625025033951,0.31955828446786444,-52.254371478464236
5141,0,normal,0.37281155586242676,0.3155402445493563,-51.0032263492285
5142,0,normal,0.011407574638724327,0.316996116055151,-52.330524037234454
5143,0,normal,0.35037562251091003,0.31955460655137585,-51.30398879325617
5144,0,normal,0.015767376869916916,0.3161100575898786,-51.29677179773785
5145,0,normal,0.01926346682012081,0.32202616640573856,-51.2725249576099
5146,0,normal,0.018875403329730034,0.31712825507539494,-51.26212554889571
5147,0,normal,0.012692722491919994,0.31518891158800716,-51.23650846736905
5148,0,normal,0.020000629127025604,0.3185044518303629,-51.23841790561437
5149,0,normal,0.017073703929781914,0.3172982636789476,-51.22582115354089
5150,0,normal,0.01963117904961109,0.31624839196995874,-51.19792140959453
5151,0,normal,0.018598759546875954,0.3162807879563799,-51.19262498303715
5152,0,normal,0.08768805116415024,0.3197099757167383,-50.994571884221386
5153,0,normal,0.013494309037923813,0.318354590736591,-51.21404784840388
5154,0,normal,0.018123973160982132,0.31752217387002557,-51.24260292919939
5155,0,normal,0.01891879364848137,0.3181684320810113,-51.21806136529722
5156,0,normal,0.018771888688206673,0.31658940783644174,-51.196294819940476
5157,0,normal,0.0862465500831604,0.3180733586294207,-51.01001068877963
5158,0,normal,0.013640868477523327,0.3218927866001061,-51.225632553511105
5159,0,normal,0.015433983877301216,0.315082989139119,-51.25723853334625
5160,0,normal,0.016716348007321358,0.31922200818995733,-51.2544024575443
5161,0,normal,0.017687147483229637,0.3182163387640011,-51.202831904276536
5162,0,normal,0.01768714189529419,0.3154459017917539,-51.15344707714212
5163,0,normal,0.08647879958152771,0.31902102147978645,-51.178828979163654
5164,0,normal,0.0136240990832448,0.3169224731502884,-51.12172748174112
5165,0,normal,0.017017776146531105,0.31653925631924235,-51.11877174336428
5166,0,normal,0.016601823270320892,0.31372854948994827,-51.063805603155515
5167,0,normal,0.01629772037267685,0.3190870053937433,-51.01747111926284
5168,0,normal,0.02141774259507656,0.3118961510765044,-52.3044919822089
5169,0,normal,0.017499234527349472,0.3182539437247009,-52.27818082135195
5170,0,normal,0.08682268112897873,0.3151909585952928,-52.33479075740388
5171,0,normal,0.013198445551097393,0.3113806399830497,-53.663340777422945
5172,0,normal,0.018125051632523537,0.31491688250741956,-53.63227476009388
5173,0,normal,0.02024836093187332,0.31058475264367663,-54.956458667424386
5174,0,normal,0.018535731360316277,0.31131894949114314,-54.968820224155934
5175,0,normal,0.3621929883956909,0.3155152868987782,-53.717722716774006
5176,0,normal,0.002688104985281825,0.31392450556873436,-53.79693564189938
5177,0,normal,0.3592437505722046,0.31857954868002103,-52.52384481790409
5178,0,normal,0.014187165535986423,0.31434999874129743,-52.51268620479709
5179,0,normal,0.01987485960125923,0.31689083204665996,-52.48356768084864
5180,0,normal,0.08152896910905838,0.31483046557075006,-52.296133834109924
5181,0,normal,0.015210171230137348,0.31681306202551324,-52.27082593745945
5182,0,normal,0.012246213853359222,0.31725376135641536,-52.523179430022765
5183,0,normal,0.01156658586114645,0.3164160241078092,-52.5577793144887
5184,0,normal,0.013597901910543442,0.3148533622812438,-52.56091880969916
5185,0,normal,0.009219137020409107,0.31405340515919716,-52.59598080680166
5186,0,normal,0.004739885684102774,0.314583462963845,-52.66253986712263
5187,0,normal,0.0077488478273153305,0.3145302404077825,-52.937854235370196
5188,0,normal,0.004498050548136234,0.3179476282823565,-53.04510792687529
5189,0,normal,0.019245246425271034,0.3162094078233702,-53.010175455204944
5190,0,normal,0.0864635556936264,0.31729928450953293,-52.83484155824135
5191,0,normal,0.004107465501874685,0.3155577878390758,-52.89775387501936
5192,0,normal,0.013466106727719307,0.31768680295595336,-52.898560600288874
5193,0,normal,0.004098559729754925,0.31284308595073573,-53.239854832026595
5194,0,normal,0.019518226385116577,0.3156378449452011,-53.220607864725935
5195,0,normal,0.08537020534276962,0.31902510708027954,-53.0358772482989
5196,0,normal,0.004486619960516691,0.3138322371292734,-53.115026606433275
5197,0,normal,0.012382223270833492,0.31986074979083623,-53.11949621501276
5198,0,normal,0.013967742212116718,0.31568555744159704,-53.12460486008854
5199,0,normal,0.015348268672823906,0.3184586627109598,-53.096212701897
5200,0,normal,0.0113340113312006,0.31604514724431026,-53.323493662515375
5201,0,normal,7.293012619018555,0.33640429537162236,-23.921360740891032
5202,0,normal,2.5676121711730957,0.35790162123242236,-12.460435635901604
5203,0,normal,127.439697265625,0.4046518921219088,413.30288337530305
5204,0,normal,0.7369835376739502,0.3687717040628325,412.65728277428843
5205,0,normal,0.9052393436431885,0.38791709669757435,412.66903893660844
5206,0,normal,1.4137791395187378,0.40370988761339777,414.31310696777564
5207,0,normal,2.190445899963379,0.40633474680170006,414.52331787840797
5208,0,normal,3.6651883125305176,0.42317656006639126,414.4846826369808
5209,0,normal,3.0310616493225098,0.4014310918612124,415.4591058001122
5210,0,normal,3.530449867248535,0.3987570301966087,416.3017276838825
5211,0,normal,3.7824766635894775,0.4168254213416398,417.2640501838732
5212,0,normal,0.5284121036529541,0.45964219487466107,432.5726931039708
5213,0,normal,0.5055502653121948,0.42752471162372774,432.5482725467973
5214,0,normal,2.0379302501678467,0.4498065296433148,440.6623382865813
5215,0,normal,0.04285724461078644,0.4403935547420284,440.7298053015903
5216,0,normal,0.02691616863012314,0.4415765555473319,440.5539480052371
5217,0,normal,0.020752526819705963,0.46828965912967135,440.4168247620777
5218,0,normal,0.08592910319566727,0.43959868520236867,440.6085233203688
5219,0,normal,0.014526691287755966,0.447917498179189,440.64363648415633
5220,0,normal,0.017984546720981598,0.4332060461040748,440.60727139872415
5221,0,normal,0.016588278114795685,0.45107758485399924,440.686674788186
5222,0,normal,0.01501744519919157,0.4491446311491501,440.7961767420562
5223,0,normal,0.01572372391819954,0.44534629692648836,441.0561168185193
5224,0,normal,0.013339703902602196,0.44408012071530417,441.31068393562407
5225,0,normal,0.016909582540392876,0.43894030882119534,441.45542979056484
5226,0,normal,0.020991099998354912,0.4259595858366325,441.8775880998486
5227,0,normal,0.015712158754467964,0.4438361999562516,442.30875428801164
5228,0,normal,0.0869692713022232,0.44819187868473037,442.8901337721055
5229,0,normal,0.01023618783801794,0.4348821389722195,443.41473884089976
5230,0,normal,0.017050322145223618,0.43331471680779743,443.82205068551184
5231,0,normal,0.021881086751818657,0.42679048994622076,427.3245062749613
5232,0,normal,0.35989105701446533,0.41873371774147317,420.73427423259375
5233,0,normal,0.09750252962112427,0.3815705226634987,-2.415574073801963
5234,0,normal,0.01829189993441105,0.38591659188337063,-1.478443894483462
5235,0,normal,0.35207536816596985,0.3735567466712577,-1.6196354463045282
5236,0,normal,0.012236256152391434,0.36374286494298624,-4.266586863772773
5237,0,normal,0.35055190324783325,0.3759281941416884,-4.6957635443525305
5238,0,normal,0.013667032122612,0.3617652667405913,-3.7039674595025645
5239,0,normal,0.024163300171494484,0.35733774752230935,-5.497149415213471
5240,0,normal,0.08154279738664627,0.3545037312497445,-7.368103190913189
5241,0,normal,0.015520836226642132,0.36071257119139394,-9.506452880871393
5242,0,normal,0.01956637017428875,0.32924067068306756,-36.77693807257015
5243,0,normal,0.01896447129547596,0.3289225279231137,-36.92680134619627
5244,0,normal,0.017115481197834015,0.3166798458626567,-51.146446373401204
5245,0,normal,0.01852484978735447,0.317492985015438,-51.178470876681786
5246,0,normal,0.018745191395282745,0.3189831657304403,-51.17173638595182
5247,0,normal,7.281339645385742,0.33569042763484186,-21.864505709449304
5248,0,normal,0.17326503992080688,0.3482038833230918,-22.139093243734123
5249,0,normal,2.4572463035583496,0.3387496391725192,-23.117790164383223
5250,0,normal,4.201337814331055,0.33205960855002953,-23.817138466058168
5251,0,normal,0.4544088542461395,0.3634845349838798,1.2718061534308163
5252,0,normal,0.7181504964828491,0.37017116038941517,1.0303382390482057
5253,0,normal,0.21089376509189606,0.36789878261269604,2.5399899983301566
5254,0,normal,0.20560605823993683,0.37859402762590866,4.056504994722445
5255,0,normal,0.19990557432174683,0.3738885390244061,5.484479887814359
5256,0,normal,4.295645713806152,0.4083737886710207,25.173882496567103
5257,0,normal,0.279458224773407,0.40533215692253216,25.62011173771475
5258,0,normal,0.4481585919857025,0.39387652847834187,26.035561956399306
5259,0,normal,1.082321286201477,0.4195775983465768,32.008933802848105
5260,0,normal,1.4323766231536865,0.4166103112938724,39.61271275460126
5261,0,normal,0.06721672415733337,0.40983082460456494,39.66812086313189
5262,0,normal,0.07798261940479279,0.40617358230276024,38.142307489513314
5263,0,normal,0.09308523684740067,0.41612262565407315,37.830849107261656
5264,0,normal,0.09319691359996796,0.39444901921623393,37.872263120410025
5265,0,normal,0.38949739933013916,0.4165797268854043,37.90959792222884
5266,0,normal,0.07518631964921951,0.40277418960861294,38.084587875994885
5267,0,normal,0.060160405933856964,0.4174930046745833,36.92723580668235
5268,0,normal,0.36295926570892334,0.4054460087314241,38.16208268396667
5269,0,normal,0.01930825226008892,0.40930208015772784,38.224175619850485
5270,0,normal,0.35266363620758057,0.415489449880332,39.242664758620094
5271,0,normal,0.016966108232736588,0.40294808910857854,39.359054804273455
5272,0,normal,0.08035841584205627,0.4060584943516306,39.855793581031094
5273,0,normal,0.014844777062535286,0.4168214567443744,40.05493902288299
5274,0,normal,0.02319694682955742,0.3991480458396888,40.44655251040194
5275,0,normal,0.019878419116139412,0.4178848074051911,40.88521068275759
5276,0,normal,0.020985903218388557,0.42273124671389045,41.384825705736375
5277,0,normal,0.018509576097130775,0.3834027932789984,15.06265951080968
5278,0,normal,0.014652742072939873,0.3752891827134232,15.717403122392398
5279,0,normal,0.012243890203535557,0.3801308645672216,16.513419415001636
5280,0,normal,0.015241703949868679,0.3908323958637672,17.530923013640404
5281,0,normal,0.019079361110925674,0.37880336475560644,-8.393130141783786
5282,0,normal,0.08796766400337219,0.3612220548408411,-7.118189006544753
5283,0,normal,0.01118752732872963,0.3605899643663156,-8.805159982609439
5284,0,normal,0.019301939755678177,0.3483374521029871,-10.633637598127734
5285,0,normal,0.015654083341360092,0.3635619426225464,-12.64544787944078
5286,0,normal,0.017179585993289948,0.33361850280996797,-34.672726112038845
5287,0,normal,0.09825186431407928,0.3265270252541274,-35.29433764139094
5288,0,normal,0.0027584603521972895,0.33524492623003604,-36.28619149303836
5289,0,normal,0.006064031273126602,0.3264414022180613,-42.95316169696548
5290,0,normal,0.02056284248828888,0.3218853796231163,-51.44307812289412
5291,0,normal,0.004268455784767866,0.3184677458155438,-51.70052470336714
5292,0,normal,0.08757909387350082,0.31751694752176396,-51.49248352410473
5293,0,normal,0.009129182435572147,0.31555759710106135,-51.4581770454065
5294,0,normal,0.017835212871432304,0.3191506242037395,-51.393365672082155
5295,0,normal,5.467796802520752,0.325204453809708,-30.737296713507703
5296,0,normal,2.439866542816162,0.3402331738523857,-22.728168088724033
5297,0,normal,1.9575508832931519,0.3629012659371611,-10.801469747101464
5298,0,normal,0.5822276473045349,0.38691732396964373,11.532488317931438
5299,0,normal,0.3465099632740021,0.38601594802388967,13.668824797532352
5300,1,point,0.1936754733324051,0.39245104037504963,13.965638325545797
5301,1,point,0.18360015749931335,0.4110990914829176,15.416431950563265
5302,1,point,0.1960732638835907,0.4035813011565765,16.66127778301575
5303,1,point,0.20746196806430817,0.415046747994386,18.15815464132652
5304,1,point,0.36634957790374756,0.4011519917574348,19.623269950678832
5305,1,point,0.8982354402542114,0.4125377813454747,21.255967842175323
5306,1,point,1.3621572256088257,0.4347915782706333,45.20196131992634
5307,1,point,0.27522504329681396,0.43715760026446576,45.59456711410917
5308,1,point,0.6305191516876221,0.43240283277405883,45.69466293788082
5309,1,point,1.917523741722107,0.452201459525085,58.42514975813401
5310,1,point,0.09431692212820053,0.442857600916318,58.648350019498366
5311,1,point,0.021068640053272247,0.4421667810022162,58.318278077536434
5312,1,point,0.025676636025309563,0.4387164015731094,57.89413340100441
5313,1,point,0.01565081626176834,0.4445044070222566,57.940732574621734
5314,1,point,0.01208945270627737,0.443865984263308,58.050178021838974
5315,1,point,0.08329734951257706,0.4441833846443194,58.37349505810221
5316,1,point,0.00960095040500164,0.4420430047602361,58.42080918523243
5317,1,point,0.013654172420501709,0.43377489620991855,58.32303734335164
5318,1,point,0.01139033678919077,0.4337682818068666,58.64961761313407
5319,1,point,0.08480649441480637,0.4465710497889768,59.325191777356395
5320,1,point,0.016582779586315155,0.43015779291211786,59.82323171215444
5321,1,point,0.013496935367584229,0.4267486472242266,60.54991047934777
5322,1,point,0.01351788267493248,0.44596313301983814,61.11209272650058
5323,1,point,0.0160685982555151,0.439686268573242,62.000741293941246
5324,1,point,0.36197978258132935,0.4278223374565059,64.15073159678468
5325,1,point,0.009659133851528168,0.43117929293396573,45.37952026277776
5326,1,point,0.01602110080420971,0.41503564280071753,38.44465440874319
5327,1,point,0.35712334513664246,0.4060190271254718,27.434982053896874
5328,1,point,0.009438004344701767,0.38361773544261896,2.2120629941073275
5329,1,point,0.35400694608688354,0.3814520137830177,0.8647432149402903
5330,1,point,0.014827419072389603,0.37561804793264375,-0.5416736444124126
5331,1,point,0.08020979911088943,0.386553034102178,-1.6944726758529214
5332,1,point,0.011322826147079468,0.361286996586454,-3.108527527589331
5333,1,point,0.015300859697163105,0.35546346919199734,-4.838640864713852
5334,1,point,0.015184781514108181,0.3536261592145504,-6.820276519364597
5335,1,point,0.02118607982993126,0.365298809973794,-9.115322858384161
5336,1,point,0.08584278076887131,0.3287140418340049,-36.0968580675185
5337,1,point,0.011226661503314972,0.3306845900101917,-37.147997950446324
5338,1,point,0.015058930963277817,0.330115362298739,-37.055400338589834
5339,1,point,0.016627943143248558,0.3208032889831224,-51.2376324339898
5340,1,point,0.01715964451432228,0.3187264175857928,-51.46649601779745
5341,1,point,7.35512113571167,0.3359749230918038,-21.97777933000316
5342,1,point,0.1797521859407425,0.3433773185251618,-22.03222584170294
5343,1,point,2.4708454608917236,0.3382666102778666,-22.992291595951656
5344,1,point,9.803292274475098,0.3782734775921953,35.61877492623603
5345,1,point,10.680046081542969,0.3838017143675946,79.64461057752624
5346,1,point,0.8484766483306885,0.38928509300078085,80.06385745111811
5347,1,point,0.8266374468803406,0.39971723263732617,80.66403124696171
5348,1,point,0.6299699544906616,0.40153677458817744,81.41676605247494
5349,1,point,0.4905548095703125,0.4103961749107903,82.06708455291414
5350,1,point,0.3951544463634491,0.3789941922948967,82.96526738070293
5351,1,point,0.32972562313079834,0.4035207726842652,83.86989254389437
5352,1,point,0.2869788110256195,0.37956989524280865,84.79291628935562
5353,1,point,0.2610248327255249,0.3862131477767613,85.71420468841757
5354,1,point,0.2456642985343933,0.39502964505746124,85.39440259420303
5355,1,point,0.23626600205898285,0.39091690527277567,86.23587504511897
5356,1,point,0.23034895956516266,0.3823256956538636,87.00539046513495
5357,1,point,0.22657686471939087,0.37403978947595995,86.55551082999114
5358,1,point,0.22416125237941742,0.3806658700990222,87.27763902760194
5359,1,point,0.2226860523223877,0.3933185151524477,86.83298225254316
5360,1,point,0.22184866666793823,0.39679561266333585,87.68900614377344
5361,1,point,0.2214481234550476,0.37338780255219045,88.29288495687183
5362,1,point,0.22133943438529968,0.3957890156276477,89.13278097532987
5363,1,point,0.22140751779079437,0.38347856526300794,90.09497434015839
5364,1,point,0.22156885266304016,0.3848004072766125,91.06075988453688
5365,1,point,0.22176320850849152,0.38603573114259393,92.22618558098407
5366,1,point,0.22194501757621765,0.38404980567299846,93.21390559462213
5367,1,point,0.2220958024263382,0.38943347852285026,94.4427843687073
5368,1,point,0.22219812870025635,0.38833609650880846,95.74895216172524
5369,1,point,0.22224844992160797,0.3906656556222511,96.9969179367124
5370,1,point,0.2222513109445572,0.3759813694802159,98.3644518484598
5371,1,point,0.22227025032043457,0.3579336635842934,73.5881102027181
5372,1,point,0.22213180363178253,0.3511653874324531,74.5293129409481
5373,1,point,0.22200947999954224,0.37153614330586365,75.4467675615449
5374,1,point,0.22182030975818634,0.33812865961516025,17.380523384165144
5375,1,point,0.22164279222488403,0.31150730065478577,-30.198852304581123
5376,1,point,0.22164277732372284,0.31150730065478577,-30.186360519856635
5377,1,point,0.22164279222488403,0.31150730065478577,-30.19530455157178
5378,1,point,0.22164279222488403,0.31150730065478577,-30.19530455157178
5379,1,point,0.22164279222488403,0.31150730065478577,-30.19530455157178
5380,1,point,0.22164279222488403,0.31150730065478577,-30.19530455157178
5381,1,point,0.22164279222488403,0.31150730065478577,-30.19530455157178
5382,1,point,0.22164279222488403,0.31150730065478577,-30.19530455157178
5383,1,point,0.22164279222488403,0.31150730065478577,-30.19530455157178
5384,1,point,0.22164279222488403,0.31150730065478577,-30.19530455157178
5385,1,point,0.22164279222488403,0.31150730065478577,-30.19530455157178
5386,1,point,0.22164279222488403,0.31150730065478577,-30.19530455157178
5387,1,point,0.22164279222488403,0.31150730065478577,-30.19530455157178
5388,1,point,0.22164279222488403,0.31150730065478577,-30.19530455157178
5389,1,point,0.22164279222488403,0.31150730065478577,-30.19530455157178
5390,1,point,0.22164279222488403,0.31150730065478577,-30.19530455157178
5391,1,point,0.22164279222488403,0.31150730065478577,-30.19530455157178
5392,1,point,0.22164279222488403,0.31150730065478577,-30.19530455157178
5393,1,point,0.22164279222488403,0.31150730065478577,-30.19530455157178
5394,1,point,0.22164279222488403,0.31150730065478577,-30.19530455157178
5395,1,point,0.22164279222488403,0.31150730065478577,-30.19530455157178
5396,1,point,0.22164279222488403,0.31150730065478577,-30.19530455157178
5397,1,point,0.22164279222488403,0.31150730065478577,-30.19530455157178
5398,1,point,0.22164279222488403,0.31150730065478577,-30.19530455157178
5399,1,point,0.22164279222488403,0.31150730065478577,-30.19530455157178
5400,1,point,0.22164279222488403,0.31150730065478577,-30.19530455157178
5401,1,point,0.22164279222488403,0.31150730065478577,-30.19530455157178
5402,1,point,0.22164279222488403,0.31150730065478577,-30.19530455157178
5403,1,point,0.22164279222488403,0.31150730065478577,-30.19530455157178
5404,1,point,0.22164279222488403,0.31150730065478577,-30.19530455157178
5405,1,point,0.22164279222488403,0.31150730065478577,-30.19530455157178
5406,1,point,0.22164279222488403,0.31150730065478577,-30.19530455157178
5407,1,point,0.22164279222488403,0.31150730065478577,-30.19530455157178
5408,1,point,0.22164279222488403,0.31150730065478577,-30.19530455157178
5409,1,point,0.22164279222488403,0.31150730065478577,-30.19530455157178
5410,1,point,0.22164279222488403,0.31150730065478577,-30.19530455157178
5411,1,point,0.22164279222488403,0.31150730065478577,-30.19530455157178
5412,1,point,0.22164279222488403,0.31150730065478577,-30.19530455157178
5413,1,point,0.22164279222488403,0.31150730065478577,-30.19530455157178
5414,1,point,0.22164279222488403,0.31150730065478577,-30.19530455157178
5415,1,point,0.22164279222488403,0.31150730065478577,-30.19530455157178
5416,1,point,0.22164279222488403,0.31150730065478577,-30.19530455157178
5417,1,point,0.22164279222488403,0.31150730065478577,-30.19530455157178
5418,1,point,0.22164279222488403,0.31150730065478577,-30.19530455157178
5419,1,point,0.22164279222488403,0.31150730065478577,-30.19530455157178
5420,1,point,0.22164279222488403,0.31150730065478577,-30.19530455157178
5421,1,point,0.22164279222488403,0.31150730065478577,-30.19530455157178
5422,1,point,0.22164279222488403,0.31150730065478577,-30.19530455157178
5423,1,point,0.22164279222488403,0.31150730065478577,-30.19530455157178
5424,1,point,0.22164279222488403,0.31150730065478577,-30.19530455157178
5425,1,point,0.22164279222488403,0.31150730065478577,-30.19530455157178
5426,1,point,0.22164279222488403,0.31150730065478577,-30.19530455157178
5427,1,point,0.22164279222488403,0.31150730065478577,-30.19530455157178
5428,1,point,0.22164279222488403,0.31150730065478577,-30.19530455157178
5429,1,point,0.22164279222488403,0.31150730065478577,-30.19530455157178
5430,1,point,0.22164279222488403,0.31150730065478577,-30.19530455157178
5431,1,point,0.22164279222488403,0.31150730065478577,-30.19530455157178
5432,1,point,0.22164279222488403,0.31150730065478577,-30.19530455157178
5433,1,point,0.22164279222488403,0.31150730065478577,-30.19530455157178
5434,1,point,0.22164279222488403,0.31150730065478577,-30.19530455157178
5435,1,point,0.22164279222488403,0.31150730065478577,-30.19530455157178
5436,1,point,0.22164279222488403,0.31150730065478577,-30.19530455157178
5437,1,point,0.22164279222488403,0.31150730065478577,-30.19530455157178
5438,1,point,0.22164279222488403,0.31150730065478577,-30.19530455157178
5439,1,point,0.22164279222488403,0.31150730065478577,-30.19530455157178
5440,1,point,0.22164279222488403,0.31150730065478577,-30.19530455157178
5441,1,point,0.22164279222488403,0.31150730065478577,-30.19530455157178
5442,1,point,0.22164279222488403,0.31150730065478577,-30.19530455157178
5443,1,point,0.22164279222488403,0.31150730065478577,-30.19530455157178
5444,1,point,0.22164279222488403,0.31150730065478577,-30.19530455157178
5445,1,point,0.22164279222488403,0.31150730065478577,-30.19530455157178
5446,1,point,0.22164279222488403,0.31150730065478577,-30.19530455157178
5447,1,point,0.22164279222488403,0.31150730065478577,-30.19530455157178
5448,1,point,0.22164279222488403,0.31150730065478577,-30.19530455157178
5449,1,point,0.22164279222488403,0.31150730065478577,-30.19530455157178
5450,1,point,0.22164279222488403,0.31150730065478577,-30.19530455157178
5451,1,point,0.22164279222488403,0.31150730065478577,-30.19530455157178
5452,1,point,0.22164279222488403,0.31150730065478577,-30.19530455157178
5453,1,point,0.22164279222488403,0.31150730065478577,-30.19530455157178
5454,1,point,0.22164279222488403,0.31150730065478577,-30.19530455157178
5455,1,point,0.22164279222488403,0.31150730065478577,-30.19530455157178
5456,1,point,0.22164279222488403,0.31150730065478577,-30.19530455157178
5457,1,point,0.22164279222488403,0.31150730065478577,-30.19530455157178
5458,1,point,0.22164279222488403,0.31150730065478577,-30.19530455157178
5459,1,point,0.22164279222488403,0.31150730065478577,-30.19530455157178
5460,1,point,0.22164279222488403,0.31150730065478577,-30.19530455157178
5461,1,point,0.22164279222488403,0.31150730065478577,-30.19530455157178
5462,1,point,0.22164279222488403,0.31150730065478577,-30.19530455157178
5463,1,point,0.22164279222488403,0.31150730065478577,-30.19530455157178
5464,1,point,0.22164279222488403,0.31150730065478577,-30.19530455157178
5465,1,point,0.22164279222488403,0.31150730065478577,-30.19530455157178
5466,1,point,0.22164279222488403,0.31150730065478577,-30.19530455157178
5467,1,point,0.22164279222488403,0.31150730065478577,-30.19530455157178
5468,1,point,0.22164279222488403,0.31150730065478577,-30.19530455157178
5469,1,point,0.22164279222488403,0.31150730065478577,-30.19530455157178
5470,1,point,0.22164279222488403,0.31150730065478577,-30.19530455157178
5471,1,point,0.22164279222488403,0.31150730065478577,-30.19530455157178
5472,1,point,0.22164279222488403,0.31150730065478577,-30.19530455157178
5473,1,point,0.22164279222488403,0.31150730065478577,-30.19530455157178
5474,1,point,0.22164279222488403,0.31150730065478577,-30.19530455157178
5475,1,point,0.22164279222488403,0.31150730065478577,-30.19530455157178
5476,1,point,0.22164279222488403,0.31150730065478577,-30.19530455157178
5477,1,point,0.22164279222488403,0.31150730065478577,-30.19530455157178
5478,1,point,0.22164279222488403,0.31150730065478577,-30.19530455157178
5479,1,point,0.22164279222488403,0.31150730065478577,-30.19530455157178
5480,1,point,0.22164279222488403,0.31150730065478577,-30.19530455157178
5481,1,point,0.22164279222488403,0.31150730065478577,-30.19530455157178
5482,1,point,0.22164279222488403,0.31150730065478577,-30.19530455157178
5483,1,point,0.22164279222488403,0.31150730065478577,-30.19530455157178
5484,1,point,0.22164279222488403,0.31150730065478577,-30.19530455157178
5485,1,point,0.22164279222488403,0.31150730065478577,-30.19530455157178
5486,1,point,0.22164279222488403,0.31150730065478577,-30.19530455157178
5487,1,point,0.22164279222488403,0.31150730065478577,-30.19530455157178
5488,1,point,0.22164279222488403,0.31150730065478577,-30.19530455157178
5489,1,point,0.22164279222488403,0.31150730065478577,-30.19530455157178
5490,1,point,0.22164279222488403,0.31150730065478577,-30.19530455157178
5491,1,point,0.22164279222488403,0.31150730065478577,-30.19530455157178
5492,1,point,0.22164279222488403,0.31150730065478577,-30.19530455157178
5493,1,point,0.22164279222488403,0.31150730065478577,-30.19530455157178
5494,1,point,0.22164279222488403,0.31150730065478577,-30.19530455157178
5495,1,point,0.22164279222488403,0.31150730065478577,-30.19530455157178
5496,1,point,0.22164279222488403,0.31150730065478577,-30.19530455157178
5497,1,point,0.22164279222488403,0.31150730065478577,-30.19530455157178
5498,1,point,0.22164279222488403,0.31150730065478577,-30.19530455157178
5499,1,point,0.22164279222488403,0.31150730065478577,-30.19530455157178
5500,1,point,0.3469332456588745,0.31331915031566127,-29.82451463398388
5501,1,point,0.10032849758863449,0.31289604018516665,-30.517309051216216
5502,1,point,0.19831283390522003,0.3169938884250729,-30.50758030439556
5503,1,point,0.22527053952217102,0.31275265102077754,-30.51117199673081
5504,1,point,0.22445999085903168,0.3138719001369804,-30.502153463252853
5505,1,point,0.22161702811717987,0.31328987746371023,-30.49384310742471
5506,1,point,0.22528168559074402,0.3129455239538362,-30.465889828034733
5507,1,point,0.21865734457969666,0.31517672456817175,-30.48048466711043
5508,1,point,0.21664580702781677,0.3134605901068177,-30.511279818121466
5509,1,point,0.21632492542266846,0.3115700071838139,-30.514455205434842
5510,1,point,0.2226857841014862,0.31174074055107814,-30.491380921203927
5511,1,point,0.34693682193756104,0.31608797535969047,-30.132097959820157
5512,1,point,0.17783991992473602,0.314780425139563,-30.16497482479508
5513,1,point,0.34342652559280396,0.32065347756347323,-29.80951587574191
5514,1,point,0.18271537125110626,0.31577472210571483,-29.860188000148582
5515,1,point,0.22945520281791687,0.31971303167540965,-29.82002345821502
5516,1,point,0.23068022727966309,0.3156480811086293,-29.79803249996303
5517,1,point,0.22256702184677124,0.3180981505550673,-29.79366631066955
5518,1,point,0.22526748478412628,0.317008673422706,-29.80369626614106
5519,1,point,0.2183731198310852,0.3170528195414576,-29.834201633350403
5520,1,point,0.22358036041259766,0.3192919670143916,-29.814930986105765
5521,1,point,0.22287161648273468,0.315718174006194,-29.787274680903693
5522,1,point,0.21731500327587128,0.3179378002517041,-29.771148298129447
5523,1,point,0.3472335636615753,0.31650671590152735,-29.373607388592973
5524,1,point,0.18454143404960632,0.31884158425928444,-29.365150548139127
5525,1,point,0.3431321978569031,0.3222246519204796,-28.94949822735998
5526,1,point,0.18279963731765747,0.3218999889449213,-28.959118705186484
5527,1,point,0.22408407926559448,0.3209728689511771,-28.94595425900343
5528,1,point,0.34008359909057617,0.32022318460239463,-28.51987785342294
5529,1,point,0.1897817999124527,0.3202347671899393,-28.478107769383314
5530,1,point,0.22885680198669434,0.3232814958978902,-28.97744458891384
5531,1,point,0.22268012166023254,0.3212423285649815,-28.416371976720256
5532,1,point,0.22037258744239807,0.318524161526303,-28.404118287907067
5533,1,point,0.21852092444896698,0.3217808146253865,-28.397094788750564
5534,1,point,0.21718275547027588,0.31720544314673954,-28.34182809885101
5535,1,point,0.22200125455856323,0.32037225314119294,-28.292890444483646
5536,1,point,0.22309279441833496,0.32192736698640245,-28.291300021886173
5537,1,point,0.21703097224235535,0.32013890139647994,-28.230469792610393
5538,1,point,0.34730714559555054,0.32183530153630696,-27.828346401810677
5539,1,point,0.18303920328617096,0.3235490392244444,-27.792908083366683
5540,1,point,0.3431343734264374,0.327474645205004,-27.39526967832785
5541,1,point,0.1829506903886795,0.3181635408752521,-27.94869576059591
5542,1,point,0.2296091765165329,0.3250799113982756,-27.90418911031452
5543,1,point,0.33973929286003113,0.322287297926351,-28.035969942277916
5544,1,point,0.18448670208454132,0.31917765583541263,-28.017657882043522
5545,1,point,0.3406703472137451,0.32998187658406436,-27.649135417169873
5546,1,point,0.1844729632139206,0.3190100952268056,-27.665749227276365
5547,1,point,0.22904889285564423,0.3257779035076474,-27.589467230546916
5548,1,point,0.22201967239379883,0.3225564109302387,-27.568930709359165
5549,1,point,0.2201043963432312,0.32499589457193323,-27.46539263608497
5550,1,point,0.21738386154174805,0.320540503599981,-27.456609668357487
5551,1,point,0.22180339694023132,0.32484658758786616,-27.417560658593857
5552,1,point,0.22191473841667175,0.32141684147048544,-27.33391136152295
5553,1,point,0.215929314494133,0.3204751715066953,-27.822778666661634
5554,1,point,0.21654492616653442,0.3239404490276517,-27.82349763164848
5555,1,point,0.22195394337177277,0.3186097682361035,-28.306205635051356
5556,1,point,0.34711897373199463,0.3215230336132834,-27.944074664325626
5557,1,point,0.17785903811454773,0.32268905092582256,-27.957009455362822
5558,1,point,0.34335607290267944,0.32572872002437037,-28.115686840297485
5559,1,point,0.18367397785186768,0.31936688419172377,-28.155788181006983
5560,1,point,0.2305058389902115,0.3296434640613631,-28.11617141984152
5561,1,point,0.3397109806537628,0.3196144255614069,-27.71363792522243
5562,1,point,0.1898348331451416,0.3245090156969802,-27.659383668292776
5563,1,point,0.22932249307632446,0.3244908797137074,-27.601093175756205
5564,1,point,0.22865766286849976,0.3234605895420929,-27.5121737896161
5565,1,point,0.22640211880207062,0.32536642858843307,-27.442720168904316
5566,1,point,0.21869932115077972,0.3207969978084933,-27.3765138215133
5567,1,point,0.21635189652442932,0.3216107016066951,-27.304809551575545
5568,1,point,0.21637652814388275,0.31926562939730674,-27.761592530017424
5569,1,point,0.22148774564266205,0.32464406274660246,-27.741403028576087
5570,1,point,0.2164674699306488,0.31622175098670374,-28.218817744512307
5571,1,point,0.2174946665763855,0.32069597082484197,-28.17337871476525
5572,1,point,0.2175404578447342,0.31990824578842464,-28.19359258087229
5573,1,point,0.2159811109304428,0.31903657421070836,-28.676298477847695
5574,1,point,0.34730422496795654,0.32002372992493444,-28.326484697281103
5575,1,point,0.1000639945268631,0.31869232230591704,-29.54922734135107
5576,1,point,0.37385323643684387,0.3255627007624725,-29.169744171757202
5577,1,point,0.18643726408481598,0.3178475064628359,-29.205199627902402
5578,1,point,0.22866898775100708,0.3270170906129928,-29.178987602705092
5579,1,point,0.3365117013454437,0.3201997501014479,-28.750156031677307
5580,1,point,0.18589593470096588,0.3213114730804356,-28.707229993078954
5581,1,point,0.2277989685535431,0.3257761368510629,-28.651805148909943
5582,1,point,0.22068500518798828,0.3225207239358725,-28.61223613368429
5583,1,point,0.21802885830402374,0.32127982017050005,-28.558625306450267
5584,1,point,0.21693538129329681,0.31929197681547955,-28.47927701993285
5585,1,point,0.22204184532165527,0.31777125057023536,-28.40815182708093
5586,1,point,0.21570740640163422,0.31870069122225025,-28.890981752351536
5587,1,point,0.21512314677238464,0.32408881123628624,-28.89609318518933
5588,1,point,0.21644657850265503,0.31679214709489023,-29.408290606889295
5589,1,point,0.34752577543258667,0.3183227253594916,-29.00723057061714
5590,1,point,0.18243654072284698,0.32099325677741314,-29.02659126784647
5591,1,point,0.21929079294204712,0.32253817842101995,-29.54094110982328
5592,1,point,0.3426050841808319,0.3200949423852905,-29.234404279433193
5593,1,point,0.18181675672531128,0.3212369376764567,-29.29061206381948
5594,1,point,0.2282840460538864,0.32282431895089586,-29.282205829697887
5595,1,point,0.22237910330295563,0.31890980045716716,-29.288573532970304
5596,1,point,0.22005480527877808,0.32688895014341707,-29.26179847954586
5597,1,point,0.21824195981025696,0.3168281341957736,-29.230353685147975
5598,1,point,0.21816694736480713,0.3184051273430474,-29.162658830038936
5599,1,point,0.22331394255161285,0.32157476115054573,-29.105123940971453
5600,1,point,0.21827922761440277,0.3231238474447536,-29.035583755016432
5601,1,point,0.2160969078540802,0.3166391927297155,-28.972684798524142
5602,1,point,0.2219543159008026,0.3198601453417011,-28.90083431847438
5603,1,point,0.34702104330062866,0.32187036534571134,-28.449244968947596
5604,1,point,0.10007088631391525,0.32150214079011885,-29.565977250794276
5605,1,point,0.015195954591035843,0.32605572802680133,-29.845385807689127
5606,1,point,0.021249834448099136,0.3173236324936086,-31.21290984486518
5607,1,point,0.08456018567085266,0.318558127855928,-31.828639811041512
5608,1,point,0.01966984197497368,0.3174166214697174,-32.632238602648385
5609,1,point,0.022077003493905067,0.319717485870121,-33.9678826956324
5610,1,point,0.012481478042900562,0.31792573960823817,-34.83177421041091
5611,1,point,0.019565623253583908,0.3176005620924879,-35.68787492208912
5612,1,point,0.019263673573732376,0.31681267873233293,-36.4747366489828
5613,1,point,0.02213410846889019,0.31395807868690573,-37.22050762982872
5614,1,point,0.018274379894137383,0.3166857343704122,-38.036055825250514
5615,1,point,0.02166837267577648,0.316370769503479,-38.840964024998584
5616,1,point,0.01507882121950388,0.3152346781994252,-39.66591876400912
5617,1,point,0.36480912566185,0.31856643171155385,-39.236275641621205
5618,1,point,0.007806729059666395,0.31954865903814456,-40.074616556964884
5619,1,point,0.022346217185258865,0.31761266923410236,-41.41495911945731
5620,1,point,0.3561598062515259,0.31618932575893643,-41.03527620416526
5621,1,point,0.007624838966876268,0.31761824539788125,-41.90893235335216
5622,1,point,0.08192344754934311,0.32047805407100455,-43.12368619511085
5623,1,point,0.013795333914458752,0.31857182252512456,-43.981803755038754
5624,1,point,0.023482415825128555,0.31808082402699495,-44.8079927283884
5625,1,point,0.019331183284521103,0.31827860728930457,-45.64050979714534
5626,1,point,0.018911708146333694,0.3139998671170329,-46.43482118855377
5627,1,point,0.08596274256706238,0.3163906944814907,-47.068965439166504
5628,1,point,0.012754589319229126,0.3189301373829489,-47.88128232430017
5629,1,point,0.01627095229923725,0.31776792252263036,-48.69881540471579
5630,1,point,0.02191663533449173,0.3144449066721182,-49.49736243179518
5631,1,point,0.015710748732089996,0.31875407056740224,-50.268728430000465
5632,1,point,0.08682510256767273,0.31895910062890476,-50.87151275220049
5633,1,point,0.01059182919561863,0.31620517515621704,-52.24287275860843
5634,1,point,0.01593877375125885,0.31824543068431665,-52.483447782239864
5635,1,point,0.00629820954054594,0.314683953207143,-52.57125502437384
5636,1,point,0.01982538029551506,0.31554520175774786,-52.53996275338136
5637,1,point,0.01591159775853157,0.31855730087811795,-52.76964559065573
5638,1,point,0.015586276538670063,0.3139462472381333,-52.79466911701479
5639,1,point,0.0158984512090683,0.3164871535634705,-52.81267179216684
5640,1,point,0.01656181924045086,0.3166244172245373,-52.78407250258374
5641,1,point,0.016080062836408615,0.3131537562244674,-52.75951394814683
5642,1,point,0.014730582945048809,0.31561720500983964,-52.75480546728022
5643,1,point,0.017395246773958206,0.31408334848868513,-52.75015577860108
5644,1,point,0.01837758533656597,0.31371165454435174,-52.716724583239966
5645,1,point,0.018347471952438354,0.3158880396493052,-52.69975622559673
5646,1,point,0.01838870346546173,0.31621100683926956,-52.652842942719644
5647,1,point,0.3635963201522827,0.3164316751415938,-52.7297448778404
5648,1,point,0.012820491567254066,0.3133927113175509,-52.67511050224334
5649,1,point,0.08277711272239685,0.3177516667484895,-52.50582359434134
5650,1,point,0.37231674790382385,0.3162307992247208,-52.59389734016122
5651,1,point,0.01273641362786293,0.3175044209807647,-52.550549498428154
5652,1,point,0.3495195209980011,0.31902066067384016,-51.520577469476166
5653,1,point,0.014646698720753193,0.3155488831321139,-51.488614810922854
5654,1,point,0.02083420753479004,0.31967423755380975,-51.49103805968389
5655,1,point,0.08117765933275223,0.3161029616093117,-51.297178407625324
5656,1,point,0.01484253816306591,0.3166990306925416,-51.25375688915415
5657,1,point,0.018636733293533325,0.31617105454242306,-51.47371105704133
5658,1,point,0.018046177923679352,0.3172713723472393,-51.459757315720026
5659,1,point,0.01868998259305954,0.31635313658383046,-51.427372610101884
5660,1,point,0.016249902546405792,0.31578029907835703,-51.46264078399213
5661,1,point,0.016080308705568314,0.31930608440498137,-51.4429646230376
5662,1,point,0.01640252210199833,0.31583909435756313,-51.67729145638782
5663,1,point,0.01712110824882984,0.3179499417967495,-51.69333241021468
5664,1,point,0.021472610533237457,0.31801662791658436,-51.65386485879367
5665,1,point,0.01773982308804989,0.3148726307500314,-51.60479546028637
5666,1,point,0.0873400866985321,0.31768783002746254,-51.47591226203372
5667,1,point,0.013478472828865051,0.3212271368633135,-51.4660854076069
5668,1,point,0.02194540947675705,0.314393321266139,-51.44660519273248
5669,1,point,0.01832655817270279,0.31808669630647285,-51.44173968804898
5670,1,point,0.021648969501256943,0.3188585935913032,-51.3898798286566
5671,1,point,0.08576764911413193,0.31472567741533225,-51.180998946266755
5672,1,point,0.011590703390538692,0.32042797353081426,-51.151928698466236
5673,1,point,0.015702931210398674,0.31833226638909473,-51.120138783014454
5674,1,point,0.01530606858432293,0.31585548451887396,-51.1067315019277
5675,1,point,0.01644011400640011,0.31600250695459015,-51.04116510634799
5676,1,point,0.012055991217494011,0.31800972626354884,-51.01837875206343
5677,1,point,0.0869460478425026,0.3143156674725278,-52.147389577098465
5678,1,point,0.014039241708815098,0.3173113387713751,-52.11160561937595
5679,1,point,0.01864735409617424,0.31393418338418716,-52.315874516532176
5680,1,point,0.019691387191414833,0.3126635233144658,-53.606227608664994
5681,1,point,0.3609730899333954,0.3156231670800943,-52.34071600993343
5682,1,point,0.014150470495223999,0.3117597640985584,-53.672444602244695
5683,1,point,0.01817452348768711,0.31917366654368623,-53.66554175263832
5684,1,point,0.35677990317344666,0.31600358441696724,-52.44068988499157
5685,1,point,0.0092334458604455,0.31360072474370126,-52.68863718982948
5686,1,point,0.007924987003207207,0.31809083885519607,-52.72912644948701
5687,1,point,0.01686687208712101,0.3127321590214003,-52.72602278770296
5688,1,point,0.011531250551342964,0.3150890847150061,-52.76021526421755
5689,1,point,0.013790573924779892,0.31567009911243304,-52.782307915053934
5690,1,point,0.013817975297570229,0.3139392347178088,-52.77669720536642
5691,1,point,0.01654844358563423,0.3160682238971301,-52.77367664363396
5692,1,point,0.021032363176345825,0.31573673738708397,-52.742294121766236
5693,1,point,0.01707366108894348,0.3127999544924165,-52.72785383739165
5694,1,point,0.015611186623573303,0.3145499663241377,-52.75607419113953
5695,1,point,0.009243017993867397,0.3170249922167234,-52.80184349173578
5696,1,point,0.08811436593532562,0.31582186315823835,-52.84222695072822
5697,1,point,0.01354961097240448,0.3148608296257444,-52.86169346245856
5698,1,point,0.016719898208975792,0.3158631892848109,-52.87980427841171
5699,1,point,0.013851325958967209,0.3134333673612079,-52.88773285279808
5700,1,point,0.015781298279762268,0.3148224233195644,-52.90662832957082
5701,1,point,0.08613654971122742,0.3185200644427242,-52.94786769980601
5702,1,point,0.003370487131178379,0.31445414617740614,-53.00300798609601
5703,1,point,0.00821191631257534,0.3156707594085405,-53.04250653396116
5704,1,point,0.017697354778647423,0.31582089754527676,-53.011051728821485
5705,1,point,0.08515223860740662,0.3160688852106512,-52.77024115940662
5706,1,point,0.016569245606660843,0.31527299855238655,-52.70048103199542
5707,1,point,0.01608429104089737,0.3161337377954888,-52.910059238174654
5708,1,point,0.017882470041513443,0.3136398617677447,-52.89064214218888
5709,1,point,0.019506096839904785,0.31478661527272794,-52.84894818139469
5710,1,point,0.3622511327266693,0.31764694747154987,-51.584560722884135
5711,1,point,0.01187729462981224,0.31376662101227226,-52.91176117501573
5712,1,point,0.3564000129699707,0.31710795883594184,-51.673506608399066
5713,1,point,0.00852164626121521,0.3167484430764958,-51.69360571493394
5714,1,point,0.022961797192692757,0.31937346660940447,-53.00125407271639
5715,1,point,0.08158305287361145,0.31423708759272856,-52.816916877108724
5716,1,point,0.017717942595481873,0.31690060527646563,-52.727911554523644
5717,1,point,0.011555206030607224,0.31881598643272274,-52.75125084757474
5718,1,point,0.009454745799303055,0.3171364389699874,-52.77255165605902
5719,1,point,0.01655980944633484,0.31611788133001334,-52.74669644181654
5720,1,point,0.08639983087778091,0.3151353809911615,-52.550181880723585
5721,1,point,0.01741057075560093,0.31652898786675865,-52.513290196047365
5722,1,point,0.017333757132291794,0.31528969842402194,-52.51707992458387
5723,1,point,0.01622592657804489,0.3186706535643795,-52.54335580856673
5724,1,point,0.0215365681797266,0.3175412411074283,-52.478203251304876
5725,1,point,0.015505265444517136,0.31668789569583267,-52.43327673287763
5726,1,point,0.007918627001345158,0.3166435108312361,-52.707792320007684
5727,1,point,0.02059369534254074,0.3162654071301163,-52.67440407505069
5728,1,point,0.009780172258615494,0.312882673473289,-52.73171273372327
5729,1,point,0.010557656176388264,0.3156515521748351,-52.72956020511856
5730,1,point,0.016970448195934296,0.32051788779134005,-52.70609529891476
5731,1,point,0.017387928441166878,0.31251934160505396,-52.924017925321095
5732,1,point,0.01634213700890541,0.3187696404404724,-52.85306989385913
5733,1,point,0.02142373099923134,0.31475254418539106,-52.7606425490676
5734,1,point,0.016798753291368484,0.3157744789259277,-52.7418852782439
5735,1,point,0.016625968739390373,0.3144074847574085,-52.93908656167105
5736,1,point,0.017169903963804245,0.31590231600690044,-52.924396724113876
5737,1,point,0.017824480310082436,0.3123417934632986,-52.89285520666749
5738,1,point,0.0209637600928545,0.3162599980027836,-52.83518764477844
5739,1,point,0.017882853746414185,0.3124185702598558,-52.81818117649823
5740,1,point,0.01686493493616581,0.31317421219716357,-54.125394472179096
5741,1,point,0.36374351382255554,0.3135046856302396,-52.86007641639412
5742,1,point,0.09872159361839294,0.31317966667230684,-54.03466513423041
5743,1,point,0.016358861699700356,0.3164248357460622,-53.98349295944081
5744,1,point,0.3526802361011505,0.31525146104093155,-52.7415824380837
5745,1,point,0.01223635021597147,0.3139726999316883,-52.95630687228004
5746,1,point,0.350168377161026,0.3193059047241763,-51.712576147974005
5747,1,point,0.011530251242220402,0.31455937117518107,-51.681181817320976
5748,0,normal,0.021989041939377785,0.3214184455043227,-51.60324444274033
5749,0,normal,0.08135770261287689,0.31626707723921216,-51.423560359520025
5750,0,normal,0.012172292917966843,0.31436988805213356,-51.63752064799064
5751,0,normal,0.018116388469934464,0.315070897464669,-51.65123241436709
5752,0,normal,0.018804023042321205,0.3168146464659552,-51.649598086462674
5753,0,normal,0.019085222855210304,0.31692585286334685,-51.623859990493884
5754,0,normal,0.01894598826766014,0.31651101023586065,-51.65129409731367
5755,0,normal,0.018777886405587196,0.31715371364106665,-51.63654664774822
5756,0,normal,0.017308998852968216,0.31510946522198696,-51.58395628703852
5757,0,normal,0.01741294004023075,0.31753590902563844,-51.63160267323951
5758,0,normal,0.021730326116085052,0.31718272346351806,-51.57072025071079
5759,0,normal,0.018268443644046783,0.31609946879043194,-51.55583602694401
5760,0,normal,0.01835755817592144,0.3170336037613131,-51.5780200655729
5761,0,normal,0.018038498237729073,0.3208243466978365,-51.568720106274895
5762,0,normal,0.017274506390094757,0.31412685256111794,-51.57378796354601
5763,0,normal,0.01753910444676876,0.31604374279697955,-51.59162523065356
5764,0,normal,0.02120625041425228,0.3163161624726033,-51.554484148486154
5765,0,normal,0.014935372397303581,0.31327236065401204,-51.533243641935314
5766,0,normal,0.08709899336099625,0.32020275958152644,-51.32804179106006
5767,0,normal,0.01056380569934845,0.31822273081018215,-51.309120187595
5768,0,normal,0.017274560406804085,0.3159830968264754,-51.292829621075725
5769,0,normal,0.01808946579694748,0.31453065911698325,-51.23359859139305
5770,0,normal,0.08531249314546585,0.3206764015926914,-50.98494681449665
5771,0,normal,0.015798792243003845,0.31322416186588264,-52.27916401657831
5772,0,normal,0.01836410164833069,0.3162244017351328,-52.45401358965637
5773,0,normal,0.017484255135059357,0.31394772029745793,-52.444120164428114
5774,0,normal,0.36112916469573975,0.31506207692659494,-52.50493484965932
5775,0,normal,0.09806355088949203,0.3143299568254718,-52.317529404149354
5776,0,normal,0.37159085273742676,0.3184016104391585,-52.41340488050287
5777,0,normal,0.009209271520376205,0.31367752545462263,-52.43173121303448
5778,0,normal,0.01798345521092415,0.31866018417569175,-52.43104149191595
5779,0,normal,0.3511509895324707,0.31586860508877523,-51.4085452429249
5780,0,normal,0.09402183443307877,0.3167160426902491,-51.218853650136
5781,0,normal,0.013389709405601025,0.32189333477407256,-51.22861209579651
5782,0,normal,0.018022336065769196,0.31674175064242305,-51.240325208382046
5783,0,normal,0.01927555352449417,0.318254488307528,-51.23968686833473
5784,0,normal,0.018732644617557526,0.31503625605155655,-51.239000120394394
5785,0,normal,0.08646836876869202,0.3178083835119221,-51.05825313573223
5786,0,normal,0.013841051608324051,0.3193584425876758,-51.07211688728967
5787,0,normal,0.016687942668795586,0.3208217988526373,-51.10095665198037
5788,0,normal,0.021869760006666183,0.3179895767506231,-51.103205231057245
5789,0,normal,0.01531057246029377,0.31632783773382095,-51.11355359156073
5790,0,normal,0.08739730715751648,0.32165964788527845,-50.94486633352858
5791,0,normal,0.016556140035390854,0.3198084228541665,-50.91351542354505
5792,0,normal,0.01849164068698883,0.3182959123044766,-50.93610891799358
5793,0,normal,0.016924288123846054,0.3195209339815537,-50.960692597364186
5794,0,normal,0.01798928529024124,0.32089404028217766,-50.9419651672888
5795,0,normal,0.018300272524356842,0.3168857733612287,-50.89786642191939
5796,0,normal,0.021246977150440216,0.320441939685829,-51.08983629086333
5797,0,normal,0.01426773238927126,0.31614368715749364,-51.07513923079205
5798,0,normal,0.012721661478281021,0.31813168814659415,-51.07828004574981
5799,0,normal,0.08742956072092056,0.3186871769178462,-50.856191223020005
5800,0,normal,0.01010734960436821,0.31971660036042066,-51.04771084240679
5801,0,normal,0.00791679322719574,0.3152812922422503,-51.080391170752364
5802,0,normal,0.0195450559258461,0.3175890437052095,-51.013340058810854
5803,0,normal,0.36021125316619873,0.3195355189287059,-49.721454025333514
5804,0,normal,0.09760349988937378,0.31601546380354867,-50.84034089910779
5805,0,normal,0.37083786725997925,0.32706206576308283,-49.788111788427386
5806,0,normal,0.013893689028918743,0.3152588139788606,-51.10886196561705
5807,0,normal,0.016905656084418297,0.31841591271337943,-51.066229688126214
5808,0,normal,0.022800635546445847,0.3174004066970576,-50.99395820344989
5809,0,normal,0.005322327837347984,0.3160472293210214,-52.371852031666094
5810,0,normal,0.005828202702105045,0.3186771406049406,-52.658526080022966
5811,0,normal,0.015069426968693733,0.315378862532877,-52.6499508047209
5812,0,normal,0.004717930685728788,0.3153418764713955,-52.741850902544456
5813,0,normal,0.019994603469967842,0.3138430692071933,-52.70397406249799
5814,0,normal,0.01216990128159523,0.31625873838220137,-52.71009824816542
5815,0,normal,0.01487242802977562,0.31544098080013977,-52.948136300023634
5816,0,normal,0.016267457976937294,0.31825576508395603,-52.96875073563865
5817,0,normal,0.01387212797999382,0.31741718421735343,-52.99682376736041
5818,0,normal,0.014313820749521255,0.31518160562167513,-53.0297489698828
5819,0,normal,0.016939930617809296,0.31623779515336176,-53.01688941173916
5820,0,normal,0.02142326347529888,0.31418001888568325,-53.21632750496201
5821,0,normal,0.015403871424496174,0.3129482700870229,-53.26059008788707
5822,0,normal,0.015472548082470894,0.316798049216746,-53.28366851369765
5823,0,normal,0.015239288099110126,0.31604341177935974,-53.292912640955365
5824,0,normal,0.0870816707611084,0.31666776456937024,-53.09971128305756
5825,0,normal,0.01269515696913004,0.31990061291766714,-53.089133228880655
5826,0,normal,0.016362307593226433,0.31281693443084735,-53.0762980285765
5827,0,normal,0.0170437041670084,0.3165921696807776,-53.01680199776547
5828,0,normal,0.018387380987405777,0.3147167306977072,-52.940087804002815
5829,0,normal,0.0858520045876503,0.31607070316675784,-52.95219190379726
5830,0,normal,0.013918318785727024,0.3128009068595602,-52.90439130800951
5831,0,normal,0.017547033727169037,0.316752841009918,-52.81899747498255
5832,0,normal,0.021746307611465454,0.3128429142463917,-52.777728826646126
5833,0,normal,0.019003352150321007,0.31418488363445973,-54.060092126364225
5834,0,normal,0.3621331453323364,0.3151012907967874,-53.02884376108614
5835,0,normal,0.0986565425992012,0.31327082622069347,-54.20292541883964
5836,0,normal,0.37215837836265564,0.32016411655443344,-52.97163131355137
5837,0,normal,0.01028972677886486,0.3160794225624118,-52.98262107770847
5838,0,normal,0.010604456067085266,0.31639791828549696,-53.01789872422546
5839,0,normal,0.35252565145492554,0.3177112639967147,-51.69382315105918
5840,0,normal,0.09380850195884705,0.3179665016069347,-51.455380559017385
5841,0,normal,0.014646101742982864,0.324298817746773,-51.4458403551198
5842,0,normal,0.02185707725584507,0.3169152653656876,-51.36983696796824
5843,0,normal,0.01927349716424942,0.3164201820426361,-51.37578206933085
5844,0,normal,0.017511410638689995,0.3177923057989887,-51.33270973038566
5845,0,normal,0.0183896292001009,0.31617651764332266,-51.2999484195625
5846,0,normal,0.08746793866157532,0.3178915255942642,-51.126817453411604
5847,0,normal,0.014775188639760017,0.31986562645676003,-51.1378203293973
5848,0,normal,0.01891566626727581,0.3171841318468922,-51.10774433665415
5849,0,normal,0.018524155020713806,0.31810029301961706,-51.09479871749477
5850,0,normal,0.017875369638204575,0.3186823314036881,-51.10394854454785
5851,0,normal,0.01671464554965496,0.3165993917734909,-51.090641229074436
5852,0,normal,0.08719512075185776,0.320233377112091,-50.91930083903435
5853,0,normal,0.011620204895734787,0.3199944483394954,-50.93931181687708
5854,0,normal,0.02156328782439232,0.31838562383593894,-51.14204972749553
5855,0,normal,0.016603345051407814,0.3158485031023456,-51.12413063649592
5856,0,normal,0.007010169327259064,0.3224143555446656,-51.162565706544
5857,0,normal,0.014250397682189941,0.31498335216489226,-51.14358992649568
5858,0,normal,0.020490750670433044,0.31887860895956066,-51.09789249044866
5859,0,normal,0.08628743141889572,0.31915387116367133,-51.12560218478461
5860,0,normal,0.005891791544854641,0.31782535638430054,-51.13159504260739
5861,0,normal,0.01454309280961752,0.316198501039214,-51.0890842146423
5862,0,normal,0.017603440210223198,0.31691120047461724,-51.054773761342176
5863,0,normal,0.01660693995654583,0.3170993320066923,-51.00635397929909
5864,0,normal,0.0860452726483345,0.3169122503952343,-52.115063589174724
5865,0,normal,0.013927851803600788,0.3183821241998147,-52.317114183610784
5866,0,normal,0.018552161753177643,0.3119969936623578,-53.63947763768124
5867,0,normal,0.3603898882865906,0.316247689565562,-52.34996845918158
5868,0,normal,0.011622559279203415,0.31542051549344613,-52.277620763427194
5869,0,normal,0.01457109022885561,0.3172687717702635,-53.621485213298
5870,0,normal,0.3569830060005188,0.31434252372435906,-52.60437923325253
5871,0,normal,0.014625448733568192,0.3159103810217944,-52.579029456140915
5872,0,normal,0.35281428694725037,0.31975177494097695,-51.347301529871174
5873,0,normal,0.006765788421034813,0.3142233222538711,-51.37063637385518
5874,0,normal,0.01675468683242798,0.3210700391374314,-51.35026756520142
5875,0,normal,0.08200708776712418,0.31578508849229064,-51.175285403585804
5876,0,normal,0.013164807111024857,0.31835643449226014,-51.3713766586493
5877,0,normal,0.015176589600741863,0.3173193527347943,-51.39865432349916
5878,0,normal,0.01716531068086624,0.31629159877301793,-51.41205306034726
5879,0,normal,0.01817578822374344,0.31866388903153475,-51.387852001639885
5880,0,normal,0.018358653411269188,0.31670458164543625,-51.384830349961476
5881,0,normal,0.018704410642385483,0.3190611158243833,-51.35955007333678
5882,0,normal,0.018037842586636543,0.31687749954750266,-51.576007942358046
5883,0,normal,0.005762625019997358,0.3170035053675203,-51.66592981687813
5884,0,normal,0.017270609736442566,0.31860210201745687,-51.66525487730041
5885,0,normal,0.08718082308769226,0.3168314835901434,-51.487737111948036
5886,0,normal,0.016275720670819283,0.315592201366769,-51.43634406310093
5887,0,normal,0.018888132646679878,0.3216391298875138,-51.383144575605456
5888,0,normal,0.015866411849856377,0.3179572930411213,-51.39943472757932
5889,0,normal,0.08578845113515854,0.3185288379226498,-51.444623431023956
5890,0,normal,0.009823906235396862,0.31740890424702545,-51.477560887030904
5891,0,normal,0.01336726639419794,0.314589820360098,-51.4482636975863
5892,0,normal,0.021369649097323418,0.3205241380073289,-51.395449492308444
5893,0,normal,0.01691543124616146,0.31959465421480715,-51.349514846613374
5894,0,normal,0.08564682304859161,0.3166391325000505,-51.36617659486251
5895,0,normal,0.006196549162268639,0.3163612045539398,-51.36429031829766
5896,0,normal,0.015750698745250702,0.3192915270301491,-51.33065146260037
5897,0,normal,0.014282304793596268,0.31231733268739126,-52.66503076885442
5898,0,normal,0.017363905906677246,0.32033176026541743,-52.61938350749983
5899,0,normal,0.36241012811660767,0.3144064042264099,-51.328793108112905
5900,0,normal,0.0114598348736763,0.3142021107422084,-52.6363436177453
5901,0,normal,0.35630473494529724,0.320171698821369,-51.40201294627332
5902,0,normal,0.010558078996837139,0.3154681456149453,-52.767154931649884
5903,0,normal,0.019816629588603973,0.31949046919006785,-52.707920252606755
5904,0,normal,0.019250787794589996,0.31530072327137587,-52.68182840312534
5905,0,normal,0.0038788451347500086,0.31588756099105947,-52.98451612574058
5906,0,normal,0.016982629895210266,0.31804051332717076,-52.973376122966556
5907,0,normal,0.019756803289055824,0.31677690343164566,-52.95878305908286
5908,0,normal,0.017491599544882774,0.3149603563400414,-52.95238875523546
5909,0,normal,0.018249880522489548,0.3153196247187778,-52.938649995532614
5910,0,normal,0.015073832124471664,0.31359708716726353,-52.93522192434784
5911,0,normal,0.01770242676138878,0.3150464471178266,-52.92180038386391
5912,0,normal,0.08725854754447937,0.3169722827376055,-52.76946324320102
5913,0,normal,0.012470046989619732,0.3156708748294363,-52.69485988666929
5914,0,normal,0.011714324355125427,0.31707401866903795,-52.71247476016924
5915,0,normal,0.016505638137459755,0.31390825478810047,-52.93655222734765
5916,0,normal,0.01625455729663372,0.31566786249263806,-52.94119450794824
5917,0,normal,0.01508752815425396,0.31406704675560515,-52.95131924409225
5918,0,normal,0.015045182779431343,0.31699648535720837,-52.93813279987148
5919,0,normal,0.013027912005782127,0.31542931480044567,-53.18755380885091
5920,0,normal,0.016730500385165215,0.31391951704915066,-53.10989526132016
5921,0,normal,0.08685252815485,0.31783509640665913,-52.90878057984378
5922,0,normal,0.013425159268081188,0.3125925601021369,-52.88741796456907
5923,0,normal,0.018299272283911705,0.31572046435761014,-52.84893744810802
5924,0,normal,0.018032176420092583,0.3122926200662732,-53.04459078036257
5925,0,normal,0.017413264140486717,0.3166899373686705,-52.973145810690994
5926,0,normal,0.36221393942832947,0.3146958460277643,-51.70127446275569
5927,0,normal,0.009983492083847523,0.3176345029598528,-51.65656060960919
5928,0,normal,0.08295274525880814,0.31709493635881475,-51.47026043526239
5929,0,normal,0.37243640422821045,0.31481285711727175,-51.55181700665639
5930,0,normal,0.011255621910095215,0.31848252152809603,-51.5389472508632
5931,0,normal,0.3501701056957245,0.3179754505581263,-51.63239651513595
5932,0,normal,0.015568886883556843,0.31677303455870803,-51.6050736550867
5933,0,normal,0.07937949150800705,0.32492223081359667,-51.411214835236024
5934,0,normal,0.013819310814142227,0.31601180633728565,-51.42298445829124
5935,0,normal,0.019825944676995277,0.3147964125330544,-51.30770158053133
5936,0,normal,0.017034344375133514,0.31710015993432455,-51.308667295428904
5937,0,normal,0.018970992416143417,0.3179915969140063,-51.30163519091661
5938,0,normal,0.018765298649668694,0.31645816302215907,-51.28044843092766
5939,0,normal,0.08753123134374619,0.3171855675710619,-51.13620074234473
5940,0,normal,0.015916239470243454,0.31866217880020437,-51.10490538196723
5941,0,normal,0.015798073261976242,0.3190243145320099,-51.10749712811321
5942,0,normal,0.017437653616070747,0.3196804123813,-51.35031067601494
5943,0,normal,0.016307495534420013,0.3181655150911334,-51.342437077570594
5944,0,normal,0.014836003072559834,0.31540404917583387,-51.345080515377504
5945,0,normal,0.08719532936811447,0.32026767600376144,-51.17073413253297
5946,0,normal,0.014964934438467026,0.32105380772925496,-51.16066226003704
5947,0,normal,0.015324745327234268,0.3137640268992706,-51.16268554037629
5948,0,normal,0.017075298354029655,0.31963530335562296,-51.14150706873397
5949,0,normal,0.017868217080831528,0.31790194206799827,-51.08761832503342
5950,0,normal,0.01784157007932663,0.317062835106172,-51.04833235969045
5951,0,normal,0.08648707717657089,0.31957847185018684,-51.07238829783978
5952,0,normal,0.016941875219345093,0.31763991673085273,-51.0218738011672
5953,0,normal,0.018337389454245567,0.316416097060767,-50.98423206891084
5954,0,normal,0.018552690744400024,0.31516079650903955,-50.9007308770249
5955,0,normal,0.018634682521224022,0.3181897423699758,-50.84307014939668
5956,0,normal,0.08610453456640244,0.3137482815583288,-51.96999220842372
5957,0,normal,0.013736438006162643,0.3186738763611318,-51.91335549134237
5958,0,normal,0.02168147824704647,0.3142883346399286,-52.10764778208727
5959,0,normal,0.01587439700961113,0.3135343204932474,-53.428769596873735
5960,0,normal,0.012149752117693424,0.3155254930370849,-53.41489186391868
5961,0,normal,0.02140502817928791,0.3109537067916371,-54.720678307010985
5962,0,normal,0.016099993139505386,0.3131965625899824,-54.735858618129896
5963,0,normal,0.36386987566947937,0.315392631022566,-53.71957091059471
5964,0,normal,0.009793674573302269,0.3128390994409985,-53.74065789785118
5965,0,normal,0.3566708266735077,0.31700723666248154,-52.488293259138345
5966,0,normal,0.011405679397284985,0.31380501859586574,-52.47674957813183
5967,0,normal,0.023738127201795578,0.3175212585011118,-52.43587503696176
5968,0,normal,0.08139845728874207,0.31641805440196363,-52.247115207656634
5969,0,normal,0.015235221944749355,0.3162126669553762,-52.45585002753023
5970,0,normal,0.022431373596191406,0.31575053480035103,-52.44333171870289
5971,0,normal,0.017189068719744682,0.3166223042257479,-52.42353301709727
5972,0,normal,0.021799413487315178,0.31662417842222057,-52.381150298900366
5973,0,normal,0.0861114114522934,0.31451178184166007,-52.1931574194291
5974,0,normal,0.012688406743109226,0.31683928946634915,-52.17398608263716
5975,0,normal,0.017869941890239716,0.3151074487228625,-52.392774919541125
5976,0,normal,0.02063877135515213,0.31932191896416284,-52.40354551158066
5977,0,normal,0.017155276611447334,0.31716687012677114,-52.3665238260146
5978,0,normal,0.01961658149957657,0.31544873138505514,-52.353486583806216
5979,0,normal,0.011727684177458286,0.3154166000944548,-52.37847319734033
5980,0,normal,0.018479838967323303,0.3176623811995575,-52.35318774271809
5981,0,normal,0.015580128878355026,0.31363633009221,-52.61343484130498
5982,0,normal,0.08723735064268112,0.3145705916505017,-52.462105560024156
5983,0,normal,0.013256763108074665,0.3164419260353991,-52.46795035780201
5984,0,normal,0.015008850023150444,0.3129241543856098,-52.468093563913044
5985,0,normal,0.021485362201929092,0.320772949426954,-52.43551983212569
5986,0,normal,0.01772293448448181,0.3146060570827432,-52.64258593993668
5987,0,normal,0.08604805171489716,0.3162197142610356,-52.452315899552104
5988,0,normal,0.011864745989441872,0.3155020156165706,-52.44541100553806
5989,0,normal,0.016380485147237778,0.3173017333999275,-52.40808689346136
5990,0,normal,0.3606250584125519,0.3148839328654209,-51.123178762514726
5991,0,normal,0.006179436109960079,0.318882855059675,-51.13727805469102
5992,0,normal,0.3561131954193115,0.31957757073819576,-49.862252715905925
5993,0,normal,0.011042546480894089,0.31579872412429205,-51.17786466633652
5994,0,normal,0.0804276242852211,0.32298004693864435,-50.95923794653504
5995,0,normal,0.012661606073379517,0.3133525211633614,-52.315107020409414
5996,0,normal,0.014559384435415268,0.3151417001386461,-52.28831779681536
5997,0,normal,0.01761738955974579,0.31713695844592327,-52.29215135332265
5998,0,normal,0.01974060945212841,0.31426309883347653,-52.502727534902306
5999,0,normal,0.007791025098413229,0.3157865253624148,-52.55513960261828
6000,0,normal,0.011522465385496616,0.31467888162198093,-52.62187545317033
6001,0,normal,0.019189031794667244,0.3142184407930812,-52.597787120014345
6002,0,normal,0.005774058401584625,0.3174011634273163,-52.69905597492743
6003,0,normal,0.028037117794156075,0.31638776149138265,-52.98037622873949
6004,0,normal,0.013906542211771011,0.31618353400185706,-52.98367382935476
6005,0,normal,0.01766524836421013,0.3158433606483225,-52.992356857816276
6006,0,normal,0.013397489674389362,0.3160264802775764,-53.029019072136634
6007,0,normal,0.02137676067650318,0.318078199052683,-52.99302685249904
6008,0,normal,0.011942067183554173,0.3126518664251058,-53.03498314314493
6009,0,normal,0.08731754869222641,0.31698025279244446,-52.83310607484691
6010,0,normal,0.016489507630467415,0.31631351150930087,-52.81961563200389
6011,0,normal,0.015562706626951694,0.3155734206852751,-52.79405305970249
6012,0,normal,0.01553073525428772,0.32028059025624317,-53.017098280240816
6013,0,normal,0.02157323807477951,0.31285058665503906,-52.960394916105315
6014,0,normal,0.014332705177366734,0.3166837594246164,-52.935337230506775
6015,0,normal,0.0149375693872571,0.3157985676788701,-52.913301431183754
6016,0,normal,0.01655094511806965,0.3178990266371606,-52.886070914328
6017,0,normal,0.016830969601869583,0.3128922936909793,-53.090110747602466
6018,0,normal,0.3638753592967987,0.31969021466346925,-51.786372324458625
6019,0,normal,0.09889356791973114,0.315314442379586,-51.59702398336435
6020,0,normal,0.017432041466236115,0.31766927880944057,-52.89042926797697
6021,0,normal,0.35275158286094666,0.31777467079285343,-51.60391049869236
6022,0,normal,0.0096821254119277,0.3152901852699561,-52.95061620462866
6023,0,normal,0.3509671688079834,0.32138970464807737,-51.6791560540471
6024,0,normal,0.016203414648771286,0.31639417942684395,-51.8684304023634
6025,0,normal,0.01863750070333481,0.32043524589330813,-51.85144037814075
6026,0,normal,0.018015500158071518,0.31665782617609395,-51.83370683635053
6027,0,normal,0.016786132007837296,0.3154225799920734,-51.804508059850605
6028,0,normal,0.016736095771193504,0.3146983444308695,-51.80975335606104
6029,0,normal,0.016439471393823624,0.31879777428645734,-51.764358577100666
6030,0,normal,0.020824413746595383,0.3173034385822604,-51.69924406056316
6031,0,normal,0.010928352363407612,0.31661495487051794,-51.75325463258969
6032,0,normal,0.011109857819974422,0.31698807842035637,-51.70967664958971
6033,0,normal,0.01501188799738884,0.3157304238191847,-51.6977328061173
6034,0,normal,0.017167406156659126,0.3177819846629041,-51.71248512964189
6035,0,normal,0.015247396193444729,0.3166916444768365,-51.72636398146392
6036,0,normal,0.0200359970331192,0.3159790681824171,-51.70640488436584
6037,0,normal,0.08677005022764206,0.31701075016695024,-51.56076885066341
6038,0,normal,0.013976584188640118,0.3208748518811138,-51.52138287779508
6039,0,normal,0.01815204508602619,0.3144120698223324,-51.74467426509523
6040,0,normal,0.018506137654185295,0.3169397892881025,-51.754572365922286
6041,0,normal,0.01639319397509098,0.3159590575909295,-51.73556938363345
6042,0,normal,0.017876027151942253,0.31416002154446915,-51.68430528596764
6043,0,normal,0.08636773377656937,0.31974651656348013,-51.49195527984398
6044,0,normal,0.012484991922974586,0.31649537024895635,-51.44067872249843
6045,0,normal,0.017066873610019684,0.3155181770448581,-51.39816887295342
6046,0,normal,0.018285956233739853,0.31421126413675726,-51.32767594408688
6047,0,normal,0.018158743157982826,0.31893640294209563,-51.25833369406041
6048,0,normal,0.08604500442743301,0.31279207839063894,-52.39904681982466
6049,0,normal,0.014215431176126003,0.3159121116132595,-52.584110182814584
6050,0,normal,0.01964477449655533,0.3133179569841698,-52.585407534037586
6051,0,normal,0.020479485392570496,0.31125048856938153,-53.891322661147115
6052,0,normal,0.01908833533525467,0.31433355158174014,-53.840990740933876
6053,0,normal,0.3622787296772003,0.3127616620226208,-53.94165703096337
6054,0,normal,0.011131342500448227,0.3133004351491709,-53.97527524786028
6055,0,normal,0.014663772657513618,0.31658351267109003,-53.99320323781285
6056,0,normal,0.3575988709926605,0.312958407197916,-52.7614815094671
6057,0,normal,0.009270030073821545,0.31518580315771993,-52.75765207513177
6058,0,normal,0.016739599406719208,0.3179658304059164,-52.74002732247436
6059,0,normal,0.017936423420906067,0.31295827501746265,-52.7334479771082
6060,0,normal,0.017717741429805756,0.3174952483643252,-52.73774741524517
6061,0,normal,0.022215845063328743,0.31493671832428866,-52.68351576872942
6062,0,normal,0.017823530361056328,0.3131413038911335,-52.63033166163814
6063,0,normal,0.01597619615495205,0.31596677815112434,-52.623820442994884
6064,0,normal,0.021216843277215958,0.3144587008146863,-52.60768809295655
6065,0,normal,0.08698311448097229,0.3151331808743584,-52.395423163969326
6066,0,normal,0.012496276758611202,0.31496213078907365,-52.42810349185174
6067,0,normal,0.015302012674510479,0.3163290577202546,-52.66883388539168
6068,0,normal,0.015162333846092224,0.3166014853780066,-52.66483036881664
6069,0,normal,0.014208816923201084,0.3146591142256472,-52.685812656103735
6070,0,normal,0.021106116473674774,0.3149410955669543,-52.66780398610058
6071,0,normal,0.015543956309556961,0.3149049900668506,-52.650395215077424
6072,0,normal,0.0153791643679142,0.3156934306492774,-52.663118093342064
6073,0,normal,0.014813227578997612,0.3184239682605121,-52.900115169855326
6074,0,normal,0.01887492462992668,0.31295915499492133,-52.86979243079281
6075,0,normal,0.08675515651702881,0.31506498646196984,-52.69482304860844
6076,0,normal,0.008957315236330032,0.3154875309175573,-52.70501814697582
6077,0,normal,0.0144907021895051,0.31459162339822255,-52.67637263443112
6078,0,normal,0.08536959439516068,0.31588955917035644,-52.72007856293658
6079,0,normal,0.016493426635861397,0.31593097270253734,-52.68300199585315
6080,0,normal,0.014117385260760784,0.31329492240596435,-52.67835481578686
6081,0,normal,0.018255677074193954,0.31310854500857443,-52.64660186804417
6082,0,normal,0.36062610149383545,0.32001964079719325,-51.38706231788092
6083,0,normal,0.09798984229564667,0.31372366120976924,-52.56458413841824
6084,0,normal,0.01766439899802208,0.31822926223649645,-52.515772742920944
6085,0,normal,0.3528674244880676,0.31600137787789423,-51.24864148181632
6086,0,normal,0.012210413813591003,0.31417072727206946,-52.58067492414443
6087,0,normal,0.3511156439781189,0.3204131836544926,-51.30334834229893
6088,0,normal,0.09329920262098312,0.3155669002799377,-51.12675763294533
6089,0,normal,0.009335439652204514,0.32297416530994394,-51.14706306362814
6090,0,normal,0.022726984694600105,0.3181828559515199,-51.11406693149638
6091,0,normal,0.011822668835520744,0.315004331944501,-51.149402641754705
6092,0,normal,0.015212658792734146,0.31748421127674453,-51.15376836528185
6093,0,normal,0.018549587577581406,0.31925037199570283,-51.13378264038829
6094,0,normal,0.005369270220398903,0.3185696353697313,-51.239574783541
6095,0,normal,0.015448429621756077,0.31933117368663316,-51.49734069225656
6096,0,normal,0.016544897109270096,0.318076596981752,-51.5054954177715
6097,0,normal,0.016991805285215378,0.316024201714187,-51.481626814825404
6098,0,normal,0.017401842400431633,0.3185331640309849,-51.48504199512013
6099,0,normal,0.012077501974999905,0.3176074297504318,-51.49140623208609
6100,0,normal,0.020053165033459663,0.31841146298121753,-51.49794075634554
6101,0,normal,0.008463652804493904,0.31680373329425393,-51.557261724851514
6102,0,normal,0.08814377337694168,0.3221379111858846,-51.3611308036684
6103,0,normal,0.015132103115320206,0.3162079536326158,-51.311470572605
6104,0,normal,0.0040071094408631325,0.318798004458733,-51.39073698609991
6105,0,normal,0.014328241348266602,0.3168333546046654,-51.62229821945857
6106,0,normal,0.020589448511600494,0.318323559736005,-51.52914990472527
6107,0,normal,0.01432204432785511,0.32240198046527335,-51.49733074351548
6108,0,normal,0.0165253933519125,0.31794304577021015,-51.67355125298991
6109,0,normal,0.017659904435276985,0.3174549465953984,-51.646791676517296
6110,0,normal,0.36335480213165283,0.31548756880220413,-50.33351843007654
6111,0,normal,0.09883950650691986,0.319757949856702,-50.10574489289229
6112,0,normal,0.3721323013305664,0.3219685608668069,-50.17297463000682
6113,0,normal,0.010949979536235332,0.31928332704501183,-50.37231031706892
6114,0,normal,0.02037445828318596,0.32067950567981196,-50.346915459447246
6115,0,normal,0.3504624664783478,0.3185747993275301,-50.411261513537966
6116,0,normal,0.015483049675822258,0.31886709327822677,-50.35134363379029
6117,0,normal,0.08061976730823517,0.3236030141857047,-51.500124762898395
6118,0,normal,0.014828173443675041,0.3151164949773786,-51.73396135379562
6119,0,normal,0.022845128551125526,0.3195167572832674,-51.664028395874766
6120,0,normal,0.017402319237589836,0.31514534809913664,-51.68481948843328
6121,0,normal,0.014419917948544025,0.31747536165974083,-51.656414669001606
6122,0,normal,0.017578264698386192,0.3191722094701479,-51.64332702143065
6123,0,normal,0.02180071361362934,0.31938163998451413,-51.63626632182104
6124,0,normal,0.01808764785528183,0.3164228408271534,-51.55667552393129
6125,0,normal,0.018187187612056732,0.3159767060394899,-51.55194691759061
6126,0,normal,0.018120281398296356,0.3185677625669419,-51.53782416771355
6127,0,normal,0.017067614942789078,0.3165664924795418,-51.5229825896331
6128,0,normal,0.0206453874707222,0.31631898427952326,-51.53524548239989
6129,0,normal,0.08698391169309616,0.3204027588472289,-51.34628126791813
6130,0,normal,0.012780682183802128,0.3181954913940343,-51.362449509937505
6131,0,normal,0.018411070108413696,0.31663033823346826,-51.299807689397994
6132,0,normal,0.020639218389987946,0.32348788225804925,-51.49005373026421
6133,0,normal,0.017972085624933243,0.31389644585377274,-51.47474930254839
6134,0,normal,0.018794827163219452,0.3177751982011006,-51.37116972010995
6135,0,normal,0.017420046031475067,0.3170277449109703,-51.319987653401995
6136,0,normal,0.015589548274874687,0.317015318430579,-51.29536293606566
6137,0,normal,0.017877165228128433,0.31662209059375995,-51.24455212534417
6138,0,normal,0.019854240119457245,0.316629524349429,-51.15880059628762
6139,0,normal,0.015672391280531883,0.31324649960215717,-51.11691807448756
6140,0,normal,0.019966473802924156,0.31318566184489327,-52.39165781096358
6141,0,normal,0.01642429083585739,0.316406394653868,-52.58833576947882
6142,0,normal,0.016307994723320007,0.31197360038847255,-53.92883625579225
6143,0,normal,0.018557460978627205,0.3107911184932115,-53.88692407162603
6144,0,normal,0.016116663813591003,0.3121394690520361,-53.876815954914946
6145,0,normal,0.3638762831687927,0.3117713562735158,-53.96591076070172
6146,0,normal,0.008660608902573586,0.3133046087099485,-54.007517161895294
6147,0,normal,0.02255738526582718,0.315468759822786,-54.216674931389434
6148,0,normal,0.3556143045425415,0.31317167558116,-52.981040894863554
6149,0,normal,0.009554670192301273,0.3151078290028421,-53.0097058137535
6150,0,normal,0.3533356189727783,0.3179687186800466,-51.747684931523054
6151,0,normal,0.09359682351350784,0.31471466971602896,-51.560000470760315
6152,0,normal,0.015343468636274338,0.32128209980493716,-51.54950259031716
6153,0,normal,0.021186836063861847,0.31537406460646866,-51.54863267470478
6154,0,normal,0.01983814127743244,0.3144947710840011,-51.50477088481216
6155,0,normal,0.02258940599858761,0.3151749756697389,-51.47538809228854
6156,0,normal,0.017716752365231514,0.3166961614701143,-51.48119059015039
6157,0,normal,0.015961812809109688,0.3175769150981677,-51.46449381031971
6158,0,normal,0.014952830038964748,0.31522112592990864,-51.51526150298173
6159,0,normal,0.016035668551921844,0.3151680602801791,-51.75366748991837
6160,0,normal,0.021797679364681244,0.3154301384722459,-51.71188436363036
6161,0,normal,0.013587689027190208,0.3154584877008373,-51.7706536632661
6162,0,normal,0.014936912804841995,0.3177223379069728,-51.80554411019443
6163,0,normal,0.015875717625021935,0.3165511130996446,-51.82979761079264
6164,0,normal,0.01605035737156868,0.31546988520226465,-51.868591245670814
6165,0,normal,0.013999422080814838,0.3191315578439144,-51.87980266645627
6166,0,normal,0.020952420309185982,0.31344270343815755,-51.84799816876034
6167,0,normal,0.014911681413650513,0.3160607645340784,-51.87417269027469
6168,0,normal,0.08708116412162781,0.31722772009806066,-51.70987391442736
6169,0,normal,0.013428977690637112,0.3155378685454329,-51.68103516505744
6170,0,normal,0.018948134034872055,0.3191696376841225,-51.66431174395052
6171,0,normal,0.08496668189764023,0.31714118916411743,-51.44261887142079
6172,0,normal,0.01410074532032013,0.3158267269157143,-51.39296982581595
6173,0,normal,0.02214348129928112,0.31434489108600927,-51.314713174415374
6174,0,normal,0.010597854852676392,0.3175724178051948,-51.293551483254305
6175,0,normal,0.0043113925494253635,0.3152130086187155,-52.68169534226763
6176,0,normal,0.36626365780830383,0.3175843897355986,-51.38565078375018
6177,0,normal,0.013991915620863438,0.3144152547291114,-51.465294679197086
6178,0,normal,0.003760081250220537,0.31587597416672913,-52.85817009277048
6179,0,normal,0.3586820960044861,0.31463183704383985,-51.58727449668754
6180,0,normal,0.011472327634692192,0.31655894893275816,-52.90872817182776
6181,0,normal,0.017696646973490715,0.3165587174821426,-53.14069089006398
6182,0,normal,0.014081057161092758,0.3128353800823338,-53.1627051647547
6183,0,normal,0.006682517472654581,0.3176444398842606,-53.24921130325288
6184,0,normal,0.01936674676835537,0.31354322934859574,-53.249200445833594
6185,0,normal,0.006907919887453318,0.31305287100664275,-53.31960289260405
6186,0,normal,0.014450576156377792,0.3165580876442857,-53.338746257922594
6187,0,normal,0.014948197640478611,0.3148131877881377,-53.35996233214587
6188,0,normal,0.017621133476495743,0.31590793292056757,-53.333584959962764
6189,0,normal,0.018341774120926857,0.31585914496169676,-53.33220411060165
6190,0,normal,0.01699809730052948,0.3178376130566799,-53.37140290501861
6191,0,normal,0.019752154126763344,0.3159037910442781,-53.32078134964536
6192,0,normal,0.015538020059466362,0.317677126946094,-53.32024319051493
6193,0,normal,0.01757040061056614,0.3174684545049098,-53.311801936092024
6194,0,normal,0.017173120751976967,0.31392877055544455,-53.299728899881984
6195,0,normal,0.08705101162195206,0.3162971740197057,-53.112860122780376
6196,0,normal,0.015635229647159576,0.3183492557789726,-53.103703998790934
6197,0,normal,0.004866110160946846,0.3139870023054362,-53.14637272231698
6198,0,normal,0.017189566045999527,0.3175006817934835,-53.36342656761872
6199,0,normal,0.014491964131593704,0.3169011738947562,-53.34123160033914
6200,0,normal,0.08599947392940521,0.31544042378799947,-53.124720838738995
6201,0,normal,0.012852863408625126,0.31572680480247495,-53.33011050725054
6202,0,normal,0.013521547429263592,0.3165031436647296,-53.326535604798664
6203,0,normal,0.015041179023683071,0.31272372664053233,-53.32732239718257
6204,0,normal,0.017801199108362198,0.31351858144271433,-53.227848071961944
6205,0,normal,0.36205169558525085,0.3188704450002477,-51.88356269370229
6206,0,normal,0.011440661735832691,0.3146366003650033,-53.211363310244224
6207,0,normal,0.020439011976122856,0.3181024575401551,-53.11025986976665
6208,0,normal,0.3565017580986023,0.3139912962793099,-51.7989474721162
6209,0,normal,0.011668668128550053,0.31397836452298983,-53.12328951285349
6210,0,normal,0.0816798210144043,0.31920184073120317,-52.93740767731515
6211,0,normal,0.014576826244592667,0.3142272090550634,-52.92826434958238
6212,0,normal,0.01892411895096302,0.31935881414247,-52.89423267856705
6213,0,normal,0.01911059580743313,0.31541255022889025,-52.83436681536523
6214,0,normal,0.018617084249854088,0.31387469662897194,-52.82619393025834
6215,0,normal,0.08610530942678452,0.31718850818640687,-52.599505484821066
6216,0,normal,0.016970867291092873,0.316215446321993,-52.57746718256453
6217,0,normal,0.011768974363803864,0.31559092517564014,-52.58517516476468
6218,0,normal,0.01653481461107731,0.3161366920496081,-52.607761666764645
6219,0,normal,0.0199070256203413,0.3170314285626664,-52.58861925053816
6220,0,normal,0.021875767037272453,0.31666776548129266,-52.53769982153858
6221,0,normal,0.08657211065292358,0.3151990898881305,-52.382576776606584
6222,0,normal,0.014930794946849346,0.31798154920215016,-52.369802219590156
6223,0,normal,0.018676934763789177,0.3145633688401928,-52.354100154158914
6224,0,normal,0.021892203018069267,0.3149368795596816,-52.32077564860242
6225,0,normal,0.018702400848269463,0.3215565442237395,-52.520944407977595
6226,0,normal,0.01796972192823887,0.3147046348407565,-52.523774288595405
6227,0,normal,0.018206870183348656,0.3168589854366471,-52.44752838400473
6228,0,normal,0.018370293080806732,0.317696055745018,-52.43334867407316
6229,0,normal,0.020195694640278816,0.31509375858868105,-52.36863924965178
6230,0,normal,0.011825298890471458,0.31714627367887366,-52.59524314301643
6231,0,normal,0.017531145364046097,0.3167629566404027,-52.562295673950075
6232,0,normal,0.018449831753969193,0.3128372085913022,-52.51502918521305
6233,0,normal,0.018655231222510338,0.31517699337307936,-52.453602416181866
6234,0,normal,0.086729496717453,0.3175637040690117,-52.25986247201513
6235,0,normal,0.010751182213425636,0.31224804972468356,-53.6061968454585
6236,0,normal,0.016653286293148994,0.31341910448889027,-53.56721326836214
6237,0,normal,0.01997494511306286,0.31208107137861046,-53.5521698498917
6238,0,normal,0.017285088077187538,0.3130267558786865,-54.86983545641942
6239,0,normal,0.36200201511383057,0.31419135032042883,-53.61505966033428
6240,0,normal,0.010682650841772556,0.31305018956737407,-53.845394148001105
6241,0,normal,0.35591644048690796,0.31705511884527326,-52.59977314048797
6242,0,normal,0.011682841926813126,0.3139322112994703,-52.601942572729286
6243,0,normal,0.02330167032778263,0.3175851756419666,-52.54790074659422
6244,0,normal,0.35279014706611633,0.31507876342294083,-51.29286915872831
6245,0,normal,0.0947926789522171,0.3171429094832883,-51.33266693554128
6246,0,normal,0.014237414114177227,0.3231932120696796,-51.34855258302582
6247,0,normal,0.018626902252435684,0.31532771375826324,-51.32071192442936
6248,0,normal,0.02302088774740696,0.3153884713511717,-51.27705927871625
6249,0,normal,0.01644771732389927,0.3158834014378798,-51.27559992064289
6250,0,normal,0.012331286445260048,0.31778644901969105,-51.309682216890224
6251,0,normal,0.015177387744188309,0.3181195483041514,-51.553920627553
6252,0,normal,0.014007790014147758,0.3183589283539726,-51.6240622446669
6253,0,normal,0.014749351888895035,0.315703509641156,-51.63954074828462
6254,0,normal,0.015475530177354813,0.3166585103961325,-51.66941775899522
6255,0,normal,0.02131068892776966,0.31674986737460625,-51.661119855262086
6256,0,normal,0.0870569571852684,0.3177124592035436,-51.48352798705332
6257,0,normal,0.011401865631341934,0.31653208011386325,-51.52990101716091
6258,0,normal,0.017387066036462784,0.31794137628553426,-51.5429430360407
6259,0,normal,0.015460754744708538,0.31774786307955716,-51.55842997384161
6260,0,normal,0.011367479339241982,0.31481175327525746,-51.54428577989211
6261,0,normal,0.08667609095573425,0.32026027236679716,-51.36809665277474
6262,0,normal,0.016814548522233963,0.3154943473505611,-51.32220463530234
6263,0,normal,0.014341671951115131,0.31866201142821565,-51.330155239644455
6264,0,normal,0.011256745085120201,0.319603936400928,-51.56716283760761
6265,0,normal,0.00623256154358387,0.31949995053606006,-51.5570299777703
6266,0,normal,0.08732742071151733,0.3153473493394902,-51.345418877049724
6267,0,normal,0.011107702739536762,0.3165260354796976,-51.32356638836791
6268,0,normal,0.02115149050951004,0.3149071716710345,-51.25769429359798
6269,0,normal,0.009961780160665512,0.3142938041441069,-52.5996614113526
6270,0,normal,0.36297526955604553,0.32125729037757467,-51.31463819043552
6271,0,normal,0.09813854843378067,0.31361216436348033,-52.47330552433118
6272,0,normal,0.3715115785598755,0.3197255610155602,-51.21525791054637
6273,0,normal,0.01531277596950531,0.31743463325249777,-51.19962335909304
6274,0,normal,0.02172677591443062,0.31865259530889734,-52.57293820232053
6275,0,normal,0.3613015115261078,0.3175490076377404,-51.54814466080256
6276,0,normal,0.09343209862709045,0.3197436536221964,-51.35808144687212
6277,0,normal,0.00668329605832696,0.322468847194954,-51.450055989891325
6278,0,normal,0.011519878171384335,0.31813934628416285,-51.49785992135298
6279,0,normal,0.01808064430952072,0.31896860987662423,-51.48161356875994
6280,0,normal,0.018556833267211914,0.3165416542725409,-51.43307596077511
6281,0,normal,0.08622768521308899,0.31978824348615087,-51.219457136616484
6282,0,normal,0.017335480079054832,0.3194235514830298,-51.18602474173008
6283,0,normal,0.012860671617090702,0.3213861646706235,-51.223764096484956
6284,0,normal,0.02120622806251049,0.31922923875450354,-51.18108330077371
6285,0,normal,0.0869293361902237,0.3190759757873773,-51.013706973454646
6286,0,normal,0.010042626410722733,0.32165739302769747,-51.26583333381632
6287,0,normal,0.021269449964165688,0.3193451208647506,-51.21906799825547
6288,0,normal,0.013262906111776829,0.3181289293420507,-51.276813681301974
6289,0,normal,0.01361946389079094,0.3244947414175976,-51.283178142035695
6290,0,normal,0.08693275600671768,0.3215539146200943,-51.061846589213474
6291,0,normal,0.08430370688438416,0.32020926696792745,-51.13860779340598
6292,0,normal,0.012925074435770512,0.3238754889890164,-51.15691688181846
6293,0,normal,0.010592631995677948,0.31696836346173235,-51.158045727312356
6294,0,normal,0.021179795265197754,0.32107104488281246,-51.06822919360229
6295,0,normal,0.015076320618391037,0.321462789513394,-50.968289893350175
6296,0,normal,0.02129974029958248,0.3212104445134273,-51.11225223561496
6297,0,normal,0.01648709923028946,0.31612344974394446,-51.06169667771701
6298,0,normal,0.01729365438222885,0.3186700475706948,-51.02967068932094
6299,0,normal,0.36409810185432434,0.3176449247421237,-49.69156338771245
6300,0,normal,0.009561321698129177,0.31636423121891644,-50.97600499578857
6301,0,normal,0.3570650517940521,0.32332848402999204,-49.929848205830694
6302,0,normal,0.009223545901477337,0.3157826139089141,-51.26141851628222
6303,0,normal,0.021150346845388412,0.3225175640613487,-51.22665841051503
6304,0,normal,0.35307538509368896,0.3180987214872908,-49.95516198210885
6305,0,normal,0.09468668699264526,0.32147576378852416,-51.08355100210042
6306,0,normal,0.013861267827451229,0.3236725522201284,-51.2984780232257
6307,0,normal,0.01834537275135517,0.31604140505867856,-51.22680394769736
6308,0,normal,0.01917192153632641,0.31706711521704195,-51.17633513006672
6309,0,normal,0.01773521490395069,0.31743383872439385,-51.15439595207022
6310,0,normal,0.08582761883735657,0.31888506867866373,-50.95327570438121
6311,0,normal,0.013228126801550388,0.31956916573953187,-51.17256300458371
6312,0,normal,0.015662051737308502,0.31921811228940866,-51.21574435636421
6313,0,normal,0.015143219381570816,0.3166019697482706,-51.16986854823722
6314,0,normal,0.02136787213385105,0.3175220956800066,-51.13425896326589
6315,0,normal,0.01563175395131111,0.31695458016998107,-51.37001373975204
6316,0,normal,0.02141762524843216,0.31886717612777254,-51.30350814849294
6317,0,normal,0.014183584600687027,0.3159699400433572,-51.36613456925784
6318,0,normal,0.02130098268389702,0.31815622276020356,-51.329325336586635
6319,0,normal,0.015050063841044903,0.3191646913139503,-51.297620699241406
6320,0,normal,0.014750299975275993,0.31665743856938416,-51.52763660614232
6321,0,normal,0.08733267337083817,0.3193766912386755,-51.548217129848126
6322,0,normal,0.011515375226736069,0.3151273117514035,-51.54344332426513
6323,0,normal,0.018379999324679375,0.31846991735580465,-51.49833835471918
6324,0,normal,0.011643577367067337,0.3170354888926357,-51.52217671666517
6325,0,normal,0.012203137390315533,0.31980315833608464,-51.47605092049071
6326,0,normal,0.017307888716459274,0.3152028973770274,-51.46034696987954
6327,0,normal,0.08621189743280411,0.319046591534316,-51.22796092847534
6328,0,normal,0.014509035274386406,0.3145783965623181,-51.18979052190912
6329,0,normal,0.018063655123114586,0.3138444435528865,-52.478821093512806
6330,0,normal,0.015836447477340698,0.31830764074937823,-52.438483173843
6331,0,normal,0.01985720545053482,0.31118430814869424,-53.73849479406135
6332,0,normal,0.36185044050216675,0.31396659099303736,-52.45477799563491
6333,0,normal,0.011433868668973446,0.3152378378650502,-52.43232749864228
6334,0,normal,0.018778115510940552,0.31661883667938734,-53.76058150408471
6335,0,normal,0.35677656531333923,0.3122837829995896,-52.74312655367089
6336,0,normal,0.009400849230587482,0.31496974017939733,-52.7327457466688
6337,0,normal,0.35394608974456787,0.3184981007265691,-51.485031381614135
6338,0,normal,0.011159498244524002,0.3158381027303949,-51.487853101080646
6339,0,normal,0.02327910251915455,0.32244567594257684,-51.45424643193496
6340,0,normal,0.01886710524559021,0.31504026448500855,-51.69388214315495
6341,0,normal,0.01852467469871044,0.3162494919489789,-51.65801337129665
6342,0,normal,0.02196270413696766,0.31582710476130343,-51.61733473096865
6343,0,normal,0.0181179940700531,0.3160298970889949,-51.61238445482354
6344,0,normal,0.01743345707654953,0.3167977181529329,-51.618899571033126
6345,0,normal,0.08748502284288406,0.3163177763296974,-51.45256913489743
6346,0,normal,0.013264643959701061,0.3165354493169648,-51.470880363937795
6347,0,normal,0.017161956056952477,0.31661023442352704,-51.43363799286726
6348,0,normal,0.021952861919999123,0.3170736110845212,-51.44723735383741
6349,0,normal,0.018211085349321365,0.3187647525417807,-51.41113071461086
6350,0,normal,0.018196847289800644,0.3169743076157233,-51.39466833017923
6351,0,normal,0.08668342232704163,0.3177918636878146,-51.4523305988007
6352,0,normal,0.013688069768249989,0.3203952350071531,-51.43306041345204
6353,0,normal,0.02167121320962906,0.3130282536323229,-51.411211629806076
6354,0,normal,0.018784893676638603,0.317558102257752,-51.37168934373494
6355,0,normal,0.01071002334356308,0.3171283349130424,-51.35856009129611
6356,0,normal,0.010539095848798752,0.31525968186311765,-51.361963237709006
6357,0,normal,0.011753380298614502,0.3197018613732288,-51.59096448756486
6358,0,normal,0.008443747647106647,0.31683405141972887,-51.62146104875774
6359,0,normal,0.012228515930473804,0.3139900443758279,-51.624807096245604
6360,0,normal,0.015851762145757675,0.3139934019759041,-51.55738088306157
6361,0,normal,0.08672305941581726,0.3171113305164059,-51.35612524694261
6362,0,normal,0.009806621819734573,0.31313927956615034,-52.70654320765129
6363,0,normal,0.013204008340835571,0.3179218244564774,-52.699062641735736
6364,0,normal,0.02156924456357956,0.31323622397394063,-52.673055299750786
6365,0,normal,0.007503142114728689,0.3137533756693088,-54.04052963916911
6366,0,normal,0.36467820405960083,0.3166040673413195,-52.76078467483012
6367,0,normal,0.014301519840955734,0.3128030451130657,-54.08702117160465
6368,0,normal,0.009177948348224163,0.316188299022543,-54.13142616776031
6369,0,normal,0.358546644449234,0.31511134217176273,-52.90751611593441
6370,0,normal,0.09569893032312393,0.3164299306912982,-52.721862743152315
6371,0,normal,0.0027124867774546146,0.31978013946199724,-52.805710385228394
6372,0,normal,0.009922842495143414,0.3140133534920712,-52.85175796483804
6373,0,normal,0.008674356155097485,0.3183635071853135,-52.917788535004775
6374,0,normal,0.006299112923443317,0.3165114275848402,-52.96694273056892
6375,0,normal,0.010680483654141426,0.31305023843122515,-53.20087848337653
6376,0,normal,0.02147519774734974,0.31661329791808207,-53.172782367032596
6377,0,normal,0.005669121630489826,0.31495741319810705,-53.25522823065103
6378,0,normal,0.01670415885746479,0.3146940000751746,-53.26351067565906
6379,0,normal,0.0874728411436081,0.3158501397855796,-53.09232824799483
6380,0,normal,0.014566581696271896,0.3170528966032911,-53.09874073364631
6381,0,normal,0.01820674166083336,0.31568074583939376,-53.311978650996025
6382,0,normal,0.01451454684138298,0.31591996943791,-53.34137289551063
6383,0,normal,0.021336086094379425,0.3175724047465797,-53.34093777242697
6384,0,normal,0.08623243868350983,0.31419740092582354,-53.16890892008814
6385,0,normal,0.004769618157297373,0.31787750836331,-53.195475137488984
6386,0,normal,0.02055363543331623,0.321308163496775,-53.138589566426845
6387,0,normal,0.01382172480225563,0.3140904659787908,-53.1272894331139
6388,0,normal,0.01843772456049919,0.3198141047954575,-53.067213543913795
6389,0,normal,0.016138913109898567,0.31753118690446946,-53.021678878636294
6390,0,normal,0.018364088609814644,0.31656796936279563,-52.96881132855356
6391,0,normal,0.01797596924006939,0.3152649302764166,-53.16755537372592
6392,0,normal,0.02162780426442623,0.31841799746771576,-53.10893055323186
6393,0,normal,0.36315369606018066,0.3144987590050687,-51.807091153142665
6394,0,normal,0.010675209574401379,0.31419419172243657,-51.773517624990745
6395,0,normal,0.3565024137496948,0.3238462223555466,-50.4512616360787
6396,0,normal,0.015340409241616726,0.31553578549063227,-51.75413290255028
6397,0,normal,0.08027064800262451,0.3217616983433001,-51.56259674351668
6398,0,normal,0.01311151310801506,0.3161034964559589,-51.4978093818072
6399,0,normal,0.015214602462947369,0.3192639108838782,-52.809082499072474
6400,0,normal,0.011350095272064209,0.31608117052616497,-53.063192870923785
6401,0,normal,0.015538965351879597,0.3164081340073401,-52.98203446392699
6402,0,normal,0.01565810665488243,0.315966624979329,-52.94041628653645
6403,0,normal,0.016585538163781166,0.3134525177552819,-52.87765296273028
6404,0,normal,0.021558435633778572,0.31491811167255634,-52.79265036332254
6405,0,normal,0.015373417176306248,0.31519864785430474,-52.75483462177954
6406,0,normal,0.01754470355808735,0.3170720610164466,-52.78058768916253
6407,0,normal,0.017403559759259224,0.31483929770717317,-52.69640204437519
6408,0,normal,0.016760841012001038,0.3146429215110172,-52.69257332330062
6409,0,normal,0.014096359722316265,0.31542649850459453,-52.93695701629895
6410,0,normal,0.021190229803323746,0.3148745661291831,-52.917444712134056
6411,0,normal,0.011589344590902328,0.3116961455627947,-52.970168897017174
6412,0,normal,0.013123994693160057,0.3162839174936978,-52.96873632158281
6413,0,normal,0.08722936362028122,0.3168391434766075,-52.8186725905889
6414,0,normal,0.011027229949831963,0.31392978641703806,-53.05742225797849
6415,0,normal,0.011908991262316704,0.3176927198170946,-53.031207714507445
6416,0,normal,0.012357780709862709,0.31212888721315935,-53.05354362728485
6417,0,normal,0.014788161963224411,0.3157148661650951,-53.01577997950881
6418,0,normal,0.08598656952381134,0.3131826372943172,-52.8090396796249
6419,0,normal,0.010575851425528526,0.31628287271613176,-52.787930005129965
6420,0,normal,0.0205343309789896,0.31241115309669953,-52.749849319879104
6421,0,normal,0.01070767268538475,0.3158577805265987,-52.7456025626409
6422,0,normal,0.01739831641316414,0.31422041336116396,-52.7247081256603
6423,0,normal,0.3621602952480316,0.3131351892254753,-52.78815264357286
6424,0,normal,0.09854820370674133,0.3146140223821756,-52.610944466944375
6425,0,normal,0.01584213227033615,0.3174853800118233,-53.93010326225567
6426,0,normal,0.3533173203468323,0.31448663079543093,-52.711627707904654
6427,0,normal,0.01252095028758049,0.3142665632620315,-52.926542172421705
6428,0,normal,0.3508793115615845,0.3206452486904886,-51.66015551647911
6429,0,normal,0.0062450687400996685,0.3144316112321036,-51.692441217797295
6430,0,normal,0.0218255165964365,0.324123257489531,-51.633589517203745
6431,0,normal,0.016365965828299522,0.3157782358531864,-51.65556841004832
6432,0,normal,0.016978589817881584,0.3151179335484742,-51.63021818868947
6433,0,normal,0.015784338116645813,0.31673693534451225,-51.62621882841427
6434,0,normal,0.016115916892886162,0.3168050928966291,-51.65748988381051
6435,0,normal,0.018824802711606026,0.31659795456135686,-51.63430888306425
6436,0,normal,0.08757925778627396,0.31790994186567806,-51.48076626445504
6437,0,normal,0.013040528632700443,0.31734202893328184,-51.487034538266926
6438,0,normal,0.01701679825782776,0.31711832898198805,-51.46319724065779
6439,0,normal,0.01752467267215252,0.31846567775077356,-51.4558907586686
6440,0,normal,0.02147139050066471,0.3183309740620581,-51.44734719641747
6441,0,normal,0.018111856654286385,0.3176413863293931,-51.409176318292566
6442,0,normal,0.08673962950706482,0.32088996710540685,-51.217654481411046
6443,0,normal,0.013792508281767368,0.3204240003530582,-51.435684367861086
6444,0,normal,0.01811852864921093,0.31429084423620246,-51.41401504451392
6445,0,normal,0.01728690229356289,0.3179713085135043,-51.37433405938623
6446,0,normal,0.02140958420932293,0.3171098064802439,-51.29947163530733
6447,0,normal,0.08583162724971771,0.31583157279092916,-51.07207488967765
6448,0,normal,0.011700723320245743,0.3201363181209151,-51.27451543413804
6449,0,normal,0.017499230802059174,0.3180213780573323,-51.220923066091245
6450,0,normal,0.02171006053686142,0.3148802682259208,-51.18202169197821
6451,0,normal,0.015308352187275887,0.31505200577230924,-51.08615548533089
6452,0,normal,0.013878232799470425,0.3175163396304838,-51.05068971136939
6453,0,normal,0.08688973635435104,0.3142855377705215,-52.19024632468927
6454,0,normal,0.01652936451137066,0.3170708095187723,-52.373386680875
6455,0,normal,0.009504225105047226,0.3140488190717301,-52.42514161857525
6456,0,normal,0.013159573078155518,0.3136952919797729,-53.75490320133076
6457,0,normal,0.3620956838130951,0.31608014753962704,-52.48348582063545
6458,0,normal,0.011017265729606152,0.31187435516029227,-53.83632429661566
6459,0,normal,0.3554506301879883,0.32019231746907745,-52.54671550315311
6460,0,normal,0.015039335004985332,0.31414374215627805,-52.555900528712755
6461,0,normal,0.004234172869473696,0.31731359971626355,-52.611853347706756
6462,0,normal,0.35780006647109985,0.3184131914873804,-51.341992826928845
6463,0,normal,0.09473453462123871,0.3176687274210266,-51.144545726637716
6464,0,normal,0.01038170326501131,0.32171253588338805,-51.1565250695794
6465,0,normal,0.017931537702679634,0.3185944851345652,-51.15240387564245
6466,0,normal,0.012722539715468884,0.31754099687619675,-51.39489954906253
6467,0,normal,0.08483483642339706,0.3180874663230112,-51.20588980651519
6468,0,normal,0.014196702279150486,0.31836042097193873,-51.17524101182562
6469,0,normal,0.018660373985767365,0.31881718192455066,-51.171575260875215
6470,0,normal,0.01801181584596634,0.31973249014277166,-51.2012781717026
6471,0,normal,0.0183224156498909,0.3205444017673486,-51.173716126500494
6472,0,normal,0.08723346889019012,0.3171832123641583,-51.224682297364325
6473,0,normal,0.016832254827022552,0.3192804754300124,-51.220096912803456
6474,0,normal,0.01810014806687832,0.3178139779786744,-51.211454595017585
6475,0,normal,0.01582407020032406,0.31690048962549516,-51.23850296410842
6476,0,normal,0.008574125356972218,0.32243452607478573,-51.299285797373614
6477,0,normal,0.014964395202696323,0.31756319605023997,-51.52689961803253
6478,0,normal,0.007522926665842533,0.31567001186423355,-51.562046358976886
6479,0,normal,0.01586545631289482,0.32023215537545535,-51.56351626044716
6480,0,normal,0.009338018484413624,0.3149645159891321,-51.61930695784781
6481,0,normal,0.00507066585123539,0.31774112372337415,-51.649188786104105
6482,0,normal,0.017157593742012978,0.3199431532029675,-51.586146372852
6483,0,normal,0.021613262593746185,0.3172608645433962,-51.74872688328446
6484,0,normal,0.006383518222719431,0.3153340690950476,-51.7965109135655
6485,0,normal,0.3663991391658783,0.31912224584232485,-50.475772164883665
6486,0,normal,0.011030655354261398,0.31469223629313864,-50.42215289328806
6487,0,normal,0.3556775748729706,0.32079132388652676,-50.456754324200574
6488,0,normal,0.011005578562617302,0.31927831778392884,-50.4329511436365
6489,0,normal,0.023663148283958435,0.3191945881056567,-51.7171262562988
6490,0,normal,0.08130739629268646,0.3163446438644637,-51.52416757824699
6491,0,normal,0.011671125888824463,0.3180764682744317,-51.42089388419231
6492,0,normal,0.017067253589630127,0.3181250020950393,-52.748484360488646
6493,0,normal,0.018102191388607025,0.31471188171713793,-52.95687186751752
6494,0,normal,0.08543720096349716,0.3157638652535503,-52.74883130551734
6495,0,normal,0.017106538638472557,0.3132722047813713,-52.712998504815914
6496,0,normal,0.018707575276494026,0.3183518611233573,-52.65235682233924
6497,0,normal,0.010841869749128819,0.31584740884297474,-52.91436088717069
6498,0,normal,0.018991122022271156,0.3164087952877554,-52.92107349921571
6499,0,normal,0.08654774725437164,0.3171332779351308,-52.738167459761826
6500,0,normal,0.013602606020867825,0.3152733623705216,-52.73211319706752
6501,0,normal,0.016996685415506363,0.315478740038896,-52.74441657585476
6502,0,normal,0.014993960969150066,0.3159198497711146,-52.9795176954035
6503,0,normal,0.01972423680126667,0.31420740998029767,-52.99588210395518
6504,0,normal,0.017292702570557594,0.3137314323206479,-53.004589503878606
6505,0,normal,0.08674706518650055,0.31876210321771037,-52.820065086744535
6506,0,normal,0.013555980287492275,0.31492554652701144,-52.76963200655314
6507,0,normal,0.017606006935238838,0.3197718809557533,-52.76016228146659
6508,0,normal,0.01783064752817154,0.3140784293787744,-52.677154973306415
6509,0,normal,0.021012019366025925,0.31810571168553026,-52.61884924188166
6510,0,normal,0.08590534329414368,0.31366383099052425,-52.380357520704365
6511,0,normal,0.013472902588546276,0.31951302366631473,-52.276823772706166
6512,0,normal,0.01873866096138954,0.3166784547067931,-52.265252950463264
6513,0,normal,0.021939435973763466,0.31640681179473196,-52.226363603251684
6514,0,normal,0.018812784925103188,0.3162675251288395,-52.113735651296565
6515,0,normal,0.3622770309448242,0.31409035865623564,-52.17318518234242
6516,0,normal,0.09864144772291183,0.3157461983724875,-51.994859427937854
6517,0,normal,0.37212663888931274,0.32090577970103484,-52.09506156215457
6518,0,normal,0.012295902706682682,0.315148200883716,-52.0896932124997
6519,0,normal,0.01995803229510784,0.31968199520971247,-52.07094685698962
6520,0,normal,0.35072946548461914,0.31753451916398795,-51.0260096050913
6521,0,normal,0.09385022521018982,0.3166592793045077,-50.832957876660885
6522,0,normal,0.016873439773917198,0.32514522523582085,-50.79594672992198
6523,0,normal,0.015960397198796272,0.3180104318298063,-50.810381638025774
6524,0,normal,0.018948934972286224,0.31754078402217406,-51.01790624380351
6525,0,normal,0.018375953659415245,0.3171663929108363,-51.00982972322868
6526,0,normal,0.016980953514575958,0.31604351728176416,-50.99717615246527
6527,0,normal,0.01999701000750065,0.31830570716889406,-50.94228958003691
6528,0,normal,0.016072669997811317,0.31998528430018985,-50.98344272461827
6529,0,normal,0.01671557128429413,0.31645830068220776,-51.20801432225812
6530,0,normal,0.017481813207268715,0.3170378635113825,-51.20256795334444
6531,0,normal,0.017346981912851334,0.31755667870056653,-51.199645997618745
6532,0,normal,0.016882052645087242,0.31720252040483715,-51.18497796703332
6533,0,normal,0.021329862996935844,0.3176699774959387,-51.187798356100075
6534,0,normal,0.08688431233167648,0.3196441862539639,-51.02512586547937
6535,0,normal,0.012537140399217606,0.31843714629552944,-51.257569518325454
6536,0,normal,0.017365731298923492,0.3158196964873656,-51.244535130221266
6537,0,normal,0.021670155227184296,0.32050995356017875,-51.21279922725557
6538,0,normal,0.01864761672914028,0.31489351919416364,-51.16994582474217
6539,0,normal,0.018432587385177612,0.31866994403974175,-51.15370121891192
6540,0,normal,0.08634243905544281,0.31801006953278754,-51.16566463187792
6541,0,normal,0.013587690889835358,0.31761778737682556,-51.11750890176404
6542,0,normal,0.016912156715989113,0.31598992149326705,-51.08815239138312
6543,0,normal,0.016831476241350174,0.3173185310647444,-51.05000814902655
6544,0,normal,0.017397431656718254,0.3150292944056562,-50.990026949777075
6545,0,normal,0.08607503771781921,0.31426934880024093,-52.09969211038583
6546,0,normal,0.016821643337607384,0.3191531064002239,-52.272318584588675
6547,0,normal,0.01608641818165779,0.3123642307920283,-53.61964182549809
6548,0,normal,0.020369835197925568,0.3113769559577799,-53.58307567948236
6549,0,normal,0.3608747720718384,0.31702013703547954,-52.296382390775534
6550,0,normal,0.009003217332065105,0.3127239566618846,-53.65612943272254
6551,0,normal,0.35635000467300415,0.31825295716723195,-52.6418661621442
6552,0,normal,0.005122523754835129,0.31489532770998024,-52.71736476051342
6553,0,normal,0.3529163599014282,0.31979273296309907,-51.463429576605904
6554,0,normal,0.012223307974636555,0.3152500892962677,-51.46194511769727
6555,0,normal,0.019696934148669243,0.32053743513105626,-51.426226770366156
6556,0,normal,0.019306588917970657,0.3152585680926462,-51.42545881683054
6557,0,normal,0.020604992285370827,0.31765391220730665,-51.40341757751139
6558,0,normal,0.017482349649071693,0.31618871175775515,-51.39180605402089
6559,0,normal,0.018234752118587494,0.3142664274929806,-51.38161110384431
6560,0,normal,0.08720740675926208,0.3193998496437215,-51.20003148603337
6561,0,normal,0.0065400865860283375,0.3153750719707643,-51.24984324596289
6562,0,normal,0.018976209685206413,0.31867500077314853,-51.23247572472792
6563,0,normal,0.014774845913052559,0.3198111178861613,-51.261302251873985
6564,0,normal,0.01828989014029503,0.3189858880515681,-51.484777623690434
6565,0,normal,0.016574552282691002,0.3172790761058219,-51.48157696750104
6566,0,normal,0.020549923181533813,0.3182447638884654,-51.456653506630346
6567,0,normal,0.017315534874796867,0.3153900281240672,-51.49549145579181
6568,0,normal,0.01639685593545437,0.3160803751030443,-51.48949173202959
6569,0,normal,0.014619086869060993,0.31780438343503675,-51.499228125924674
6570,0,normal,0.08732584863901138,0.31525693366502267,-51.541213311973934
6571,0,normal,0.010835220105946064,0.3181170124703003,-51.5644659519362
6572,0,normal,0.018358305096626282,0.3150796342932005,-51.526940234797394
6573,0,normal,0.022018620744347572,0.32071792295743845,-51.4652212719991
6574,0,normal,0.016697602346539497,0.31610645531853665,-51.41484387563355
6575,0,normal,0.020450409501791,0.3190425515952152,-51.58258996685845
6576,0,normal,0.015161086805164814,0.3128176458893458,-51.581434264783866
6577,0,normal,0.01467345841228962,0.31836825701182825,-51.53838207577746
6578,0,normal,0.020580388605594635,0.3136265811817399,-51.508469774847754
6579,0,normal,0.0866033062338829,0.316355866454527,-52.635630171662115
6580,0,normal,0.38034263253211975,0.3153340298542015,-51.369029200928935
6581,0,normal,0.010433456860482693,0.313587660574443,-52.6900960197911
6582,0,normal,0.3530643582344055,0.31917077613432154,-51.39105311779463
6583,0,normal,0.013836260885000229,0.3139439165129898,-52.72302274801655
6584,0,normal,0.07958707958459854,0.3191744885661815,-52.524078773308474
6585,0,normal,0.0028964856173843145,0.31502495812288145,-52.586497630816666
6586,0,normal,0.012778433039784431,0.31479841719173685,-52.59425383484768
6587,0,normal,0.017588935792446136,0.3164480632228597,-52.61138635159887
6588,0,normal,0.022158844396471977,0.31673424305401693,-52.563387040661155
6589,0,normal,0.08564168959856033,0.31539374093394223,-52.38044751538837
6590,0,normal,0.01706928014755249,0.3152771769570388,-52.59729752164344
6591,0,normal,0.01594368740916252,0.31604926836744357,-52.550883296451275
6592,0,normal,0.015853526070713997,0.3161961943340755,-52.57833830072195
6593,0,normal,0.014335988089442253,0.31707350890436464,-52.586750162239014
6594,0,normal,0.08727877587080002,0.3166918986351026,-52.40040591311231
6595,0,normal,0.011097586713731289,0.31562826560455415,-52.419324309655394
6596,0,normal,0.01803344301879406,0.3174899557298563,-52.438611202854645
6597,0,normal,0.018159953877329826,0.31729945080003824,-52.44377101861369
6598,0,normal,0.018246691673994064,0.31633324271523156,-52.43284888760809
6599,0,normal,0.0216890349984169,0.3171151181126746,-52.39225073455941
6600,0,normal,0.01785164326429367,0.3180105039002522,-52.62030884924184
6601,0,normal,0.016098549589514732,0.31592566589463605,-52.60795216886777
6602,0,normal,0.02110898308455944,0.31904124878452766,-52.59520497725248
6603,0,normal,0.011587046086788177,0.3128283711473216,-52.609631872864156
6604,0,normal,0.0876469835639,0.3187153362422382,-52.39453027002014
6605,0,normal,0.0073695131577551365,0.3122778986024582,-52.41665701037755
6606,0,normal,0.014511355198919773,0.31753491401027645,-52.37910420052276
6607,0,normal,0.017159124836325645,0.31519096248385053,-52.33876718020451
6608,0,normal,0.021544530987739563,0.31928760018975477,-52.27627514298683
6609,0,normal,0.3610198497772217,0.3179028205910449,-51.224254379085096
6610,0,normal,0.09824070334434509,0.31436935528524695,-52.35884132462252
6611,0,normal,0.3716660737991333,0.3221262590965452,-51.107168659345916
6612,0,normal,0.011127355508506298,0.3153887354263727,-52.44737230994656
6613,0,normal,0.3479525148868561,0.3227665251334143,-51.17841299996189
6614,0,normal,0.015673885121941566,0.3165632429597447,-51.37291345238464
6615,0,normal,0.019383316859602928,0.3201166016578784,-51.27038090522501
6616,0,normal,0.08113687485456467,0.3196171601852719,-51.06634720230795
6617,0,normal,0.01410592719912529,0.31737588564706753,-51.04797887962309
6618,0,normal,0.01405298337340355,0.31714549854783514,-51.065423007484696
6619,0,normal,0.017924750223755836,0.3165765045977865,-51.27275514814369
6620,0,normal,0.02046380192041397,0.31692631620582934,-51.27173267652438
6621,0,normal,0.01667829602956772,0.31576788118518984,-51.27259711469037
6622,0,normal,0.08787745982408524,0.3205436448785669,-51.0894826678782
6623,0,normal,0.014505015686154366,0.3190933250117119,-51.08554524576789
6624,0,normal,0.017662839964032173,0.31890704846534285,-51.32874899934154
6625,0,normal,0.017745835706591606,0.31734693411692527,-51.30298075518294
6626,0,normal,0.017794109880924225,0.31710080428516896,-51.31146016151774
6627,0,normal,0.08659609407186508,0.31610914181019617,-51.15827402142145
6628,0,normal,0.01411577221006155,0.32074436972990633,-51.152257410516995
6629,0,normal,0.01768394559621811,0.3189887647638284,-51.19103622275384
6630,0,normal,0.018043939024209976,0.3180570755445983,-51.17848424691056
6631,0,normal,0.0183604434132576,0.32062967411267307,-51.13842917742045
6632,0,normal,0.018122827634215355,0.31515093600260896,-51.11592428846893
6633,0,normal,0.0213441364467144,0.32208576477893097,-51.02436139622819
6634,0,normal,0.01755828596651554,0.31505597090412557,-51.204913961187
6635,0,normal,0.017680775374174118,0.3192832958199878,-51.14132775230519
6636,0,normal,0.017850283533334732,0.31330203469299167,-51.078575279701
6637,0,normal,0.016682637855410576,0.3175891292061638,-51.008865142383684
6638,0,normal,0.021550726145505905,0.3134431321445347,-50.963000317064825
6639,0,normal,0.015509386546909809,0.3173297386824054,-52.262055325027404
6640,0,normal,0.015546826645731926,0.3141843426177184,-52.48565922828743
6641,0,normal,0.021352916955947876,0.3119991809440461,-53.775161102433685
6642,0,normal,0.015932701528072357,0.3143542111628297,-53.753710920232606
6643,0,normal,0.015165203250944614,0.31189404635133394,-55.09990670251
6644,0,normal,0.36402085423469543,0.31262698719616583,-53.85925909024377
6645,0,normal,0.008357263170182705,0.3135948348021772,-53.87607960165428
6646,0,normal,0.35649555921554565,0.3163819286551693,-52.85163384922771
6647,0,normal,0.009751402772963047,0.3155468064911758,-52.86375616165947
6648,0,normal,0.00889316201210022,0.317471000830088,-52.89887361793012
6649,0,normal,0.08486152440309525,0.31353310343183893,-52.71769228128255
6650,0,normal,0.01070825383067131,0.3146906298390057,-52.714699288236034
6651,0,normal,0.018035514280200005,0.3164139706740394,-52.69130055124947
6652,0,normal,0.015667328611016273,0.31353814093757976,-52.91840399211446
6653,0,normal,0.014908714219927788,0.3140359855161989,-52.92056054212935
6654,0,normal,0.009213116951286793,0.3124475245155043,-52.967728527023155
6655,0,normal,0.01636645384132862,0.3145255259473447,-52.95266710791566
6656,0,normal,0.017062321305274963,0.3145331777175768,-52.9533238128281
6657,0,normal,0.012618003413081169,0.31490119403377415,-53.23242241209027
6658,0,normal,0.01115142647176981,0.3146793731136763,-53.266811924750755
6659,0,normal,0.08807501196861267,0.3143531712685608,-53.10641177252842
6660,0,normal,0.00694114388898015,0.3156145628039527,-53.1711915358494
6661,0,normal,0.011608417145907879,0.31582997823472503,-53.203591394145406
6662,0,normal,0.019193420186638832,0.31280539220368553,-53.22422701319465
6663,0,normal,0.017258696258068085,0.316097882092168,-53.24713499004952
6664,0,normal,0.08604059368371964,0.31705825418104466,-53.075712382308666
6665,0,normal,0.009342295117676258,0.31411736580737637,-53.09989985854236
6666,0,normal,0.012930103577673435,0.3188417311723483,-53.125322593995406
6667,0,normal,0.021358506754040718,0.31338536144949797,-53.08267657208307
6668,0,normal,0.008199161849915981,0.3153868954864919,-53.122455387713444
6669,0,normal,0.08713853359222412,0.3155624212580931,-52.902265943586826
6670,0,normal,0.012217945419251919,0.3168990494877659,-52.86337960001879
6671,0,normal,0.018092108890414238,0.31436735026833545,-52.85348993467255
6672,0,normal,0.36029884219169617,0.3187851336913978,-51.565965640076456
6673,0,normal,0.013824007473886013,0.3161261619673943,-51.502128617479
6674,0,normal,0.011061985045671463,0.3172192207762406,-52.83261614611297
6675,0,normal,0.3578096628189087,0.31687713201555284,-51.559942715492525
6676,0,normal,0.010018277913331985,0.31646276284824143,-52.900123727888285
6677,0,normal,0.08174103498458862,0.3190120584052548,-52.708701459415806
6678,0,normal,0.010846470482647419,0.3152823797479877,-52.6572943985841
6679,0,normal,0.022263623774051666,0.31729940837932574,-52.85039157497977
6680,0,normal,0.018447482958436012,0.31471916689274065,-52.82807330520836
6681,0,normal,0.006740877404808998,0.31661472061063517,-52.86228013403729
6682,0,normal,0.08759907633066177,0.31610240242912674,-52.68982482526576
6683,0,normal,0.01129068061709404,0.3172593860294086,-52.69620289939485
6684,0,normal,0.019398488104343414,0.3165479266629685,-52.61464984859822
6685,0,normal,0.01679166406393051,0.31481937429461637,-52.62174996031035
6686,0,normal,0.01988091506063938,0.3181459270643918,-52.59717102212903
6687,0,normal,0.08646997809410095,0.31839552844566044,-52.370061466923744
6688,0,normal,0.01391269639134407,0.31674168921629947,-52.35046309245831
6689,0,normal,0.018073689192533493,0.3198748648554254,-52.5685772574318
6690,0,normal,0.018496068194508553,0.31395814197404326,-52.52324538030621
6691,0,normal,0.018336985260248184,0.3139897247422271,-52.48783318236042
6692,0,normal,0.01834861934185028,0.31885292836902235,-52.463563024678706
6693,0,normal,0.02152874693274498,0.3157759732992395,-52.41906423060141
6694,0,normal,0.01651264913380146,0.31716473320968686,-52.650468550760706
6695,0,normal,0.016004886478185654,0.31801261156254085,-52.63004726999475
6696,0,normal,0.021379757672548294,0.3144935215835608,-52.54490377892921
6697,0,normal,0.08668270707130432,0.318144589990224,-52.350467448105064
6698,0,normal,0.009434948675334454,0.31620421561660605,-52.29959186530368
6699,0,normal,0.006411905866116285,0.31505578668777584,-52.562789216558485
6700,0,normal,0.01340680755674839,0.3152183343536912,-52.544905656280434
6701,0,normal,0.36140644550323486,0.3211581344450008,-51.27040485238808
6702,0,normal,0.01148475892841816,0.3148945830802534,-52.58881379958575
6703,0,normal,0.019295839592814445,0.3174580681726225,-52.55472435399429
6704,0,normal,0.35579678416252136,0.31613884999973435,-51.264673656248306
6705,0,normal,0.012346770614385605,0.31517073511477134,-52.580724901315534
6706,0,normal,0.35309192538261414,0.31960868786582647,-51.30274664557692
6707,0,normal,0.01553450059145689,0.31645635127558985,-51.49904535048586
6708,0,normal,0.021147526800632477,0.3200864353300298,-51.45231310593272
6709,0,normal,0.08176242560148239,0.31745056329423565,-51.28869146195893
6710,0,normal,0.014750983566045761,0.315575368543561,-51.245339150049176
6711,0,normal,0.01839524507522583,0.31707172715091303,-51.1741204652792
6712,0,normal,0.01876019686460495,0.3182257908195526,-51.39195847435485
6713,0,normal,0.017694752663373947,0.31669155700361046,-51.36445082854516
6714,0,normal,0.015026731416583061,0.3164285313399698,-51.40719203308595
6715,0,normal,0.08760078251361847,0.3194317892771918,-51.21777558557574
6716,0,normal,0.012918172404170036,0.3185147180594566,-51.22998286967049
6717,0,normal,0.015297985635697842,0.31887569881172806,-51.502070066536135
6718,0,normal,0.017307398840785027,0.3182694730316056,-51.49527201115575
6719,0,normal,0.0185600146651268,0.3156705172097426,-51.50154014710506
6720,0,normal,0.018446024507284164,0.3146674547133492,-51.50995497428562
6721,0,normal,0.018754176795482635,0.32138818159860016,-51.48123535157811
6722,0,normal,0.018276430666446686,0.31403488289873993,-51.48597019332283
6723,0,normal,0.017919516190886497,0.31582130353773774,-51.50337118386733
6724,0,normal,0.01773909293115139,0.317192973712506,-51.473853289699036
6725,0,normal,0.014770705252885818,0.31403711166112364,-51.44245785199132
6726,0,normal,0.013788487762212753,0.31975050339021893,-51.45573418863728
6727,0,normal,0.08725029230117798,0.3173828103712465,-51.4726968961013
6728,0,normal,0.012640140950679779,0.3159113076382708,-51.44189912897036
6729,0,normal,0.017327003180980682,0.3146851439512733,-51.33263445845046
6730,0,normal,0.017355166375637054,0.3183801553031092,-51.26054001454372
6731,0,normal,0.08544261008501053,0.3135394543183145,-52.40108995635774
6732,0,normal,0.013129954226315022,0.31670832203027793,-52.36681183506607
6733,0,normal,0.015126251615583897,0.31456427391544983,-52.35702466161979
6734,0,normal,0.008948119357228279,0.3128799198546303,-53.720297819415464
6735,0,normal,0.3630473017692566,0.31659660324250366,-52.461129627768514
6736,0,normal,0.014211790636181831,0.31256827549569477,-53.76922621795734
6737,0,normal,0.08228941261768341,0.3167756524365781,-53.595117622612406
6738,0,normal,0.37221309542655945,0.31418022185402195,-52.36054242122236
6739,0,normal,0.009764688089489937,0.31702891368318775,-52.587205013177254
6740,0,normal,0.3508218228816986,0.318234929871574,-51.337170988712614
6741,0,normal,0.015172436833381653,0.31534081094509786,-51.31284352589137
6742,0,normal,0.07954875379800797,0.3220654303739423,-51.13008664892436
6743,0,normal,0.013588721863925457,0.3172824266883483,-51.123975365572505
6744,0,normal,0.017788734287023544,0.3189683731046758,-51.09031914696607
6745,0,normal,0.017726799473166466,0.3172957012384012,-51.33554070201899
6746,0,normal,0.021835245192050934,0.32009971467509446,-51.30432490121689
6747,0,normal,0.08661128580570221,0.31815090408618507,-51.114916769649426
6748,0,normal,0.010757721960544586,0.3177247293577906,-51.155662042600625
6749,0,normal,0.007782315369695425,0.3201541732514618,-51.21889760990416
6750,0,normal,0.013935155235230923,0.3171936513039009,-51.239922040979536
6751,0,normal,0.019165070727467537,0.32094404755162687,-51.24255319843314
6752,0,normal,0.08658119291067123,0.3196583831899306,-51.05378706250076
6753,0,normal,0.008601389825344086,0.3164086087564424,-51.10540505754125
6754,0,normal,0.007711681071668863,0.31934547103641936,-51.20490319871715
6755,0,normal,0.01100496482104063,0.3220089387099605,-51.204422799625945
6756,0,normal,0.019452381879091263,0.3177842552797412,-51.15373879529443
6757,0,normal,0.08543898165225983,0.3209513071898845,-51.197702211878095
6758,0,normal,0.010879803448915482,0.31728950200104034,-51.197323320663145
6759,0,normal,0.015795089304447174,0.3180303003676952,-51.158802629029196
6760,0,normal,0.010053968988358974,0.3233480647707542,-51.17707023246726
6761,0,normal,0.010143537074327469,0.3192815209146087,-51.3869923873408
6762,0,normal,0.013128462247550488,0.31837836108525475,-51.36239576944922
6763,0,normal,0.01299995556473732,0.3139011191307619,-51.30619718217099
6764,0,normal,0.36431884765625,0.32094654259243804,-49.97900353257501
6765,0,normal,0.011517311446368694,0.31704113905571657,-51.29951453651802
6766,0,normal,0.020993845537304878,0.3223663022520763,-51.24488476850274
6767,0,normal,0.3563840389251709,0.3184369746739014,-50.20431086782037
6768,0,normal,0.013994674198329449,0.314722069432983,-51.49179584935564
6769,0,normal,0.352980375289917,0.3250082164264957,-50.21439776875059
6770,0,normal,0.005242591258138418,0.3153691644056865,-51.59446509251893
6771,0,normal,0.016057651489973068,0.32228434091969854,-51.60578278885919
6772,0,normal,0.016993574798107147,0.31814073586172376,-51.828204953715385
6773,0,normal,0.014266088604927063,0.3150968320676731,-51.801912676804704
6774,0,normal,0.014236094430088997,0.3157726743421832,-51.81515058656623
6775,0,normal,0.08651566505432129,0.31912733044081626,-51.626401380477546
6776,0,normal,0.014095159247517586,0.3193554831228655,-51.62107409307259
6777,0,normal,0.017565205693244934,0.31786445876609504,-51.85367984266668
6778,0,normal,0.018239974975585938,0.3181482232637105,-51.809408462703004
6779,0,normal,0.018578456714749336,0.3163229354055669,-51.72720036145961
6780,0,normal,0.08662540465593338,0.31770998325791144,-51.54322469372346
6781,0,normal,0.014406387694180012,0.3205638527740753,-51.529685489981375
6782,0,normal,0.01942853257060051,0.31765484267655386,-51.75066527317722
6783,0,normal,0.017016984522342682,0.31487599034079167,-51.73523292696814
6784,0,normal,0.015084127895534039,0.32015519651763746,-51.654915454240836
6785,0,normal,0.021468980237841606,0.3148965626073441,-51.59275321993323
6786,0,normal,0.013781989924609661,0.3187226797150643,-51.620960686780336
6787,0,normal,0.014914103783667088,0.31809123455594873,-51.85649985817122
6788,0,normal,0.014827417209744453,0.31489635157287044,-51.837722299138704
6789,0,normal,0.01517387107014656,0.318258691093471,-51.81144383657579
6790,0,normal,0.08709613233804703,0.31724397129856885,-51.55666060165822
6791,0,normal,0.01664808951318264,0.31552602812233205,-51.483528889171566
6792,0,normal,0.01573873683810234,0.3154579551684401,-51.41944014436922
6793,0,normal,0.3607963025569916,0.3210523082024571,-50.13019398225174
6794,0,normal,0.00909466203302145,0.31520435194598767,-51.46674908118143
6795,0,normal,0.35509562492370605,0.32383612737318157,-50.181477571964024
6796,0,normal,0.01022155862301588,0.3154451012833737,-50.18626282829314
6797,0,normal,0.02372249960899353,0.3188613026245279,-51.46382649319435
6798,0,normal,0.3524954915046692,0.31698840894632047,-50.2212411060741
6799,0,normal,0.01016534585505724,0.31628583110282893,-51.54331810220833
6800,0,normal,0.01853783242404461,0.3204130164867126,-51.49382830576769
6801,0,normal,0.01957293227314949,0.3149211095091936,-51.46214625692119
6802,0,normal,0.022804390639066696,0.31593913080538893,-51.40531493684239
6803,0,normal,0.01908980682492256,0.31448455255329794,-51.37040796228666
6804,0,normal,0.018410781398415565,0.3167248026123433,-51.32269089421925
6805,0,normal,0.01742255687713623,0.3163913342594202,-51.54412419677578
6806,0,normal,0.021363146603107452,0.31676414487813387,-51.555304990888544
6807,0,normal,0.08727514743804932,0.31641487454165906,-51.37013235905147
6808,0,normal,0.01373189315199852,0.31599337179632686,-51.376107065232645
6809,0,normal,0.017591260373592377,0.3179858408117453,-51.39237195139617
6810,0,normal,0.018449630588293076,0.3182144488287819,-51.60510301962131
6811,0,normal,0.020154617726802826,0.3161319026525703,-51.61557058770086
6812,0,normal,0.01844128966331482,0.3163708808453936,-51.62772546453425
6813,0,normal,0.08652743697166443,0.3196103540561686,-51.43918223545165
6814,0,normal,0.013563561253249645,0.31483557252027844,-51.420667048791984
6815,0,normal,0.01752307265996933,0.3208399771073664,-51.42788546194197
6816,0,normal,0.017456717789173126,0.31373024285533524,-51.37728458129732
6817,0,normal,0.01893465593457222,0.316169038555497,-51.33096178212213
6818,0,normal,0.08597902953624725,0.3174195417404544,-51.10161420849181
6819,0,normal,0.014289770275354385,0.31940717408321967,-51.03002518818789
6820,0,normal,0.020388193428516388,0.318206278757194,-51.22754583628512
6821,0,normal,0.018976567313075066,0.3163675846097994,-51.19574635799836
6822,0,normal,0.017414726316928864,0.3162263038800949,-51.131395993243814
6823,0,normal,0.015555307269096375,0.31261996350690946,-52.44272268913164
6824,0,normal,0.015557057224214077,0.3174607146819656,-52.41946328080144
6825,0,normal,0.016306806355714798,0.3128459029383413,-53.76849469646095
6826,0,normal,0.017728127539157867,0.3123922503037818,-53.74998564517887
6827,0,normal,0.01872256211936474,0.31361956128278023,-53.74390580863178
6828,0,normal,0.36363866925239563,0.3129865723726558,-53.83030118202555
6829,0,normal,0.0989624559879303,0.31289182465359283,-53.66803725850309
6830,0,normal,0.017625121399760246,0.3192888263564852,-53.643010380147416
6831,0,normal,0.3527330756187439,0.3145887285885856,-52.40999974377496
6832,0,normal,0.008859791792929173,0.3146881194097539,-52.44619296444375
6833,0,normal,0.35110825300216675,0.32125266812948017,-51.183274991728695
6834,0,normal,0.010563727468252182,0.3156235056514303,-51.18943887167575
6835,0,normal,0.023326987400650978,0.3220840427695883,-51.143275962617736
6836,0,normal,0.01630856655538082,0.31685830644791646,-51.17198776447685
6837,0,normal,0.017860615625977516,0.3160635073055104,-51.36558463569577
6838,0,normal,0.018100334331393242,0.3159470430150528,-51.35300929465893
6839,0,normal,0.01939999870955944,0.3170545816388856,-51.336814736525184
6840,0,normal,0.013405927456915379,0.3161037991026563,-51.35570969890273
6841,0,normal,0.016153641045093536,0.3166192205631114,-51.374222903200916
6842,0,normal,0.01794501394033432,0.31754332193321677,-51.36507562090469
6843,0,normal,0.019208520650863647,0.31518393511027876,-51.56617638909029
6844,0,normal,0.014393288642168045,0.31774768399228365,-51.60594111523119
6845,0,normal,0.018708832561969757,0.3165925298933226,-51.60330023612073
6846,0,normal,0.08708791434764862,0.317514684551723,-51.43607164060313
6847,0,normal,0.004011411685496569,0.3169529013432566,-51.5322807035318
6848,0,normal,0.014903590083122253,0.3205246524911639,-51.76430123222917
6849,0,normal,0.02150004357099533,0.3144921027629705,-51.74945305798019
6850,0,normal,0.008008183911442757,0.31732471055464034,-51.808393036915504
6851,0,normal,0.08688503503799438,0.3171344381109525,-51.62996742319456
6852,0,normal,0.006789134815335274,0.3155749516360642,-51.63578928285051
6853,0,normal,0.01600445620715618,0.31923017052888103,-51.60001139556243
6854,0,normal,0.01749100722372532,0.31718944662447623,-51.545897842854856
6855,0,normal,0.020826108753681183,0.31548551043752293,-51.474237555188665
6856,0,normal,0.014243457466363907,0.3130548364467339,-51.433692047039585
6857,0,normal,0.017063414677977562,0.31779329337860446,-51.38397136208778
6858,0,normal,0.016161615028977394,0.3140443683180586,-52.70519583537907
6859,0,normal,0.36418503522872925,0.31741396495705404,-51.667406856174466
6860,0,normal,0.0059776995331048965,0.31352773269361006,-51.71243404222241
6861,0,normal,0.010588981211185455,0.3165549089652455,-53.0587008601467
6862,0,normal,0.35826024413108826,0.31531015896525105,-51.795535516477
6863,0,normal,0.011791620403528214,0.31579497534605006,-53.13215906003893
6864,0,normal,0.08133850246667862,0.31859047842534216,-52.95850468456979
6865,0,normal,0.016797218471765518,0.31421424333823095,-52.963898597399066
6866,0,normal,0.01921691931784153,0.31691974231135983,-52.935361059002844
6867,0,normal,0.021682066842913628,0.3159707231943277,-52.91104023579669
6868,0,normal,0.017381101846694946,0.31396982729884254,-52.88826210407774
6869,0,normal,0.08618511259555817,0.3159452673713907,-52.72892136527753
6870,0,normal,0.011483213864266872,0.31625986224440134,-52.72693172786694
6871,0,normal,0.017444070428609848,0.3158000852075004,-52.69587085039598
6872,0,normal,0.017645513638854027,0.3151729768857726,-52.700559140625955
6873,0,normal,0.017178181558847427,0.3165290719943848,-52.6999035106669
6874,0,normal,0.02169707417488098,0.3158348990899602,-52.6259273707542
6875,0,normal,0.014848063699901104,0.31616848836194295,-52.650382665449115
6876,0,normal,0.014763500541448593,0.31914543497022035,-52.89003943118905
6877,0,normal,0.014614015817642212,0.31400662663186274,-52.854274254432084
6878,0,normal,0.016155404970049858,0.31273995938024485,-52.855778248499064
6879,0,normal,0.0173611082136631,0.31820860050069927,-52.85514452072607
6880,0,normal,0.016786344349384308,0.3127635177455002,-52.80388688749076
6881,0,normal,0.016822082921862602,0.31502853132041236,-53.03429849531108
6882,0,normal,0.004454230424016714,0.3156869198108204,-53.08541036294832
6883,0,normal,0.08933213353157043,0.3134118708041714,-52.87919158834802
6884,0,normal,0.012187556363642216,0.3169338517618818,-52.860424850124446
6885,0,normal,0.021861271932721138,0.31614717639888684,-52.81921506830395
6886,0,normal,0.01694522053003311,0.3130612960604294,-52.778775701545555
6887,0,normal,0.36070960760116577,0.3173573404981211,-51.4868229598635
6888,0,normal,0.006944130174815655,0.3181562483577007,-51.483332718365546
6889,0,normal,0.022059334442019463,0.31702529774221166,-52.77855072354305
6890,0,normal,0.3555602431297302,0.3141526591880691,-51.4701669831411
6891,0,normal,0.011990511789917946,0.31509763750170605,-51.41356944348581
6892,0,normal,0.3532663583755493,0.3179065430643579,-51.47644146768107
6893,0,normal,0.09396317601203918,0.31580648630815217,-51.2960089444814
6894,0,normal,0.019002914428710938,0.3237127089911356,-51.49332172390859
6895,0,normal,0.019515274092555046,0.31622892570029626,-51.49999031727839
6896,0,normal,0.018547607585787773,0.3157995201989081,-51.4775233815044
6897,0,normal,0.01697137951850891,0.31740970200817636,-51.482212990475546
6898,0,normal,0.08592672646045685,0.31903344659737554,-51.30028497937974
6899,0,normal,0.017545439302921295,0.3183875902476238,-51.50368220601126
6900,0,normal,0.01839766465127468,0.31720955031663506,-51.519028530102105
6901,0,normal,0.01816064678132534,0.3177860060133173,-51.525105665916044
6902,0,normal,0.017489183694124222,0.31697774197616674,-51.50458464559415
6903,0,normal,0.018012510612607002,0.3181023224115376,-51.522924871492705
6904,0,normal,0.02108924835920334,0.31843420720611343,-51.517588293434756
6905,0,normal,0.08708507567644119,0.31807371719339506,-51.34667919042499
6906,0,normal,0.013700684532523155,0.3156954570208083,-51.35539622054944
6907,0,normal,0.01996753178536892,0.3204590147688693,-51.3000896212277
6908,0,normal,0.018183168023824692,0.31541528128448276,-51.280024636879716
6909,0,normal,0.018725361675024033,0.31965991353480216,-51.273406903335854
6910,0,normal,0.017286784946918488,0.3194556508302287,-51.255649851135104
6911,0,normal,0.08659493178129196,0.31735406976823954,-51.04640948337919
6912,0,normal,0.013613659888505936,0.3203347314265306,-50.95246070132225
6913,0,normal,0.019964436069130898,0.3179296137379282,-51.12187628588936
6914,0,normal,0.01688510924577713,0.3160135326620456,-51.080865410153365
6915,0,normal,0.01815708726644516,0.3143031482129617,-51.038149685785356
6916,0,normal,0.01821933127939701,0.3175230061994029,-50.984834185751424
6917,0,normal,0.08645126223564148,0.31402148244013783,-52.11648367352109
6918,0,normal,0.013722443953156471,0.3175781001375142,-52.05956988806906
6919,0,normal,0.017253005877137184,0.3125820757114698,-52.050194129235706
6920,0,normal,0.01888982020318508,0.31315784806263275,-53.340999329339866
6921,0,normal,0.3610972464084625,0.3155541222393766,-52.06884424346572
6922,0,normal,0.09808439761400223,0.3146362930484379,-53.23410004141783
6923,0,normal,0.3714822232723236,0.32106200156528114,-52.21614903321711
6924,0,normal,0.012545919045805931,0.3146803689301537,-52.25344619063026
6925,0,normal,0.020813338458538055,0.3175664172245225,-52.23377055641231
6926,0,normal,0.3506118059158325,0.31829947644269696,-50.94610939942527
6927,0,normal,0.004459771793335676,0.31641863947287746,-50.97699722570428
6928,0,normal,0.08194573223590851,0.3230151879641439,-51.029096815839694
6929,0,normal,0.014786094427108765,0.31837811304350994,-51.04916944342449
6930,0,normal,0.016368476673960686,0.31851072196801083,-51.05106442570104
6931,0,normal,0.01574591174721718,0.3162916482680094,-51.05230927878074
6932,0,normal,0.015639204531908035,0.31733085510106507,-51.02949954770929
6933,0,normal,0.021296165883541107,0.3167931442701562,-51.00717541760582
6934,0,normal,0.016320345923304558,0.320840818163458,-51.045011889612624
6935,0,normal,0.013595746830105782,0.31906616621760286,-51.292036213832944
6936,0,normal,0.016740215942263603,0.31471538699818125,-51.30651690211221
6937,0,normal,0.01784946210682392,0.3187232877625411,-51.31487681526437
6938,0,normal,0.020843349397182465,0.31702362509284715,-51.284367937187426
6939,0,normal,0.01845408044755459,0.31664423491092186,-51.30789668100033
6940,0,normal,0.08720429241657257,0.3220924710977262,-51.138497911161494
6941,0,normal,0.008610167540609837,0.3182124872499999,-51.4024629250257
6942,0,normal,0.017475353553891182,0.316374635428351,-51.39176933788758
6943,0,normal,0.017443127930164337,0.3213435264450304,-51.38053889006051
6944,0,normal,0.017528589814901352,0.313600122239536,-51.350330194630715
6945,0,normal,0.017069155350327492,0.31767336181102124,-51.3164405207408
6946,0,normal,0.016778428107500076,0.3183879811644454,-51.27581321607681
6947,0,normal,0.015968352556228638,0.3177602186610407,-51.463072850685194
6948,0,normal,0.010538754984736443,0.31591204365981806,-51.474403069413256
6949,0,normal,0.02058691345155239,0.31595221445668836,-51.384835054506084
6950,0,normal,0.15247970819473267,0.3140043354363728,-50.91572892862109
6951,0,normal,0.01078612357378006,0.31402618298986323,-52.218992941136094
6952,0,normal,0.03227248787879944,0.3176851732525031,-52.42249089882421
6953,0,normal,0.018036112189292908,0.3121738613069092,-53.740026640545466
6954,0,normal,0.01616252213716507,0.31305908936601873,-53.71250105438003
6955,0,normal,0.35981738567352295,0.31689978699449195,-52.4489538233197
6956,0,normal,0.008634093217551708,0.3129772696694624,-53.79449913395865
6957,0,normal,0.3555818796157837,0.31784141869373117,-52.50381658674496
6958,0,normal,0.09444589167833328,0.3157919689997792,-52.576876014358504
6959,0,normal,0.01692449487745762,0.3200735486442954,-52.5561794829016
6960,0,normal,0.01579737663269043,0.3159909813556874,-52.556450597805
6961,0,normal,0.012190225534141064,0.315926441423721,-52.55117961445603
6962,0,normal,0.01757243648171425,0.3168482046354239,-52.53232813333693
6963,0,normal,0.08556421101093292,0.31558527976850503,-52.37910140193276
6964,0,normal,0.011744603514671326,0.31855528758838697,-52.3712705598748
6965,0,normal,0.014728660695254803,0.3155816635630999,-52.36786770802587
6966,0,normal,0.004535764921456575,0.31367373023357037,-52.446594149970224
6967,0,normal,0.007163406349718571,0.31670698010205917,-52.488138347546965
6968,0,normal,0.015335612930357456,0.31745502802331343,-52.53111365557561
6969,0,normal,0.012687045149505138,0.3181528919397548,-52.559241393050115
6970,0,normal,0.011899571865797043,0.3185143823758972,-52.826434936290525
6971,0,normal,0.021410634741187096,0.3152031993911202,-52.78893011326818
6972,0,normal,0.015277187339961529,0.3153260067866118,-52.78705808102495
6973,0,normal,0.017772682011127472,0.31512601753704306,-52.78194003687918
6974,0,normal,0.017719179391860962,0.3145717381124696,-52.78371722125598
6975,0,normal,0.016299767419695854,0.31799289232246597,-52.77656053902365
6976,0,normal,0.021285567432641983,0.3158714961535639,-52.738142100160985
6977,0,normal,0.08665154129266739,0.3189309262999263,-52.54660759781086
6978,0,normal,0.009824669919908047,0.3151660893156487,-52.48234646356377
6979,0,normal,0.01474685501307249,0.3180982298731836,-52.474790430393796
6980,0,normal,0.015920890495181084,0.31590904935328307,-52.936985619976895
6981,0,normal,0.36120593547821045,0.3219049337400355,-51.642624823902224
6982,0,normal,0.006591054145246744,0.3143154853208764,-51.67568822447447
6983,0,normal,0.3563098609447479,0.3235719195324709,-50.40158159326893
6984,0,normal,0.015093824826180935,0.31464902125063166,-50.350628945839844
6985,0,normal,0.0165959894657135,0.3186719626544398,-51.66008815651708
6986,0,normal,0.3537684381008148,0.3162582621705008,-50.36021504288942
6987,0,normal,0.008336271159350872,0.3168021782507531,-51.689924068434266
6988,0,normal,0.015104757621884346,0.31914311167361525,-51.92762281886871
6989,0,normal,0.01674269326031208,0.31509665965383626,-51.932122330946186
6990,0,normal,0.02183561772108078,0.31606561365270075,-51.879040841583674
6991,0,normal,0.015796678140759468,0.31407488742124906,-51.84546635396987
6992,0,normal,0.016590211540460587,0.31789169179888505,-51.823001189746265
6993,0,normal,0.08734937012195587,0.31654240095572367,-51.884958408935745
6994,0,normal,0.011348584666848183,0.32054898843913465,-51.9192107540448
6995,0,normal,0.021418172866106033,0.3180223704732292,-51.87224506410507
6996,0,normal,0.015620148740708828,0.31588914527104606,-51.82501150893404
6997,0,normal,0.014301257207989693,0.32011955673490994,-51.800765845291835
6998,0,normal,0.013846605084836483,0.31779278957684376,-51.79249808910163
6999,0,normal,0.01424865610897541,0.31574181674461077,-51.81434968268695
7000,0,normal,0.021119723096489906,0.3160173446450133,-51.776942418915496
7001,0,normal,0.015186750330030918,0.31739611760678915,-51.80198788347093
7002,0,normal,0.01537284255027771,0.31512398175900264,-51.78266294415539
7003,0,normal,0.009782310575246811,0.31879838099989904,-51.81546191373377
7004,0,normal,0.020088307559490204,0.31290739653548116,-51.78315920446744
7005,0,normal,0.08653588593006134,0.3175651094077705,-51.571918841092156
7006,0,normal,0.015643391758203506,0.31922988804271774,-51.54927924145886
7007,0,normal,0.016830837354063988,0.31605732744701487,-51.73262613919178
7008,0,normal,0.020512141287326813,0.3157433616789204,-51.666845899514556
7009,0,normal,0.01588987559080124,0.3170900664972107,-51.611589457251284
7010,0,normal,0.016986211761832237,0.3154299903476676,-51.568091051831516
7011,0,normal,0.08646725118160248,0.31436834547105696,-52.6956302983217
7012,0,normal,0.013958386145532131,0.3165254249962776,-52.65228297907902
7013,0,normal,0.018930604681372643,0.3121327081280714,-53.977830628944275
7014,0,normal,0.020392628386616707,0.31274155794962194,-53.94223680254049
7015,0,normal,0.36079445481300354,0.31543162706819605,-52.66581756953565
7016,0,normal,0.011265171691775322,0.312055443960509,-54.00909603282207
7017,0,normal,0.3556867837905884,0.3191064173507916,-52.72937197843771
7018,0,normal,0.012083996087312698,0.313321282629844,-52.724415594489074
7019,0,normal,0.3511197566986084,0.3184042215674388,-51.459466893996705
7020,0,normal,0.008748241700232029,0.31454936870660916,-51.48816205547132
7021,0,normal,0.01928730122745037,0.3190406040555981,-51.44560880482754
7022,0,normal,0.3529893159866333,0.31855232344288537,-50.20172637284327
7023,0,normal,0.09493109583854675,0.32169257391542916,-50.257602844308394
7024,0,normal,0.012676293030381203,0.3220351367662145,-50.25962831391553
7025,0,normal,0.022906845435500145,0.31709051737496347,-50.253969064084
7026,0,normal,0.016058625653386116,0.3193845457552383,-50.23124184072208
7027,0,normal,0.016002990305423737,0.3176970987218455,-50.218363977616264
7028,0,normal,0.08655435591936111,0.32093696790126414,-50.02532112755284
7029,0,normal,0.01751338690519333,0.321688910176441,-49.99370577765717
7030,0,normal,0.016126099973917007,0.3198904101967497,-50.03956362938084
7031,0,normal,0.01787111721932888,0.3198848434863284,-50.0154324063551
7032,0,normal,0.01810203306376934,0.31919565676805106,-49.98998109604008
7033,0,normal,0.01777978241443634,0.31802045427457,-49.961763109505
7034,0,normal,0.08725882321596146,0.3221271980098332,-49.79160940117595
7035,0,normal,0.011058967560529709,0.3218590151967887,-50.060773242394134
7036,0,normal,0.02104828506708145,0.3183659006172331,-50.05408095530197
7037,0,normal,0.013489426113665104,0.32089773933670684,-50.0559707701002
7038,0,normal,0.015001904219388962,0.31812627035494245,-50.05388584832667
7039,0,normal,0.010937702842056751,0.32272965373475293,-50.04878776989676
7040,0,normal,0.015129759907722473,0.31747591651302687,-50.01426729113314
7041,0,normal,0.021323559805750847,0.32037800191629157,-50.20903012581721
7042,0,normal,0.015860117971897125,0.316777573447277,-50.19376944665987
7043,0,normal,0.016836317256093025,0.3195166027845314,-50.116523821086275
7044,0,normal,0.08693452924489975,0.31609260891754315,-49.91430422051894
7045,0,normal,0.014407983981072903,0.3172941759085826,-51.20337975303437
7046,0,normal,0.019382992759346962,0.3160720576166151,-51.154142454880684
7047,0,normal,0.3601614534854889,0.3164956027973893,-51.21287071077313
7048,0,normal,0.014469419606029987,0.3198270442731437,-51.16258106249256
7049,0,normal,0.02082584984600544,0.31661406108370405,-52.45727528088378
7050,0,normal,0.35555875301361084,0.3159568512829979,-51.169186183401735
7051,0,normal,0.014591536484658718,0.31715425672790226,-51.119824448142026
7052,0,normal,0.017655333504080772,0.31817448273382953,-52.44818280669028
7053,0,normal,0.01794230192899704,0.31473449768064304,-52.66032865715874
7054,0,normal,0.01889868639409542,0.3164361553299238,-52.63335862286908
7055,0,normal,0.013112436980009079,0.3137162378685436,-52.670829289647145
7056,0,normal,0.01773478090763092,0.3144221321235826,-52.61948045714985
7057,0,normal,0.08680267632007599,0.31557537476114444,-52.44217636854273
7058,0,normal,0.013806898146867752,0.31600751995507376,-52.67634144225485
7059,0,normal,0.013157580979168415,0.3152223785148903,-52.68917128160956
7060,0,normal,0.020968906581401825,0.3144187066609845,-52.67495728401468
7061,0,normal,0.01312968134880066,0.3169175923099494,-52.70211629744017
7062,0,normal,0.08680497109889984,0.31826621042713077,-52.50897250073376
7063,0,normal,0.009801928885281086,0.31551688282856344,-52.551932396232814
7064,0,normal,0.020978018641471863,0.31667876408580337,-52.76607638195105
7065,0,normal,0.0051256162114441395,0.3135807765424901,-52.842648320747
7066,0,normal,0.013659689575433731,0.31527549616690337,-52.87260551978625
7067,0,normal,0.08599569648504257,0.3180477012881683,-52.66716717052577
7068,0,normal,0.0114010414108634,0.31398884041208314,-52.656774747284544
7069,0,normal,0.02186477929353714,0.317547193241999,-52.59417994081764
7070,0,normal,0.004356063902378082,0.31708933578162424,-52.65559358458063
7071,0,normal,0.08753810822963715,0.3164970349943432,-52.45276054610463
7072,0,normal,0.012064925394952297,0.3157030317902493,-52.419253315600145
7073,0,normal,0.02155403234064579,0.31739296552546736,-52.36947573371913
7074,0,normal,0.014003664255142212,0.3147590489670543,-52.59480679369608
7075,0,normal,0.015233629383146763,0.31615789255603444,-52.58576295018747
7076,0,normal,0.3630022704601288,0.31859343174492,-51.32644722583791
7077,0,normal,0.010785786435008049,0.3158431301369568,-52.66281644500555
7078,0,normal,0.3565351068973541,0.31935822589962887,-51.42323989129159
7079,0,normal,0.008694462478160858,0.3169146002674369,-51.45046869825069
7080,0,normal,0.006651988252997398,0.3211555980728571,-52.8383091635385
7081,0,normal,0.08304449915885925,0.31378014032562157,-52.67792195390939
7082,0,normal,0.014229699969291687,0.31907265688957354,-52.64503157388299
7083,0,normal,0.013091536238789558,0.31792740770359024,-52.65930561778009
7084,0,normal,0.015239930711686611,0.3158505058677121,-52.67998228824558
7085,0,normal,0.017056668177247047,0.31742863964103146,-52.63279931585862
7086,0,normal,0.016132958233356476,0.3157908861544318,-52.62458218787356
7087,0,normal,0.015469271689653397,0.3160650824773786,-52.847464127279636
7088,0,normal,0.015688680112361908,0.3141930071874469,-52.84800520699787
7089,0,normal,0.016469448804855347,0.31733037076488735,-52.852435305881954
7090,0,normal,0.017391405999660492,0.31643972034895623,-52.84114702677789
7091,0,normal,0.01686226576566696,0.316192411440477,-52.80488318253674
7092,0,normal,0.013369597494602203,0.3142951632775782,-53.050485946090475
7093,0,normal,0.019788261502981186,0.3162505825613589,-52.9965891677989
7094,0,normal,0.015716074034571648,0.3124943994141631,-53.03587113465255
7095,0,normal,0.015606607310473919,0.31636003874802615,-52.9556794081891
7096,0,normal,0.016300175338983536,0.3169959232928885,-52.935666435530266
7097,0,normal,0.016599038615822792,0.31269841443715046,-53.15619430285028
7098,0,normal,0.08687254041433334,0.3200468223131525,-52.961140022170866
7099,0,normal,0.016554487869143486,0.3129872385623622,-52.928302191589864
7100,0,normal,0.01690114475786686,0.3163193360352271,-52.83268819104069
7101,0,normal,0.020503021776676178,0.31389508592557275,-53.01366649667193
7102,0,normal,0.015739805996418,0.3163164007888391,-52.970489816271765
7103,0,normal,0.08616594225168228,0.31343793055207303,-52.788687637777
7104,0,normal,0.01371830329298973,0.3153400358953914,-52.721108231264225
7105,0,normal,0.018719075247645378,0.3131562326746248,-52.6768491376763
7106,0,normal,0.016809245571494102,0.31162336293904297,-53.989455421309
7107,0,normal,0.017714036628603935,0.3131689103577967,-53.95286451075458
7108,0,normal,0.01606776751577854,0.3100824900095596,-55.29441440393816
7109,0,normal,0.019876962527632713,0.3114056479980843,-55.248612771121316
7110,0,normal,0.3631073534488678,0.3143186139414347,-53.94411137960424
7111,0,normal,0.010220850817859173,0.3122958243914595,-54.19783647609279
7112,0,normal,0.35666999220848083,0.31592448985954735,-52.948642671321295
7113,0,normal,0.011037557385861874,0.3132240581688407,-52.93375586594129
7114,0,normal,0.021556129679083824,0.31633388143500496,-52.902505414725056
7115,0,normal,0.3530452847480774,0.3163445862607706,-51.652670714330725
7116,0,normal,0.09471284598112106,0.31787825419168614,-51.478596381342186
7117,0,normal,0.015569605864584446,0.32133004788840763,-51.47095711893553
7118,0,normal,0.020905284211039543,0.3171942496779452,-51.442371057896935
7119,0,normal,0.02305316925048828,0.3158593703450747,-51.392987988152754
7120,0,normal,0.019232306629419327,0.31460735443325377,-51.38150109198364
7121,0,normal,0.020002009347081184,0.31735927111625106,-51.35184071177673
7122,0,normal,0.08679882436990738,0.31724771234875276,-51.15416343176503
7123,0,normal,0.015290094539523125,0.32116755590033574,-51.18455560344546
7124,0,normal,0.01918104663491249,0.31669289857540905,-51.14163054285882
7125,0,normal,0.018599042668938637,0.3164863612478531,-51.12471649077543
7126,0,normal,0.08631542325019836,0.318980962521939,-50.9384328585013
7127,0,normal,0.011988858692348003,0.31987759475223043,-50.92574754515613
7128,0,normal,0.01589491032063961,0.3191579263439915,-51.179860144546865
7129,0,normal,0.016996555030345917,0.31787308418720994,-51.221784464320535
7130,0,normal,0.01722477562725544,0.31905942939794346,-51.212549900664044
7131,0,normal,0.016102822497487068,0.3165798764372085,-51.20214318809917
7132,0,normal,0.016598736867308617,0.32166972470437943,-51.18519819933681
7133,0,normal,0.02136952430009842,0.31448970131825954,-51.383639866628755
7134,0,normal,0.016157690435647964,0.31738397699539483,-51.38401057350552
7135,0,normal,0.015383105725049973,0.31959552199568897,-51.37341888106289
7136,0,normal,0.015637274831533432,0.3168944405411149,-51.33005257379
7137,0,normal,0.015372540801763535,0.31486402168964844,-51.306051686895444
7138,0,normal,0.01423775963485241,0.31590788463647984,-51.266422233791445
7139,0,normal,0.3642860949039459,0.3168656888984778,-50.00662122685662
7140,0,normal,0.008856884203851223,0.3146215388227588,-51.32408994194907
7141,0,normal,0.3563874065876007,0.3233578361366983,-50.04569600850141
7142,0,normal,0.01081671379506588,0.31472320058069325,-51.3886238313803
7143,0,normal,0.020795350894331932,0.3198723694489675,-51.32928886800437
7144,0,normal,0.3527357578277588,0.3175461685570632,-50.073674160615155
7145,0,normal,0.012262743897736073,0.3168823552781132,-51.38860087262219
7146,0,normal,0.0811065211892128,0.3205460992158982,-51.43141894443829
7147,0,normal,0.015340914018452168,0.3154129618272949,-51.41856908189834
7148,0,normal,0.01631980389356613,0.3153328572599034,-51.41123765447992
7149,0,normal,0.013656404800713062,0.3141253754521098,-51.4462872253639
7150,0,normal,0.08566315472126007,0.31870443913320706,-51.235515730679026
7151,0,normal,0.010688632726669312,0.3186723224031822,-51.257483144265734
7152,0,normal,0.020972751080989838,0.31802339105958316,-51.483254681404105
7153,0,normal,0.017708785831928253,0.3156138376897145,-51.48263363253977
7154,0,normal,0.013680572621524334,0.3160270109099224,-51.50365293406912
7155,0,normal,0.08733085542917252,0.31849245931100906,-51.33699576957429
7156,0,normal,0.012498224154114723,0.31871294595708555,-51.56571863621821
7157,0,normal,0.02153109572827816,0.3157414662418176,-51.57698687836296
7158,0,normal,0.004687311127781868,0.3178513760849075,-51.676597048779286
7159,0,normal,0.01976955682039261,0.3197051392117948,-51.6474686000081
7160,0,normal,0.010691904462873936,0.3142565360164891,-51.72581627546924
7161,0,normal,0.018947647884488106,0.32283145870361435,-51.69190236933582
7162,0,normal,0.007566826418042183,0.3148920205823993,-51.76460936918079
7163,0,normal,0.019514715299010277,0.3183810138632997,-51.75743598773897
7164,0,normal,0.005610927939414978,0.3171358963684316,-51.78494702669377
7165,0,normal,0.016884319484233856,0.3187905256453807,-51.72637561958413
7166,0,normal,0.015853283926844597,0.31730907757931304,-51.70269839365551
7167,0,normal,0.3633101284503937,0.3190405369630596,-50.395193653669594
7168,0,normal,0.010962030850350857,0.316669916366954,-50.363472767601934
7169,0,normal,0.35617655515670776,0.3192372381001167,-50.41604426846175
7170,0,normal,0.01433217991143465,0.32271181967665163,-50.354594266213326
7171,0,normal,0.016351496800780296,0.31851166562488464,-51.674813077656836
7172,0,normal,0.3540869355201721,0.3177274159755354,-50.39397981180514
7173,0,normal,0.09479262679815292,0.32210976205560055,-50.20588109108212
7174,0,normal,0.01084513496607542,0.32237814195463405,-51.54902789156881
7175,0,normal,0.010749706998467445,0.319503337090812,-51.57629607817216
7176,0,normal,0.022360676899552345,0.3167103482521432,-51.75270986060218
7177,0,normal,0.014665610156953335,0.31694974625011985,-51.76718032788608
7178,0,normal,0.0166018083691597,0.31684674524986683,-51.731563349808766
7179,0,normal,0.021196510642766953,0.32096439119517656,-51.67293518407496
7180,0,normal,0.01632818765938282,0.31799403805223825,-51.934439622261834
7181,0,normal,0.015083634294569492,0.3162293228065293,-51.91100560383711
7182,0,normal,0.011038918979465961,0.3154152994296786,-51.959204152339
7183,0,normal,0.08834289014339447,0.3181561190373182,-51.78172417388123
7184,0,normal,0.011979741975665092,0.31890218339132637,-51.75697516858713
7185,0,normal,0.016121363267302513,0.31771178548433526,-52.01387855937537
7186,0,normal,0.014105775393545628,0.31939669222002637,-52.036209848626186
7187,0,normal,0.016199106350541115,0.3190994268556442,-52.04761686397046
7188,0,normal,0.01765959896147251,0.31551266020507523,-51.95234346762663
7189,0,normal,0.08643300831317902,0.3220036646415158,-51.789182705293115
7190,0,normal,0.012797312811017036,0.3147094010822162,-51.7204066686395
7191,0,normal,0.021468443796038628,0.31826391064000586,-51.70564291811206
7192,0,normal,0.01750611513853073,0.31898767185566396,-51.60161401561845
7193,0,normal,0.0171890240162611,0.3192623483793748,-51.56874841611034
7194,0,normal,0.016915736719965935,0.3152579331353208,-51.47729006347845
7195,0,normal,0.012386715039610863,0.3167170661127781,-51.449061797506374
7196,0,normal,0.017392076551914215,0.31322022187756027,-51.40762831693132
7197,0,normal,0.019748585298657417,0.312267909953863,-52.68704457972308
7198,0,normal,0.014062449336051941,0.31653974759144055,-52.662002295267484
7199,0,normal,0.017252027988433838,0.3095600377799818,-53.99359140177398
7200,0,normal,0.36379626393318176,0.3147833291755698,-52.74615063265014
7201,0,normal,0.012703952379524708,0.3162682288071102,-52.70728509404489
7202,0,normal,0.018013134598731995,0.3166874232618128,-54.050547851692954
7203,0,normal,0.3566785454750061,0.31478408731763213,-53.033966153889196
7204,0,normal,0.013403497636318207,0.3144359530485179,-52.98536234654216
7205,0,normal,0.3526459038257599,0.31738800847910825,-51.701308909320005
7206,0,normal,0.01389522384852171,0.31568614263581557,-51.70529331651824
7207,0,normal,0.08011595159769058,0.32305547142507335,-51.50142207923818
7208,0,normal,0.014375009573996067,0.31544756640353044,-51.496031389975315
7209,0,normal,0.01785595342516899,0.31531899754913517,-51.47323541908031
7210,0,normal,0.019311102107167244,0.31693089298315147,-51.44841031206397
7211,0,normal,0.01664033718407154,0.31775205439240417,-51.42538250869325
7212,0,normal,0.08643441647291183,0.31783499009573324,-51.19663223854036
7213,0,normal,0.012902043759822845,0.3167204000843771,-51.44202422163994
7214,0,normal,0.017914695665240288,0.3171232247737619,-51.425412315267295
7215,0,normal,0.021741148084402084,0.3164234841547105,-51.38351103199443
7216,0,normal,0.01656176894903183,0.3177510700856545,-51.38706023335794
7217,0,normal,0.015266721136868,0.31734185557317013,-51.38074691666384
7218,0,normal,0.01498413272202015,0.3163767907939618,-51.40621248871457
7219,0,normal,0.015592209063470364,0.3170201047253158,-51.66246407728386
7220,0,normal,0.01983761042356491,0.31949565519322615,-51.650588240660454
7221,0,normal,0.017976513132452965,0.3132895975147918,-51.663600138515676
7222,0,normal,0.018090609461069107,0.31817723435640666,-51.658674336903914
7223,0,normal,0.019274672493338585,0.31516044181868935,-51.647086454938744
7224,0,normal,0.016283147037029266,0.31645297520347876,-51.62205858774723
7225,0,normal,0.019046438857913017,0.32029270075908634,-51.57972483204662
7226,0,normal,0.01728614792227745,0.3159098431500839,-51.546444594541754
7227,0,normal,0.017915241420269012,0.3165185422304772,-51.51931368507917
7228,0,normal,0.08679815381765366,0.3136671037496741,-51.2722128722512
7229,0,normal,0.01619894430041313,0.31879411722911244,-51.21648163493296
7230,0,normal,0.017291296273469925,0.3131424578714911,-52.534208787053785
7231,0,normal,0.01765141263604164,0.3160708017963657,-52.502479095478975
7232,0,normal,0.018110431730747223,0.31591837250510024,-52.46352806503978
7233,0,normal,0.36185920238494873,0.313892460671505,-52.51887720199352
7234,0,normal,0.010466170497238636,0.31484745247454,-52.52280871682865
7235,0,normal,0.022403579205274582,0.31556370973649084,-53.822078307445736
7236,0,normal,0.35582593083381653,0.3134811480813582,-52.577413057111244
7237,0,normal,0.0057789939455688,0.3138882432428187,-52.826422555626095
7238,0,normal,0.35480135679244995,0.31714253010780474,-51.573009250935
7239,0,normal,0.014172373339533806,0.31445492586578033,-51.558465517065315
7240,0,normal,0.007211790420114994,0.32124237666266614,-51.60380231177987
7241,0,normal,0.018694482743740082,0.31597627737537787,-51.59545424409589
7242,0,normal,0.022666916251182556,0.3136548580427928,-51.76901002866839
7243,0,normal,0.08468517661094666,0.3158494401917394,-51.5922478670459
7244,0,normal,0.011251656338572502,0.31733203495269674,-51.625146960285974
7245,0,normal,0.021207265555858612,0.3175782821237687,-51.61693328540855
7246,0,normal,0.016193997114896774,0.3165678844792021,-51.64647669509304
7247,0,normal,0.005106878001242876,0.3175635150190573,-51.72514939764619
7248,0,normal,0.08972828835248947,0.3181692930074265,-51.52957721527855
7249,0,normal,0.013710413128137589,0.3193307572579472,-51.54165042317118
7250,0,normal,0.017504442483186722,0.31768138888992736,-51.55980297254018
7251,0,normal,0.009410605765879154,0.3158988330558747,-51.622022958899606
7252,0,normal,0.013377378694713116,0.3178281644053511,-51.63721084703434
7253,0,normal,0.021728496998548508,0.31865540431371886,-51.60385024524112
7254,0,normal,0.014906204305589199,0.31407466715497795,-51.61127311506493
7255,0,normal,0.011397781781852245,0.3189812397559533,-51.65782507193194
7256,0,normal,0.0051077851094305515,0.31696781927036466,-51.722574121439266
7257,0,normal,0.004112605005502701,0.3149913849830239,-51.7765509075482
7258,0,normal,0.01650015451014042,0.31879883421811495,-51.976231458736265
7259,0,normal,0.01936757005751133,0.31632771794856235,-51.949794032323325
7260,0,normal,0.01720871776342392,0.3169428821745417,-51.919912119096125
7261,0,normal,0.008628115057945251,0.31555936092555004,-51.965729546022885
7262,0,normal,0.37126681208610535,0.3202106822263942,-50.68994425504252
7263,0,normal,0.0025863058399409056,0.3162999595738543,-52.098185010861926
7264,0,normal,0.3594593107700348,0.3222476643111778,-50.81571283036578
7265,0,normal,0.015069971792399883,0.31603793661762597,-50.803215438613734
7266,0,normal,0.02147727645933628,0.31863518410379005,-52.08707526467879
7267,0,normal,0.08109097182750702,0.31714640729725957,-51.85267778758703
7268,0,normal,0.0154802817851305,0.31705881860685814,-53.15682824821215
7269,0,normal,0.012498579919338226,0.31808699742518753,-53.18606240830536
7270,0,normal,0.00982082262635231,0.3144569028717962,-53.166966707876554
7271,0,normal,0.016526049003005028,0.31809695350687267,-53.139490767861616
7272,0,normal,0.08656278252601624,0.31605116875934613,-52.96892655329907
7273,0,normal,0.016827337443828583,0.3160972709895674,-53.16353087909738
7274,0,normal,0.01455589011311531,0.31568626455490073,-53.166986900953134
7275,0,normal,0.014724279753863811,0.32010321510005324,-53.21836268436164
7276,0,normal,0.014190582558512688,0.3198028014738893,-53.19665941241669
7277,0,normal,0.08698663115501404,0.31557958541877634,-52.948883291376205
7278,0,normal,0.011888028122484684,0.317041538276116,-53.19766565049554
7279,0,normal,0.015973232686519623,0.31758072744244453,-53.202675342444536
7280,0,normal,0.01698932982981205,0.3144639930033624,-53.230946843035326
7281,0,normal,0.01584130898118019,0.31610815688510335,-53.19269060406327
7282,0,normal,0.015337184071540833,0.3173988701307687,-53.178839654402964
7283,0,normal,0.016159752383828163,0.3141671940260419,-53.19675880622731
7284,0,normal,0.020888257771730423,0.3204954440815264,-53.14944199594743
7285,0,normal,0.013040953315794468,0.3154572785859632,-53.12272853325862
7286,0,normal,0.015513147227466106,0.31611749336284295,-53.0351862768448
7287,0,normal,0.017190061509609222,0.3140213906791847,-52.92270823685385
7288,0,normal,0.08693412691354752,0.316034459752343,-52.719766877373786
7289,0,normal,0.01315267477184534,0.31347985944176554,-52.70393645351919
7290,0,normal,0.017612813040614128,0.3183435961704902,-52.66606077575534
7291,0,normal,0.01859516091644764,0.31393453356448714,-52.56734661774681
7292,0,normal,0.018107304349541664,0.31485913525290915,-53.85618201637794
7293,0,normal,0.3619753122329712,0.3137231866209297,-52.51650697725495
7294,0,normal,0.09835878014564514,0.3152533641230249,-53.68711130916404
7295,0,normal,0.014639109373092651,0.31694835440874775,-53.691424827455876
7296,0,normal,0.35324665904045105,0.31479613871002543,-52.44425375077344
7297,0,normal,0.01057624164968729,0.31572931904019425,-52.658110455609176
7298,0,normal,0.3509272336959839,0.31988207421710046,-51.39454142326872
7299,0,normal,0.010927695780992508,0.3150139079030486,-51.37237742672164
7300,0,normal,0.016880612820386887,0.32270646268376113,-51.30988110518274
7301,0,normal,0.018909264355897903,0.31576337196351906,-51.299654624998084
7302,0,normal,0.01674211584031582,0.31378350362280577,-51.49864329430716
7303,0,normal,0.01740058697760105,0.3150000711767751,-51.503458755513066
7304,0,normal,0.016525307670235634,0.31591377916891633,-51.50139272871638
7305,0,normal,0.01974332332611084,0.31691043235161526,-51.45983202714069
7306,0,normal,0.014785191975533962,0.31771323449494865,-51.47786487335543
7307,0,normal,0.01785450614988804,0.3161904962447832,-51.71301395581622
7308,0,normal,0.0163742508739233,0.3161081573931911,-51.69997575960792
7309,0,normal,0.02077379822731018,0.3174311370097447,-51.69081877596
7310,0,normal,0.017931923270225525,0.31637222146590205,-51.69050714719651
7311,0,normal,0.018198451027274132,0.3169727004646019,-51.6902425405201
7312,0,normal,0.08707819879055023,0.31720499912790623,-51.520227243098816
7313,0,normal,0.0162468571215868,0.32024630052291353,-51.48787129315474
7314,0,normal,0.01753990910947323,0.31465967402317707,-51.497234043805065
7315,0,normal,0.015577876009047031,0.31848288506310946,-51.479719243051704
7316,0,normal,0.021401422098279,0.3167303672813032,-51.42185829344612
7317,0,normal,0.014980139210820198,0.31525968186311765,-51.39056489126506
7318,0,normal,0.08663109689950943,0.32129437459127214,-51.40790926706836
7319,0,normal,0.005582639016211033,0.31651832891419823,-51.421696049125785
7320,0,normal,0.012485023587942123,0.314958053323177,-51.41270931096142
7321,0,normal,0.021427664905786514,0.31334981121535954,-51.33133567260961
7322,0,normal,0.01568330079317093,0.3196415791285036,-51.28038790089113
7323,0,normal,0.08609814196825027,0.3143285611733414,-52.41837761849911
7324,0,normal,0.010831240564584732,0.3159121116132595,-52.62299637281785
7325,0,normal,0.021240612491965294,0.3138751639464424,-52.599553917435514
7326,0,normal,0.014303535223007202,0.31167227275601533,-53.938141313366714
7327,0,normal,0.3621163070201874,0.31759801877795624,-52.65914393794833
7328,0,normal,0.004456138238310814,0.31163314123062014,-54.06131096754916
7329,0,normal,0.3578397035598755,0.3185035861242259,-52.8131413822598
7330,0,normal,0.009614191949367523,0.3154553398799688,-52.83434313584485
