timestamp_idx,ground_truth,anomaly_class,lstm_score,iforest_score,svm_score
0,0,normal,,,
1,0,normal,,,
2,0,normal,,,
3,0,normal,,,
4,0,normal,,,
5,0,normal,,,
6,0,normal,,,
7,0,normal,,,
8,0,normal,,,
9,0,normal,,,
10,0,normal,,,
11,0,normal,,,
12,0,normal,,,
13,0,normal,,,
14,0,normal,,,
15,0,normal,,,
16,0,normal,,,
17,0,normal,,,
18,0,normal,,,
19,0,normal,,,
20,0,normal,,,
21,0,normal,,,
22,0,normal,,,
23,0,normal,,,
24,0,normal,,,
25,0,normal,,,
26,0,normal,,,
27,0,normal,,,
28,0,normal,,,
29,0,normal,0.003633546642959118,0.3096727090336867,-55.92076496583536
30,0,normal,0.003633546642959118,0.3096727090336867,-55.92076496583536
31,0,normal,0.003633546642959118,0.3096727090336867,-55.92076496583536
32,0,normal,0.003633546642959118,0.3096727090336867,-55.92076496583536
33,0,normal,0.003633546642959118,0.3096727090336867,-55.92076496583536
34,0,normal,0.003633546642959118,0.3096727090336867,-55.92076496583536
35,0,normal,0.003633546642959118,0.3096727090336867,-55.92076496583536
36,0,normal,0.003633546642959118,0.3096727090336867,-55.92076496583536
37,0,normal,0.003633546642959118,0.3096727090336867,-55.92076496583536
38,0,normal,0.003633546642959118,0.3096727090336867,-55.92076496583536
39,0,normal,0.003633546642959118,0.3096727090336867,-55.92076496583536
40,0,normal,0.003633546642959118,0.3096727090336867,-55.92076496583536
41,0,normal,0.003633546642959118,0.3096727090336867,-55.92076496583536
42,0,normal,0.003633546642959118,0.3096727090336867,-55.92076496583536
43,0,normal,0.003633546642959118,0.3096727090336867,-55.92076496583536
44,0,normal,0.003633546642959118,0.3096727090336867,-55.92076496583536
45,0,normal,0.003633546642959118,0.3096727090336867,-55.92076496583536
46,0,normal,0.003633546642959118,0.3096727090336867,-55.92076496583536
47,0,normal,0.003633546642959118,0.3096727090336867,-55.92076496583536
48,0,normal,0.003633546642959118,0.3096727090336867,-55.92076496583536
49,0,normal,0.003633546642959118,0.3096727090336867,-55.92076496583536
50,0,normal,0.003633546642959118,0.3096727090336867,-55.92076496583536
51,0,normal,0.003633546642959118,0.3096727090336867,-55.92076496583536
52,0,normal,0.003633546642959118,0.3096727090336867,-55.92076496583536
53,0,normal,0.003633546642959118,0.3096727090336867,-55.92076496583536
54,0,normal,0.003633546642959118,0.3096727090336867,-55.92076496583536
55,0,normal,0.003633546642959118,0.3096727090336867,-55.92076496583536
56,0,normal,0.003633546642959118,0.3096727090336867,-55.92076496583536
57,0,normal,0.003633546642959118,0.3096727090336867,-55.92076496583536
58,0,normal,0.003633546642959118,0.3096727090336867,-55.92076496583536
59,0,normal,0.003633546642959118,0.3096727090336867,-55.92076496583536
60,0,normal,0.003633546642959118,0.3096727090336867,-55.92076496583536
61,0,normal,0.003633546642959118,0.3096727090336867,-55.92076496583536
62,0,normal,0.003633546642959118,0.3096727090336867,-55.92076496583536
63,0,normal,0.003633546642959118,0.3096727090336867,-55.92076496583536
64,0,normal,0.003633546642959118,0.3096727090336867,-55.92076496583536
65,0,normal,1.5042473077774048,0.32060089680930026,-50.4785922563683
66,0,normal,0.015242733992636204,0.3212706983543815,-50.53102040952513
67,0,normal,0.011590704321861267,0.3173124223004528,-50.52431163913843
68,0,normal,0.00892016850411892,0.3164450588432309,-50.50896320680499
69,0,normal,0.008154025301337242,0.3143785522911239,-50.503848901451875
70,0,normal,0.0077442508190870285,0.3138518124443757,-50.495276382260954
71,0,normal,0.007279135286808014,0.31264662290890904,-50.48782469582443
72,0,normal,0.006719037890434265,0.31861230627469905,-50.48174860919585
73,0,normal,0.006126865744590759,0.31162876390458905,-50.473362918771954
74,0,normal,0.005568359978497028,0.31528235188130965,-50.461822072290715
75,0,normal,0.0050840359181165695,0.31232357273399786,-50.45656361083411
76,0,normal,0.004689304158091545,0.3110218629886443,-50.46303334401614
77,0,normal,0.004382385406643152,0.31131845462011454,-50.464639605990214
78,0,normal,0.0041523161344230175,0.3125455007030939,-50.463527786377654
79,0,normal,0.003984787501394749,0.3178664716060413,-50.47108167892088
80,0,normal,7.449747085571289,0.3343582530241095,-20.08399100687825
81,0,normal,0.02416681870818138,0.3499760905302557,-19.716950806627665
82,0,normal,3.7498295307159424,0.37951818059865444,6.588722352371633
83,0,normal,0.10891242325305939,0.3733541736546182,6.852164135350222
84,0,normal,0.1599433869123459,0.38540081298048,8.016666080734922
85,0,normal,10.465216636657715,0.4113548825913628,55.0142117094897
86,0,normal,0.24268299341201782,0.4027716527649262,56.4733200756707
87,0,normal,10.365189552307129,0.45247717571894525,100.25612987131558
88,0,normal,0.32677096128463745,0.43479832323045514,101.60298967230005
89,0,normal,0.5269104242324829,0.44911012803228945,103.05868572943064
90,0,normal,1.2880373001098633,0.44278965084518984,104.60049621613734
91,0,normal,1.0814530849456787,0.4747689849495335,128.15149660002226
92,0,normal,0.22305697202682495,0.48020411536865154,128.79741268205544
93,0,normal,0.5559320449829102,0.479305615775522,129.13234082554015
94,0,normal,1.8362271785736084,0.49507818608328846,141.62791021709893
95,0,normal,0.02166682668030262,0.4828802803771606,136.8592965236902
96,0,normal,0.006018457934260368,0.4944160679936972,136.91268447253162
97,0,normal,0.0038352692499756813,0.47224772815334914,136.55320915878087
98,0,normal,0.002597087062895298,0.48931519394713535,136.46716967512918
99,0,normal,0.0019611911848187447,0.4652808567367121,136.44196014586544
100,0,normal,0.001862955978140235,0.5017887949981555,136.55958044381748
101,0,normal,0.0020544910803437233,0.49855314276073504,136.53411165488092
102,0,normal,0.002332407748326659,0.4837833277806628,136.70374831689378
103,0,normal,0.0025919023901224136,0.48292887222351666,136.93347448963164
104,0,normal,0.00280096591450274,0.4842475740229125,137.21710233238014
105,0,normal,0.0029631888028234243,0.5109098206916177,137.6274916427352
106,0,normal,0.0030920200515538454,0.4924311137584119,138.11926806285862
107,0,normal,0.0031988713890314102,0.5124116003992761,139.21511488019905
108,0,normal,0.003290260676294565,0.49489729315045083,140.32138379328478
109,0,normal,0.003368886187672615,0.4787455789515104,141.3382549709769
110,0,normal,0.003437607316300273,0.46766629678155436,117.11495642434329
111,0,normal,0.0034924009814858437,0.45976989938348095,117.78272754965508
112,0,normal,0.003568568965420127,0.42356651564330244,93.02731210025922
113,0,normal,0.0035828864201903343,0.43529876723298083,91.53090188965075
114,0,normal,0.0035968252923339605,0.4207665707240475,90.18110946490606
115,0,normal,0.00361044448800385,0.4004503565885815,44.20728198241818
116,0,normal,0.0036218708846718073,0.39235162515550986,43.07093752094784
117,0,normal,0.003632980864495039,0.3736246735242293,-2.33928708677945
118,0,normal,0.0036444813013076782,0.3594562360967001,-4.256986768805973
119,0,normal,0.0036564101465046406,0.3609762994309262,-6.553560324068485
120,0,normal,0.00366761046461761,0.3599818491799063,-8.900247605360846
121,0,normal,0.003919631242752075,0.32500300904843643,-38.12617758680449
122,0,normal,0.0036870092153549194,0.33191875848336316,-39.71664020146909
123,0,normal,0.0036517223343253136,0.3244223582001283,-40.35490542327784
124,0,normal,0.003633546642959118,0.3096727090336867,-55.92076496583536
125,0,normal,0.003633546642959118,0.3096727090336867,-55.92076496583536
126,0,normal,0.003633546642959118,0.3096727090336867,-55.92076496583536
127,0,normal,0.003633546642959118,0.3096727090336867,-55.92076496583536
128,0,normal,0.003633546642959118,0.3096727090336867,-55.92076496583536
129,0,normal,0.003633546642959118,0.3096727090336867,-55.92076496583536
130,0,normal,0.003633546642959118,0.3096727090336867,-55.92076496583536
131,0,normal,0.003633546642959118,0.3096727090336867,-55.92076496583536
132,0,normal,0.003633546642959118,0.3096727090336867,-55.92076496583536
133,0,normal,0.003633546642959118,0.3096727090336867,-55.92076496583536
134,0,normal,0.003633546642959118,0.3096727090336867,-55.92076496583536
135,0,normal,0.003633546642959118,0.3096727090336867,-55.92076496583536
136,0,normal,0.003633546642959118,0.3096727090336867,-55.92076496583536
137,0,normal,0.003633546642959118,0.3096727090336867,-55.92076496583536
138,0,normal,0.003633546642959118,0.3096727090336867,-55.92076496583536
139,0,normal,0.003633546642959118,0.3096727090336867,-55.92076496583536
140,0,normal,0.003633546642959118,0.3096727090336867,-55.92076496583536
141,0,normal,0.003633546642959118,0.3096727090336867,-55.92076496583536
142,0,normal,0.003633546642959118,0.3096727090336867,-55.92076496583536
143,0,normal,0.003633546642959118,0.3096727090336867,-55.92076496583536
144,0,normal,0.003633546642959118,0.3096727090336867,-55.92076496583536
145,0,normal,0.003633546642959118,0.3096727090336867,-55.92076496583536
146,0,normal,0.003633546642959118,0.3096727090336867,-55.92076496583536
147,0,normal,0.003633546642959118,0.3096727090336867,-55.92076496583536
148,0,normal,0.003633546642959118,0.3096727090336867,-55.92076496583536
149,0,normal,0.003633546642959118,0.3096727090336867,-55.92076496583536
150,0,normal,0.003633546642959118,0.3096727090336867,-55.92076496583536
151,0,normal,0.003633546642959118,0.3096727090336867,-55.92076496583536
152,0,normal,0.003633546642959118,0.3096727090336867,-55.92076496583536
153,0,normal,0.003633546642959118,0.3096727090336867,-55.92076496583536
154,0,normal,0.003633546642959118,0.3096727090336867,-55.92076496583536
155,0,normal,0.003633546642959118,0.3096727090336867,-55.92076496583536
156,0,normal,0.003633546642959118,0.3096727090336867,-55.92076496583536
157,0,normal,0.003633546642959118,0.3096727090336867,-55.92076496583536
158,0,normal,0.003633546642959118,0.3096727090336867,-55.92076496583536
159,0,normal,0.003633546642959118,0.3096727090336867,-55.92076496583536
160,0,normal,0.003633546642959118,0.3096727090336867,-55.92076496583536
161,0,normal,0.003633546642959118,0.3096727090336867,-55.92076496583536
162,0,normal,0.003633546642959118,0.3096727090336867,-55.92076496583536
163,0,normal,0.003633546642959118,0.3096727090336867,-55.92076496583536
164,0,normal,0.003633546642959118,0.3096727090336867,-55.92076496583536
165,0,normal,0.003633546642959118,0.3096727090336867,-55.92076496583536
166,0,normal,0.003633546642959118,0.3096727090336867,-55.92076496583536
167,0,normal,0.003633546642959118,0.3096727090336867,-55.92076496583536
168,0,normal,0.003633546642959118,0.3096727090336867,-55.92076496583536
169,0,normal,0.003633546642959118,0.3096727090336867,-55.92076496583536
170,0,normal,0.003633546642959118,0.3096727090336867,-55.92076496583536
171,0,normal,0.003633546642959118,0.3096727090336867,-55.92076496583536
172,0,normal,0.003633546642959118,0.3096727090336867,-55.92076496583536
173,0,normal,0.003633546642959118,0.3096727090336867,-55.92076496583536
174,0,normal,0.003633546642959118,0.3096727090336867,-55.92076496583536
175,0,normal,0.003633546642959118,0.3096727090336867,-55.92076496583536
176,0,normal,0.003633546642959118,0.3096727090336867,-55.92076496583536
177,0,normal,7.446736812591553,0.3327723903507506,-25.396538748026387
178,0,normal,0.024049285799264908,0.34526934004162135,-25.028403384608282
179,0,normal,2.085083246231079,0.355933641324606,-12.765662632726162
180,0,normal,1.4465031623840332,0.3936403249513834,12.151463997393876
181,0,normal,0.085709348320961,0.39335654496759676,13.111754266447406
182,0,normal,0.1537615805864334,0.39816866607995444,14.66286475621132
183,0,normal,0.16669408977031708,0.38491239466387417,16.29563096469792
184,0,normal,0.15527337789535522,0.4078502570397586,17.920359995447598
185,0,normal,0.11939346790313721,0.4151349708620054,19.55245738087683
186,0,normal,0.10306008905172348,0.41018792734218507,21.216428951128137
187,0,normal,0.2017480581998825,0.4273281823413232,22.89373668352323
188,0,normal,0.6935567855834961,0.4195210341634289,24.584066243900907
189,0,normal,1.5170238018035889,0.4501790530229162,49.9866311850476
190,0,normal,0.4654199779033661,0.4476483016396898,50.141524089402765
191,0,normal,2.144303321838379,0.4610552585003733,63.49174190332087
192,0,normal,0.02822476625442505,0.47291759884226314,63.54538378776715
193,0,normal,0.008873805403709412,0.4479878626730479,63.56868890375881
194,0,normal,0.004377448931336403,0.47483705575262947,63.22529592445244
195,0,normal,0.004019175656139851,0.47288954610402384,63.1555958931242
196,0,normal,0.004099653568118811,0.4678003750772853,63.25352534882745
197,0,normal,0.004150083288550377,0.468696440376126,63.397904674445954
198,0,normal,0.0041178371757268906,0.4702669029268406,63.398559921767855
199,0,normal,0.004031596705317497,0.4563493120562324,63.62695439247864
200,0,normal,0.003927893936634064,0.45422672267435715,63.87634646313563
201,0,normal,0.003831249661743641,0.45659216625447274,64.11554281719896
202,0,normal,0.0037528937682509422,0.45753063121865356,64.55846134278022
203,0,normal,0.0036950265057384968,0.45149561343222744,65.19053783630193
204,0,normal,0.0036552788224071264,0.47959656841403414,66.08385342118959
205,0,normal,0.0036297605838626623,0.4753962930533128,67.37073654532742
206,0,normal,0.003614691784605384,0.456656304704733,68.62087870807181
207,0,normal,0.003609552513808012,0.4363734735676436,42.372932792308575
208,0,normal,0.0036059049889445305,0.4400671852167662,42.963692727444595
209,0,normal,0.0036050837952643633,0.4214354214648188,30.81075683790027
210,0,normal,0.003640509210526943,0.40151387769036617,3.774820465196399
211,0,normal,0.003623062977567315,0.4013069294118448,2.3514979038043293
212,0,normal,0.0036145453341305256,0.3841394171540971,0.8747447711768928
213,0,normal,0.0036130158696323633,0.37910829916477023,-0.5671713623235064
214,0,normal,0.00361641775816679,0.3825404795515357,-1.6150236605865302
215,0,normal,0.0036230823025107384,0.36725696865471397,-3.2726298911795766
216,0,normal,0.0036313356831669807,0.3578288200164487,-5.358845433910574
217,0,normal,0.003639653790742159,0.3571736702672192,-7.736058346369873
218,0,normal,0.0036465844605118036,0.3529773890919596,-10.28145756976005
219,0,normal,0.0036870092153549194,0.33191875848336316,-39.71664020146909
220,0,normal,0.0036517223343253136,0.3244223582001283,-40.35490542327784
221,0,normal,0.003633546642959118,0.3096727090336867,-55.92076496583536
222,0,normal,0.003633546642959118,0.3096727090336867,-55.92076496583536
223,0,normal,0.003633546642959118,0.3096727090336867,-55.92076496583536
224,0,normal,0.003633546642959118,0.3096727090336867,-55.92076496583536
225,0,normal,0.003633546642959118,0.3096727090336867,-55.92076496583536
226,0,normal,0.003633546642959118,0.3096727090336867,-55.92076496583536
227,0,normal,0.003633546642959118,0.3096727090336867,-55.92076496583536
228,0,normal,0.003633546642959118,0.3096727090336867,-55.92076496583536
229,0,normal,0.003633546642959118,0.3096727090336867,-55.92076496583536
230,0,normal,0.003633546642959118,0.3096727090336867,-55.92076496583536
231,0,normal,0.003633546642959118,0.3096727090336867,-55.92076496583536
232,0,normal,0.003633546642959118,0.3096727090336867,-55.92076496583536
233,0,normal,0.003633546642959118,0.3096727090336867,-55.92076496583536
234,0,normal,0.003633546642959118,0.3096727090336867,-55.92076496583536
235,0,normal,0.003633546642959118,0.3096727090336867,-55.92076496583536
236,0,normal,0.003633546642959118,0.3096727090336867,-55.92076496583536
237,0,normal,0.003633546642959118,0.3096727090336867,-55.92076496583536
238,0,normal,0.003633546642959118,0.3096727090336867,-55.92076496583536
239,0,normal,0.003633546642959118,0.3096727090336867,-55.92076496583536
240,0,normal,0.003633546642959118,0.3096727090336867,-55.92076496583536
241,0,normal,0.003633546642959118,0.3096727090336867,-55.92076496583536
242,0,normal,0.003633546642959118,0.3096727090336867,-55.92076496583536
243,0,normal,0.003633546642959118,0.3096727090336867,-55.92076496583536
244,0,normal,0.003633546642959118,0.3096727090336867,-55.92076496583536
245,0,normal,0.003633546642959118,0.3096727090336867,-55.92076496583536
246,0,normal,0.003633546642959118,0.3096727090336867,-55.92076496583536
247,0,normal,0.003633546642959118,0.3096727090336867,-55.92076496583536
248,0,normal,0.003633546642959118,0.3096727090336867,-55.92076496583536
249,0,normal,0.003633546642959118,0.3096727090336867,-55.92076496583536
250,0,normal,0.003633546642959118,0.3096727090336867,-55.92076496583536
251,0,normal,0.003633546642959118,0.3096727090336867,-55.92076496583536
252,0,normal,0.003633546642959118,0.3096727090336867,-55.92076496583536
253,0,normal,0.003633546642959118,0.3096727090336867,-55.92076496583536
254,0,normal,0.003633546642959118,0.3096727090336867,-55.92076496583536
255,0,normal,0.003633546642959118,0.3096727090336867,-55.92076496583536
256,0,normal,0.003633546642959118,0.3096727090336867,-55.92076496583536
257,0,normal,0.003633546642959118,0.3096727090336867,-55.92076496583536
258,0,normal,0.003633546642959118,0.3096727090336867,-55.92076496583536
259,0,normal,0.003633546642959118,0.3096727090336867,-55.92076496583536
260,0,normal,0.003633546642959118,0.3096727090336867,-55.92076496583536
261,0,normal,0.003633546642959118,0.3096727090336867,-55.92076496583536
262,0,normal,0.003633546642959118,0.3096727090336867,-55.92076496583536
263,0,normal,0.003633546642959118,0.3096727090336867,-55.92076496583536
264,0,normal,0.003633546642959118,0.3096727090336867,-55.92076496583536
265,0,normal,0.003633546642959118,0.3096727090336867,-55.92076496583536
266,0,normal,0.003633546642959118,0.3096727090336867,-55.92076496583536
267,0,normal,0.003633546642959118,0.3096727090336867,-55.92076496583536
268,0,normal,0.003633546642959118,0.3096727090336867,-55.92076496583536
269,0,normal,0.003633546642959118,0.3096727090336867,-55.92076496583536
270,0,normal,0.003633546642959118,0.3096727090336867,-55.92076496583536
271,0,normal,0.003633546642959118,0.3096727090336867,-55.92076496583536
272,0,normal,0.003633546642959118,0.3096727090336867,-55.92076496583536
273,0,normal,0.003633546642959118,0.3096727090336867,-55.92076496583536
274,0,normal,0.003633546642959118,0.3096727090336867,-55.92076496583536
275,0,normal,0.003633546642959118,0.3096727090336867,-55.92076496583536
276,0,normal,7.446736812591553,0.3327723903507506,-25.396538748026387
277,0,normal,0.024049285799264908,0.34526934004162135,-25.028403384608282
278,0,normal,0.7673487067222595,0.33332755808375913,-24.89408685854619
279,0,normal,1.1006579399108887,0.36572261448992693,0.4447996297874397
280,0,normal,0.09419464319944382,0.3725552346915819,1.400157706245409
281,0,normal,0.15367203950881958,0.3823708369943239,2.98283730764183
282,0,normal,0.1598806530237198,0.37190012490874497,4.632717122918621
283,0,normal,0.14521148800849915,0.3839311558644685,6.247074796781362
284,0,normal,0.1227327212691307,0.397916421056408,7.87080842962564
285,0,normal,3.240544319152832,0.4071002073556163,23.434156293865954
286,0,normal,2.229008436203003,0.4381019142853742,35.230906450905195
287,0,normal,0.3808497488498688,0.43154114629062,36.76394041567869
288,0,normal,0.42536336183547974,0.4214730497126851,37.6485237295085
289,0,normal,1.894909143447876,0.4351775062223703,51.21880897686333
290,0,normal,0.04720097780227661,0.46781353935700554,51.21298584555939
291,0,normal,0.014145612716674805,0.44086878657958545,51.22725995359701
292,0,normal,0.007282828912138939,0.4400068115031992,50.88665864445238
293,0,normal,0.004296449478715658,0.468095157527937,50.82880508826361
294,0,normal,0.0024410532787442207,0.4487794878299446,50.92975706712468
295,0,normal,0.0016381825553253293,0.45379856153212045,51.055678752866925
296,0,normal,0.001545764273032546,0.4556158673836686,51.20164909118239
297,0,normal,0.0018001169664785266,0.4376141896149919,51.131552556313636
298,0,normal,0.0021529693622142076,0.4544986222293061,51.34859007835462
299,0,normal,0.0024797958321869373,0.438351998241361,51.63952719469535
300,0,normal,0.002741198055446148,0.45343559670517297,51.77061114115145
301,0,normal,0.002940259873867035,0.44078494509790794,52.073537647584544
302,0,normal,0.0030930908396840096,0.440366913830684,52.62735267198241
303,0,normal,0.003214535303413868,0.439501052641937,53.12003758186188
304,0,normal,0.003314112313091755,0.4643191428698465,54.189802486172994
305,0,normal,0.003396782325580716,0.4489156135620657,55.299410961373724
306,0,normal,0.003469295334070921,0.41735101194985263,28.606989556863482
307,0,normal,0.0035235988907516003,0.41759642034925265,29.049296718713776
308,0,normal,0.0035636713728308678,0.4148969180201297,29.893998644988187
309,0,normal,0.0036383159458637238,0.40730249460693796,3.080813201726869
310,0,normal,0.003618248738348484,0.3927848044492609,1.7287648089923096
311,0,normal,0.0036260378547012806,0.37760773752699966,0.7795355751084116
312,0,normal,0.0036402361001819372,0.37646766695313205,-0.5932439347498075
313,0,normal,0.003654123516753316,0.36366889922649714,-2.4624273096744673
314,0,normal,0.0036663375794887543,0.3734106115033162,-4.529350232900242
315,0,normal,0.0036874946672469378,0.3513263173338266,-21.889655067866443
316,0,normal,0.003953165374696255,0.33352819632597686,-35.82494627950041
317,0,normal,0.003709906479343772,0.334075818850491,-38.713175489268
318,0,normal,0.0036517223343253136,0.3244223582001283,-40.35490542327784
319,0,normal,0.003633546642959118,0.3096727090336867,-55.92076496583536
320,0,normal,0.003633546642959118,0.3096727090336867,-55.92076496583536
321,0,normal,0.003633546642959118,0.3096727090336867,-55.92076496583536
322,0,normal,0.003633546642959118,0.3096727090336867,-55.92076496583536
323,0,normal,0.003633546642959118,0.3096727090336867,-55.92076496583536
324,0,normal,0.003633546642959118,0.3096727090336867,-55.92076496583536
325,0,normal,0.003633546642959118,0.3096727090336867,-55.92076496583536
326,0,normal,0.003633546642959118,0.3096727090336867,-55.92076496583536
327,0,normal,0.003633546642959118,0.3096727090336867,-55.92076496583536
328,0,normal,0.003633546642959118,0.3096727090336867,-55.92076496583536
329,0,normal,0.003633546642959118,0.3096727090336867,-55.92076496583536
330,0,normal,0.003633546642959118,0.3096727090336867,-55.92076496583536
331,0,normal,0.003633546642959118,0.3096727090336867,-55.92076496583536
332,0,normal,0.003633546642959118,0.3096727090336867,-55.92076496583536
333,0,normal,0.003633546642959118,0.3096727090336867,-55.92076496583536
334,0,normal,0.003633546642959118,0.3096727090336867,-55.92076496583536
335,0,normal,7.446736812591553,0.3327723903507506,-25.396538748026387
336,0,normal,0.024049285799264908,0.34526934004162135,-25.028403384608282
337,0,normal,0.7673487067222595,0.33332755808375913,-24.89408685854619
338,0,normal,1.1006579399108887,0.36572261448992693,0.4447996297874397
339,0,normal,0.6255009770393372,0.3683871778056326,0.02057721682240299
340,0,normal,0.2176252007484436,0.37833689625368605,1.645223157760256
341,0,normal,0.18269509077072144,0.3701268149841282,3.29070236878556
342,0,normal,0.694977343082428,0.3762517762521045,3.5755185739130866
343,0,normal,0.2594622075557709,0.39561979866147473,5.249748180716551
344,0,normal,0.17794974148273468,0.3905570459834105,6.89148441166094
345,0,normal,3.8505871295928955,0.4433508281412153,32.728366547531095
346,0,normal,0.16667069494724274,0.4263728864700302,34.17821516541608
347,0,normal,0.5101540088653564,0.4181461689194674,34.5117728369039
348,0,normal,1.2159746885299683,0.42074561732631305,40.45536092595398
349,0,normal,1.3832682371139526,0.4438637755559119,48.446052374611554
350,0,normal,0.02351442165672779,0.4515248587578666,48.45361912708722
351,0,normal,0.010165583342313766,0.44087404937770797,48.31846216263352
352,0,normal,0.007552833296358585,0.46315154880692805,48.05508786322798
353,0,normal,0.0062521533109247684,0.4519028213730107,48.035489423282115
354,0,normal,0.005408031865954399,0.44422199175148697,48.153771892404166
355,0,normal,0.004873167257755995,0.4549316938621747,48.34063746063862
356,0,normal,0.004481310024857521,0.45438864831708853,48.26050118367493
357,0,normal,0.004132941365242004,0.43965351802735697,48.49314285948708
358,0,normal,0.003815691452473402,0.43040048623835947,48.798574028587836
359,0,normal,0.0035587677266448736,0.4475257657155604,48.938644463053606
360,0,normal,0.003386907745152712,0.45109673164498426,49.25492523065532
361,0,normal,0.003302446100860834,0.4357058701697103,49.77537126610309
362,0,normal,0.0032890220172703266,0.45725337651940734,50.239295102167716
363,0,normal,40.047935485839844,0.4587572815336232,195.97901752164273
364,0,normal,37.18229675292969,0.43633789630975783,322.0935594459305
365,0,normal,0.056041743606328964,0.41908043153396474,301.8830942465148
366,0,normal,0.026045288890600204,0.43360414455273727,302.0148860788371
367,0,normal,0.01615183986723423,0.4152281410244971,302.39936009223266
368,0,normal,39.638511657714844,0.39449645461050215,395.7258719274362
369,0,normal,0.09940021485090256,0.3974928004697089,396.1931119989913
370,0,normal,0.025355780497193336,0.38718726200741815,395.37382990672654
371,0,normal,0.015570338815450668,0.3798803826234174,394.4171313851979
372,0,normal,0.012788521125912666,0.3736342682804155,394.80183956606174
373,0,normal,0.011647614650428295,0.3680139146262831,393.45514428624324
374,0,normal,0.010746088810265064,0.3624236589588035,391.9944975138757
375,0,normal,0.009612003341317177,0.33727389919213985,373.1624882641971
376,0,normal,0.008627991192042828,0.32626470908751953,371.2813452925277
377,0,normal,0.007590884808450937,0.34024107141039955,370.88372340679905
378,0,normal,0.006639254745095968,0.32551536029164135,366.6049709166342
379,0,normal,0.0058389222249388695,0.3096727090336867,360.3487940795893
380,0,normal,0.0052031357772648335,0.3096727090336867,360.33806201548475
381,0,normal,0.0047192503698170185,0.3151600589900393,360.33593681753416
382,0,normal,0.00436439597979188,0.31354584615682096,360.33037495496455
383,0,normal,7.934197425842285,0.34227841152459076,380.74494455111824
384,0,normal,0.020472317934036255,0.35210023334594737,380.96517569905336
385,0,normal,0.8742139935493469,0.3391883851219995,381.05564474897926
386,0,normal,1.0077887773513794,0.3741775145358005,397.5169286726597
387,0,normal,0.0960235521197319,0.37728852699022003,398.1430453657308
388,0,normal,0.15664146840572357,0.39438236238251045,399.13751800841794
389,0,normal,10.298489570617676,0.40760604811441764,429.844434208871
390,0,normal,10.793953895568848,0.44160267276686743,459.21010995999154
391,0,normal,0.3695317208766937,0.45134808020755046,460.1376139218693
392,0,normal,0.5611266493797302,0.43431756290600754,461.0175632852065
393,0,normal,1.2064238786697388,0.45384801226448945,358.18162370173286
394,0,normal,122.28787231445312,0.452593965765796,552.6166720989191
395,0,normal,3.9078619480133057,0.46547594612460014,565.9332153936887
396,0,normal,0.22657683491706848,0.48438963431585075,566.7254250361595
397,0,normal,0.4988260865211487,0.4867059923903046,566.9199711988048
398,0,normal,1.9744726419448853,0.48870509576106613,487.7018634386827
399,0,normal,0.053946174681186676,0.4909534615043321,487.7565659258604
400,0,normal,0.016065239906311035,0.5007972403541117,487.7774591694148
401,0,normal,0.006583371665328741,0.49560446114270523,487.52590833057855
402,0,normal,0.0034706476144492626,0.48702013447212206,487.4739341622882
403,0,normal,0.002123649464920163,0.48288751999182383,487.5495312627771
404,0,normal,0.0017168688355013728,0.5089590750921846,487.5195389144177
405,0,normal,0.0017961354460567236,0.5012476579303206,487.68832252435425
406,0,normal,0.0020734365098178387,0.4680834112841733,487.8491739980258
407,0,normal,0.0023905455600470304,0.4913147471969849,487.9387567712182
408,0,normal,0.0026766250375658274,0.4991955634965281,488.15094100945487
409,0,normal,0.002910017501562834,0.496889927550351,488.5275539107064
410,0,normal,0.0030919339042156935,0.5016040084593226,488.90432560783006
411,0,normal,0.003231366164982319,0.519445056556718,489.6671827104582
412,0,normal,0.003337982576340437,0.4959860094176354,490.5398349676848
413,0,normal,0.003415376879274845,0.4618868649242492,473.97497785532653
414,0,normal,0.0034788320772349834,0.476796598048543,474.3872563608875
415,0,normal,0.003527240129187703,0.46575543177740925,474.99331011586105
416,0,normal,0.0035748151130974293,0.42687360099012694,458.9047137062346
417,0,normal,0.003593480447307229,0.44377028060204965,457.9748825050175
418,0,normal,0.0036089709028601646,0.4431031355115671,457.1599457441504
419,0,normal,0.0036214073188602924,0.3998806825438866,427.4465623609743
420,0,normal,0.003631591796875,0.38683653701370807,396.8374709680794
421,0,normal,0.0036410773172974586,0.37610553462474244,395.99843073744046
422,0,normal,0.003650103695690632,0.367405896790515,394.80316651918076
423,0,normal,0.0036586904898285866,0.3628587711363859,393.21353204295406
424,0,normal,0.00366040226072073,0.3634087769138146,-7.656585871074412
425,0,normal,0.003897089045494795,0.3294645158711415,-36.746147581222885
426,0,normal,0.0036870092153549194,0.33191875848336316,-39.71664020146909
427,0,normal,0.0036517223343253136,0.3244223582001283,-40.35490542327784
428,0,normal,0.003633546642959118,0.3096727090336867,-55.92076496583536
429,0,normal,0.003633546642959118,0.3096727090336867,-55.92076496583536
430,0,normal,0.003633546642959118,0.3096727090336867,-55.92076496583536
431,0,normal,0.003633546642959118,0.3096727090336867,-55.92076496583536
432,0,normal,0.003633546642959118,0.3096727090336867,-55.92076496583536
433,0,normal,7.446736812591553,0.3327723903507506,-25.396538748026387
434,0,normal,0.024049285799264908,0.34526934004162135,-25.028403384608282
435,0,normal,0.7673487067222595,0.33332755808375913,-24.89408685854619
436,0,normal,1.1006579399108887,0.36572261448992693,0.4447996297874397
437,0,normal,0.6255009770393372,0.3683871778056326,0.02057721682240299
438,0,normal,0.2176252007484436,0.37833689625368605,1.645223157760256
439,0,normal,0.6101443767547607,0.36589582551001915,1.9161619695296395
440,0,normal,0.34240567684173584,0.3776122264481968,3.613554682640597
441,0,normal,0.5740202069282532,0.39230531911660804,3.8701219117515393
442,0,normal,0.28867805004119873,0.38224512523948073,5.598819667700582
443,0,normal,1.0095809698104858,0.4108467514581197,5.89195256742255
444,0,normal,1.3327256441116333,0.3919057095514076,7.62215169801857
445,0,normal,0.8555788993835449,0.429079063675434,33.376395720781375
446,0,normal,0.09862390905618668,0.431584987831926,34.864503457114324
447,0,normal,1.4942271709442139,0.44523525203770375,40.6864952738124
448,0,normal,1.3250874280929565,0.43724865823782166,48.71389506169294
449,0,normal,0.02560245245695114,0.4366838609708371,48.644601874109185
450,0,normal,0.008395391516387463,0.47224117183187914,48.472133633032854
451,0,normal,0.00338837131857872,0.4490728515033081,48.20607642700497
452,0,normal,0.0017918486846610904,0.4613318846461403,48.216958865725246
453,0,normal,0.0013516319449990988,0.4398303069084198,48.40834613914558
454,0,normal,0.0014810634311288595,0.4636078224181828,48.44053231170733
455,0,normal,0.001841215998865664,0.45522492368576395,48.720969877466814
456,0,normal,0.0022401846945285797,0.44103815978524374,49.005178109154485
457,0,normal,0.00259073032066226,0.4445387821529592,49.18816921831467
458,0,normal,0.002867218339815736,0.4443043776114042,49.526529166897035
459,0,normal,0.0030735351610928774,0.44302386019677337,50.03368986683404
460,0,normal,0.003223809879273176,0.44933269601272036,50.5291815926314
461,0,normal,0.003332908730953932,0.4726555310772139,51.52781983934119
462,0,normal,0.0034129193518310785,0.44999613517330334,52.46886350681916
463,0,normal,0.0034800267312675714,0.4248069031094708,25.401507122564
464,0,normal,0.0035250054206699133,0.4391043661941843,25.4681949962378
465,0,normal,0.003558760741725564,0.42073269534181945,25.762239084729117
466,0,normal,0.0036680453922599554,0.3907948980878207,-1.9706877162500405
467,0,normal,0.0036411716137081385,0.396915191224645,-1.5624379650994342
468,0,normal,0.0036211556289345026,0.3875481188894712,-3.3647359415706433
469,0,normal,0.0036198091693222523,0.3824959453335427,-2.8875231371939662
470,0,normal,0.0036243817303329706,0.37708273162081823,-4.194971417399074
471,0,normal,0.0036325964611023664,0.37691266753397706,-3.406508307472677
472,0,normal,0.003643367439508438,0.35529982751054306,-5.453352453083198
473,0,normal,0.003649401245638728,0.36098818851952685,-5.3518590174167
474,0,normal,0.0036583084147423506,0.36548012337178276,-7.65189551263893
475,0,normal,0.0039550261572003365,0.33115966225930094,-36.74507637346824
476,0,normal,0.003686480689793825,0.33044303176951645,-39.71557456982896
477,0,normal,0.003641948103904724,0.31943547382507487,-46.30578268375643
478,0,normal,0.003633546642959118,0.3096727090336867,-55.92076496583536
479,0,normal,0.003633546642959118,0.3096727090336867,-55.92076496583536
480,0,normal,0.003633546642959118,0.3096727090336867,-55.92076496583536
481,0,normal,7.446736812591553,0.3327723903507506,-25.396538748026387
482,0,normal,0.024049285799264908,0.34526934004162135,-25.028403384608282
483,0,normal,0.7673487067222595,0.33332755808375913,-24.89408685854619
484,0,normal,1.1006579399108887,0.36572261448992693,0.4447996297874397
485,0,normal,0.6255009770393372,0.3683871778056326,0.02057721682240299
486,0,normal,0.2176252007484436,0.37833689625368605,1.645223157760256
487,0,normal,0.6101443767547607,0.36589582551001915,1.9161619695296395
488,0,normal,0.34240567684173584,0.3776122264481968,3.613554682640597
489,0,normal,0.17099982500076294,0.3957789517955511,5.24188819244614
490,0,normal,0.19487977027893066,0.3884174364680368,6.92891650155002
491,0,normal,1.3049767017364502,0.4085794847034858,7.233911808977382
492,0,normal,1.7237696647644043,0.41548457426231045,22.820578016877334
493,0,normal,2.328007698059082,0.419206764304747,33.28782316670049
494,0,normal,0.44236770272254944,0.4296571236273138,34.90709407303825
495,0,normal,0.3841661810874939,0.4398136681629712,35.72412009200093
496,0,normal,1.8582170009613037,0.42858821248194934,49.29916453375722
497,0,normal,0.028277026489377022,0.4534620158858549,49.289800833829304
498,0,normal,0.008418436162173748,0.459206407723184,49.23962018989005
499,0,normal,0.005027858540415764,0.4493524511071155,48.82901196701573
500,0,normal,0.0032788075041025877,0.4631055226887791,48.7564840186285
501,0,normal,0.0023404539097100496,0.43657836945370143,48.94229597483786
502,0,normal,0.0021192755084484816,0.45929780546536714,48.967510100812206
503,0,normal,0.0022786317858844995,0.45521947990815104,49.21896438437011
504,0,normal,0.0025360658764839172,0.436751220198267,49.52703467635979
505,0,normal,0.0027513604145497084,0.4472277668716469,49.698315010241004
506,0,normal,0.0028960183262825012,0.45111843540402524,50.030616289625414
507,0,normal,0.0029930053278803825,0.444819109000312,50.53309349749043
508,0,normal,0.0030720606446266174,0.4524487000364447,51.02425283825005
509,0,normal,0.003150864504277706,0.46106130041242144,52.03898138287741
510,0,normal,0.003233860246837139,0.4404590303161708,52.94690465513986
511,0,normal,0.0033276500180363655,0.4358863716488329,25.957357623399503
512,0,normal,0.0034075225703418255,0.434195223338243,26.088079487873756
513,0,normal,0.0034763349685817957,0.4197952067571044,26.439774581169104
514,0,normal,0.0037624137476086617,0.3984429356154693,-1.0983762982716598
515,0,normal,0.0036700665950775146,0.3902865371616014,-0.576376254458637
516,0,normal,0.003619422437623143,0.3980855376804473,-2.3210090552247493
517,0,normal,0.0036223833449184895,0.3873885387189033,-1.6310053012136905
518,0,normal,0.0036368751898407936,0.37456100972493894,-2.879233173317516
519,0,normal,0.0036581738386303186,0.37484383855616876,-4.535409489065614
520,0,normal,0.003681400092318654,0.3578113134170693,-6.741092524386659
521,0,normal,0.0036868208553642035,0.37058844017915515,-6.65072180615266
522,0,normal,0.003730653552338481,0.3485164112268056,-24.22623674003694
523,0,normal,0.003953165374696255,0.33352819632597686,-35.82494627950041
524,0,normal,0.003709906479343772,0.334075818850491,-38.713175489268
525,0,normal,0.0036517223343253136,0.3244223582001283,-40.35490542327784
526,0,normal,0.003633546642959118,0.3096727090336867,-55.92076496583536
527,0,normal,0.003633546642959118,0.3096727090336867,-55.92076496583536
528,0,normal,0.003633546642959118,0.3096727090336867,-55.92076496583536
529,0,normal,0.003633546642959118,0.3096727090336867,-55.92076496583536
530,0,normal,0.003633546642959118,0.3096727090336867,-55.92076496583536
531,0,normal,7.446736812591553,0.3327723903507506,-25.396538748026387
532,0,normal,0.024049285799264908,0.34526934004162135,-25.028403384608282
533,0,normal,0.9517195820808411,0.3397551804793094,-23.453580185404235
534,0,normal,0.8713390827178955,0.3739928291516433,1.8054487047829753
535,0,normal,0.10510746389627457,0.37562388413953973,2.7669556687974364
536,0,normal,0.16695594787597656,0.38592644040845975,4.308128734570801
537,0,normal,0.17305180430412292,0.3754392568644995,5.9489736042178265
538,0,normal,0.15668366849422455,0.3903990406642189,7.574990503166873
539,0,normal,0.1423652619123459,0.40473590586294483,9.210272692859917
540,0,normal,0.1998787522315979,0.39233246298439384,10.88004436613869
541,0,normal,0.5221350193023682,0.41996034663343135,12.557888047822644
542,0,normal,1.535661220550537,0.40683058505246444,14.24180825294593
543,0,normal,0.8721555471420288,0.44361431097143655,39.87061679264502
544,0,normal,0.2597142457962036,0.4395387232500747,40.53979650692463
545,0,normal,0.5644775032997131,0.4422016816302441,40.86774537289989
546,0,normal,1.861173152923584,0.44387158303047186,54.38067237653854
547,0,normal,0.019602911546826363,0.45918448334099043,54.37560280370485
548,0,normal,0.0068696062080562115,0.4768741375767941,54.38976579104428
549,0,normal,0.004943450912833214,0.4658849560219956,54.01402672809513
550,0,normal,0.0034524304792284966,0.46465362387349235,53.948328090661334
551,0,normal,0.0025871149264276028,0.46049360183976173,54.119204397907424
552,0,normal,0.0023038783110678196,0.4663577327864074,54.13147794516908
553,0,normal,0.002352174138650298,0.46835894945066686,54.404011682754344
554,0,normal,0.0025235707871615887,0.4432862637469417,54.65430952590191
555,0,normal,0.0027083654422312975,0.45317725071484083,54.872897587781154
556,0,normal,0.0028688369784504175,0.45396223149393916,55.24964337667052
557,0,normal,0.0030019760597497225,0.45317844259297735,55.8650998845701
558,0,normal,0.0031147899571806192,0.4618818057848963,56.51325995578122
559,0,normal,0.003213396994397044,0.47592011717003835,57.74645100003954
560,0,normal,0.00330060301348567,0.45055986318272445,58.98628528565405
561,0,normal,0.003379268804565072,0.43144638742745106,32.48942456898749
562,0,normal,0.00344462925568223,0.4427822812991087,33.0432102036566
563,0,normal,0.003499735612422228,0.4308846014730609,31.517776461525727
564,0,normal,0.0036230231635272503,0.3971160855577029,4.477117809150968
565,0,normal,0.0036130216903984547,0.39768320456187617,2.9417949986557232
566,0,normal,0.003609834937378764,0.39766329764289327,1.6173622585292833
567,0,normal,0.0036136566195636988,0.38629318553052655,0.012012156444598077
568,0,normal,0.003622204065322876,0.38310295710107245,-0.9871109221721781
569,0,normal,0.003632980864495039,0.3736246735242293,-2.33928708677945
570,0,normal,0.0036444813013076782,0.3594562360967001,-4.256986768805973
571,0,normal,0.0036564101465046406,0.3609762994309262,-6.553560324068485
572,0,normal,0.00366761046461761,0.3599818491799063,-8.900247605360846
573,0,normal,0.003919631242752075,0.32500300904843643,-38.12617758680449
574,0,normal,0.0036870092153549194,0.33191875848336316,-39.71664020146909
575,0,normal,0.0036517223343253136,0.3244223582001283,-40.35490542327784
576,0,normal,0.003633546642959118,0.3096727090336867,-55.92076496583536
577,0,normal,0.003633546642959118,0.3096727090336867,-55.92076496583536
578,0,normal,0.003633546642959118,0.3096727090336867,-55.92076496583536
579,0,normal,0.003633546642959118,0.3096727090336867,-55.92076496583536
580,0,normal,0.003633546642959118,0.3096727090336867,-55.92076496583536
581,0,normal,0.003633546642959118,0.3096727090336867,-55.92076496583536
582,0,normal,0.003633546642959118,0.3096727090336867,-55.92076496583536
583,0,normal,0.003633546642959118,0.3096727090336867,-55.92076496583536
584,0,normal,0.003633546642959118,0.3096727090336867,-55.92076496583536
585,0,normal,0.003633546642959118,0.3096727090336867,-55.92076496583536
586,0,normal,0.003633546642959118,0.3096727090336867,-55.92076496583536
587,0,normal,0.003633546642959118,0.3096727090336867,-55.92076496583536
588,0,normal,0.003633546642959118,0.3096727090336867,-55.92076496583536
589,0,normal,0.003633546642959118,0.3096727090336867,-55.92076496583536
590,0,normal,0.003633546642959118,0.3096727090336867,-55.92076496583536
591,0,normal,0.003633546642959118,0.3096727090336867,-55.92076496583536
592,0,normal,0.003633546642959118,0.3096727090336867,-55.92076496583536
593,0,normal,0.003633546642959118,0.3096727090336867,-55.92076496583536
594,0,normal,0.003633546642959118,0.3096727090336867,-55.92076496583536
595,0,normal,0.003633546642959118,0.3096727090336867,-55.92076496583536
596,0,normal,0.003633546642959118,0.3096727090336867,-55.92076496583536
597,0,normal,0.003633546642959118,0.3096727090336867,-55.92076496583536
598,0,normal,0.003633546642959118,0.3096727090336867,-55.92076496583536
599,0,normal,0.003633546642959118,0.3096727090336867,-55.92076496583536
600,0,normal,0.003633546642959118,0.3096727090336867,-55.92076496583536
601,0,normal,0.003633546642959118,0.3096727090336867,-55.92076496583536
602,0,normal,0.003633546642959118,0.3096727090336867,-55.92076496583536
603,0,normal,0.003633546642959118,0.3096727090336867,-55.92076496583536
604,0,normal,0.003633546642959118,0.3096727090336867,-55.92076496583536
605,0,normal,0.003633546642959118,0.3096727090336867,-55.92076496583536
606,0,normal,0.003633546642959118,0.3096727090336867,-55.92076496583536
607,0,normal,0.003633546642959118,0.3096727090336867,-55.92076496583536
608,0,normal,0.003633546642959118,0.3096727090336867,-55.92076496583536
609,0,normal,0.003633546642959118,0.3096727090336867,-55.92076496583536
610,0,normal,0.003633546642959118,0.3096727090336867,-55.92076496583536
611,0,normal,0.003633546642959118,0.3096727090336867,-55.92076496583536
612,0,normal,0.003633546642959118,0.3096727090336867,-55.92076496583536
613,0,normal,0.003633546642959118,0.3096727090336867,-55.92076496583536
614,0,normal,0.003633546642959118,0.3096727090336867,-55.92076496583536
615,0,normal,0.003633546642959118,0.3096727090336867,-55.92076496583536
616,0,normal,0.003633546642959118,0.3096727090336867,-55.92076496583536
617,0,normal,0.003633546642959118,0.3096727090336867,-55.92076496583536
618,0,normal,0.003633546642959118,0.3096727090336867,-55.92076496583536
619,0,normal,0.003633546642959118,0.3096727090336867,-55.92076496583536
620,0,normal,0.003633546642959118,0.3096727090336867,-55.92076496583536
621,0,normal,0.003633546642959118,0.3096727090336867,-55.92076496583536
622,0,normal,0.003633546642959118,0.3096727090336867,-55.92076496583536
623,0,normal,0.003633546642959118,0.3096727090336867,-55.92076496583536
624,0,normal,0.003633546642959118,0.3096727090336867,-55.92076496583536
625,0,normal,0.003633546642959118,0.3096727090336867,-55.92076496583536
626,0,normal,0.003633546642959118,0.3096727090336867,-55.92076496583536
627,0,normal,0.003633546642959118,0.3096727090336867,-55.92076496583536
628,0,normal,7.446736812591553,0.3327723903507506,-25.396538748026387
629,0,normal,0.024049285799264908,0.34526934004162135,-25.028403384608282
630,0,normal,0.9517195820808411,0.3397551804793094,-23.453580185404235
631,0,normal,1.4901295900344849,0.37074079001245025,0.42518138770128644
632,0,normal,0.11369059979915619,0.37211761787896386,1.4289936209188454
633,0,normal,0.7065848112106323,0.380324700852854,1.5900187382776494
634,0,normal,0.2590031325817108,0.36590881955255383,3.313985442727926
635,0,normal,0.16773708164691925,0.3904306773306534,4.944661339962522
636,0,normal,0.13823896646499634,0.4006594395245637,6.609022567927241
637,0,normal,0.18696488440036774,0.3887519550119605,8.27624878346387
638,0,normal,0.5144490003585815,0.42035731071512655,9.930392635835688
639,0,normal,1.5523847341537476,0.4034158206495327,11.595041137922408
640,0,normal,1.764306664466858,0.4296000880752224,27.105705257429236
641,0,normal,1.5603448152542114,0.4333594698987822,38.88935236926159
642,0,normal,0.3922441303730011,0.4467963304175499,39.5805968184502
643,0,normal,1.861012578010559,0.4488159370654131,53.07783580960813
644,0,normal,0.022349845618009567,0.4550231012288506,53.10222067411041
645,0,normal,0.00818819273263216,0.46053541428898115,53.0748974705748
646,0,normal,0.0037603862583637238,0.4643375494428549,52.70328267564946
647,0,normal,0.002638665959239006,0.4646689601952846,52.656729753842
648,0,normal,0.0023200034629553556,0.469670294463289,52.84879388359195
649,0,normal,0.00236635678447783,0.4495545674012237,52.88303107204274
650,0,normal,0.0025591887533664703,0.4692773332718983,53.18656093738264
651,0,normal,0.0027791617903858423,0.44892534730094874,53.47630090228722
652,0,normal,0.00297496747225523,0.46313598364459496,53.697330643416535
653,0,normal,0.00313217518851161,0.4505352368966204,54.021468320050644
654,0,normal,0.0032524403650313616,0.4472578171503975,54.600570284590276
655,0,normal,0.0033426398877054453,0.4595913834370681,55.117694868144554
656,0,normal,0.0034101579803973436,0.4794340696600302,56.17575647475792
657,0,normal,0.003461237996816635,0.4513882691540722,57.21766515374111
658,0,normal,0.003525516716763377,0.43371108926715807,30.40572024134076
659,0,normal,0.0035581241827458143,0.44954656773461527,30.667536986911728
660,0,normal,0.0035916927736252546,0.4258654248491387,28.809222038852113
661,0,normal,0.0038463277742266655,0.3967089727718336,3.8062280593276228
662,0,normal,0.003747406415641308,0.3994474688560848,2.0540387416351678
663,0,normal,0.0036634078714996576,0.3974648064593406,2.935919947097318
664,0,normal,0.0036219661124050617,0.3940439808120287,1.4484489646110887
665,0,normal,0.0036138813011348248,0.3855639375370334,0.25557927471686526
666,0,normal,0.0036207539960741997,0.374089735394652,-0.7393038533321032
667,0,normal,0.003631943603977561,0.36760203731484115,-2.486256483075749
668,0,normal,0.003642548806965351,0.35810836618005676,-4.5894538828908935
669,0,normal,0.0036512601654976606,0.37275863709919194,-6.820444530844952
670,0,normal,0.003658771514892578,0.3402636055753445,-24.498055485898703
671,0,normal,0.003709906479343772,0.334075818850491,-38.713175489268
672,0,normal,0.0036517223343253136,0.3244223582001283,-40.35490542327784
673,0,normal,0.003633546642959118,0.3096727090336867,-55.92076496583536
674,0,normal,0.003633546642959118,0.3096727090336867,-55.92076496583536
675,0,normal,0.003633546642959118,0.3096727090336867,-55.92076496583536
676,0,normal,7.446736812591553,0.3327723903507506,-25.396538748026387
677,0,normal,0.024049285799264908,0.34526934004162135,-25.028403384608282
678,0,normal,3.740247964859009,0.3734205152349896,1.394410250454257
679,0,normal,0.10881484299898148,0.3688195535426672,1.6773314987131016
680,0,normal,0.15966756641864777,0.3816047661936056,2.8461545016666605
681,0,normal,0.17304742336273193,0.37834017344540377,4.431258959645447
682,0,normal,0.1641993671655655,0.3741976171278836,6.031855493176636
683,0,normal,0.12808917462825775,0.40588914068173243,7.676900614193755
684,0,normal,0.09658033400774002,0.3942020115052719,9.307806969260355
685,0,normal,0.13492488861083984,0.40882439274629484,10.97108312034402
686,0,normal,0.403450608253479,0.4170751510641809,12.64970951364694
687,0,normal,2.245601177215576,0.4345414957720422,38.31055315528738
688,0,normal,0.11834600567817688,0.4394969132159732,39.80097073686056
689,0,normal,1.4081236124038696,0.44470482285546703,45.62305045270068
690,0,normal,1.322784185409546,0.4455616864948127,53.66900317849377
691,0,normal,0.0459924153983593,0.452740679662088,53.63153954515383
692,0,normal,0.014438958838582039,0.4672977132384103,53.49936111032139
693,0,normal,0.005458424333482981,0.4565983301813753,53.284345683934134
694,0,normal,0.0030955213587731123,0.4649936577487287,53.27975372974197
695,0,normal,0.0023826451506465673,0.45157465140023206,53.38913159659205
696,0,normal,0.0022910127881914377,0.4720546832577106,53.517990798388155
697,0,normal,0.002451035426929593,0.4635328828912498,53.558661929741675
698,0,normal,0.002684150356799364,0.44056965225146283,53.75239456619579
699,0,normal,0.00290936348028481,0.448041779490563,54.034127318945366
700,0,normal,0.0030971441883593798,0.4520655519409003,54.33318735751345
701,0,normal,0.003242566017434001,0.45035415506690174,54.76989290834558
702,0,normal,0.0033507670741528273,0.45112583649455906,55.30288667693867
703,0,normal,0.003429695498198271,0.46726530176621583,56.3516660600319
704,0,normal,0.003486913861706853,0.45910188009586733,57.378486385666065
705,0,normal,0.0035284890327602625,0.4487285186778502,58.37285722679485
706,0,normal,0.0035387459211051464,0.4414403480316497,31.72717858138776
707,0,normal,0.0035627996549010277,0.43056365248853856,32.39460080207232
708,0,normal,0.0036779376678168774,0.39718281127112215,5.380018109296543
709,0,normal,0.00364500330761075,0.40346370121147257,3.8737125816037405
710,0,normal,0.003626380581408739,0.3939480840533674,2.544285412704994
711,0,normal,0.003620672971010208,0.3868932152811518,1.027032342157554
712,0,normal,0.003623459953814745,0.38443891268410746,0.059434552937318585
713,0,normal,0.003630782477557659,0.3782187498282834,-1.2936971850203918
714,0,normal,0.003639875678345561,0.3593952996456775,-3.1608835350464233
715,0,normal,0.003649401245638728,0.36098818851952685,-5.3518590174167
716,0,normal,0.0036583084147423506,0.36548012337178276,-7.65189551263893
717,0,normal,0.0039550261572003365,0.33115966225930094,-36.74507637346824
718,0,normal,0.003686480689793825,0.33044303176951645,-39.71557456982896
719,0,normal,0.003641948103904724,0.31943547382507487,-46.30578268375643
720,0,normal,0.003633546642959118,0.3096727090336867,-55.92076496583536
721,0,normal,0.003633546642959118,0.3096727090336867,-55.92076496583536
722,0,normal,0.003633546642959118,0.3096727090336867,-55.92076496583536
723,0,normal,0.003633546642959118,0.3096727090336867,-55.92076496583536
724,0,normal,0.003633546642959118,0.3096727090336867,-55.92076496583536
725,0,normal,0.003633546642959118,0.3096727090336867,-55.92076496583536
726,0,normal,7.446736812591553,0.3327723903507506,-25.396538748026387
727,0,normal,0.024049285799264908,0.34526934004162135,-25.028403384608282
728,0,normal,3.740247964859009,0.3734205152349896,1.394410250454257
729,0,normal,0.10881484299898148,0.3688195535426672,1.6773314987131016
730,0,normal,0.15966756641864777,0.3816047661936056,2.8461545016666605
731,0,normal,10.46526050567627,0.41000668542155644,50.056926961448426
732,0,normal,0.24260276556015015,0.4000552270457972,51.525445723519624
733,0,normal,9.618745803833008,0.45635379332129117,96.727263397152
734,0,normal,0.33145150542259216,0.43931013455978596,98.00261429051511
735,0,normal,0.5946316123008728,0.44803205489039677,99.45427256687867
736,0,normal,1.3259332180023193,0.44836709953110376,100.84603316244761
737,0,normal,2.6263601779937744,0.44287116500118184,102.36274048382461
738,0,normal,0.623323917388916,0.48608977546698373,126.013514981654
739,0,normal,0.2982783019542694,0.48476351794642286,126.63973011323606
740,0,normal,2.13542103767395,0.5027261270133289,139.14024297092885
741,0,normal,0.030137525871396065,0.4920020125857691,139.2329185024288
742,0,normal,0.012009945698082447,0.4758692265621523,139.25214718412883
743,0,normal,0.004565434530377388,0.48462877339849236,138.90811235463855
744,0,normal,0.0029582015704363585,0.4923485019752063,138.84457700718485
745,0,normal,0.002996571362018585,0.4837014288648623,138.8348006586075
746,0,normal,0.00333930435590446,0.502051438229406,138.952259734481
747,0,normal,0.003615332068875432,0.5003614421160599,138.9479413659492
748,0,normal,0.003763039829209447,0.4797252605897815,139.1724283084485
749,0,normal,0.003810871858149767,0.4923995213125709,139.362555291759
750,0,normal,0.0038008284755051136,0.47675752157862406,139.64703781070682
751,0,normal,0.0037654738407582045,0.5098123753205801,140.0646646879269
752,0,normal,0.0037245554849505424,0.49273864967715225,140.5356103154038
753,0,normal,0.0036878464743494987,0.5143041715897093,141.63142094771877
754,0,normal,0.0036589233204722404,0.5009294081341107,142.727191664766
755,0,normal,0.003638130845502019,0.49109269866982697,143.83120302013845
756,0,normal,0.003628917969763279,0.4656574132731969,119.69259164421067
757,0,normal,0.0036202850751578808,0.4607221724615606,120.41002380644215
758,0,normal,0.003648027777671814,0.4349483105904924,95.83135582417208
759,0,normal,0.0036279531195759773,0.43968044224096,94.37091925574873
760,0,normal,0.003616530913859606,0.4291086348121011,93.07280894247879
761,0,normal,0.0036127211060374975,0.41056584632392806,47.51900268523468
762,0,normal,0.003612378379330039,0.39498988352391007,46.17722491668519
763,0,normal,0.00361643242649734,0.3821402667409478,-0.9855415847248423
764,0,normal,0.0036231176927685738,0.36987887594895485,-2.5799322576035593
765,0,normal,0.003631706116721034,0.36019706780139876,-4.595847430630329
766,0,normal,0.003640405833721161,0.36206185217992043,-6.902236508602073
767,0,normal,0.0036479400005191565,0.35571036754995616,-9.385628585880568
768,0,normal,0.003709906479343772,0.334075818850491,-38.713175489268
769,0,normal,0.0036517223343253136,0.3244223582001283,-40.35490542327784
770,0,normal,0.003633546642959118,0.3096727090336867,-55.92076496583536
771,0,normal,0.003633546642959118,0.3096727090336867,-55.92076496583536
772,0,normal,0.003633546642959118,0.3096727090336867,-55.92076496583536
773,0,normal,7.446736812591553,0.3327723903507506,-25.396538748026387
774,0,normal,0.024049285799264908,0.34526934004162135,-25.028403384608282
775,0,normal,2.085083246231079,0.355933641324606,-12.765662632726162
776,0,normal,1.4465031623840332,0.3936403249513834,12.151463997393876
777,0,normal,0.085709348320961,0.39335654496759676,13.111754266447406
778,0,normal,0.1537615805864334,0.39816866607995444,14.66286475621132
779,0,normal,0.16669408977031708,0.38491239466387417,16.29563096469792
780,0,normal,0.15527337789535522,0.4078502570397586,17.920359995447598
781,0,normal,0.11939346790313721,0.4151349708620054,19.55245738087683
782,0,normal,0.10306008905172348,0.41018792734218507,21.216428951128137
783,0,normal,0.2017480581998825,0.4273281823413232,22.89373668352323
784,0,normal,0.6935567855834961,0.4195210341634289,24.584066243900907
785,0,normal,1.5170238018035889,0.4501790530229162,49.9866311850476
786,0,normal,0.4654199779033661,0.4476483016396898,50.141524089402765
787,0,normal,2.144303321838379,0.4610552585003733,63.49174190332087
788,0,normal,0.02822476625442505,0.47291759884226314,63.54538378776715
789,0,normal,0.008873805403709412,0.4479878626730479,63.56868890375881
790,0,normal,0.004377448931336403,0.47483705575262947,63.22529592445244
791,0,normal,0.004019175656139851,0.47288954610402384,63.1555958931242
792,0,normal,0.004099653568118811,0.4678003750772853,63.25352534882745
793,0,normal,0.004150083288550377,0.468696440376126,63.397904674445954
794,0,normal,0.0041178371757268906,0.4702669029268406,63.398559921767855
795,0,normal,0.004031596705317497,0.4563493120562324,63.62695439247864
796,0,normal,0.003927893936634064,0.45422672267435715,63.87634646313563
797,0,normal,0.003831249661743641,0.45659216625447274,64.11554281719896
798,0,normal,0.0037528937682509422,0.45753063121865356,64.55846134278022
799,0,normal,0.0036950265057384968,0.45149561343222744,65.19053783630193
800,0,normal,0.0036552788224071264,0.47959656841403414,66.08385342118959
801,0,normal,0.0036297605838626623,0.4753962930533128,67.37073654532742
802,0,normal,0.003614691784605384,0.456656304704733,68.62087870807181
803,0,normal,0.003609552513808012,0.4363734735676436,42.372932792308575
804,0,normal,0.0036059049889445305,0.4400671852167662,42.963692727444595
805,0,normal,0.0036050837952643633,0.4214354214648188,30.81075683790027
806,0,normal,0.003640509210526943,0.40151387769036617,3.774820465196399
807,0,normal,0.003623062977567315,0.4013069294118448,2.3514979038043293
808,0,normal,0.0036145453341305256,0.3841394171540971,0.8747447711768928
809,0,normal,0.0036130158696323633,0.37910829916477023,-0.5671713623235064
810,0,normal,0.00361641775816679,0.3825404795515357,-1.6150236605865302
811,0,normal,0.0036230823025107384,0.36725696865471397,-3.2726298911795766
812,0,normal,0.0036313356831669807,0.3578288200164487,-5.358845433910574
813,0,normal,0.003639653790742159,0.3571736702672192,-7.736058346369873
814,0,normal,0.0036465844605118036,0.3529773890919596,-10.28145756976005
815,0,normal,0.0036870092153549194,0.33191875848336316,-39.71664020146909
816,0,normal,0.0036517223343253136,0.3244223582001283,-40.35490542327784
817,0,normal,0.003633546642959118,0.3096727090336867,-55.92076496583536
818,0,normal,0.003633546642959118,0.3096727090336867,-55.92076496583536
819,0,normal,0.003633546642959118,0.3096727090336867,-55.92076496583536
820,0,normal,0.003633546642959118,0.3096727090336867,-55.92076496583536
821,0,normal,0.003633546642959118,0.3096727090336867,-55.92076496583536
822,0,normal,0.003633546642959118,0.3096727090336867,-55.92076496583536
823,0,normal,7.446736812591553,0.3327723903507506,-25.396538748026387
824,0,normal,0.024049285799264908,0.34526934004162135,-25.028403384608282
825,0,normal,2.085083246231079,0.355933641324606,-12.765662632726162
826,0,normal,1.4465031623840332,0.3936403249513834,12.151463997393876
827,0,normal,0.085709348320961,0.39335654496759676,13.111754266447406
828,0,normal,0.1537615805864334,0.39816866607995444,14.66286475621132
829,0,normal,0.16669408977031708,0.38491239466387417,16.29563096469792
830,0,normal,0.15527337789535522,0.4078502570397586,17.920359995447598
831,0,normal,0.11939346790313721,0.4151349708620054,19.55245738087683
832,0,normal,0.10306008905172348,0.41018792734218507,21.216428951128137
833,0,normal,0.2017480581998825,0.4273281823413232,22.89373668352323
834,0,normal,0.6935567855834961,0.4195210341634289,24.584066243900907
835,0,normal,1.5170238018035889,0.4501790530229162,49.9866311850476
836,0,normal,0.2212732583284378,0.4465618881954176,50.638843981206264
837,0,normal,2.0890417098999023,0.4621866263359859,63.96784617915023
838,0,normal,0.029351506382226944,0.47167790434213624,64.02399012909086
839,0,normal,0.00939706526696682,0.4484732295120539,64.00755319172686
840,0,normal,0.004268723074346781,0.47625668584140096,63.65380036456668
841,0,normal,0.003928164020180702,0.4772493440447502,63.59156634231954
842,0,normal,0.004099866840988398,0.4676564080864761,63.69684816222343
843,0,normal,0.004204863682389259,0.4685434741027302,63.84836499633889
844,0,normal,0.004192424472421408,0.4708169414180866,63.852201570058924
845,0,normal,0.004104903899133205,0.45739887394460965,64.08613050132567
846,0,normal,0.003990260884165764,0.45463919329787533,64.34025050057767
847,0,normal,0.003880205564200878,0.45469767384194887,64.58078398020166
848,0,normal,0.003789556445553899,0.45799129207985706,65.02448902518267
849,0,normal,0.0037217969074845314,0.4533655413027611,65.65556308712166
850,0,normal,0.003674618899822235,0.48034943738820307,66.54919016013605
851,0,normal,0.003643718082457781,0.47496762426851874,67.83213364089215
852,0,normal,0.0036248010583221912,0.4580443588099582,69.07822716295914
853,0,normal,0.0036167928483337164,0.43617563777323176,42.83888867795304
854,0,normal,0.0036111234221607447,0.4404439111748747,43.4223004189364
855,0,normal,0.00360875204205513,0.42439435336160464,31.272036849638198
856,0,normal,0.003650449216365814,0.40065610125796797,4.258219206296189
857,0,normal,0.0036285100504755974,0.3993441531146186,2.8350605843688754
858,0,normal,0.0036169076338410378,0.3889625275311437,1.3960083287784073
859,0,normal,0.0036136945709586143,0.37966110093945615,-1.7141394437203417e-06
860,0,normal,0.00361643242649734,0.3821402667409478,-0.9855415847248423
861,0,normal,0.0036231176927685738,0.36987887594895485,-2.5799322576035593
862,0,normal,0.003631706116721034,0.36019706780139876,-4.595847430630329
863,0,normal,0.003640405833721161,0.36206185217992043,-6.902236508602073
864,0,normal,0.0036479400005191565,0.35571036754995616,-9.385628585880568
865,0,normal,0.003709906479343772,0.334075818850491,-38.713175489268
866,0,normal,0.0036517223343253136,0.3244223582001283,-40.35490542327784
867,0,normal,0.003633546642959118,0.3096727090336867,-55.92076496583536
868,0,normal,0.003633546642959118,0.3096727090336867,-55.92076496583536
869,0,normal,0.003633546642959118,0.3096727090336867,-55.92076496583536
870,0,normal,0.003633546642959118,0.3096727090336867,-55.92076496583536
871,0,normal,0.003633546642959118,0.3096727090336867,-55.92076496583536
872,0,normal,0.003633546642959118,0.3096727090336867,-55.92076496583536
873,0,normal,0.003633546642959118,0.3096727090336867,-55.92076496583536
874,0,normal,0.003633546642959118,0.3096727090336867,-55.92076496583536
875,0,normal,0.003633546642959118,0.3096727090336867,-55.92076496583536
876,0,normal,0.003633546642959118,0.3096727090336867,-55.92076496583536
877,0,normal,0.003633546642959118,0.3096727090336867,-55.92076496583536
878,0,normal,0.003633546642959118,0.3096727090336867,-55.92076496583536
879,0,normal,0.003633546642959118,0.3096727090336867,-55.92076496583536
880,0,normal,0.003633546642959118,0.3096727090336867,-55.92076496583536
881,0,normal,7.446736812591553,0.3327723903507506,-25.396538748026387
882,0,normal,0.024049285799264908,0.34526934004162135,-25.028403384608282
883,0,normal,0.7673487067222595,0.33332755808375913,-24.89408685854619
884,0,normal,1.1006579399108887,0.36572261448992693,0.4447996297874397
885,0,normal,0.09419464319944382,0.3725552346915819,1.400157706245409
886,0,normal,0.15367203950881958,0.3823708369943239,2.98283730764183
887,0,normal,0.1598806530237198,0.37190012490874497,4.632717122918621
888,0,normal,0.14521148800849915,0.3839311558644685,6.247074796781362
889,0,normal,0.1227327212691307,0.397916421056408,7.87080842962564
890,0,normal,5.5656304359436035,0.4210679519224721,33.64503257861679
891,0,normal,0.20825301110744476,0.4386147616832502,35.09651321442243
892,0,normal,0.32421499490737915,0.4229628102081325,35.923544738252076
893,0,normal,1.9104292392730713,0.42941398198506747,49.535950294596205
894,0,normal,0.04327185079455376,0.442265365470414,49.56067585177561
895,0,normal,0.01193485502153635,0.45588060970088695,49.5512060829376
896,0,normal,0.005261401645839214,0.4400496954431075,49.21505742918066
897,0,normal,0.0029143148567527533,0.45069524949551204,49.189403124076534
898,0,normal,0.0017537344247102737,0.43904987366046844,49.2969640729998
899,0,normal,0.0014196312986314297,0.4492679469479473,49.40359861511797
900,0,normal,0.0015627623070031404,0.4412368233104636,49.49954116305889
901,0,normal,0.0019012229749932885,0.43542778007045935,49.57977866043575
902,0,normal,0.002266273368149996,0.4358673806214853,49.52732349028838
903,0,normal,0.0025825814809650183,0.4508150843595544,49.73851927291571
904,0,normal,0.002831715391948819,0.4354560789371684,50.001684840769485
905,0,normal,0.0030212721321731806,0.4460596382166254,50.142997305254994
906,0,normal,0.0031658420339226723,0.44994271221421134,50.442415186306334
907,0,normal,0.003278321586549282,0.4325103727493399,50.99470378639626
908,0,normal,0.0033676119055598974,0.45067220217699777,51.45362120103209
909,0,normal,0.0034391817171126604,0.4568257971419322,52.5665162790126
910,0,normal,0.003496357938274741,0.4447359700573368,53.69504419614236
911,0,normal,0.003544219769537449,0.40329383224071574,26.933535443675964
912,0,normal,0.0035784803330898285,0.4149966606508511,27.471002323192124
913,0,normal,0.003601688425987959,0.41548232443181143,28.479852275820576
914,0,normal,0.0036121217999607325,0.3893559148270025,1.4425602508904376
915,0,normal,0.0036184911150485277,0.3854935892578158,0.512287192627582
916,0,normal,0.0036290553398430347,0.3758815600177715,-0.7013707828432416
917,0,normal,0.0036408226005733013,0.3641361477840387,-2.4829723351876964
918,0,normal,0.003652342827990651,0.3639291139857676,-4.623436308119608
919,0,normal,0.003662815084680915,0.36634143484954446,-6.822402937674724
920,0,normal,0.003953165374696255,0.33352819632597686,-35.82494627950041
921,0,normal,0.003709906479343772,0.334075818850491,-38.713175489268
922,0,normal,0.0036517223343253136,0.3244223582001283,-40.35490542327784
923,0,normal,0.003633546642959118,0.3096727090336867,-55.92076496583536
924,0,normal,0.003633546642959118,0.3096727090336867,-55.92076496583536
925,0,normal,0.003633546642959118,0.3096727090336867,-55.92076496583536
926,0,normal,0.003633546642959118,0.3096727090336867,-55.92076496583536
927,0,normal,0.003633546642959118,0.3096727090336867,-55.92076496583536
928,0,normal,0.003633546642959118,0.3096727090336867,-55.92076496583536
929,0,normal,0.003633546642959118,0.3096727090336867,-55.92076496583536
930,0,normal,0.003633546642959118,0.3096727090336867,-55.92076496583536
931,0,normal,0.003633546642959118,0.3096727090336867,-55.92076496583536
932,0,normal,0.003633546642959118,0.3096727090336867,-55.92076496583536
933,0,normal,0.003633546642959118,0.3096727090336867,-55.92076496583536
934,0,normal,0.003633546642959118,0.3096727090336867,-55.92076496583536
935,0,normal,0.003633546642959118,0.3096727090336867,-55.92076496583536
936,0,normal,0.003633546642959118,0.3096727090336867,-55.92076496583536
937,0,normal,0.003633546642959118,0.3096727090336867,-55.92076496583536
938,0,normal,0.003633546642959118,0.3096727090336867,-55.92076496583536
939,0,normal,0.003633546642959118,0.3096727090336867,-55.92076496583536
940,0,normal,0.003633546642959118,0.3096727090336867,-55.92076496583536
941,0,normal,0.003633546642959118,0.3096727090336867,-55.92076496583536
942,0,normal,0.003633546642959118,0.3096727090336867,-55.92076496583536
943,0,normal,0.003633546642959118,0.3096727090336867,-55.92076496583536
944,0,normal,0.003633546642959118,0.3096727090336867,-55.92076496583536
945,0,normal,0.003633546642959118,0.3096727090336867,-55.92076496583536
946,0,normal,0.003633546642959118,0.3096727090336867,-55.92076496583536
947,0,normal,0.003633546642959118,0.3096727090336867,-55.92076496583536
948,0,normal,0.003633546642959118,0.3096727090336867,-55.92076496583536
949,0,normal,0.003633546642959118,0.3096727090336867,-55.92076496583536
950,0,normal,0.003633546642959118,0.3096727090336867,-55.92076496583536
951,0,normal,0.003633546642959118,0.3096727090336867,-55.92076496583536
952,0,normal,0.003633546642959118,0.3096727090336867,-55.92076496583536
953,0,normal,0.003633546642959118,0.3096727090336867,-55.92076496583536
954,0,normal,0.003633546642959118,0.3096727090336867,-55.92076496583536
955,0,normal,0.003633546642959118,0.3096727090336867,-55.92076496583536
956,0,normal,0.003633546642959118,0.3096727090336867,-55.92076496583536
957,0,normal,0.003633546642959118,0.3096727090336867,-55.92076496583536
958,0,normal,0.003633546642959118,0.3096727090336867,-55.92076496583536
959,0,normal,0.003633546642959118,0.3096727090336867,-55.92076496583536
960,0,normal,0.003633546642959118,0.3096727090336867,-55.92076496583536
961,0,normal,0.003633546642959118,0.3096727090336867,-55.92076496583536
962,0,normal,0.003633546642959118,0.3096727090336867,-55.92076496583536
963,0,normal,0.003633546642959118,0.3096727090336867,-55.92076496583536
964,0,normal,0.003633546642959118,0.3096727090336867,-55.92076496583536
965,0,normal,0.003633546642959118,0.3096727090336867,-55.92076496583536
966,0,normal,0.003633546642959118,0.3096727090336867,-55.92076496583536
967,0,normal,0.003633546642959118,0.3096727090336867,-55.92076496583536
968,0,normal,0.003633546642959118,0.3096727090336867,-55.92076496583536
969,0,normal,0.003633546642959118,0.3096727090336867,-55.92076496583536
970,0,normal,0.003633546642959118,0.3096727090336867,-55.92076496583536
971,0,normal,0.003633546642959118,0.3096727090336867,-55.92076496583536
972,0,normal,0.003633546642959118,0.3096727090336867,-55.92076496583536
973,0,normal,0.003633546642959118,0.3096727090336867,-55.92076496583536
974,0,normal,0.003633546642959118,0.3096727090336867,-55.92076496583536
975,0,normal,0.003633546642959118,0.3096727090336867,-55.92076496583536
976,0,normal,0.003633546642959118,0.3096727090336867,-55.92076496583536
977,0,normal,0.003633546642959118,0.3096727090336867,-55.92076496583536
978,0,normal,7.446736812591553,0.3327723903507506,-25.396538748026387
979,0,normal,0.024049285799264908,0.34526934004162135,-25.028403384608282
980,0,normal,0.7673487067222595,0.33332755808375913,-24.89408685854619
981,0,normal,1.1006579399108887,0.36572261448992693,0.4447996297874397
982,0,normal,0.09419464319944382,0.3725552346915819,1.400157706245409
983,0,normal,0.15367203950881958,0.3823708369943239,2.98283730764183
984,0,normal,0.1598806530237198,0.37190012490874497,4.632717122918621
985,0,normal,0.14521148800849915,0.3839311558644685,6.247074796781362
986,0,normal,0.1227327212691307,0.397916421056408,7.87080842962564
987,0,normal,0.1468804031610489,0.39218847629388537,9.52868530220735
988,0,normal,0.36440595984458923,0.41846984947749916,11.198876561416682
989,0,normal,1.1706805229187012,0.4054827478953717,12.87058070332273
990,0,normal,1.0491929054260254,0.43394617668114793,38.514092294203465
991,0,normal,0.10966388881206512,0.43599027335953877,39.999980798088245
992,0,normal,0.5590255856513977,0.44408036742030144,40.30745563549863
993,0,normal,1.8706204891204834,0.4424288084969209,53.830988919195306
994,0,normal,0.022536134347319603,0.4594475986074703,53.83485518518137
995,0,normal,0.006094679236412048,0.4746306039779265,53.863310567621056
996,0,normal,0.0030061635188758373,0.45827558914392436,53.5011510876775
997,0,normal,0.0018429072806611657,0.4634156405458948,53.44950857745516
998,0,normal,0.001352436258457601,0.45544498041509185,53.63753488117254
999,0,normal,0.0013822289183735847,0.46085560404736764,53.658339668446615
1000,0,normal,0.0016858710441738367,0.4675759629984721,53.93209288071034
1001,0,normal,0.002068231115117669,0.44442569681179606,54.18953975640102
1002,0,normal,0.0024240734055638313,0.4542631112547594,54.36624443664368
1003,0,normal,0.0027149624656885862,0.4532035075061364,54.68753013942592
1004,0,normal,0.0029386228416115046,0.4532341913239552,55.230786985023315
1005,0,normal,0.0031069028191268444,0.4557920236498634,55.760630165181965
1006,0,normal,0.0032338807359337807,0.47336272119205075,56.86737587003381
1007,0,normal,0.0033311417791992426,0.4492107265576847,57.96926687933296
1008,0,normal,0.0034143133088946342,0.4344793423851783,31.31822550674974
1009,0,normal,0.003471502335742116,0.4436027833613573,31.703463290528816
1010,0,normal,0.0035150423645973206,0.43030193453698135,32.37791602732386
1011,0,normal,0.0036310111172497272,0.39786732410777637,5.353112040548012
1012,0,normal,0.00361472275108099,0.4013973689120964,3.8163028586234304
1013,0,normal,0.003608015365898609,0.3997462235588855,2.5057303477101414
1014,0,normal,0.003609901526942849,0.3860885596831368,0.9199493646137853
1015,0,normal,0.003617470385506749,0.38561003090369683,-0.05619240468354292
1016,0,normal,0.0036278218030929565,0.37610553462474244,-1.3317960485228468
1017,0,normal,0.0036389855667948723,0.360218943944261,-3.1762393003473335
1018,0,normal,0.0036501639988273382,0.36113915724012685,-5.386893922098579
1019,0,normal,0.00366040226072073,0.3634087769138146,-7.656585871074412
1020,0,normal,0.003897089045494795,0.3294645158711415,-36.746147581222885
1021,0,normal,0.0036870092153549194,0.33191875848336316,-39.71664020146909
1022,0,normal,0.0036517223343253136,0.3244223582001283,-40.35490542327784
1023,0,normal,0.003633546642959118,0.3096727090336867,-55.92076496583536
1024,0,normal,0.003633546642959118,0.3096727090336867,-55.92076496583536
1025,0,normal,0.003633546642959118,0.3096727090336867,-55.92076496583536
1026,0,normal,0.003633546642959118,0.3096727090336867,-55.92076496583536
1027,0,normal,0.003633546642959118,0.3096727090336867,-55.92076496583536
1028,0,normal,0.003633546642959118,0.3096727090336867,-55.92076496583536
1029,0,normal,0.003633546642959118,0.3096727090336867,-55.92076496583536
1030,0,normal,0.003633546642959118,0.3096727090336867,-55.92076496583536
1031,0,normal,0.003633546642959118,0.3096727090336867,-55.92076496583536
1032,0,normal,0.003633546642959118,0.3096727090336867,-55.92076496583536
1033,0,normal,0.003633546642959118,0.3096727090336867,-55.92076496583536
1034,0,normal,0.003633546642959118,0.3096727090336867,-55.92076496583536
1035,0,normal,0.003633546642959118,0.3096727090336867,-55.92076496583536
1036,0,normal,0.003633546642959118,0.3096727090336867,-55.92076496583536
1037,0,normal,0.003633546642959118,0.3096727090336867,-55.92076496583536
1038,0,normal,0.003633546642959118,0.3096727090336867,-55.92076496583536
1039,0,normal,0.003633546642959118,0.3096727090336867,-55.92076496583536
1040,0,normal,0.003633546642959118,0.3096727090336867,-55.92076496583536
1041,0,normal,0.003633546642959118,0.3096727090336867,-55.92076496583536
1042,0,normal,0.003633546642959118,0.3096727090336867,-55.92076496583536
1043,0,normal,0.003633546642959118,0.3096727090336867,-55.92076496583536
1044,0,normal,0.003633546642959118,0.3096727090336867,-55.92076496583536
1045,0,normal,0.003633546642959118,0.3096727090336867,-55.92076496583536
1046,0,normal,0.003633546642959118,0.3096727090336867,-55.92076496583536
1047,0,normal,0.003633546642959118,0.3096727090336867,-55.92076496583536
1048,0,normal,0.003633546642959118,0.3096727090336867,-55.92076496583536
1049,0,normal,0.003633546642959118,0.3096727090336867,-55.92076496583536
1050,0,normal,0.003633546642959118,0.3096727090336867,-55.92076496583536
1051,0,normal,0.003633546642959118,0.3096727090336867,-55.92076496583536
1052,0,normal,0.003633546642959118,0.3096727090336867,-55.92076496583536
1053,0,normal,0.003633546642959118,0.3096727090336867,-55.92076496583536
1054,0,normal,0.003633546642959118,0.3096727090336867,-55.92076496583536
1055,0,normal,0.003633546642959118,0.3096727090336867,-55.92076496583536
1056,0,normal,0.003633546642959118,0.3096727090336867,-55.92076496583536
1057,0,normal,0.003633546642959118,0.3096727090336867,-55.92076496583536
1058,0,normal,0.003633546642959118,0.3096727090336867,-55.92076496583536
1059,0,normal,0.003633546642959118,0.3096727090336867,-55.92076496583536
1060,0,normal,0.003633546642959118,0.3096727090336867,-55.92076496583536
1061,0,normal,0.003633546642959118,0.3096727090336867,-55.92076496583536
1062,0,normal,0.003633546642959118,0.3096727090336867,-55.92076496583536
1063,0,normal,0.003633546642959118,0.3096727090336867,-55.92076496583536
1064,0,normal,0.003633546642959118,0.3096727090336867,-55.92076496583536
1065,0,normal,0.003633546642959118,0.3096727090336867,-55.92076496583536
1066,0,normal,0.003633546642959118,0.3096727090336867,-55.92076496583536
1067,0,normal,0.003633546642959118,0.3096727090336867,-55.92076496583536
1068,0,normal,0.003633546642959118,0.3096727090336867,-55.92076496583536
1069,0,normal,0.003633546642959118,0.3096727090336867,-55.92076496583536
1070,0,normal,0.003633546642959118,0.3096727090336867,-55.92076496583536
1071,0,normal,0.003633546642959118,0.3096727090336867,-55.92076496583536
1072,0,normal,0.003633546642959118,0.3096727090336867,-55.92076496583536
1073,0,normal,0.003633546642959118,0.3096727090336867,-55.92076496583536
1074,0,normal,0.003633546642959118,0.3096727090336867,-55.92076496583536
1075,0,normal,0.003633546642959118,0.3096727090336867,-55.92076496583536
1076,0,normal,7.446736812591553,0.3327723903507506,-25.396538748026387
1077,0,normal,0.024049285799264908,0.34526934004162135,-25.028403384608282
1078,0,normal,2.085083246231079,0.355933641324606,-12.765662632726162
1079,0,normal,1.4465031623840332,0.3936403249513834,12.151463997393876
1080,0,normal,0.085709348320961,0.39335654496759676,13.111754266447406
1081,0,normal,10.574915885925293,0.4267673304604188,59.873910858189674
1082,0,normal,0.24836832284927368,0.4128358025174621,61.374429366766435
1083,0,normal,9.630367279052734,0.46087520982080293,106.16150833955089
1084,0,normal,0.33200591802597046,0.45900157010034287,107.44119162334346
1085,0,normal,0.5303043723106384,0.4506080029170367,108.89433860838585
1086,0,normal,1.0959105491638184,0.4620702060101051,110.285998469535
1087,0,normal,1.3380533456802368,0.4898020044349106,133.67879325770434
1088,0,normal,0.21334117650985718,0.48369443717003197,134.34103617287167
1089,0,normal,0.5570186376571655,0.47525397016651555,134.72632388626596
1090,0,normal,1.830147624015808,0.5071433385508262,147.10785905306648
1091,0,normal,0.022602267563343048,0.49720350832507576,147.1588374139693
1092,0,normal,0.006023210007697344,0.49705155723782674,147.2296208648023
1093,0,normal,0.0037060678005218506,0.4859013908701666,146.8708756011091
1094,0,normal,0.0024988981895148754,0.5044463428736015,146.79070756494173
1095,0,normal,0.0018931908998638391,0.4809822556467211,146.76659348002545
1096,0,normal,0.0018174073193222284,0.5086222962974367,146.90896349579032
1097,0,normal,0.002024636836722493,0.4969041672504351,146.8291304583314
1098,0,normal,0.0023129573091864586,0.4965651813195297,146.98388810849508
1099,0,normal,0.0025789218489080667,0.4808105221243971,147.21529057752355
1100,0,normal,0.002791795413941145,0.5013354451354013,147.42878552868956
1101,0,normal,0.002956250449642539,0.5237133656089091,147.810292104798
1102,0,normal,0.003086507087573409,0.48082617966398766,148.40827219561277
1103,0,normal,0.003194420598447323,0.5237528419893307,149.3528965268306
1104,0,normal,0.0032867025583982468,0.5012376451423356,150.69045039228627
1105,0,normal,0.003366116201505065,0.4905191014947345,151.92277313563625
1106,0,normal,0.0034317011013627052,0.4693879818157905,128.17388106753413
1107,0,normal,0.0034873560070991516,0.46743871126508957,128.8387688530686
1108,0,normal,0.0035320711322128773,0.44456864061419915,117.91977369291214
1109,0,normal,0.0035854019224643707,0.4359523790459194,93.17204998600778
1110,0,normal,0.00359805254265666,0.4201945192844009,91.96476499279561
1111,0,normal,0.0036106929183006287,0.4051061513096299,46.20665272316978
1112,0,normal,0.0036218580789864063,0.3963983830872316,45.24383575220213
1113,0,normal,0.003632980864495039,0.3736246735242293,-2.33928708677945
1114,0,normal,0.0036444813013076782,0.3594562360967001,-4.256986768805973
1115,0,normal,0.0036564101465046406,0.3609762994309262,-6.553560324068485
1116,0,normal,0.00366761046461761,0.3599818491799063,-8.900247605360846
1117,0,normal,0.003919631242752075,0.32500300904843643,-38.12617758680449
1118,0,normal,0.0036870092153549194,0.33191875848336316,-39.71664020146909
1119,0,normal,0.0036517223343253136,0.3244223582001283,-40.35490542327784
1120,0,normal,0.003633546642959118,0.3096727090336867,-55.92076496583536
1121,0,normal,0.003633546642959118,0.3096727090336867,-55.92076496583536
1122,0,normal,0.003633546642959118,0.3096727090336867,-55.92076496583536
1123,0,normal,0.003633546642959118,0.3096727090336867,-55.92076496583536
1124,0,normal,0.003633546642959118,0.3096727090336867,-55.92076496583536
1125,0,normal,0.003633546642959118,0.3096727090336867,-55.92076496583536
1126,0,normal,0.003633546642959118,0.3096727090336867,-55.92076496583536
1127,0,normal,0.003633546642959118,0.3096727090336867,-55.92076496583536
1128,0,normal,0.003633546642959118,0.3096727090336867,-55.92076496583536
1129,0,normal,0.003633546642959118,0.3096727090336867,-55.92076496583536
1130,0,normal,0.003633546642959118,0.3096727090336867,-55.92076496583536
1131,0,normal,0.003633546642959118,0.3096727090336867,-55.92076496583536
1132,0,normal,0.003633546642959118,0.3096727090336867,-55.92076496583536
1133,0,normal,0.003633546642959118,0.3096727090336867,-55.92076496583536
1134,0,normal,0.003633546642959118,0.3096727090336867,-55.92076496583536
1135,0,normal,0.003633546642959118,0.3096727090336867,-55.92076496583536
1136,0,normal,0.003633546642959118,0.3096727090336867,-55.92076496583536
1137,0,normal,0.003633546642959118,0.3096727090336867,-55.92076496583536
1138,0,normal,0.003633546642959118,0.3096727090336867,-55.92076496583536
1139,0,normal,0.003633546642959118,0.3096727090336867,-55.92076496583536
1140,0,normal,0.003633546642959118,0.3096727090336867,-55.92076496583536
1141,0,normal,0.003633546642959118,0.3096727090336867,-55.92076496583536
1142,0,normal,0.003633546642959118,0.3096727090336867,-55.92076496583536
1143,0,normal,0.003633546642959118,0.3096727090336867,-55.92076496583536
1144,0,normal,0.003633546642959118,0.3096727090336867,-55.92076496583536
1145,0,normal,0.003633546642959118,0.3096727090336867,-55.92076496583536
1146,0,normal,0.003633546642959118,0.3096727090336867,-55.92076496583536
1147,0,normal,0.003633546642959118,0.3096727090336867,-55.92076496583536
1148,0,normal,0.003633546642959118,0.3096727090336867,-55.92076496583536
1149,0,normal,0.003633546642959118,0.3096727090336867,-55.92076496583536
1150,0,normal,0.003633546642959118,0.3096727090336867,-55.92076496583536
1151,0,normal,0.003633546642959118,0.3096727090336867,-55.92076496583536
1152,0,normal,0.003633546642959118,0.3096727090336867,-55.92076496583536
1153,0,normal,0.003633546642959118,0.3096727090336867,-55.92076496583536
1154,0,normal,0.003633546642959118,0.3096727090336867,-55.92076496583536
1155,0,normal,0.003633546642959118,0.3096727090336867,-55.92076496583536
1156,0,normal,0.003633546642959118,0.3096727090336867,-55.92076496583536
1157,0,normal,0.003633546642959118,0.3096727090336867,-55.92076496583536
1158,0,normal,0.003633546642959118,0.3096727090336867,-55.92076496583536
1159,0,normal,0.003633546642959118,0.3096727090336867,-55.92076496583536
1160,0,normal,0.003633546642959118,0.3096727090336867,-55.92076496583536
1161,0,normal,0.003633546642959118,0.3096727090336867,-55.92076496583536
1162,0,normal,0.003633546642959118,0.3096727090336867,-55.92076496583536
1163,0,normal,0.003633546642959118,0.3096727090336867,-55.92076496583536
1164,0,normal,0.003633546642959118,0.3096727090336867,-55.92076496583536
1165,0,normal,0.003633546642959118,0.3096727090336867,-55.92076496583536
1166,0,normal,0.003633546642959118,0.3096727090336867,-55.92076496583536
1167,0,normal,0.003633546642959118,0.3096727090336867,-55.92076496583536
1168,0,normal,0.003633546642959118,0.3096727090336867,-55.92076496583536
1169,0,normal,0.003633546642959118,0.3096727090336867,-55.92076496583536
1170,0,normal,0.003633546642959118,0.3096727090336867,-55.92076496583536
1171,0,normal,0.003633546642959118,0.3096727090336867,-55.92076496583536
1172,0,normal,0.003633546642959118,0.3096727090336867,-55.92076496583536
1173,0,normal,7.446736812591553,0.3327723903507506,-25.396538748026387
1174,0,normal,0.024049285799264908,0.34526934004162135,-25.028403384608282
1175,0,normal,0.7673487067222595,0.33332755808375913,-24.89408685854619
1176,0,normal,1.1006579399108887,0.36572261448992693,0.4447996297874397
1177,0,normal,0.09419464319944382,0.3725552346915819,1.400157706245409
1178,0,normal,10.419079780578613,0.41049259044229297,48.687055734361365
1179,0,normal,0.2504729628562927,0.3988795597427301,50.20255826534776
1180,0,normal,0.27171212434768677,0.40576131890482037,51.73969938613823
1181,0,normal,0.33187568187713623,0.416486651960428,53.126660902341655
1182,0,normal,3.776089668273926,0.43999865125522547,77.7961295159696
1183,0,normal,0.1795322597026825,0.4646052316298966,79.1967635658225
1184,0,normal,0.3274213671684265,0.44585884013404686,80.01256988165255
1185,0,normal,1.8689740896224976,0.4545643129954716,93.09680065239104
1186,0,normal,0.03589801490306854,0.460357766679366,93.1593228633742
1187,0,normal,0.009571843780577183,0.4735153964603489,93.19996982493512
1188,0,normal,0.004322513937950134,0.456030953105494,92.89410346279692
1189,0,normal,0.0025319282431155443,0.4621944774057708,92.86134482101602
1190,0,normal,0.0016145887784659863,0.450510955904447,92.91636723723354
1191,0,normal,0.0013857220765203238,0.4633120158099545,93.02261601267287
1192,0,normal,0.0015688540879637003,0.4581089754456284,93.05500575414862
1193,0,normal,0.0019181894604116678,0.46332088589709763,93.13245217566487
1194,0,normal,0.0022838555742055178,0.4474137885463526,93.08156149303318
1195,0,normal,0.002598883816972375,0.46626435277678596,93.28247248555249
1196,0,normal,0.002847180236130953,0.4638477341806049,93.49811381586323
1197,0,normal,0.003036126960068941,0.46429744194305306,93.63534915876176
1198,0,normal,0.0031796141993254423,0.4798763772189431,93.94971226122038
1199,0,normal,0.00329020363278687,0.44951171471830637,94.47997835329124
1200,0,normal,0.0033769039437174797,0.4704027363396412,95.0226452852612
1201,0,normal,0.003445526584982872,0.4694164952369717,96.25244164497826
1202,0,normal,0.0034997756592929363,0.45903228599439144,97.37493878480473
1203,0,normal,0.003542385995388031,0.4184589997136713,71.95689954420232
1204,0,normal,0.003574666101485491,0.43101531013699124,72.54594646471378
1205,0,normal,0.003597331466153264,0.42631692857494247,73.52095297226742
1206,0,normal,0.0036083804443478584,0.4097200005740389,47.57287284014319
1207,0,normal,0.0036178198643028736,0.3988719811211915,46.675868792879555
1208,0,normal,0.0036290553398430347,0.3758815600177715,-0.7013707828432416
1209,0,normal,0.0036408226005733013,0.3641361477840387,-2.4829723351876964
1210,0,normal,0.003652342827990651,0.3639291139857676,-4.623436308119608
1211,0,normal,0.003662815084680915,0.36634143484954446,-6.822402937674724
1212,0,normal,0.003953165374696255,0.33352819632597686,-35.82494627950041
1213,0,normal,0.003709906479343772,0.334075818850491,-38.713175489268
1214,0,normal,0.0036517223343253136,0.3244223582001283,-40.35490542327784
1215,0,normal,0.003633546642959118,0.3096727090336867,-55.92076496583536
1216,0,normal,0.003633546642959118,0.3096727090336867,-55.92076496583536
1217,0,normal,0.003633546642959118,0.3096727090336867,-55.92076496583536
1218,0,normal,0.003633546642959118,0.3096727090336867,-55.92076496583536
1219,0,normal,0.003633546642959118,0.3096727090336867,-55.92076496583536
1220,0,normal,0.003633546642959118,0.3096727090336867,-55.92076496583536
1221,0,normal,7.446736812591553,0.3327723903507506,-25.396538748026387
1222,0,normal,0.024049285799264908,0.34526934004162135,-25.028403384608282
1223,0,normal,3.740247964859009,0.3734205152349896,1.394410250454257
1224,0,normal,0.479953408241272,0.363987251527945,0.29339315475726835
1225,0,normal,0.2563348114490509,0.37603943508244664,1.504866433313282
1226,0,normal,0.2142513394355774,0.37693483314416215,3.085448959266614
1227,0,normal,0.1752336621284485,0.3684286365668944,4.727319549530648
1228,0,normal,0.12307742238044739,0.40613828853984707,6.381389367564225
1229,0,normal,0.10095728188753128,0.3932036625307661,8.000443601227289
1230,0,normal,0.20445604622364044,0.40455640571703166,9.65217958941048
1231,0,normal,0.6999412178993225,0.4136419540275689,11.31886164309708
1232,0,normal,2.0372564792633057,0.4010426199150055,13.008872926633558
1233,0,normal,0.6909081935882568,0.44384552627647605,38.67178500592968
1234,0,normal,0.10853784531354904,0.4473723196460599,40.102365483848644
1235,0,normal,83.4509506225586,0.44574336246141966,321.21596186108275
1236,0,normal,3.56691312789917,0.4604765271187168,331.24721012412897
1237,0,normal,0.028014514595270157,0.4786313962884832,331.2100612694255
1238,0,normal,0.04511193558573723,0.4782330270084618,331.1010987778367
1239,0,normal,0.043250225484371185,0.468543899951784,330.77511938537793
1240,0,normal,0.0331069640815258,0.4676365177960458,330.73438977126943
1241,0,normal,0.022402577102184296,0.47487742664973803,330.8335011565755
1242,0,normal,0.014038387686014175,0.48869924485548755,330.9035441529352
1243,0,normal,0.008565018884837627,0.46672972000744983,331.12074544419477
1244,0,normal,0.005452412646263838,0.4663192968160294,331.3027204767267
1245,0,normal,0.003922909498214722,0.46135114320863496,331.5352936503408
1246,0,normal,0.003315710462629795,0.45722599568549094,331.8508904941748
1247,0,normal,0.0031789483036845922,0.45987917792019445,332.1878300179536
1248,0,normal,0.003243952989578247,0.4680221132484013,332.91533405988287
1249,0,normal,0.0033691292628645897,0.48915859157385677,333.5761893584304
1250,0,normal,0.0034897695295512676,0.45563664466972015,334.2703631308175
1251,0,normal,0.0036105108447372913,0.45202982689792237,314.3332400381595
1252,0,normal,0.0036735120229423046,0.45055896371184834,314.71713918273645
1253,0,normal,0.0037716785445809364,0.4166527234863997,294.43846711973254
1254,0,normal,0.003752846736460924,0.4045060249600607,294.86132557261465
1255,0,normal,0.0037259524688124657,0.4090256664311213,293.7338892517622
1256,0,normal,0.0037014037370681763,0.40740526846614056,292.76905538909296
1257,0,normal,0.0036822305992245674,0.3944503236728305,291.666081164352
1258,0,normal,0.0036691278219223022,0.3915914345440068,291.0480106405821
1259,0,normal,0.003661839524284005,0.38617166797823993,290.1305295368238
1260,0,normal,0.0036600285675376654,0.36764039242279173,288.8570816036221
1261,0,normal,0.0036623929627239704,0.3694016635559568,287.2572876754716
1262,0,normal,0.003664772491902113,0.3710024545450731,285.579931576028
1263,0,normal,0.003671665210276842,0.3415918071843059,263.957815213632
1264,0,normal,0.0036607002839446068,0.33979750897579486,261.7571426968278
1265,0,normal,0.0036517223343253136,0.3244223582001283,-40.35490542327784
1266,0,normal,0.003633546642959118,0.3096727090336867,-55.92076496583536
1267,0,normal,0.003633546642959118,0.3096727090336867,-55.92076496583536
1268,0,normal,0.003633546642959118,0.3096727090336867,-55.92076496583536
1269,0,normal,0.003633546642959118,0.3096727090336867,-55.92076496583536
1270,0,normal,0.003633546642959118,0.3096727090336867,-55.92076496583536
1271,0,normal,0.003633546642959118,0.3096727090336867,-55.92076496583536
1272,0,normal,0.003633546642959118,0.3096727090336867,-55.92076496583536
1273,0,normal,0.003633546642959118,0.3096727090336867,-55.92076496583536
1274,0,normal,0.003633546642959118,0.3096727090336867,-55.92076496583536
1275,0,normal,0.003633546642959118,0.3096727090336867,-55.92076496583536
1276,0,normal,0.003633546642959118,0.3096727090336867,-55.92076496583536
1277,0,normal,0.003633546642959118,0.3096727090336867,-55.92076496583536
1278,0,normal,0.003633546642959118,0.3096727090336867,-55.92076496583536
1279,0,normal,0.003633546642959118,0.3096727090336867,-55.92076496583536
1280,0,normal,0.003633546642959118,0.3096727090336867,-55.92076496583536
1281,0,normal,0.003633546642959118,0.3096727090336867,-55.92076496583536
1282,0,normal,0.003633546642959118,0.3096727090336867,-55.92076496583536
1283,0,normal,0.003633546642959118,0.3096727090336867,-55.92076496583536
1284,0,normal,0.003633546642959118,0.3096727090336867,-55.92076496583536
1285,0,normal,0.003633546642959118,0.3096727090336867,-55.92076496583536
1286,0,normal,0.003633546642959118,0.3096727090336867,-55.92076496583536
1287,0,normal,0.003633546642959118,0.3096727090336867,-55.92076496583536
1288,0,normal,0.003633546642959118,0.3096727090336867,-55.92076496583536
1289,0,normal,0.003633546642959118,0.3096727090336867,-55.92076496583536
1290,0,normal,0.003633546642959118,0.3096727090336867,-55.92076496583536
1291,0,normal,0.003633546642959118,0.3096727090336867,-55.92076496583536
1292,0,normal,0.003633546642959118,0.3096727090336867,-55.92076496583536
1293,0,normal,0.003633546642959118,0.3096727090336867,-55.92076496583536
1294,0,normal,0.003633546642959118,0.3096727090336867,-55.92076496583536
1295,0,normal,0.003633546642959118,0.3096727090336867,-55.92076496583536
1296,0,normal,0.003633546642959118,0.3096727090336867,-55.92076496583536
1297,0,normal,0.003633546642959118,0.3096727090336867,-55.92076496583536
1298,0,normal,0.003633546642959118,0.3096727090336867,-55.92076496583536
1299,0,normal,0.003633546642959118,0.3096727090336867,-55.92076496583536
1300,0,normal,0.003633546642959118,0.3096727090336867,-55.92076496583536
1301,0,normal,0.003633546642959118,0.3096727090336867,-55.92076496583536
1302,0,normal,0.003633546642959118,0.3096727090336867,-55.92076496583536
1303,0,normal,0.003633546642959118,0.3096727090336867,-55.92076496583536
1304,0,normal,0.003633546642959118,0.3096727090336867,-55.92076496583536
1305,0,normal,0.003633546642959118,0.3096727090336867,-55.92076496583536
1306,0,normal,0.003633546642959118,0.3096727090336867,-55.92076496583536
1307,0,normal,0.003633546642959118,0.3096727090336867,-55.92076496583536
1308,0,normal,0.003633546642959118,0.3096727090336867,-55.92076496583536
1309,0,normal,0.003633546642959118,0.3096727090336867,-55.92076496583536
1310,0,normal,0.003633546642959118,0.3096727090336867,-55.92076496583536
1311,0,normal,0.003633546642959118,0.3096727090336867,-55.92076496583536
1312,0,normal,0.003633546642959118,0.3096727090336867,-55.92076496583536
1313,0,normal,0.003633546642959118,0.3096727090336867,-55.92076496583536
1314,0,normal,0.003633546642959118,0.3096727090336867,-55.92076496583536
1315,0,normal,0.003633546642959118,0.3096727090336867,-55.92076496583536
1316,0,normal,0.003633546642959118,0.3096727090336867,-55.92076496583536
1317,0,normal,0.003633546642959118,0.3096727090336867,-55.92076496583536
1318,0,normal,7.446736812591553,0.3327723903507506,-25.396538748026387
1319,0,normal,0.024049285799264908,0.34526934004162135,-25.028403384608282
1320,0,normal,0.7673487067222595,0.33332755808375913,-24.89408685854619
1321,0,normal,3.1501383781433105,0.3304124980830225,-25.80390345251749
1322,0,normal,1.194273829460144,0.37153338300480476,-1.1004279518140265
1323,0,normal,0.13330313563346863,0.3732233990871095,0.31748194557167153
1324,0,normal,0.19238430261611938,0.3741696627715727,1.9602150358332437
1325,0,normal,3.032662868499756,0.39631284046403653,12.743737703046236
1326,0,normal,0.3932763338088989,0.38841034549837106,14.265491840209961
1327,0,normal,0.3798910677433014,0.40656981892313826,15.892234876546581
1328,0,normal,0.27657821774482727,0.40262811154604844,17.59594359435482
1329,0,normal,4.368703365325928,0.44079882700345274,31.70154398771706
1330,0,normal,2.614889621734619,0.43715565334837736,43.44237505730666
1331,0,normal,0.4763469696044922,0.4276799243390382,43.65396063389562
1332,0,normal,1.9272295236587524,0.4499515502082496,57.18503095967162
1333,0,normal,0.043341122567653656,0.46528040804083687,57.17051035960276
1334,0,normal,0.014142489992082119,0.4545518251811822,57.21856952080725
1335,0,normal,0.008199927397072315,0.44063067742388445,56.869925802984426
1336,0,normal,0.005191507749259472,0.4644960661905885,56.75488415777909
1337,0,normal,0.0033044314477592707,0.4519232868627754,56.85490511469948
1338,0,normal,0.0023971786722540855,0.44896797057489196,57.05210704145384
1339,0,normal,0.002131214365363121,0.46191213288985405,57.11103744951697
1340,0,normal,0.0022039925679564476,0.4606874993542244,57.27024665357794
1341,0,normal,0.0024128262884914875,0.441231138108406,57.564275067900326
1342,0,normal,0.002645491622388363,0.44996233059787133,57.7419355312345
1343,0,normal,2.9900972843170166,0.4701252392415537,68.28630340729228
1344,0,normal,0.04198528826236725,0.4678499857935693,68.58972675327914
1345,0,normal,0.019696809351444244,0.46244429519155816,69.05568882734542
1346,0,normal,0.01467911247164011,0.460224672700702,69.372568398069
1347,0,normal,0.011939102783799171,0.4563817013069153,70.31544942937035
1348,0,normal,0.009160999208688736,0.4575564972639751,43.85443711869766
1349,0,normal,0.006684516090899706,0.42439489234827477,44.07150369098963
1350,0,normal,0.004882531240582466,0.43203187103565954,44.49130312496459
1351,0,normal,0.003811107249930501,0.425931308856889,44.95690775580897
1352,0,normal,0.0032684195321053267,0.4115077322868984,20.53940739502309
1353,0,normal,0.0031765566673129797,0.401804449833498,18.829494589029764
1354,0,normal,0.003231726586818695,0.39215218712549066,17.320585128238235
1355,0,normal,0.0033478497061878443,0.376757717696493,7.474812811924721
1356,0,normal,0.003472288139164448,0.3725076285596029,5.524945767466988
1357,0,normal,0.0035798288881778717,0.3645944509396267,3.219496177836845
1358,0,normal,0.003657749854028225,0.3757250444377623,0.7572066786440246
1359,0,normal,0.003702450543642044,0.3450152059465807,-14.547832866389399
1360,0,normal,0.003745319554582238,0.3437163173954306,-28.72629400950632
1361,0,normal,0.0037116322200745344,0.33634958026261763,-29.386380844818632
1362,0,normal,0.0036918248515576124,0.31624819136076826,-44.80137617875994
1363,0,normal,0.003685438074171543,0.31743822767376056,-44.76682702228095
1364,0,normal,0.003676838241517544,0.3168232393574563,-44.754447789059896
1365,0,normal,0.0036677727475762367,0.31827163426019545,-44.64975596341583
1366,0,normal,0.0036592776887118816,0.3143915245043513,-44.50422602902472
1367,0,normal,0.003651885548606515,0.3152043046844526,-44.461764863930284
1368,0,normal,0.0036458191461861134,0.31490042434488275,-44.317001323111526
1369,0,normal,0.0036410880275070667,0.3169061178665654,-44.25709608539978
1370,0,normal,0.003637597430497408,0.31721882350304353,-44.24529341046923
1371,0,normal,0.003635191358625889,0.3189784777341143,-44.2522583709972
1372,0,normal,0.0036337291821837425,0.31762411111951655,-44.24463004100221
1373,0,normal,0.003633546642959118,0.3096727090336867,-55.92076496583536
1374,0,normal,0.003633546642959118,0.3096727090336867,-55.92076496583536
1375,0,normal,0.003633546642959118,0.3096727090336867,-55.92076496583536
1376,0,normal,0.003633546642959118,0.3096727090336867,-55.92076496583536
1377,0,normal,0.003633546642959118,0.3096727090336867,-55.92076496583536
1378,0,normal,0.003633546642959118,0.3096727090336867,-55.92076496583536
1379,0,normal,0.003633546642959118,0.3096727090336867,-55.92076496583536
1380,0,normal,0.003633546642959118,0.3096727090336867,-55.92076496583536
1381,0,normal,0.003633546642959118,0.3096727090336867,-55.92076496583536
1382,0,normal,0.003633546642959118,0.3096727090336867,-55.92076496583536
1383,0,normal,0.003633546642959118,0.3096727090336867,-55.92076496583536
1384,0,normal,0.003633546642959118,0.3096727090336867,-55.92076496583536
1385,0,normal,0.003633546642959118,0.3096727090336867,-55.92076496583536
1386,0,normal,0.003633546642959118,0.3096727090336867,-55.92076496583536
1387,0,normal,0.003633546642959118,0.3096727090336867,-55.92076496583536
1388,0,normal,0.003633546642959118,0.3096727090336867,-55.92076496583536
1389,0,normal,0.003633546642959118,0.3096727090336867,-55.92076496583536
1390,0,normal,0.003633546642959118,0.3096727090336867,-55.92076496583536
1391,0,normal,0.003633546642959118,0.3096727090336867,-55.92076496583536
1392,0,normal,0.003633546642959118,0.3096727090336867,-55.92076496583536
1393,0,normal,0.003633546642959118,0.3096727090336867,-55.92076496583536
1394,0,normal,0.003633546642959118,0.3096727090336867,-55.92076496583536
1395,0,normal,0.003633546642959118,0.3096727090336867,-55.92076496583536
1396,0,normal,0.003633546642959118,0.3096727090336867,-55.92076496583536
1397,0,normal,0.003633546642959118,0.3096727090336867,-55.92076496583536
1398,0,normal,0.003633546642959118,0.3096727090336867,-55.92076496583536
1399,0,normal,0.003633546642959118,0.3096727090336867,-55.92076496583536
1400,0,normal,0.003633546642959118,0.3096727090336867,-55.92076496583536
1401,0,normal,0.003633546642959118,0.3096727090336867,-55.92076496583536
1402,0,normal,0.003633546642959118,0.3096727090336867,-55.92076496583536
1403,0,normal,0.003633546642959118,0.3096727090336867,-55.92076496583536
1404,0,normal,0.003633546642959118,0.3096727090336867,-55.92076496583536
1405,0,normal,0.003633546642959118,0.3096727090336867,-55.92076496583536
1406,0,normal,0.003633546642959118,0.3096727090336867,-55.92076496583536
1407,0,normal,0.003633546642959118,0.3096727090336867,-55.92076496583536
1408,0,normal,0.003633546642959118,0.3096727090336867,-55.92076496583536
1409,0,normal,0.003633546642959118,0.3096727090336867,-55.92076496583536
1410,0,normal,0.003633546642959118,0.3096727090336867,-55.92076496583536
1411,0,normal,0.003633546642959118,0.3096727090336867,-55.92076496583536
1412,0,normal,0.003633546642959118,0.3096727090336867,-55.92076496583536
1413,0,normal,0.003633546642959118,0.3096727090336867,-55.92076496583536
1414,0,normal,0.003633546642959118,0.3096727090336867,-55.92076496583536
1415,0,normal,7.446736812591553,0.3327723903507506,-25.396538748026387
1416,0,normal,0.024049285799264908,0.34526934004162135,-25.028403384608282
1417,0,normal,1.9007123708724976,0.3500999550356732,-14.185650485880842
1418,0,normal,1.8995367288589478,0.3847620504000039,10.810315208053908
1419,0,normal,0.09440328180789948,0.39014302901311876,11.764498834923643
1420,0,normal,0.1589658409357071,0.394355614208353,13.35659735713216
1421,0,normal,0.17593473196029663,0.3812839628171412,14.998272366235824
1422,0,normal,0.1685767024755478,0.4012334973959115,16.6114093505621
1423,0,normal,116.79428100585938,0.4390732951184026,403.4929984953843
1424,0,normal,0.9541910886764526,0.43284164552976256,404.7075316303184
1425,0,normal,3.5354435443878174,0.48661934178096244,421.3825933720311
1426,0,normal,0.20704489946365356,0.447893431282645,421.70272695687026
1427,0,normal,0.4044314920902252,0.4537866533504172,422.23974656412827
1428,0,normal,0.5267927646636963,0.4562069258125759,422.5031731047974
1429,0,normal,2.0944414138793945,0.4878538167136418,431.26967227691694
1430,0,normal,0.02635893039405346,0.49759455742900116,431.2880467851518
1431,0,normal,0.014905573800206184,0.45931642768213515,431.6285013451097
1432,0,normal,0.023557445034384727,0.4856019564340563,431.7315982761702
1433,0,normal,0.030821306630969048,0.4826085990664459,431.6851455072331
1434,0,normal,0.03497420251369476,0.4682008950098496,431.74642709848536
1435,0,normal,0.03511836379766464,0.46587090500387585,431.80643507690536
1436,0,normal,0.031529225409030914,0.4735973273959884,431.75900600309285
1437,0,normal,0.025539137423038483,0.4644501287975618,431.85122330536683
1438,0,normal,0.018933765590190887,0.4725881877931982,432.0382640728976
1439,0,normal,0.013152061030268669,0.47950123392400534,432.1488842321701
1440,0,normal,0.008877073414623737,0.4703673371524987,432.3997674649763
1441,0,normal,0.006128333508968353,0.46066620694724564,432.75337494699295
1442,0,normal,0.004577467683702707,0.4828020196973517,433.2614749555755
1443,0,normal,0.003821921069175005,0.5051163313688165,433.99083934448913
1444,0,normal,0.0035273581743240356,0.4747099207613626,434.72111634343867
1445,0,normal,1.4877657890319824,0.4666621265981215,420.80710456377346
1446,0,normal,0.01522830594331026,0.4585733247133811,421.1650001380485
1447,0,normal,0.011246709153056145,0.4404388665159617,414.75348886343727
1448,0,normal,0.00884703453630209,0.41158583025148304,397.43984778490676
1449,0,normal,0.008254741318523884,0.4166058773874951,396.5477211034521
1450,0,normal,0.007927178405225277,0.4044321255052554,395.797808295677
1451,0,normal,0.0074888491071760654,0.4081079747764013,394.92452168167733
1452,0,normal,0.006936255376785994,0.3899347884267911,393.87195505064005
1453,0,normal,0.0063265967182815075,0.3668407200125544,-0.20051275949435876
1454,0,normal,0.005812985356897116,0.3684024672102669,-2.4496519274575803
1455,0,normal,0.005626899190247059,0.3385871309247341,-31.312880300545203
1456,0,normal,0.005441838875412941,0.32641895266322596,-32.74664076337399
1457,0,normal,0.004522388335317373,0.33191875848336316,-34.332455174767574
1458,0,normal,0.004199075046926737,0.32743198036191007,-34.96726954466408
1459,0,normal,0.003984787501394749,0.3178664716060413,-50.47108167892088
1460,0,normal,7.449747085571289,0.3343582530241095,-20.08399100687825
1461,0,normal,0.02416681870818138,0.3499760905302557,-19.716950806627665
1462,0,normal,0.7630215883255005,0.3398153520326841,-19.583571686672713
1463,0,normal,1.1047046184539795,0.3689968200476094,5.623006946168061
1464,0,normal,0.094155453145504,0.3768412488518439,6.575189108075847
1465,0,normal,0.1537161022424698,0.3851586422512131,8.151196425091939
1466,0,normal,10.317465782165527,0.40553132459496954,55.195186499300235
1467,0,normal,0.2514320909976959,0.41100011144095655,56.68666992787303
1468,0,normal,9.566171646118164,0.4453120887375828,101.69674050208732
1469,0,normal,0.43609797954559326,0.43285822047822003,103.00667885659777
1470,0,normal,2.9415483474731445,0.4929784913125504,126.64643424294195
1471,0,normal,0.15878012776374817,0.4571839736743942,127.8617219877367
1472,0,normal,0.5223113894462585,0.4672821971468112,128.16546608044814
1473,0,normal,1.859128475189209,0.48111694616630163,140.65843131338534
1474,0,normal,0.031563032418489456,0.5066255559408728,140.7115073583243
1475,0,normal,0.007856158539652824,0.4986342390947034,136.03306896043705
1476,0,normal,0.0037622626405209303,0.46552106489450756,135.78826199502214
1477,0,normal,0.0023670366499572992,0.4937008902119124,135.77357808681415
1478,0,normal,0.0016597837675362825,0.48434281993582307,135.82385381727136
1479,0,normal,0.0015255170874297619,0.47611440444520253,135.92836866828407
1480,0,normal,0.0017258344450965524,0.4865014269993698,135.97876974010455
1481,0,normal,0.0020545879378914833,0.47654005583381304,135.87985554076772
1482,0,normal,0.0023892302997410297,0.4820248921640957,136.02660157860146
1483,0,normal,0.00267587648704648,0.47564218691791893,136.29438722267673
1484,0,normal,0.002902069827541709,0.49258626999169347,136.37711626267253
1485,0,normal,0.003074554493650794,0.4694577329639173,136.6561128949902
1486,0,normal,0.0032056081108748913,0.5007395018918943,137.15559444857843
1487,0,normal,0.003306521335616708,0.4787484340073484,137.6425041308005
1488,0,normal,0.0033856024965643883,0.5089301274286182,138.73168052276515
1489,0,normal,0.0034483480267226696,0.4819767543113513,139.90660824488054
1490,0,normal,0.0034969875123351812,0.4545196321372841,115.48798245505009
1491,0,normal,0.0035363149363547564,0.4489348274557533,116.24942475017906
1492,0,normal,0.0035659847781062126,0.4522626580513268,117.0872699922071
1493,0,normal,0.0035903900861740112,0.42249431109174845,92.74037560195416
1494,0,normal,0.003603173652663827,0.42236887094103803,91.32777181205302
1495,0,normal,0.003615814261138439,0.4152574440521927,90.43770201426742
1496,0,normal,0.00362772005610168,0.40007077477710523,44.920247438646584
1497,0,normal,0.003638272173702717,0.3742505619999487,43.15100556686548
1498,0,normal,0.0036501639988273382,0.36113915724012685,-5.386893922098579
1499,0,normal,0.00366040226072073,0.3634087769138146,-7.656585871074412
1500,0,normal,0.003897089045494795,0.3294645158711415,-36.746147581222885
1501,0,normal,0.0036870092153549194,0.33191875848336316,-39.71664020146909
1502,0,normal,0.0036517223343253136,0.3244223582001283,-40.35490542327784
1503,0,normal,0.003633546642959118,0.3096727090336867,-55.92076496583536
1504,0,normal,0.003633546642959118,0.3096727090336867,-55.92076496583536
1505,0,normal,0.003633546642959118,0.3096727090336867,-55.92076496583536
1506,0,normal,0.003633546642959118,0.3096727090336867,-55.92076496583536
1507,0,normal,0.003633546642959118,0.3096727090336867,-55.92076496583536
1508,0,normal,0.003633546642959118,0.3096727090336867,-55.92076496583536
1509,0,normal,0.003633546642959118,0.3096727090336867,-55.92076496583536
1510,0,normal,0.003633546642959118,0.3096727090336867,-55.92076496583536
1511,0,normal,0.003633546642959118,0.3096727090336867,-55.92076496583536
1512,0,normal,0.003633546642959118,0.3096727090336867,-55.92076496583536
1513,0,normal,0.003633546642959118,0.3096727090336867,-55.92076496583536
1514,0,normal,0.003633546642959118,0.3096727090336867,-55.92076496583536
1515,0,normal,0.003633546642959118,0.3096727090336867,-55.92076496583536
1516,0,normal,0.003633546642959118,0.3096727090336867,-55.92076496583536
1517,0,normal,0.003633546642959118,0.3096727090336867,-55.92076496583536
1518,0,normal,0.003633546642959118,0.3096727090336867,-55.92076496583536
1519,0,normal,0.003633546642959118,0.3096727090336867,-55.92076496583536
1520,0,normal,0.003633546642959118,0.3096727090336867,-55.92076496583536
1521,0,normal,0.003633546642959118,0.3096727090336867,-55.92076496583536
1522,0,normal,0.003633546642959118,0.3096727090336867,-55.92076496583536
1523,0,normal,0.003633546642959118,0.3096727090336867,-55.92076496583536
1524,0,normal,0.003633546642959118,0.3096727090336867,-55.92076496583536
1525,0,normal,0.003633546642959118,0.3096727090336867,-55.92076496583536
1526,0,normal,0.003633546642959118,0.3096727090336867,-55.92076496583536
1527,0,normal,0.003633546642959118,0.3096727090336867,-55.92076496583536
1528,0,normal,0.003633546642959118,0.3096727090336867,-55.92076496583536
1529,0,normal,0.003633546642959118,0.3096727090336867,-55.92076496583536
1530,0,normal,0.003633546642959118,0.3096727090336867,-55.92076496583536
1531,0,normal,0.003633546642959118,0.3096727090336867,-55.92076496583536
1532,0,normal,0.003633546642959118,0.3096727090336867,-55.92076496583536
1533,0,normal,0.003633546642959118,0.3096727090336867,-55.92076496583536
1534,0,normal,0.003633546642959118,0.3096727090336867,-55.92076496583536
1535,0,normal,0.003633546642959118,0.3096727090336867,-55.92076496583536
1536,0,normal,0.003633546642959118,0.3096727090336867,-55.92076496583536
1537,0,normal,0.003633546642959118,0.3096727090336867,-55.92076496583536
1538,0,normal,0.003633546642959118,0.3096727090336867,-55.92076496583536
1539,0,normal,0.003633546642959118,0.3096727090336867,-55.92076496583536
1540,0,normal,0.003633546642959118,0.3096727090336867,-55.92076496583536
1541,0,normal,0.003633546642959118,0.3096727090336867,-55.92076496583536
1542,0,normal,0.003633546642959118,0.3096727090336867,-55.92076496583536
1543,0,normal,0.003633546642959118,0.3096727090336867,-55.92076496583536
1544,0,normal,0.003633546642959118,0.3096727090336867,-55.92076496583536
1545,0,normal,0.003633546642959118,0.3096727090336867,-55.92076496583536
1546,0,normal,0.003633546642959118,0.3096727090336867,-55.92076496583536
1547,0,normal,0.003633546642959118,0.3096727090336867,-55.92076496583536
1548,0,normal,0.003633546642959118,0.3096727090336867,-55.92076496583536
1549,0,normal,0.003633546642959118,0.3096727090336867,-55.92076496583536
1550,0,normal,0.003633546642959118,0.3096727090336867,-55.92076496583536
1551,0,normal,0.003633546642959118,0.3096727090336867,-55.92076496583536
1552,0,normal,0.003633546642959118,0.3096727090336867,-55.92076496583536
1553,0,normal,0.003633546642959118,0.3096727090336867,-55.92076496583536
1554,0,normal,0.003633546642959118,0.3096727090336867,-55.92076496583536
1555,0,normal,0.003633546642959118,0.3096727090336867,-55.92076496583536
1556,0,normal,7.446736812591553,0.3327723903507506,-25.396538748026387
1557,0,normal,0.024049285799264908,0.34526934004162135,-25.028403384608282
1558,0,normal,0.7673487067222595,0.33332755808375913,-24.89408685854619
1559,0,normal,1.1006579399108887,0.36572261448992693,0.4447996297874397
1560,0,normal,0.09419464319944382,0.3725552346915819,1.400157706245409
1561,0,normal,0.15367203950881958,0.3823708369943239,2.98283730764183
1562,0,normal,0.1598806530237198,0.37190012490874497,4.632717122918621
1563,0,normal,0.14521148800849915,0.3839311558644685,6.247074796781362
1564,0,normal,0.1227327212691307,0.397916421056408,7.87080842962564
1565,0,normal,0.1468804031610489,0.39218847629388537,9.52868530220735
1566,0,normal,0.36440595984458923,0.41846984947749916,11.198876561416682
1567,0,normal,1.1706805229187012,0.4054827478953717,12.87058070332273
1568,0,normal,1.0491929054260254,0.43394617668114793,38.514092294203465
1569,0,normal,0.10966388881206512,0.43599027335953877,39.999980798088245
1570,0,normal,2.505575656890869,0.452280000744845,53.44886182406003
1571,0,normal,0.032122012227773666,0.4617223911308141,53.51598241815191
1572,0,normal,0.01101677492260933,0.43641267969243747,53.52209657505932
1573,0,normal,0.0048689451068639755,0.4635723922233667,53.17578553154544
1574,0,normal,0.005130048841238022,0.4648165620353079,53.12706866261442
1575,0,normal,0.005595682188868523,0.460631972792348,53.25019272476379
1576,0,normal,0.005653455853462219,0.45348150193760955,53.452262256911354
1577,0,normal,0.00542509974911809,0.46169694134401773,53.467581230025644
1578,0,normal,0.005073643755167723,0.45346604502069854,53.70872437715502
1579,0,normal,0.004710130859166384,0.4446549940237901,53.98364459533741
1580,0,normal,0.004392622970044613,0.4530364261420387,54.15420778951284
1581,0,normal,0.004141896963119507,0.44856521640660885,54.465359546521086
1582,0,normal,0.003957231994718313,0.451120473345534,55.00305652661905
1583,0,normal,0.00382816419005394,0.46325079752735265,55.53139427126439
1584,0,normal,0.0037417279090732336,0.4628031529712162,56.637570484577054
1585,0,normal,0.0036861146800220013,0.4526725789967761,57.73034828637583
1586,0,normal,0.0036592239048331976,0.42674130023809476,31.079786889540628
1587,0,normal,0.003636046312749386,0.4373300779855434,31.475231134371143
1588,0,normal,0.003621885785833001,0.4238204629122423,32.13548206898918
1589,0,normal,0.0036599216982722282,0.40263018501523123,5.137523932786053
1590,0,normal,0.003632078878581524,0.40338535956450444,3.712605556024073
1591,0,normal,0.0036175900604575872,0.3909844013947808,2.287242789132506
1592,0,normal,0.003613067092373967,0.38141865981993084,0.9104511035498035
1593,0,normal,0.003615262685343623,0.38223145537274067,-0.05245583446776436
1594,0,normal,0.003621752141043544,0.3725028473525895,-1.5706539423317736
1595,0,normal,0.0036302756052464247,0.36226458348565116,-3.513155099370124
1596,0,normal,0.0036388097796589136,0.36206185217992043,-5.733763304507875
1597,0,normal,0.003646050114184618,0.3597787640129231,-8.14017148797825
1598,0,normal,0.003700065426528454,0.33899923378304775,-37.33132985884572
1599,0,normal,0.0036517223343253136,0.3244223582001283,-40.35490542327784
1600,0,normal,0.003633546642959118,0.3096727090336867,-55.92076496583536
1601,0,normal,0.003633546642959118,0.3096727090336867,-55.92076496583536
1602,0,normal,0.003633546642959118,0.3096727090336867,-55.92076496583536
1603,0,normal,0.003633546642959118,0.3096727090336867,-55.92076496583536
1604,0,normal,0.003633546642959118,0.3096727090336867,-55.92076496583536
1605,0,normal,0.003633546642959118,0.3096727090336867,-55.92076496583536
1606,0,normal,0.003633546642959118,0.3096727090336867,-55.92076496583536
1607,0,normal,0.003633546642959118,0.3096727090336867,-55.92076496583536
1608,0,normal,0.003633546642959118,0.3096727090336867,-55.92076496583536
1609,0,normal,0.003633546642959118,0.3096727090336867,-55.92076496583536
1610,0,normal,0.003633546642959118,0.3096727090336867,-55.92076496583536
1611,0,normal,0.003633546642959118,0.3096727090336867,-55.92076496583536
1612,0,normal,0.003633546642959118,0.3096727090336867,-55.92076496583536
1613,0,normal,0.003633546642959118,0.3096727090336867,-55.92076496583536
1614,0,normal,0.003633546642959118,0.3096727090336867,-55.92076496583536
1615,0,normal,0.003633546642959118,0.3096727090336867,-55.92076496583536
1616,0,normal,0.003633546642959118,0.3096727090336867,-55.92076496583536
1617,0,normal,0.003633546642959118,0.3096727090336867,-55.92076496583536
1618,0,normal,0.003633546642959118,0.3096727090336867,-55.92076496583536
1619,0,normal,0.003633546642959118,0.3096727090336867,-55.92076496583536
1620,0,normal,0.003633546642959118,0.3096727090336867,-55.92076496583536
1621,0,normal,0.003633546642959118,0.3096727090336867,-55.92076496583536
1622,0,normal,0.003633546642959118,0.3096727090336867,-55.92076496583536
1623,0,normal,0.003633546642959118,0.3096727090336867,-55.92076496583536
1624,0,normal,0.003633546642959118,0.3096727090336867,-55.92076496583536
1625,0,normal,0.003633546642959118,0.3096727090336867,-55.92076496583536
1626,0,normal,0.003633546642959118,0.3096727090336867,-55.92076496583536
1627,0,normal,0.003633546642959118,0.3096727090336867,-55.92076496583536
1628,0,normal,0.003633546642959118,0.3096727090336867,-55.92076496583536
1629,0,normal,0.003633546642959118,0.3096727090336867,-55.92076496583536
1630,0,normal,0.003633546642959118,0.3096727090336867,-55.92076496583536
1631,0,normal,0.003633546642959118,0.3096727090336867,-55.92076496583536
1632,0,normal,0.003633546642959118,0.3096727090336867,-55.92076496583536
1633,0,normal,0.003633546642959118,0.3096727090336867,-55.92076496583536
1634,0,normal,0.003633546642959118,0.3096727090336867,-55.92076496583536
1635,0,normal,0.003633546642959118,0.3096727090336867,-55.92076496583536
1636,0,normal,0.003633546642959118,0.3096727090336867,-55.92076496583536
1637,0,normal,0.003633546642959118,0.3096727090336867,-55.92076496583536
1638,0,normal,0.003633546642959118,0.3096727090336867,-55.92076496583536
1639,0,normal,0.003633546642959118,0.3096727090336867,-55.92076496583536
1640,0,normal,0.003633546642959118,0.3096727090336867,-55.92076496583536
1641,0,normal,0.003633546642959118,0.3096727090336867,-55.92076496583536
1642,0,normal,0.003633546642959118,0.3096727090336867,-55.92076496583536
1643,0,normal,0.003633546642959118,0.3096727090336867,-55.92076496583536
1644,0,normal,0.003633546642959118,0.3096727090336867,-55.92076496583536
1645,0,normal,0.003633546642959118,0.3096727090336867,-55.92076496583536
1646,0,normal,0.003633546642959118,0.3096727090336867,-55.92076496583536
1647,0,normal,0.003633546642959118,0.3096727090336867,-55.92076496583536
1648,0,normal,0.003633546642959118,0.3096727090336867,-55.92076496583536
1649,0,normal,0.003633546642959118,0.3096727090336867,-55.92076496583536
1650,0,normal,0.003633546642959118,0.3096727090336867,-55.92076496583536
1651,0,normal,0.003633546642959118,0.3096727090336867,-55.92076496583536
1652,0,normal,0.003633546642959118,0.3096727090336867,-55.92076496583536
1653,0,normal,0.003633546642959118,0.3096727090336867,-55.92076496583536
1654,0,normal,7.446736812591553,0.3327723903507506,-25.396538748026387
1655,0,normal,0.024049285799264908,0.34526934004162135,-25.028403384608282
1656,0,normal,2.085083246231079,0.355933641324606,-12.765662632726162
1657,0,normal,1.4465031623840332,0.3936403249513834,12.151463997393876
1658,0,normal,0.085709348320961,0.39335654496759676,13.111754266447406
1659,0,normal,0.1537615805864334,0.39816866607995444,14.66286475621132
1660,0,normal,0.16669408977031708,0.38491239466387417,16.29563096469792
1661,0,normal,0.15527337789535522,0.4078502570397586,17.920359995447598
1662,0,normal,0.11939346790313721,0.4151349708620054,19.55245738087683
1663,0,normal,0.10306008905172348,0.41018792734218507,21.216428951128137
1664,0,normal,0.2017480581998825,0.4273281823413232,22.89373668352323
1665,0,normal,3.3051936626434326,0.4509010883454581,48.33433410375528
1666,0,normal,0.19883285462856293,0.4430137480339264,49.02238018707885
1667,0,normal,0.5423212051391602,0.4414647057409427,49.37696624088608
1668,0,normal,1.8479633331298828,0.45802055359920874,62.748006057347084
1669,0,normal,0.030869802460074425,0.47155545125061465,62.74591339443646
1670,0,normal,0.0072758737951517105,0.46832324416401644,62.7788119045706
1671,0,normal,0.0033620891626924276,0.45963308426005284,62.4202638082254
1672,0,normal,0.00197624322026968,0.48129172661607134,62.337079389956216
1673,0,normal,0.0014256201684474945,0.45599090455025537,62.42747042301653
1674,0,normal,0.0014489092864096165,0.46965161340310496,62.578009580442085
1675,0,normal,0.0017529209144413471,0.46570921181928365,62.561377554122146
1676,0,normal,0.0021239190828055143,0.45581628590519124,62.73098672394326
1677,0,normal,0.0024548738729208708,0.4464835912934909,63.02192751191319
1678,0,normal,0.0027150558307766914,0.4671831721556822,63.25414678724678
1679,0,normal,0.0029115523211658,0.4624423784665633,63.678901506653574
1680,0,normal,0.0030621818732470274,0.44100174325443203,64.32804762507908
1681,0,normal,0.0031823923345655203,0.47698277491869806,65.22271104140441
1682,0,normal,0.00328179937787354,0.4679705864738984,66.5116533964308
1683,0,normal,0.0033652305137366056,0.45374331814097085,67.7055352496991
1684,0,normal,0.0034376694820821285,0.44243866980000274,41.46946373681408
1685,0,normal,0.003493628464639187,0.44022034045210995,42.07294039972794
1686,0,normal,0.0035365866497159004,0.41722290269702245,29.90930666701024
1687,0,normal,0.0036130216903984547,0.39768320456187617,2.9417949986557232
1688,0,normal,0.003609834937378764,0.39766329764289327,1.6173622585292833
1689,0,normal,0.0036136566195636988,0.38629318553052655,0.012012156444598077
1690,0,normal,0.003622204065322876,0.38310295710107245,-0.9871109221721781
1691,0,normal,0.003632980864495039,0.3736246735242293,-2.33928708677945
1692,0,normal,0.0036444813013076782,0.3594562360967001,-4.256986768805973
1693,0,normal,0.0036564101465046406,0.3609762994309262,-6.553560324068485
1694,0,normal,0.00366761046461761,0.3599818491799063,-8.900247605360846
1695,0,normal,0.003919631242752075,0.32500300904843643,-38.12617758680449
1696,0,normal,0.0036870092153549194,0.33191875848336316,-39.71664020146909
1697,0,normal,0.0036517223343253136,0.3244223582001283,-40.35490542327784
1698,0,normal,0.003633546642959118,0.3096727090336867,-55.92076496583536
1699,0,normal,0.003633546642959118,0.3096727090336867,-55.92076496583536
1700,0,normal,0.003633546642959118,0.3096727090336867,-55.92076496583536
1701,0,normal,0.003633546642959118,0.3096727090336867,-55.92076496583536
1702,0,normal,0.003633546642959118,0.3096727090336867,-55.92076496583536
1703,0,normal,0.003633546642959118,0.3096727090336867,-55.92076496583536
1704,0,normal,0.003633546642959118,0.3096727090336867,-55.92076496583536
1705,0,normal,7.446736812591553,0.3327723903507506,-25.396538748026387
1706,0,normal,0.024049285799264908,0.34526934004162135,-25.028403384608282
1707,0,normal,0.7673487067222595,0.33332755808375913,-24.89408685854619
1708,0,normal,1.1006579399108887,0.36572261448992693,0.4447996297874397
1709,0,normal,0.09419464319944382,0.3725552346915819,1.400157706245409
1710,0,normal,0.15367203950881958,0.3823708369943239,2.98283730764183
1711,0,normal,0.1598806530237198,0.37190012490874497,4.632717122918621
1712,0,normal,0.14521148800849915,0.3839311558644685,6.247074796781362
1713,0,normal,0.1227327212691307,0.397916421056408,7.87080842962564
1714,0,normal,0.1468804031610489,0.39218847629388537,9.52868530220735
1715,0,normal,0.36440595984458923,0.41846984947749916,11.198876561416682
1716,0,normal,1.1706805229187012,0.4054827478953717,12.87058070332273
1717,0,normal,1.0491929054260254,0.43394617668114793,38.514092294203465
1718,0,normal,0.2433062195777893,0.4326941588772423,39.178350712777046
1719,0,normal,0.5562387704849243,0.4408352442986343,39.50359686495585
1720,0,normal,1.8516271114349365,0.442567159263748,53.029477575486
1721,0,normal,0.020628783851861954,0.4581155569600586,53.02211401905902
1722,0,normal,0.006389944348484278,0.47411648628379255,53.0402650928163
1723,0,normal,0.004287742078304291,0.45805056776448855,52.667731934532185
1724,0,normal,0.0029420736245810986,0.45905109563245555,52.60802796084249
1725,0,normal,0.002214152831584215,0.45209953999973224,52.78910136310628
1726,0,normal,0.0020388904958963394,0.46006853686358873,52.804251758318514
1727,0,normal,0.0021695150062441826,0.4662253626105377,53.07228745630755
1728,0,normal,0.002402739366516471,0.43973613798952077,53.32534476994579
1729,0,normal,0.002632464747875929,0.4498559672858888,53.501243032137836
1730,0,normal,0.0028239483945071697,0.4516103242661064,53.82297470986259
1731,0,normal,0.0029771924018859863,0.4505320113356631,54.36793451896369
1732,0,normal,0.0031021719332784414,0.45627093313598893,54.89810497138683
1733,0,normal,0.0032076267525553703,0.47182634197135503,56.008680703227355
1734,0,normal,0.003298419527709484,0.44997326196598825,57.114696933237155
1735,0,normal,0.0033812783658504486,0.42981224823984876,30.44715377985858
1736,0,normal,0.0034469813108444214,0.44076729356675837,30.838708784525807
1737,0,normal,0.003499735612422228,0.4308846014730609,31.517776461525727
1738,0,normal,0.0036230231635272503,0.3971160855577029,4.477117809150968
1739,0,normal,0.0036130216903984547,0.39768320456187617,2.9417949986557232
1740,0,normal,0.003609834937378764,0.39766329764289327,1.6173622585292833
1741,0,normal,0.0036136566195636988,0.38629318553052655,0.012012156444598077
1742,0,normal,0.003622204065322876,0.38310295710107245,-0.9871109221721781
1743,0,normal,0.003632980864495039,0.3736246735242293,-2.33928708677945
1744,0,normal,0.0036444813013076782,0.3594562360967001,-4.256986768805973
1745,0,normal,0.0036564101465046406,0.3609762994309262,-6.553560324068485
1746,0,normal,0.00366761046461761,0.3599818491799063,-8.900247605360846
1747,0,normal,0.003919631242752075,0.32500300904843643,-38.12617758680449
1748,0,normal,0.0036870092153549194,0.33191875848336316,-39.71664020146909
1749,0,normal,0.0036517223343253136,0.3244223582001283,-40.35490542327784
1750,0,normal,0.003633546642959118,0.3096727090336867,-55.92076496583536
1751,0,normal,0.003633546642959118,0.3096727090336867,-55.92076496583536
1752,0,normal,0.003633546642959118,0.3096727090336867,-55.92076496583536
1753,0,normal,0.003633546642959118,0.3096727090336867,-55.92076496583536
1754,0,normal,0.003633546642959118,0.3096727090336867,-55.92076496583536
1755,0,normal,0.003633546642959118,0.3096727090336867,-55.92076496583536
1756,0,normal,0.003633546642959118,0.3096727090336867,-55.92076496583536
1757,0,normal,0.003633546642959118,0.3096727090336867,-55.92076496583536
1758,0,normal,0.003633546642959118,0.3096727090336867,-55.92076496583536
1759,0,normal,0.003633546642959118,0.3096727090336867,-55.92076496583536
1760,0,normal,0.003633546642959118,0.3096727090336867,-55.92076496583536
1761,0,normal,0.003633546642959118,0.3096727090336867,-55.92076496583536
1762,0,normal,7.446736812591553,0.3327723903507506,-25.396538748026387
1763,0,normal,0.024049285799264908,0.34526934004162135,-25.028403384608282
1764,0,normal,0.7673487067222595,0.33332755808375913,-24.89408685854619
1765,0,normal,1.1006579399108887,0.36572261448992693,0.4447996297874397
1766,0,normal,0.09419464319944382,0.3725552346915819,1.400157706245409
1767,0,normal,0.15367203950881958,0.3823708369943239,2.98283730764183
1768,0,normal,0.1598806530237198,0.37190012490874497,4.632717122918621
1769,0,normal,0.14521148800849915,0.3839311558644685,6.247074796781362
1770,0,normal,0.1227327212691307,0.397916421056408,7.87080842962564
1771,0,normal,0.1468804031610489,0.39218847629388537,9.52868530220735
1772,0,normal,0.36440595984458923,0.41846984947749916,11.198876561416682
1773,0,normal,2.011148452758789,0.402907900286941,11.516894550783036
1774,0,normal,1.321953296661377,0.43158370711903843,37.238035345779736
1775,0,normal,0.21343669295310974,0.4327826571348385,37.89359188907929
1776,0,normal,0.545255184173584,0.4390778951595442,38.25129965840006
1777,0,normal,1.8495612144470215,0.443049411477824,51.80060533557344
1778,0,normal,0.023746177554130554,0.45329880658122224,51.77576661728767
1779,0,normal,0.006203078664839268,0.47187278821728507,51.77810070745636
1780,0,normal,0.0036640402395278215,0.4605451962717851,51.38948115942526
1781,0,normal,0.0024816414806991816,0.46008205162880983,51.320319645208656
1782,0,normal,0.0019304906018078327,0.4504032116379256,51.48975315935354
1783,0,normal,0.0018813458736985922,0.45198039487203695,51.49473063691539
1784,0,normal,0.0020907032303512096,0.4672255067075343,51.760659071921964
1785,0,normal,0.0023681456223130226,0.43887043580756746,52.01329754822018
1786,0,normal,0.002619159407913685,0.44949023082553086,52.19049166419927
1787,0,normal,0.002818324603140354,0.45251213220957476,52.511015389321074
1788,0,normal,0.002972580725327134,0.4491674176486602,53.06184384135713
1789,0,normal,0.0030963828321546316,0.45801418730964066,53.5982542086565
1790,0,normal,0.0032007996924221516,0.46567705721492225,54.71860487731351
1791,0,normal,0.003291524015367031,0.4498010000271105,55.838027097253416
1792,0,normal,0.0033761842641979456,0.4274281380431714,29.138690806811155
1793,0,normal,0.003442990593612194,0.4393432163856161,29.526995955620123
1794,0,normal,0.003496556542813778,0.4306926941664599,30.210692550592512
1795,0,normal,0.003615566762164235,0.3907919211879739,3.0840293437993296
1796,0,normal,0.003609435399994254,0.3981028150809349,1.4831343703929178
1797,0,normal,0.00360873993486166,0.3969065781955626,0.07385322867253308
1798,0,normal,0.003613949753344059,0.3846888072579345,-1.6701224181931593
1799,0,normal,0.003623480210080743,0.38317822849376987,-2.814844908196619
1800,0,normal,0.0036356879863888025,0.3723928732149851,-4.32531024377613
1801,0,normal,0.0036498093977570534,0.35597215529194093,-6.3823074869810625
1802,0,normal,0.003664815565571189,0.3560059268181793,-8.85831053011998
1803,0,normal,47.50286865234375,0.3820377286157254,169.29504504836189
1804,0,normal,38.10041427612305,0.36160566663103516,277.1658826621133
1805,0,normal,0.3542797565460205,0.3547828010142669,276.1145402974141
1806,0,normal,7.633406639099121,0.3863689176492682,294.42463825182267
1807,0,normal,0.5195399522781372,0.3725552346915819,284.005225689427
1808,0,normal,120.77458953857422,0.38482816176424933,582.0192147020664
1809,0,normal,11.045275688171387,0.40707338678786287,605.2190197715989
1810,0,normal,0.6974239945411682,0.41000406841967724,605.9574866635776
1811,0,normal,1.6010394096374512,0.42533561671575576,606.7124536864106
1812,0,normal,2.740387439727783,0.41194913322790133,607.4156287046906
1813,0,normal,3.603280782699585,0.4434449266232663,608.2561353890361
1814,0,normal,2.0737123489379883,0.44472874913904253,615.5201117426085
1815,0,normal,1.47001314163208,0.44501346777549566,621.0434554600608
1816,0,normal,0.6463857293128967,0.45705887880261287,621.4012060729256
1817,0,normal,2.2820305824279785,0.47615196612242155,627.7192420934841
1818,0,normal,0.04833870008587837,0.47759585517857717,627.7622569224036
1819,0,normal,0.03865574672818184,0.46433685861696844,627.7684300321735
1820,0,normal,0.02085963636636734,0.4672619535221542,627.5901727061657
1821,0,normal,0.009409027174115181,0.4850000624608339,627.5372582357229
1822,0,normal,0.004298299551010132,0.47312951996139907,627.5871616446541
1823,0,normal,0.0025313058868050575,0.47486643616349783,627.6512443467323
1824,0,normal,0.0022132343146950006,0.48680629090162664,627.6519484531182
1825,0,normal,0.0024115333799272776,0.4778348362819924,627.7431062686612
1826,0,normal,0.002724597230553627,0.45828255789945027,627.8836843373931
1827,0,normal,0.0030052608344703913,0.48057243359256147,627.9377906829475
1828,0,normal,0.003216489451006055,0.4722860473917197,628.0567756026333
1829,0,normal,0.0033624982461333275,0.4763845777978846,628.3146433096379
1830,0,normal,0.0034587462432682514,0.4928219119582134,628.5645027811521
1831,0,normal,0.003520522266626358,0.4811444701747977,629.134911637775
1832,0,normal,0.0035596746020019054,0.4705893763173997,629.708431360678
1833,0,normal,0.0035837767645716667,0.4559318516254659,537.504043533329
1834,0,normal,40.02845764160156,0.440451500628016,537.8405331613562
1835,0,normal,0.044390201568603516,0.4376584957615523,538.2189022295294
1836,0,normal,0.022720664739608765,0.42187195241075715,523.678742551606
1837,0,normal,0.011877909302711487,0.42812531691347905,522.8980225911137
1838,0,normal,0.006924889516085386,0.40597782008290156,192.78984369905027
1839,0,normal,0.004875113256275654,0.38750732522965825,151.81692331378133
1840,0,normal,0.004090541508048773,0.37691658680784984,150.95027442805826
1841,0,normal,0.003808649955317378,0.37002088537642086,149.4367948539474
1842,0,normal,0.0037128254771232605,0.35810836618005676,147.61641220257445
1843,0,normal,0.0036804312840104103,0.37275863709919194,145.68098021395042
1844,0,normal,0.003674012143164873,0.3402636055753445,130.3660886798915
1845,0,normal,0.003754151053726673,0.334075818850491,118.05055095578405
1846,0,normal,0.003644299227744341,0.32625433001761905,116.62766627716337
1847,0,normal,0.0035984846763312817,0.3165844716271401,103.14256582801113
1848,0,normal,0.0035977857187390327,0.3096727090336867,103.14927199023987
1849,0,normal,0.003599104005843401,0.3096727090336867,103.14703651236869
1850,0,normal,0.0036019058898091316,0.3096727090336867,103.14905892771367
1851,0,normal,0.003605686593800783,0.3132926237489109,103.14932753247399
1852,0,normal,0.003609979758039117,0.31204946592381977,103.14958849234631
1853,0,normal,0.003614380955696106,0.3113308170883281,103.14984181220461
1854,0,normal,0.003618568181991577,0.31335516725898843,103.15008749678054
1855,0,normal,0.0036222944036126137,0.3137609917869206,103.15032555066273
1856,0,normal,0.003625407349318266,0.3096727090336867,103.150555978297
1857,0,normal,0.0036278413608670235,0.31174390134011487,103.15077878398756
1858,0,normal,0.0036296090111136436,0.3175124630298607,103.14919306937622
1859,0,normal,0.0036307896953076124,0.3096727090336867,103.14572180013579
1860,0,normal,7.44683313369751,0.3327723903507506,129.59335840766232
1861,0,normal,0.024047397077083588,0.34526934004162135,129.9102703774082
1862,0,normal,2.2039291858673096,0.35438237242632886,141.2938251669043
1863,0,normal,1.4160658121109009,0.3553440688272239,140.83438618206503
1864,0,normal,2.6701865196228027,0.35594510757417425,-12.023654851255515
1865,0,normal,4.336374282836914,0.3643511237755369,-11.837710296132855
1866,0,normal,4.499225616455078,0.35514911414573413,-11.067643745357373
1867,0,normal,4.973048686981201,0.37273158273819346,-10.283397631439811
1868,0,normal,5.097133159637451,0.37379560181899957,-9.469907050769507
1869,0,normal,5.138489723205566,0.3790402507905733,-8.657913418481257
1870,0,normal,5.156683921813965,0.3898900776788748,-7.856247900014296
1871,0,normal,4.0922651290893555,0.38412778120996427,0.02830242969707797
1872,0,normal,3.6880311965942383,0.3988753211134901,5.9638522068619295
1873,0,normal,4.398522853851318,0.4101481516227647,6.689912840592342
1874,0,normal,5.077750205993652,0.3970811633353436,6.98603608749977
1875,0,normal,8.329156875610352,0.4135418703461118,20.86166195114629
1876,0,normal,3.075075387954712,0.4359465507393833,20.781240562883568
1877,0,normal,3.4586362838745117,0.417296686512294,20.74583771944367
1878,0,normal,3.72129487991333,0.4219828278648105,20.30101122483711
1879,0,normal,3.7688822746276855,0.4260589645560999,20.19497025632154
1880,0,normal,3.719792604446411,0.42837687806489944,20.324829899268707
1881,0,normal,3.622725486755371,0.42047423207817686,20.38769226450154
1882,0,normal,3.4988489151000977,0.4279684957098633,20.667515975580045
1883,0,normal,3.3568694591522217,0.4170130246541409,20.980585240679147
1884,0,normal,3.20023250579834,0.41204238690143413,21.26800758967488
1885,0,normal,3.030627727508545,0.42472172098894023,21.65090403044269
1886,0,normal,2.849376678466797,0.434456108559589,22.13326637179216
1887,0,normal,2.6577727794647217,0.4199819114344443,22.85120270979155
1888,0,normal,2.456873655319214,0.4344050757852396,23.569765283800734
1889,0,normal,2.2468948364257812,0.42820104186549107,24.311677168523147
1890,0,normal,1.9601192474365234,0.4054375336718289,-3.6203696146069433
1891,0,normal,1.7715401649475098,0.40572829350766304,-3.470969299939725
1892,0,normal,1.6412981748580933,0.38524289451539334,-17.317297990061434
1893,0,normal,1.3942222595214844,0.3723195143892178,-18.15462166887687
1894,0,normal,1.1317189931869507,0.3726152536389944,-18.93074655164105
1895,0,normal,0.8782187104225159,0.377352281250765,-18.540020510848535
1896,0,normal,0.5510419607162476,0.36538481765668673,-19.203267009988394
1897,0,normal,0.18964651226997375,0.3565007041183071,-19.579125234120283
1898,0,normal,0.009751548059284687,0.35415507739145313,-20.180006825871715
1899,0,normal,0.003934574779123068,0.3470367082722452,-21.140160973086722
1900,0,normal,0.003905039280653,0.3476879499526338,-22.24926554949434
1901,0,normal,0.003891472239047289,0.3364410091419615,-31.094991413606976
1902,0,normal,0.003919631242752075,0.32500300904843643,-38.12617758680449
1903,0,normal,0.0036870092153549194,0.33191875848336316,-39.71664020146909
1904,0,normal,0.0036517223343253136,0.3244223582001283,-40.35490542327784
1905,0,normal,0.003633546642959118,0.3096727090336867,-55.92076496583536
1906,0,normal,0.003633546642959118,0.3096727090336867,-55.92076496583536
1907,0,normal,0.003633546642959118,0.3096727090336867,-55.92076496583536
1908,0,normal,0.003633546642959118,0.3096727090336867,-55.92076496583536
1909,0,normal,0.003633546642959118,0.3096727090336867,-55.92076496583536
1910,0,normal,0.003633546642959118,0.3096727090336867,-55.92076496583536
1911,0,normal,0.003633546642959118,0.3096727090336867,-55.92076496583536
1912,0,normal,0.003633546642959118,0.3096727090336867,-55.92076496583536
1913,0,normal,0.003633546642959118,0.3096727090336867,-55.92076496583536
1914,0,normal,0.003633546642959118,0.3096727090336867,-55.92076496583536
1915,0,normal,0.003633546642959118,0.3096727090336867,-55.92076496583536
1916,0,normal,0.003633546642959118,0.3096727090336867,-55.92076496583536
1917,0,normal,0.003633546642959118,0.3096727090336867,-55.92076496583536
1918,0,normal,0.003633546642959118,0.3096727090336867,-55.92076496583536
1919,0,normal,0.003633546642959118,0.3096727090336867,-55.92076496583536
1920,0,normal,0.003633546642959118,0.3096727090336867,-55.92076496583536
1921,0,normal,0.003633546642959118,0.3096727090336867,-55.92076496583536
1922,0,normal,0.003633546642959118,0.3096727090336867,-55.92076496583536
1923,0,normal,0.003633546642959118,0.3096727090336867,-55.92076496583536
1924,0,normal,0.003633546642959118,0.3096727090336867,-55.92076496583536
1925,0,normal,0.003633546642959118,0.3096727090336867,-55.92076496583536
1926,0,normal,0.003633546642959118,0.3096727090336867,-55.92076496583536
1927,0,normal,0.003633546642959118,0.3096727090336867,-55.92076496583536
1928,0,normal,0.003633546642959118,0.3096727090336867,-55.92076496583536
1929,0,normal,0.003633546642959118,0.3096727090336867,-55.92076496583536
1930,0,normal,0.003633546642959118,0.3096727090336867,-55.92076496583536
1931,0,normal,0.003633546642959118,0.3096727090336867,-55.92076496583536
1932,0,normal,0.003633546642959118,0.3096727090336867,-55.92076496583536
1933,0,normal,0.003633546642959118,0.3096727090336867,-55.92076496583536
1934,0,normal,0.003633546642959118,0.3096727090336867,-55.92076496583536
1935,0,normal,0.003633546642959118,0.3096727090336867,-55.92076496583536
1936,0,normal,0.003633546642959118,0.3096727090336867,-55.92076496583536
1937,0,normal,0.003633546642959118,0.3096727090336867,-55.92076496583536
1938,0,normal,0.003633546642959118,0.3096727090336867,-55.92076496583536
1939,0,normal,0.003633546642959118,0.3096727090336867,-55.92076496583536
1940,0,normal,0.003633546642959118,0.3096727090336867,-55.92076496583536
1941,0,normal,0.003633546642959118,0.3096727090336867,-55.92076496583536
1942,0,normal,0.003633546642959118,0.3096727090336867,-55.92076496583536
1943,0,normal,0.003633546642959118,0.3096727090336867,-55.92076496583536
1944,0,normal,0.003633546642959118,0.3096727090336867,-55.92076496583536
1945,0,normal,0.003633546642959118,0.3096727090336867,-55.92076496583536
1946,0,normal,0.003633546642959118,0.3096727090336867,-55.92076496583536
1947,0,normal,0.003633546642959118,0.3096727090336867,-55.92076496583536
1948,0,normal,0.003633546642959118,0.3096727090336867,-55.92076496583536
1949,0,normal,0.003633546642959118,0.3096727090336867,-55.92076496583536
1950,0,normal,0.003633546642959118,0.3096727090336867,-55.92076496583536
1951,0,normal,0.003633546642959118,0.3096727090336867,-55.92076496583536
1952,0,normal,0.003633546642959118,0.3096727090336867,-55.92076496583536
1953,0,normal,0.003633546642959118,0.3096727090336867,-55.92076496583536
1954,0,normal,0.003633546642959118,0.3096727090336867,-55.92076496583536
1955,0,normal,0.003633546642959118,0.3096727090336867,-55.92076496583536
1956,0,normal,0.003633546642959118,0.3096727090336867,-55.92076496583536
1957,0,normal,1.4912078380584717,0.31688232724068643,-49.87922324010174
1958,0,normal,5.945950031280518,0.3330080481324084,-25.38267104049328
1959,0,normal,0.024852868169546127,0.3416396820277337,-25.05323079429695
1960,0,normal,3.461535692214966,0.373716793331865,1.1746612196968726
1961,0,normal,0.10286733508110046,0.37492032385510426,1.598273906088707
1962,0,normal,0.1500558853149414,0.3816359139250846,2.850433469883228
1963,0,normal,0.16104310750961304,0.37390913507959994,4.4478711906092485
1964,0,normal,0.15372079610824585,0.37591263499823785,6.049579514258767
1965,0,normal,0.12316127866506577,0.4068376140065316,7.687531866516792
1966,0,normal,0.09585321694612503,0.39181152545715875,9.326495526799363
1967,0,normal,0.1349610686302185,0.41410414752335906,10.986623722851164
1968,0,normal,0.3959982097148895,0.41391334834766164,12.663424542008897
1969,0,normal,1.8144201040267944,0.4212328375644041,28.166133092952805
1970,0,normal,1.731906771659851,0.4347904098817558,39.95016914561529
1971,0,normal,0.5999781489372253,0.45128405544842515,40.13474827167511
1972,0,normal,1.8359086513519287,0.4455903169556479,53.664449788180036
1973,0,normal,0.04209093004465103,0.46117939261387225,53.68121288912312
1974,0,normal,0.013070177286863327,0.458691681962739,53.712067747442006
1975,0,normal,0.007828823290765285,0.45532861047005674,53.36949768029308
1976,0,normal,0.0065998476929962635,0.45790207930205135,53.30391832068244
1977,0,normal,0.00553248031064868,0.4632260240157456,53.42452293394717
1978,0,normal,0.004696851596236229,0.45185314733480764,53.52860660274655
1979,0,normal,0.004126601852476597,0.4683091589653025,53.650200856186984
1980,0,normal,0.0037730277981609106,0.4511962702138701,53.868549138353046
1981,0,normal,0.003574152011424303,0.4581353067970767,54.07799822681227
1982,0,normal,0.0034771496430039406,0.44588951447360714,54.35301847728374
1983,0,normal,0.003442241344600916,0.44770787299741505,54.8299094711017
1984,0,normal,0.0034418741706758738,0.45399769927860695,55.31550512987337
1985,0,normal,0.003458556020632386,0.46868347256912707,56.371538147344154
1986,0,normal,0.003482140600681305,0.4524026000027055,57.39883963406305
1987,0,normal,0.0035100828390568495,0.44463087746239305,53.011254498477
1988,0,normal,0.0035381605848670006,0.448622857057585,31.760074780164587
1989,0,normal,0.003559972159564495,0.42987211208310244,32.43400104542184
1990,0,normal,0.003843188751488924,0.39861092773902823,5.408529885227381
1991,0,normal,0.003731735050678253,0.4058791057461273,3.8235717385045973
1992,0,normal,0.0036503849551081657,0.39893101317863255,2.451548551529413
1993,0,normal,0.0036176005378365517,0.38933343292269124,0.9264430339264891
1994,0,normal,0.0036125220358371735,0.3856804004322156,-0.3122656683299283
1995,0,normal,0.003619506023824215,0.3744815169404472,-1.369420828221564
1996,0,normal,0.003630107967182994,0.36466714935290884,-3.1793146180400527
1997,0,normal,0.003640424460172653,0.35628026075051766,-5.35275551084078
1998,0,normal,0.0036490352358669043,0.3693579940077395,-7.654525807439995
1999,0,normal,0.003655976615846157,0.3364212152444506,-25.407951166354223
2000,0,normal,0.0036870092153549194,0.33191875848336316,-39.71664020146909
2001,0,normal,0.0036517223343253136,0.3244223582001283,-40.35490542327784
2002,0,normal,0.003633546642959118,0.3096727090336867,-55.92076496583536
2003,0,normal,0.003633546642959118,0.3096727090336867,-55.92076496583536
2004,0,normal,0.003633546642959118,0.3096727090336867,-55.92076496583536
2005,0,normal,0.003633546642959118,0.3096727090336867,-55.92076496583536
2006,0,normal,0.003633546642959118,0.3096727090336867,-55.92076496583536
2007,0,normal,0.003633546642959118,0.3096727090336867,-55.92076496583536
2008,0,normal,0.003633546642959118,0.3096727090336867,-55.92076496583536
2009,0,normal,0.003633546642959118,0.3096727090336867,-55.92076496583536
2010,0,normal,0.003633546642959118,0.3096727090336867,-55.92076496583536
2011,0,normal,0.003633546642959118,0.3096727090336867,-55.92076496583536
2012,0,normal,0.003633546642959118,0.3096727090336867,-55.92076496583536
2013,0,normal,0.003633546642959118,0.3096727090336867,-55.92076496583536
2014,0,normal,0.003633546642959118,0.3096727090336867,-55.92076496583536
2015,0,normal,0.003633546642959118,0.3096727090336867,-55.92076496583536
2016,0,normal,0.003633546642959118,0.3096727090336867,-55.92076496583536
2017,0,normal,0.003633546642959118,0.3096727090336867,-55.92076496583536
2018,0,normal,0.003633546642959118,0.3096727090336867,-55.92076496583536
2019,0,normal,0.003633546642959118,0.3096727090336867,-55.92076496583536
2020,0,normal,0.003633546642959118,0.3096727090336867,-55.92076496583536
2021,0,normal,0.003633546642959118,0.3096727090336867,-55.92076496583536
2022,0,normal,0.003633546642959118,0.3096727090336867,-55.92076496583536
2023,0,normal,0.003633546642959118,0.3096727090336867,-55.92076496583536
2024,0,normal,0.003633546642959118,0.3096727090336867,-55.92076496583536
2025,0,normal,0.003633546642959118,0.3096727090336867,-55.92076496583536
2026,0,normal,0.003633546642959118,0.3096727090336867,-55.92076496583536
2027,0,normal,0.003633546642959118,0.3096727090336867,-55.92076496583536
2028,0,normal,0.003633546642959118,0.3096727090336867,-55.92076496583536
2029,0,normal,0.003633546642959118,0.3096727090336867,-55.92076496583536
2030,0,normal,0.003633546642959118,0.3096727090336867,-55.92076496583536
2031,0,normal,0.003633546642959118,0.3096727090336867,-55.92076496583536
2032,0,normal,0.003633546642959118,0.3096727090336867,-55.92076496583536
2033,0,normal,0.003633546642959118,0.3096727090336867,-55.92076496583536
2034,0,normal,0.003633546642959118,0.3096727090336867,-55.92076496583536
2035,0,normal,0.003633546642959118,0.3096727090336867,-55.92076496583536
2036,0,normal,0.003633546642959118,0.3096727090336867,-55.92076496583536
2037,0,normal,0.003633546642959118,0.3096727090336867,-55.92076496583536
2038,0,normal,0.003633546642959118,0.3096727090336867,-55.92076496583536
2039,0,normal,0.003633546642959118,0.3096727090336867,-55.92076496583536
2040,0,normal,0.003633546642959118,0.3096727090336867,-55.92076496583536
2041,0,normal,0.003633546642959118,0.3096727090336867,-55.92076496583536
2042,0,normal,0.003633546642959118,0.3096727090336867,-55.92076496583536
2043,0,normal,0.003633546642959118,0.3096727090336867,-55.92076496583536
2044,0,normal,0.003633546642959118,0.3096727090336867,-55.92076496583536
2045,0,normal,0.003633546642959118,0.3096727090336867,-55.92076496583536
2046,0,normal,0.003633546642959118,0.3096727090336867,-55.92076496583536
2047,0,normal,0.003633546642959118,0.3096727090336867,-55.92076496583536
2048,0,normal,0.003633546642959118,0.3096727090336867,-55.92076496583536
2049,0,normal,0.003633546642959118,0.3096727090336867,-55.92076496583536
2050,0,normal,0.003633546642959118,0.3096727090336867,-55.92076496583536
2051,0,normal,0.003633546642959118,0.3096727090336867,-55.92076496583536
2052,0,normal,0.003633546642959118,0.3096727090336867,-55.92076496583536
2053,0,normal,0.003633546642959118,0.3096727090336867,-55.92076496583536
2054,0,normal,0.003633546642959118,0.3096727090336867,-55.92076496583536
2055,0,normal,0.003633546642959118,0.3096727090336867,-55.92076496583536
2056,0,normal,0.003633546642959118,0.3096727090336867,-55.92076496583536
2057,0,normal,0.003633546642959118,0.3096727090336867,-55.92076496583536
2058,0,normal,0.003633546642959118,0.3096727090336867,-55.92076496583536
2059,0,normal,0.003633546642959118,0.3096727090336867,-55.92076496583536
2060,0,normal,0.003633546642959118,0.3096727090336867,-55.92076496583536
2061,0,normal,0.003633546642959118,0.3096727090336867,-55.92076496583536
2062,0,normal,0.003633546642959118,0.3096727090336867,-55.92076496583536
2063,0,normal,0.003633546642959118,0.3096727090336867,-55.92076496583536
2064,0,normal,0.003633546642959118,0.3096727090336867,-55.92076496583536
2065,0,normal,0.003633546642959118,0.3096727090336867,-55.92076496583536
2066,0,normal,0.003633546642959118,0.3096727090336867,-55.92076496583536
2067,0,normal,0.003633546642959118,0.3096727090336867,-55.92076496583536
2068,0,normal,0.003633546642959118,0.3096727090336867,-55.92076496583536
2069,0,normal,7.446736812591553,0.3327723903507506,-25.396538748026387
2070,0,normal,0.024049285799264908,0.34526934004162135,-25.028403384608282
2071,0,normal,0.7673487067222595,0.33332755808375913,-24.89408685854619
2072,0,normal,1.913647174835205,0.3499789343591036,-13.694856239986166
2073,0,normal,0.7157068848609924,0.3985424196763034,11.958111107308923
2074,0,normal,2.351519823074341,0.4130220677274299,23.67316908486464
2075,0,normal,0.1967252641916275,0.40929247324790224,25.16691589715674
2076,0,normal,0.2904132306575775,0.4066131905969696,26.80505580624981
2077,0,normal,0.3279142379760742,0.4109222487487354,28.41842130030932
2078,0,normal,0.26817405223846436,0.42792025834751213,30.06941664048327
2079,0,normal,0.17451104521751404,0.4359703799642571,31.739384642535924
2080,0,normal,6.292261600494385,0.45698789818090935,56.988080303452534
2081,0,normal,0.24456360936164856,0.46438754746968164,58.467879020053715
2082,0,normal,0.49689823389053345,0.44377499785083074,58.84633139580569
2083,0,normal,1.9357346296310425,0.46032831741373853,72.17930544202022
2084,0,normal,0.041830502450466156,0.48051049750420616,72.15174668168152
2085,0,normal,0.011333447881042957,0.46710359011031516,72.20544764269971
2086,0,normal,0.005116619169712067,0.4632707288764969,71.8643611966204
2087,0,normal,0.00273912213742733,0.4874974625200699,71.78237184495242
2088,0,normal,0.0016230982728302479,0.4619706802709656,71.87562452206998
2089,0,normal,0.0013693132204934955,0.4845787875082168,72.07280346355492
2090,0,normal,0.0015744034899398685,0.4716161302830689,72.09820483330691
2091,0,normal,0.0019437051378190517,0.4623082239569929,72.20746402378768
2092,0,normal,2.98923397064209,0.4745204891880332,82.72571369901607
2093,0,normal,0.0416942723095417,0.48998631157562256,82.84930752774403
2094,0,normal,0.020218679681420326,0.4738621244458605,83.04038225246018
2095,0,normal,0.015740124508738518,0.467753096657028,83.37519106858599
2096,0,normal,0.013015931472182274,0.47689310500657667,83.96804546007161
2097,0,normal,0.009993868879973888,0.47221809633223183,84.97813970378616
2098,0,normal,0.007213506381958723,0.4781574574760236,86.28958088119452
2099,0,normal,0.005171703174710274,0.46569352497382915,60.836072489171784
2100,0,normal,0.003938749898225069,0.4535205631849293,61.41607496341362
2101,0,normal,0.0033570704981684685,0.4340143784089438,62.0174567560141
2102,0,normal,0.0031883709598332644,0.4334691899676115,50.205657640570735
2103,0,normal,0.0032332604750990868,0.4146486381951562,23.954169169556053
2104,0,normal,0.003363996744155884,0.3881404148338588,11.554642839659664
2105,0,normal,0.003477720310911536,0.39384596635497915,10.585044676543475
2106,0,normal,0.003575148293748498,0.38879276668177626,9.305213689585344
2107,0,normal,0.0036506031174212694,0.3689439074724122,7.473101504723445
2108,0,normal,0.0037039502058178186,0.37036457590833294,5.278709407033375
2109,0,normal,0.0037351250648498535,0.3771332107564965,3.0274870695614027
2110,0,normal,0.003928945399820805,0.3381256689395998,-25.81259378490131
2111,0,normal,0.0037317080423235893,0.33777152003211125,-28.750761247234323
2112,0,normal,0.003699022810906172,0.33356528416102604,-29.348388713073064
2113,0,normal,0.003676838241517544,0.3168232393574563,-44.754447789059896
2114,0,normal,0.0036677727475762367,0.31827163426019545,-44.64975596341583
2115,0,normal,0.0036592776887118816,0.3143915245043513,-44.50422602902472
2116,0,normal,0.003651885548606515,0.3152043046844526,-44.461764863930284
2117,0,normal,0.0036458191461861134,0.31490042434488275,-44.317001323111526
2118,0,normal,0.0036410880275070667,0.3169061178665654,-44.25709608539978
2119,0,normal,0.003637597430497408,0.31721882350304353,-44.24529341046923
2120,0,normal,0.003635191358625889,0.3189784777341143,-44.2522583709972
2121,0,normal,0.0036337291821837425,0.31762411111951655,-44.24463004100221
2122,0,normal,0.003633546642959118,0.3096727090336867,-55.92076496583536
2123,0,normal,0.003633546642959118,0.3096727090336867,-55.92076496583536
2124,0,normal,0.003633546642959118,0.3096727090336867,-55.92076496583536
2125,0,normal,0.003633546642959118,0.3096727090336867,-55.92076496583536
2126,0,normal,0.003633546642959118,0.3096727090336867,-55.92076496583536
2127,0,normal,0.003633546642959118,0.3096727090336867,-55.92076496583536
2128,0,normal,0.003633546642959118,0.3096727090336867,-55.92076496583536
2129,0,normal,0.003633546642959118,0.3096727090336867,-55.92076496583536
2130,0,normal,0.003633546642959118,0.3096727090336867,-55.92076496583536
2131,0,normal,0.003633546642959118,0.3096727090336867,-55.92076496583536
2132,0,normal,0.003633546642959118,0.3096727090336867,-55.92076496583536
2133,0,normal,0.003633546642959118,0.3096727090336867,-55.92076496583536
2134,0,normal,0.003633546642959118,0.3096727090336867,-55.92076496583536
2135,0,normal,0.003633546642959118,0.3096727090336867,-55.92076496583536
2136,0,normal,0.003633546642959118,0.3096727090336867,-55.92076496583536
2137,0,normal,0.003633546642959118,0.3096727090336867,-55.92076496583536
2138,0,normal,0.003633546642959118,0.3096727090336867,-55.92076496583536
2139,0,normal,0.003633546642959118,0.3096727090336867,-55.92076496583536
2140,0,normal,0.003633546642959118,0.3096727090336867,-55.92076496583536
2141,0,normal,0.003633546642959118,0.3096727090336867,-55.92076496583536
2142,0,normal,0.003633546642959118,0.3096727090336867,-55.92076496583536
2143,0,normal,0.003633546642959118,0.3096727090336867,-55.92076496583536
2144,0,normal,0.003633546642959118,0.3096727090336867,-55.92076496583536
2145,0,normal,0.003633546642959118,0.3096727090336867,-55.92076496583536
2146,0,normal,0.003633546642959118,0.3096727090336867,-55.92076496583536
2147,0,normal,0.003633546642959118,0.3096727090336867,-55.92076496583536
2148,0,normal,0.003633546642959118,0.3096727090336867,-55.92076496583536
2149,0,normal,0.003633546642959118,0.3096727090336867,-55.92076496583536
2150,0,normal,0.003633546642959118,0.3096727090336867,-55.92076496583536
2151,0,normal,0.003633546642959118,0.3096727090336867,-55.92076496583536
2152,0,normal,0.003633546642959118,0.3096727090336867,-55.92076496583536
2153,0,normal,0.003633546642959118,0.3096727090336867,-55.92076496583536
2154,0,normal,0.003633546642959118,0.3096727090336867,-55.92076496583536
2155,0,normal,0.003633546642959118,0.3096727090336867,-55.92076496583536
2156,0,normal,0.003633546642959118,0.3096727090336867,-55.92076496583536
2157,0,normal,0.003633546642959118,0.3096727090336867,-55.92076496583536
2158,0,normal,0.003633546642959118,0.3096727090336867,-55.92076496583536
2159,0,normal,0.003633546642959118,0.3096727090336867,-55.92076496583536
2160,0,normal,0.003633546642959118,0.3096727090336867,-55.92076496583536
2161,0,normal,0.003633546642959118,0.3096727090336867,-55.92076496583536
2162,0,normal,0.003633546642959118,0.3096727090336867,-55.92076496583536
2163,0,normal,0.003633546642959118,0.3096727090336867,-55.92076496583536
2164,0,normal,0.003633546642959118,0.3096727090336867,-55.92076496583536
2165,0,normal,0.003633546642959118,0.3096727090336867,-55.92076496583536
2166,0,normal,0.003633546642959118,0.3096727090336867,-55.92076496583536
2167,0,normal,7.446736812591553,0.3327723903507506,-25.396538748026387
2168,0,normal,0.024049285799264908,0.34526934004162135,-25.028403384608282
2169,0,normal,1.9007123708724976,0.3500999550356732,-14.185650485880842
2170,0,normal,1.8995367288589478,0.3847620504000039,10.810315208053908
2171,0,normal,0.09440328180789948,0.39014302901311876,11.764498834923643
2172,0,normal,0.5682730078697205,0.39039395745565847,11.998509636471226
2173,0,normal,0.33163344860076904,0.37927091006769925,13.681550161871428
2174,0,normal,0.2177181988954544,0.4000968335245712,15.290342018697629
2175,0,normal,0.13990002870559692,0.40813795414683124,16.95149723125951
2176,0,normal,0.10291748493909836,0.4101611665904779,18.6125079425924
2177,0,normal,4.925113201141357,0.4619152373750128,44.14787880093013
2178,0,normal,0.18087229132652283,0.44042841963143575,45.598149333508445
2179,0,normal,0.3137481212615967,0.429179905287565,46.447115696943
2180,0,normal,1.0417934656143188,0.43567817226879857,52.81260710796573
2181,0,normal,1.5659712553024292,0.46005502502441153,59.86596937192098
2182,0,normal,0.04524335637688637,0.46253261734998463,59.91409257618807
2183,0,normal,0.015957672148942947,0.44899852759038694,59.778679177388995
2184,0,normal,0.00976852048188448,0.465594853523949,59.57457539771008
2185,0,normal,0.006875639781355858,0.4614956035048229,59.57838253950695
2186,0,normal,0.005023488309234381,0.46025818575034716,59.68598040507845
2187,0,normal,0.003923940006643534,0.46223677453360046,59.832218737225276
2188,0,normal,0.003349599428474903,0.4543778994489437,59.74433556295071
2189,0,normal,0.0031088090036064386,0.4426378983277131,59.965197662982064
2190,0,normal,0.003057777415961027,0.44692047631745146,60.25457763798886
2191,0,normal,0.0030996701680123806,0.46318424731661434,60.419690836080235
2192,0,normal,0.003176536411046982,0.45381643584276016,60.793078035752615
2193,0,normal,0.003258302342146635,0.4339569150481818,61.376212292645505
2194,0,normal,0.0033322118688374758,0.46034659484122664,62.10414268564455
2195,0,normal,0.0033947196789085865,0.4685464276239546,63.15585414851762
2196,0,normal,0.0034463012125343084,0.4604808276008413,64.20318224749712
2197,0,normal,0.0034917050506919622,0.4273774273319176,37.6254643659795
2198,0,normal,0.0035227471962571144,0.423532681659634,37.91210341684382
2199,0,normal,0.003546391148120165,0.41987736838095613,27.874432337357575
2200,0,normal,0.0035777660086750984,0.3926781895927511,0.8590888755336437
2201,0,normal,0.0035844864323735237,0.387231320712169,-0.7927250677316806
2202,0,normal,0.003597663016989827,0.3896604707989892,0.4180804600011925
2203,0,normal,0.003611362539231777,0.3719586069822023,-0.8303407609821534
2204,0,normal,0.0036246825475245714,0.3704168733525484,-2.494435988881378
2205,0,normal,0.0036372526083141565,0.3678777968182762,-4.61981312959233
2206,0,normal,0.003649383317679167,0.36166341513229167,-6.846181683574969
2207,0,normal,0.00394083745777607,0.3383658272215866,-35.815894955992235
2208,0,normal,0.003728691954165697,0.32693765888562687,-38.70572588788559
2209,0,normal,0.0036514615640044212,0.32831071246914634,-40.34752880512997
2210,0,normal,0.003636116860434413,0.3147792204443281,-48.10029497375854
2211,0,normal,0.003633546642959118,0.3096727090336867,-55.92076496583536
2212,0,normal,0.003633546642959118,0.3096727090336867,-55.92076496583536
2213,0,normal,0.003633546642959118,0.3096727090336867,-55.92076496583536
2214,0,normal,0.003633546642959118,0.3096727090336867,-55.92076496583536
2215,0,normal,0.003633546642959118,0.3096727090336867,-55.92076496583536
2216,0,normal,0.003633546642959118,0.3096727090336867,-55.92076496583536
2217,0,normal,0.003633546642959118,0.3096727090336867,-55.92076496583536
2218,0,normal,0.003633546642959118,0.3096727090336867,-55.92076496583536
2219,0,normal,0.003633546642959118,0.3096727090336867,-55.92076496583536
2220,0,normal,0.003633546642959118,0.3096727090336867,-55.92076496583536
2221,0,normal,0.003633546642959118,0.3096727090336867,-55.92076496583536
2222,0,normal,0.003633546642959118,0.3096727090336867,-55.92076496583536
2223,0,normal,0.003633546642959118,0.3096727090336867,-55.92076496583536
2224,0,normal,0.003633546642959118,0.3096727090336867,-55.92076496583536
2225,0,normal,0.003633546642959118,0.3096727090336867,-55.92076496583536
2226,0,normal,0.003633546642959118,0.3096727090336867,-55.92076496583536
2227,0,normal,0.003633546642959118,0.3096727090336867,-55.92076496583536
2228,0,normal,0.003633546642959118,0.3096727090336867,-55.92076496583536
2229,0,normal,0.003633546642959118,0.3096727090336867,-55.92076496583536
2230,0,normal,0.003633546642959118,0.3096727090336867,-55.92076496583536
2231,0,normal,0.003633546642959118,0.3096727090336867,-55.92076496583536
2232,0,normal,0.003633546642959118,0.3096727090336867,-55.92076496583536
2233,0,normal,0.003633546642959118,0.3096727090336867,-55.92076496583536
2234,0,normal,0.003633546642959118,0.3096727090336867,-55.92076496583536
2235,0,normal,0.003633546642959118,0.3096727090336867,-55.92076496583536
2236,0,normal,0.003633546642959118,0.3096727090336867,-55.92076496583536
2237,0,normal,0.003633546642959118,0.3096727090336867,-55.92076496583536
2238,0,normal,0.003633546642959118,0.3096727090336867,-55.92076496583536
2239,0,normal,0.003633546642959118,0.3096727090336867,-55.92076496583536
2240,0,normal,0.003633546642959118,0.3096727090336867,-55.92076496583536
2241,0,normal,0.003633546642959118,0.3096727090336867,-55.92076496583536
2242,0,normal,0.003633546642959118,0.3096727090336867,-55.92076496583536
2243,0,normal,0.003633546642959118,0.3096727090336867,-55.92076496583536
2244,0,normal,0.003633546642959118,0.3096727090336867,-55.92076496583536
2245,0,normal,0.003633546642959118,0.3096727090336867,-55.92076496583536
2246,0,normal,0.003633546642959118,0.3096727090336867,-55.92076496583536
2247,0,normal,0.003633546642959118,0.3096727090336867,-55.92076496583536
2248,0,normal,0.003633546642959118,0.3096727090336867,-55.92076496583536
2249,0,normal,7.446736812591553,0.3327723903507506,-25.396538748026387
2250,0,normal,0.024049285799264908,0.34526934004162135,-25.028403384608282
2251,0,normal,0.7673487067222595,0.33332755808375913,-24.89408685854619
2252,0,normal,2.2375271320343018,0.3452193395515115,-12.819962808476248
2253,0,normal,2.4742209911346436,0.3611051813780137,-12.593690943423098
2254,0,normal,3.779693603515625,0.3586320967238884,-11.845396503874554
2255,0,normal,4.556533336639404,0.3610123310920749,-11.05712326101434
2256,0,normal,4.874537467956543,0.3664685496074912,-10.289232943014667
2257,0,normal,5.0068769454956055,0.37213733080436817,-9.527001614632809
2258,0,normal,5.0737762451171875,0.3744545532448829,-8.733091295315944
2259,0,normal,5.113887310028076,0.38892549213123107,-7.928596856245576
2260,0,normal,5.140323638916016,0.38196877211750807,-7.129018011386506
2261,0,normal,3.1136209964752197,0.39403608146005925,5.914739114647546
2262,0,normal,3.702483654022217,0.4025138437529716,6.628210251725932
2263,0,normal,4.27645206451416,0.414770964987601,7.42391926856385
2264,0,normal,8.157732963562012,0.41147542276224414,21.274044964606674
2265,0,normal,2.8920347690582275,0.42209759656678253,21.200429818187104
2266,0,normal,3.2973556518554688,0.425249076774065,21.11989231249413
2267,0,normal,3.5613293647766113,0.41455533466731254,20.6695401323841
2268,0,normal,3.607874631881714,0.4288305676689204,20.57948398195458
2269,0,normal,3.554553270339966,0.4346653234050153,20.75320931623969
2270,0,normal,3.451144218444824,0.42917260153719633,20.78886450610935
2271,0,normal,3.3197367191314697,0.43374315544094694,21.072207544381627
2272,0,normal,3.169896364212036,0.4175437873496651,21.378786870436898
2273,0,normal,3.0058107376098633,0.41592256814667417,21.594582926378735
2274,0,normal,2.829828977584839,0.42242640096662126,21.899024560452972
2275,0,normal,2.643852949142456,0.42734233148403894,22.376975365473754
2276,0,normal,2.4496631622314453,0.41884613540350574,22.86272491976706
2277,0,normal,2.24873685836792,0.439407087595381,23.665692098862337
2278,0,normal,2.0417003631591797,0.42102724332364305,24.503101337955286
2279,0,normal,1.6549067497253418,0.4080275226581154,-3.341432263751358
2280,0,normal,1.4821619987487793,0.41253819287793736,-3.2584683900331584
2281,0,normal,1.3007450103759766,0.3945105286073409,-3.0339961022286843
2282,0,normal,1.2025597095489502,0.38178763534957216,-16.805614345328422
2283,0,normal,0.9346871972084045,0.3703321402871845,-17.51778785857414
2284,0,normal,0.6452834606170654,0.3746762458099117,-18.073296326156424
2285,0,normal,0.34607836604118347,0.36824539175127186,-18.79713805589222
2286,0,normal,0.10213441401720047,0.36075530849618553,-19.118611432339776
2287,0,normal,0.009021593257784843,0.3545061607466859,-19.579784374037672
2288,0,normal,0.003904425771906972,0.3494612978891892,-20.434315058024367
2289,0,normal,0.003753055352717638,0.34566666364676474,-21.510369029857202
2290,0,normal,0.003715988714247942,0.3466079613986388,-22.612607653178884
2291,0,normal,0.00395046966150403,0.3288632906692144,-37.20264646799342
2292,0,normal,0.003709906479343772,0.334075818850491,-38.713175489268
2293,0,normal,0.0036517223343253136,0.3244223582001283,-40.35490542327784
2294,0,normal,0.003633546642959118,0.3096727090336867,-55.92076496583536
2295,0,normal,0.003633546642959118,0.3096727090336867,-55.92076496583536
2296,0,normal,0.003633546642959118,0.3096727090336867,-55.92076496583536
2297,0,normal,0.003633546642959118,0.3096727090336867,-55.92076496583536
2298,0,normal,0.003633546642959118,0.3096727090336867,-55.92076496583536
2299,0,normal,0.003633546642959118,0.3096727090336867,-55.92076496583536
2300,0,normal,0.003633546642959118,0.3096727090336867,-55.92076496583536
2301,0,normal,0.003633546642959118,0.3096727090336867,-55.92076496583536
2302,0,normal,0.003633546642959118,0.3096727090336867,-55.92076496583536
2303,0,normal,0.003633546642959118,0.3096727090336867,-55.92076496583536
2304,0,normal,0.003633546642959118,0.3096727090336867,-55.92076496583536
2305,0,normal,0.003633546642959118,0.3096727090336867,-55.92076496583536
2306,0,normal,0.003633546642959118,0.3096727090336867,-55.92076496583536
2307,0,normal,0.003633546642959118,0.3096727090336867,-55.92076496583536
2308,0,normal,0.003633546642959118,0.3096727090336867,-55.92076496583536
2309,0,normal,0.003633546642959118,0.3096727090336867,-55.92076496583536
2310,0,normal,0.003633546642959118,0.3096727090336867,-55.92076496583536
2311,0,normal,0.003633546642959118,0.3096727090336867,-55.92076496583536
2312,0,normal,0.003633546642959118,0.3096727090336867,-55.92076496583536
2313,0,normal,0.003633546642959118,0.3096727090336867,-55.92076496583536
2314,0,normal,0.003633546642959118,0.3096727090336867,-55.92076496583536
2315,0,normal,0.003633546642959118,0.3096727090336867,-55.92076496583536
2316,0,normal,0.003633546642959118,0.3096727090336867,-55.92076496583536
2317,0,normal,0.003633546642959118,0.3096727090336867,-55.92076496583536
2318,0,normal,0.003633546642959118,0.3096727090336867,-55.92076496583536
2319,0,normal,0.003633546642959118,0.3096727090336867,-55.92076496583536
2320,0,normal,0.003633546642959118,0.3096727090336867,-55.92076496583536
2321,0,normal,0.003633546642959118,0.3096727090336867,-55.92076496583536
2322,0,normal,0.003633546642959118,0.3096727090336867,-55.92076496583536
2323,0,normal,0.003633546642959118,0.3096727090336867,-55.92076496583536
2324,0,normal,0.003633546642959118,0.3096727090336867,-55.92076496583536
2325,0,normal,0.003633546642959118,0.3096727090336867,-55.92076496583536
2326,0,normal,0.003633546642959118,0.3096727090336867,-55.92076496583536
2327,0,normal,0.003633546642959118,0.3096727090336867,-55.92076496583536
2328,0,normal,0.003633546642959118,0.3096727090336867,-55.92076496583536
2329,0,normal,0.003633546642959118,0.3096727090336867,-55.92076496583536
2330,0,normal,0.003633546642959118,0.3096727090336867,-55.92076496583536
2331,0,normal,0.003633546642959118,0.3096727090336867,-55.92076496583536
2332,0,normal,0.003633546642959118,0.3096727090336867,-55.92076496583536
2333,0,normal,0.003633546642959118,0.3096727090336867,-55.92076496583536
2334,0,normal,0.003633546642959118,0.3096727090336867,-55.92076496583536
2335,0,normal,0.003633546642959118,0.3096727090336867,-55.92076496583536
2336,0,normal,0.003633546642959118,0.3096727090336867,-55.92076496583536
2337,0,normal,0.003633546642959118,0.3096727090336867,-55.92076496583536
2338,0,normal,0.003633546642959118,0.3096727090336867,-55.92076496583536
2339,0,normal,0.003633546642959118,0.3096727090336867,-55.92076496583536
2340,0,normal,0.003633546642959118,0.3096727090336867,-55.92076496583536
2341,0,normal,0.003633546642959118,0.3096727090336867,-55.92076496583536
2342,0,normal,0.003633546642959118,0.3096727090336867,-55.92076496583536
2343,0,normal,0.003633546642959118,0.3096727090336867,-55.92076496583536
2344,0,normal,0.003633546642959118,0.3096727090336867,-55.92076496583536
2345,0,normal,0.003633546642959118,0.3096727090336867,-55.92076496583536
2346,0,normal,0.003633546642959118,0.3096727090336867,-55.92076496583536
2347,0,normal,0.003633546642959118,0.3096727090336867,-55.92076496583536
2348,0,normal,0.003633546642959118,0.3096727090336867,-55.92076496583536
2349,0,normal,0.003633546642959118,0.3096727090336867,-55.92076496583536
2350,0,normal,0.003633546642959118,0.3096727090336867,-55.92076496583536
2351,0,normal,0.003633546642959118,0.3096727090336867,-55.92076496583536
2352,0,normal,0.003633546642959118,0.3096727090336867,-55.92076496583536
2353,0,normal,0.003633546642959118,0.3096727090336867,-55.92076496583536
2354,0,normal,0.003633546642959118,0.3096727090336867,-55.92076496583536
2355,0,normal,0.003633546642959118,0.3096727090336867,-55.92076496583536
2356,0,normal,0.003633546642959118,0.3096727090336867,-55.92076496583536
2357,0,normal,7.446736812591553,0.3327723903507506,-25.396538748026387
2358,0,normal,0.024049285799264908,0.34526934004162135,-25.028403384608282
2359,0,normal,0.7673487067222595,0.33332755808375913,-24.89408685854619
2360,0,normal,1.1006579399108887,0.36572261448992693,0.4447996297874397
2361,0,normal,0.09419464319944382,0.3725552346915819,1.400157706245409
2362,0,normal,0.15367203950881958,0.3823708369943239,2.98283730764183
2363,0,normal,0.1598806530237198,0.37190012490874497,4.632717122918621
2364,0,normal,0.14521148800849915,0.3839311558644685,6.247074796781362
2365,0,normal,0.1227327212691307,0.397916421056408,7.87080842962564
2366,0,normal,0.1468804031610489,0.39218847629388537,9.52868530220735
2367,0,normal,0.36440595984458923,0.41846984947749916,11.198876561416682
2368,0,normal,2.452813148498535,0.43706887695000574,36.88411487558142
2369,0,normal,0.13203413784503937,0.42759234353711567,38.374020837500666
2370,0,normal,0.5277920365333557,0.429662061006687,38.72181930848251
2371,0,normal,1.8682454824447632,0.4478723095175203,52.23968707294489
2372,0,normal,0.03148980811238289,0.4629574642948854,52.24703490788602
2373,0,normal,0.007899212650954723,0.4554457249884132,52.302061608120084
2374,0,normal,0.003491791198030114,0.44895225869831334,51.950366223410356
2375,0,normal,0.0021236087195575237,0.4740579846010977,51.87870393031221
2376,0,normal,0.001509126741439104,0.4457371888401433,51.98611957563935
2377,0,normal,0.001449149684049189,0.4575131791408512,52.185733677830285
2378,0,normal,0.0016960334032773972,0.45724032250880453,52.1808970237787
2379,0,normal,0.0020497776567935944,0.45173101953284267,52.355601552138296
2380,0,normal,0.002395952818915248,0.43869757371217616,52.66406929987602
2381,0,normal,0.0026871480513364077,0.45973125453167263,52.82499803725091
2382,0,normal,0.002914899494498968,0.4521655756275005,53.11566646156348
2383,0,normal,0.003087874036282301,0.44000578280138963,53.67272732443371
2384,0,normal,0.003218976082280278,0.46413992337518706,54.19842696861906
2385,0,normal,0.0033195875585079193,0.45040601225783616,55.3097923770913
2386,0,normal,0.003398028900846839,0.4564615526964594,56.34843111322925
2387,0,normal,0.0034668929874897003,0.432185780792836,29.702333562481954
2388,0,normal,0.0035132942721247673,0.43085055859504223,30.119619120230027
2389,0,normal,0.003546810010448098,0.4178236729948916,30.76399770361718
2390,0,normal,0.00361472275108099,0.4013973689120964,3.8163028586234304
2391,0,normal,0.003608015365898609,0.3997462235588855,2.5057303477101414
2392,0,normal,0.003609901526942849,0.3860885596831368,0.9199493646137853
2393,0,normal,0.003617470385506749,0.38561003090369683,-0.05619240468354292
2394,0,normal,0.0036278218030929565,0.37610553462474244,-1.3317960485228468
2395,0,normal,0.0036389855667948723,0.360218943944261,-3.1762393003473335
2396,0,normal,0.0036501639988273382,0.36113915724012685,-5.386893922098579
2397,0,normal,0.00366040226072073,0.3634087769138146,-7.656585871074412
2398,0,normal,0.003897089045494795,0.3294645158711415,-36.746147581222885
2399,0,normal,0.0036870092153549194,0.33191875848336316,-39.71664020146909
2400,0,normal,0.0036517223343253136,0.3244223582001283,-40.35490542327784
2401,0,normal,0.003633546642959118,0.3096727090336867,-55.92076496583536
2402,0,normal,0.003633546642959118,0.3096727090336867,-55.92076496583536
2403,0,normal,0.003633546642959118,0.3096727090336867,-55.92076496583536
2404,0,normal,0.003633546642959118,0.3096727090336867,-55.92076496583536
2405,0,normal,0.003633546642959118,0.3096727090336867,-55.92076496583536
2406,0,normal,0.003633546642959118,0.3096727090336867,-55.92076496583536
2407,0,normal,0.003633546642959118,0.3096727090336867,-55.92076496583536
2408,0,normal,0.003633546642959118,0.3096727090336867,-55.92076496583536
2409,0,normal,0.003633546642959118,0.3096727090336867,-55.92076496583536
2410,0,normal,0.003633546642959118,0.3096727090336867,-55.92076496583536
2411,0,normal,0.003633546642959118,0.3096727090336867,-55.92076496583536
2412,0,normal,0.003633546642959118,0.3096727090336867,-55.92076496583536
2413,0,normal,0.003633546642959118,0.3096727090336867,-55.92076496583536
2414,0,normal,0.003633546642959118,0.3096727090336867,-55.92076496583536
2415,0,normal,0.003633546642959118,0.3096727090336867,-55.92076496583536
2416,0,normal,0.003633546642959118,0.3096727090336867,-55.92076496583536
2417,0,normal,0.003633546642959118,0.3096727090336867,-55.92076496583536
2418,0,normal,0.003633546642959118,0.3096727090336867,-55.92076496583536
2419,0,normal,0.003633546642959118,0.3096727090336867,-55.92076496583536
2420,0,normal,0.003633546642959118,0.3096727090336867,-55.92076496583536
2421,0,normal,0.003633546642959118,0.3096727090336867,-55.92076496583536
2422,0,normal,0.003633546642959118,0.3096727090336867,-55.92076496583536
2423,0,normal,0.003633546642959118,0.3096727090336867,-55.92076496583536
2424,0,normal,0.003633546642959118,0.3096727090336867,-55.92076496583536
2425,0,normal,0.003633546642959118,0.3096727090336867,-55.92076496583536
2426,0,normal,0.003633546642959118,0.3096727090336867,-55.92076496583536
2427,0,normal,0.003633546642959118,0.3096727090336867,-55.92076496583536
2428,0,normal,0.003633546642959118,0.3096727090336867,-55.92076496583536
2429,0,normal,0.003633546642959118,0.3096727090336867,-55.92076496583536
2430,0,normal,0.003633546642959118,0.3096727090336867,-55.92076496583536
2431,0,normal,0.003633546642959118,0.3096727090336867,-55.92076496583536
2432,0,normal,0.003633546642959118,0.3096727090336867,-55.92076496583536
2433,0,normal,0.003633546642959118,0.3096727090336867,-55.92076496583536
2434,0,normal,0.003633546642959118,0.3096727090336867,-55.92076496583536
2435,0,normal,0.003633546642959118,0.3096727090336867,-55.92076496583536
2436,0,normal,0.003633546642959118,0.3096727090336867,-55.92076496583536
2437,0,normal,0.003633546642959118,0.3096727090336867,-55.92076496583536
2438,0,normal,0.003633546642959118,0.3096727090336867,-55.92076496583536
2439,0,normal,0.003633546642959118,0.3096727090336867,-55.92076496583536
2440,0,normal,0.003633546642959118,0.3096727090336867,-55.92076496583536
2441,0,normal,0.003633546642959118,0.3096727090336867,-55.92076496583536
2442,0,normal,0.003633546642959118,0.3096727090336867,-55.92076496583536
2443,0,normal,0.003633546642959118,0.3096727090336867,-55.92076496583536
2444,0,normal,0.003633546642959118,0.3096727090336867,-55.92076496583536
2445,0,normal,0.003633546642959118,0.3096727090336867,-55.92076496583536
2446,0,normal,0.003633546642959118,0.3096727090336867,-55.92076496583536
2447,0,normal,0.003633546642959118,0.3096727090336867,-55.92076496583536
2448,0,normal,0.003633546642959118,0.3096727090336867,-55.92076496583536
2449,0,normal,0.003633546642959118,0.3096727090336867,-55.92076496583536
2450,0,normal,0.003633546642959118,0.3096727090336867,-55.92076496583536
2451,0,normal,0.003633546642959118,0.3096727090336867,-55.92076496583536
2452,0,normal,0.003633546642959118,0.3096727090336867,-55.92076496583536
2453,0,normal,0.003633546642959118,0.3096727090336867,-55.92076496583536
2454,0,normal,0.003633546642959118,0.3096727090336867,-55.92076496583536
2455,0,normal,7.446736812591553,0.3327723903507506,-25.396538748026387
2456,0,normal,0.024049285799264908,0.34526934004162135,-25.028403384608282
2457,0,normal,3.740247964859009,0.3734205152349896,1.394410250454257
2458,0,normal,0.10881484299898148,0.3688195535426672,1.6773314987131016
2459,0,normal,0.15966756641864777,0.3816047661936056,2.8461545016666605
2460,0,normal,0.17304742336273193,0.37834017344540377,4.431258959645447
2461,0,normal,0.1641993671655655,0.3741976171278836,6.031855493176636
2462,0,normal,0.12808917462825775,0.40588914068173243,7.676900614193755
2463,0,normal,0.09658033400774002,0.3942020115052719,9.307806969260355
2464,0,normal,0.13492488861083984,0.40882439274629484,10.97108312034402
2465,0,normal,0.403450608253479,0.4170751510641809,12.64970951364694
2466,0,normal,1.3296889066696167,0.40415324422473753,14.347498186038365
2467,0,normal,0.9455211162567139,0.4435463086245315,39.99397152328811
2468,0,normal,0.2520972192287445,0.4469828436773994,40.61129735486429
2469,0,normal,2.133380651473999,0.4526083054030591,54.10966750172247
2470,0,normal,0.028478575870394707,0.46441696155539847,54.15385003562551
2471,0,normal,0.010056231170892715,0.44564065512879475,54.129959769163634
2472,0,normal,0.003838782198727131,0.46120573330135956,53.78608822075057
2473,0,normal,0.0031812710221856833,0.46504151031239943,53.7210335119928
2474,0,normal,0.0034701689146459103,0.4583938136053277,53.82763653011125
2475,0,normal,0.003781634848564863,0.46414373785692964,53.95097663392539
2476,0,normal,0.003948003984987736,0.4697341399424245,54.01379348380124
2477,0,normal,0.003986007999628782,0.4413440838890629,54.25950709712015
2478,0,normal,0.003948769997805357,0.4567981347367204,54.50641488647693
2479,0,normal,0.0038808982353657484,0.4425516673134063,54.81584436521189
2480,0,normal,0.003809696761891246,0.44626049088665815,55.27958186502087
2481,0,normal,0.0037481801118701696,0.4524927549776859,55.79025971466922
2482,0,normal,0.0037004309706389904,0.46768254665894143,56.847066167682215
2483,0,normal,0.003665987867861986,0.46564933791538005,57.870711976083385
2484,0,normal,0.0036426500882953405,0.45338942833045737,58.92337442914504
2485,0,normal,0.0036327859852463007,0.43417320223868955,32.2606126499727
2486,0,normal,0.003623878350481391,0.42909572857116796,32.91992303345501
2487,0,normal,0.0036817656364291906,0.40308232803350785,5.89532705834381
2488,0,normal,0.003650449216365814,0.40065610125796797,4.258219206296189
2489,0,normal,0.0036285100504755974,0.3993441531146186,2.8350605843688754
2490,0,normal,0.0036169076338410378,0.3889625275311437,1.3960083287784073
2491,0,normal,0.0036136945709586143,0.37966110093945615,-1.7141394437203417e-06
2492,0,normal,0.00361643242649734,0.3821402667409478,-0.9855415847248423
2493,0,normal,0.0036231176927685738,0.36987887594895485,-2.5799322576035593
2494,0,normal,0.003631706116721034,0.36019706780139876,-4.595847430630329
2495,0,normal,0.003640405833721161,0.36206185217992043,-6.902236508602073
2496,0,normal,0.0036479400005191565,0.35571036754995616,-9.385628585880568
2497,0,normal,0.003709906479343772,0.334075818850491,-38.713175489268
2498,0,normal,0.0036517223343253136,0.3244223582001283,-40.35490542327784
2499,0,normal,0.003633546642959118,0.3096727090336867,-55.92076496583536
2500,0,normal,0.003633546642959118,0.3096727090336867,-55.92076496583536
2501,0,normal,0.003633546642959118,0.3096727090336867,-55.92076496583536
2502,0,normal,7.446736812591553,0.3327723903507506,-25.396538748026387
2503,0,normal,0.024049285799264908,0.34526934004162135,-25.028403384608282
2504,0,normal,0.7673487067222595,0.33332755808375913,-24.89408685854619
2505,0,normal,1.1006579399108887,0.36572261448992693,0.4447996297874397
2506,0,normal,0.09419464319944382,0.3725552346915819,1.400157706245409
2507,0,normal,0.6895973682403564,0.3785295781055595,1.6080935394111293
2508,0,normal,0.27145349979400635,0.36806561947949673,3.2998035820492078
2509,0,normal,0.172395721077919,0.38259696260108367,4.909775714824036
2510,0,normal,0.1304624080657959,0.39670118941762844,6.574458233832047
2511,0,normal,0.17335589230060577,0.3927134061749368,8.241247973682675
2512,0,normal,0.517221212387085,0.4199918010026852,9.899705249711133
2513,0,normal,2.4540205001831055,0.4002909823427821,10.202642485474826
2514,0,normal,0.9908928275108337,0.43020892694150026,35.94284164286114
2515,0,normal,0.10562663525342941,0.4361732722767722,37.41587884585783
2516,0,normal,0.5517343282699585,0.4404916284622755,37.74319752147585
2517,0,normal,1.8828158378601074,0.4417125873191719,51.29744685198966
2518,0,normal,0.02365667000412941,0.45134441755838994,51.280479206403925
2519,0,normal,0.006175059359520674,0.4668256966207107,51.29131559842813
2520,0,normal,0.0029500045347958803,0.459005669620892,50.91238062572438
2521,0,normal,0.0017755377339199185,0.4679375708872657,50.848842820420714
2522,0,normal,0.001299744937568903,0.4537624150491307,51.02984460485072
2523,0,normal,0.0013461086200550199,0.44903312407779816,51.04552614257841
2524,0,normal,0.0016625919379293919,0.4628854703769154,51.32427937505736
2525,0,normal,0.002053544856607914,0.44056253533567297,51.59228215903045
2526,0,normal,0.002414235146716237,0.4550834513659771,51.77376780978125
2527,0,normal,0.0027072220109403133,0.4531585518224419,52.0892818126556
2528,0,normal,0.0029314260464161634,0.450699479088832,52.641781309191174
2529,0,normal,0.0030997341964393854,0.45578479312668224,53.1347908657433
2530,0,normal,0.003226871369406581,0.4665772089588269,54.197172434818185
2531,0,normal,0.0033246756065636873,0.45041589631718454,55.241979281135855
2532,0,normal,0.003410113276913762,0.43042060525609144,28.390417520339724
2533,0,normal,0.0034690117463469505,0.44232363478611164,28.64337532933928
2534,0,normal,0.0035149045288562775,0.43405150023508465,29.18092201383638
2535,0,normal,0.0036204957868903875,0.3873605046750827,1.8816836105943366
2536,0,normal,0.0036076498217880726,0.39847621477953304,0.1017377399216457
2537,0,normal,0.003606775077059865,0.3991388385512689,0.9665182052976888
2538,0,normal,0.0036101986188441515,0.3844850312760766,-0.7576921899933495
2539,0,normal,0.003618804505094886,0.38659865514756625,-1.879222796785598
2540,0,normal,0.0036304581444710493,0.3756142488809051,-3.313051759961809
2541,0,normal,0.0036436740774661303,0.357492406238843,-5.296713488973637
2542,0,normal,0.0036570499651134014,0.35616654219762517,-7.6867457420219125
2543,0,normal,0.00366040226072073,0.3634087769138146,-7.656585871074412
2544,0,normal,0.003897089045494795,0.3294645158711415,-36.746147581222885
2545,0,normal,0.0036870092153549194,0.33191875848336316,-39.71664020146909
2546,0,normal,0.0036517223343253136,0.3244223582001283,-40.35490542327784
2547,0,normal,0.003633546642959118,0.3096727090336867,-55.92076496583536
2548,0,normal,0.003633546642959118,0.3096727090336867,-55.92076496583536
2549,0,normal,0.003633546642959118,0.3096727090336867,-55.92076496583536
2550,0,normal,0.003633546642959118,0.3096727090336867,-55.92076496583536
2551,0,normal,0.003633546642959118,0.3096727090336867,-55.92076496583536
2552,0,normal,7.446736812591553,0.3327723903507506,-25.396538748026387
2553,0,normal,0.024049285799264908,0.34526934004162135,-25.028403384608282
2554,0,normal,0.9517195820808411,0.3397551804793094,-23.453580185404235
2555,0,normal,1.4901295900344849,0.37074079001245025,0.42518138770128644
2556,0,normal,0.11369059979915619,0.37211761787896386,1.4289936209188454
2557,0,normal,0.7065848112106323,0.380324700852854,1.5900187382776494
2558,0,normal,0.2590031325817108,0.36590881955255383,3.313985442727926
2559,0,normal,0.6842139959335327,0.3862508169639498,3.5718167792647364
2560,0,normal,0.28752923011779785,0.3963854917380087,5.2778843113758285
2561,0,normal,0.19888614118099213,0.3894828304559709,6.940836730771252
2562,0,normal,1.1443670988082886,0.4074802152815114,7.270055926695932
2563,0,normal,2.4186465740203857,0.43361377953818553,33.09822921408431
2564,0,normal,0.14606092870235443,0.43247302253591396,34.55771991384586
2565,0,normal,0.5131459832191467,0.4270204345933132,34.90784467970525
2566,0,normal,1.90603768825531,0.4385110997941968,48.459526133438885
2567,0,normal,0.034093115478754044,0.4527217889535686,48.42640705014628
2568,0,normal,0.008607001975178719,0.45083288919772135,48.45234804751749
2569,0,normal,0.0037585583049803972,0.4344389735070246,48.06354670332121
2570,0,normal,0.0020965104922652245,0.4733995249980529,47.978652588348496
2571,0,normal,0.001391989877447486,0.43574849234227414,48.06889257863918
2572,0,normal,0.001333586173132062,0.44794450389130636,48.26138939314319
2573,0,normal,0.0016102215740829706,0.4533162064757146,48.26409758855107
2574,0,normal,0.001993924379348755,0.44683871001949366,48.4587202633229
2575,0,normal,0.002360100159421563,0.4360777096664844,48.77810508988773
2576,0,normal,0.002660793950781226,0.45575735168539816,48.99348729147482
2577,0,normal,0.0028911950066685677,0.4519032053255841,49.307526825781224
2578,0,normal,0.00306410389021039,0.4377338127310878,49.894607427669825
2579,0,normal,0.003195260651409626,0.4567235883328525,50.428749105018824
2580,0,normal,0.0032972581684589386,0.4546768460798952,51.50738333917684
2581,0,normal,0.0033784264232963324,0.4542457076275304,52.451181821811815
2582,0,normal,0.003449142910540104,0.4336831598259425,25.47639802739286
2583,0,normal,0.0034992049913853407,0.42485279382583113,25.731217332923052
2584,0,normal,0.003539593191817403,0.408987988232099,23.67245259862534
2585,0,normal,0.0036063960287719965,0.3996556869743362,-1.5395514348031156
2586,0,normal,0.0036023673601448536,0.39198351791463865,-3.269551141186639
2587,0,normal,0.003609271487221122,0.3808417913499477,-2.8567868407453716
2588,0,normal,0.0036190981045365334,0.37923968814641573,-4.159567466892668
2589,0,normal,0.0036304581444710493,0.3756142488809051,-3.313051759961809
2590,0,normal,0.0036436740774661303,0.357492406238843,-5.296713488973637
2591,0,normal,0.0036570499651134014,0.35616654219762517,-7.6867457420219125
2592,0,normal,0.00366040226072073,0.3634087769138146,-7.656585871074412
2593,0,normal,0.003897089045494795,0.3294645158711415,-36.746147581222885
2594,0,normal,0.0036870092153549194,0.33191875848336316,-39.71664020146909
2595,0,normal,0.0036517223343253136,0.3244223582001283,-40.35490542327784
2596,0,normal,0.003633546642959118,0.3096727090336867,-55.92076496583536
2597,0,normal,0.003633546642959118,0.3096727090336867,-55.92076496583536
2598,0,normal,0.003633546642959118,0.3096727090336867,-55.92076496583536
2599,0,normal,0.003633546642959118,0.3096727090336867,-55.92076496583536
2600,0,normal,7.446736812591553,0.3327723903507506,-25.396538748026387
2601,0,normal,0.024049285799264908,0.34526934004162135,-25.028403384608282
2602,0,normal,0.7673487067222595,0.33332755808375913,-24.89408685854619
2603,0,normal,1.1006579399108887,0.36572261448992693,0.4447996297874397
2604,0,normal,0.09419464319944382,0.3725552346915819,1.400157706245409
2605,0,normal,2.4857988357543945,0.39545683039997,13.420853538645815
2606,0,normal,7.885687828063965,0.4010560694049108,50.16086930594588
2607,0,normal,0.2596476674079895,0.40668454264687154,51.75154660864996
2608,0,normal,0.17206346988677979,0.4162127034651024,53.31477895590592
2609,0,normal,0.29999515414237976,0.4090617117768379,54.71915920118113
2610,0,normal,0.861964225769043,0.44553620267783667,56.25650224756191
2611,0,normal,2.2185869216918945,0.4220274947412657,57.86791113422714
2612,0,normal,0.6611905097961426,0.46042586943499264,82.500323811194
2613,0,normal,0.12111014872789383,0.4541992768636942,83.9493092502671
2614,0,normal,1.5408486127853394,0.47029620527848537,89.57951046611265
2615,0,normal,1.3061479330062866,0.4668157693613455,97.3237272296019
2616,0,normal,0.02657165192067623,0.4713373845158795,97.28866754206547
2617,0,normal,0.011615362949669361,0.49013718004938095,97.15521337163682
2618,0,normal,0.005271490663290024,0.4785959199919783,96.88585099564034
2619,0,normal,0.0026047928258776665,0.47744395926025435,96.8951056352048
2620,0,normal,0.001657420420087874,0.47727423646156436,97.04268922838219
2621,0,normal,0.0015880789142102003,0.4842392764914472,97.06211345792667
2622,0,normal,0.001881627831608057,0.48166899385547585,97.3142237469724
2623,0,normal,0.0022628898732364178,0.4574893884992697,97.53824024461574
2624,0,normal,0.0026108468882739544,0.47662030674797157,97.69598418520036
2625,0,normal,0.002888006391003728,0.46745432347943744,98.00409517238177
2626,0,normal,0.003094802377745509,0.48459432713228884,98.53914661549379
2627,0,normal,0.0032446335535496473,0.47456558833815954,99.09311732740298
2628,0,normal,0.003352356143295765,0.49693938748635585,100.302673328119
2629,0,normal,0.0034301942214369774,0.46241374651225897,101.4710987795795
2630,0,normal,0.0034884538035839796,0.44721046372382967,76.18320116784457
2631,0,normal,0.003529947716742754,0.4548557526115355,76.6139588396561
2632,0,normal,0.0035603444557636976,0.4414638978291664,77.29351899747121
2633,0,normal,0.0036215425934642553,0.4168410114284317,51.38208399788664
2634,0,normal,0.0036172957625240088,0.42115240895372436,49.936527629062766
2635,0,normal,0.0036453630309551954,0.40045165063019655,38.057334634929475
2636,0,normal,0.003620672971010208,0.3868932152811518,1.027032342157554
2637,0,normal,0.003623459953814745,0.38443891268410746,0.059434552937318585
2638,0,normal,0.003630782477557659,0.3782187498282834,-1.2936971850203918
2639,0,normal,0.003639875678345561,0.3593952996456775,-3.1608835350464233
2640,0,normal,0.003649401245638728,0.36098818851952685,-5.3518590174167
2641,0,normal,0.0036583084147423506,0.36548012337178276,-7.65189551263893
2642,0,normal,0.0039550261572003365,0.33115966225930094,-36.74507637346824
2643,0,normal,0.003686480689793825,0.33044303176951645,-39.71557456982896
2644,0,normal,0.003641948103904724,0.31943547382507487,-46.30578268375643
2645,0,normal,0.003633546642959118,0.3096727090336867,-55.92076496583536
2646,0,normal,0.003633546642959118,0.3096727090336867,-55.92076496583536
2647,0,normal,0.003633546642959118,0.3096727090336867,-55.92076496583536
2648,0,normal,0.003633546642959118,0.3096727090336867,-55.92076496583536
2649,0,normal,0.003633546642959118,0.3096727090336867,-55.92076496583536
2650,0,normal,0.003633546642959118,0.3096727090336867,-55.92076496583536
2651,0,normal,0.003633546642959118,0.3096727090336867,-55.92076496583536
2652,0,normal,0.003633546642959118,0.3096727090336867,-55.92076496583536
2653,0,normal,0.003633546642959118,0.3096727090336867,-55.92076496583536
2654,0,normal,0.003633546642959118,0.3096727090336867,-55.92076496583536
2655,0,normal,0.003633546642959118,0.3096727090336867,-55.92076496583536
2656,0,normal,0.003633546642959118,0.3096727090336867,-55.92076496583536
2657,0,normal,0.003633546642959118,0.3096727090336867,-55.92076496583536
2658,0,normal,0.003633546642959118,0.3096727090336867,-55.92076496583536
2659,0,normal,0.003633546642959118,0.3096727090336867,-55.92076496583536
2660,0,normal,0.003633546642959118,0.3096727090336867,-55.92076496583536
2661,0,normal,0.003633546642959118,0.3096727090336867,-55.92076496583536
2662,0,normal,83.01738739013672,0.3280649386682983,249.650585976329
2663,0,normal,0.010084950365126133,0.33147844958044137,249.61485462212465
2664,0,normal,0.005312392953783274,0.3196979660994116,249.58365771579304
2665,0,normal,0.003015459282323718,0.31964085560524236,249.42412000767183
2666,0,normal,0.002651444636285305,0.3230643876467693,249.36017317701896
2667,0,normal,0.0027692988514900208,0.32130257481030045,249.3605465180758
2668,0,normal,0.002979307435452938,0.31557899716931465,249.36915896641858
2669,0,normal,0.0031685978174209595,0.3274655185946203,249.37760567774103
2670,0,normal,0.003313926048576832,0.3196018279729149,249.38225828353995
2671,0,normal,0.0034196344204247,0.318412561330593,249.39551448258044
2672,0,normal,0.003495149314403534,0.3214663171956885,249.3912257391147
2673,0,normal,0.003548599313944578,0.3174624547908068,249.38804159400365
2674,0,normal,0.003585929749533534,0.31131845462011454,249.38415484334996
2675,0,normal,0.0036113986279815435,0.31702402987289735,249.3800472437713
2676,0,normal,0.0036281223874539137,0.32426316423991564,249.3714398644222
2677,0,normal,0.0036384707782417536,0.3192357630399738,249.37110237405432
2678,0,normal,0.00364426476880908,0.3175834003383512,249.35936996522491
2679,0,normal,0.003646902274340391,0.32007156428944167,249.35891259968912
2680,0,normal,0.0036474429070949554,0.32250324070896413,249.33741286117584
2681,0,normal,0.003646664321422577,0.31651243324675665,249.33900488199572
2682,0,normal,0.0036451336927711964,0.31743822767376056,249.35302446265018
2683,0,normal,0.0036432386841624975,0.3168232393574563,249.36052178883585
2684,0,normal,0.0036412449553608894,0.31827163426019545,249.4384954028169
2685,0,normal,0.0036393271293491125,0.3143915245043513,249.5457941263686
2686,0,normal,0.0036375895142555237,0.3168677782202264,249.5758235490116
2687,0,normal,0.0036360989324748516,0.3170246316738262,249.67193326009192
2688,0,normal,0.0036348828580230474,0.3169061178665654,249.7163141820654
2689,0,normal,0.0036339545622467995,0.31721882350304353,249.72403709233436
2690,0,normal,0.0036333182360976934,0.32075196255823085,249.71218003720332
2691,0,normal,0.0036329952999949455,0.31762411111951655,249.7178983213903
2692,0,normal,0.003633546642959118,0.3096727090336867,-55.92076496583536
2693,0,normal,0.003633546642959118,0.3096727090336867,-55.92076496583536
2694,0,normal,0.003633546642959118,0.3096727090336867,-55.92076496583536
2695,0,normal,0.003633546642959118,0.3096727090336867,-55.92076496583536
2696,0,normal,0.003633546642959118,0.3096727090336867,-55.92076496583536
2697,0,normal,0.003633546642959118,0.3096727090336867,-55.92076496583536
2698,0,normal,7.446736812591553,0.3327723903507506,-25.396538748026387
2699,0,normal,0.024049285799264908,0.34526934004162135,-25.028403384608282
2700,0,normal,1.9007123708724976,0.3500999550356732,-14.185650485880842
2701,0,normal,1.8995367288589478,0.3847620504000039,10.810315208053908
2702,0,normal,0.09440328180789948,0.39014302901311876,11.764498834923643
2703,0,normal,0.5682730078697205,0.39039395745565847,11.998509636471226
2704,0,normal,0.33163344860076904,0.37927091006769925,13.681550161871428
2705,0,normal,0.2177181988954544,0.4000968335245712,15.290342018697629
2706,0,normal,0.13990002870559692,0.40813795414683124,16.95149723125951
2707,0,normal,0.10291748493909836,0.4101611665904779,18.6125079425924
2708,0,normal,0.21807077527046204,0.42827188813685,20.270580463612077
2709,0,normal,3.873274564743042,0.448218284822898,44.44596370603358
2710,0,normal,0.19098921120166779,0.4297502135151585,45.959736008860546
2711,0,normal,0.5034042000770569,0.4392554434014855,46.27245230296444
2712,0,normal,1.9023594856262207,0.45025114282073164,59.71382608044996
2713,0,normal,0.033223919570446014,0.46867753286766706,59.713393727268794
2714,0,normal,0.008387211710214615,0.4675282561982473,59.733693716504376
2715,0,normal,0.00373450038023293,0.4409651107633885,59.368441480468164
2716,0,normal,0.00211666664108634,0.47760281341116917,59.282605055131626
2717,0,normal,0.0014059384120628238,0.46008986407858843,59.37571293301221
2718,0,normal,0.0013333731330931187,0.458737887438959,59.53478155758103
2719,0,normal,0.0015990036772564054,0.4570367961508172,59.52182496647288
2720,0,normal,0.001976964995265007,0.4475161852718593,59.696402067706
2721,0,normal,0.00234259944409132,0.4432054912087661,60.00082022598713
2722,0,normal,0.0026467288844287395,0.4667634097074013,60.19506581796941
2723,0,normal,0.0028826557099819183,0.4582053017945794,60.55785456595231
2724,0,normal,0.0030613383278250694,0.44013535512717,61.14590581501443
2725,0,normal,0.003197229467332363,0.4765761659246692,61.88383344505928
2726,0,normal,0.0033023348078131676,0.4546670128760487,63.00285469314963
2727,0,normal,0.0033849705941975117,0.4585462554949037,64.00204587204621
2728,0,normal,0.0034582216758280993,0.44449433099861735,37.41579349379117
2729,0,normal,0.003506643930450082,0.4394598613369512,37.72234939497457
2730,0,normal,0.003542987396940589,0.42406057680422843,27.561476002184463
2731,0,normal,7.446662902832031,0.4159012537818061,29.45532527218961
2732,0,normal,0.02404608018696308,0.4221538072596419,28.30694794992405
2733,0,normal,0.7686793804168701,0.4109614082050806,29.032336169461587
2734,0,normal,1.0995110273361206,0.43902499664964323,52.234990100685536
2735,0,normal,0.094130739569664,0.4410120927918591,51.811735598479345
2736,0,normal,0.15364232659339905,0.43236494566909967,51.41982795855529
2737,0,normal,0.1599055528640747,0.4173018613845881,50.75752164094729
2738,0,normal,0.14534947276115417,0.4350077020283089,49.962846090315225
2739,0,normal,0.12332586199045181,0.41595395504046384,26.12891955062264
2740,0,normal,0.14393234252929688,0.40942860486494553,24.91469201013365
2741,0,normal,4.2822723388671875,0.4547034059778954,49.70748682432577
2742,0,normal,0.17260566353797913,0.42754068036845694,36.725037088522186
2743,0,normal,0.31716206669807434,0.42588901908261984,37.5847366406183
2744,0,normal,1.8963137865066528,0.433155520934117,51.15919368746563
2745,0,normal,0.0388573482632637,0.4603997125483594,51.14117021494417
2746,0,normal,0.010563905350863934,0.45497512499350473,51.15863185532362
2747,0,normal,0.004625339061021805,0.4367366108284394,50.821035165178955
2748,0,normal,0.0026525186840444803,0.4698144038426945,50.768243499878736
2749,0,normal,0.0016819351585581899,0.4563501518011903,50.86376631993426
2750,0,normal,0.001428648829460144,0.45427203959296564,50.98979497639675
2751,0,normal,0.0015959603479132056,0.4543814037933429,51.16701057856153
2752,0,normal,0.0019347651395946741,0.44164610522264236,51.06025493461971
2753,0,normal,0.002294386737048626,0.45245652112307416,51.290744468947196
2754,0,normal,0.0026068096049129963,0.439402856088926,51.58515421872221
2755,0,normal,0.0028545947279781103,0.4531810769699512,51.71582422312349
2756,0,normal,0.0030439053662121296,0.4401997095908381,52.01875072955659
2757,0,normal,0.003187809605151415,0.4419179979252733,52.57256575395468
2758,0,normal,0.003298466093838215,0.4431014572633897,53.09745450969831
2759,0,normal,0.0033848013263195753,0.4572111109037035,54.14172491316572
2760,0,normal,0.003452752949669957,0.45336065368974926,55.244909545123164
2761,0,normal,0.0035119561944156885,0.4217573128422591,28.572089146217195
2762,0,normal,0.0035523984115570784,0.41421080278503786,28.955608347220277
2763,0,normal,0.0035803010687232018,0.41774626003360377,29.753197636714503
2764,0,normal,0.003613519249483943,0.39863647448410505,2.9907863353544144
2765,0,normal,0.0036121217999607325,0.3893559148270025,1.4425602508904376
2766,0,normal,0.0036184911150485277,0.3854935892578158,0.512287192627582
2767,0,normal,0.0036290553398430347,0.3758815600177715,-0.7013707828432416
2768,0,normal,0.0036408226005733013,0.3641361477840387,-2.4829723351876964
2769,0,normal,0.003652342827990651,0.3639291139857676,-4.623436308119608
2770,0,normal,0.003662815084680915,0.36634143484954446,-6.822402937674724
2771,0,normal,0.003953165374696255,0.33352819632597686,-35.82494627950041
2772,0,normal,0.003709906479343772,0.334075818850491,-38.713175489268
2773,0,normal,0.0036517223343253136,0.3244223582001283,-40.35490542327784
2774,0,normal,0.003633546642959118,0.3096727090336867,-55.92076496583536
2775,0,normal,0.003633546642959118,0.3096727090336867,-55.92076496583536
2776,0,normal,0.003633546642959118,0.3096727090336867,-55.92076496583536
2777,0,normal,0.003633546642959118,0.3096727090336867,-55.92076496583536
2778,0,normal,0.003633546642959118,0.3096727090336867,-55.92076496583536
2779,0,normal,0.003633546642959118,0.3096727090336867,-55.92076496583536
2780,0,normal,0.003633546642959118,0.3096727090336867,-55.92076496583536
2781,0,normal,0.003633546642959118,0.3096727090336867,-55.92076496583536
2782,0,normal,0.003633546642959118,0.3096727090336867,-55.92076496583536
2783,0,normal,0.003633546642959118,0.3096727090336867,-55.92076496583536
2784,0,normal,0.003633546642959118,0.3096727090336867,-55.92076496583536
2785,0,normal,0.003633546642959118,0.3096727090336867,-55.92076496583536
2786,0,normal,0.003633546642959118,0.3096727090336867,-55.92076496583536
2787,0,normal,0.003633546642959118,0.3096727090336867,-55.92076496583536
2788,0,normal,0.003633546642959118,0.3096727090336867,-55.92076496583536
2789,0,normal,0.003633546642959118,0.3096727090336867,-55.92076496583536
2790,0,normal,0.003633546642959118,0.3096727090336867,-55.92076496583536
2791,0,normal,0.003633546642959118,0.3096727090336867,-55.92076496583536
2792,0,normal,0.003633546642959118,0.3096727090336867,-55.92076496583536
2793,0,normal,0.003633546642959118,0.3096727090336867,-55.92076496583536
2794,0,normal,7.446736812591553,0.3327723903507506,-25.396538748026387
2795,0,normal,0.024049285799264908,0.34526934004162135,-25.028403384608282
2796,0,normal,0.7673487067222595,0.33332755808375913,-24.89408685854619
2797,0,normal,3.1501383781433105,0.3304124980830225,-25.80390345251749
2798,0,normal,1.194273829460144,0.37153338300480476,-1.1004279518140265
2799,0,normal,0.13330313563346863,0.3732233990871095,0.31748194557167153
2800,0,normal,0.19238430261611938,0.3741696627715727,1.9602150358332437
2801,0,normal,0.19542737305164337,0.37967516911188354,3.6652266701023564
2802,0,normal,0.18477116525173187,0.37688307378273284,5.267673154218528
2803,0,normal,0.19494667649269104,0.3993585833267249,6.9069170890218174
2804,0,normal,0.3300060033798218,0.40071285857449557,8.561575831036635
2805,0,normal,1.9672067165374756,0.4284541647401354,24.09754693556374
2806,0,normal,1.905423879623413,0.4320573756970093,35.87565497423088
2807,0,normal,0.2953343391418457,0.4259653488816645,36.60427360789322
2808,0,normal,1.0049971342086792,0.4265941365009394,43.027399737250335
2809,0,normal,1.4292786121368408,0.45132883425434367,50.15647295212011
2810,0,normal,0.045473530888557434,0.45640761111199885,50.21135022610724
2811,0,normal,0.01996942050755024,0.44891712204762085,50.08556572203997
2812,0,normal,0.014540771953761578,0.4640599838468567,49.85415778119727
2813,0,normal,0.011137496680021286,0.4558314925168917,49.88363932598395
2814,0,normal,0.0084197036921978,0.4415051731172679,50.0854071162687
2815,0,normal,0.006434181705117226,0.45689257324697213,50.17346533248974
2816,0,normal,0.005101755261421204,0.4535646860617194,50.349712288617866
2817,0,normal,0.004274323116987944,0.44279595794038495,50.636115521141846
2818,0,normal,0.003801199374720454,0.4385449760529505,50.80962600742441
2819,0,normal,0.003557065734639764,0.4470754461474864,50.9819523937083
2820,0,normal,0.0034496167208999395,0.44978215879828914,51.32324173681309
2821,0,normal,0.0034172493033111095,0.443205057321059,51.82960988820719
2822,0,normal,0.003422423033043742,0.45313441660344456,52.334743346352525
2823,0,normal,0.003444208763539791,0.4465250449002181,53.37485473683182
2824,0,normal,0.003499942598864436,0.43639779334053164,26.470539026078768
2825,0,normal,0.003520473837852478,0.41904261011570004,26.722226777718788
2826,0,normal,0.0035382185596972704,0.41478507231303424,27.000481394226426
2827,0,normal,0.0035533299669623375,0.4221299235856504,27.56974076135498
2828,0,normal,7.447065353393555,0.4153911913879759,31.93480581524568
2829,0,normal,0.024028943851590157,0.42112206265659663,30.92616072238934
2830,0,normal,0.9527371525764465,0.4191767650991938,31.201775700545568
2831,0,normal,0.870220422744751,0.43198450400151617,54.385698871533805
2832,0,normal,0.10522137582302094,0.443793435625766,53.767401775147846
2833,0,normal,0.167006254196167,0.43454540475700953,53.25101890817746
2834,0,normal,0.17306672036647797,0.42820459626797674,52.66121691177182
2835,0,normal,115.66059112548828,0.46152504338840167,416.091103830958
2836,0,normal,1.0709936618804932,0.44567474269788904,408.4338428498977
2837,0,normal,0.8333274126052856,0.4262247628710874,408.4786007843296
2838,0,normal,0.9834482669830322,0.43358760512025224,404.63116582302143
2839,0,normal,2.528601884841919,0.4599487596813317,416.5613135813902
2840,0,normal,0.20672355592250824,0.4553941235549769,417.0208313536025
2841,0,normal,0.5113826394081116,0.45246552949392105,417.2836227953013
2842,0,normal,1.9257159233093262,0.4766089159165768,426.1388410992719
2843,0,normal,0.024532757699489594,0.47804798396483333,426.4668353768129
2844,0,normal,0.006286345887929201,0.4787174664172217,426.83758896225015
2845,0,normal,0.004401334095746279,0.47023309377133754,426.6103778566678
2846,0,normal,0.0036892779171466827,0.48927530812377806,426.5499636544166
2847,0,normal,0.003414667909964919,0.46157346600849614,426.5787173098074
2848,0,normal,0.0034305453300476074,0.47770426334117855,426.7014054068155
2849,0,normal,0.003516154130920768,0.4783652096077977,426.6465460123454
2850,0,normal,0.003540574572980404,0.48090362373444834,426.7609424930463
2851,0,normal,0.003484573680907488,0.44743563727142843,426.9591983963086
2852,0,normal,0.0033894837833940983,0.4721663817097835,427.09128072732085
2853,0,normal,0.0033041690476238728,0.4870052197741426,427.29299730461537
2854,0,normal,0.00325771514326334,0.4533443028092744,427.70365332159304
2855,0,normal,0.003256093943491578,0.49846971427328,428.13156765723954
2856,0,normal,0.003290264867246151,0.47349771858552697,428.9389500770087
2857,0,normal,0.00334565038792789,0.4730195722100491,429.7774640383677
2858,0,normal,0.0034078392200171947,0.4399329519725795,412.57219514138967
2859,0,normal,0.0034687360748648643,0.4479880180700153,412.9709348960596
2860,0,normal,0.0035211704671382904,0.4339888703599781,412.1357968463192
2861,0,normal,0.0035607111640274525,0.41339899218906456,394.5679090571713
2862,0,normal,0.003590826876461506,0.4073864298906233,393.71281269989595
2863,0,normal,0.0036130696535110474,0.4051061513096299,392.64413171533704
2864,0,normal,0.0036290553398430347,0.3963983830872316,391.98858940185653
2865,0,normal,0.003632980864495039,0.3736246735242293,-2.33928708677945
2866,0,normal,0.0036444813013076782,0.3594562360967001,-4.256986768805973
2867,0,normal,0.0036564101465046406,0.3609762994309262,-6.553560324068485
2868,0,normal,0.00366761046461761,0.3599818491799063,-8.900247605360846
2869,0,normal,0.003919631242752075,0.32500300904843643,-38.12617758680449
2870,0,normal,0.0036870092153549194,0.33191875848336316,-39.71664020146909
2871,0,normal,0.0036517223343253136,0.3244223582001283,-40.35490542327784
2872,0,normal,0.003633546642959118,0.3096727090336867,-55.92076496583536
2873,0,normal,0.003633546642959118,0.3096727090336867,-55.92076496583536
2874,0,normal,0.003633546642959118,0.3096727090336867,-55.92076496583536
2875,0,normal,0.003633546642959118,0.3096727090336867,-55.92076496583536
2876,0,normal,0.003633546642959118,0.3096727090336867,-55.92076496583536
2877,0,normal,0.003633546642959118,0.3096727090336867,-55.92076496583536
2878,0,normal,0.003633546642959118,0.3096727090336867,-55.92076496583536
2879,0,normal,0.003633546642959118,0.3096727090336867,-55.92076496583536
2880,0,normal,0.003633546642959118,0.3096727090336867,-55.92076496583536
2881,0,normal,0.003633546642959118,0.3096727090336867,-55.92076496583536
2882,0,normal,0.003633546642959118,0.3096727090336867,-55.92076496583536
2883,0,normal,0.003633546642959118,0.3096727090336867,-55.92076496583536
2884,0,normal,0.003633546642959118,0.3096727090336867,-55.92076496583536
2885,0,normal,0.003633546642959118,0.3096727090336867,-55.92076496583536
2886,0,normal,0.003633546642959118,0.3096727090336867,-55.92076496583536
2887,0,normal,0.003633546642959118,0.3096727090336867,-55.92076496583536
2888,0,normal,0.003633546642959118,0.3096727090336867,-55.92076496583536
2889,0,normal,0.003633546642959118,0.3096727090336867,-55.92076496583536
2890,0,normal,0.003633546642959118,0.3096727090336867,-55.92076496583536
2891,0,normal,0.003633546642959118,0.3096727090336867,-55.92076496583536
2892,0,normal,0.003633546642959118,0.3096727090336867,-55.92076496583536
2893,0,normal,0.003633546642959118,0.3096727090336867,-55.92076496583536
2894,0,normal,0.003633546642959118,0.3096727090336867,-55.92076496583536
2895,0,normal,0.003633546642959118,0.3096727090336867,-55.92076496583536
2896,0,normal,0.003633546642959118,0.3096727090336867,-55.92076496583536
2897,0,normal,0.003633546642959118,0.3096727090336867,-55.92076496583536
2898,0,normal,0.003633546642959118,0.3096727090336867,-55.92076496583536
2899,0,normal,0.003633546642959118,0.3096727090336867,-55.92076496583536
2900,0,normal,0.003633546642959118,0.3096727090336867,-55.92076496583536
2901,0,normal,0.003633546642959118,0.3096727090336867,-55.92076496583536
2902,0,normal,0.003633546642959118,0.3096727090336867,-55.92076496583536
2903,0,normal,0.003633546642959118,0.3096727090336867,-55.92076496583536
2904,0,normal,0.003633546642959118,0.3096727090336867,-55.92076496583536
2905,0,normal,0.003633546642959118,0.3096727090336867,-55.92076496583536
2906,0,normal,0.003633546642959118,0.3096727090336867,-55.92076496583536
2907,0,normal,0.003633546642959118,0.3096727090336867,-55.92076496583536
2908,0,normal,0.003633546642959118,0.3096727090336867,-55.92076496583536
2909,0,normal,0.003633546642959118,0.3096727090336867,-55.92076496583536
2910,0,normal,0.003633546642959118,0.3096727090336867,-55.92076496583536
2911,0,normal,0.003633546642959118,0.3096727090336867,-55.92076496583536
2912,0,normal,0.003633546642959118,0.3096727090336867,-55.92076496583536
2913,0,normal,0.003633546642959118,0.3096727090336867,-55.92076496583536
2914,0,normal,0.003633546642959118,0.3096727090336867,-55.92076496583536
2915,0,normal,0.003633546642959118,0.3096727090336867,-55.92076496583536
2916,0,normal,0.003633546642959118,0.3096727090336867,-55.92076496583536
2917,0,normal,0.003633546642959118,0.3096727090336867,-55.92076496583536
2918,0,normal,0.003633546642959118,0.3096727090336867,-55.92076496583536
2919,0,normal,0.003633546642959118,0.3096727090336867,-55.92076496583536
2920,0,normal,0.003633546642959118,0.3096727090336867,-55.92076496583536
2921,0,normal,1.5042473077774048,0.32060089680930026,-50.4785922563683
2922,0,normal,0.015242733992636204,0.3212706983543815,-50.53102040952513
2923,0,normal,0.011590704321861267,0.3173124223004528,-50.52431163913843
2924,0,normal,0.00892016850411892,0.3164450588432309,-50.50896320680499
2925,0,normal,0.008154025301337242,0.3143785522911239,-50.503848901451875
2926,0,normal,0.0077442508190870285,0.3138518124443757,-50.495276382260954
2927,0,normal,0.007279135286808014,0.31264662290890904,-50.48782469582443
2928,0,normal,0.006719037890434265,0.31861230627469905,-50.48174860919585
2929,0,normal,0.006126865744590759,0.31162876390458905,-50.473362918771954
2930,0,normal,0.005568359978497028,0.31528235188130965,-50.461822072290715
2931,0,normal,0.0050840359181165695,0.31232357273399786,-50.45656361083411
2932,0,normal,0.004689304158091545,0.3110218629886443,-50.46303334401614
2933,0,normal,0.004382385406643152,0.31131845462011454,-50.464639605990214
2934,0,normal,0.0041523161344230175,0.3125455007030939,-50.463527786377654
2935,0,normal,0.003984787501394749,0.3178664716060413,-50.47108167892088
2936,0,normal,7.449747085571289,0.3343582530241095,-20.08399100687825
2937,0,normal,0.02416681870818138,0.3499760905302557,-19.716950806627665
2938,0,normal,0.7630215883255005,0.3398153520326841,-19.583571686672713
2939,0,normal,1.1047046184539795,0.3689968200476094,5.623006946168061
2940,0,normal,0.094155453145504,0.3768412488518439,6.575189108075847
2941,0,normal,0.1537161022424698,0.3851586422512131,8.151196425091939
2942,0,normal,0.7856312394142151,0.37068113032732525,8.42846103411489
2943,0,normal,0.275030255317688,0.3864640113236049,10.094885960094189
2944,0,normal,0.14724412560462952,0.39864671027001847,11.750845805371227
2945,0,normal,0.747258186340332,0.391857630742307,12.100843748136413
2946,0,normal,4.800208568572998,0.44839341378115966,37.9725387407625
2947,0,normal,0.3687531352043152,0.42644313039042314,38.11601658636346
2948,0,normal,0.5768979787826538,0.4248587913589573,39.87134266491648
2949,0,normal,1.2593677043914795,0.43066510029667326,45.75905930680483
2950,0,normal,1.429925560951233,0.450421514811707,53.768926676506
2951,0,normal,0.026900164783000946,0.4536180462150024,48.51341284042064
2952,0,normal,0.014097839593887329,0.4377390218094287,48.34902176606056
2953,0,normal,0.012440803460776806,0.460498292863012,48.08442718319384
2954,0,normal,0.011307560838758945,0.4525424395628921,48.056819783590754
2955,0,normal,0.01003272458910942,0.4482059697577648,48.16880273109473
2956,0,normal,0.008673414587974548,0.4605924821652239,48.342088646204274
2957,0,normal,0.007317471783608198,0.44930643063840797,48.263128205274825
2958,0,normal,0.006061321124434471,0.4428166998966138,48.49433158197439
2959,0,normal,0.00500900112092495,0.4262270627662538,48.79766086799009
2960,0,normal,0.004228527192026377,0.4539360558201218,48.953130724169796
2961,0,normal,0.003725794842466712,0.44618540230879705,49.26240328018412
2962,0,normal,0.00345610361546278,0.4327200707427562,49.831808873874024
2963,0,normal,0.0033525291364639997,0.45780077194583074,50.37053541272189
2964,0,normal,0.0033500308636575937,0.44697395053477446,51.39592441653235
2965,0,normal,0.0033979567233473063,0.4539549658504834,52.445044464544935
2966,0,normal,0.0034624855034053326,0.42781995128673145,25.61313066967091
2967,0,normal,0.0035234929528087378,0.41587310889315654,25.825332341313015
2968,0,normal,0.0035706041380763054,0.4208235087565504,26.40315362069032
2969,0,normal,0.003643073607236147,0.3934194925662569,-0.8306043502602733
2970,0,normal,0.0036393983755260706,0.39748289943905385,-2.6121605120288223
2971,0,normal,0.0036466324236243963,0.38239816729360093,-4.081025698131043
2972,0,normal,0.0036585065536201,0.3777779894376618,-3.30240452066505
2973,0,normal,0.00367565406486392,0.3706112385305333,-5.132331304041372
2974,0,normal,0.0036987599451094866,0.35968350800072724,-7.460572016952483
2975,0,normal,0.00370048894546926,0.3619822676019441,-7.386526286956041
2976,0,normal,0.005010043736547232,0.33781299006556514,-36.40674845866374
2977,0,normal,0.0039550261572003365,0.33115966225930094,-36.74507637346824
2978,0,normal,0.003686480689793825,0.33044303176951645,-39.71557456982896
2979,0,normal,0.003641948103904724,0.31943547382507487,-46.30578268375643
2980,0,normal,0.003633546642959118,0.3096727090336867,-55.92076496583536
2981,0,normal,0.003633546642959118,0.3096727090336867,-55.92076496583536
2982,0,normal,0.003633546642959118,0.3096727090336867,-55.92076496583536
2983,0,normal,0.003633546642959118,0.3096727090336867,-55.92076496583536
2984,0,normal,0.003633546642959118,0.3096727090336867,-55.92076496583536
2985,0,normal,0.003633546642959118,0.3096727090336867,-55.92076496583536
2986,0,normal,0.003633546642959118,0.3096727090336867,-55.92076496583536
2987,0,normal,7.446736812591553,0.3327723903507506,-25.396538748026387
2988,0,normal,0.024049285799264908,0.34526934004162135,-25.028403384608282
2989,0,normal,0.7673487067222595,0.33332755808375913,-24.89408685854619
2990,0,normal,1.1006579399108887,0.36572261448992693,0.4447996297874397
2991,0,normal,0.09419464319944382,0.3725552346915819,1.400157706245409
2992,0,normal,0.15367203950881958,0.3823708369943239,2.98283730764183
2993,0,normal,0.1598806530237198,0.37190012490874497,4.632717122918621
2994,0,normal,0.14521148800849915,0.3839311558644685,6.247074796781362
2995,0,normal,0.1227327212691307,0.397916421056408,7.87080842962564
2996,0,normal,0.1468804031610489,0.39218847629388537,9.52868530220735
2997,0,normal,0.36440595984458923,0.41846984947749916,11.198876561416682
2998,0,normal,2.452813148498535,0.43706887695000574,36.88411487558142
2999,0,normal,0.13203413784503937,0.42759234353711567,38.374020837500666
3000,0,normal,0.31519296765327454,0.4294682199463989,39.22444305876593
3001,0,normal,1.2259786128997803,0.44346508980454585,45.102521056315254
3002,0,normal,1.3434191942214966,0.45362309023832703,53.10629914192896
3003,0,normal,0.025098437443375587,0.4606380194575901,53.08380427676843
3004,0,normal,0.014608272351324558,0.45965544830175337,52.927862843806
3005,0,normal,0.011919334530830383,0.48086806594964593,52.67339852038867
3006,0,normal,0.009486082009971142,0.4462370932313005,52.68670968256788
3007,0,normal,0.007476502098143101,0.4605568174060248,52.890167778052046
3008,0,normal,0.006032923236489296,0.4631435801992313,52.89510708475541
3009,0,normal,0.005033336114138365,0.4637263242025745,53.1016327294933
3010,0,normal,0.004329127725213766,0.4391893431528278,53.40622951812975
3011,0,normal,0.0038360084872692823,0.4557051991464869,53.571765458434356
3012,0,normal,0.003515377640724182,0.45293525509152144,53.87179997157591
3013,0,normal,0.0033386945724487305,0.4460150810488074,54.42720509279616
3014,0,normal,0.0032726642675697803,0.45874852166581925,54.96001662478625
3015,0,normal,0.003281044540926814,0.4650132281912739,56.06242863237594
3016,0,normal,0.0033310975413769484,0.46006087923367595,57.10859762048449
3017,0,normal,0.0034015392884612083,0.4316664245796699,30.474431253380544
3018,0,normal,0.0034688934683799744,0.43316151598693625,30.877604708297667
3019,0,normal,0.0035224019084125757,0.42560581695851396,31.52705623621273
3020,0,normal,0.0036827665753662586,0.39486034598525616,4.584577229745037
3021,0,normal,0.0036567007191479206,0.3972623126758038,3.18937691765791
3022,0,normal,0.0036446386948227882,0.39503436999117014,1.7348303846874842
3023,0,normal,0.0036447697784751654,0.38553634801697734,0.6573726535048081
3024,0,normal,0.003651396604254842,0.3785942593075721,-0.5689438852755302
3025,0,normal,0.003662064205855131,0.37388059494797415,-2.1916078851254497
3026,0,normal,0.003676549531519413,0.3652688648380549,-4.257161754246226
3027,0,normal,0.003692914266139269,0.36456261089496744,-6.428151378738903
3028,0,normal,0.0069138966500759125,0.3396188115905427,-35.315624207594965
3029,0,normal,0.003955821972340345,0.3264973402883928,-38.12509091174593
3030,0,normal,0.003686480689793825,0.33044303176951645,-39.71557456982896
3031,0,normal,0.003641948103904724,0.31943547382507487,-46.30578268375643
3032,0,normal,7.446736812591553,0.3327723903507506,-25.396538748026387
3033,0,normal,0.024049285799264908,0.34526934004162135,-25.028403384608282
3034,0,normal,0.7673487067222595,0.33332755808375913,-24.89408685854619
3035,0,normal,1.1006579399108887,0.36572261448992693,0.4447996297874397
3036,0,normal,0.6255009770393372,0.3683871778056326,0.02057721682240299
3037,0,normal,0.2176252007484436,0.37833689625368605,1.645223157760256
3038,0,normal,0.18269509077072144,0.3701268149841282,3.29070236878556
3039,0,normal,0.694977343082428,0.3762517762521045,3.5755185739130866
3040,0,normal,0.2594622075557709,0.39561979866147473,5.249748180716551
3041,0,normal,0.17794974148273468,0.3905570459834105,6.89148441166094
3042,0,normal,0.5001958012580872,0.407440336671284,8.591010195218814
3043,0,normal,1.6223266124725342,0.4031471853835809,10.259590452358452
3044,0,normal,0.7851474285125732,0.42314474024854437,35.94450073101143
3045,0,normal,0.10843649506568909,0.43410407182993604,37.40603133862078
3046,0,normal,1.2771058082580566,0.44739559494166975,43.72325024263387
3047,0,normal,1.3328696489334106,0.4437374180842304,51.741665824495385
3048,0,normal,0.029347777366638184,0.4453437596866322,51.69846441084633
3049,0,normal,0.013988781720399857,0.46934565406840906,51.506713117220215
3050,0,normal,0.007063988130539656,0.4704105570941178,51.2498528219337
3051,0,normal,0.0035141983535140753,0.45769032189462117,51.2811730336507
3052,0,normal,0.001989115495234728,0.4540643261623021,51.49349652692695
3053,0,normal,0.0016368296928703785,0.4673926090120946,51.52758546288419
3054,0,normal,0.0018203591462224722,0.46513070444578564,51.81284305065287
3055,0,normal,0.0021745606791228056,0.4383372091527957,52.09361268706061
3056,0,normal,0.002529114717617631,0.4431881660461892,52.27453753560462
3057,0,normal,0.0028230336029082537,0.452888375765821,52.60866886273698
3058,0,normal,0.003046932863071561,0.4548140511988601,53.10753639291738
3059,0,normal,0.003210932482033968,0.45661148805215995,53.58259650121386
3060,0,normal,0.00332940137013793,0.48066646328888296,54.61796014354377
3061,0,normal,0.0034150900319218636,0.4484124987843035,55.557626847202755
3062,0,normal,0.0034832325764000416,0.42812377898399134,28.64460033116552
3063,0,normal,0.0035288354847580194,0.44124315135562253,28.812637115712732
3064,0,normal,0.0035624243319034576,0.42605015964828696,29.223990928745252
3065,0,normal,0.0036898148246109486,0.3927581475248744,1.801118811999686
3066,0,normal,0.0036572301760315895,0.40436291199587315,2.410792550123233
3067,0,normal,0.003630322404205799,0.3924404240367475,0.9455049119569594
3068,0,normal,0.0036207810044288635,0.3848511635179564,-0.7128545976918303
3069,0,normal,0.0036237421445548534,0.38432282467771206,0.6269071798928962
3070,0,normal,0.003631656290963292,0.3779935167805263,-0.6643596972746764
3071,0,normal,0.003641740418970585,0.3633035467588219,-2.468682423113023
3072,0,normal,0.0036517372354865074,0.3627871866189605,-4.589443743287347
3073,0,normal,0.003661087015643716,0.368263351353008,-6.818742183901122
3074,0,normal,0.003951101563870907,0.33542687587849096,-35.824937462249636
3075,0,normal,0.003726469585672021,0.33250272082146026,-38.71317647346973
3076,0,normal,0.003641948103904724,0.31943547382507487,-46.30578268375643
3077,0,normal,0.003633546642959118,0.3096727090336867,-55.92076496583536
3078,0,normal,0.003633546642959118,0.3096727090336867,-55.92076496583536
3079,0,normal,0.003633546642959118,0.3096727090336867,-55.92076496583536
3080,0,normal,0.003633546642959118,0.3096727090336867,-55.92076496583536
3081,0,normal,0.003633546642959118,0.3096727090336867,-55.92076496583536
3082,0,normal,0.003633546642959118,0.3096727090336867,-55.92076496583536
3083,0,normal,0.003633546642959118,0.3096727090336867,-55.92076496583536
3084,0,normal,7.446736812591553,0.3327723903507506,-25.396538748026387
3085,0,normal,0.024049285799264908,0.34526934004162135,-25.028403384608282
3086,0,normal,0.7673487067222595,0.33332755808375913,-24.89408685854619
3087,0,normal,1.1006579399108887,0.36572261448992693,0.4447996297874397
3088,0,normal,0.09419464319944382,0.3725552346915819,1.400157706245409
3089,0,normal,0.15367203950881958,0.3823708369943239,2.98283730764183
3090,0,normal,0.1598806530237198,0.37190012490874497,4.632717122918621
3091,0,normal,0.14521148800849915,0.3839311558644685,6.247074796781362
3092,0,normal,0.8077294230461121,0.3954100748265452,6.5125551801695565
3093,0,normal,0.1964036375284195,0.3892371347476807,8.211688707764779
3094,0,normal,0.3051280975341797,0.4209818435167492,9.877606855389786
3095,0,normal,1.834715723991394,0.4189048534551137,25.45018260925667
3096,0,normal,2.3646228313446045,0.4277525101605862,35.93074050563018
3097,0,normal,0.46432241797447205,0.43641878390959943,37.523294739158246
3098,0,normal,0.39443930983543396,0.43830634937770835,38.34066956197762
3099,0,normal,1.8521047830581665,0.4356074382450692,51.897368540993284
3100,0,normal,0.029231177642941475,0.4692806405321881,51.90699143200004
3101,0,normal,0.00849749892950058,0.4614669495690697,51.86225370849593
3102,0,normal,0.004971357528120279,0.454726476681766,51.45741854104381
3103,0,normal,0.0031839695293456316,0.46327658925836585,51.38994436481789
3104,0,normal,0.0022119663190096617,0.4467889307265506,51.58079835062904
3105,0,normal,0.0019856852013617754,0.463593786618702,51.598148035770464
3106,0,normal,0.002163081895560026,0.4680108746870701,51.83276387372325
3107,0,normal,0.002449028892442584,0.44316211971623787,52.132995063915814
3108,0,normal,0.0026925522834062576,0.44801006309641556,52.30541558929508
3109,0,normal,0.002859251806512475,0.44809232755876777,52.633563122547
3110,0,normal,0.002970729488879442,0.4493095647253829,53.18902012327908
3111,0,normal,0.0030580544844269753,0.46323151866511486,53.728463771687075
3112,0,normal,0.0031410749070346355,0.4689452238770644,54.84110812267795
3113,0,normal,0.003226109780371189,0.44293456042669543,55.92232186499223
3114,0,normal,0.003314789617434144,0.4325685650594243,29.184783938543205
3115,0,normal,0.0033971613738685846,0.43972239626029885,29.520829227304148
3116,0,normal,0.0034663851838558912,0.4288240215271377,30.09583516308112
3117,0,normal,0.00381621066480875,0.39833858440354786,2.9202989278319365
3118,0,normal,0.003703364869579673,0.3951466300377103,1.2497065013237716
3119,0,normal,0.003631624858826399,0.4064950949724523,-0.33320120959069754
3120,0,normal,0.0036218687891960144,0.38676631230476743,-1.9081065905900232
3121,0,normal,0.0036361212842166424,0.3687324981478522,-3.1789649950612784
3122,0,normal,0.0036512145306915045,0.3767666673137436,-2.4189796741563896
3123,0,normal,0.0036696286406368017,0.36082451504859214,-4.445047126612508
3124,0,normal,0.0036868208553642035,0.37058844017915515,-6.65072180615266
3125,0,normal,0.003730653552338481,0.3485164112268056,-24.22623674003694
3126,0,normal,0.003953165374696255,0.33352819632597686,-35.82494627950041
3127,0,normal,0.003709906479343772,0.334075818850491,-38.713175489268
3128,0,normal,0.0036517223343253136,0.3244223582001283,-40.35490542327784
3129,0,normal,0.003633546642959118,0.3096727090336867,-55.92076496583536
3130,0,normal,0.003633546642959118,0.3096727090336867,-55.92076496583536
3131,0,normal,7.446736812591553,0.3327723903507506,-25.396538748026387
3132,0,normal,0.024049285799264908,0.34526934004162135,-25.028403384608282
3133,0,normal,0.7673487067222595,0.33332755808375913,-24.89408685854619
3134,0,normal,1.1006579399108887,0.36572261448992693,0.4447996297874397
3135,0,normal,0.09419464319944382,0.3725552346915819,1.400157706245409
3136,0,normal,0.15367203950881958,0.3823708369943239,2.98283730764183
3137,0,normal,0.1598806530237198,0.37190012490874497,4.632717122918621
3138,0,normal,0.14521148800849915,0.3839311558644685,6.247074796781362
3139,0,normal,0.1227327212691307,0.397916421056408,7.87080842962564
3140,0,normal,0.1468804031610489,0.39218847629388537,9.52868530220735
3141,0,normal,4.269484996795654,0.45252284633907836,35.27127284848075
3142,0,normal,0.39098259806632996,0.4263834154850049,35.41156593198707
3143,0,normal,0.5455077886581421,0.42527863767100826,37.13054286100237
3144,0,normal,1.092145562171936,0.42806067867335773,43.54491817378198
3145,0,normal,1.535467267036438,0.4504042328394738,50.72050626915416
3146,0,normal,0.03838435187935829,0.45994853164657457,50.789129886767114
3147,0,normal,0.013610600493848324,0.43900937379178784,50.66253351740079
3148,0,normal,0.008306356146931648,0.4580391010484634,50.450083986298296
3149,0,normal,0.005806809291243553,0.4612497621098401,50.446693824985914
3150,0,normal,0.004261055961251259,0.451174388780001,50.55796042903262
3151,0,normal,0.003404708346351981,0.456850402491721,50.72657595965461
3152,0,normal,0.0030123607721179724,0.4449207085297715,50.631584963097794
3153,0,normal,0.0028985468670725822,0.449247774156036,50.85358461461715
3154,0,normal,0.00293001439422369,0.4379662499465056,51.14626390850162
3155,0,normal,0.003022217657417059,0.4544270317390069,51.28019457243545
3156,0,normal,0.003128400770947337,0.4489211598138615,51.5777707716054
3157,0,normal,0.0032269861549139023,0.43417682777499356,52.14120540284148
3158,0,normal,0.0033108191564679146,0.4655214973280633,52.6663823502945
3159,0,normal,0.0033796215429902077,0.45057799800681975,53.72540566913608
3160,0,normal,0.0034356180112808943,0.4546351279765946,54.83417904983753
3161,0,normal,0.003490667324513197,0.42363518270827644,28.150444925854572
3162,0,normal,0.0035247604828327894,0.41668195994637514,28.53671873183157
3163,0,normal,0.003549954853951931,0.41813211387961635,29.315299907061217
3164,0,normal,0.003576980670914054,0.39266940428445746,2.4213581770866313
3165,0,normal,0.0035861143842339516,0.3977289540736948,0.8964337882157452
3166,0,normal,0.0035987822338938713,0.39077729504673314,-0.22017736951579536
3167,0,normal,0.0036124379839748144,0.36878615677707616,-1.5857234134307419
3168,0,normal,0.0036256196908652782,0.37094673672926554,-3.317806332594728
3169,0,normal,0.0036385145504027605,0.3656452013333179,-5.526370755618018
3170,0,normal,0.003651174483820796,0.356463842573953,-7.805859527489702
3171,0,normal,0.003945052623748779,0.33472298977039117,-36.908345290431726
3172,0,normal,0.003714332589879632,0.33175587577217436,-37.324007152629974
3173,0,normal,0.0036514615640044212,0.32831071246914634,-40.34752880512997
3174,0,normal,0.003636116860434413,0.3147792204443281,-48.10029497375854
3175,0,normal,0.003633546642959118,0.3096727090336867,-55.92076496583536
3176,0,normal,0.003633546642959118,0.3096727090336867,-55.92076496583536
3177,0,normal,0.003633546642959118,0.3096727090336867,-55.92076496583536
3178,0,normal,0.003633546642959118,0.3096727090336867,-55.92076496583536
3179,0,normal,0.003633546642959118,0.3096727090336867,-55.92076496583536
3180,0,normal,0.003633546642959118,0.3096727090336867,-55.92076496583536
3181,0,normal,0.003633546642959118,0.3096727090336867,-55.92076496583536
3182,0,normal,0.003633546642959118,0.3096727090336867,-55.92076496583536
3183,0,normal,0.003633546642959118,0.3096727090336867,-55.92076496583536
3184,0,normal,0.003633546642959118,0.3096727090336867,-55.92076496583536
3185,0,normal,0.003633546642959118,0.3096727090336867,-55.92076496583536
3186,0,normal,0.003633546642959118,0.3096727090336867,-55.92076496583536
3187,0,normal,0.003633546642959118,0.3096727090336867,-55.92076496583536
3188,0,normal,0.003633546642959118,0.3096727090336867,-55.92076496583536
3189,0,normal,0.003633546642959118,0.3096727090336867,-55.92076496583536
3190,0,normal,7.446736812591553,0.3327723903507506,-25.396538748026387
3191,0,normal,0.024049285799264908,0.34526934004162135,-25.028403384608282
3192,0,normal,0.7673487067222595,0.33332755808375913,-24.89408685854619
3193,0,normal,2.7253668308258057,0.3354652880937674,-24.369292503801717
3194,0,normal,0.40467387437820435,0.38075675741279924,1.6361473438585108
3195,0,normal,0.1750296950340271,0.3790665227806179,3.0171954851236933
3196,0,normal,0.23964346945285797,0.38257930311130267,4.622524589692148
3197,0,normal,0.2614528238773346,0.38470550245559937,6.27725347373007
3198,0,normal,0.27914610505104065,0.3850925282407592,7.882577578692008
3199,0,normal,0.38562169671058655,0.4091620327985026,9.545214480691357
3200,0,normal,3.08500337600708,0.4402436844617954,35.29413612392045
3201,0,normal,0.17255151271820068,0.4343852207790754,36.74689642115163
3202,0,normal,0.328689306974411,0.42921784948708214,37.59295868173899
3203,0,normal,0.6282967329025269,0.4235524063058473,38.013215828880675
3204,0,normal,1.9390207529067993,0.4455046793214794,51.58409440874425
3205,0,normal,0.024830792099237442,0.46993184545654026,51.555786190702975
3206,0,normal,0.009034525603055954,0.4421453309412197,51.60436597512148
3207,0,normal,0.010172223672270775,0.45141583259979784,51.256350378235084
3208,0,normal,0.011146089062094688,0.4577852085338619,51.15935085261117
3209,0,normal,0.011653998866677284,0.45600811827006266,51.273547833742214
3210,0,normal,0.011509195901453495,0.4605293725762364,51.45854695342496
3211,0,normal,0.01062601339071989,0.45677764251558556,51.45464206528072
3212,0,normal,0.009174206294119358,0.43991204839783565,51.61204483570782
3213,0,normal,0.0075104557909071445,0.4468815892831716,51.906439192895505
3214,0,normal,0.005986772943288088,0.45501270450068915,52.06863936997661
3215,0,normal,0.0048133437521755695,0.45852318783018076,52.27955811515176
3216,0,normal,0.004039030522108078,0.4399687849858679,52.73731530087434
3217,0,normal,0.0036059219855815172,0.44657928079103015,53.36401755753627
3218,0,normal,0.003415181301534176,0.45652475452940966,54.00397668472624
3219,0,normal,0.003371570259332657,0.4586726735076174,55.31214447521029
3220,0,normal,0.003397418884560466,0.42767391381476777,28.770707648370717
3221,0,normal,0.0034620719961822033,0.4225796409691479,29.280505833061852
3222,0,normal,0.003524244297295809,0.4147427251955677,29.940143725380267
3223,0,normal,0.003574253059923649,0.40911859743405465,28.63767114604957
3224,0,normal,0.0036328823771327734,0.39951973334657354,1.7176540006280447
3225,0,normal,0.003642651718109846,0.38726997744816344,0.5670820694472241
3226,0,normal,0.0036533926613628864,0.3796241719756468,-0.6723277830401457
3227,0,normal,0.0036653922870755196,0.3721619809956418,-2.2205499547008003
3228,0,normal,0.0036808017175644636,0.3645381065816402,-4.2636330006014305
3229,0,normal,0.003697991371154785,0.3646809584737327,-6.455311958803804
3230,0,normal,0.005018221214413643,0.3378147843947343,-35.317470890355935
3231,0,normal,0.003919631242752075,0.32500300904843643,-38.12617758680449
3232,0,normal,0.0036870092153549194,0.33191875848336316,-39.71664020146909
3233,0,normal,0.0036517223343253136,0.3244223582001283,-40.35490542327784
3234,0,normal,0.003633546642959118,0.3096727090336867,-55.92076496583536
3235,0,normal,0.003633546642959118,0.3096727090336867,-55.92076496583536
3236,0,normal,0.003633546642959118,0.3096727090336867,-55.92076496583536
3237,0,normal,0.003633546642959118,0.3096727090336867,-55.92076496583536
3238,0,normal,0.003633546642959118,0.3096727090336867,-55.92076496583536
3239,0,normal,7.446736812591553,0.3327723903507506,-25.396538748026387
3240,0,normal,0.024049285799264908,0.34526934004162135,-25.028403384608282
3241,0,normal,0.7673487067222595,0.33332755808375913,-24.89408685854619
3242,0,normal,1.1006579399108887,0.36572261448992693,0.4447996297874397
3243,0,normal,0.09419464319944382,0.3725552346915819,1.400157706245409
3244,0,normal,0.15367203950881958,0.3823708369943239,2.98283730764183
3245,0,normal,0.1598806530237198,0.37190012490874497,4.632717122918621
3246,0,normal,0.8133227825164795,0.38025269907394765,4.883077208043005
3247,0,normal,0.234439879655838,0.39555548148253233,6.54822435344181
3248,0,normal,0.6775808334350586,0.3901652459994244,6.838767851414104
3249,0,normal,0.3290868401527405,0.4101558917748794,8.591002185228717
3250,0,normal,1.5961354970932007,0.4036155435788074,8.90028711693958
3251,0,normal,1.4509246349334717,0.42038920087815784,34.71625976470705
3252,0,normal,0.11794546246528625,0.4386063118086785,36.1940160859624
3253,0,normal,2.504380464553833,0.44731403858497526,49.705431258717226
3254,0,normal,0.0336800143122673,0.46054213050899423,49.747304672642485
3255,0,normal,0.011984524317085743,0.43289952243055185,49.7081611372073
3256,0,normal,0.006999066099524498,0.45588721153620454,49.32262961221136
3257,0,normal,0.006768499966710806,0.4666622661306991,49.24309185411812
3258,0,normal,0.0065281083807349205,0.45479480894032914,49.345823589980455
3259,0,normal,0.0060647171922028065,0.4547649118058185,49.535111664979695
3260,0,normal,0.005517637822777033,0.4489315574620221,49.53669383958095
3261,0,normal,0.004998506046831608,0.45294253568765674,49.78224525367568
3262,0,normal,0.004565149545669556,0.43852694028840905,50.0609148296669
3263,0,normal,0.004234423860907555,0.4422547912266085,50.24450031119022
3264,0,normal,0.003998776897788048,0.4433597818908938,50.57079907306456
3265,0,normal,0.003839937038719654,0.4486457588971579,51.127203831628776
3266,0,normal,0.003737842896953225,0.4671165106978939,51.669205690367335
3267,0,normal,0.003675154410302639,0.4588768944671483,52.79691652681299
3268,0,normal,0.0036386761348694563,0.44794652504877897,53.85920994227354
3269,0,normal,0.0036300765350461006,0.42846031791784905,27.045222655597627
3270,0,normal,0.003617821028456092,0.43126719776921657,27.316637215284345
3271,0,normal,0.003611198393628001,0.4218915241016842,27.797454197706656
3272,0,normal,0.0036539840511977673,0.393924368585936,0.40485593659491315
3273,0,normal,0.003628519596531987,0.40009300893369415,-1.3788897728857137
3274,0,normal,0.0036156955175101757,0.38643331663095676,-3.168535722782053
3275,0,normal,0.0036133527755737305,0.3740128068000494,-5.020660892545948
3276,0,normal,0.0036178433801978827,0.3822669969747959,-3.987910307568427
3277,0,normal,0.003626718185842037,0.36623346234993825,-5.84426642254266
3278,0,normal,0.003634057007730007,0.35916470802342587,-5.635776556710198
3279,0,normal,0.003643282223492861,0.3596080233440553,-8.036079876009808
3280,0,normal,0.003646050114184618,0.3597787640129231,-8.14017148797825
3281,0,normal,0.003700065426528454,0.33899923378304775,-37.33132985884572
3282,0,normal,0.0036517223343253136,0.3244223582001283,-40.35490542327784
3283,0,normal,0.003633546642959118,0.3096727090336867,-55.92076496583536
3284,0,normal,0.003633546642959118,0.3096727090336867,-55.92076496583536
3285,0,normal,0.003633546642959118,0.3096727090336867,-55.92076496583536
3286,0,normal,0.003633546642959118,0.3096727090336867,-55.92076496583536
3287,0,normal,0.003633546642959118,0.3096727090336867,-55.92076496583536
3288,0,normal,7.446736812591553,0.3327723903507506,-25.396538748026387
3289,0,normal,0.024049285799264908,0.34526934004162135,-25.028403384608282
3290,0,normal,0.7673487067222595,0.33332755808375913,-24.89408685854619
3291,0,normal,1.913647174835205,0.3499789343591036,-13.694856239986166
3292,0,normal,0.7157068848609924,0.3985424196763034,11.958111107308923
3293,0,normal,0.10452505946159363,0.39474975482202046,13.333451591164476
3294,0,normal,0.17520534992218018,0.39471535204584746,14.948407880339573
3295,0,normal,0.19035500288009644,0.3937278223637308,16.59492869644623
3296,0,normal,0.17998766899108887,0.4012720463446147,18.19924073626862
3297,0,normal,0.18262706696987152,0.41902890768259227,19.858461477171204
3298,0,normal,0.34235572814941406,0.4204696317190522,21.53037700512391
3299,0,normal,1.017334222793579,0.4187932004550306,23.200797637851565
3300,0,normal,1.2128814458847046,0.4533094674815554,48.62302943786699
3301,0,normal,0.23213733732700348,0.4350188728984245,49.30250932013132
3302,0,normal,0.552290678024292,0.44165659529014273,49.66610871439275
3303,0,normal,1.8614643812179565,0.45830628935730233,63.02134866345068
3304,0,normal,0.02069963701069355,0.4696328076056735,63.02620463827566
3305,0,normal,0.006072388030588627,0.4738989612155102,63.05042759237722
3306,0,normal,0.004126755520701408,0.466682746879385,62.66792635694628
3307,0,normal,0.002858452033251524,0.4708900447747085,62.61091744804935
3308,0,normal,0.0022042703349143267,0.46504783399633887,62.78986625072753
3309,0,normal,0.002080362755805254,0.47068444452070024,62.83556484004362
3310,0,normal,0.0022356477566063404,0.4660836865321281,63.04434957345302
3311,0,normal,0.0024714500177651644,0.4540011817644401,63.28546784901914
3312,0,normal,0.0026893417816609144,0.45221710054028463,63.4694179447838
3313,0,normal,0.002862574066966772,0.46711676508119143,63.721867998632206
3314,0,normal,0.0029974509961903095,0.4641440033448288,64.24605933498151
3315,0,normal,0.0031076627783477306,0.45079276507578286,64.89724648162087
3316,0,normal,0.003203245811164379,0.4814118634434751,65.84351074168308
3317,0,normal,0.0032887442503124475,0.46155158611480995,67.20895586629922
3318,0,normal,0.003367672674357891,0.43867200842140824,40.97471799661821
3319,0,normal,0.0034376694820821285,0.44243866980000274,41.46946373681408
3320,0,normal,0.003493628464639187,0.44022034045210995,42.07294039972794
3321,0,normal,0.0035365866497159004,0.41722290269702245,29.90930666701024
3322,0,normal,0.0036130216903984547,0.39768320456187617,2.9417949986557232
3323,0,normal,0.003609834937378764,0.39766329764289327,1.6173622585292833
3324,0,normal,0.0036136566195636988,0.38629318553052655,0.012012156444598077
3325,0,normal,0.003622204065322876,0.38310295710107245,-0.9871109221721781
3326,0,normal,0.003632980864495039,0.3736246735242293,-2.33928708677945
3327,0,normal,0.0036444813013076782,0.3594562360967001,-4.256986768805973
3328,0,normal,0.0036564101465046406,0.3609762994309262,-6.553560324068485
3329,0,normal,0.00366761046461761,0.3599818491799063,-8.900247605360846
3330,0,normal,0.003919631242752075,0.32500300904843643,-38.12617758680449
3331,0,normal,0.0036870092153549194,0.33191875848336316,-39.71664020146909
3332,0,normal,0.0036517223343253136,0.3244223582001283,-40.35490542327784
3333,0,normal,0.003633546642959118,0.3096727090336867,-55.92076496583536
3334,0,normal,0.003633546642959118,0.3096727090336867,-55.92076496583536
3335,0,normal,0.003633546642959118,0.3096727090336867,-55.92076496583536
3336,0,normal,0.003633546642959118,0.3096727090336867,-55.92076496583536
3337,0,normal,0.003633546642959118,0.3096727090336867,-55.92076496583536
3338,0,normal,0.003633546642959118,0.3096727090336867,-55.92076496583536
3339,0,normal,0.003633546642959118,0.3096727090336867,-55.92076496583536
3340,0,normal,0.003633546642959118,0.3096727090336867,-55.92076496583536
3341,0,normal,0.003633546642959118,0.3096727090336867,-55.92076496583536
3342,0,normal,0.003633546642959118,0.3096727090336867,-55.92076496583536
3343,0,normal,0.003633546642959118,0.3096727090336867,-55.92076496583536
3344,0,normal,0.003633546642959118,0.3096727090336867,-55.92076496583536
3345,0,normal,0.003633546642959118,0.3096727090336867,-55.92076496583536
3346,0,normal,0.003633546642959118,0.3096727090336867,-55.92076496583536
3347,0,normal,0.003633546642959118,0.3096727090336867,-55.92076496583536
3348,0,normal,0.003633546642959118,0.3096727090336867,-55.92076496583536
3349,0,normal,0.003633546642959118,0.3096727090336867,-55.92076496583536
3350,0,normal,0.003633546642959118,0.3096727090336867,-55.92076496583536
3351,0,normal,0.003633546642959118,0.3096727090336867,-55.92076496583536
3352,0,normal,0.003633546642959118,0.3096727090336867,-55.92076496583536
3353,0,normal,0.003633546642959118,0.3096727090336867,-55.92076496583536
3354,0,normal,0.003633546642959118,0.3096727090336867,-55.92076496583536
3355,0,normal,0.003633546642959118,0.3096727090336867,-55.92076496583536
3356,0,normal,0.003633546642959118,0.3096727090336867,-55.92076496583536
3357,0,normal,0.003633546642959118,0.3096727090336867,-55.92076496583536
3358,0,normal,0.003633546642959118,0.3096727090336867,-55.92076496583536
3359,0,normal,0.003633546642959118,0.3096727090336867,-55.92076496583536
3360,0,normal,0.003633546642959118,0.3096727090336867,-55.92076496583536
3361,0,normal,0.003633546642959118,0.3096727090336867,-55.92076496583536
3362,0,normal,0.003633546642959118,0.3096727090336867,-55.92076496583536
3363,0,normal,0.003633546642959118,0.3096727090336867,-55.92076496583536
3364,0,normal,0.003633546642959118,0.3096727090336867,-55.92076496583536
3365,0,normal,0.003633546642959118,0.3096727090336867,-55.92076496583536
3366,0,normal,0.003633546642959118,0.3096727090336867,-55.92076496583536
3367,0,normal,0.003633546642959118,0.3096727090336867,-55.92076496583536
3368,0,normal,0.003633546642959118,0.3096727090336867,-55.92076496583536
3369,0,normal,0.003633546642959118,0.3096727090336867,-55.92076496583536
3370,0,normal,0.003633546642959118,0.3096727090336867,-55.92076496583536
3371,0,normal,0.003633546642959118,0.3096727090336867,-55.92076496583536
3372,0,normal,0.003633546642959118,0.3096727090336867,-55.92076496583536
3373,0,normal,0.003633546642959118,0.3096727090336867,-55.92076496583536
3374,0,normal,0.003633546642959118,0.3096727090336867,-55.92076496583536
3375,0,normal,0.003633546642959118,0.3096727090336867,-55.92076496583536
3376,0,normal,0.003633546642959118,0.3096727090336867,-55.92076496583536
3377,0,normal,0.003633546642959118,0.3096727090336867,-55.92076496583536
3378,0,normal,0.003633546642959118,0.3096727090336867,-55.92076496583536
3379,0,normal,0.003633546642959118,0.3096727090336867,-55.92076496583536
3380,0,normal,0.003633546642959118,0.3096727090336867,-55.92076496583536
3381,0,normal,0.003633546642959118,0.3096727090336867,-55.92076496583536
3382,0,normal,0.003633546642959118,0.3096727090336867,-55.92076496583536
3383,0,normal,0.003633546642959118,0.3096727090336867,-55.92076496583536
3384,0,normal,0.003633546642959118,0.3096727090336867,-55.92076496583536
3385,0,normal,0.003633546642959118,0.3096727090336867,-55.92076496583536
3386,0,normal,7.446736812591553,0.3327723903507506,-25.396538748026387
3387,0,normal,0.024049285799264908,0.34526934004162135,-25.028403384608282
3388,0,normal,0.7673487067222595,0.33332755808375913,-24.89408685854619
3389,0,normal,1.1006579399108887,0.36572261448992693,0.4447996297874397
3390,0,normal,0.09419464319944382,0.3725552346915819,1.400157706245409
3391,0,normal,0.15367203950881958,0.3823708369943239,2.98283730764183
3392,0,normal,0.1598806530237198,0.37190012490874497,4.632717122918621
3393,0,normal,0.14521148800849915,0.3839311558644685,6.247074796781362
3394,0,normal,0.1227327212691307,0.397916421056408,7.87080842962564
3395,0,normal,0.1468804031610489,0.39218847629388537,9.52868530220735
3396,0,normal,0.36440595984458923,0.41846984947749916,11.198876561416682
3397,0,normal,1.1706805229187012,0.4054827478953717,12.87058070332273
3398,0,normal,1.7012743949890137,0.4222852601118848,28.374843843467033
3399,0,normal,1.5891565084457397,0.4331031546173502,40.15938519438464
3400,0,normal,0.3595288395881653,0.4501352783422511,40.8640485066901
3401,0,normal,1.8257241249084473,0.4478295870941265,54.35385239397169
3402,0,normal,0.02425585314631462,0.4591616323923345,54.37893857231097
3403,0,normal,0.007741149049252272,0.46618863233058566,54.3598624290089
3404,0,normal,0.0036712633445858955,0.4605029349978115,53.98944536142426
3405,0,normal,0.0029405117966234684,0.4622328827089793,53.94707656058699
3406,0,normal,0.0026831666473299265,0.46677073933289337,54.13790955077707
3407,0,normal,0.002662322483956814,0.45488855312424625,54.159689528703666
3408,0,normal,0.0027642734348773956,0.46844510496012076,54.44787770038943
3409,0,normal,0.002907131565734744,0.45050015778820807,54.7339604009569
3410,0,normal,0.003047928912565112,0.45620009637887887,54.906167587487516
3411,0,normal,0.0031698206439614296,0.45037857293543127,55.22290501676889
3412,0,normal,0.003269162029027939,0.44790175873372745,55.78322574437925
3413,0,normal,0.003347819671034813,0.45937833566697595,56.29594411942276
3414,0,normal,0.003409432480111718,0.4788771028137594,57.4048315828652
3415,0,normal,0.0034577862825244665,0.44855775859644903,58.5053937491291
3416,0,normal,0.003509215544909239,0.4319912391887053,31.881594484082143
3417,0,normal,0.003537961980327964,0.4490266675211536,32.23276590760793
3418,0,normal,0.0035618555266410112,0.431239395359643,32.89918001219439
3419,0,normal,0.0038490300066769123,0.3997612519196814,5.8829882990651186
3420,0,normal,0.0037560586351901293,0.40422229841553653,4.307852591603478
3421,0,normal,0.0036634078714996576,0.3974648064593406,2.935919947097318
3422,0,normal,0.0036219661124050617,0.3940439808120287,1.4484489646110887
3423,0,normal,0.0036138813011348248,0.3855639375370334,0.25557927471686526
3424,0,normal,0.0036207539960741997,0.374089735394652,-0.7393038533321032
3425,0,normal,0.003631943603977561,0.36760203731484115,-2.486256483075749
3426,0,normal,0.003642548806965351,0.35810836618005676,-4.5894538828908935
3427,0,normal,0.0036512601654976606,0.37275863709919194,-6.820444530844952
3428,0,normal,0.003658771514892578,0.3402636055753445,-24.498055485898703
3429,0,normal,0.003709906479343772,0.334075818850491,-38.713175489268
3430,0,normal,0.0036517223343253136,0.3244223582001283,-40.35490542327784
3431,0,normal,0.003633546642959118,0.3096727090336867,-55.92076496583536
3432,0,normal,0.003633546642959118,0.3096727090336867,-55.92076496583536
3433,0,normal,0.003633546642959118,0.3096727090336867,-55.92076496583536
3434,0,normal,0.003633546642959118,0.3096727090336867,-55.92076496583536
3435,0,normal,0.003633546642959118,0.3096727090336867,-55.92076496583536
3436,0,normal,0.003633546642959118,0.3096727090336867,-55.92076496583536
3437,0,normal,0.003633546642959118,0.3096727090336867,-55.92076496583536
3438,0,normal,0.003633546642959118,0.3096727090336867,-55.92076496583536
3439,0,normal,0.003633546642959118,0.3096727090336867,-55.92076496583536
3440,0,normal,0.003633546642959118,0.3096727090336867,-55.92076496583536
3441,0,normal,0.003633546642959118,0.3096727090336867,-55.92076496583536
3442,0,normal,0.003633546642959118,0.3096727090336867,-55.92076496583536
3443,0,normal,0.003633546642959118,0.3096727090336867,-55.92076496583536
3444,0,normal,0.003633546642959118,0.3096727090336867,-55.92076496583536
3445,0,normal,0.003633546642959118,0.3096727090336867,-55.92076496583536
3446,0,normal,0.003633546642959118,0.3096727090336867,-55.92076496583536
3447,0,normal,0.003633546642959118,0.3096727090336867,-55.92076496583536
3448,0,normal,0.003633546642959118,0.3096727090336867,-55.92076496583536
3449,0,normal,0.003633546642959118,0.3096727090336867,-55.92076496583536
3450,0,normal,0.003633546642959118,0.3096727090336867,-55.92076496583536
3451,0,normal,0.003633546642959118,0.3096727090336867,-55.92076496583536
3452,0,normal,0.003633546642959118,0.3096727090336867,-55.92076496583536
3453,0,normal,0.003633546642959118,0.3096727090336867,-55.92076496583536
3454,0,normal,0.003633546642959118,0.3096727090336867,-55.92076496583536
3455,0,normal,0.003633546642959118,0.3096727090336867,-55.92076496583536
3456,0,normal,0.003633546642959118,0.3096727090336867,-55.92076496583536
3457,0,normal,0.003633546642959118,0.3096727090336867,-55.92076496583536
3458,0,normal,0.003633546642959118,0.3096727090336867,-55.92076496583536
3459,0,normal,0.003633546642959118,0.3096727090336867,-55.92076496583536
3460,0,normal,0.003633546642959118,0.3096727090336867,-55.92076496583536
3461,0,normal,0.003633546642959118,0.3096727090336867,-55.92076496583536
3462,0,normal,0.003633546642959118,0.3096727090336867,-55.92076496583536
3463,0,normal,0.003633546642959118,0.3096727090336867,-55.92076496583536
3464,0,normal,0.003633546642959118,0.3096727090336867,-55.92076496583536
3465,0,normal,0.003633546642959118,0.3096727090336867,-55.92076496583536
3466,0,normal,0.003633546642959118,0.3096727090336867,-55.92076496583536
3467,0,normal,0.003633546642959118,0.3096727090336867,-55.92076496583536
3468,0,normal,0.003633546642959118,0.3096727090336867,-55.92076496583536
3469,0,normal,0.003633546642959118,0.3096727090336867,-55.92076496583536
3470,0,normal,0.003633546642959118,0.3096727090336867,-55.92076496583536
3471,0,normal,0.003633546642959118,0.3096727090336867,-55.92076496583536
3472,0,normal,0.003633546642959118,0.3096727090336867,-55.92076496583536
3473,0,normal,0.003633546642959118,0.3096727090336867,-55.92076496583536
3474,0,normal,0.003633546642959118,0.3096727090336867,-55.92076496583536
3475,0,normal,0.003633546642959118,0.3096727090336867,-55.92076496583536
3476,0,normal,0.003633546642959118,0.3096727090336867,-55.92076496583536
3477,0,normal,0.003633546642959118,0.3096727090336867,-55.92076496583536
3478,0,normal,0.003633546642959118,0.3096727090336867,-55.92076496583536
3479,0,normal,0.003633546642959118,0.3096727090336867,-55.92076496583536
3480,0,normal,0.003633546642959118,0.3096727090336867,-55.92076496583536
3481,0,normal,0.003633546642959118,0.3096727090336867,-55.92076496583536
3482,0,normal,0.003633546642959118,0.3096727090336867,-55.92076496583536
3483,0,normal,0.003633546642959118,0.3096727090336867,-55.92076496583536
3484,0,normal,7.446736812591553,0.3327723903507506,-25.396538748026387
3485,0,normal,0.024049285799264908,0.34526934004162135,-25.028403384608282
3486,0,normal,0.7673487067222595,0.33332755808375913,-24.89408685854619
3487,0,normal,1.1006579399108887,0.36572261448992693,0.4447996297874397
3488,0,normal,0.6255009770393372,0.3683871778056326,0.02057721682240299
3489,0,normal,0.2176252007484436,0.37833689625368605,1.645223157760256
3490,0,normal,0.18269509077072144,0.3701268149841282,3.29070236878556
3491,0,normal,0.15313012897968292,0.37989152924970504,4.946245701980843
3492,0,normal,0.12486108392477036,0.3979811221232755,6.578927071587714
3493,0,normal,0.16984063386917114,0.3917275656620134,8.225015048873047
3494,0,normal,0.4910496175289154,0.4135807643473683,9.883743452181534
3495,0,normal,1.5337165594100952,0.4025122160748517,11.543408973912165
3496,0,normal,1.8116872310638428,0.43122136626128404,35.894243614887046
3497,0,normal,0.1411142200231552,0.43452667554934465,37.4070733705737
3498,0,normal,0.33556047081947327,0.4403189436764882,38.2017154606167
3499,0,normal,1.9232079982757568,0.43402576823253103,51.77024785832623
3500,0,normal,0.019770881161093712,0.45363222633349504,51.77497644256914
3501,0,normal,0.007212987169623375,0.4735093378104279,51.74623200189376
3502,0,normal,0.00421913294121623,0.4541045777685328,51.353244073468204
3503,0,normal,0.0024913910310715437,0.4667929604906864,51.297911055091845
3504,0,normal,0.0016019396716728806,0.4510605262031056,51.48963219915049
3505,0,normal,0.00142742192838341,0.46175598502359977,51.51253671402446
3506,0,normal,0.0016503744991496205,0.4582980240215013,51.79055959043808
3507,0,normal,0.002012440003454685,0.4431971852884571,52.05551445852393
3508,0,normal,0.0023717565927654505,0.45033416922237113,52.231359874475174
3509,0,normal,0.00267305551096797,0.4555491590823655,52.55817395092663
3510,0,normal,0.0029077467042952776,0.44732847599287845,53.05836375233616
3511,0,normal,0.003085784148424864,0.448477196598233,53.53837401846772
3512,0,normal,0.003220822662115097,0.47114936926024187,54.58231903016895
3513,0,normal,0.003324412740767002,0.4406284111649354,55.571088400868575
3514,0,normal,0.0034182884264737368,0.42691384709516067,28.728529977420294
3515,0,normal,0.0034794521052390337,0.44534804995795635,28.97422679268925
3516,0,normal,0.0035260117147117853,0.4325362383150018,29.51497923959255
3517,0,normal,0.003631697269156575,0.3942101247437751,2.2334256836109034
3518,0,normal,0.003620190778747201,0.39474576391431454,2.9126473161732065
3519,0,normal,0.003612652886658907,0.39712049261671073,1.5359329591235564
3520,0,normal,0.003613491542637348,0.38543932692106153,-0.09702292774795751
3521,0,normal,0.0036206692457199097,0.38343752894108546,-1.1680260899674977
3522,0,normal,0.00363138853572309,0.37584089016201305,-2.526515394471062
3523,0,normal,0.003643329255282879,0.3621478781079066,-4.465277880039821
3524,0,normal,0.003656230866909027,0.35954043686886006,-6.744427900295932
3525,0,normal,0.003668396035209298,0.3634114379086648,-9.123411971791029
3526,0,normal,0.003953165374696255,0.33352819632597686,-35.82494627950041
3527,0,normal,0.003709906479343772,0.334075818850491,-38.713175489268
3528,0,normal,0.0036517223343253136,0.3244223582001283,-40.35490542327784
3529,0,normal,0.003633546642959118,0.3096727090336867,-55.92076496583536
3530,0,normal,0.003633546642959118,0.3096727090336867,-55.92076496583536
3531,0,normal,0.003633546642959118,0.3096727090336867,-55.92076496583536
3532,0,normal,0.003633546642959118,0.3096727090336867,-55.92076496583536
3533,0,normal,0.003633546642959118,0.3096727090336867,-55.92076496583536
3534,0,normal,0.003633546642959118,0.3096727090336867,-55.92076496583536
3535,0,normal,0.003633546642959118,0.3096727090336867,-55.92076496583536
3536,0,normal,0.003633546642959118,0.3096727090336867,-55.92076496583536
3537,0,normal,0.003633546642959118,0.3096727090336867,-55.92076496583536
3538,0,normal,0.003633546642959118,0.3096727090336867,-55.92076496583536
3539,0,normal,0.003633546642959118,0.3096727090336867,-55.92076496583536
3540,0,normal,0.003633546642959118,0.3096727090336867,-55.92076496583536
3541,0,normal,0.003633546642959118,0.3096727090336867,-55.92076496583536
3542,0,normal,0.003633546642959118,0.3096727090336867,-55.92076496583536
3543,0,normal,0.003633546642959118,0.3096727090336867,-55.92076496583536
3544,0,normal,0.003633546642959118,0.3096727090336867,-55.92076496583536
3545,0,normal,0.003633546642959118,0.3096727090336867,-55.92076496583536
3546,0,normal,0.003633546642959118,0.3096727090336867,-55.92076496583536
3547,0,normal,0.003633546642959118,0.3096727090336867,-55.92076496583536
3548,0,normal,0.003633546642959118,0.3096727090336867,-55.92076496583536
3549,0,normal,0.003633546642959118,0.3096727090336867,-55.92076496583536
3550,0,normal,0.003633546642959118,0.3096727090336867,-55.92076496583536
3551,0,normal,0.003633546642959118,0.3096727090336867,-55.92076496583536
3552,0,normal,0.003633546642959118,0.3096727090336867,-55.92076496583536
3553,0,normal,0.003633546642959118,0.3096727090336867,-55.92076496583536
3554,0,normal,0.003633546642959118,0.3096727090336867,-55.92076496583536
3555,0,normal,0.003633546642959118,0.3096727090336867,-55.92076496583536
3556,0,normal,0.003633546642959118,0.3096727090336867,-55.92076496583536
3557,0,normal,0.003633546642959118,0.3096727090336867,-55.92076496583536
3558,0,normal,0.003633546642959118,0.3096727090336867,-55.92076496583536
3559,0,normal,0.003633546642959118,0.3096727090336867,-55.92076496583536
3560,0,normal,0.003633546642959118,0.3096727090336867,-55.92076496583536
3561,0,normal,0.003633546642959118,0.3096727090336867,-55.92076496583536
3562,0,normal,0.003633546642959118,0.3096727090336867,-55.92076496583536
3563,0,normal,0.003633546642959118,0.3096727090336867,-55.92076496583536
3564,0,normal,0.003633546642959118,0.3096727090336867,-55.92076496583536
3565,0,normal,0.003633546642959118,0.3096727090336867,-55.92076496583536
3566,0,normal,0.003633546642959118,0.3096727090336867,-55.92076496583536
3567,0,normal,0.003633546642959118,0.3096727090336867,-55.92076496583536
3568,0,normal,0.003633546642959118,0.3096727090336867,-55.92076496583536
3569,0,normal,0.003633546642959118,0.3096727090336867,-55.92076496583536
3570,0,normal,0.003633546642959118,0.3096727090336867,-55.92076496583536
3571,0,normal,0.003633546642959118,0.3096727090336867,-55.92076496583536
3572,0,normal,0.003633546642959118,0.3096727090336867,-55.92076496583536
3573,0,normal,0.003633546642959118,0.3096727090336867,-55.92076496583536
3574,0,normal,0.003633546642959118,0.3096727090336867,-55.92076496583536
3575,0,normal,0.003633546642959118,0.3096727090336867,-55.92076496583536
3576,0,normal,0.003633546642959118,0.3096727090336867,-55.92076496583536
3577,0,normal,0.003633546642959118,0.3096727090336867,-55.92076496583536
3578,0,normal,0.003633546642959118,0.3096727090336867,-55.92076496583536
3579,0,normal,0.003633546642959118,0.3096727090336867,-55.92076496583536
3580,0,normal,0.003633546642959118,0.3096727090336867,-55.92076496583536
3581,0,normal,7.446736812591553,0.3327723903507506,-25.396538748026387
3582,0,normal,0.024049285799264908,0.34526934004162135,-25.028403384608282
3583,0,normal,0.7673487067222595,0.33332755808375913,-24.89408685854619
3584,0,normal,1.1006579399108887,0.36572261448992693,0.4447996297874397
3585,0,normal,0.09419464319944382,0.3725552346915819,1.400157706245409
3586,0,normal,0.15367203950881958,0.3823708369943239,2.98283730764183
3587,0,normal,0.1598806530237198,0.37190012490874497,4.632717122918621
3588,0,normal,0.14521148800849915,0.3839311558644685,6.247074796781362
3589,0,normal,0.8077294230461121,0.3954100748265452,6.5125551801695565
3590,0,normal,0.1964036375284195,0.3892371347476807,8.211688707764779
3591,0,normal,0.3051280975341797,0.4209818435167492,9.877606855389786
3592,0,normal,1.0761315822601318,0.3993043399040879,11.589753495219156
3593,0,normal,1.0765548944473267,0.4359710444203032,37.273575607054
3594,0,normal,0.1087474375963211,0.438462755904133,38.74757496773873
3595,0,normal,0.328032910823822,0.4419846613107102,39.54826135771032
3596,0,normal,1.895316481590271,0.44083847312574637,53.05518108023648
3597,0,normal,0.020888568833470345,0.45907504526446363,53.05186339998045
3598,0,normal,0.0065951100550591946,0.472804539488711,53.02759949764072
3599,0,normal,0.0035201897844672203,0.45616967539915454,52.6434497501707
3600,0,normal,0.0021004960872232914,0.4656235642153249,52.595979474072465
3601,0,normal,0.0014056056970730424,0.4493524957042356,52.79011531269771
3602,0,normal,0.001330047845840454,0.4618234880026955,52.819542442738566
3603,0,normal,0.0016000163741409779,0.4685193961109137,53.09485965563954
3604,0,normal,0.0019859634339809418,0.44847455572096084,53.363102228300704
3605,0,normal,0.002359292469918728,0.44946444563741794,53.549908337535044
3606,0,normal,0.002669268986210227,0.44829615717533255,53.879751828553935
3607,0,normal,0.002908652415499091,0.4529182232869901,54.43524828411819
3608,0,normal,0.0030882530845701694,0.45810095105017956,54.9688933461357
3609,0,normal,0.003222760744392872,0.476830476473834,56.07357144544767
3610,0,normal,0.003324806224554777,0.4498392661944383,57.17701477651167
3611,0,normal,0.0034116688184440136,0.43077712912928606,30.4514788922736
3612,0,normal,0.003471231320872903,0.4458571244133753,30.774085766102417
3613,0,normal,0.0035162244457751513,0.42908220221934634,31.36627105130833
3614,0,normal,0.0036533165257424116,0.39632841920611983,4.173193207240274
3615,0,normal,0.0036273333244025707,0.39760161572715563,2.505240979697419
3616,0,normal,0.0036130377557128668,0.3992968456135957,1.0395358508928894
3617,0,normal,0.0036112861707806587,0.3871477686474744,-0.6457481152849596
3618,0,normal,0.00361871556378901,0.3797995265313136,-1.757077656381398
3619,0,normal,0.0036290553398430347,0.3758815600177715,-0.7013707828432416
3620,0,normal,0.0036408226005733013,0.3641361477840387,-2.4829723351876964
3621,0,normal,0.003652342827990651,0.3639291139857676,-4.623436308119608
3622,0,normal,0.003662815084680915,0.36634143484954446,-6.822402937674724
3623,0,normal,0.003953165374696255,0.33352819632597686,-35.82494627950041
3624,0,normal,0.003709906479343772,0.334075818850491,-38.713175489268
3625,0,normal,0.0036517223343253136,0.3244223582001283,-40.35490542327784
3626,0,normal,0.003633546642959118,0.3096727090336867,-55.92076496583536
3627,0,normal,0.003633546642959118,0.3096727090336867,-55.92076496583536
3628,0,normal,7.446736812591553,0.3327723903507506,-25.396538748026387
3629,0,normal,0.024049285799264908,0.34526934004162135,-25.028403384608282
3630,0,normal,0.7673487067222595,0.33332755808375913,-24.89408685854619
3631,0,normal,1.1006579399108887,0.36572261448992693,0.4447996297874397
3632,0,normal,0.09419464319944382,0.3725552346915819,1.400157706245409
3633,0,normal,0.15367203950881958,0.3823708369943239,2.98283730764183
3634,0,normal,0.1598806530237198,0.37190012490874497,4.632717122918621
3635,0,normal,0.14521148800849915,0.3839311558644685,6.247074796781362
3636,0,normal,0.8077294230461121,0.3954100748265452,6.5125551801695565
3637,0,normal,0.1964036375284195,0.3892371347476807,8.211688707764779
3638,0,normal,0.3051280975341797,0.4209818435167492,9.877606855389786
3639,0,normal,1.0761315822601318,0.3993043399040879,11.589753495219156
3640,0,normal,1.0765548944473267,0.4359710444203032,37.273575607054
3641,0,normal,0.1087474375963211,0.438462755904133,38.74757496773873
3642,0,normal,0.5518364906311035,0.4417264002518756,39.04030168958957
3643,0,normal,1.877746343612671,0.4419992781805647,52.56877269482425
3644,0,normal,0.022651318460702896,0.4598235597419132,52.56303690790719
3645,0,normal,0.005932383239269257,0.4737551442634552,52.579012768344
3646,0,normal,0.0029478103388100863,0.4552203968582177,52.20530558805717
3647,0,normal,0.0018087917705997825,0.4636180639993876,52.15032984198115
3648,0,normal,0.0013315909309312701,0.4497657823892586,52.33716115262587
3649,0,normal,0.0013695890083909035,0.4613178935603904,52.359141617974956
3650,0,normal,0.0016780323348939419,0.46857637978303185,52.63144246081379
3651,0,normal,0.0020631318911910057,0.44844943958539746,52.894175810200295
3652,0,normal,0.0024201394990086555,0.45174501814568824,53.07604168109401
3653,0,normal,0.0027109491638839245,0.4475861124642204,53.40465706284476
3654,0,normal,0.002933775307610631,0.45290029748835653,53.95954850452722
3655,0,normal,0.0031010322272777557,0.4575775649093485,54.49401688466446
3656,0,normal,0.0032272387761622667,0.47457365105437427,55.598662474853654
3657,0,normal,0.0033242013305425644,0.450854928040413,56.705821718460356
3658,0,normal,0.003407311625778675,0.42914774393460076,29.971727663841648
3659,0,normal,0.003465911839157343,0.44401036058137433,30.298972944611023
3660,0,normal,0.003511150600388646,0.4284044036110932,30.898573237014716
3661,0,normal,0.0036348493304103613,0.3958186941807816,3.695978158949856
3662,0,normal,0.0036158794537186623,0.39923128651516915,2.0180084153382722
3663,0,normal,0.0036075529642403126,0.4002587564041117,0.5520177500227419
3664,0,normal,0.003609136212617159,0.3838989435875329,-1.170971466603305
3665,0,normal,0.003617533016949892,0.3799142482366973,-2.3282555191563006
3666,0,normal,0.0036278218030929565,0.37610553462474244,-1.3317960485228468
3667,0,normal,0.0036389855667948723,0.360218943944261,-3.1762393003473335
3668,0,normal,0.0036501639988273382,0.36113915724012685,-5.386893922098579
3669,0,normal,0.00366040226072073,0.3634087769138146,-7.656585871074412
3670,0,normal,0.003897089045494795,0.3294645158711415,-36.746147581222885
3671,0,normal,0.0036870092153549194,0.33191875848336316,-39.71664020146909
3672,0,normal,0.0036517223343253136,0.3244223582001283,-40.35490542327784
3673,0,normal,0.003633546642959118,0.3096727090336867,-55.92076496583536
3674,0,normal,0.003633546642959118,0.3096727090336867,-55.92076496583536
3675,0,normal,0.003633546642959118,0.3096727090336867,-55.92076496583536
3676,0,normal,0.003633546642959118,0.3096727090336867,-55.92076496583536
3677,0,normal,0.003633546642959118,0.3096727090336867,-55.92076496583536
3678,0,normal,0.003633546642959118,0.3096727090336867,-55.92076496583536
3679,0,normal,0.003633546642959118,0.3096727090336867,-55.92076496583536
3680,0,normal,0.003633546642959118,0.3096727090336867,-55.92076496583536
3681,0,normal,0.003633546642959118,0.3096727090336867,-55.92076496583536
3682,0,normal,0.003633546642959118,0.3096727090336867,-55.92076496583536
3683,0,normal,0.003633546642959118,0.3096727090336867,-55.92076496583536
3684,0,normal,0.003633546642959118,0.3096727090336867,-55.92076496583536
3685,0,normal,0.003633546642959118,0.3096727090336867,-55.92076496583536
3686,0,normal,0.003633546642959118,0.3096727090336867,-55.92076496583536
3687,0,normal,0.003633546642959118,0.3096727090336867,-55.92076496583536
3688,0,normal,0.003633546642959118,0.3096727090336867,-55.92076496583536
3689,0,normal,0.003633546642959118,0.3096727090336867,-55.92076496583536
3690,0,normal,0.003633546642959118,0.3096727090336867,-55.92076496583536
3691,0,normal,0.003633546642959118,0.3096727090336867,-55.92076496583536
3692,0,normal,0.003633546642959118,0.3096727090336867,-55.92076496583536
3693,0,normal,0.003633546642959118,0.3096727090336867,-55.92076496583536
3694,0,normal,0.003633546642959118,0.3096727090336867,-55.92076496583536
3695,0,normal,0.003633546642959118,0.3096727090336867,-55.92076496583536
3696,0,normal,0.003633546642959118,0.3096727090336867,-55.92076496583536
3697,0,normal,0.003633546642959118,0.3096727090336867,-55.92076496583536
3698,0,normal,0.003633546642959118,0.3096727090336867,-55.92076496583536
3699,0,normal,0.003633546642959118,0.3096727090336867,-55.92076496583536
3700,0,normal,0.003633546642959118,0.3096727090336867,-55.92076496583536
3701,0,normal,0.003633546642959118,0.3096727090336867,-55.92076496583536
3702,0,normal,0.003633546642959118,0.3096727090336867,-55.92076496583536
3703,0,normal,0.003633546642959118,0.3096727090336867,-55.92076496583536
3704,0,normal,0.003633546642959118,0.3096727090336867,-55.92076496583536
3705,0,normal,0.003633546642959118,0.3096727090336867,-55.92076496583536
3706,0,normal,0.003633546642959118,0.3096727090336867,-55.92076496583536
3707,0,normal,0.003633546642959118,0.3096727090336867,-55.92076496583536
3708,0,normal,0.003633546642959118,0.3096727090336867,-55.92076496583536
3709,0,normal,0.003633546642959118,0.3096727090336867,-55.92076496583536
3710,0,normal,0.003633546642959118,0.3096727090336867,-55.92076496583536
3711,0,normal,0.003633546642959118,0.3096727090336867,-55.92076496583536
3712,0,normal,0.003633546642959118,0.3096727090336867,-55.92076496583536
3713,0,normal,0.003633546642959118,0.3096727090336867,-55.92076496583536
3714,0,normal,0.003633546642959118,0.3096727090336867,-55.92076496583536
3715,0,normal,0.003633546642959118,0.3096727090336867,-55.92076496583536
3716,0,normal,0.003633546642959118,0.3096727090336867,-55.92076496583536
3717,0,normal,0.003633546642959118,0.3096727090336867,-55.92076496583536
3718,0,normal,0.003633546642959118,0.3096727090336867,-55.92076496583536
3719,0,normal,0.003633546642959118,0.3096727090336867,-55.92076496583536
3720,0,normal,0.003633546642959118,0.3096727090336867,-55.92076496583536
3721,0,normal,0.003633546642959118,0.3096727090336867,-55.92076496583536
3722,0,normal,0.003633546642959118,0.3096727090336867,-55.92076496583536
3723,0,normal,0.003633546642959118,0.3096727090336867,-55.92076496583536
3724,0,normal,0.003633546642959118,0.3096727090336867,-55.92076496583536
3725,0,normal,0.003633546642959118,0.3096727090336867,-55.92076496583536
3726,0,normal,7.446736812591553,0.3327723903507506,-25.396538748026387
3727,0,normal,0.024049285799264908,0.34526934004162135,-25.028403384608282
3728,0,normal,2.085083246231079,0.355933641324606,-12.765662632726162
3729,0,normal,1.4465031623840332,0.3936403249513834,12.151463997393876
3730,0,normal,0.085709348320961,0.39335654496759676,13.111754266447406
3731,0,normal,0.1537615805864334,0.39816866607995444,14.66286475621132
3732,0,normal,0.16669408977031708,0.38491239466387417,16.29563096469792
3733,0,normal,0.15527337789535522,0.4078502570397586,17.920359995447598
3734,0,normal,0.11939346790313721,0.4151349708620054,19.55245738087683
3735,0,normal,0.10306008905172348,0.41018792734218507,21.216428951128137
3736,0,normal,0.2017480581998825,0.4273281823413232,22.89373668352323
3737,0,normal,0.6935567855834961,0.4195210341634289,24.584066243900907
3738,0,normal,1.5170238018035889,0.4501790530229162,49.9866311850476
3739,0,normal,0.2212732583284378,0.4465618881954176,50.638843981206264
3740,0,normal,1.0859899520874023,0.4586477352210443,56.920691960563545
3741,0,normal,1.4357247352600098,0.4586049850648454,64.01658625347864
3742,0,normal,0.03858835995197296,0.45859560691308493,64.03893659420464
3743,0,normal,0.01637904904782772,0.48293849978513215,63.89965246605448
3744,0,normal,0.011820334009826183,0.47402318813932787,63.686620750499515
3745,0,normal,0.00963952299207449,0.4703926130781007,63.70153456301364
3746,0,normal,0.007912909612059593,0.46643967542340864,63.84034164058767
3747,0,normal,0.006538882851600647,0.4702101652884181,63.84179677441057
3748,0,normal,0.005502764601260424,0.46400341079046936,64.08943453555594
3749,0,normal,0.004764654207974672,0.4528774154304452,64.33251670237382
3750,0,normal,0.004267132841050625,0.45212404737893075,64.5714139724953
3751,0,normal,0.003949581645429134,0.4562112325912578,65.01723757070044
3752,0,normal,0.003757953178137541,0.45328937239966816,65.64552113457967
3753,0,normal,0.003649270860478282,0.46942120973170026,66.54324356013535
3754,0,normal,0.003592369845137,0.4808607139671865,67.82317561326249
3755,0,normal,0.0035663743037730455,0.45220569239089287,69.07810946822451
3756,0,normal,0.003552976530045271,0.44120778489581763,42.83824972406319
3757,0,normal,0.0035548130981624126,0.44242604947224723,43.41903863208631
3758,0,normal,0.0035596643574535847,0.428525710167057,31.270983177756307
3759,0,normal,0.0036063131410628557,0.3971277582970789,4.246601839420464
3760,0,normal,0.003595926333218813,0.39439013248992344,2.7581788141444576
3761,0,normal,0.003593678353354335,0.3910251939412737,1.3960210515967901
3762,0,normal,0.0035975330974906683,0.38424795534972606,-0.1151212976253646
3763,0,normal,0.0036050910130143166,0.3765848613484585,-1.1292366302677692
3764,0,normal,0.003614385612308979,0.37223687630585867,-2.601054975516263
3765,0,normal,0.003623862285166979,0.3594886243007365,-4.60148460300411
3766,0,normal,0.0036327962297946215,0.3601344536620836,-6.934080077679255
3767,0,normal,0.0036408337764441967,0.3612236157390643,-9.380307251068643
3768,0,normal,0.003728691954165697,0.32693765888562687,-38.70572588788559
3769,0,normal,0.0036514615640044212,0.32831071246914634,-40.34752880512997
3770,0,normal,0.003636116860434413,0.3147792204443281,-48.10029497375854
3771,0,normal,0.003633546642959118,0.3096727090336867,-55.92076496583536
3772,0,normal,0.003633546642959118,0.3096727090336867,-55.92076496583536
3773,0,normal,0.003633546642959118,0.3096727090336867,-55.92076496583536
3774,0,normal,0.003633546642959118,0.3096727090336867,-55.92076496583536
3775,0,normal,0.003633546642959118,0.3096727090336867,-55.92076496583536
3776,0,normal,0.003633546642959118,0.3096727090336867,-55.92076496583536
3777,0,normal,0.003633546642959118,0.3096727090336867,-55.92076496583536
3778,0,normal,0.003633546642959118,0.3096727090336867,-55.92076496583536
3779,0,normal,0.003633546642959118,0.3096727090336867,-55.92076496583536
3780,0,normal,0.003633546642959118,0.3096727090336867,-55.92076496583536
3781,0,normal,0.003633546642959118,0.3096727090336867,-55.92076496583536
3782,0,normal,0.003633546642959118,0.3096727090336867,-55.92076496583536
3783,0,normal,0.003633546642959118,0.3096727090336867,-55.92076496583536
3784,0,normal,0.003633546642959118,0.3096727090336867,-55.92076496583536
3785,0,normal,0.003633546642959118,0.3096727090336867,-55.92076496583536
3786,0,normal,0.003633546642959118,0.3096727090336867,-55.92076496583536
3787,0,normal,0.003633546642959118,0.3096727090336867,-55.92076496583536
3788,0,normal,0.003633546642959118,0.3096727090336867,-55.92076496583536
3789,0,normal,0.003633546642959118,0.3096727090336867,-55.92076496583536
3790,0,normal,0.003633546642959118,0.3096727090336867,-55.92076496583536
3791,0,normal,0.003633546642959118,0.3096727090336867,-55.92076496583536
3792,0,normal,0.003633546642959118,0.3096727090336867,-55.92076496583536
3793,0,normal,0.003633546642959118,0.3096727090336867,-55.92076496583536
3794,0,normal,0.003633546642959118,0.3096727090336867,-55.92076496583536
3795,0,normal,0.003633546642959118,0.3096727090336867,-55.92076496583536
3796,0,normal,0.003633546642959118,0.3096727090336867,-55.92076496583536
3797,0,normal,0.003633546642959118,0.3096727090336867,-55.92076496583536
3798,0,normal,0.003633546642959118,0.3096727090336867,-55.92076496583536
3799,0,normal,0.003633546642959118,0.3096727090336867,-55.92076496583536
3800,0,normal,0.003633546642959118,0.3096727090336867,-55.92076496583536
3801,0,normal,0.003633546642959118,0.3096727090336867,-55.92076496583536
3802,0,normal,0.003633546642959118,0.3096727090336867,-55.92076496583536
3803,0,normal,0.003633546642959118,0.3096727090336867,-55.92076496583536
3804,0,normal,0.003633546642959118,0.3096727090336867,-55.92076496583536
3805,0,normal,0.003633546642959118,0.3096727090336867,-55.92076496583536
3806,0,normal,0.003633546642959118,0.3096727090336867,-55.92076496583536
3807,0,normal,0.003633546642959118,0.3096727090336867,-55.92076496583536
3808,0,normal,0.003633546642959118,0.3096727090336867,-55.92076496583536
3809,0,normal,0.003633546642959118,0.3096727090336867,-55.92076496583536
3810,0,normal,0.003633546642959118,0.3096727090336867,-55.92076496583536
3811,0,normal,0.003633546642959118,0.3096727090336867,-55.92076496583536
3812,0,normal,0.003633546642959118,0.3096727090336867,-55.92076496583536
3813,0,normal,0.003633546642959118,0.3096727090336867,-55.92076496583536
3814,0,normal,0.003633546642959118,0.3096727090336867,-55.92076496583536
3815,0,normal,0.003633546642959118,0.3096727090336867,-55.92076496583536
3816,0,normal,0.003633546642959118,0.3096727090336867,-55.92076496583536
3817,0,normal,0.003633546642959118,0.3096727090336867,-55.92076496583536
3818,0,normal,0.003633546642959118,0.3096727090336867,-55.92076496583536
3819,0,normal,0.003633546642959118,0.3096727090336867,-55.92076496583536
3820,0,normal,0.003633546642959118,0.3096727090336867,-55.92076496583536
3821,0,normal,0.003633546642959118,0.3096727090336867,-55.92076496583536
3822,0,normal,0.003633546642959118,0.3096727090336867,-55.92076496583536
3823,0,normal,0.003633546642959118,0.3096727090336867,-55.92076496583536
3824,0,normal,0.003633546642959118,0.3096727090336867,-55.92076496583536
3825,0,normal,0.003633546642959118,0.3096727090336867,-55.92076496583536
3826,0,normal,0.003633546642959118,0.3096727090336867,-55.92076496583536
3827,0,normal,0.003633546642959118,0.3096727090336867,-55.92076496583536
3828,0,normal,0.003633546642959118,0.3096727090336867,-55.92076496583536
3829,0,normal,0.003633546642959118,0.3096727090336867,-55.92076496583536
3830,0,normal,0.003633546642959118,0.3096727090336867,-55.92076496583536
3831,0,normal,0.003633546642959118,0.3096727090336867,-55.92076496583536
3832,0,normal,0.003633546642959118,0.3096727090336867,-55.92076496583536
3833,0,normal,0.003633546642959118,0.3096727090336867,-55.92076496583536
3834,0,normal,7.446736812591553,0.3327723903507506,-25.396538748026387
3835,0,normal,0.024049285799264908,0.34526934004162135,-25.028403384608282
3836,0,normal,0.9517195820808411,0.3397551804793094,-23.453580185404235
3837,0,normal,0.8713390827178955,0.3739928291516433,1.8054487047829753
3838,0,normal,0.10510746389627457,0.37562388413953973,2.7669556687974364
3839,0,normal,0.16695594787597656,0.38592644040845975,4.308128734570801
3840,0,normal,0.17305180430412292,0.3754392568644995,5.9489736042178265
3841,0,normal,0.15668366849422455,0.3903990406642189,7.574990503166873
3842,0,normal,0.1423652619123459,0.40473590586294483,9.210272692859917
3843,0,normal,0.1998787522315979,0.39233246298439384,10.88004436613869
3844,0,normal,0.5221350193023682,0.41996034663343135,12.557888047822644
3845,0,normal,1.9890761375427246,0.43745867178536824,38.22626847488414
3846,0,normal,0.2052099108695984,0.43694749332094385,38.910170537397335
3847,0,normal,1.228665828704834,0.43881487015024434,44.811563563535174
3848,0,normal,1.301533818244934,0.45170058673269303,52.81793151187526
3849,0,normal,0.02460242621600628,0.45308628763153097,52.77870078221872
3850,0,normal,0.008517441339790821,0.45814304822099366,52.65649861576162
3851,0,normal,0.0038982066325843334,0.4631867566337359,52.415031890050386
3852,0,normal,0.0021337091457098722,0.47039912873782375,52.40470351949466
3853,0,normal,0.0014897595392540097,0.44810721760123473,52.50920769067329
3854,0,normal,0.001488806796260178,0.470701779623636,52.69421026672353
3855,0,normal,0.0017853588797152042,0.4542555778520661,52.672188443710866
3856,0,normal,0.0021610772237181664,0.45122778389511703,52.85560391807371
3857,0,normal,0.002508539939299226,0.4350757273932816,53.1576963576083
3858,0,normal,0.0027910247445106506,0.4562108172916359,53.35995647759387
3859,0,normal,0.0030072254594415426,0.4528517505508351,53.700875635985085
3860,0,normal,0.0031688602175563574,0.43982274706639696,54.333852772028195
3861,0,normal,0.003289462300017476,0.4682777444628694,54.97511683846119
3862,0,normal,0.003380189649760723,0.4577114808490068,56.215703901532606
3863,0,normal,0.003449138253927231,0.4448264084534044,57.39456857488085
3864,0,normal,0.003505304455757141,0.4277129036840977,30.898987156179146
3865,0,normal,0.0035440735518932343,0.43319207768484147,31.47625114566199
3866,0,normal,0.003573488909751177,0.41631726405870095,29.93890801457792
3867,0,normal,0.0036406570579856634,0.4002263513571393,2.998671303610763
3868,0,normal,0.0036258308682590723,0.39189537004265107,1.6554582543678862
3869,0,normal,0.0036216075532138348,0.3851104299118312,0.11878409450378058
3870,0,normal,0.0036248366814106703,0.38193945299826626,-0.8716622549970907
3871,0,normal,0.0036323433741927147,0.37572394957263205,-2.3012063249148014
3872,0,normal,0.0036419741809368134,0.35831095217903347,-4.241691170244394
3873,0,normal,0.0036526131443679333,0.36098818851952685,-6.518525198635643
3874,0,normal,0.0036627529188990593,0.36203366293785655,-8.89554485629992
3875,0,normal,0.003955821972340345,0.3264973402883928,-38.12509091174593
3876,0,normal,0.003686480689793825,0.33044303176951645,-39.71557456982896
3877,0,normal,0.003641948103904724,0.31943547382507487,-46.30578268375643
3878,0,normal,0.003633546642959118,0.3096727090336867,-55.92076496583536
3879,0,normal,0.003633546642959118,0.3096727090336867,-55.92076496583536
3880,0,normal,0.003633546642959118,0.3096727090336867,-55.92076496583536
3881,0,normal,0.003633546642959118,0.3096727090336867,-55.92076496583536
3882,0,normal,0.003633546642959118,0.3096727090336867,-55.92076496583536
3883,0,normal,0.003633546642959118,0.3096727090336867,-55.92076496583536
3884,0,normal,0.003633546642959118,0.3096727090336867,-55.92076496583536
3885,0,normal,0.003633546642959118,0.3096727090336867,-55.92076496583536
3886,0,normal,0.003633546642959118,0.3096727090336867,-55.92076496583536
3887,0,normal,0.003633546642959118,0.3096727090336867,-55.92076496583536
3888,0,normal,0.003633546642959118,0.3096727090336867,-55.92076496583536
3889,0,normal,0.003633546642959118,0.3096727090336867,-55.92076496583536
3890,0,normal,0.003633546642959118,0.3096727090336867,-55.92076496583536
3891,0,normal,0.003633546642959118,0.3096727090336867,-55.92076496583536
3892,0,normal,0.003633546642959118,0.3096727090336867,-55.92076496583536
3893,0,normal,0.003633546642959118,0.3096727090336867,-55.92076496583536
3894,0,normal,0.003633546642959118,0.3096727090336867,-55.92076496583536
3895,0,normal,0.003633546642959118,0.3096727090336867,-55.92076496583536
3896,0,normal,0.003633546642959118,0.3096727090336867,-55.92076496583536
3897,0,normal,0.003633546642959118,0.3096727090336867,-55.92076496583536
3898,0,normal,0.003633546642959118,0.3096727090336867,-55.92076496583536
3899,0,normal,0.003633546642959118,0.3096727090336867,-55.92076496583536
3900,0,normal,0.003633546642959118,0.3096727090336867,-55.92076496583536
3901,0,normal,0.003633546642959118,0.3096727090336867,-55.92076496583536
3902,0,normal,0.003633546642959118,0.3096727090336867,-55.92076496583536
3903,0,normal,0.003633546642959118,0.3096727090336867,-55.92076496583536
3904,0,normal,0.003633546642959118,0.3096727090336867,-55.92076496583536
3905,0,normal,0.003633546642959118,0.3096727090336867,-55.92076496583536
3906,0,normal,0.003633546642959118,0.3096727090336867,-55.92076496583536
3907,0,normal,0.003633546642959118,0.3096727090336867,-55.92076496583536
3908,0,normal,0.003633546642959118,0.3096727090336867,-55.92076496583536
3909,0,normal,0.003633546642959118,0.3096727090336867,-55.92076496583536
3910,0,normal,0.003633546642959118,0.3096727090336867,-55.92076496583536
3911,0,normal,0.003633546642959118,0.3096727090336867,-55.92076496583536
3912,0,normal,0.003633546642959118,0.3096727090336867,-55.92076496583536
3913,0,normal,0.003633546642959118,0.3096727090336867,-55.92076496583536
3914,0,normal,0.003633546642959118,0.3096727090336867,-55.92076496583536
3915,0,normal,0.003633546642959118,0.3096727090336867,-55.92076496583536
3916,0,normal,0.003633546642959118,0.3096727090336867,-55.92076496583536
3917,0,normal,0.003633546642959118,0.3096727090336867,-55.92076496583536
3918,0,normal,0.003633546642959118,0.3096727090336867,-55.92076496583536
3919,0,normal,0.003633546642959118,0.3096727090336867,-55.92076496583536
3920,0,normal,0.003633546642959118,0.3096727090336867,-55.92076496583536
3921,0,normal,0.003633546642959118,0.3096727090336867,-55.92076496583536
3922,0,normal,0.003633546642959118,0.3096727090336867,-55.92076496583536
3923,0,normal,0.003633546642959118,0.3096727090336867,-55.92076496583536
3924,0,normal,0.003633546642959118,0.3096727090336867,-55.92076496583536
3925,0,normal,0.003633546642959118,0.3096727090336867,-55.92076496583536
3926,0,normal,0.003633546642959118,0.3096727090336867,-55.92076496583536
3927,0,normal,0.003633546642959118,0.3096727090336867,-55.92076496583536
3928,0,normal,0.003633546642959118,0.3096727090336867,-55.92076496583536
3929,0,normal,0.003633546642959118,0.3096727090336867,-55.92076496583536
3930,0,normal,0.003633546642959118,0.3096727090336867,-55.92076496583536
3931,0,normal,7.446736812591553,0.3327723903507506,-25.396538748026387
3932,0,normal,0.024049285799264908,0.34526934004162135,-25.028403384608282
3933,0,normal,0.7673487067222595,0.33332755808375913,-24.89408685854619
3934,0,normal,1.1006579399108887,0.36572261448992693,0.4447996297874397
3935,0,normal,0.09419464319944382,0.3725552346915819,1.400157706245409
3936,0,normal,0.15367203950881958,0.3823708369943239,2.98283730764183
3937,0,normal,0.1598806530237198,0.37190012490874497,4.632717122918621
3938,0,normal,0.8133227825164795,0.38025269907394765,4.883077208043005
3939,0,normal,0.234439879655838,0.39555548148253233,6.54822435344181
3940,0,normal,0.14851462841033936,0.3920642074879971,8.20173214873671
3941,0,normal,0.359220951795578,0.41225683362461424,9.912579974312166
3942,0,normal,1.2421354055404663,0.40647876729188004,11.593165991999967
3943,0,normal,0.9713255763053894,0.4283618482400777,37.25613649344814
3944,0,normal,0.10771127790212631,0.4370044753201502,38.730242571462895
3945,0,normal,0.5603963732719421,0.4438594712530694,39.023345750223825
3946,0,normal,1.8813931941986084,0.44331704466647,52.5563962079334
3947,0,normal,0.021732237190008163,0.45876124345185476,52.54771186851849
3948,0,normal,0.0058969962410628796,0.46731561802359184,52.565772257429444
3949,0,normal,0.0030064540915191174,0.4607139570948065,52.19924348500422
3950,0,normal,0.0018410616321489215,0.45651447670035084,52.1455245476202
3951,0,normal,0.001350001897662878,0.45895463821173726,52.334733400987034
3952,0,normal,0.0013827824732288718,0.4622068445825111,52.35329507643701
3953,0,normal,0.0016890839906409383,0.46982459679685623,52.631948165607355
3954,0,normal,0.0020725897047668695,0.4419736019506421,52.89510921657643
3955,0,normal,0.0024279963690787554,0.45033915658873647,53.07881719793545
3956,0,normal,0.0027173301205039024,0.4561085772072195,53.41093289221453
3957,0,normal,0.0029389522969722748,0.4576856012336517,53.95881336586922
3958,0,normal,0.003105279989540577,0.45777772705558684,54.48466137298965
3959,0,normal,0.003230747999623418,0.47667642476354843,55.596632410854
3960,0,normal,0.003327061654999852,0.4493020954304887,56.65704211885486
3961,0,normal,0.0034089868422597647,0.43407299654953885,29.909143737110526
3962,0,normal,0.003467162139713764,0.4422311292922332,30.219371086901447
3963,0,normal,0.0035122940316796303,0.4278501768950464,30.76838957426594
3964,0,normal,0.003633331973105669,0.40002229957040913,3.559008725184867
3965,0,normal,0.003614467801526189,0.4039408698135597,1.8675364181819987
3966,0,normal,0.0036065462045371532,0.398650281061629,0.4209288634231143
3967,0,normal,0.0036087632179260254,0.38165575289221293,-1.3435254684370648
3968,0,normal,0.003617470385506749,0.38561003090369683,-0.05619240468354292
3969,0,normal,0.0036278218030929565,0.37610553462474244,-1.3317960485228468
3970,0,normal,0.0036389855667948723,0.360218943944261,-3.1762393003473335
3971,0,normal,0.0036501639988273382,0.36113915724012685,-5.386893922098579
3972,0,normal,0.00366040226072073,0.3634087769138146,-7.656585871074412
3973,0,normal,0.003897089045494795,0.3294645158711415,-36.746147581222885
3974,0,normal,0.0036870092153549194,0.33191875848336316,-39.71664020146909
3975,0,normal,0.0036517223343253136,0.3244223582001283,-40.35490542327784
3976,0,normal,0.003633546642959118,0.3096727090336867,-55.92076496583536
3977,0,normal,0.003633546642959118,0.3096727090336867,-55.92076496583536
3978,0,normal,0.003633546642959118,0.3096727090336867,-55.92076496583536
3979,0,normal,7.446736812591553,0.3327723903507506,-25.396538748026387
3980,0,normal,0.024049285799264908,0.34526934004162135,-25.028403384608282
3981,0,normal,0.7673487067222595,0.33332755808375913,-24.89408685854619
3982,0,normal,1.1006579399108887,0.36572261448992693,0.4447996297874397
3983,0,normal,0.09419464319944382,0.3725552346915819,1.400157706245409
3984,0,normal,0.15367203950881958,0.3823708369943239,2.98283730764183
3985,0,normal,0.1598806530237198,0.37190012490874497,4.632717122918621
3986,0,normal,0.14521148800849915,0.3839311558644685,6.247074796781362
3987,0,normal,0.1227327212691307,0.397916421056408,7.87080842962564
3988,0,normal,0.1468804031610489,0.39218847629388537,9.52868530220735
3989,0,normal,0.36440595984458923,0.41846984947749916,11.198876561416682
3990,0,normal,1.1706805229187012,0.4054827478953717,12.87058070332273
3991,0,normal,1.0491929054260254,0.43394617668114793,38.514092294203465
3992,0,normal,0.10966388881206512,0.43599027335953877,39.999980798088245
3993,0,normal,0.5590255856513977,0.44408036742030144,40.30745563549863
3994,0,normal,1.8706204891204834,0.4424288084969209,53.830988919195306
3995,0,normal,0.022536134347319603,0.4594475986074703,53.83485518518137
3996,0,normal,0.006094679236412048,0.4746306039779265,53.863310567621056
3997,0,normal,0.0030061635188758373,0.45827558914392436,53.5011510876775
3998,0,normal,0.0018429072806611657,0.4634156405458948,53.44950857745516
3999,0,normal,0.001352436258457601,0.45544498041509185,53.63753488117254
4000,0,normal,0.0013822289183735847,0.46085560404736764,53.658339668446615
4001,0,normal,0.0016858710441738367,0.4675759629984721,53.93209288071034
4002,0,normal,0.002068231115117669,0.44442569681179606,54.18953975640102
4003,0,normal,0.0024240734055638313,0.4542631112547594,54.36624443664368
4004,0,normal,0.0027149624656885862,0.4532035075061364,54.68753013942592
4005,0,normal,0.0029386228416115046,0.4532341913239552,55.230786985023315
4006,0,normal,0.0031069028191268444,0.4557920236498634,55.760630165181965
4007,0,normal,0.0032338807359337807,0.47336272119205075,56.86737587003381
4008,0,normal,0.0033311417791992426,0.4492107265576847,57.96926687933296
4009,0,normal,0.0034143133088946342,0.4344793423851783,31.31822550674974
4010,0,normal,0.003471502335742116,0.4436027833613573,31.703463290528816
4011,0,normal,0.0035150423645973206,0.43030193453698135,32.37791602732386
4012,0,normal,0.0036310111172497272,0.39786732410777637,5.353112040548012
4013,0,normal,0.00361472275108099,0.4013973689120964,3.8163028586234304
4014,0,normal,0.003608015365898609,0.3997462235588855,2.5057303477101414
4015,0,normal,0.003609901526942849,0.3860885596831368,0.9199493646137853
4016,0,normal,0.003617470385506749,0.38561003090369683,-0.05619240468354292
4017,0,normal,0.0036278218030929565,0.37610553462474244,-1.3317960485228468
4018,0,normal,0.0036389855667948723,0.360218943944261,-3.1762393003473335
4019,0,normal,0.0036501639988273382,0.36113915724012685,-5.386893922098579
4020,0,normal,0.00366040226072073,0.3634087769138146,-7.656585871074412
4021,0,normal,0.003897089045494795,0.3294645158711415,-36.746147581222885
4022,0,normal,0.0036870092153549194,0.33191875848336316,-39.71664020146909
4023,0,normal,0.0036517223343253136,0.3244223582001283,-40.35490542327784
4024,0,normal,0.003633546642959118,0.3096727090336867,-55.92076496583536
4025,0,normal,0.003633546642959118,0.3096727090336867,-55.92076496583536
4026,0,normal,0.003633546642959118,0.3096727090336867,-55.92076496583536
4027,0,normal,0.003633546642959118,0.3096727090336867,-55.92076496583536
4028,0,normal,7.446736812591553,0.3327723903507506,-25.396538748026387
4029,0,normal,0.024049285799264908,0.34526934004162135,-25.028403384608282
4030,0,normal,0.7673487067222595,0.33332755808375913,-24.89408685854619
4031,0,normal,2.7253668308258057,0.3354652880937674,-24.369292503801717
4032,0,normal,0.40467387437820435,0.38075675741279924,1.6361473438585108
4033,0,normal,0.1750296950340271,0.3790665227806179,3.0171954851236933
4034,0,normal,10.263914108276367,0.40943399951113135,50.24735508297567
4035,0,normal,0.3372785151004791,0.4090068572050535,51.767020170134856
4036,0,normal,0.5170586705207825,0.40363828920722444,53.295910703967365
4037,0,normal,0.851727306842804,0.42463562419597756,54.721916612691984
4038,0,normal,1.6720728874206543,0.42256366286461694,56.26047689924667
4039,0,normal,0.9885294437408447,0.46185060698651653,80.92634139925963
4040,0,normal,0.23706327378749847,0.451888296399482,81.58128763479976
4041,0,normal,0.5671337842941284,0.45491812115727853,81.96315514934622
4042,0,normal,1.8508943319320679,0.45888294689216425,95.02915818389306
4043,0,normal,0.019966334104537964,0.479068774984821,95.03362312408308
4044,0,normal,0.0063534993678331375,0.46546972009847354,95.10125881719068
4045,0,normal,0.004578587133437395,0.4576605700710608,94.76516989936454
4046,0,normal,0.003260787343606353,0.4847367976246154,94.62486666478867
4047,0,normal,0.002530189696699381,0.46049499442617975,94.72716534646156
4048,0,normal,0.002333034761250019,0.4832258936025826,94.85541931164585
4049,0,normal,0.0024234631564468145,0.48156330067440467,94.90642557504384
4050,0,normal,0.002603888511657715,0.4577595172370133,95.01336992560573
4051,0,normal,0.0027767913416028023,0.45621589794735745,95.30120331555145
4052,0,normal,0.0029157421085983515,0.4837184250373917,95.43979248866276
4053,0,normal,0.003026343882083893,0.46916935690377953,95.62768257072867
4054,0,normal,0.003120674518868327,0.47301826634847416,96.09566263318357
4055,0,normal,0.0032067622523754835,0.4723540497099711,96.69948970278824
4056,0,normal,0.0032871803268790245,0.4786184290270913,97.474948591974
4057,0,normal,0.003361127804964781,0.47181466368264807,98.84102546329268
4058,0,normal,0.0034247359726577997,0.4492285552221497,73.42440015095121
4059,0,normal,0.0034830314107239246,0.4385993176268449,74.18945659685733
4060,0,normal,0.003529450623318553,0.4287510046636382,74.79478744975268
4061,0,normal,0.0035654716193675995,0.43046315745740527,73.45774355944354
4062,0,normal,0.0036028316244482994,0.424665910279725,47.72460776565049
4063,0,normal,0.0036120761651545763,0.39835148453302666,46.182963559571135
4064,0,normal,0.003622204065322876,0.38310295710107245,-0.9871109221721781
4065,0,normal,0.003632980864495039,0.3736246735242293,-2.33928708677945
4066,0,normal,0.0036444813013076782,0.3594562360967001,-4.256986768805973
4067,0,normal,0.0036564101465046406,0.3609762994309262,-6.553560324068485
4068,0,normal,0.00366761046461761,0.3599818491799063,-8.900247605360846
4069,0,normal,0.003919631242752075,0.32500300904843643,-38.12617758680449
4070,0,normal,0.0036870092153549194,0.33191875848336316,-39.71664020146909
4071,0,normal,0.0036517223343253136,0.3244223582001283,-40.35490542327784
4072,0,normal,0.003633546642959118,0.3096727090336867,-55.92076496583536
4073,0,normal,0.003633546642959118,0.3096727090336867,-55.92076496583536
4074,0,normal,0.003633546642959118,0.3096727090336867,-55.92076496583536
4075,0,normal,0.003633546642959118,0.3096727090336867,-55.92076496583536
4076,0,normal,0.003633546642959118,0.3096727090336867,-55.92076496583536
4077,0,normal,7.446736812591553,0.3327723903507506,-25.396538748026387
4078,0,normal,0.024049285799264908,0.34526934004162135,-25.028403384608282
4079,0,normal,1.9007123708724976,0.3500999550356732,-14.185650485880842
4080,0,normal,1.8995367288589478,0.3847620504000039,10.810315208053908
4081,0,normal,0.09440328180789948,0.39014302901311876,11.764498834923643
4082,0,normal,0.5682730078697205,0.39039395745565847,11.998509636471226
4083,0,normal,0.33163344860076904,0.37927091006769925,13.681550161871428
4084,0,normal,0.2177181988954544,0.4000968335245712,15.290342018697629
4085,0,normal,0.13990002870559692,0.40813795414683124,16.95149723125951
4086,0,normal,0.10291748493909836,0.4101611665904779,18.6125079425924
4087,0,normal,0.21807077527046204,0.42827188813685,20.270580463612077
4088,0,normal,1.606003761291504,0.41259129429668323,20.593211144485622
4089,0,normal,1.6771197319030762,0.43495297882646883,46.10584917214442
4090,0,normal,0.444709837436676,0.442251500209041,46.234722607728145
4091,0,normal,83.3803939819336,0.45404617316934653,325.77831506480004
4092,0,normal,2.114448070526123,0.4600361825171457,331.7013730195674
4093,0,normal,0.04093638435006142,0.46432761586734267,331.6689759956878
4094,0,normal,0.04412026330828667,0.48215489657601507,331.56249732797096
4095,0,normal,0.03720666095614433,0.47035149191273196,331.36286808042064
4096,0,normal,0.02720920369029045,0.46766214471297657,331.36138794561145
4097,0,normal,0.018112031742930412,0.46129199107757,331.4723353670521
4098,0,normal,0.011495103128254414,0.4686803358324986,331.478573753909
4099,0,normal,0.007360398769378662,0.46501942847826244,331.67210243942884
4100,0,normal,0.005081006791442633,0.4535962153589858,331.8672652912928
4101,0,normal,0.003979579079896212,0.4632371627481618,332.01258265257763
4102,0,normal,0.0035396043676882982,0.453165916402061,332.2985104608633
4103,0,normal,0.003428576746955514,0.45108887769081385,332.72210489354757
4104,0,normal,0.0034563939552754164,0.4682793840970954,333.2733212274925
4105,0,normal,0.0035257062409073114,0.48337852904723744,334.10037418113427
4106,0,normal,0.0035930913873016834,0.45533940394837025,334.900404316855
4107,0,normal,0.003661882597953081,0.4342995735456032,315.0294137238252
4108,0,normal,0.0036941291764378548,0.45408670978266497,315.24468240273916
4109,0,normal,0.003708847798407078,0.4377566256803684,307.6451819554226
4110,0,normal,0.0037757514510303736,0.39393870553333893,287.22777816212965
4111,0,normal,0.0037381164729595184,0.4007063891172864,285.90889256135017
4112,0,normal,0.003707730211317539,0.39147153815106994,286.4980117021868
4113,0,normal,0.0036812685430049896,0.38593323776742905,285.222770745468
4114,0,normal,0.003663401585072279,0.3853247282406013,284.3601296244851
4115,0,normal,0.0036538897547870874,0.37683823421833795,283.13799629533
4116,0,normal,0.003651488572359085,0.3567404081396833,281.625853828294
4117,0,normal,0.003652981948107481,0.35906129087691196,279.7635917756103
4118,0,normal,0.003651486011222005,0.36303134664122766,279.67708505518954
4119,0,normal,0.0036531398072838783,0.3302074013248839,257.76289824439436
4120,0,normal,0.003646096447482705,0.33371789397673807,257.33324933637164
4121,0,normal,0.003641948103904724,0.31943547382507487,-46.30578268375643
4122,0,normal,0.003633546642959118,0.3096727090336867,-55.92076496583536
4123,0,normal,0.003633546642959118,0.3096727090336867,-55.92076496583536
4124,0,normal,0.003633546642959118,0.3096727090336867,-55.92076496583536
4125,0,normal,0.003633546642959118,0.3096727090336867,-55.92076496583536
4126,0,normal,0.003633546642959118,0.3096727090336867,-55.92076496583536
4127,0,normal,0.003633546642959118,0.3096727090336867,-55.92076496583536
4128,0,normal,0.003633546642959118,0.3096727090336867,-55.92076496583536
4129,0,normal,0.003633546642959118,0.3096727090336867,-55.92076496583536
4130,0,normal,0.003633546642959118,0.3096727090336867,-55.92076496583536
4131,0,normal,0.003633546642959118,0.3096727090336867,-55.92076496583536
4132,0,normal,0.003633546642959118,0.3096727090336867,-55.92076496583536
4133,0,normal,0.003633546642959118,0.3096727090336867,-55.92076496583536
4134,0,normal,0.003633546642959118,0.3096727090336867,-55.92076496583536
4135,0,normal,0.003633546642959118,0.3096727090336867,-55.92076496583536
4136,0,normal,0.003633546642959118,0.3096727090336867,-55.92076496583536
4137,0,normal,0.003633546642959118,0.3096727090336867,-55.92076496583536
4138,0,normal,0.003633546642959118,0.3096727090336867,-55.92076496583536
4139,0,normal,0.003633546642959118,0.3096727090336867,-55.92076496583536
4140,0,normal,0.003633546642959118,0.3096727090336867,-55.92076496583536
4141,0,normal,0.003633546642959118,0.3096727090336867,-55.92076496583536
4142,0,normal,0.003633546642959118,0.3096727090336867,-55.92076496583536
4143,0,normal,0.003633546642959118,0.3096727090336867,-55.92076496583536
4144,0,normal,0.003633546642959118,0.3096727090336867,-55.92076496583536
4145,0,normal,0.003633546642959118,0.3096727090336867,-55.92076496583536
4146,0,normal,0.003633546642959118,0.3096727090336867,-55.92076496583536
4147,0,normal,0.003633546642959118,0.3096727090336867,-55.92076496583536
4148,0,normal,0.003633546642959118,0.3096727090336867,-55.92076496583536
4149,0,normal,0.003633546642959118,0.3096727090336867,-55.92076496583536
4150,0,normal,0.003633546642959118,0.3096727090336867,-55.92076496583536
4151,0,normal,0.003633546642959118,0.3096727090336867,-55.92076496583536
4152,0,normal,0.003633546642959118,0.3096727090336867,-55.92076496583536
4153,0,normal,0.003633546642959118,0.3096727090336867,-55.92076496583536
4154,0,normal,0.003633546642959118,0.3096727090336867,-55.92076496583536
4155,0,normal,0.003633546642959118,0.3096727090336867,-55.92076496583536
4156,0,normal,0.003633546642959118,0.3096727090336867,-55.92076496583536
4157,0,normal,0.003633546642959118,0.3096727090336867,-55.92076496583536
4158,0,normal,0.003633546642959118,0.3096727090336867,-55.92076496583536
4159,0,normal,0.003633546642959118,0.3096727090336867,-55.92076496583536
4160,0,normal,0.003633546642959118,0.3096727090336867,-55.92076496583536
4161,0,normal,0.003633546642959118,0.3096727090336867,-55.92076496583536
4162,0,normal,0.003633546642959118,0.3096727090336867,-55.92076496583536
4163,0,normal,0.003633546642959118,0.3096727090336867,-55.92076496583536
4164,0,normal,0.003633546642959118,0.3096727090336867,-55.92076496583536
4165,0,normal,0.003633546642959118,0.3096727090336867,-55.92076496583536
4166,0,normal,0.003633546642959118,0.3096727090336867,-55.92076496583536
4167,0,normal,0.003633546642959118,0.3096727090336867,-55.92076496583536
4168,0,normal,0.003633546642959118,0.3096727090336867,-55.92076496583536
4169,0,normal,0.003633546642959118,0.3096727090336867,-55.92076496583536
4170,0,normal,0.003633546642959118,0.3096727090336867,-55.92076496583536
4171,0,normal,0.003633546642959118,0.3096727090336867,-55.92076496583536
4172,0,normal,0.003633546642959118,0.3096727090336867,-55.92076496583536
4173,0,normal,0.003633546642959118,0.3096727090336867,-55.92076496583536
4174,0,normal,7.446736812591553,0.3327723903507506,-25.396538748026387
4175,0,normal,0.024049285799264908,0.34526934004162135,-25.028403384608282
4176,0,normal,0.7673487067222595,0.33332755808375913,-24.89408685854619
4177,0,normal,2.3384182453155518,0.3455959674397835,-15.108941488917026
4178,0,normal,0.8907620310783386,0.3938164270105147,10.625485151178964
4179,0,normal,0.09104044735431671,0.3928201451079734,11.995904311949971
4180,0,normal,0.16155388951301575,0.38909978106692034,13.651862851006172
4181,0,normal,0.17662698030471802,0.39267070555179456,15.307235220027906
4182,0,normal,0.16427558660507202,0.3938757577834557,16.899784359426803
4183,0,normal,0.14487820863723755,0.4156502673389473,18.547580703765107
4184,0,normal,0.21845793724060059,0.4200095752094816,20.2077248625053
4185,0,normal,3.419166326522827,0.4473223484688128,45.700421401556696
4186,0,normal,0.1620551347732544,0.44384462903357264,47.17149517946041
4187,0,normal,0.5135151147842407,0.4295441744161738,47.52723446992786
4188,0,normal,1.874888300895691,0.44321464711017017,60.97717727267923
4189,0,normal,0.033174481242895126,0.47285189404853956,60.93718599736667
4190,0,normal,0.008350965566933155,0.4585424401652346,61.00405029909416
4191,0,normal,0.0038217073306441307,0.4509496915780316,60.65843994746979
4192,0,normal,0.002252828562632203,0.48208738053058553,60.576959890265925
4193,0,normal,0.0015182344941422343,0.44700598473056874,60.689972328720614
4194,0,normal,0.0014087496092543006,0.4683309084333298,60.89406697190134
4195,0,normal,0.0016451200935989618,0.46482307386254734,60.92998027476642
4196,0,normal,0.0020043060649186373,0.4508984994711531,61.04617105073771
4197,0,normal,0.002358590252697468,0.4532512801476203,61.33768985375377
4198,0,normal,0.0026553189381957054,0.46676891950977545,61.50925455787228
4199,0,normal,0.0028857202269136906,0.46168337396300285,61.68803222994802
4200,0,normal,0.003060026792809367,0.4472737988270214,62.16931226484189
4201,0,normal,0.0031926792580634356,0.4548517630366654,62.74607264411043
4202,0,normal,0.0032958074007183313,0.4581860932063975,63.5744428093883
4203,0,normal,0.0033777402713894844,0.47010952000772266,64.75174498357319
4204,0,normal,0.003453300567343831,0.44040641164511435,38.34980224150422
4205,0,normal,0.0035068329889327288,0.4314064252482674,38.74762239774236
4206,0,normal,0.003546170424669981,0.41879045173083523,39.15422352090309
4207,0,normal,7.447500228881836,0.4389149359809576,57.66196539714383
4208,0,normal,0.024050550535321236,0.4294406200837535,31.93996410320483
4209,0,normal,0.9527949094772339,0.4185767280825189,31.955154296220826
4210,0,normal,0.8704014420509338,0.44530368411450566,55.188352892266266
4211,0,normal,0.10505235195159912,0.44704779597749345,54.90667406126818
4212,0,normal,0.1669297218322754,0.43628403352800715,54.621437387631886
4213,0,normal,0.17302224040031433,0.4242020944504663,54.078462650782285
4214,0,normal,0.15663334727287292,0.4449100549766484,53.46002990571719
4215,0,normal,0.13950589299201965,0.420730641419413,27.45559586952686
4216,0,normal,0.19430400431156158,0.4089262735870481,26.252942166542425
4217,0,normal,0.5168030858039856,0.42470095614995546,27.29084190041044
4218,0,normal,1.9890761375427246,0.43745867178536824,38.22626847488414
4219,0,normal,0.2052099108695984,0.43694749332094385,38.910170537397335
4220,0,normal,0.5462185740470886,0.4344656981972899,39.27970586585502
4221,0,normal,1.8401494026184082,0.4486929619416531,52.78617030412897
4222,0,normal,0.024765457957983017,0.46312578982350056,52.78170064955634
4223,0,normal,0.006126977503299713,0.45748089940364206,52.82863319057128
4224,0,normal,0.0033924072049558163,0.4532807774394807,52.46371326616486
4225,0,normal,0.002210898557677865,0.47664915804455266,52.379799907442475
4226,0,normal,0.0016879313625395298,0.44612183804255323,52.473575476809856
4227,0,normal,0.0016822854522615671,0.4625267456526064,52.65754704549886
4228,0,normal,0.0019392590038478374,0.4576170276122481,52.643674425959944
4229,0,normal,0.0022609070874750614,0.4529148223253915,52.81864477289605
4230,0,normal,0.0025482242926955223,0.4373280393010357,53.123718011547
4231,0,normal,0.002774137072265148,0.45945952723886846,53.327740392928035
4232,0,normal,0.002946204971522093,0.4542521512776968,53.67503128435874
4233,0,normal,0.0030807906296104193,0.4377278893007129,54.303234250834976
4234,0,normal,0.003191182389855385,0.46636136248987703,54.95028838502458
4235,0,normal,0.0032849537674337626,0.4570372021880033,56.188942933744556
4236,0,normal,0.003365363460034132,0.4494643192018146,57.36722498854306
4237,0,normal,0.003435772145166993,0.42941639853635866,30.874605942848348
4238,0,normal,0.0034916880540549755,0.43517487171819463,31.45902686525619
4239,0,normal,0.0035365866497159004,0.41722290269702245,29.90930666701024
4240,0,normal,0.0036130216903984547,0.39768320456187617,2.9417949986557232
4241,0,normal,0.003609834937378764,0.39766329764289327,1.6173622585292833
4242,0,normal,0.0036136566195636988,0.38629318553052655,0.012012156444598077
4243,0,normal,0.003622204065322876,0.38310295710107245,-0.9871109221721781
4244,0,normal,0.003632980864495039,0.3736246735242293,-2.33928708677945
4245,0,normal,0.0036444813013076782,0.3594562360967001,-4.256986768805973
4246,0,normal,0.0036564101465046406,0.3609762994309262,-6.553560324068485
4247,0,normal,0.00366761046461761,0.3599818491799063,-8.900247605360846
4248,0,normal,0.003919631242752075,0.32500300904843643,-38.12617758680449
4249,0,normal,0.0036870092153549194,0.33191875848336316,-39.71664020146909
4250,0,normal,0.0036517223343253136,0.3244223582001283,-40.35490542327784
4251,0,normal,0.003633546642959118,0.3096727090336867,-55.92076496583536
4252,0,normal,0.003633546642959118,0.3096727090336867,-55.92076496583536
4253,0,normal,0.003633546642959118,0.3096727090336867,-55.92076496583536
4254,0,normal,0.003633546642959118,0.3096727090336867,-55.92076496583536
4255,0,normal,0.003633546642959118,0.3096727090336867,-55.92076496583536
4256,0,normal,0.003633546642959118,0.3096727090336867,-55.92076496583536
4257,0,normal,0.003633546642959118,0.3096727090336867,-55.92076496583536
4258,0,normal,0.003633546642959118,0.3096727090336867,-55.92076496583536
4259,0,normal,0.003633546642959118,0.3096727090336867,-55.92076496583536
4260,0,normal,0.003633546642959118,0.3096727090336867,-55.92076496583536
4261,0,normal,0.003633546642959118,0.3096727090336867,-55.92076496583536
4262,0,normal,0.003633546642959118,0.3096727090336867,-55.92076496583536
4263,0,normal,0.003633546642959118,0.3096727090336867,-55.92076496583536
4264,0,normal,0.003633546642959118,0.3096727090336867,-55.92076496583536
4265,0,normal,0.003633546642959118,0.3096727090336867,-55.92076496583536
4266,0,normal,0.003633546642959118,0.3096727090336867,-55.92076496583536
4267,0,normal,0.003633546642959118,0.3096727090336867,-55.92076496583536
4268,0,normal,0.003633546642959118,0.3096727090336867,-55.92076496583536
4269,0,normal,0.003633546642959118,0.3096727090336867,-55.92076496583536
4270,0,normal,0.003633546642959118,0.3096727090336867,-55.92076496583536
4271,0,normal,0.003633546642959118,0.3096727090336867,-55.92076496583536
4272,0,normal,0.003633546642959118,0.3096727090336867,-55.92076496583536
4273,0,normal,0.003633546642959118,0.3096727090336867,-55.92076496583536
4274,0,normal,0.003633546642959118,0.3096727090336867,-55.92076496583536
4275,0,normal,0.003633546642959118,0.3096727090336867,-55.92076496583536
4276,0,normal,0.003633546642959118,0.3096727090336867,-55.92076496583536
4277,0,normal,0.003633546642959118,0.3096727090336867,-55.92076496583536
4278,0,normal,0.003633546642959118,0.3096727090336867,-55.92076496583536
4279,0,normal,0.003633546642959118,0.3096727090336867,-55.92076496583536
4280,0,normal,0.003633546642959118,0.3096727090336867,-55.92076496583536
4281,0,normal,0.003633546642959118,0.3096727090336867,-55.92076496583536
4282,0,normal,0.003633546642959118,0.3096727090336867,-55.92076496583536
4283,0,normal,0.003633546642959118,0.3096727090336867,-55.92076496583536
4284,0,normal,0.003633546642959118,0.3096727090336867,-55.92076496583536
4285,0,normal,0.003633546642959118,0.3096727090336867,-55.92076496583536
4286,0,normal,0.003633546642959118,0.3096727090336867,-55.92076496583536
4287,0,normal,0.003633546642959118,0.3096727090336867,-55.92076496583536
4288,0,normal,0.003633546642959118,0.3096727090336867,-55.92076496583536
4289,0,normal,0.003633546642959118,0.3096727090336867,-55.92076496583536
4290,0,normal,0.003633546642959118,0.3096727090336867,-55.92076496583536
4291,0,normal,0.003633546642959118,0.3096727090336867,-55.92076496583536
4292,0,normal,0.003633546642959118,0.3096727090336867,-55.92076496583536
4293,0,normal,0.003633546642959118,0.3096727090336867,-55.92076496583536
4294,0,normal,0.003633546642959118,0.3096727090336867,-55.92076496583536
4295,0,normal,0.003633546642959118,0.3096727090336867,-55.92076496583536
4296,0,normal,0.003633546642959118,0.3096727090336867,-55.92076496583536
4297,0,normal,0.003633546642959118,0.3096727090336867,-55.92076496583536
4298,0,normal,0.003633546642959118,0.3096727090336867,-55.92076496583536
4299,0,normal,0.003633546642959118,0.3096727090336867,-55.92076496583536
4300,0,normal,0.003633546642959118,0.3096727090336867,-55.92076496583536
4301,0,normal,0.003633546642959118,0.3096727090336867,-55.92076496583536
4302,0,normal,0.003633546642959118,0.3096727090336867,-55.92076496583536
4303,0,normal,0.003633546642959118,0.3096727090336867,-55.92076496583536
4304,0,normal,0.003633546642959118,0.3096727090336867,-55.92076496583536
4305,0,normal,7.446736812591553,0.3327723903507506,-25.396538748026387
4306,0,normal,0.024049285799264908,0.34526934004162135,-25.028403384608282
4307,0,normal,0.7673487067222595,0.33332755808375913,-24.89408685854619
4308,0,normal,2.7253668308258057,0.3354652880937674,-24.369292503801717
4309,0,normal,0.40467387437820435,0.38075675741279924,1.6361473438585108
4310,0,normal,0.1750296950340271,0.3790665227806179,3.0171954851236933
4311,0,normal,0.23964346945285797,0.38257930311130267,4.622524589692148
4312,0,normal,0.2614528238773346,0.38470550245559937,6.27725347373007
4313,0,normal,115.33261108398438,0.4186371619406774,396.7149459790254
4314,0,normal,11.360285758972168,0.47089117385216545,436.32906206395694
4315,0,normal,0.22071777284145355,0.46127849179613595,436.77046387449946
4316,0,normal,0.38458675146102905,0.45379187139240657,437.188789148366
4317,0,normal,0.5406214594841003,0.4569639605802177,437.2814793981139
4318,0,normal,3.52659273147583,0.46810880667547305,448.99792805973857
4319,0,normal,0.04050368443131447,0.49145944337550346,449.0082645483367
4320,0,normal,0.05618837848305702,0.4887590000811998,449.0262281644375
4321,0,normal,0.06783447414636612,0.4633804860603311,449.1936333906091
4322,0,normal,0.07014021277427673,0.4695354710390657,449.51257674288183
4323,0,normal,0.06683134287595749,0.47814634953835744,449.5898571178318
4324,0,normal,0.05783484876155853,0.47059473319988293,449.65330155776553
4325,0,normal,0.04481852799654007,0.47747430317318945,449.69494183334075
4326,0,normal,0.03099270910024643,0.4484803036776989,449.6658627565506
4327,0,normal,0.019388845190405846,0.47202734124595336,449.73448324989033
4328,0,normal,0.011384227313101292,0.4686727035416689,449.87636768711684
4329,0,normal,0.006739172153174877,0.47397387713311967,449.97631288290586
4330,0,normal,0.004471607971936464,0.47015888820129625,450.102522270285
4331,0,normal,0.0035897998604923487,0.47739864106663193,450.3678920707472
4332,0,normal,0.0033878593239933252,0.4690322371945739,450.7211062436986
4333,0,normal,0.003454766236245632,0.4987710551835638,451.1683765461571
4334,0,normal,0.0035868261475116014,0.4854840110341217,452.0276542585227
4335,0,normal,0.003691368969157338,0.4500514916636549,435.31704950858557
4336,0,normal,0.0037654663901776075,0.43700410940633655,435.84912765719696
4337,0,normal,0.003799659200012684,0.4386863603752709,436.41623228627907
4338,0,normal,0.0038056059274822474,0.4452530544356691,435.75776785784683
4339,0,normal,0.0038088613655418158,0.4163139915121656,418.9765713440207
4340,0,normal,0.0037846278864890337,0.4034947339859507,418.1758001897316
4341,0,normal,0.0037641189992427826,0.40539911591988625,417.1518058414098
4342,0,normal,0.0037455426063388586,0.3933857443668359,415.8037751877582
4343,0,normal,0.0037482280749827623,0.3738403012000681,33.372224074511905
4344,0,normal,0.003959740046411753,0.3392262895867246,-31.121120371194593
4345,0,normal,0.00379380164667964,0.3287966454368029,-32.529326785485864
4346,0,normal,0.0036753586027771235,0.33642838943760767,-34.11235576299032
4347,0,normal,0.003647648263722658,0.3263480639936186,-34.73343019823096
4348,0,normal,0.003633546642959118,0.3096727090336867,-55.92076496583536
4349,0,normal,0.003633546642959118,0.3096727090336867,-55.92076496583536
4350,0,normal,0.003633546642959118,0.3096727090336867,-55.92076496583536
4351,0,normal,0.003633546642959118,0.3096727090336867,-55.92076496583536
4352,0,normal,0.003633546642959118,0.3096727090336867,-55.92076496583536
4353,0,normal,0.003633546642959118,0.3096727090336867,-55.92076496583536
4354,0,normal,0.003633546642959118,0.3096727090336867,-55.92076496583536
4355,0,normal,0.003633546642959118,0.3096727090336867,-55.92076496583536
4356,0,normal,0.003633546642959118,0.3096727090336867,-55.92076496583536
4357,0,normal,0.003633546642959118,0.3096727090336867,-55.92076496583536
4358,0,normal,0.003633546642959118,0.3096727090336867,-55.92076496583536
4359,0,normal,0.003633546642959118,0.3096727090336867,-55.92076496583536
4360,0,normal,0.003633546642959118,0.3096727090336867,-55.92076496583536
4361,0,normal,0.003633546642959118,0.3096727090336867,-55.92076496583536
4362,0,normal,0.003633546642959118,0.3096727090336867,-55.92076496583536
4363,0,normal,0.003633546642959118,0.3096727090336867,-55.92076496583536
4364,0,normal,0.003633546642959118,0.3096727090336867,-55.92076496583536
4365,0,normal,0.003633546642959118,0.3096727090336867,-55.92076496583536
4366,0,normal,0.003633546642959118,0.3096727090336867,-55.92076496583536
4367,0,normal,0.003633546642959118,0.3096727090336867,-55.92076496583536
4368,0,normal,0.003633546642959118,0.3096727090336867,-55.92076496583536
4369,0,normal,0.003633546642959118,0.3096727090336867,-55.92076496583536
4370,0,normal,0.003633546642959118,0.3096727090336867,-55.92076496583536
4371,0,normal,0.003633546642959118,0.3096727090336867,-55.92076496583536
4372,0,normal,0.003633546642959118,0.3096727090336867,-55.92076496583536
4373,0,normal,0.003633546642959118,0.3096727090336867,-55.92076496583536
4374,0,normal,0.003633546642959118,0.3096727090336867,-55.92076496583536
4375,0,normal,0.003633546642959118,0.3096727090336867,-55.92076496583536
4376,0,normal,0.003633546642959118,0.3096727090336867,-55.92076496583536
4377,0,normal,0.003633546642959118,0.3096727090336867,-55.92076496583536
4378,0,normal,0.003633546642959118,0.3096727090336867,-55.92076496583536
4379,0,normal,0.003633546642959118,0.3096727090336867,-55.92076496583536
4380,0,normal,0.003633546642959118,0.3096727090336867,-55.92076496583536
4381,0,normal,0.003633546642959118,0.3096727090336867,-55.92076496583536
4382,0,normal,0.003633546642959118,0.3096727090336867,-55.92076496583536
4383,0,normal,0.003633546642959118,0.3096727090336867,-55.92076496583536
4384,0,normal,0.003633546642959118,0.3096727090336867,-55.92076496583536
4385,0,normal,0.003633546642959118,0.3096727090336867,-55.92076496583536
4386,0,normal,0.003633546642959118,0.3096727090336867,-55.92076496583536
4387,0,normal,0.003633546642959118,0.3096727090336867,-55.92076496583536
4388,0,normal,0.003633546642959118,0.3096727090336867,-55.92076496583536
4389,0,normal,0.003633546642959118,0.3096727090336867,-55.92076496583536
4390,0,normal,0.003633546642959118,0.3096727090336867,-55.92076496583536
4391,0,normal,0.003633546642959118,0.3096727090336867,-55.92076496583536
4392,0,normal,0.003633546642959118,0.3096727090336867,-55.92076496583536
4393,0,normal,0.003633546642959118,0.3096727090336867,-55.92076496583536
4394,0,normal,0.003633546642959118,0.3096727090336867,-55.92076496583536
4395,0,normal,0.003633546642959118,0.3096727090336867,-55.92076496583536
4396,0,normal,0.003633546642959118,0.3096727090336867,-55.92076496583536
4397,0,normal,0.003633546642959118,0.3096727090336867,-55.92076496583536
4398,0,normal,0.003633546642959118,0.3096727090336867,-55.92076496583536
4399,0,normal,0.003633546642959118,0.3096727090336867,-55.92076496583536
4400,0,normal,0.003633546642959118,0.3096727090336867,-55.92076496583536
4401,0,normal,0.003633546642959118,0.3096727090336867,-55.92076496583536
4402,0,normal,0.003633546642959118,0.3096727090336867,-55.92076496583536
4403,0,normal,0.003633546642959118,0.3096727090336867,-55.92076496583536
4404,0,normal,0.003633546642959118,0.3096727090336867,-55.92076496583536
4405,0,normal,0.003633546642959118,0.3096727090336867,-55.92076496583536
4406,0,normal,0.003633546642959118,0.3096727090336867,-55.92076496583536
4407,0,normal,0.003633546642959118,0.3096727090336867,-55.92076496583536
4408,0,normal,0.003633546642959118,0.3096727090336867,-55.92076496583536
4409,0,normal,0.003633546642959118,0.3096727090336867,-55.92076496583536
4410,0,normal,0.003633546642959118,0.3096727090336867,-55.92076496583536
4411,0,normal,0.003633546642959118,0.3096727090336867,-55.92076496583536
4412,0,normal,7.446736812591553,0.3327723903507506,-25.396538748026387
4413,0,normal,0.024049285799264908,0.34526934004162135,-25.028403384608282
4414,0,normal,3.740247964859009,0.3734205152349896,1.394410250454257
4415,0,normal,0.10881484299898148,0.3688195535426672,1.6773314987131016
4416,0,normal,0.15966756641864777,0.3816047661936056,2.8461545016666605
4417,0,normal,0.17304742336273193,0.37834017344540377,4.431258959645447
4418,0,normal,0.1641993671655655,0.3741976171278836,6.031855493176636
4419,0,normal,0.12808917462825775,0.40588914068173243,7.676900614193755
4420,0,normal,0.09658033400774002,0.3942020115052719,9.307806969260355
4421,0,normal,0.13492488861083984,0.40882439274629484,10.97108312034402
4422,0,normal,0.403450608253479,0.4170751510641809,12.64970951364694
4423,0,normal,2.245601177215576,0.4345414957720422,38.31055315528738
4424,0,normal,0.21156193315982819,0.4362685087138343,38.98235440844678
4425,0,normal,1.2347874641418457,0.4433602336150188,44.82631673249034
4426,0,normal,1.3027845621109009,0.44529027266059734,52.869821683386135
4427,0,normal,0.03129817545413971,0.45086486474423065,52.8210180491792
4428,0,normal,0.010053185746073723,0.4675085389406585,52.67824673999644
4429,0,normal,0.004051385447382927,0.45705317371697635,52.45308955636142
4430,0,normal,0.002075939904898405,0.4617527532001754,52.44050715871413
4431,0,normal,0.0014296775916591287,0.44872838739651405,52.542786187781076
4432,0,normal,0.001452558790333569,0.4712484898494536,52.666170816002705
4433,0,normal,0.0017705506179481745,0.46198553194029407,52.70068967664588
4434,0,normal,0.002162737073376775,0.43958892610503086,52.88991911934181
4435,0,normal,0.002522979862987995,0.4453548007757442,53.171037316480124
4436,0,normal,0.0028150335419923067,0.45155743637314505,53.47050555858618
4437,0,normal,0.0030373306944966316,0.44825703020484403,53.9087616011268
4438,0,normal,0.0032014709431678057,0.4523555081123705,54.442087331448874
4439,0,normal,0.003321395255625248,0.46574871275730984,55.494627994441544
4440,0,normal,0.0034090785775333643,0.4601902692180741,56.52541975245458
4441,0,normal,0.003473525168374181,0.44373786980784913,57.524956401445024
4442,0,normal,0.0035108982119709253,0.4382231743239833,30.86180915079558
4443,0,normal,0.00354626658372581,0.43114667381390787,31.53383124022639
4444,0,normal,0.0036655059084296227,0.3962540914805437,4.503405317259876
4445,0,normal,0.0036406570579856634,0.4002263513571393,2.998671303610763
4446,0,normal,0.0036258308682590723,0.39189537004265107,1.6554582543678862
4447,0,normal,0.0036216075532138348,0.3851104299118312,0.11878409450378058
4448,0,normal,0.0036248366814106703,0.38193945299826626,-0.8716622549970907
4449,0,normal,0.0036323433741927147,0.37572394957263205,-2.3012063249148014
4450,0,normal,0.0036419741809368134,0.35831095217903347,-4.241691170244394
4451,0,normal,0.0036526131443679333,0.36098818851952685,-6.518525198635643
4452,0,normal,0.0036627529188990593,0.36203366293785655,-8.89554485629992
4453,0,normal,0.003955821972340345,0.3264973402883928,-38.12509091174593
4454,0,normal,0.003686480689793825,0.33044303176951645,-39.71557456982896
4455,0,normal,0.003641948103904724,0.31943547382507487,-46.30578268375643
4456,0,normal,0.003633546642959118,0.3096727090336867,-55.92076496583536
4457,0,normal,0.003633546642959118,0.3096727090336867,-55.92076496583536
4458,0,normal,0.003633546642959118,0.3096727090336867,-55.92076496583536
4459,0,normal,0.003633546642959118,0.3096727090336867,-55.92076496583536
4460,0,normal,0.003633546642959118,0.3096727090336867,-55.92076496583536
4461,0,normal,0.003633546642959118,0.3096727090336867,-55.92076496583536
4462,0,normal,0.003633546642959118,0.3096727090336867,-55.92076496583536
4463,0,normal,0.003633546642959118,0.3096727090336867,-55.92076496583536
4464,0,normal,0.003633546642959118,0.3096727090336867,-55.92076496583536
4465,0,normal,0.003633546642959118,0.3096727090336867,-55.92076496583536
4466,0,normal,0.003633546642959118,0.3096727090336867,-55.92076496583536
4467,0,normal,0.003633546642959118,0.3096727090336867,-55.92076496583536
4468,0,normal,0.003633546642959118,0.3096727090336867,-55.92076496583536
4469,0,normal,0.003633546642959118,0.3096727090336867,-55.92076496583536
4470,0,normal,0.003633546642959118,0.3096727090336867,-55.92076496583536
4471,0,normal,0.003633546642959118,0.3096727090336867,-55.92076496583536
4472,0,normal,0.003633546642959118,0.3096727090336867,-55.92076496583536
4473,0,normal,0.003633546642959118,0.3096727090336867,-55.92076496583536
4474,0,normal,0.003633546642959118,0.3096727090336867,-55.92076496583536
4475,0,normal,0.003633546642959118,0.3096727090336867,-55.92076496583536
4476,0,normal,0.003633546642959118,0.3096727090336867,-55.92076496583536
4477,0,normal,0.003633546642959118,0.3096727090336867,-55.92076496583536
4478,0,normal,0.003633546642959118,0.3096727090336867,-55.92076496583536
4479,0,normal,0.003633546642959118,0.3096727090336867,-55.92076496583536
4480,0,normal,0.003633546642959118,0.3096727090336867,-55.92076496583536
4481,0,normal,0.003633546642959118,0.3096727090336867,-55.92076496583536
4482,0,normal,0.003633546642959118,0.3096727090336867,-55.92076496583536
4483,0,normal,0.003633546642959118,0.3096727090336867,-55.92076496583536
4484,0,normal,0.003633546642959118,0.3096727090336867,-55.92076496583536
4485,0,normal,0.003633546642959118,0.3096727090336867,-55.92076496583536
4486,0,normal,0.003633546642959118,0.3096727090336867,-55.92076496583536
4487,0,normal,0.003633546642959118,0.3096727090336867,-55.92076496583536
4488,0,normal,0.003633546642959118,0.3096727090336867,-55.92076496583536
4489,0,normal,0.003633546642959118,0.3096727090336867,-55.92076496583536
4490,0,normal,0.003633546642959118,0.3096727090336867,-55.92076496583536
4491,0,normal,0.003633546642959118,0.3096727090336867,-55.92076496583536
4492,0,normal,0.003633546642959118,0.3096727090336867,-55.92076496583536
4493,0,normal,0.003633546642959118,0.3096727090336867,-55.92076496583536
4494,0,normal,0.003633546642959118,0.3096727090336867,-55.92076496583536
4495,0,normal,0.003633546642959118,0.3096727090336867,-55.92076496583536
4496,0,normal,0.003633546642959118,0.3096727090336867,-55.92076496583536
4497,0,normal,0.003633546642959118,0.3096727090336867,-55.92076496583536
4498,0,normal,0.003633546642959118,0.3096727090336867,-55.92076496583536
4499,0,normal,0.003633546642959118,0.3096727090336867,-55.92076496583536
4500,0,normal,0.003633546642959118,0.3096727090336867,-55.92076496583536
4501,0,normal,0.003633546642959118,0.3096727090336867,-55.92076496583536
4502,0,normal,0.003633546642959118,0.3096727090336867,-55.92076496583536
4503,0,normal,0.003633546642959118,0.3096727090336867,-55.92076496583536
4504,0,normal,0.003633546642959118,0.3096727090336867,-55.92076496583536
4505,0,normal,0.003633546642959118,0.3096727090336867,-55.92076496583536
4506,0,normal,0.003633546642959118,0.3096727090336867,-55.92076496583536
4507,0,normal,0.003633546642959118,0.3096727090336867,-55.92076496583536
4508,0,normal,0.003633546642959118,0.3096727090336867,-55.92076496583536
4509,0,normal,7.446736812591553,0.3327723903507506,-25.396538748026387
4510,0,normal,0.024049285799264908,0.34526934004162135,-25.028403384608282
4511,0,normal,0.7673487067222595,0.33332755808375913,-24.89408685854619
4512,0,normal,1.1006579399108887,0.36572261448992693,0.4447996297874397
4513,0,normal,0.6255009770393372,0.3683871778056326,0.02057721682240299
4514,0,normal,0.2176252007484436,0.37833689625368605,1.645223157760256
4515,0,normal,0.18269509077072144,0.3701268149841282,3.29070236878556
4516,0,normal,0.15313012897968292,0.37989152924970504,4.946245701980843
4517,0,normal,0.12486108392477036,0.3979811221232755,6.578927071587714
4518,0,normal,0.8563188314437866,0.3900453156479375,6.865023706200645
4519,0,normal,0.3704172670841217,0.4105003343872036,8.564995978428215
4520,0,normal,1.9878758192062378,0.398620682288986,8.856404820501666
4521,0,normal,1.1749651432037354,0.42595555006873564,34.67455474429289
4522,0,normal,0.10812930762767792,0.43585266264490646,36.15150262862676
4523,0,normal,1.1973850727081299,0.44734335172458484,42.512106836887824
4524,0,normal,1.5482795238494873,0.4419352549339867,49.69695638274152
4525,0,normal,0.046911876648664474,0.4386061672415225,49.70800194441722
4526,0,normal,0.020689774304628372,0.4690633535159976,49.55273515876411
4527,0,normal,0.015697656199336052,0.46515589646936095,49.319816482611486
4528,0,normal,0.012812752276659012,0.4666347313333487,49.33609516070237
4529,0,normal,0.010340078733861446,0.4453684623896598,49.51623978061775
4530,0,normal,0.008311621844768524,0.45033830068732406,49.52461231783923
4531,0,normal,0.006750063970685005,0.46066430186670587,49.78964533600356
4532,0,normal,0.005614241119474173,0.43611154290442944,50.05523663545614
4533,0,normal,0.004829679150134325,0.4441136780192541,50.225377663213294
4534,0,normal,0.004313459154218435,0.4420807624527997,50.54550775021244
4535,0,normal,0.003989256918430328,0.4419419110512517,51.05096295750354
4536,0,normal,0.003794783027842641,0.45442477133708215,51.546060176301125
4537,0,normal,0.0036837102379649878,0.4639925791684101,52.594203681705494
4538,0,normal,0.003624130506068468,0.44522283294120096,53.58716696498959
4539,0,normal,0.0035965468268841505,0.42630182934669014,26.692736384468162
4540,0,normal,0.003582197008654475,0.4352755245038661,26.895495417739085
4541,0,normal,0.003577983705326915,0.42733408192390915,27.38818614093293
4542,0,normal,0.0036140503361821175,0.3852251117516306,-0.06358998009386596
4543,0,normal,0.00360277877189219,0.395493742308595,0.5085134287146502
4544,0,normal,0.0035980981774628162,0.3924749499483708,-1.0672614523882658
4545,0,normal,0.0036006032023578882,0.3846074645994169,-2.854049830050826
4546,0,normal,0.0036077680997550488,0.3779634937496605,-4.131160409870972
4547,0,normal,0.0036174440756440163,0.3684020149834502,-5.865457853357157
4548,0,normal,0.003625604324042797,0.35777322137619555,-5.641645382905381
4549,0,normal,0.003634421853348613,0.35838751869445085,-8.067922274063449
4550,0,normal,0.003639241913333535,0.3646964790075762,-8.134974106256777
4551,0,normal,0.003714332589879632,0.33175587577217436,-37.324007152629974
4552,0,normal,0.0036514615640044212,0.32831071246914634,-40.34752880512997
4553,0,normal,0.003636116860434413,0.3147792204443281,-48.10029497375854
4554,0,normal,0.003633546642959118,0.3096727090336867,-55.92076496583536
4555,0,normal,0.003633546642959118,0.3096727090336867,-55.92076496583536
4556,0,normal,0.003633546642959118,0.3096727090336867,-55.92076496583536
4557,0,normal,0.003633546642959118,0.3096727090336867,-55.92076496583536
4558,0,normal,0.003633546642959118,0.3096727090336867,-55.92076496583536
4559,0,normal,0.003633546642959118,0.3096727090336867,-55.92076496583536
4560,0,normal,7.446736812591553,0.3327723903507506,-25.396538748026387
4561,0,normal,0.024049285799264908,0.34526934004162135,-25.028403384608282
4562,0,normal,0.7673487067222595,0.33332755808375913,-24.89408685854619
4563,0,normal,1.1006579399108887,0.36572261448992693,0.4447996297874397
4564,0,normal,0.09419464319944382,0.3725552346915819,1.400157706245409
4565,0,normal,0.15367203950881958,0.3823708369943239,2.98283730764183
4566,0,normal,0.1598806530237198,0.37190012490874497,4.632717122918621
4567,0,normal,0.14521148800849915,0.3839311558644685,6.247074796781362
4568,0,normal,0.1227327212691307,0.397916421056408,7.87080842962564
4569,0,normal,0.1468804031610489,0.39218847629388537,9.52868530220735
4570,0,normal,0.36440595984458923,0.41846984947749916,11.198876561416682
4571,0,normal,1.1706805229187012,0.4054827478953717,12.87058070332273
4572,0,normal,1.0491929054260254,0.43394617668114793,38.514092294203465
4573,0,normal,0.10966388881206512,0.43599027335953877,39.999980798088245
4574,0,normal,0.33433258533477783,0.4438800215739117,40.81369220680722
4575,0,normal,1.8893053531646729,0.44126687538378423,54.315743549727586
4576,0,normal,0.020978784188628197,0.45803656658295266,54.322029331531894
4577,0,normal,0.0070382338017225266,0.4737397343461039,54.31038196054169
4578,0,normal,0.0037358461413532495,0.4592312387273173,53.93781269991382
4579,0,normal,0.0022031660191714764,0.4657713747833189,53.89366722421687
4580,0,normal,0.0014528741594403982,0.4544656806994863,54.08898841617565
4581,0,normal,0.0013516006292775273,0.4605412101790898,54.11722936930187
4582,0,normal,0.0016106180846691132,0.4675191009872496,54.39398940100568
4583,0,normal,0.0019920547492802143,0.4444505875911431,54.65693890033731
4584,0,normal,0.00236375886015594,0.45176600807098,54.83857904859974
4585,0,normal,0.0026736450381577015,0.45392246357872446,55.161087119729245
4586,0,normal,0.0029137670062482357,0.4532521303381104,55.70494925911407
4587,0,normal,0.003094369312748313,0.4563133674537865,56.23397716458612
4588,0,normal,0.0032297009602189064,0.47561378805898985,57.340747611123106
4589,0,normal,0.003332143882289529,0.4481987686807901,58.43892525214551
4590,0,normal,0.0034191859886050224,0.436128970556093,31.79633975196407
4591,0,normal,0.003477416466921568,0.44544785196519354,32.176861625890524
4592,0,normal,0.0035206559114158154,0.4309827353175041,32.843792753802745
4593,0,normal,0.0036490182392299175,0.3983796873054819,5.828275175691715
4594,0,normal,0.0036258921027183533,0.39975885612866335,4.301298408110597
4595,0,normal,0.003613519249483943,0.39863647448410505,2.9907863353544144
4596,0,normal,0.0036121217999607325,0.3893559148270025,1.4425602508904376
4597,0,normal,0.0036184911150485277,0.3854935892578158,0.512287192627582
4598,0,normal,0.0036290553398430347,0.3758815600177715,-0.7013707828432416
4599,0,normal,0.0036408226005733013,0.3641361477840387,-2.4829723351876964
4600,0,normal,0.003652342827990651,0.3639291139857676,-4.623436308119608
4601,0,normal,0.003662815084680915,0.36634143484954446,-6.822402937674724
4602,0,normal,0.003953165374696255,0.33352819632597686,-35.82494627950041
4603,0,normal,0.003709906479343772,0.334075818850491,-38.713175489268
4604,0,normal,0.0036517223343253136,0.3244223582001283,-40.35490542327784
4605,0,normal,0.003633546642959118,0.3096727090336867,-55.92076496583536
4606,0,normal,0.003633546642959118,0.3096727090336867,-55.92076496583536
4607,0,normal,0.003633546642959118,0.3096727090336867,-55.92076496583536
4608,0,normal,7.446736812591553,0.3327723903507506,-25.396538748026387
4609,0,normal,0.024049285799264908,0.34526934004162135,-25.028403384608282
4610,0,normal,0.7673487067222595,0.33332755808375913,-24.89408685854619
4611,0,normal,2.7253668308258057,0.3354652880937674,-24.369292503801717
4612,0,normal,0.40467387437820435,0.38075675741279924,1.6361473438585108
4613,0,normal,0.1750296950340271,0.3790665227806179,3.0171954851236933
4614,0,normal,0.23964346945285797,0.38257930311130267,4.622524589692148
4615,0,normal,0.2614528238773346,0.38470550245559937,6.27725347373007
4616,0,normal,0.27914610505104065,0.3850925282407592,7.882577578692008
4617,0,normal,2.659531593322754,0.4252897534334927,23.449344384211145
4618,0,normal,2.15142822265625,0.4281998180007111,35.25107072974947
4619,0,normal,0.3075723648071289,0.4341786377820935,35.96714142405881
4620,0,normal,0.6859276294708252,0.425243036720936,36.35589897591058
4621,0,normal,1.8525229692459106,0.4328792580013764,49.960687792239696
4622,0,normal,0.031982600688934326,0.4567384898704697,49.99468214698413
4623,0,normal,0.008209247142076492,0.44166791085424306,49.99572132307617
4624,0,normal,0.004522659350186586,0.43809904671130545,49.666215244589694
4625,0,normal,0.0027438506949692965,0.4504202236968656,49.61241683630851
4626,0,normal,0.0019627742003649473,0.44681887481270166,49.68191362401399
4627,0,normal,0.00197088741697371,0.45575638159662557,49.797228614024334
4628,0,normal,0.0023290379904210567,0.46215342187988845,49.93632137607847
4629,0,normal,0.0027086425106972456,0.43334011235150194,49.921470818663465
4630,0,normal,0.0029653534293174744,0.4396211407722552,50.07772432614115
4631,0,normal,0.003090992569923401,0.4424001703259207,50.36191317202179
4632,0,normal,0.0031370578799396753,0.44771924781004563,50.51402039707
4633,0,normal,0.003158027306199074,0.4534627721091831,50.71923713663
4634,0,normal,0.0031870913226157427,0.44219666990355594,51.177181452204195
4635,0,normal,0.003235028125345707,0.4364799377884747,51.77697921221397
4636,0,normal,0.003298530587926507,0.4624656819162064,52.4405612703074
4637,0,normal,0.0033688463736325502,0.449527917450289,53.772792761455094
4638,0,normal,0.003436092287302017,0.4177852284081373,27.17658885008973
4639,0,normal,0.0034988548140972853,0.41120318963722363,27.738758895629644
4640,0,normal,0.003548980923369527,0.4136497474533711,28.481836836651155
4641,0,normal,0.003586709499359131,0.4221775272345184,27.230043446433683
4642,0,normal,0.003620409406721592,0.3890036429793428,0.29771400542017545
4643,0,normal,0.0036287670955061913,0.3761317739512508,-0.7204324688541419
4644,0,normal,0.0036432938650250435,0.37366059323437745,-2.231096993852134
4645,0,normal,0.0036588816437870264,0.3591569565853949,-4.236534190982638
4646,0,normal,0.003672969527542591,0.37088239534898126,-6.4595547229619115
4647,0,normal,0.0037022854667156935,0.3449483625257856,-23.99955497599808
4648,0,normal,0.003919631242752075,0.32500300904843643,-38.12617758680449
4649,0,normal,0.0036870092153549194,0.33191875848336316,-39.71664020146909
4650,0,normal,0.0036517223343253136,0.3244223582001283,-40.35490542327784
4651,0,normal,0.003633546642959118,0.3096727090336867,-55.92076496583536
4652,0,normal,0.003633546642959118,0.3096727090336867,-55.92076496583536
4653,0,normal,0.003633546642959118,0.3096727090336867,-55.92076496583536
4654,0,normal,0.003633546642959118,0.3096727090336867,-55.92076496583536
4655,0,normal,0.003633546642959118,0.3096727090336867,-55.92076496583536
4656,0,normal,0.003633546642959118,0.3096727090336867,-55.92076496583536
4657,0,normal,0.003633546642959118,0.3096727090336867,-55.92076496583536
4658,0,normal,0.003633546642959118,0.3096727090336867,-55.92076496583536
4659,0,normal,0.003633546642959118,0.3096727090336867,-55.92076496583536
4660,0,normal,0.003633546642959118,0.3096727090336867,-55.92076496583536
4661,0,normal,0.003633546642959118,0.3096727090336867,-55.92076496583536
4662,0,normal,0.003633546642959118,0.3096727090336867,-55.92076496583536
4663,0,normal,0.003633546642959118,0.3096727090336867,-55.92076496583536
4664,0,normal,0.003633546642959118,0.3096727090336867,-55.92076496583536
4665,0,normal,0.003633546642959118,0.3096727090336867,-55.92076496583536
4666,0,normal,0.003633546642959118,0.3096727090336867,-55.92076496583536
4667,0,normal,7.446736812591553,0.3327723903507506,-25.396538748026387
4668,0,normal,0.024049285799264908,0.34526934004162135,-25.028403384608282
4669,0,normal,0.7673487067222595,0.33332755808375913,-24.89408685854619
4670,0,normal,1.913647174835205,0.3499789343591036,-13.694856239986166
4671,0,normal,1.935058832168579,0.3801915456006204,1.539176610671575
4672,0,normal,10.634661674499512,0.413137249422674,48.74482087112165
4673,0,normal,10.49787425994873,0.4290638504240972,94.01380620989949
4674,0,normal,0.8130285739898682,0.42825662979565104,95.44381246045623
4675,0,normal,2.7347981929779053,0.4248528897800031,95.51489073161338
4676,0,normal,2.544804334640503,0.435011018813188,96.85019808235643
4677,0,normal,3.577223062515259,0.4546643406871614,98.32723344178248
4678,0,normal,0.46961164474487305,0.46686926016537883,122.08854400676864
4679,0,normal,0.15406781435012817,0.4813543145389994,123.49979846344968
4680,0,normal,0.6672196984291077,0.46201183377091815,123.86121351574764
4681,0,normal,1.9523255825042725,0.47529314553804747,136.42700065776955
4682,0,normal,0.019259538501501083,0.4949945459640304,136.45194175698805
4683,0,normal,0.01119273528456688,0.4790420050652816,136.51358674518542
4684,0,normal,0.007287507876753807,0.4735117614155486,136.12710748731058
4685,0,normal,0.004294212441891432,0.4922000583786602,136.01084627732223
4686,0,normal,0.0027133808471262455,0.4667762922106895,136.05441660847634
4687,0,normal,0.002152499509975314,0.4989821513474312,136.1799403286509
4688,0,normal,0.0021353724878281355,0.4912285100834555,136.2068837258596
4689,0,normal,0.0023352457210421562,0.465200707895743,136.33879083679165
4690,0,normal,0.0025819127913564444,0.47823008342645484,136.5849051726393
4691,0,normal,0.002805910771712661,0.500202699565786,136.71712684219688
4692,0,normal,0.002988851396366954,0.48999852432065566,136.967419478362
4693,0,normal,0.0031328380573540926,0.49322274599136884,137.4732022816371
4694,0,normal,0.003245459869503975,0.48975035315041465,138.0990377507294
4695,0,normal,0.0033340223599225283,0.4962309747370322,139.20420451301118
4696,0,normal,0.003404126036912203,0.4916838591300696,140.36789058594718
4697,0,normal,0.0034475543070584536,0.45414926676709977,116.15960181238711
4698,0,normal,0.003497644793242216,0.45798614144940536,116.87560158830524
4699,0,normal,0.00353682367131114,0.43877383479751847,117.41542297896285
4700,0,normal,0.0035683391615748405,0.4527843840662181,106.06570525656457
4701,0,normal,0.003597826696932316,0.44171938331378807,91.1294100310372
4702,0,normal,0.0036078179255127907,0.3996215377825606,45.18132163918949
4703,0,normal,0.00361774698831141,0.38492867315299095,-2.1551625575857543
4704,0,normal,0.003629429033026099,0.37156838684178783,-3.611708467809194
4705,0,normal,0.0036389855667948723,0.360218943944261,-3.1762393003473335
4706,0,normal,0.0036501639988273382,0.36113915724012685,-5.386893922098579
4707,0,normal,0.00366040226072073,0.3634087769138146,-7.656585871074412
4708,0,normal,0.003897089045494795,0.3294645158711415,-36.746147581222885
4709,0,normal,0.0036870092153549194,0.33191875848336316,-39.71664020146909
4710,0,normal,0.0036517223343253136,0.3244223582001283,-40.35490542327784
4711,0,normal,0.003633546642959118,0.3096727090336867,-55.92076496583536
4712,0,normal,0.003633546642959118,0.3096727090336867,-55.92076496583536
4713,0,normal,0.003633546642959118,0.3096727090336867,-55.92076496583536
4714,0,normal,0.003633546642959118,0.3096727090336867,-55.92076496583536
4715,0,normal,0.003633546642959118,0.3096727090336867,-55.92076496583536
4716,0,normal,7.446736812591553,0.3327723903507506,-25.396538748026387
4717,0,normal,0.024049285799264908,0.34526934004162135,-25.028403384608282
4718,0,normal,3.740247964859009,0.3734205152349896,1.394410250454257
4719,0,normal,0.10881484299898148,0.3688195535426672,1.6773314987131016
4720,0,normal,0.15966756641864777,0.3816047661936056,2.8461545016666605
4721,0,normal,0.17304742336273193,0.37834017344540377,4.431258959645447
4722,0,normal,0.1641993671655655,0.3741976171278836,6.031855493176636
4723,0,normal,0.12808917462825775,0.40588914068173243,7.676900614193755
4724,0,normal,0.09658033400774002,0.3942020115052719,9.307806969260355
4725,0,normal,0.13492488861083984,0.40882439274629484,10.97108312034402
4726,0,normal,0.403450608253479,0.4170751510641809,12.64970951364694
4727,0,normal,1.3296889066696167,0.40415324422473753,14.347498186038365
4728,0,normal,0.9455211162567139,0.4435463086245315,39.99397152328811
4729,0,normal,0.5132579207420349,0.4486176421696898,40.10844977776787
4730,0,normal,2.1829473972320557,0.4515305956284692,53.628331871145974
4731,0,normal,0.026633135974407196,0.46563757237414966,53.66999762159094
4732,0,normal,0.008879818953573704,0.44515835388564645,53.68627523541727
4733,0,normal,0.0037668454460799694,0.460038424233828,53.352886653286305
4734,0,normal,0.00334868673235178,0.4618554218473703,53.280287514166275
4735,0,normal,0.003606993705034256,0.4589487670409343,53.379458252103404
4736,0,normal,0.0038494402542710304,0.4645047388612027,53.495534860277075
4737,0,normal,0.0039633880369365215,0.4693970437837015,53.555104394686396
4738,0,normal,0.003972134552896023,0.4413440838890629,53.79524120500605
4739,0,normal,0.003922764677554369,0.4584950752728434,54.037355638955205
4740,0,normal,0.0038527147844433784,0.4430063360118449,54.3455255744168
4741,0,normal,0.0037840695586055517,0.4456105878496357,54.80848911025373
4742,0,normal,0.0037267659790813923,0.4503567796268073,55.32000333017345
4743,0,normal,0.00368334143422544,0.4669495309588413,56.37670826794806
4744,0,normal,0.003652705578133464,0.46653387514294103,57.40395716658645
4745,0,normal,0.003632492385804653,0.4518116414736065,58.46044767949547
4746,0,normal,0.0036252576392143965,0.4341742480468333,31.788781566561283
4747,0,normal,0.003618178190663457,0.42792821870892,32.45559815056549
4748,0,normal,0.0036671580746769905,0.4012530419251374,5.421735149520146
4749,0,normal,0.003640509210526943,0.40151387769036617,3.774820465196399
4750,0,normal,0.003623062977567315,0.4013069294118448,2.3514979038043293
4751,0,normal,0.0036145453341305256,0.3841394171540971,0.8747447711768928
4752,0,normal,0.0036130158696323633,0.37910829916477023,-0.5671713623235064
4753,0,normal,0.00361641775816679,0.3825404795515357,-1.6150236605865302
4754,0,normal,0.0036230823025107384,0.36725696865471397,-3.2726298911795766
4755,0,normal,0.0036313356831669807,0.3578288200164487,-5.358845433910574
4756,0,normal,0.003639653790742159,0.3571736702672192,-7.736058346369873
4757,0,normal,0.0036465844605118036,0.3529773890919596,-10.28145756976005
4758,0,normal,0.0036870092153549194,0.33191875848336316,-39.71664020146909
4759,0,normal,0.0036517223343253136,0.3244223582001283,-40.35490542327784
4760,0,normal,0.003633546642959118,0.3096727090336867,-55.92076496583536
4761,0,normal,0.003633546642959118,0.3096727090336867,-55.92076496583536
4762,0,normal,0.003633546642959118,0.3096727090336867,-55.92076496583536
4763,0,normal,0.003633546642959118,0.3096727090336867,-55.92076496583536
4764,0,normal,0.003633546642959118,0.3096727090336867,-55.92076496583536
4765,0,normal,0.003633546642959118,0.3096727090336867,-55.92076496583536
4766,0,normal,0.003633546642959118,0.3096727090336867,-55.92076496583536
4767,0,normal,0.003633546642959118,0.3096727090336867,-55.92076496583536
4768,0,normal,0.003633546642959118,0.3096727090336867,-55.92076496583536
4769,0,normal,0.003633546642959118,0.3096727090336867,-55.92076496583536
4770,0,normal,0.003633546642959118,0.3096727090336867,-55.92076496583536
4771,0,normal,0.003633546642959118,0.3096727090336867,-55.92076496583536
4772,0,normal,0.003633546642959118,0.3096727090336867,-55.92076496583536
4773,0,normal,0.003633546642959118,0.3096727090336867,-55.92076496583536
4774,0,normal,0.003633546642959118,0.3096727090336867,-55.92076496583536
4775,0,normal,0.003633546642959118,0.3096727090336867,-55.92076496583536
4776,0,normal,0.003633546642959118,0.3096727090336867,-55.92076496583536
4777,0,normal,0.003633546642959118,0.3096727090336867,-55.92076496583536
4778,0,normal,0.003633546642959118,0.3096727090336867,-55.92076496583536
4779,0,normal,0.003633546642959118,0.3096727090336867,-55.92076496583536
4780,0,normal,0.003633546642959118,0.3096727090336867,-55.92076496583536
4781,0,normal,0.003633546642959118,0.3096727090336867,-55.92076496583536
4782,0,normal,0.003633546642959118,0.3096727090336867,-55.92076496583536
4783,0,normal,0.003633546642959118,0.3096727090336867,-55.92076496583536
4784,0,normal,0.003633546642959118,0.3096727090336867,-55.92076496583536
4785,0,normal,0.003633546642959118,0.3096727090336867,-55.92076496583536
4786,0,normal,0.003633546642959118,0.3096727090336867,-55.92076496583536
4787,0,normal,0.003633546642959118,0.3096727090336867,-55.92076496583536
4788,0,normal,0.003633546642959118,0.3096727090336867,-55.92076496583536
4789,0,normal,0.003633546642959118,0.3096727090336867,-55.92076496583536
4790,0,normal,0.003633546642959118,0.3096727090336867,-55.92076496583536
4791,0,normal,0.003633546642959118,0.3096727090336867,-55.92076496583536
4792,0,normal,0.003633546642959118,0.3096727090336867,-55.92076496583536
4793,0,normal,0.003633546642959118,0.3096727090336867,-55.92076496583536
4794,0,normal,0.003633546642959118,0.3096727090336867,-55.92076496583536
4795,0,normal,0.003633546642959118,0.3096727090336867,-55.92076496583536
4796,0,normal,0.003633546642959118,0.3096727090336867,-55.92076496583536
4797,0,normal,0.003633546642959118,0.3096727090336867,-55.92076496583536
4798,0,normal,0.003633546642959118,0.3096727090336867,-55.92076496583536
4799,0,normal,0.003633546642959118,0.3096727090336867,-55.92076496583536
4800,0,normal,0.003633546642959118,0.3096727090336867,-55.92076496583536
4801,0,normal,0.003633546642959118,0.3096727090336867,-55.92076496583536
4802,0,normal,0.003633546642959118,0.3096727090336867,-55.92076496583536
4803,0,normal,0.003633546642959118,0.3096727090336867,-55.92076496583536
4804,0,normal,0.003633546642959118,0.3096727090336867,-55.92076496583536
4805,0,normal,0.003633546642959118,0.3096727090336867,-55.92076496583536
4806,0,normal,0.003633546642959118,0.3096727090336867,-55.92076496583536
4807,0,normal,0.003633546642959118,0.3096727090336867,-55.92076496583536
4808,0,normal,0.003633546642959118,0.3096727090336867,-55.92076496583536
4809,0,normal,0.003633546642959118,0.3096727090336867,-55.92076496583536
4810,0,normal,0.003633546642959118,0.3096727090336867,-55.92076496583536
4811,0,normal,0.003633546642959118,0.3096727090336867,-55.92076496583536
4812,0,normal,0.003633546642959118,0.3096727090336867,-55.92076496583536
4813,0,normal,7.446736812591553,0.3327723903507506,-25.396538748026387
4814,0,normal,0.024049285799264908,0.34526934004162135,-25.028403384608282
4815,0,normal,0.7673487067222595,0.33332755808375913,-24.89408685854619
4816,0,normal,1.1006579399108887,0.36572261448992693,0.4447996297874397
4817,0,normal,0.09419464319944382,0.3725552346915819,1.400157706245409
4818,0,normal,0.6895973682403564,0.3785295781055595,1.6080935394111293
4819,0,normal,0.27145349979400635,0.36806561947949673,3.2998035820492078
4820,0,normal,0.172395721077919,0.38259696260108367,4.909775714824036
4821,0,normal,0.7040502429008484,0.39420249753695835,5.209479139874247
4822,0,normal,0.23112651705741882,0.38975811436639546,6.917660071793762
4823,0,normal,0.4440756142139435,0.42176424971457954,8.571861608738573
4824,0,normal,2.208296775817871,0.39401391910763867,8.908678115636803
4825,0,normal,1.0407633781433105,0.4331384154150057,34.689630578872084
4826,0,normal,0.10396828502416611,0.43612897384998267,36.150785968448645
4827,0,normal,0.5450947880744934,0.43650395941913606,36.46346018705776
4828,0,normal,1.8958477973937988,0.4406980494182574,50.0227972546802
4829,0,normal,0.02401784621179104,0.4498760818941646,49.996187888132454
4830,0,normal,0.006115037482231855,0.4642070167161556,49.994516156086775
4831,0,normal,0.0029281543102115393,0.45497712377331706,49.603996747448036
4832,0,normal,0.0017504023853689432,0.46623747005997646,49.53710334597395
4833,0,normal,0.001277207164093852,0.44810419787129346,49.716895356671785
4834,0,normal,0.0013294611126184464,0.4492808570960033,49.73374586037062
4835,0,normal,0.0016517579788342118,0.4640851333687359,50.0110663131461
4836,0,normal,0.002046978333964944,0.444551301805734,50.284360554333944
4837,0,normal,0.002409790875390172,0.45168466210592195,50.47102614696746
4838,0,normal,0.002702999860048294,0.4458535887637897,50.79388235938359
4839,0,normal,0.0029263023752719164,0.44928081611357173,51.3580302732812
4840,0,normal,0.003093443112447858,0.45610634963722513,51.855545238422565
4841,0,normal,0.003219760488718748,0.46579620304403135,52.91566777943649
4842,0,normal,0.003317353082820773,0.45056713110278035,53.96548917776454
4843,0,normal,0.0034040440805256367,0.42468939749714596,27.030128826240798
4844,0,normal,0.003464378183707595,0.4415470253179574,27.22460536202334
4845,0,normal,0.0035116879735141993,0.429397525725174,27.686808441854055
4846,0,normal,0.0036199758760631084,0.3853659746538183,0.2089905244727106
4847,0,normal,0.0036061545833945274,0.3921953258472291,-1.7125787674813182
4848,0,normal,0.003605671226978302,0.3978030960893905,-0.9952191265670081
4849,0,normal,0.003609271487221122,0.3808417913499477,-2.8567868407453716
4850,0,normal,0.0036190981045365334,0.37923968814641573,-4.159567466892668
4851,0,normal,0.0036304581444710493,0.3756142488809051,-3.313051759961809
4852,0,normal,0.0036436740774661303,0.357492406238843,-5.296713488973637
4853,0,normal,0.0036570499651134014,0.35616654219762517,-7.6867457420219125
4854,0,normal,0.00366040226072073,0.3634087769138146,-7.656585871074412
4855,0,normal,0.003897089045494795,0.3294645158711415,-36.746147581222885
4856,0,normal,0.0036870092153549194,0.33191875848336316,-39.71664020146909
4857,0,normal,0.0036517223343253136,0.3244223582001283,-40.35490542327784
4858,0,normal,0.003633546642959118,0.3096727090336867,-55.92076496583536
4859,0,normal,0.003633546642959118,0.3096727090336867,-55.92076496583536
4860,0,normal,0.003633546642959118,0.3096727090336867,-55.92076496583536
4861,0,normal,0.003633546642959118,0.3096727090336867,-55.92076496583536
4862,0,normal,0.003633546642959118,0.3096727090336867,-55.92076496583536
4863,0,normal,0.003633546642959118,0.3096727090336867,-55.92076496583536
4864,0,normal,0.003633546642959118,0.3096727090336867,-55.92076496583536
4865,0,normal,0.003633546642959118,0.3096727090336867,-55.92076496583536
4866,0,normal,0.003633546642959118,0.3096727090336867,-55.92076496583536
4867,0,normal,0.003633546642959118,0.3096727090336867,-55.92076496583536
4868,0,normal,0.003633546642959118,0.3096727090336867,-55.92076496583536
4869,0,normal,0.003633546642959118,0.3096727090336867,-55.92076496583536
4870,0,normal,0.003633546642959118,0.3096727090336867,-55.92076496583536
4871,0,normal,0.003633546642959118,0.3096727090336867,-55.92076496583536
4872,0,normal,0.003633546642959118,0.3096727090336867,-55.92076496583536
4873,0,normal,0.003633546642959118,0.3096727090336867,-55.92076496583536
4874,0,normal,0.003633546642959118,0.3096727090336867,-55.92076496583536
4875,0,normal,0.003633546642959118,0.3096727090336867,-55.92076496583536
4876,0,normal,0.003633546642959118,0.3096727090336867,-55.92076496583536
4877,0,normal,0.003633546642959118,0.3096727090336867,-55.92076496583536
4878,0,normal,0.003633546642959118,0.3096727090336867,-55.92076496583536
4879,0,normal,0.003633546642959118,0.3096727090336867,-55.92076496583536
4880,0,normal,0.003633546642959118,0.3096727090336867,-55.92076496583536
4881,0,normal,0.003633546642959118,0.3096727090336867,-55.92076496583536
4882,0,normal,0.003633546642959118,0.3096727090336867,-55.92076496583536
4883,0,normal,0.003633546642959118,0.3096727090336867,-55.92076496583536
4884,0,normal,0.003633546642959118,0.3096727090336867,-55.92076496583536
4885,0,normal,0.003633546642959118,0.3096727090336867,-55.92076496583536
4886,0,normal,0.003633546642959118,0.3096727090336867,-55.92076496583536
4887,0,normal,0.003633546642959118,0.3096727090336867,-55.92076496583536
4888,0,normal,0.003633546642959118,0.3096727090336867,-55.92076496583536
4889,0,normal,0.003633546642959118,0.3096727090336867,-55.92076496583536
4890,0,normal,0.003633546642959118,0.3096727090336867,-55.92076496583536
4891,0,normal,0.003633546642959118,0.3096727090336867,-55.92076496583536
4892,0,normal,0.003633546642959118,0.3096727090336867,-55.92076496583536
4893,0,normal,0.003633546642959118,0.3096727090336867,-55.92076496583536
4894,0,normal,0.003633546642959118,0.3096727090336867,-55.92076496583536
4895,0,normal,0.003633546642959118,0.3096727090336867,-55.92076496583536
4896,0,normal,0.003633546642959118,0.3096727090336867,-55.92076496583536
4897,0,normal,0.003633546642959118,0.3096727090336867,-55.92076496583536
4898,0,normal,0.003633546642959118,0.3096727090336867,-55.92076496583536
4899,0,normal,0.003633546642959118,0.3096727090336867,-55.92076496583536
4900,0,normal,0.003633546642959118,0.3096727090336867,-55.92076496583536
4901,0,normal,0.003633546642959118,0.3096727090336867,-55.92076496583536
4902,0,normal,0.003633546642959118,0.3096727090336867,-55.92076496583536
4903,0,normal,0.003633546642959118,0.3096727090336867,-55.92076496583536
4904,0,normal,0.003633546642959118,0.3096727090336867,-55.92076496583536
4905,0,normal,0.003633546642959118,0.3096727090336867,-55.92076496583536
4906,0,normal,0.003633546642959118,0.3096727090336867,-55.92076496583536
4907,0,normal,0.003633546642959118,0.3096727090336867,-55.92076496583536
4908,0,normal,0.003633546642959118,0.3096727090336867,-55.92076496583536
4909,0,normal,0.003633546642959118,0.3096727090336867,-55.92076496583536
4910,0,normal,7.446736812591553,0.3327723903507506,-25.396538748026387
4911,0,normal,0.024049285799264908,0.34526934004162135,-25.028403384608282
4912,0,normal,0.7673487067222595,0.33332755808375913,-24.89408685854619
4913,0,normal,1.1006579399108887,0.36572261448992693,0.4447996297874397
4914,0,normal,0.09419464319944382,0.3725552346915819,1.400157706245409
4915,0,normal,0.15367203950881958,0.3823708369943239,2.98283730764183
4916,0,normal,0.1598806530237198,0.37190012490874497,4.632717122918621
4917,0,normal,0.14521148800849915,0.3839311558644685,6.247074796781362
4918,0,normal,0.1227327212691307,0.397916421056408,7.87080842962564
4919,0,normal,0.1468804031610489,0.39218847629388537,9.52868530220735
4920,0,normal,0.36440595984458923,0.41846984947749916,11.198876561416682
4921,0,normal,1.1706805229187012,0.4054827478953717,12.87058070332273
4922,0,normal,1.0491929054260254,0.43394617668114793,38.514092294203465
4923,0,normal,0.10966388881206512,0.43599027335953877,39.999980798088245
4924,0,normal,0.5590255856513977,0.44408036742030144,40.30745563549863
4925,0,normal,1.8706204891204834,0.4424288084969209,53.830988919195306
4926,0,normal,0.022536134347319603,0.4594475986074703,53.83485518518137
4927,0,normal,0.006094679236412048,0.4746306039779265,53.863310567621056
4928,0,normal,0.0030061635188758373,0.45827558914392436,53.5011510876775
4929,0,normal,0.0018429072806611657,0.4634156405458948,53.44950857745516
4930,0,normal,0.001352436258457601,0.45544498041509185,53.63753488117254
4931,0,normal,0.0013822289183735847,0.46085560404736764,53.658339668446615
4932,0,normal,0.0016858710441738367,0.4675759629984721,53.93209288071034
4933,0,normal,0.002068231115117669,0.44442569681179606,54.18953975640102
4934,0,normal,0.0024240734055638313,0.4542631112547594,54.36624443664368
4935,0,normal,0.0027149624656885862,0.4532035075061364,54.68753013942592
4936,0,normal,0.0029386228416115046,0.4532341913239552,55.230786985023315
4937,0,normal,0.0031069028191268444,0.4557920236498634,55.760630165181965
4938,0,normal,0.0032338807359337807,0.47336272119205075,56.86737587003381
4939,0,normal,0.0033311417791992426,0.4492107265576847,57.96926687933296
4940,0,normal,0.0034143133088946342,0.4344793423851783,31.31822550674974
4941,0,normal,0.003471502335742116,0.4436027833613573,31.703463290528816
4942,0,normal,0.0035150423645973206,0.43030193453698135,32.37791602732386
4943,0,normal,0.0036310111172497272,0.39786732410777637,5.353112040548012
4944,0,normal,0.00361472275108099,0.4013973689120964,3.8163028586234304
4945,0,normal,0.003608015365898609,0.3997462235588855,2.5057303477101414
4946,0,normal,0.003609901526942849,0.3860885596831368,0.9199493646137853
4947,0,normal,0.003617470385506749,0.38561003090369683,-0.05619240468354292
4948,0,normal,0.0036278218030929565,0.37610553462474244,-1.3317960485228468
4949,0,normal,0.0036389855667948723,0.360218943944261,-3.1762393003473335
4950,0,normal,0.0036501639988273382,0.36113915724012685,-5.386893922098579
4951,0,normal,0.00366040226072073,0.3634087769138146,-7.656585871074412
4952,0,normal,0.003897089045494795,0.3294645158711415,-36.746147581222885
4953,0,normal,0.0036870092153549194,0.33191875848336316,-39.71664020146909
4954,0,normal,0.0036517223343253136,0.3244223582001283,-40.35490542327784
4955,0,normal,0.003633546642959118,0.3096727090336867,-55.92076496583536
4956,0,normal,0.003633546642959118,0.3096727090336867,-55.92076496583536
4957,0,normal,0.003633546642959118,0.3096727090336867,-55.92076496583536
4958,0,normal,0.003633546642959118,0.3096727090336867,-55.92076496583536
4959,0,normal,0.003633546642959118,0.3096727090336867,-55.92076496583536
4960,0,normal,0.003633546642959118,0.3096727090336867,-55.92076496583536
4961,0,normal,0.003633546642959118,0.3096727090336867,-55.92076496583536
4962,0,normal,0.003633546642959118,0.3096727090336867,-55.92076496583536
4963,0,normal,0.003633546642959118,0.3096727090336867,-55.92076496583536
4964,0,normal,0.003633546642959118,0.3096727090336867,-55.92076496583536
4965,0,normal,0.003633546642959118,0.3096727090336867,-55.92076496583536
4966,0,normal,0.003633546642959118,0.3096727090336867,-55.92076496583536
4967,0,normal,0.003633546642959118,0.3096727090336867,-55.92076496583536
4968,0,normal,0.003633546642959118,0.3096727090336867,-55.92076496583536
4969,0,normal,0.003633546642959118,0.3096727090336867,-55.92076496583536
4970,0,normal,0.003633546642959118,0.3096727090336867,-55.92076496583536
4971,0,normal,0.003633546642959118,0.3096727090336867,-55.92076496583536
4972,0,normal,0.003633546642959118,0.3096727090336867,-55.92076496583536
4973,0,normal,0.003633546642959118,0.3096727090336867,-55.92076496583536
4974,0,normal,0.003633546642959118,0.3096727090336867,-55.92076496583536
4975,0,normal,0.003633546642959118,0.3096727090336867,-55.92076496583536
4976,0,normal,0.003633546642959118,0.3096727090336867,-55.92076496583536
4977,0,normal,0.003633546642959118,0.3096727090336867,-55.92076496583536
4978,0,normal,0.003633546642959118,0.3096727090336867,-55.92076496583536
4979,0,normal,0.003633546642959118,0.3096727090336867,-55.92076496583536
4980,0,normal,0.003633546642959118,0.3096727090336867,-55.92076496583536
4981,0,normal,0.003633546642959118,0.3096727090336867,-55.92076496583536
4982,0,normal,0.003633546642959118,0.3096727090336867,-55.92076496583536
4983,0,normal,0.003633546642959118,0.3096727090336867,-55.92076496583536
4984,0,normal,0.003633546642959118,0.3096727090336867,-55.92076496583536
4985,0,normal,0.003633546642959118,0.3096727090336867,-55.92076496583536
4986,0,normal,0.003633546642959118,0.3096727090336867,-55.92076496583536
4987,0,normal,0.003633546642959118,0.3096727090336867,-55.92076496583536
4988,0,normal,0.003633546642959118,0.3096727090336867,-55.92076496583536
4989,0,normal,0.003633546642959118,0.3096727090336867,-55.92076496583536
4990,0,normal,0.003633546642959118,0.3096727090336867,-55.92076496583536
4991,0,normal,0.003633546642959118,0.3096727090336867,-55.92076496583536
4992,0,normal,0.003633546642959118,0.3096727090336867,-55.92076496583536
4993,0,normal,0.003633546642959118,0.3096727090336867,-55.92076496583536
4994,0,normal,0.003633546642959118,0.3096727090336867,-55.92076496583536
4995,0,normal,0.003633546642959118,0.3096727090336867,-55.92076496583536
4996,0,normal,0.003633546642959118,0.3096727090336867,-55.92076496583536
4997,0,normal,0.003633546642959118,0.3096727090336867,-55.92076496583536
4998,0,normal,0.003633546642959118,0.3096727090336867,-55.92076496583536
4999,0,normal,0.003633546642959118,0.3096727090336867,-55.92076496583536
5000,1,contextual,0.003633546642959118,0.3096727090336867,-55.92076496583536
5001,1,contextual,0.003633546642959118,0.3096727090336867,-55.92076496583536
5002,1,contextual,0.003633546642959118,0.3096727090336867,-55.92076496583536
5003,1,contextual,0.003633546642959118,0.3096727090336867,-55.92076496583536
5004,1,contextual,0.003633546642959118,0.3096727090336867,-55.92076496583536
5005,1,contextual,0.003633546642959118,0.3096727090336867,-55.92076496583536
5006,1,contextual,0.003633546642959118,0.3096727090336867,-55.92076496583536
5007,1,contextual,0.003633546642959118,0.3096727090336867,-55.92076496583536
5008,1,contextual,7.446736812591553,0.3327723903507506,-25.396538748026387
5009,1,contextual,0.024049285799264908,0.34526934004162135,-25.028403384608282
5010,1,contextual,2.085083246231079,0.355933641324606,-12.765662632726162
5011,1,contextual,1.9285608530044556,0.3785281459605334,1.754707879009402
5012,1,contextual,0.4513876140117645,0.38120866834069994,2.838891651211725
5013,1,contextual,0.5951101183891296,0.3809241145499417,4.397470615349675
5014,1,contextual,0.7299947738647461,0.37555094578480636,6.020189114923824
5015,1,contextual,0.8967891335487366,0.39672643606327,7.652709362284668
5016,1,contextual,1.2023820877075195,0.40013816796827634,9.285765386861613
5017,1,contextual,1.839783787727356,0.40198468183531494,10.952899086015123
5018,1,contextual,2.753527879714966,0.4108554157133011,12.635766602422336
5019,1,contextual,1.8610106706619263,0.43109261692604994,28.14548885036197
5020,1,contextual,1.544538974761963,0.4286564244697753,39.9163861270149
5021,1,contextual,0.7767375707626343,0.441541990873358,40.137423525976374
5022,1,contextual,5.8167724609375,0.45573471813697475,68.45412128467069
5023,1,contextual,0.09359361231327057,0.46112880656032934,68.82134329917017
5024,1,contextual,0.8187417387962341,0.4594917418491401,69.05644137386093
5025,1,contextual,1.4395281076431274,0.49188985702693583,92.63949871903037
5026,1,contextual,0.11015520244836807,0.4939055320749988,93.70784757228944
5027,1,contextual,0.5177068114280701,0.4876031295085772,94.02029592585313
5028,1,contextual,0.5168578624725342,0.4888905707118816,95.78360172507746
5029,1,contextual,0.3277500867843628,0.5048638217882107,97.36887088622507
5030,1,contextual,0.18024688959121704,0.5108711913247411,99.19244491367908
5031,0,normal,0.6620740294456482,0.4888388146552026,99.76317354026992
5032,0,normal,0.42304548621177673,0.5131801642080281,101.64594336261507
5033,0,normal,1.443745732307434,0.49904932313806044,103.65742516486694
5034,0,normal,0.8321741223335266,0.5281000380816334,127.99580906401332
5035,0,normal,0.5341202616691589,0.5533359926536188,128.9655305710362
5036,0,normal,2.195781946182251,0.5580126339265894,142.35333122871452
5037,0,normal,0.022578731179237366,0.5293241801851574,143.41313297142392
5038,0,normal,0.007127559743821621,0.5345653513321389,118.85399435100953
5039,0,normal,0.003663258859887719,0.5344970900672303,119.0211466597035
5040,0,normal,0.003382985247299075,0.5230382161686623,107.47939741566915
5041,0,normal,0.003204496344551444,0.5176647325656696,92.41420488243307
5042,0,normal,0.0035561579279601574,0.5046809930589576,91.11132759305133
5043,0,normal,0.003767133690416813,0.5224096972176878,89.59463342979097
5044,0,normal,0.0038411442656069994,0.4985303512064987,88.36661164258294
5045,0,normal,0.0038296510465443134,0.47968634679633515,87.3010896463179
5046,0,normal,0.003776033641770482,0.48886885647339373,85.63411090264412
5047,0,normal,0.003714368911460042,0.4800677651337718,83.81952929264662
5048,0,normal,0.00366458878852427,0.47898135987709334,82.09133057113922
5049,0,normal,0.0036255670711398125,0.47991502358708676,66.15613605349199
5050,0,normal,0.0036081878934055567,0.4597542910549983,54.00535378514701
5051,0,normal,0.0035996900405734777,0.4560781676099121,54.385614252099685
5052,0,normal,0.0036048905458301306,0.4239971058951416,26.802672659700875
5053,0,normal,0.003603499848395586,0.4230492320269308,27.03684413278779
5054,0,normal,0.0036040479317307472,0.42361652164445374,27.504005859337212
5055,0,normal,0.003640134818851948,0.3992113240988081,0.1559281691193064
5056,0,normal,0.0036220166366547346,0.39605397386078794,-1.5836254201894917
5057,0,normal,0.003614911111071706,0.3872530889128206,-0.936624099511846
5058,0,normal,0.0036131669767200947,0.38010290231958277,-2.535416780845935
5059,0,normal,0.0036169567611068487,0.3816613272084189,-3.7238331936869145
5060,0,normal,0.0036246031522750854,0.36304761628835724,-5.561932666226085
5061,0,normal,0.0036313356831669807,0.3578288200164487,-5.358845433910574
5062,0,normal,0.003639653790742159,0.3571736702672192,-7.736058346369873
5063,0,normal,0.0036465844605118036,0.3529773890919596,-10.28145756976005
5064,0,normal,0.0036870092153549194,0.33191875848336316,-39.71664020146909
5065,0,normal,0.0036517223343253136,0.3244223582001283,-40.35490542327784
5066,0,normal,0.003633546642959118,0.3096727090336867,-55.92076496583536
5067,0,normal,0.003633546642959118,0.3096727090336867,-55.92076496583536
5068,0,normal,0.003633546642959118,0.3096727090336867,-55.92076496583536
5069,0,normal,0.003633546642959118,0.3096727090336867,-55.92076496583536
5070,0,normal,0.003633546642959118,0.3096727090336867,-55.92076496583536
5071,0,normal,0.003633546642959118,0.3096727090336867,-55.92076496583536
5072,0,normal,0.003633546642959118,0.3096727090336867,-55.92076496583536
5073,0,normal,0.003633546642959118,0.3096727090336867,-55.92076496583536
5074,0,normal,0.003633546642959118,0.3096727090336867,-55.92076496583536
5075,0,normal,0.003633546642959118,0.3096727090336867,-55.92076496583536
5076,0,normal,0.003633546642959118,0.3096727090336867,-55.92076496583536
5077,0,normal,0.003633546642959118,0.3096727090336867,-55.92076496583536
5078,0,normal,0.003633546642959118,0.3096727090336867,-55.92076496583536
5079,0,normal,0.003633546642959118,0.3096727090336867,-55.92076496583536
5080,0,normal,0.003633546642959118,0.3096727090336867,-55.92076496583536
5081,0,normal,0.003633546642959118,0.3096727090336867,-55.92076496583536
5082,0,normal,0.003633546642959118,0.3096727090336867,-55.92076496583536
5083,0,normal,0.003633546642959118,0.3096727090336867,-55.92076496583536
5084,0,normal,0.003633546642959118,0.3096727090336867,-55.92076496583536
5085,0,normal,0.003633546642959118,0.3096727090336867,-55.92076496583536
5086,0,normal,0.003633546642959118,0.3096727090336867,-55.92076496583536
5087,0,normal,0.003633546642959118,0.3096727090336867,-55.92076496583536
5088,0,normal,0.003633546642959118,0.3096727090336867,-55.92076496583536
5089,0,normal,0.003633546642959118,0.3096727090336867,-55.92076496583536
5090,0,normal,0.003633546642959118,0.3096727090336867,-55.92076496583536
5091,0,normal,0.003633546642959118,0.3096727090336867,-55.92076496583536
5092,0,normal,0.003633546642959118,0.3096727090336867,-55.92076496583536
5093,0,normal,0.003633546642959118,0.3096727090336867,-55.92076496583536
5094,0,normal,0.003633546642959118,0.3096727090336867,-55.92076496583536
5095,0,normal,0.003633546642959118,0.3096727090336867,-55.92076496583536
5096,0,normal,0.003633546642959118,0.3096727090336867,-55.92076496583536
5097,0,normal,0.003633546642959118,0.3096727090336867,-55.92076496583536
5098,0,normal,0.003633546642959118,0.3096727090336867,-55.92076496583536
5099,0,normal,0.003633546642959118,0.3096727090336867,-55.92076496583536
5100,0,normal,0.003633546642959118,0.3096727090336867,-55.92076496583536
5101,0,normal,0.003633546642959118,0.3096727090336867,-55.92076496583536
5102,0,normal,0.003633546642959118,0.3096727090336867,-55.92076496583536
5103,0,normal,0.003633546642959118,0.3096727090336867,-55.92076496583536
5104,0,normal,0.003633546642959118,0.3096727090336867,-55.92076496583536
5105,0,normal,7.446736812591553,0.3327723903507506,-25.396538748026387
5106,0,normal,0.024049285799264908,0.34526934004162135,-25.028403384608282
5107,0,normal,2.085083246231079,0.355933641324606,-12.765662632726162
5108,0,normal,1.4465031623840332,0.3936403249513834,12.151463997393876
5109,0,normal,0.085709348320961,0.39335654496759676,13.111754266447406
5110,0,normal,0.1537615805864334,0.39816866607995444,14.66286475621132
5111,0,normal,0.16669408977031708,0.38491239466387417,16.29563096469792
5112,0,normal,0.15527337789535522,0.4078502570397586,17.920359995447598
5113,0,normal,0.11939346790313721,0.4151349708620054,19.55245738087683
5114,0,normal,0.10306008905172348,0.41018792734218507,21.216428951128137
5115,0,normal,0.2017480581998825,0.4273281823413232,22.89373668352323
5116,0,normal,3.3051936626434326,0.4509010883454581,48.33433410375528
5117,0,normal,0.1439504325389862,0.4442099351378806,49.83274678041835
5118,0,normal,0.5242742300033569,0.4430033212998652,50.169715548688146
5119,0,normal,1.8852792978286743,0.458010450421522,63.53854245227171
5120,0,normal,0.03725023567676544,0.4739890465017251,63.54764296639519
5121,0,normal,0.009747450239956379,0.46832324416401644,63.590755253070256
5122,0,normal,0.0042328257113695145,0.45911178229497684,63.242491644135725
5123,0,normal,0.0025208790320903063,0.4851071945638005,63.16733965799813
5124,0,normal,0.0017295904690399766,0.45909026380601564,63.264769150029
5125,0,normal,0.0015660892240703106,0.47115120790257564,63.420676718820914
5126,0,normal,0.0017524340655654669,0.46705831697869815,63.41022379405399
5127,0,normal,0.0020732074044644833,0.4566272038085532,63.584325166474855
5128,0,normal,0.0024036583490669727,0.448772353416264,63.87586498921473
5129,0,normal,0.002688927575945854,0.46951168108709984,64.10779040020475
5130,0,normal,0.0029155004303902388,0.46407481461682615,64.53105514750905
5131,0,normal,0.003089028876274824,0.4432542530912234,65.17966493665699
5132,0,normal,0.0032209318596869707,0.4787518406509261,66.07088612870143
5133,0,normal,0.003322032280266285,0.46728515114051006,67.35541175911135
5134,0,normal,0.003400531131774187,0.4594678154902954,68.54385745264426
5135,0,normal,0.003465216374024749,0.44613755499662583,42.3248386349444
5136,0,normal,0.0035121606197208166,0.4404189499462087,42.92385114910235
5137,0,normal,0.003546810010448098,0.4178236729948916,30.76399770361718
5138,0,normal,0.00361472275108099,0.4013973689120964,3.8163028586234304
5139,0,normal,0.003608015365898609,0.3997462235588855,2.5057303477101414
5140,0,normal,0.003609901526942849,0.3860885596831368,0.9199493646137853
5141,0,normal,0.003617470385506749,0.38561003090369683,-0.05619240468354292
5142,0,normal,0.0036278218030929565,0.37610553462474244,-1.3317960485228468
5143,0,normal,0.0036389855667948723,0.360218943944261,-3.1762393003473335
5144,0,normal,0.0036501639988273382,0.36113915724012685,-5.386893922098579
5145,0,normal,0.00366040226072073,0.3634087769138146,-7.656585871074412
5146,0,normal,0.003897089045494795,0.3294645158711415,-36.746147581222885
5147,0,normal,0.0036870092153549194,0.33191875848336316,-39.71664020146909
5148,0,normal,0.0036517223343253136,0.3244223582001283,-40.35490542327784
5149,0,normal,0.003633546642959118,0.3096727090336867,-55.92076496583536
5150,0,normal,0.003633546642959118,0.3096727090336867,-55.92076496583536
5151,0,normal,0.003633546642959118,0.3096727090336867,-55.92076496583536
5152,0,normal,0.003633546642959118,0.3096727090336867,-55.92076496583536
5153,0,normal,0.003633546642959118,0.3096727090336867,-55.92076496583536
5154,0,normal,0.003633546642959118,0.3096727090336867,-55.92076496583536
5155,0,normal,0.003633546642959118,0.3096727090336867,-55.92076496583536
5156,0,normal,0.003633546642959118,0.3096727090336867,-55.92076496583536
5157,0,normal,0.003633546642959118,0.3096727090336867,-55.92076496583536
5158,0,normal,0.003633546642959118,0.3096727090336867,-55.92076496583536
5159,0,normal,0.003633546642959118,0.3096727090336867,-55.92076496583536
5160,0,normal,0.003633546642959118,0.3096727090336867,-55.92076496583536
5161,0,normal,0.003633546642959118,0.3096727090336867,-55.92076496583536
5162,0,normal,0.003633546642959118,0.3096727090336867,-55.92076496583536
5163,0,normal,0.003633546642959118,0.3096727090336867,-55.92076496583536
5164,0,normal,0.003633546642959118,0.3096727090336867,-55.92076496583536
5165,0,normal,0.003633546642959118,0.3096727090336867,-55.92076496583536
5166,0,normal,0.003633546642959118,0.3096727090336867,-55.92076496583536
5167,0,normal,0.003633546642959118,0.3096727090336867,-55.92076496583536
5168,0,normal,0.003633546642959118,0.3096727090336867,-55.92076496583536
5169,0,normal,0.003633546642959118,0.3096727090336867,-55.92076496583536
5170,0,normal,0.003633546642959118,0.3096727090336867,-55.92076496583536
5171,0,normal,0.003633546642959118,0.3096727090336867,-55.92076496583536
5172,0,normal,0.003633546642959118,0.3096727090336867,-55.92076496583536
5173,0,normal,0.003633546642959118,0.3096727090336867,-55.92076496583536
5174,0,normal,0.003633546642959118,0.3096727090336867,-55.92076496583536
5175,0,normal,0.003633546642959118,0.3096727090336867,-55.92076496583536
5176,0,normal,0.003633546642959118,0.3096727090336867,-55.92076496583536
5177,0,normal,0.003633546642959118,0.3096727090336867,-55.92076496583536
5178,0,normal,0.003633546642959118,0.3096727090336867,-55.92076496583536
5179,0,normal,0.003633546642959118,0.3096727090336867,-55.92076496583536
5180,0,normal,0.003633546642959118,0.3096727090336867,-55.92076496583536
5181,0,normal,0.003633546642959118,0.3096727090336867,-55.92076496583536
5182,0,normal,0.003633546642959118,0.3096727090336867,-55.92076496583536
5183,0,normal,0.003633546642959118,0.3096727090336867,-55.92076496583536
5184,0,normal,0.003633546642959118,0.3096727090336867,-55.92076496583536
5185,0,normal,0.003633546642959118,0.3096727090336867,-55.92076496583536
5186,0,normal,0.003633546642959118,0.3096727090336867,-55.92076496583536
5187,0,normal,0.003633546642959118,0.3096727090336867,-55.92076496583536
5188,0,normal,0.003633546642959118,0.3096727090336867,-55.92076496583536
5189,0,normal,0.003633546642959118,0.3096727090336867,-55.92076496583536
5190,0,normal,0.003633546642959118,0.3096727090336867,-55.92076496583536
5191,0,normal,0.003633546642959118,0.3096727090336867,-55.92076496583536
5192,0,normal,0.003633546642959118,0.3096727090336867,-55.92076496583536
5193,0,normal,0.003633546642959118,0.3096727090336867,-55.92076496583536
5194,0,normal,0.003633546642959118,0.3096727090336867,-55.92076496583536
5195,0,normal,0.003633546642959118,0.3096727090336867,-55.92076496583536
5196,0,normal,0.003633546642959118,0.3096727090336867,-55.92076496583536
5197,0,normal,0.003633546642959118,0.3096727090336867,-55.92076496583536
5198,0,normal,0.003633546642959118,0.3096727090336867,-55.92076496583536
5199,0,normal,0.003633546642959118,0.3096727090336867,-55.92076496583536
5200,0,normal,0.003633546642959118,0.3096727090336867,-55.92076496583536
5201,0,normal,0.003633546642959118,0.3096727090336867,-55.92076496583536
5202,0,normal,7.446736812591553,0.3327723903507506,-25.396538748026387
5203,0,normal,0.024049285799264908,0.34526934004162135,-25.028403384608282
5204,0,normal,0.7673487067222595,0.33332755808375913,-24.89408685854619
5205,0,normal,1.1006579399108887,0.36572261448992693,0.4447996297874397
5206,0,normal,0.09419464319944382,0.3725552346915819,1.400157706245409
5207,0,normal,0.6895973682403564,0.3785295781055595,1.6080935394111293
5208,0,normal,0.27145349979400635,0.36806561947949673,3.2998035820492078
5209,0,normal,0.172395721077919,0.38259696260108367,4.909775714824036
5210,0,normal,0.1304624080657959,0.39670118941762844,6.574458233832047
5211,0,normal,0.17335589230060577,0.3927134061749368,8.241247973682675
5212,0,normal,0.517221212387085,0.4199918010026852,9.899705249711133
5213,0,normal,1.611075758934021,0.4040797855887869,11.559894698497601
5214,0,normal,0.8124405145645142,0.4325638710195137,37.222277013940584
5215,0,normal,0.10994412750005722,0.4360840806837864,38.700122284149984
5216,0,normal,0.3466050326824188,0.4423039750820941,39.501613689836404
5217,0,normal,1.9145584106445312,0.4400730007850333,53.01093988412572
5218,0,normal,0.018906120210886,0.45473952548452273,53.01388324922573
5219,0,normal,0.0074365162290632725,0.46853132671863335,53.000293541378824
5220,0,normal,0.00428207591176033,0.45913719213709403,52.627004941289215
5221,0,normal,0.002475799061357975,0.4692624030012486,52.58046498107342
5222,0,normal,0.0015806209994480014,0.454492038478057,52.78042308496401
5223,0,normal,0.0014183095190674067,0.4561937877510962,52.813719473346964
5224,0,normal,0.001652316190302372,0.4603287568286956,53.097611147156385
5225,0,normal,0.0020218014251440763,0.4425535574391519,53.371536989227025
5226,0,normal,0.0023857951164245605,0.4527458302606282,53.55665045685919
5227,0,normal,0.0026895587798208,0.4520896868230107,53.87462947767358
5228,0,normal,0.002924652537330985,0.4520866201422617,54.421865338279076
5229,0,normal,0.003101299749687314,0.4534847443554755,54.90801652965342
5230,0,normal,0.0032336770091205835,0.4757205108225243,55.96089808382044
5231,0,normal,0.0033339832443743944,0.4501507425040389,56.988918414745285
5232,0,normal,0.003420325228944421,0.43568876590255085,30.178190392143506
5233,0,normal,0.0034789384808391333,0.44453367772410785,30.430252634446788
5234,0,normal,0.0035238543059676886,0.43509458598609874,30.956293323723457
5235,0,normal,0.003646580735221505,0.3953379567559364,3.752900523673361
5236,0,normal,0.003622130723670125,0.3958356570842545,2.0487344986145217
5237,0,normal,0.003613519249483943,0.39863647448410505,2.9907863353544144
5238,0,normal,0.0036121217999607325,0.3893559148270025,1.4425602508904376
5239,0,normal,0.0036184911150485277,0.3854935892578158,0.512287192627582
5240,0,normal,0.0036290553398430347,0.3758815600177715,-0.7013707828432416
5241,0,normal,0.0036408226005733013,0.3641361477840387,-2.4829723351876964
5242,0,normal,0.003652342827990651,0.3639291139857676,-4.623436308119608
5243,0,normal,0.003662815084680915,0.36634143484954446,-6.822402937674724
5244,0,normal,0.003953165374696255,0.33352819632597686,-35.82494627950041
5245,0,normal,0.003709906479343772,0.334075818850491,-38.713175489268
5246,0,normal,0.0036517223343253136,0.3244223582001283,-40.35490542327784
5247,0,normal,0.003633546642959118,0.3096727090336867,-55.92076496583536
5248,0,normal,0.003633546642959118,0.3096727090336867,-55.92076496583536
5249,0,normal,0.003633546642959118,0.3096727090336867,-55.92076496583536
5250,0,normal,0.003633546642959118,0.3096727090336867,-55.92076496583536
5251,0,normal,0.003633546642959118,0.3096727090336867,-55.92076496583536
5252,0,normal,0.003633546642959118,0.3096727090336867,-55.92076496583536
5253,0,normal,0.003633546642959118,0.3096727090336867,-55.92076496583536
5254,0,normal,0.003633546642959118,0.3096727090336867,-55.92076496583536
5255,0,normal,0.003633546642959118,0.3096727090336867,-55.92076496583536
5256,0,normal,0.003633546642959118,0.3096727090336867,-55.92076496583536
5257,0,normal,0.003633546642959118,0.3096727090336867,-55.92076496583536
5258,0,normal,0.003633546642959118,0.3096727090336867,-55.92076496583536
5259,0,normal,0.003633546642959118,0.3096727090336867,-55.92076496583536
5260,0,normal,0.003633546642959118,0.3096727090336867,-55.92076496583536
5261,0,normal,0.003633546642959118,0.3096727090336867,-55.92076496583536
5262,0,normal,0.003633546642959118,0.3096727090336867,-55.92076496583536
5263,0,normal,0.003633546642959118,0.3096727090336867,-55.92076496583536
5264,0,normal,0.003633546642959118,0.3096727090336867,-55.92076496583536
5265,0,normal,0.003633546642959118,0.3096727090336867,-55.92076496583536
5266,0,normal,0.003633546642959118,0.3096727090336867,-55.92076496583536
5267,0,normal,0.003633546642959118,0.3096727090336867,-55.92076496583536
5268,0,normal,0.003633546642959118,0.3096727090336867,-55.92076496583536
5269,0,normal,0.003633546642959118,0.3096727090336867,-55.92076496583536
5270,0,normal,0.003633546642959118,0.3096727090336867,-55.92076496583536
5271,0,normal,0.003633546642959118,0.3096727090336867,-55.92076496583536
5272,0,normal,0.003633546642959118,0.3096727090336867,-55.92076496583536
5273,0,normal,0.003633546642959118,0.3096727090336867,-55.92076496583536
5274,0,normal,0.003633546642959118,0.3096727090336867,-55.92076496583536
5275,0,normal,0.003633546642959118,0.3096727090336867,-55.92076496583536
5276,0,normal,0.003633546642959118,0.3096727090336867,-55.92076496583536
5277,0,normal,0.003633546642959118,0.3096727090336867,-55.92076496583536
5278,0,normal,0.003633546642959118,0.3096727090336867,-55.92076496583536
5279,0,normal,0.003633546642959118,0.3096727090336867,-55.92076496583536
5280,0,normal,0.003633546642959118,0.3096727090336867,-55.92076496583536
5281,0,normal,0.003633546642959118,0.3096727090336867,-55.92076496583536
5282,0,normal,0.003633546642959118,0.3096727090336867,-55.92076496583536
5283,0,normal,0.003633546642959118,0.3096727090336867,-55.92076496583536
5284,0,normal,0.003633546642959118,0.3096727090336867,-55.92076496583536
5285,0,normal,0.003633546642959118,0.3096727090336867,-55.92076496583536
5286,0,normal,0.003633546642959118,0.3096727090336867,-55.92076496583536
5287,0,normal,0.003633546642959118,0.3096727090336867,-55.92076496583536
5288,0,normal,0.003633546642959118,0.3096727090336867,-55.92076496583536
5289,0,normal,0.003633546642959118,0.3096727090336867,-55.92076496583536
5290,0,normal,0.003633546642959118,0.3096727090336867,-55.92076496583536
5291,0,normal,0.003633546642959118,0.3096727090336867,-55.92076496583536
5292,0,normal,0.003633546642959118,0.3096727090336867,-55.92076496583536
5293,0,normal,0.003633546642959118,0.3096727090336867,-55.92076496583536
5294,0,normal,0.003633546642959118,0.3096727090336867,-55.92076496583536
5295,0,normal,0.003633546642959118,0.3096727090336867,-55.92076496583536
5296,0,normal,0.003633546642959118,0.3096727090336867,-55.92076496583536
5297,0,normal,0.003633546642959118,0.3096727090336867,-55.92076496583536
5298,0,normal,0.003633546642959118,0.3096727090336867,-55.92076496583536
5299,0,normal,0.003633546642959118,0.3096727090336867,-55.92076496583536
5300,0,normal,0.003633546642959118,0.3096727090336867,-55.92076496583536
5301,0,normal,0.003633546642959118,0.3096727090336867,-55.92076496583536
5302,0,normal,0.003633546642959118,0.3096727090336867,-55.92076496583536
5303,0,normal,0.003633546642959118,0.3096727090336867,-55.92076496583536
5304,0,normal,0.003633546642959118,0.3096727090336867,-55.92076496583536
5305,0,normal,0.003633546642959118,0.3096727090336867,-55.92076496583536
5306,0,normal,0.003633546642959118,0.3096727090336867,-55.92076496583536
5307,0,normal,0.003633546642959118,0.3096727090336867,-55.92076496583536
5308,0,normal,0.003633546642959118,0.3096727090336867,-55.92076496583536
5309,0,normal,0.003633546642959118,0.3096727090336867,-55.92076496583536
5310,0,normal,7.446736812591553,0.3327723903507506,-25.396538748026387
5311,0,normal,0.024049285799264908,0.34526934004162135,-25.028403384608282
5312,0,normal,2.085083246231079,0.355933641324606,-12.765662632726162
5313,0,normal,1.9977147579193115,0.39117034823409474,10.789306500945486
5314,0,normal,131.3933868408203,0.4212104978355396,433.9667359014736
5315,0,normal,0.5905132293701172,0.42351913714609307,434.9134459655281
5316,0,normal,0.3796836733818054,0.4147004298768472,435.94789807076336
5317,0,normal,0.487216591835022,0.4270554570149264,436.865911369193
5318,0,normal,0.6318701505661011,0.44065437897416265,437.8375187435224
5319,0,normal,0.8200071454048157,0.4344697095717015,438.8838453768178
5320,0,normal,1.129205346107483,0.45130494431514917,439.9378494832904
5321,0,normal,2.6350185871124268,0.43917209870253476,440.16361122594446
5322,0,normal,1.593514084815979,0.4637064169873792,456.0973946336095
5323,0,normal,0.20044051110744476,0.46563814013689003,457.0373650136851
5324,0,normal,0.5091699957847595,0.4663415713968173,457.25625863647224
5325,0,normal,1.8839833736419678,0.460754046769124,465.6265637164398
5326,0,normal,0.025618309155106544,0.4907204368397055,465.5815560078129
5327,0,normal,0.006177758332341909,0.5079811909726585,465.5869099351173
5328,0,normal,0.003048917278647423,0.4831074114078337,465.3208496691252
5329,0,normal,0.001837854739278555,0.4965257839238594,465.27984744589537
5330,0,normal,0.0013481059577316046,0.48155483099296637,465.36743118887523
5331,0,normal,0.0014076195657253265,0.4761843400804391,465.37609470054736
5332,0,normal,0.001737983082421124,0.5048004628077148,465.52327809848066
5333,0,normal,0.0021267756819725037,0.4732703489779162,465.6714579934961
5334,0,normal,0.0024675338063389063,0.4925683592121007,465.84513593523
5335,0,normal,0.0027310242876410484,0.4847370722242076,466.10028829833186
5336,0,normal,0.0029264469631016254,0.4717268407229905,466.5299284679961
5337,0,normal,0.003073713043704629,0.48682690069593226,467.15063308962976
5338,0,normal,0.0031899106688797474,0.4877530480419659,467.89451120407296
5339,0,normal,0.0032856548205018044,0.4685495581160526,468.75673591069824
5340,0,normal,0.003370462218299508,0.4621530131080153,452.3214050739567
5341,0,normal,0.0034365688916295767,0.46660631578424816,452.5907835538694
5342,0,normal,0.003490258939564228,0.45632060888920006,444.8812721725286
5343,0,normal,0.0035328136291354895,0.4041154747339135,429.2179809399179
5344,0,normal,0.003610796295106411,0.4018208983857728,2.361798240476219
5345,0,normal,0.003606775077059865,0.3991388385512689,0.9665182052976888
5346,0,normal,0.0036101986188441515,0.3844850312760766,-0.7576921899933495
5347,0,normal,0.003618804505094886,0.38659865514756625,-1.879222796785598
5348,0,normal,0.0036304581444710493,0.3756142488809051,-3.313051759961809
5349,0,normal,0.0036436740774661303,0.357492406238843,-5.296713488973637
5350,0,normal,0.0036570499651134014,0.35616654219762517,-7.6867457420219125
5351,0,normal,0.00366040226072073,0.3634087769138146,-7.656585871074412
5352,0,normal,0.003897089045494795,0.3294645158711415,-36.746147581222885
5353,0,normal,0.0036870092153549194,0.33191875848336316,-39.71664020146909
5354,0,normal,0.0036517223343253136,0.3244223582001283,-40.35490542327784
5355,0,normal,0.003633546642959118,0.3096727090336867,-55.92076496583536
5356,0,normal,0.003633546642959118,0.3096727090336867,-55.92076496583536
5357,0,normal,0.003633546642959118,0.3096727090336867,-55.92076496583536
5358,0,normal,7.446736812591553,0.3327723903507506,-25.396538748026387
5359,0,normal,0.024049285799264908,0.34526934004162135,-25.028403384608282
5360,0,normal,0.7673487067222595,0.33332755808375913,-24.89408685854619
5361,0,normal,3.1501383781433105,0.3304124980830225,-25.80390345251749
5362,0,normal,1.194273829460144,0.37153338300480476,-1.1004279518140265
5363,0,normal,0.13330313563346863,0.3732233990871095,0.31748194557167153
5364,0,normal,0.7636573314666748,0.36865729751954945,0.5784049517772019
5365,0,normal,0.27845221757888794,0.37576035929800133,2.325393715588234
5366,0,normal,0.18926532566547394,0.37421854172192665,3.9235044504023335
5367,0,normal,4.341617107391357,0.41783588181168935,24.632096230480556
5368,0,normal,0.18826481699943542,0.41511320002077723,25.312577800372992
5369,0,normal,0.38890933990478516,0.4162950759722832,26.12358184461482
5370,0,normal,0.5678139328956604,0.4159506638283687,26.470406940291014
5371,0,normal,0.3789101243019104,0.4083551896386838,27.318308186178456
5372,0,normal,2.488201379776001,0.43762210106945504,40.98918735312304
5373,0,normal,0.03656698763370514,0.44972090073668514,40.95324284833691
5374,0,normal,0.07899299263954163,0.42891812248043865,40.93129475708406
5375,0,normal,0.1527126282453537,0.42938581979174567,40.52751822271853
5376,0,normal,0.2217692881822586,0.4418325802855134,40.41572108448736
5377,0,normal,0.2752267122268677,0.4296629246099686,40.51185625191033
5378,0,normal,0.2977461814880371,0.4405183961557976,40.65380363411873
5379,0,normal,0.28153058886528015,0.42605491268158047,40.70933817517334
5380,0,normal,0.23292742669582367,0.42556450382831335,40.88000574572334
5381,0,normal,0.16901513934135437,0.4415134757873356,41.17483956440401
5382,0,normal,0.1080770492553711,0.4355164725049354,41.36271302498608
5383,0,normal,0.06163053959608078,0.4494465948451981,41.53865082886773
5384,0,normal,0.03212274610996246,0.4328276303614253,41.89801567648192
5385,0,normal,0.016041172668337822,0.43678409611921826,42.36453953246382
5386,0,normal,0.00838029570877552,0.4379579615720806,42.83857501148668
5387,0,normal,0.0051953718066215515,0.4430103825742238,43.87266885578333
5388,0,normal,0.004052157048135996,0.42140010617624635,16.655395802069734
5389,0,normal,0.003807868342846632,0.4132936453989678,16.863680612114877
5390,0,normal,0.0038321746978908777,0.39817326964695554,17.14583816755635
5391,0,normal,0.003894706489518285,0.41149692124843246,17.597305585471076
5392,0,normal,0.003960290923714638,0.38896940577058703,-7.242767674243396
5393,0,normal,0.0039843362756073475,0.3745248756385913,-8.957061406723824
5394,0,normal,0.003975598141551018,0.37127786755736936,-8.291126997379934
5395,0,normal,0.004019631072878838,0.36415903579014236,-10.132674840653863
5396,0,normal,0.003973742015659809,0.3663862553714265,-12.267897839772104
5397,0,normal,0.051664549857378006,0.3356787377597318,-35.52465977081488
5398,0,normal,0.006063168868422508,0.33550705320077634,-36.75137794470629
5399,0,normal,0.00391523027792573,0.3271003451888577,-38.20270496382636
5400,0,normal,0.003709906479343772,0.334075818850491,-38.713175489268
5401,0,normal,0.0036517223343253136,0.3244223582001283,-40.35490542327784
5402,0,normal,0.003633546642959118,0.3096727090336867,-55.92076496583536
5403,0,normal,0.003633546642959118,0.3096727090336867,-55.92076496583536
5404,0,normal,0.003633546642959118,0.3096727090336867,-55.92076496583536
5405,0,normal,0.003633546642959118,0.3096727090336867,-55.92076496583536
5406,0,normal,0.003633546642959118,0.3096727090336867,-55.92076496583536
5407,0,normal,0.003633546642959118,0.3096727090336867,-55.92076496583536
5408,0,normal,7.446736812591553,0.3327723903507506,-25.396538748026387
5409,0,normal,0.024049285799264908,0.34526934004162135,-25.028403384608282
5410,0,normal,2.085083246231079,0.355933641324606,-12.765662632726162
5411,0,normal,1.4465031623840332,0.3936403249513834,12.151463997393876
5412,0,normal,0.085709348320961,0.39335654496759676,13.111754266447406
5413,0,normal,0.1537615805864334,0.39816866607995444,14.66286475621132
5414,0,normal,0.16669408977031708,0.38491239466387417,16.29563096469792
5415,0,normal,0.15527337789535522,0.4078502570397586,17.920359995447598
5416,0,normal,0.11939346790313721,0.4151349708620054,19.55245738087683
5417,0,normal,0.10306008905172348,0.41018792734218507,21.216428951128137
5418,0,normal,0.2017480581998825,0.4273281823413232,22.89373668352323
5419,0,normal,3.3051936626434326,0.4509010883454581,48.33433410375528
5420,0,normal,0.19883285462856293,0.4430137480339264,49.02238018707885
5421,0,normal,0.5423212051391602,0.4414647057409427,49.37696624088608
5422,0,normal,1.8479633331298828,0.45802055359920874,62.748006057347084
5423,0,normal,0.030869802460074425,0.47155545125061465,62.74591339443646
5424,0,normal,0.0072758737951517105,0.46832324416401644,62.7788119045706
5425,0,normal,0.0033620891626924276,0.45963308426005284,62.4202638082254
5426,0,normal,0.00197624322026968,0.48129172661607134,62.337079389956216
5427,0,normal,0.0014256201684474945,0.45599090455025537,62.42747042301653
5428,0,normal,0.0014489092864096165,0.46965161340310496,62.578009580442085
5429,0,normal,0.0017529209144413471,0.46570921181928365,62.561377554122146
5430,0,normal,0.0021239190828055143,0.45581628590519124,62.73098672394326
5431,0,normal,0.0024548738729208708,0.4464835912934909,63.02192751191319
5432,0,normal,0.0027150558307766914,0.4671831721556822,63.25414678724678
5433,0,normal,0.0029115523211658,0.4624423784665633,63.678901506653574
5434,0,normal,0.0030621818732470274,0.44100174325443203,64.32804762507908
5435,0,normal,0.0031823923345655203,0.47698277491869806,65.22271104140441
5436,0,normal,0.00328179937787354,0.4679705864738984,66.5116533964308
5437,0,normal,0.0033652305137366056,0.45374331814097085,67.7055352496991
5438,0,normal,0.0034376694820821285,0.44243866980000274,41.46946373681408
5439,0,normal,0.003493628464639187,0.44022034045210995,42.07294039972794
5440,0,normal,0.0035365866497159004,0.41722290269702245,29.90930666701024
5441,0,normal,0.0036130216903984547,0.39768320456187617,2.9417949986557232
5442,0,normal,0.003609834937378764,0.39766329764289327,1.6173622585292833
5443,0,normal,0.0036136566195636988,0.38629318553052655,0.012012156444598077
5444,0,normal,0.003622204065322876,0.38310295710107245,-0.9871109221721781
5445,0,normal,0.003632980864495039,0.3736246735242293,-2.33928708677945
5446,0,normal,0.0036444813013076782,0.3594562360967001,-4.256986768805973
5447,0,normal,0.0036564101465046406,0.3609762994309262,-6.553560324068485
5448,0,normal,0.00366761046461761,0.3599818491799063,-8.900247605360846
5449,0,normal,0.003919631242752075,0.32500300904843643,-38.12617758680449
5450,0,normal,0.0036870092153549194,0.33191875848336316,-39.71664020146909
5451,0,normal,0.0036517223343253136,0.3244223582001283,-40.35490542327784
5452,0,normal,0.003633546642959118,0.3096727090336867,-55.92076496583536
5453,0,normal,0.003633546642959118,0.3096727090336867,-55.92076496583536
5454,0,normal,0.003633546642959118,0.3096727090336867,-55.92076496583536
5455,0,normal,0.003633546642959118,0.3096727090336867,-55.92076496583536
5456,0,normal,7.446736812591553,0.3327723903507506,-25.396538748026387
5457,0,normal,0.024049285799264908,0.34526934004162135,-25.028403384608282
5458,0,normal,1.9007123708724976,0.3500999550356732,-14.185650485880842
5459,0,normal,11.001795768737793,0.3949450574189465,46.19531964584576
5460,0,normal,10.861668586730957,0.43549518414465394,91.09073501876469
5461,0,normal,10.589513778686523,0.45134357801904984,134.53533861355913
5462,0,normal,10.458683967590332,0.4648436720228021,176.01811463079616
5463,0,normal,1.0183889865875244,0.4621423555631682,175.97520094973652
5464,0,normal,0.4725998640060425,0.4720070224346717,177.16963152461005
5465,0,normal,1.1592813730239868,0.4814398043367342,178.3842945597446
5466,0,normal,2.441004991531372,0.49521788009776974,179.81886965484284
5467,0,normal,3.48928165435791,0.4848816338386361,181.32755270537768
5468,0,normal,0.49028635025024414,0.4981966230326547,203.21677815697126
5469,0,normal,0.15002739429473877,0.5128908665365636,204.5620548337232
5470,0,normal,1.597085952758789,0.5138039555666972,209.5879703085676
5471,0,normal,1.329099416732788,0.4992159230218177,216.41915562660654
5472,0,normal,0.03161059319972992,0.5136834521065891,216.33701966438764
5473,0,normal,0.018091626465320587,0.5231755627669101,216.1221787543842
5474,0,normal,0.009426845237612724,0.5222692793565401,215.82469723631323
5475,0,normal,0.004739827010780573,0.5183136497074948,215.79227640580848
5476,0,normal,0.002676604315638542,0.5180746218681539,215.881517146217
5477,0,normal,0.0020579141564667225,0.5287844070007569,215.88988958620837
5478,0,normal,0.0020912596955895424,0.5240239826387261,216.0863458911782
5479,0,normal,0.002351494040340185,0.524737438936842,216.29998420265952
5480,0,normal,0.0026440878864377737,0.5235409004331542,216.4806529267579
5481,0,normal,0.0028969021514058113,0.5334257229231604,216.91691477938184
5482,0,normal,0.0030940831638872623,0.5201044026939051,217.580827313054
5483,0,normal,0.003241124330088496,0.5332600084017293,218.48733924745295
5484,0,normal,0.0033488781191408634,0.5440743323922151,219.73774964364213
5485,0,normal,0.0034274922218173742,0.508459033153021,221.05926756626775
5486,0,normal,0.003479753853753209,0.49171510002608276,198.7175991477592
5487,0,normal,0.0035235637333244085,0.5007901499081936,199.26900087411127
5488,0,normal,0.003558640368282795,0.49101152836055534,190.65693617992315
5489,0,normal,0.0036175930872559547,0.453175847430581,136.14305485938883
5490,0,normal,0.0036183292977511883,0.44062837222612683,92.26133950388544
5491,0,normal,0.0036175698041915894,0.4062641393746374,46.62449129634206
5492,0,normal,0.003619321621954441,0.38245116998079837,-1.23660634960288
5493,0,normal,0.003623459953814745,0.38443891268410746,0.059434552937318585
5494,0,normal,0.003630782477557659,0.3782187498282834,-1.2936971850203918
5495,0,normal,0.003639875678345561,0.3593952996456775,-3.1608835350464233
5496,0,normal,0.003649401245638728,0.36098818851952685,-5.3518590174167
5497,0,normal,0.0036583084147423506,0.36548012337178276,-7.65189551263893
5498,0,normal,0.0039550261572003365,0.33115966225930094,-36.74507637346824
5499,0,normal,0.003686480689793825,0.33044303176951645,-39.71557456982896
5500,0,normal,0.003641948103904724,0.31943547382507487,-46.30578268375643
5501,0,normal,0.003633546642959118,0.3096727090336867,-55.92076496583536
5502,0,normal,0.003633546642959118,0.3096727090336867,-55.92076496583536
5503,0,normal,0.003633546642959118,0.3096727090336867,-55.92076496583536
5504,0,normal,0.003633546642959118,0.3096727090336867,-55.92076496583536
5505,0,normal,7.446736812591553,0.3327723903507506,-25.396538748026387
5506,0,normal,0.024049285799264908,0.34526934004162135,-25.028403384608282
5507,0,normal,0.7673487067222595,0.33332755808375913,-24.89408685854619
5508,0,normal,1.1006579399108887,0.36572261448992693,0.4447996297874397
5509,0,normal,0.09419464319944382,0.3725552346915819,1.400157706245409
5510,0,normal,0.15367203950881958,0.3823708369943239,2.98283730764183
5511,0,normal,10.317924499511719,0.4027962867329947,50.24427050878967
5512,0,normal,0.2516067624092102,0.4069290629123716,51.7252270828792
5513,0,normal,0.29619118571281433,0.41809096748921215,53.27223057827632
5514,0,normal,4.0901198387146,0.4399983427445898,77.8184096644552
5515,0,normal,0.18064001202583313,0.4550969648720246,79.14068947363103
5516,0,normal,0.3257347345352173,0.43952971946960595,79.94543551865513
5517,0,normal,1.872240662574768,0.44625333109767074,93.0292375684487
5518,0,normal,0.037304434925317764,0.4694825408875579,93.07366585935551
5519,0,normal,0.010011501610279083,0.4720610076879406,93.10329587432693
5520,0,normal,0.004560455679893494,0.46016438644489693,92.83377426027414
5521,0,normal,0.0026902509853243828,0.46830391813367006,92.82461402119452
5522,0,normal,0.0017153708031401038,0.44941399091126005,92.9190239993302
5523,0,normal,0.001443958841264248,0.4604765633569993,92.97408195150024
5524,0,normal,0.0015982238110154867,0.455337588890327,93.07011609785718
5525,0,normal,0.0019304297165945172,0.4502052140715579,93.08161082152174
5526,0,normal,0.002287621609866619,0.4568641844281575,93.03199740202763
5527,0,normal,0.002599456114694476,0.4643588365862169,93.23311235597612
5528,0,normal,0.0028471031691879034,0.44542682093365243,93.48381057314555
5529,0,normal,0.0030362121760845184,0.47057722699845134,93.5828664133885
5530,0,normal,0.0031798677518963814,0.46690640052589827,93.87182098282005
5531,0,normal,0.0032904078252613544,0.4654069752497945,94.42911550149256
5532,0,normal,0.003376895096153021,0.46601037912227505,94.86970167495429
5533,0,normal,0.003445269772782922,0.4793281461841406,96.04182328133197
5534,0,normal,0.0034993216395378113,0.4653002752373177,97.28824182078165
5535,0,normal,0.003542224643751979,0.4181820382786674,71.66059287958319
5536,0,normal,0.0035746225621551275,0.4267090842124079,72.43161954598122
5537,0,normal,0.003597458591684699,0.4301137054748374,73.47251779415728
5538,0,normal,0.0036067888140678406,0.40570811394882383,47.57066304720411
5539,0,normal,0.0036173351109027863,0.4090162044335608,46.64654201670237
5540,0,normal,0.003628605045378208,0.39059993948746374,45.480701845712474
5541,0,normal,0.0036408226005733013,0.3641361477840387,-2.4829723351876964
5542,0,normal,0.003652342827990651,0.3639291139857676,-4.623436308119608
5543,0,normal,0.003662815084680915,0.36634143484954446,-6.822402937674724
5544,0,normal,0.003953165374696255,0.33352819632597686,-35.82494627950041
5545,0,normal,0.003709906479343772,0.334075818850491,-38.713175489268
5546,0,normal,0.0036517223343253136,0.3244223582001283,-40.35490542327784
5547,0,normal,0.003633546642959118,0.3096727090336867,-55.92076496583536
5548,0,normal,0.003633546642959118,0.3096727090336867,-55.92076496583536
5549,0,normal,0.003633546642959118,0.3096727090336867,-55.92076496583536
5550,0,normal,0.003633546642959118,0.3096727090336867,-55.92076496583536
5551,0,normal,0.003633546642959118,0.3096727090336867,-55.92076496583536
5552,0,normal,0.003633546642959118,0.3096727090336867,-55.92076496583536
5553,0,normal,7.446736812591553,0.3327723903507506,-25.396538748026387
5554,0,normal,0.024049285799264908,0.34526934004162135,-25.028403384608282
5555,0,normal,0.7673487067222595,0.33332755808375913,-24.89408685854619
5556,0,normal,1.1006579399108887,0.36572261448992693,0.4447996297874397
5557,0,normal,0.09419464319944382,0.3725552346915819,1.400157706245409
5558,0,normal,0.15367203950881958,0.3823708369943239,2.98283730764183
5559,0,normal,0.1598806530237198,0.37190012490874497,4.632717122918621
5560,0,normal,0.14521148800849915,0.3839311558644685,6.247074796781362
5561,0,normal,0.1227327212691307,0.397916421056408,7.87080842962564
5562,0,normal,0.1468804031610489,0.39218847629388537,9.52868530220735
5563,0,normal,0.36440595984458923,0.41846984947749916,11.198876561416682
5564,0,normal,1.1706805229187012,0.4054827478953717,12.87058070332273
5565,0,normal,1.0491929054260254,0.43394617668114793,38.514092294203465
5566,0,normal,0.2433062195777893,0.4326941588772423,39.178350712777046
5567,0,normal,0.5562387704849243,0.4408352442986343,39.50359686495585
5568,0,normal,1.8516271114349365,0.442567159263748,53.029477575486
5569,0,normal,0.020628783851861954,0.4581155569600586,53.02211401905902
5570,0,normal,0.006389944348484278,0.47411648628379255,53.0402650928163
5571,0,normal,0.004287742078304291,0.45805056776448855,52.667731934532185
5572,0,normal,0.0029420736245810986,0.45905109563245555,52.60802796084249
5573,0,normal,0.002214152831584215,0.45209953999973224,52.78910136310628
5574,0,normal,0.0020388904958963394,0.46006853686358873,52.804251758318514
5575,0,normal,0.0021695150062441826,0.4662253626105377,53.07228745630755
5576,0,normal,0.002402739366516471,0.43973613798952077,53.32534476994579
5577,0,normal,0.002632464747875929,0.4498559672858888,53.501243032137836
5578,0,normal,0.0028239483945071697,0.4516103242661064,53.82297470986259
5579,0,normal,0.0029771924018859863,0.4505320113356631,54.36793451896369
5580,0,normal,0.0031021719332784414,0.45627093313598893,54.89810497138683
5581,0,normal,0.0032076267525553703,0.47182634197135503,56.008680703227355
5582,0,normal,0.003298419527709484,0.44997326196598825,57.114696933237155
5583,0,normal,0.0033812783658504486,0.42981224823984876,30.44715377985858
5584,0,normal,0.0034469813108444214,0.44076729356675837,30.838708784525807
5585,0,normal,0.003499735612422228,0.4308846014730609,31.517776461525727
5586,0,normal,0.0036230231635272503,0.3971160855577029,4.477117809150968
5587,0,normal,0.0036130216903984547,0.39768320456187617,2.9417949986557232
5588,0,normal,0.003609834937378764,0.39766329764289327,1.6173622585292833
5589,0,normal,0.0036136566195636988,0.38629318553052655,0.012012156444598077
5590,0,normal,0.003622204065322876,0.38310295710107245,-0.9871109221721781
5591,0,normal,0.003632980864495039,0.3736246735242293,-2.33928708677945
5592,0,normal,0.0036444813013076782,0.3594562360967001,-4.256986768805973
5593,0,normal,0.0036564101465046406,0.3609762994309262,-6.553560324068485
5594,0,normal,0.00366761046461761,0.3599818491799063,-8.900247605360846
5595,0,normal,0.003919631242752075,0.32500300904843643,-38.12617758680449
5596,0,normal,0.0036870092153549194,0.33191875848336316,-39.71664020146909
5597,0,normal,0.0036517223343253136,0.3244223582001283,-40.35490542327784
5598,0,normal,0.003633546642959118,0.3096727090336867,-55.92076496583536
5599,0,normal,0.003633546642959118,0.3096727090336867,-55.92076496583536
5600,0,normal,0.003633546642959118,0.3096727090336867,-55.92076496583536
5601,0,normal,0.003633546642959118,0.3096727090336867,-55.92076496583536
5602,0,normal,0.003633546642959118,0.3096727090336867,-55.92076496583536
5603,0,normal,0.003633546642959118,0.3096727090336867,-55.92076496583536
5604,0,normal,0.003633546642959118,0.3096727090336867,-55.92076496583536
5605,0,normal,0.003633546642959118,0.3096727090336867,-55.92076496583536
5606,0,normal,0.003633546642959118,0.3096727090336867,-55.92076496583536
5607,0,normal,0.003633546642959118,0.3096727090336867,-55.92076496583536
5608,0,normal,0.003633546642959118,0.3096727090336867,-55.92076496583536
5609,0,normal,0.003633546642959118,0.3096727090336867,-55.92076496583536
5610,1,contextual,1.4912078380584717,0.31688232724068643,-49.87922324010174
5611,1,contextual,3.4390456676483154,0.33820855842677894,-38.54141413914613
5612,1,contextual,0.7657718062400818,0.3399778188098437,-36.917776247582196
5613,1,contextual,14.75147533416748,0.3855488421218898,27.193416161486994
5614,1,contextual,4.354029655456543,0.40725263089805597,46.034187146717386
5615,1,contextual,1.179582953453064,0.40977092808820115,45.61113316909541
5616,1,contextual,1.997912049293518,0.38734999040047136,44.71964006829535
5617,1,contextual,2.9262523651123047,0.3935273768709685,44.08582558204171
5618,1,contextual,3.691091775894165,0.41033651435126295,43.91630727614256
5619,1,contextual,4.205008506774902,0.40476573778929686,43.91960875967925
5620,1,contextual,4.519237518310547,0.4075793808181807,43.92972956934
5621,1,contextual,4.712541103363037,0.3970214562504327,43.93952865558185
5622,1,contextual,4.838057994842529,0.38605286760678925,43.92013434539081
5623,1,contextual,4.924642086029053,0.4084527495420112,43.89436032927324
5624,1,contextual,4.987248420715332,0.3957382571792863,43.81947391745939
5625,1,contextual,5.033924102783203,0.4022680440124312,43.65730906552608
5626,1,contextual,5.069366455078125,0.4044998554811574,43.57192101792816
5627,1,contextual,5.096560001373291,0.4113766172774719,43.41991683258948
5628,1,contextual,5.117551803588867,0.4240167877908891,43.29551937223323
5629,1,contextual,5.13380765914917,0.41331627436961144,43.151158570768985
5630,1,contextual,5.146416187286377,0.4118790994518765,43.04860064861964
5631,1,contextual,5.1561994552612305,0.4231288851879411,42.90024526234879
5632,1,contextual,5.163778305053711,0.4149780810369414,42.83266221249937
5633,1,contextual,5.169633865356445,0.41174067308033246,42.928596529968445
5634,1,contextual,5.17413854598999,0.41364842868966256,43.12298952174524
5635,1,contextual,5.177581787109375,0.4197086582974097,43.3929131689581
5636,1,contextual,5.180202484130859,0.40769911060389136,44.25233093603106
5637,1,contextual,5.182210922241211,0.4113135469189905,44.9698309593191
5638,1,contextual,5.183797359466553,0.41338344928654636,45.812912965355736
5639,1,contextual,5.185121536254883,0.4090846790805404,46.76774462186859
5640,1,contextual,5.18272590637207,0.42161333556396907,42.053278222143035
5641,1,contextual,5.191018104553223,0.4124635955095266,31.34065199893257
5642,1,contextual,5.1915202140808105,0.4155417199071943,28.886469950998617
5643,1,contextual,5.190785884857178,0.38604923350832043,-36.03895508006076
5644,1,contextual,5.19352912902832,0.3617938296980292,-58.32366690504978
5645,1,contextual,5.19352912902832,0.3617938296980292,-58.32366690504978
5646,1,contextual,5.19352912902832,0.3617938296980292,-58.32366690504978
5647,1,contextual,5.19352912902832,0.3617938296980292,-58.32366690504978
5648,1,contextual,5.19352912902832,0.3617938296980292,-58.32366690504978
5649,1,contextual,5.19352912902832,0.3617938296980292,-58.32366690504978
5650,1,contextual,5.19352912902832,0.3617938296980292,-58.32366690504978
5651,1,contextual,5.19352912902832,0.3617938296980292,-58.32366690504978
5652,1,contextual,5.19352912902832,0.3617938296980292,-58.32366690504978
5653,1,contextual,5.19352912902832,0.3617938296980292,-58.32366690504978
5654,1,contextual,5.19352912902832,0.3617938296980292,-58.32366690504978
5655,1,contextual,5.19352912902832,0.3617938296980292,-58.32366690504978
5656,1,contextual,5.19352912902832,0.3617938296980292,-58.32366690504978
5657,1,contextual,5.19352912902832,0.3617938296980292,-58.32366690504978
5658,1,contextual,5.19352912902832,0.3617938296980292,-58.32366690504978
5659,1,contextual,5.19352912902832,0.3617938296980292,-58.32366690504978
5660,1,contextual,5.19352912902832,0.3617938296980292,-58.32366690504978
5661,1,contextual,5.19352912902832,0.3617938296980292,-58.32366690504978
5662,1,contextual,5.19352912902832,0.3617938296980292,-58.32366690504978
5663,1,contextual,5.19352912902832,0.3617938296980292,-58.32366690504978
5664,1,contextual,5.19352912902832,0.3617938296980292,-58.32366690504978
5665,1,contextual,5.19352912902832,0.3617938296980292,-58.32366690504978
5666,1,contextual,5.19352912902832,0.3617938296980292,-58.32366690504978
5667,1,contextual,5.19352912902832,0.3617938296980292,-58.32366690504978
5668,1,contextual,5.19352912902832,0.3617938296980292,-58.32366690504978
5669,1,contextual,5.19352912902832,0.3617938296980292,-58.32366690504978
5670,1,contextual,5.19352912902832,0.3617938296980292,-58.32366690504978
5671,1,contextual,5.19352912902832,0.3617938296980292,-58.32366690504978
5672,1,contextual,5.19352912902832,0.3617938296980292,-58.32366690504978
5673,1,contextual,5.19352912902832,0.3617938296980292,-58.32366690504978
5674,1,contextual,5.19352912902832,0.3617938296980292,-58.32366690504978
5675,1,contextual,5.19352912902832,0.3617938296980292,-58.32366690504978
5676,1,contextual,5.19352912902832,0.3617938296980292,-58.32366690504978
5677,1,contextual,5.19352912902832,0.3617938296980292,-58.32366690504978
5678,1,contextual,5.19352912902832,0.3617938296980292,-58.32366690504978
5679,1,contextual,5.19352912902832,0.3617938296980292,-58.32366690504978
5680,1,contextual,5.19352912902832,0.3617938296980292,-58.32366690504978
5681,1,contextual,5.19352912902832,0.3617938296980292,-58.32366690504978
5682,1,contextual,5.19352912902832,0.3617938296980292,-58.32366690504978
5683,1,contextual,5.19352912902832,0.3617938296980292,-58.32366690504978
5684,1,contextual,5.19352912902832,0.3617938296980292,-58.32366690504978
5685,1,contextual,5.19352912902832,0.3617938296980292,-58.32366690504978
5686,1,contextual,5.19352912902832,0.3617938296980292,-58.32366690504978
5687,1,contextual,5.19352912902832,0.3617938296980292,-58.32366690504978
5688,1,contextual,5.19352912902832,0.3617938296980292,-58.32366690504978
5689,1,contextual,5.19352912902832,0.3617938296980292,-58.32366690504978
5690,1,contextual,5.19352912902832,0.3617938296980292,-58.32366690504978
5691,1,contextual,5.19352912902832,0.3617938296980292,-58.32366690504978
5692,1,contextual,5.19352912902832,0.3617938296980292,-58.32366690504978
5693,1,contextual,5.19352912902832,0.3617938296980292,-58.32366690504978
5694,1,contextual,5.19352912902832,0.3617938296980292,-58.32366690504978
5695,1,contextual,5.19352912902832,0.3617938296980292,-58.32366690504978
5696,1,contextual,5.19352912902832,0.3617938296980292,-58.32366690504978
5697,1,contextual,5.19352912902832,0.3617938296980292,-58.32366690504978
5698,1,contextual,5.19352912902832,0.3617938296980292,-58.32366690504978
5699,1,contextual,5.19352912902832,0.3617938296980292,-58.32366690504978
5700,1,contextual,5.19352912902832,0.3617938296980292,-58.32366690504978
5701,1,contextual,5.19352912902832,0.3617938296980292,-58.32366690504978
5702,1,contextual,5.19352912902832,0.3617938296980292,-58.32366690504978
5703,1,contextual,5.19352912902832,0.3617938296980292,-58.32366690504978
5704,1,contextual,5.19352912902832,0.3617938296980292,-58.32366690504978
5705,1,contextual,5.19352912902832,0.3617938296980292,-58.32366690504978
5706,1,contextual,5.19352912902832,0.3617938296980292,-58.32366690504978
5707,1,contextual,5.19352912902832,0.3617938296980292,-58.32366690504978
5708,1,contextual,5.19352912902832,0.3617938296980292,-58.32366690504978
5709,1,contextual,5.19352912902832,0.3617938296980292,-58.32366690504978
5710,1,contextual,5.19352912902832,0.3617938296980292,-58.32366690504978
5711,1,contextual,5.19352912902832,0.3617938296980292,-58.32366690504978
5712,1,contextual,5.19352912902832,0.3617938296980292,-58.32366690504978
5713,1,contextual,5.19352912902832,0.3617938296980292,-58.32366690504978
5714,1,contextual,5.19352912902832,0.3617938296980292,-58.32366690504978
5715,1,contextual,5.19352912902832,0.3617938296980292,-58.32366690504978
5716,1,contextual,5.19352912902832,0.3617938296980292,-58.32366690504978
5717,1,contextual,5.19352912902832,0.3617938296980292,-58.32366690504978
5718,1,contextual,5.19352912902832,0.3617938296980292,-58.32366690504978
5719,1,contextual,5.19352912902832,0.3617938296980292,-58.32366690504978
5720,1,contextual,5.19352912902832,0.3617938296980292,-58.32366690504978
5721,1,contextual,5.19352912902832,0.3617938296980292,-58.32366690504978
5722,1,contextual,5.19352912902832,0.3617938296980292,-58.32366690504978
5723,1,contextual,5.19352912902832,0.3617938296980292,-58.32366690504978
5724,1,contextual,5.19352912902832,0.3617938296980292,-58.32366690504978
5725,1,contextual,5.19352912902832,0.3617938296980292,-58.32366690504978
5726,1,contextual,5.19352912902832,0.3617938296980292,-58.32366690504978
5727,1,contextual,5.19352912902832,0.3617938296980292,-58.32366690504978
5728,1,contextual,5.19352912902832,0.3617938296980292,-58.32366690504978
5729,1,contextual,5.19352912902832,0.3617938296980292,-58.32366690504978
5730,1,contextual,5.19352912902832,0.3617938296980292,-58.32366690504978
5731,1,contextual,5.19352912902832,0.3617938296980292,-58.32366690504978
5732,1,contextual,5.19352912902832,0.3617938296980292,-58.32366690504978
5733,1,contextual,5.19352912902832,0.3617938296980292,-58.32366690504978
5734,1,contextual,5.19352912902832,0.3617938296980292,-58.32366690504978
5735,1,contextual,5.19352912902832,0.3617938296980292,-58.32366690504978
5736,1,contextual,5.19352912902832,0.3617938296980292,-58.32366690504978
5737,1,contextual,5.19352912902832,0.3617938296980292,-58.32366690504978
5738,1,contextual,5.19352912902832,0.3617938296980292,-58.32366690504978
5739,1,contextual,5.19352912902832,0.3617938296980292,-58.32366690504978
5740,1,contextual,5.19352912902832,0.3617938296980292,-58.32366690504978
5741,1,contextual,5.19352912902832,0.3617938296980292,-58.32366690504978
5742,1,contextual,5.19352912902832,0.3617938296980292,-58.32366690504978
5743,1,contextual,5.19352912902832,0.3617938296980292,-58.32366690504978
5744,1,contextual,5.19352912902832,0.3617938296980292,-58.32366690504978
5745,1,contextual,5.19352912902832,0.3617938296980292,-58.32366690504978
5746,1,contextual,5.19352912902832,0.3617938296980292,-58.32366690504978
5747,1,contextual,5.19352912902832,0.3617938296980292,-58.32366690504978
5748,1,contextual,5.19352912902832,0.3617938296980292,-58.32366690504978
5749,1,contextual,5.19352912902832,0.3617938296980292,-58.32366690504978
5750,1,contextual,5.19352912902832,0.3617938296980292,-58.32366690504978
5751,1,contextual,5.19352912902832,0.3617938296980292,-58.32366690504978
5752,1,contextual,5.19352912902832,0.3617938296980292,-58.32366690504978
5753,1,contextual,5.19352912902832,0.3617938296980292,-58.32366690504978
5754,1,contextual,5.19352912902832,0.3617938296980292,-58.32366690504978
5755,1,contextual,5.19352912902832,0.3617938296980292,-58.32366690504978
5756,1,contextual,5.19352912902832,0.3617938296980292,-58.32366690504978
5757,1,contextual,5.19352912902832,0.3617938296980292,-58.32366690504978
5758,1,contextual,5.19352912902832,0.3617938296980292,-58.32366690504978
5759,1,contextual,5.19352912902832,0.3617938296980292,-58.32366690504978
5760,1,contextual,5.19352912902832,0.3617938296980292,-58.32366690504978
5761,1,contextual,5.19352912902832,0.3617938296980292,-58.32366690504978
5762,1,contextual,5.19352912902832,0.3617938296980292,-58.32366690504978
5763,1,contextual,5.19352912902832,0.3617938296980292,-58.32366690504978
5764,1,contextual,5.19352912902832,0.3617938296980292,-58.32366690504978
5765,1,contextual,5.19352912902832,0.3617938296980292,-58.32366690504978
5766,1,contextual,5.19352912902832,0.3617938296980292,-58.32366690504978
5767,1,contextual,5.19352912902832,0.3617938296980292,-58.32366690504978
5768,1,contextual,5.19352912902832,0.3617938296980292,-58.32366690504978
5769,1,contextual,5.19352912902832,0.3617938296980292,-58.32366690504978
5770,1,contextual,5.19352912902832,0.3617938296980292,-58.32366690504978
5771,1,contextual,5.19352912902832,0.3617938296980292,-58.32366690504978
5772,1,contextual,5.19352912902832,0.3617938296980292,-58.32366690504978
5773,1,contextual,5.19352912902832,0.3617938296980292,-58.32366690504978
5774,1,contextual,5.19352912902832,0.3617938296980292,-58.32366690504978
5775,1,contextual,5.19352912902832,0.3617938296980292,-58.32366690504978
5776,1,contextual,5.19352912902832,0.3617938296980292,-58.32366690504978
5777,1,contextual,5.19352912902832,0.3617938296980292,-58.32366690504978
5778,1,contextual,5.19352912902832,0.3617938296980292,-58.32366690504978
5779,1,contextual,5.19352912902832,0.3617938296980292,-58.32366690504978
5780,1,contextual,5.19352912902832,0.3617938296980292,-58.32366690504978
5781,1,contextual,5.19352912902832,0.3617938296980292,-58.32366690504978
5782,1,contextual,5.19352912902832,0.3617938296980292,-58.32366690504978
5783,1,contextual,5.19352912902832,0.3617938296980292,-58.32366690504978
5784,1,contextual,5.19352912902832,0.3617938296980292,-58.32366690504978
5785,1,contextual,5.19352912902832,0.3617938296980292,-58.32366690504978
5786,1,contextual,5.19352912902832,0.3617938296980292,-58.32366690504978
5787,1,contextual,5.19352912902832,0.3617938296980292,-58.32366690504978
5788,1,contextual,5.19352912902832,0.3617938296980292,-58.32366690504978
5789,1,contextual,5.19352912902832,0.3617938296980292,-58.32366690504978
5790,1,contextual,5.19352912902832,0.3617938296980292,-58.32366690504978
5791,1,contextual,5.19352912902832,0.3617938296980292,-58.32366690504978
5792,1,contextual,5.19352912902832,0.3617938296980292,-58.32366690504978
5793,1,contextual,5.19352912902832,0.3617938296980292,-58.32366690504978
5794,1,contextual,5.19352912902832,0.3617938296980292,-58.32366690504978
5795,1,contextual,5.19352912902832,0.3617938296980292,-58.32366690504978
5796,1,contextual,5.19352912902832,0.3617938296980292,-58.32366690504978
5797,1,contextual,5.19352912902832,0.3617938296980292,-58.32366690504978
5798,1,contextual,5.19352912902832,0.3617938296980292,-58.32366690504978
5799,1,contextual,5.19352912902832,0.3617938296980292,-58.32366690504978
5800,1,contextual,5.19352912902832,0.3617938296980292,-58.32366690504978
5801,1,contextual,5.19352912902832,0.3617938296980292,-58.32366690504978
5802,1,contextual,5.19352912902832,0.3617938296980292,-58.32366690504978
5803,1,contextual,5.19352912902832,0.3617938296980292,-58.32366690504978
5804,1,contextual,5.19352912902832,0.3617938296980292,-58.32366690504978
5805,1,contextual,5.19352912902832,0.3617938296980292,-58.32366690504978
5806,1,contextual,5.19352912902832,0.3617938296980292,-58.32366690504978
5807,1,contextual,5.19352912902832,0.3617938296980292,-58.32366690504978
5808,1,contextual,5.19352912902832,0.3617938296980292,-58.32366690504978
5809,1,contextual,5.19352912902832,0.3617938296980292,-58.32366690504978
5810,1,contextual,5.19352912902832,0.3617938296980292,-58.32366690504978
5811,1,contextual,5.19352912902832,0.3617938296980292,-58.32366690504978
5812,1,contextual,5.19352912902832,0.3617938296980292,-58.32366690504978
5813,1,contextual,5.19352912902832,0.3617938296980292,-58.32366690504978
5814,1,contextual,5.19352912902832,0.3617938296980292,-58.32366690504978
5815,1,contextual,5.19352912902832,0.3617938296980292,-58.32366690504978
5816,1,contextual,5.19352912902832,0.3617938296980292,-58.32366690504978
5817,1,contextual,5.19352912902832,0.3617938296980292,-58.32366690504978
5818,1,contextual,5.19352912902832,0.3617938296980292,-58.32366690504978
5819,1,contextual,5.19352912902832,0.3617938296980292,-58.32366690504978
5820,1,contextual,5.19352912902832,0.3617938296980292,-58.32366690504978
5821,1,contextual,5.19352912902832,0.3617938296980292,-58.32366690504978
5822,1,contextual,5.19352912902832,0.3617938296980292,-58.32366690504978
5823,1,contextual,5.19352912902832,0.3617938296980292,-58.32366690504978
5824,1,contextual,5.19352912902832,0.3617938296980292,-58.32366690504978
5825,1,contextual,5.19352912902832,0.3617938296980292,-58.32366690504978
5826,1,contextual,5.19352912902832,0.3617938296980292,-58.32366690504978
5827,1,contextual,5.19352912902832,0.3617938296980292,-58.32366690504978
5828,1,contextual,5.19352912902832,0.3617938296980292,-58.32366690504978
5829,1,contextual,5.19352912902832,0.3617938296980292,-58.32366690504978
5830,1,contextual,5.19352912902832,0.3617938296980292,-58.32366690504978
5831,1,contextual,5.19352912902832,0.3617938296980292,-58.32366690504978
5832,1,contextual,5.19352912902832,0.3617938296980292,-58.32366690504978
5833,1,contextual,5.19352912902832,0.3617938296980292,-58.32366690504978
5834,1,contextual,5.53257942199707,0.35998567477308163,-58.26333327973657
5835,1,contextual,5.158934593200684,0.3584202264294493,-58.15592825013937
5836,1,contextual,4.909189224243164,0.3570982936697873,-58.00727121895079
5837,1,contextual,4.698585033416748,0.3558828524333499,-57.85179139945308
5838,1,contextual,4.498529434204102,0.3553128412660149,-57.70229806073053
5839,1,contextual,4.298224449157715,0.35527976945225936,-57.559689672046716
5840,1,contextual,4.092710971832275,0.3539832672758105,-57.42320050979811
5841,1,contextual,3.722398042678833,0.3546114871560341,-56.89376397182309
5842,1,contextual,4.193801403045654,0.3546099538006389,-56.440150246835174
5843,1,contextual,4.576687812805176,0.35665969544753995,-56.053101455615206
5844,1,contextual,4.848188877105713,0.3573900320682911,-55.67986114825976
5845,1,contextual,5.032773494720459,0.3576685196469584,-55.300468442789
5846,1,contextual,5.15734338760376,0.35183346896340484,-54.912584784031196
5847,1,contextual,5.24190092086792,0.3518977338220026,-54.51693530948023
5848,1,contextual,5.299921035766602,0.35674596728874614,-54.11381082409753
5849,1,contextual,5.340219497680664,0.3546173222501381,-53.70495901977006
5850,1,contextual,5.368535041809082,0.35517624163057704,-53.2899731186219
5851,1,contextual,5.388632297515869,0.3565140681570417,-52.86984990516953
5852,1,contextual,5.403020858764648,0.3575472738761934,-52.44432303547046
5853,1,contextual,5.4133992195129395,0.36155601143692556,-52.01567402647265
5854,1,contextual,5.420945167541504,0.3626708433302032,-51.592701286613874
5855,1,contextual,5.877134799957275,0.3591497185902437,-51.56370589223184
5856,1,contextual,5.406230926513672,0.35680425756633877,-51.48776707154548
5857,1,contextual,5.12753963470459,0.35715612639868377,-51.39164358481776
5858,1,contextual,4.907823085784912,0.3551172014236651,-51.32955064470343
5859,1,contextual,4.7072672843933105,0.3544030538761428,-51.32291413767939
5860,1,contextual,4.518334865570068,0.3559685450885441,-51.37535437003385
5861,1,contextual,4.328524112701416,0.3603378419091512,-51.47292279907401
5862,1,contextual,4.133285999298096,0.3537271663397238,-51.61127835899424
5863,1,contextual,3.931670665740967,0.3538955888296276,-51.76827289493872
5864,1,contextual,3.7229702472686768,0.35526676193625045,-51.668706516810744
5865,1,contextual,3.50858211517334,0.3568157935160084,-51.513104846416354
5866,1,contextual,3.28965163230896,0.35802818342718684,-51.29905940988442
5867,1,contextual,3.0678629875183105,0.3567451758604521,-51.019221059231995
5868,1,contextual,2.8450820446014404,0.3536634871319398,-50.6732122096912
5869,1,contextual,2.6229195594787598,0.35627485876270354,-50.25977198147416
5870,1,contextual,2.4023375511169434,0.3541625435590913,-49.77717208143599
5871,1,contextual,2.1663286685943604,0.3495039094457087,-50.068524997685245
5872,1,contextual,1.9280942678451538,0.346588016791911,-50.35547121823606
5873,1,contextual,1.684409260749817,0.3445809454825337,-50.63672038443883
5874,1,contextual,1.429734468460083,0.3407873826010352,-50.914039920540745
5875,1,contextual,1.155687689781189,0.33559994536579646,-51.2004391157036
5876,1,contextual,0.8515126705169678,0.3315429714634221,-51.49921676544341
5877,1,contextual,0.512340784072876,0.328136458606178,-51.83016444939972
5878,1,contextual,0.185979425907135,0.32373602898341985,-52.21825828864576
5879,1,contextual,0.02311873994767666,0.3211338380279439,-52.6677486805911
5880,1,contextual,0.00401090644299984,0.3190407749139017,-53.18024819742368
5881,1,contextual,0.0037993404548615217,0.31627903918919126,-53.761866792584215
5882,1,contextual,0.003641637973487377,0.31504817700892873,-54.4124083062527
5883,1,contextual,0.0036341026425361633,0.31148745426739555,-55.131991057525056
5884,1,contextual,0.003633546642959118,0.3096727090336867,-55.92076496583536
5885,1,contextual,0.003633546642959118,0.3096727090336867,-55.92076496583536
5886,1,contextual,0.003633546642959118,0.3096727090336867,-55.92076496583536
5887,1,contextual,0.003633546642959118,0.3096727090336867,-55.92076496583536
5888,1,contextual,0.003633546642959118,0.3096727090336867,-55.92076496583536
5889,1,contextual,0.003633546642959118,0.3096727090336867,-55.92076496583536
5890,1,contextual,0.003633546642959118,0.3096727090336867,-55.92076496583536
5891,1,contextual,0.003633546642959118,0.3096727090336867,-55.92076496583536
5892,1,contextual,0.003633546642959118,0.3096727090336867,-55.92076496583536
5893,1,contextual,0.003633546642959118,0.3096727090336867,-55.92076496583536
5894,1,contextual,0.003633546642959118,0.3096727090336867,-55.92076496583536
5895,1,contextual,0.003633546642959118,0.3096727090336867,-55.92076496583536
5896,1,contextual,0.003633546642959118,0.3096727090336867,-55.92076496583536
5897,1,contextual,0.003633546642959118,0.3096727090336867,-55.92076496583536
5898,1,contextual,0.003633546642959118,0.3096727090336867,-55.92076496583536
5899,1,contextual,0.003633546642959118,0.3096727090336867,-55.92076496583536
5900,1,contextual,0.003633546642959118,0.3096727090336867,-55.92076496583536
5901,1,contextual,0.003633546642959118,0.3096727090336867,-55.92076496583536
5902,1,contextual,0.003633546642959118,0.3096727090336867,-55.92076496583536
5903,1,contextual,0.003633546642959118,0.3096727090336867,-55.92076496583536
5904,1,contextual,0.003633546642959118,0.3096727090336867,-55.92076496583536
5905,1,contextual,0.003633546642959118,0.3096727090336867,-55.92076496583536
5906,1,contextual,0.003633546642959118,0.3096727090336867,-55.92076496583536
5907,1,contextual,0.003633546642959118,0.3096727090336867,-55.92076496583536
5908,1,contextual,0.003633546642959118,0.3096727090336867,-55.92076496583536
5909,1,contextual,0.003633546642959118,0.3096727090336867,-55.92076496583536
5910,1,contextual,0.003633546642959118,0.3096727090336867,-55.92076496583536
5911,1,contextual,0.003633546642959118,0.3096727090336867,-55.92076496583536
5912,1,contextual,0.003633546642959118,0.3096727090336867,-55.92076496583536
5913,1,contextual,0.003633546642959118,0.3096727090336867,-55.92076496583536
5914,1,contextual,0.003633546642959118,0.3096727090336867,-55.92076496583536
5915,1,contextual,0.003633546642959118,0.3096727090336867,-55.92076496583536
5916,1,contextual,0.003633546642959118,0.3096727090336867,-55.92076496583536
5917,1,contextual,0.003633546642959118,0.3096727090336867,-55.92076496583536
5918,1,contextual,0.003633546642959118,0.3096727090336867,-55.92076496583536
5919,1,contextual,0.003633546642959118,0.3096727090336867,-55.92076496583536
5920,1,contextual,0.003633546642959118,0.3096727090336867,-55.92076496583536
5921,1,contextual,0.003633546642959118,0.3096727090336867,-55.92076496583536
5922,1,contextual,0.003633546642959118,0.3096727090336867,-55.92076496583536
5923,1,contextual,0.003633546642959118,0.3096727090336867,-55.92076496583536
5924,1,contextual,0.003633546642959118,0.3096727090336867,-55.92076496583536
5925,1,contextual,0.003633546642959118,0.3096727090336867,-55.92076496583536
5926,1,contextual,0.003633546642959118,0.3096727090336867,-55.92076496583536
5927,1,contextual,0.003633546642959118,0.3096727090336867,-55.92076496583536
5928,1,contextual,0.003633546642959118,0.3096727090336867,-55.92076496583536
5929,1,contextual,0.003633546642959118,0.3096727090336867,-55.92076496583536
5930,1,contextual,0.003633546642959118,0.3096727090336867,-55.92076496583536
5931,1,contextual,0.003633546642959118,0.3096727090336867,-55.92076496583536
5932,1,contextual,0.003633546642959118,0.3096727090336867,-55.92076496583536
5933,1,contextual,0.003633546642959118,0.3096727090336867,-55.92076496583536
5934,1,contextual,0.003633546642959118,0.3096727090336867,-55.92076496583536
5935,1,contextual,0.003633546642959118,0.3096727090336867,-55.92076496583536
5936,1,contextual,0.003633546642959118,0.3096727090336867,-55.92076496583536
5937,1,contextual,0.003633546642959118,0.3096727090336867,-55.92076496583536
5938,1,contextual,0.003633546642959118,0.3096727090336867,-55.92076496583536
5939,1,contextual,0.003633546642959118,0.3096727090336867,-55.92076496583536
5940,1,contextual,0.003633546642959118,0.3096727090336867,-55.92076496583536
5941,1,contextual,0.003633546642959118,0.3096727090336867,-55.92076496583536
5942,1,contextual,0.003633546642959118,0.3096727090336867,-55.92076496583536
5943,1,contextual,0.003633546642959118,0.3096727090336867,-55.92076496583536
5944,1,contextual,0.003633546642959118,0.3096727090336867,-55.92076496583536
5945,1,contextual,0.003633546642959118,0.3096727090336867,-55.92076496583536
5946,1,contextual,0.003633546642959118,0.3096727090336867,-55.92076496583536
5947,1,contextual,0.003633546642959118,0.3096727090336867,-55.92076496583536
5948,1,contextual,0.003633546642959118,0.3096727090336867,-55.92076496583536
5949,1,contextual,0.003633546642959118,0.3096727090336867,-55.92076496583536
5950,1,contextual,0.003633546642959118,0.3096727090336867,-55.92076496583536
5951,1,contextual,0.003633546642959118,0.3096727090336867,-55.92076496583536
5952,1,contextual,0.003633546642959118,0.3096727090336867,-55.92076496583536
5953,1,contextual,0.003633546642959118,0.3096727090336867,-55.92076496583536
5954,1,contextual,0.003633546642959118,0.3096727090336867,-55.92076496583536
5955,1,contextual,0.003633546642959118,0.3096727090336867,-55.92076496583536
5956,1,contextual,0.003633546642959118,0.3096727090336867,-55.92076496583536
5957,1,contextual,0.003633546642959118,0.3096727090336867,-55.92076496583536
5958,1,contextual,0.003633546642959118,0.3096727090336867,-55.92076496583536
5959,1,contextual,0.003633546642959118,0.3096727090336867,-55.92076496583536
5960,1,contextual,0.003633546642959118,0.3096727090336867,-55.92076496583536
5961,1,contextual,0.003633546642959118,0.3096727090336867,-55.92076496583536
5962,1,contextual,0.003633546642959118,0.3096727090336867,-55.92076496583536
5963,1,contextual,0.003633546642959118,0.3096727090336867,-55.92076496583536
5964,1,contextual,0.003633546642959118,0.3096727090336867,-55.92076496583536
5965,1,contextual,0.003633546642959118,0.3096727090336867,-55.92076496583536
5966,1,contextual,0.003633546642959118,0.3096727090336867,-55.92076496583536
5967,1,contextual,0.003633546642959118,0.3096727090336867,-55.92076496583536
5968,1,contextual,0.003633546642959118,0.3096727090336867,-55.92076496583536
5969,1,contextual,0.003633546642959118,0.3096727090336867,-55.92076496583536
5970,1,contextual,0.003633546642959118,0.3096727090336867,-55.92076496583536
5971,1,contextual,0.003633546642959118,0.3096727090336867,-55.92076496583536
5972,1,contextual,0.003633546642959118,0.3096727090336867,-55.92076496583536
5973,1,contextual,0.003633546642959118,0.3096727090336867,-55.92076496583536
5974,1,contextual,0.003633546642959118,0.3096727090336867,-55.92076496583536
5975,1,contextual,0.003633546642959118,0.3096727090336867,-55.92076496583536
5976,1,contextual,0.003633546642959118,0.3096727090336867,-55.92076496583536
5977,1,contextual,0.003633546642959118,0.3096727090336867,-55.92076496583536
5978,1,contextual,0.003633546642959118,0.3096727090336867,-55.92076496583536
5979,1,contextual,0.003633546642959118,0.3096727090336867,-55.92076496583536
5980,1,contextual,0.003633546642959118,0.3096727090336867,-55.92076496583536
5981,1,contextual,0.003633546642959118,0.3096727090336867,-55.92076496583536
5982,1,contextual,0.003633546642959118,0.3096727090336867,-55.92076496583536
5983,1,contextual,0.003633546642959118,0.3096727090336867,-55.92076496583536
5984,1,contextual,0.003633546642959118,0.3096727090336867,-55.92076496583536
5985,1,contextual,0.003633546642959118,0.3096727090336867,-55.92076496583536
5986,1,contextual,0.003633546642959118,0.3096727090336867,-55.92076496583536
5987,1,contextual,0.3463071882724762,0.3134426961514784,-55.5332054067901
5988,1,contextual,0.2761498987674713,0.31384355093332394,-55.21836531664735
5989,1,contextual,0.4048822522163391,0.31672478977918256,-54.96724611258401
5990,1,contextual,1.0591055154800415,0.3173733511827502,-54.727133987939396
5991,1,contextual,2.390503406524658,0.31869037063748856,-54.478247348184595
5992,1,contextual,3.67030668258667,0.31959416361747417,-54.218993589870934
5993,1,contextual,4.462163925170898,0.32154402838045876,-53.95032566944974
5994,1,contextual,4.889982223510742,0.32540216321554727,-53.67317594375845
5995,1,contextual,5.11604118347168,0.3283356114719778,-53.39025869686179
5996,1,contextual,5.239660263061523,0.3294959313404932,-53.1023170549131
5997,1,contextual,5.311432361602783,0.3316770281739238,-52.81041053106787
5998,1,contextual,5.355763912200928,0.3357351087858477,-52.51515990547159
5999,1,contextual,5.828620433807373,0.3396326508652407,-52.59781729008614
6000,1,contextual,5.368959426879883,0.3439385265137049,-52.60925918034627
6001,1,contextual,5.096156120300293,0.3415855497050199,-52.55953315986426
6002,1,contextual,4.881950855255127,0.3427734611584306,-52.50192712217245
6003,1,contextual,4.6849589347839355,0.34591812792032217,-52.457447137891904
6004,1,contextual,4.4916181564331055,0.34831484871426044,-52.42763405632604
6005,1,contextual,4.296518802642822,0.34740020290457263,-52.4127794895071
6006,1,contextual,4.097041130065918,0.34581153510326673,-52.410245015633336
6007,1,contextual,3.891916513442993,0.3487760731371785,-52.404587600100285
6008,1,contextual,3.6808764934539795,0.3488224107713067,-52.39171340263647
6009,1,contextual,3.4645209312438965,0.35098402580707555,-52.35119296000744
6010,1,contextual,3.2441766262054443,0.3539695678762465,-52.25786337057775
6011,1,contextual,3.0216550827026367,0.35151094750579287,-52.10621370427202
6012,1,contextual,2.798919200897217,0.34806416738232376,-51.89411816172628
6013,1,contextual,2.5776805877685547,0.35167944336431456,-51.61445060093547
6014,1,contextual,2.3589823246002197,0.3497330101587494,-51.265823145084596
6015,1,contextual,2.1428513526916504,0.34841693674411983,-50.846292984601405
6016,1,contextual,1.9280942678451538,0.346588016791911,-50.35547121823606
6017,1,contextual,1.684409260749817,0.3445809454825337,-50.63672038443883
6018,1,contextual,1.429734468460083,0.3407873826010352,-50.914039920540745
6019,1,contextual,1.155687689781189,0.33559994536579646,-51.2004391157036
6020,1,contextual,0.8515126705169678,0.3315429714634221,-51.49921676544341
6021,1,contextual,0.512340784072876,0.328136458606178,-51.83016444939972
6022,1,contextual,0.185979425907135,0.32373602898341985,-52.21825828864576
6023,1,contextual,0.02311873994767666,0.3211338380279439,-52.6677486805911
6024,1,contextual,0.00401090644299984,0.3190407749139017,-53.18024819742368
6025,1,contextual,0.0037993404548615217,0.31627903918919126,-53.761866792584215
6026,1,contextual,0.003641637973487377,0.31504817700892873,-54.4124083062527
6027,1,contextual,0.0036341026425361633,0.31148745426739555,-55.131991057525056
6028,1,contextual,0.003633546642959118,0.3096727090336867,-55.92076496583536
6029,1,contextual,0.003633546642959118,0.3096727090336867,-55.92076496583536
6030,1,contextual,0.003633546642959118,0.3096727090336867,-55.92076496583536
6031,1,contextual,0.003633546642959118,0.3096727090336867,-55.92076496583536
6032,1,contextual,0.003633546642959118,0.3096727090336867,-55.92076496583536
6033,1,contextual,0.003633546642959118,0.3096727090336867,-55.92076496583536
6034,1,contextual,0.003633546642959118,0.3096727090336867,-55.92076496583536
6035,1,contextual,0.003633546642959118,0.3096727090336867,-55.92076496583536
6036,1,contextual,0.003633546642959118,0.3096727090336867,-55.92076496583536
6037,1,contextual,0.003633546642959118,0.3096727090336867,-55.92076496583536
6038,1,contextual,0.003633546642959118,0.3096727090336867,-55.92076496583536
6039,1,contextual,0.003633546642959118,0.3096727090336867,-55.92076496583536
6040,1,contextual,0.003633546642959118,0.3096727090336867,-55.92076496583536
6041,1,contextual,0.003633546642959118,0.3096727090336867,-55.92076496583536
6042,1,contextual,0.003633546642959118,0.3096727090336867,-55.92076496583536
6043,1,contextual,0.003633546642959118,0.3096727090336867,-55.92076496583536
6044,1,contextual,0.003633546642959118,0.3096727090336867,-55.92076496583536
6045,1,contextual,0.003633546642959118,0.3096727090336867,-55.92076496583536
6046,1,contextual,0.003633546642959118,0.3096727090336867,-55.92076496583536
6047,1,contextual,0.003633546642959118,0.3096727090336867,-55.92076496583536
6048,1,contextual,0.003633546642959118,0.3096727090336867,-55.92076496583536
6049,1,contextual,0.003633546642959118,0.3096727090336867,-55.92076496583536
6050,1,contextual,0.003633546642959118,0.3096727090336867,-55.92076496583536
6051,1,contextual,0.003633546642959118,0.3096727090336867,-55.92076496583536
6052,1,contextual,0.003633546642959118,0.3096727090336867,-55.92076496583536
6053,1,contextual,0.003633546642959118,0.3096727090336867,-55.92076496583536
6054,1,contextual,0.003633546642959118,0.3096727090336867,-55.92076496583536
6055,1,contextual,0.003633546642959118,0.3096727090336867,-55.92076496583536
6056,1,contextual,0.003633546642959118,0.3096727090336867,-55.92076496583536
6057,1,contextual,0.003633546642959118,0.3096727090336867,-55.92076496583536
6058,1,contextual,0.003633546642959118,0.3096727090336867,-55.92076496583536
6059,1,contextual,0.003633546642959118,0.3096727090336867,-55.92076496583536
6060,1,contextual,0.003633546642959118,0.3096727090336867,-55.92076496583536
6061,1,contextual,0.003633546642959118,0.3096727090336867,-55.92076496583536
6062,1,contextual,0.003633546642959118,0.3096727090336867,-55.92076496583536
6063,1,contextual,0.003633546642959118,0.3096727090336867,-55.92076496583536
6064,1,contextual,0.003633546642959118,0.3096727090336867,-55.92076496583536
6065,1,contextual,0.003633546642959118,0.3096727090336867,-55.92076496583536
6066,1,contextual,0.003633546642959118,0.3096727090336867,-55.92076496583536
6067,1,contextual,0.003633546642959118,0.3096727090336867,-55.92076496583536
6068,1,contextual,0.003633546642959118,0.3096727090336867,-55.92076496583536
6069,1,contextual,0.003633546642959118,0.3096727090336867,-55.92076496583536
6070,1,contextual,0.003633546642959118,0.3096727090336867,-55.92076496583536
6071,1,contextual,0.003633546642959118,0.3096727090336867,-55.92076496583536
6072,1,contextual,0.003633546642959118,0.3096727090336867,-55.92076496583536
6073,1,contextual,0.003633546642959118,0.3096727090336867,-55.92076496583536
6074,1,contextual,0.3463071882724762,0.3134426961514784,-55.5332054067901
6075,1,contextual,0.2761498987674713,0.31384355093332394,-55.21836531664735
6076,1,contextual,0.4048822522163391,0.31672478977918256,-54.96724611258401
6077,1,contextual,1.0591055154800415,0.3173733511827502,-54.727133987939396
6078,1,contextual,2.390503406524658,0.31869037063748856,-54.478247348184595
6079,1,contextual,3.67030668258667,0.31959416361747417,-54.218993589870934
6080,1,contextual,4.462163925170898,0.32154402838045876,-53.95032566944974
6081,1,contextual,4.889982223510742,0.32540216321554727,-53.67317594375845
6082,1,contextual,5.11604118347168,0.3283356114719778,-53.39025869686179
6083,1,contextual,5.239660263061523,0.3294959313404932,-53.1023170549131
6084,1,contextual,5.311432361602783,0.3316770281739238,-52.81041053106787
6085,1,contextual,5.355763912200928,0.3357351087858477,-52.51515990547159
6086,1,contextual,5.384567737579346,0.34174377035803905,-52.21773601625182
6087,0,normal,5.403980731964111,0.34558837371340484,-51.91847718247959
6088,0,normal,5.866114139556885,0.34481740352067103,-51.99996123099072
6089,0,normal,5.40083122253418,0.3478454728316397,-52.01304683272565
6090,0,normal,5.126864433288574,0.3488701842265726,-51.968408274334934
6091,0,normal,4.912810325622559,0.34988456437092574,-51.91789843235688
6092,0,normal,4.716609001159668,0.35029562069713677,-51.88213987424365
6093,0,normal,4.524645805358887,0.3537470413899985,-51.8609525719437
6094,0,normal,4.3314738273620605,0.35694867503878025,-51.84073057876299
6095,0,normal,4.134323596954346,0.35294119604490554,-51.81720417359679
6096,0,normal,3.931670665740967,0.3538955888296276,-51.76827289493872
6097,0,normal,3.7229702472686768,0.35526676193625045,-51.668706516810744
6098,0,normal,3.50858211517334,0.3568157935160084,-51.513104846416354
6099,0,normal,3.28965163230896,0.35802818342718684,-51.29905940988442
6100,0,normal,3.0678629875183105,0.3567451758604521,-51.019221059231995
6101,0,normal,2.8450820446014404,0.3536634871319398,-50.6732122096912
6102,0,normal,2.6229195594787598,0.35627485876270354,-50.25977198147416
6103,0,normal,2.4023375511169434,0.3541625435590913,-49.77717208143599
6104,0,normal,2.1663286685943604,0.3495039094457087,-50.068524997685245
6105,0,normal,1.9280942678451538,0.346588016791911,-50.35547121823606
6106,0,normal,1.684409260749817,0.3445809454825337,-50.63672038443883
6107,0,normal,1.429734468460083,0.3407873826010352,-50.914039920540745
6108,0,normal,1.155687689781189,0.33559994536579646,-51.2004391157036
6109,0,normal,0.8515126705169678,0.3315429714634221,-51.49921676544341
6110,0,normal,0.512340784072876,0.328136458606178,-51.83016444939972
6111,0,normal,0.185979425907135,0.32373602898341985,-52.21825828864576
6112,0,normal,0.02311873994767666,0.3211338380279439,-52.6677486805911
6113,0,normal,0.00401090644299984,0.3190407749139017,-53.18024819742368
6114,0,normal,0.0037993404548615217,0.31627903918919126,-53.761866792584215
6115,0,normal,0.003641637973487377,0.31504817700892873,-54.4124083062527
6116,0,normal,0.0036341026425361633,0.31148745426739555,-55.131991057525056
6117,0,normal,0.003633546642959118,0.3096727090336867,-55.92076496583536
6118,0,normal,0.003633546642959118,0.3096727090336867,-55.92076496583536
6119,0,normal,0.003633546642959118,0.3096727090336867,-55.92076496583536
6120,0,normal,0.3463071882724762,0.3134426961514784,-55.5332054067901
6121,0,normal,0.2761498987674713,0.31384355093332394,-55.21836531664735
6122,0,normal,0.4048822522163391,0.31672478977918256,-54.96724611258401
6123,0,normal,1.0591055154800415,0.3173733511827502,-54.727133987939396
6124,0,normal,2.390503406524658,0.31869037063748856,-54.478247348184595
6125,0,normal,3.67030668258667,0.31959416361747417,-54.218993589870934
6126,0,normal,4.462163925170898,0.32154402838045876,-53.95032566944974
6127,0,normal,4.889982223510742,0.32540216321554727,-53.67317594375845
6128,0,normal,5.11604118347168,0.3283356114719778,-53.39025869686179
6129,0,normal,5.239660263061523,0.3294959313404932,-53.1023170549131
6130,0,normal,5.311432361602783,0.3316770281739238,-52.81041053106787
6131,0,normal,5.355763912200928,0.3357351087858477,-52.51515990547159
6132,0,normal,5.384567737579346,0.34174377035803905,-52.21773601625182
6133,0,normal,5.403980731964111,0.34558837371340484,-51.91847718247959
6134,0,normal,5.4173903465271,0.34711728543448145,-51.61835167329218
6135,0,normal,5.876779079437256,0.34719829921677564,-51.70132731519175
6136,0,normal,5.410120010375977,0.35239238082593005,-51.717766219877376
6137,0,normal,5.135939121246338,0.35107951974632984,-51.676759542401896
6138,0,normal,4.922041893005371,0.3520825722150713,-51.631336355275835
6139,0,normal,4.726203918457031,0.35353774729393384,-51.599139023817315
6140,0,normal,4.534815788269043,0.3595572347643161,-51.569062892303236
6141,0,normal,4.342431545257568,0.3584209908234974,-51.5368071987034
6142,0,normal,4.1462225914001465,0.3572838597765326,-51.48213297384336
6143,0,normal,3.9445714950561523,0.3566847519247578,-51.37782006162752
6144,0,normal,3.736819267272949,0.3583454554556017,-51.21877685716049
6145,0,normal,3.5232205390930176,0.35803956379625146,-51.002167323140384
6146,0,normal,3.3048295974731445,0.36157335336310903,-50.72117896022678
6147,0,normal,3.083254814147949,0.35859034973933623,-50.37461945225027
6148,0,normal,2.8602914810180664,0.35644122636643455,-49.96180456725165
6149,0,normal,2.637516736984253,0.35867882446728944,-49.48144372629122
6150,0,normal,2.4023375511169434,0.3541625435590913,-49.77717208143599
6151,0,normal,2.1663286685943604,0.3495039094457087,-50.068524997685245
6152,0,normal,1.9280942678451538,0.346588016791911,-50.35547121823606
6153,0,normal,1.684409260749817,0.3445809454825337,-50.63672038443883
6154,0,normal,1.429734468460083,0.3407873826010352,-50.914039920540745
6155,0,normal,1.155687689781189,0.33559994536579646,-51.2004391157036
6156,0,normal,0.8515126705169678,0.3315429714634221,-51.49921676544341
6157,0,normal,0.512340784072876,0.328136458606178,-51.83016444939972
6158,0,normal,0.185979425907135,0.32373602898341985,-52.21825828864576
6159,0,normal,0.02311873994767666,0.3211338380279439,-52.6677486805911
6160,0,normal,0.00401090644299984,0.3190407749139017,-53.18024819742368
6161,0,normal,0.0037993404548615217,0.31627903918919126,-53.761866792584215
6162,0,normal,0.003641637973487377,0.31504817700892873,-54.4124083062527
6163,0,normal,0.0036341026425361633,0.31148745426739555,-55.131991057525056
6164,0,normal,0.003633546642959118,0.3096727090336867,-55.92076496583536
6165,0,normal,0.003633546642959118,0.3096727090336867,-55.92076496583536
6166,0,normal,0.003633546642959118,0.3096727090336867,-55.92076496583536
6167,0,normal,0.003633546642959118,0.3096727090336867,-55.92076496583536
6168,0,normal,0.3463071882724762,0.3134426961514784,-55.5332054067901
6169,0,normal,0.2761498987674713,0.31384355093332394,-55.21836531664735
6170,0,normal,0.4048822522163391,0.31672478977918256,-54.96724611258401
6171,0,normal,1.0591055154800415,0.3173733511827502,-54.727133987939396
6172,0,normal,2.390503406524658,0.31869037063748856,-54.478247348184595
6173,0,normal,3.67030668258667,0.31959416361747417,-54.218993589870934
6174,0,normal,4.462163925170898,0.32154402838045876,-53.95032566944974
6175,0,normal,4.889982223510742,0.32540216321554727,-53.67317594375845
6176,0,normal,5.11604118347168,0.3283356114719778,-53.39025869686179
6177,0,normal,5.239660263061523,0.3294959313404932,-53.1023170549131
6178,0,normal,5.311432361602783,0.3316770281739238,-52.81041053106787
6179,0,normal,5.355763912200928,0.3357351087858477,-52.51515990547159
6180,0,normal,5.384567737579346,0.34174377035803905,-52.21773601625182
6181,0,normal,5.403980731964111,0.34558837371340484,-51.91847718247959
6182,0,normal,5.4173903465271,0.34711728543448145,-51.61835167329218
6183,0,normal,5.876779079437256,0.34719829921677564,-51.70132731519175
6184,0,normal,5.410120010375977,0.35239238082593005,-51.717766219877376
6185,0,normal,5.135939121246338,0.35107951974632984,-51.676759542401896
6186,0,normal,4.922041893005371,0.3520825722150713,-51.631336355275835
6187,0,normal,4.726203918457031,0.35353774729393384,-51.599139023817315
6188,0,normal,4.534815788269043,0.3595572347643161,-51.569062892303236
6189,0,normal,4.342431545257568,0.3584209908234974,-51.5368071987034
6190,0,normal,4.1462225914001465,0.3572838597765326,-51.48213297384336
6191,0,normal,3.9445714950561523,0.3566847519247578,-51.37782006162752
6192,0,normal,3.736819267272949,0.3583454554556017,-51.21877685716049
6193,0,normal,3.5232205390930176,0.35803956379625146,-51.002167323140384
6194,0,normal,3.3048295974731445,0.36157335336310903,-50.72117896022678
6195,0,normal,3.083254814147949,0.35859034973933623,-50.37461945225027
6196,0,normal,2.8602914810180664,0.35644122636643455,-49.96180456725165
6197,0,normal,2.637516736984253,0.35867882446728944,-49.48144372629122
6198,0,normal,2.4023375511169434,0.3541625435590913,-49.77717208143599
6199,0,normal,2.1663286685943604,0.3495039094457087,-50.068524997685245
6200,0,normal,1.9280942678451538,0.346588016791911,-50.35547121823606
6201,0,normal,1.684409260749817,0.3445809454825337,-50.63672038443883
6202,0,normal,1.429734468460083,0.3407873826010352,-50.914039920540745
6203,0,normal,1.155687689781189,0.33559994536579646,-51.2004391157036
6204,0,normal,0.8515126705169678,0.3315429714634221,-51.49921676544341
6205,0,normal,0.512340784072876,0.328136458606178,-51.83016444939972
6206,0,normal,0.185979425907135,0.32373602898341985,-52.21825828864576
6207,0,normal,0.02311873994767666,0.3211338380279439,-52.6677486805911
6208,0,normal,0.00401090644299984,0.3190407749139017,-53.18024819742368
6209,0,normal,0.0037993404548615217,0.31627903918919126,-53.761866792584215
6210,0,normal,0.003641637973487377,0.31504817700892873,-54.4124083062527
6211,0,normal,0.0036341026425361633,0.31148745426739555,-55.131991057525056
6212,0,normal,0.003633546642959118,0.3096727090336867,-55.92076496583536
6213,0,normal,0.003633546642959118,0.3096727090336867,-55.92076496583536
6214,0,normal,0.003633546642959118,0.3096727090336867,-55.92076496583536
6215,0,normal,0.003633546642959118,0.3096727090336867,-55.92076496583536
6216,0,normal,0.003633546642959118,0.3096727090336867,-55.92076496583536
6217,0,normal,0.003633546642959118,0.3096727090336867,-55.92076496583536
6218,0,normal,0.003633546642959118,0.3096727090336867,-55.92076496583536
6219,0,normal,0.003633546642959118,0.3096727090336867,-55.92076496583536
6220,0,normal,0.003633546642959118,0.3096727090336867,-55.92076496583536
6221,0,normal,0.003633546642959118,0.3096727090336867,-55.92076496583536
6222,0,normal,0.003633546642959118,0.3096727090336867,-55.92076496583536
6223,0,normal,0.003633546642959118,0.3096727090336867,-55.92076496583536
6224,0,normal,0.003633546642959118,0.3096727090336867,-55.92076496583536
6225,0,normal,0.003633546642959118,0.3096727090336867,-55.92076496583536
6226,0,normal,0.003633546642959118,0.3096727090336867,-55.92076496583536
6227,0,normal,0.003633546642959118,0.3096727090336867,-55.92076496583536
6228,0,normal,0.003633546642959118,0.3096727090336867,-55.92076496583536
6229,0,normal,0.003633546642959118,0.3096727090336867,-55.92076496583536
6230,0,normal,0.003633546642959118,0.3096727090336867,-55.92076496583536
6231,0,normal,0.003633546642959118,0.3096727090336867,-55.92076496583536
6232,0,normal,0.003633546642959118,0.3096727090336867,-55.92076496583536
6233,0,normal,0.003633546642959118,0.3096727090336867,-55.92076496583536
6234,0,normal,0.003633546642959118,0.3096727090336867,-55.92076496583536
6235,0,normal,0.003633546642959118,0.3096727090336867,-55.92076496583536
6236,0,normal,0.003633546642959118,0.3096727090336867,-55.92076496583536
6237,0,normal,0.003633546642959118,0.3096727090336867,-55.92076496583536
6238,0,normal,0.003633546642959118,0.3096727090336867,-55.92076496583536
6239,0,normal,0.003633546642959118,0.3096727090336867,-55.92076496583536
6240,0,normal,0.003633546642959118,0.3096727090336867,-55.92076496583536
6241,0,normal,0.003633546642959118,0.3096727090336867,-55.92076496583536
6242,0,normal,0.003633546642959118,0.3096727090336867,-55.92076496583536
6243,0,normal,0.003633546642959118,0.3096727090336867,-55.92076496583536
6244,0,normal,0.003633546642959118,0.3096727090336867,-55.92076496583536
6245,0,normal,0.003633546642959118,0.3096727090336867,-55.92076496583536
6246,0,normal,0.003633546642959118,0.3096727090336867,-55.92076496583536
6247,0,normal,0.003633546642959118,0.3096727090336867,-55.92076496583536
6248,0,normal,0.003633546642959118,0.3096727090336867,-55.92076496583536
6249,0,normal,0.003633546642959118,0.3096727090336867,-55.92076496583536
6250,0,normal,0.003633546642959118,0.3096727090336867,-55.92076496583536
6251,0,normal,0.003633546642959118,0.3096727090336867,-55.92076496583536
6252,0,normal,0.003633546642959118,0.3096727090336867,-55.92076496583536
6253,0,normal,0.003633546642959118,0.3096727090336867,-55.92076496583536
6254,0,normal,0.003633546642959118,0.3096727090336867,-55.92076496583536
6255,0,normal,0.003633546642959118,0.3096727090336867,-55.92076496583536
6256,0,normal,0.003633546642959118,0.3096727090336867,-55.92076496583536
6257,0,normal,0.003633546642959118,0.3096727090336867,-55.92076496583536
6258,0,normal,0.003633546642959118,0.3096727090336867,-55.92076496583536
6259,0,normal,0.3463071882724762,0.3134426961514784,-55.5332054067901
6260,0,normal,0.2761498987674713,0.31384355093332394,-55.21836531664735
6261,0,normal,0.4048822522163391,0.31672478977918256,-54.96724611258401
6262,0,normal,1.0591055154800415,0.3173733511827502,-54.727133987939396
6263,0,normal,2.390503406524658,0.31869037063748856,-54.478247348184595
6264,0,normal,3.67030668258667,0.31959416361747417,-54.218993589870934
6265,0,normal,4.462163925170898,0.32154402838045876,-53.95032566944974
6266,0,normal,4.889982223510742,0.32540216321554727,-53.67317594375845
6267,0,normal,5.11604118347168,0.3283356114719778,-53.39025869686179
6268,0,normal,5.239660263061523,0.3294959313404932,-53.1023170549131
6269,0,normal,5.311432361602783,0.3316770281739238,-52.81041053106787
6270,0,normal,5.355763912200928,0.3357351087858477,-52.51515990547159
6271,0,normal,5.384567737579346,0.34174377035803905,-52.21773601625182
6272,0,normal,5.403980731964111,0.34558837371340484,-51.91847718247959
6273,0,normal,5.866114139556885,0.34481740352067103,-51.99996123099072
6274,0,normal,5.40083122253418,0.3478454728316397,-52.01304683272565
6275,0,normal,5.126864433288574,0.3488701842265726,-51.968408274334934
6276,0,normal,4.912810325622559,0.34988456437092574,-51.91789843235688
6277,0,normal,4.716609001159668,0.35029562069713677,-51.88213987424365
6278,0,normal,4.524645805358887,0.3537470413899985,-51.8609525719437
6279,0,normal,4.3314738273620605,0.35694867503878025,-51.84073057876299
6280,0,normal,4.134323596954346,0.35294119604490554,-51.81720417359679
6281,0,normal,3.931670665740967,0.3538955888296276,-51.76827289493872
6282,0,normal,3.7229702472686768,0.35526676193625045,-51.668706516810744
6283,0,normal,3.50858211517334,0.3568157935160084,-51.513104846416354
6284,0,normal,3.28965163230896,0.35802818342718684,-51.29905940988442
6285,0,normal,3.0678629875183105,0.3567451758604521,-51.019221059231995
6286,0,normal,2.8450820446014404,0.3536634871319398,-50.6732122096912
6287,0,normal,2.6229195594787598,0.35627485876270354,-50.25977198147416
6288,0,normal,2.4023375511169434,0.3541625435590913,-49.77717208143599
6289,0,normal,2.1663286685943604,0.3495039094457087,-50.068524997685245
6290,0,normal,1.9280942678451538,0.346588016791911,-50.35547121823606
6291,0,normal,1.684409260749817,0.3445809454825337,-50.63672038443883
6292,0,normal,1.429734468460083,0.3407873826010352,-50.914039920540745
6293,0,normal,1.155687689781189,0.33559994536579646,-51.2004391157036
6294,0,normal,0.8515126705169678,0.3315429714634221,-51.49921676544341
6295,0,normal,0.512340784072876,0.328136458606178,-51.83016444939972
6296,0,normal,0.185979425907135,0.32373602898341985,-52.21825828864576
6297,0,normal,0.02311873994767666,0.3211338380279439,-52.6677486805911
6298,0,normal,0.00401090644299984,0.3190407749139017,-53.18024819742368
6299,0,normal,0.0037993404548615217,0.31627903918919126,-53.761866792584215
6300,0,normal,0.003641637973487377,0.31504817700892873,-54.4124083062527
6301,0,normal,0.0036341026425361633,0.31148745426739555,-55.131991057525056
6302,0,normal,0.003633546642959118,0.3096727090336867,-55.92076496583536
6303,0,normal,0.003633546642959118,0.3096727090336867,-55.92076496583536
6304,0,normal,0.003633546642959118,0.3096727090336867,-55.92076496583536
6305,0,normal,0.003633546642959118,0.3096727090336867,-55.92076496583536
6306,0,normal,0.003633546642959118,0.3096727090336867,-55.92076496583536
6307,0,normal,0.003633546642959118,0.3096727090336867,-55.92076496583536
6308,0,normal,0.003633546642959118,0.3096727090336867,-55.92076496583536
6309,0,normal,0.003633546642959118,0.3096727090336867,-55.92076496583536
6310,0,normal,0.003633546642959118,0.3096727090336867,-55.92076496583536
6311,0,normal,0.003633546642959118,0.3096727090336867,-55.92076496583536
6312,0,normal,0.003633546642959118,0.3096727090336867,-55.92076496583536
6313,0,normal,0.3463071882724762,0.3134426961514784,-55.5332054067901
6314,0,normal,0.2761498987674713,0.31384355093332394,-55.21836531664735
6315,0,normal,0.4048822522163391,0.31672478977918256,-54.96724611258401
6316,0,normal,1.0591055154800415,0.3173733511827502,-54.727133987939396
6317,0,normal,2.390503406524658,0.31869037063748856,-54.478247348184595
6318,0,normal,3.67030668258667,0.31959416361747417,-54.218993589870934
6319,0,normal,4.462163925170898,0.32154402838045876,-53.95032566944974
6320,0,normal,4.889982223510742,0.32540216321554727,-53.67317594375845
6321,0,normal,5.11604118347168,0.3283356114719778,-53.39025869686179
6322,0,normal,5.239660263061523,0.3294959313404932,-53.1023170549131
6323,0,normal,5.311432361602783,0.3316770281739238,-52.81041053106787
6324,0,normal,5.355763912200928,0.3357351087858477,-52.51515990547159
6325,0,normal,5.384567737579346,0.34174377035803905,-52.21773601625182
6326,0,normal,5.850847244262695,0.3432986218523537,-52.29924200287792
6327,0,normal,5.387702941894531,0.34546013917348933,-52.31074873837474
6328,0,normal,5.114138126373291,0.3439441300923219,-52.262678189606504
6329,0,normal,4.899961948394775,0.3476827486784638,-52.20852049138466
6330,0,normal,4.703369617462158,0.34810876856975626,-52.167680935330054
6331,0,normal,4.510756015777588,0.35050299545655195,-52.14294154854633
6332,0,normal,4.316685676574707,0.35118063416472795,-52.13163131252213
6333,0,normal,4.118452548980713,0.35149139007003805,-52.120164005194056
6334,0,normal,3.9146487712860107,0.35021467917138144,-52.10242566731722
6335,0,normal,3.704854726791382,0.3524886870789098,-52.05831448815297
6336,0,normal,3.4895482063293457,0.3537502419529134,-51.9622666976029
6337,0,normal,3.2699601650238037,0.3568044520447607,-51.80930706198342
6338,0,normal,3.047842264175415,0.3527165237682639,-51.596495190576434
6339,0,normal,2.8251214027404785,0.351843665073579,-51.31729014646589
6340,0,normal,2.6034669876098633,0.3534984160275642,-50.97073736842526
6341,0,normal,2.3838696479797363,0.35247987869130304,-50.55514029323831
6342,0,normal,2.1663286685943604,0.3495039094457087,-50.068524997685245
6343,0,normal,1.9280942678451538,0.346588016791911,-50.35547121823606
6344,0,normal,1.684409260749817,0.3445809454825337,-50.63672038443883
6345,0,normal,1.429734468460083,0.3407873826010352,-50.914039920540745
6346,0,normal,1.155687689781189,0.33559994536579646,-51.2004391157036
6347,0,normal,0.8515126705169678,0.3315429714634221,-51.49921676544341
6348,0,normal,0.7248405814170837,0.33160297133322636,-51.439196884415196
6349,0,normal,0.676180899143219,0.3293168269112951,-51.5099584239872
6350,0,normal,0.686503529548645,0.331526498878764,-51.70685131946084
6351,0,normal,1.0580769777297974,0.32756341285816853,-51.97903594771765
6352,0,normal,2.3357608318328857,0.3260754409943821,-52.31268804762226
6353,0,normal,3.6677441596984863,0.32572759213199237,-52.70574017521358
6354,0,normal,4.461996078491211,0.32485307414529907,-53.15897123861919
6355,0,normal,4.889982223510742,0.32540216321554727,-53.67317594375845
6356,0,normal,5.11604118347168,0.3283356114719778,-53.39025869686179
6357,0,normal,5.239660263061523,0.3294959313404932,-53.1023170549131
6358,0,normal,5.311432361602783,0.3316770281739238,-52.81041053106787
6359,0,normal,5.355763912200928,0.3357351087858477,-52.51515990547159
6360,0,normal,5.384567737579346,0.34174377035803905,-52.21773601625182
6361,0,normal,5.403980731964111,0.34558837371340484,-51.91847718247959
6362,0,normal,5.4173903465271,0.34711728543448145,-51.61835167329218
6363,0,normal,5.876779079437256,0.34719829921677564,-51.70132731519175
6364,0,normal,5.410120010375977,0.35239238082593005,-51.717766219877376
6365,0,normal,5.135939121246338,0.35107951974632984,-51.676759542401896
6366,0,normal,4.922041893005371,0.3520825722150713,-51.631336355275835
6367,0,normal,4.726203918457031,0.35353774729393384,-51.599139023817315
6368,0,normal,4.534815788269043,0.3595572347643161,-51.569062892303236
6369,0,normal,4.342431545257568,0.3584209908234974,-51.5368071987034
6370,0,normal,4.1462225914001465,0.3572838597765326,-51.48213297384336
6371,0,normal,3.9445714950561523,0.3566847519247578,-51.37782006162752
6372,0,normal,3.736819267272949,0.3583454554556017,-51.21877685716049
6373,0,normal,3.5232205390930176,0.35803956379625146,-51.002167323140384
6374,0,normal,3.3048295974731445,0.36157335336310903,-50.72117896022678
6375,0,normal,3.083254814147949,0.35859034973933623,-50.37461945225027
6376,0,normal,2.8602914810180664,0.35644122636643455,-49.96180456725165
6377,0,normal,2.637516736984253,0.35867882446728944,-49.48144372629122
6378,0,normal,2.4023375511169434,0.3541625435590913,-49.77717208143599
6379,0,normal,2.1663286685943604,0.3495039094457087,-50.068524997685245
6380,0,normal,1.9280942678451538,0.346588016791911,-50.35547121823606
6381,0,normal,1.684409260749817,0.3445809454825337,-50.63672038443883
6382,0,normal,1.429734468460083,0.3407873826010352,-50.914039920540745
6383,0,normal,1.155687689781189,0.33559994536579646,-51.2004391157036
6384,0,normal,0.8515126705169678,0.3315429714634221,-51.49921676544341
6385,0,normal,0.512340784072876,0.328136458606178,-51.83016444939972
6386,0,normal,0.185979425907135,0.32373602898341985,-52.21825828864576
6387,0,normal,0.02311873994767666,0.3211338380279439,-52.6677486805911
6388,0,normal,0.00401090644299984,0.3190407749139017,-53.18024819742368
6389,0,normal,0.0037993404548615217,0.31627903918919126,-53.761866792584215
6390,0,normal,0.003641637973487377,0.31504817700892873,-54.4124083062527
6391,0,normal,0.0036341026425361633,0.31148745426739555,-55.131991057525056
6392,0,normal,0.003633546642959118,0.3096727090336867,-55.92076496583536
6393,0,normal,0.003633546642959118,0.3096727090336867,-55.92076496583536
6394,0,normal,0.003633546642959118,0.3096727090336867,-55.92076496583536
6395,0,normal,0.003633546642959118,0.3096727090336867,-55.92076496583536
6396,0,normal,0.003633546642959118,0.3096727090336867,-55.92076496583536
6397,0,normal,0.003633546642959118,0.3096727090336867,-55.92076496583536
6398,0,normal,0.003633546642959118,0.3096727090336867,-55.92076496583536
6399,0,normal,0.003633546642959118,0.3096727090336867,-55.92076496583536
6400,0,normal,0.003633546642959118,0.3096727090336867,-55.92076496583536
6401,0,normal,0.003633546642959118,0.3096727090336867,-55.92076496583536
6402,0,normal,0.003633546642959118,0.3096727090336867,-55.92076496583536
6403,0,normal,0.003633546642959118,0.3096727090336867,-55.92076496583536
6404,0,normal,0.003633546642959118,0.3096727090336867,-55.92076496583536
6405,0,normal,0.003633546642959118,0.3096727090336867,-55.92076496583536
6406,0,normal,0.003633546642959118,0.3096727090336867,-55.92076496583536
6407,0,normal,0.3463071882724762,0.3134426961514784,-55.5332054067901
6408,0,normal,0.2761498987674713,0.31384355093332394,-55.21836531664735
6409,0,normal,0.4048822522163391,0.31672478977918256,-54.96724611258401
6410,0,normal,1.0591055154800415,0.3173733511827502,-54.727133987939396
6411,0,normal,2.390503406524658,0.31869037063748856,-54.478247348184595
6412,0,normal,3.67030668258667,0.31959416361747417,-54.218993589870934
6413,0,normal,4.462163925170898,0.32154402838045876,-53.95032566944974
6414,0,normal,4.889982223510742,0.32540216321554727,-53.67317594375845
6415,0,normal,5.11604118347168,0.3283356114719778,-53.39025869686179
6416,0,normal,5.239660263061523,0.3294959313404932,-53.1023170549131
6417,0,normal,5.311432361602783,0.3316770281739238,-52.81041053106787
6418,0,normal,5.355763912200928,0.3357351087858477,-52.51515990547159
6419,0,normal,5.384567737579346,0.34174377035803905,-52.21773601625182
6420,0,normal,5.850847244262695,0.3432986218523537,-52.29924200287792
6421,0,normal,5.387702941894531,0.34546013917348933,-52.31074873837474
6422,0,normal,5.114138126373291,0.3439441300923219,-52.262678189606504
6423,0,normal,4.899961948394775,0.3476827486784638,-52.20852049138466
6424,0,normal,4.703369617462158,0.34810876856975626,-52.167680935330054
6425,0,normal,4.510756015777588,0.35050299545655195,-52.14294154854633
6426,0,normal,4.316685676574707,0.35118063416472795,-52.13163131252213
6427,0,normal,4.118452548980713,0.35149139007003805,-52.120164005194056
6428,0,normal,3.9146487712860107,0.35021467917138144,-52.10242566731722
6429,0,normal,3.704854726791382,0.3524886870789098,-52.05831448815297
6430,0,normal,3.4895482063293457,0.3537502419529134,-51.9622666976029
6431,0,normal,3.2699601650238037,0.3568044520447607,-51.80930706198342
6432,0,normal,3.004880666732788,0.35606510892951976,-51.198054484427985
6433,0,normal,3.503767967224121,0.35775301113954977,-50.59252786809839
6434,0,normal,4.022279739379883,0.36144183875528546,-49.98333788679702
6435,0,normal,4.448844909667969,0.36026859123884847,-49.31726052994213
6436,0,normal,4.760246276855469,0.36105914640028347,-48.57313437749258
6437,0,normal,4.969179153442383,0.3580801784069864,-48.59576704090932
6438,0,normal,5.111265182495117,0.3568816437434004,-48.605577951082296
6439,0,normal,5.207574367523193,0.3556893971037889,-48.60524032688818
6440,0,normal,5.273122310638428,0.35468503390096734,-48.61028963244598
6441,0,normal,5.317946910858154,0.3511407943093116,-48.62466652460307
6442,0,normal,5.348585605621338,0.3496988665961298,-48.66888639776903
6443,0,normal,5.369327545166016,0.34921669178923903,-48.768048752384175
6444,0,normal,5.383294582366943,0.35185019019096964,-48.92726708604869
6445,0,normal,5.393691539764404,0.3528083813438754,-49.1482193238387
6446,0,normal,5.854744911193848,0.34949926610558313,-49.820085731445715
6447,0,normal,5.397863864898682,0.35079615458440877,-50.49184537883821
6448,0,normal,5.126107692718506,0.3496470887212096,-51.17391620498165
6449,0,normal,4.912810325622559,0.34988456437092574,-51.91789843235688
6450,0,normal,4.716609001159668,0.35029562069713677,-51.88213987424365
6451,0,normal,4.524645805358887,0.3537470413899985,-51.8609525719437
6452,0,normal,4.3314738273620605,0.35694867503878025,-51.84073057876299
6453,0,normal,4.134323596954346,0.35294119604490554,-51.81720417359679
6454,0,normal,3.931670665740967,0.3538955888296276,-51.76827289493872
6455,0,normal,3.7229702472686768,0.35526676193625045,-51.668706516810744
6456,0,normal,3.50858211517334,0.3568157935160084,-51.513104846416354
6457,0,normal,3.28965163230896,0.35802818342718684,-51.29905940988442
6458,0,normal,3.0678629875183105,0.3567451758604521,-51.019221059231995
6459,0,normal,2.8450820446014404,0.3536634871319398,-50.6732122096912
6460,0,normal,2.6229195594787598,0.35627485876270354,-50.25977198147416
6461,0,normal,2.4023375511169434,0.3541625435590913,-49.77717208143599
6462,0,normal,2.1663286685943604,0.3495039094457087,-50.068524997685245
6463,0,normal,1.9280942678451538,0.346588016791911,-50.35547121823606
6464,0,normal,1.684409260749817,0.3445809454825337,-50.63672038443883
6465,0,normal,1.429734468460083,0.3407873826010352,-50.914039920540745
6466,0,normal,1.155687689781189,0.33559994536579646,-51.2004391157036
6467,0,normal,0.8515126705169678,0.3315429714634221,-51.49921676544341
6468,0,normal,0.512340784072876,0.328136458606178,-51.83016444939972
6469,0,normal,0.185979425907135,0.32373602898341985,-52.21825828864576
6470,0,normal,0.02311873994767666,0.3211338380279439,-52.6677486805911
6471,0,normal,0.00401090644299984,0.3190407749139017,-53.18024819742368
6472,0,normal,0.0037993404548615217,0.31627903918919126,-53.761866792584215
6473,0,normal,0.003641637973487377,0.31504817700892873,-54.4124083062527
6474,0,normal,0.0036341026425361633,0.31148745426739555,-55.131991057525056
6475,0,normal,0.003633546642959118,0.3096727090336867,-55.92076496583536
6476,0,normal,0.003633546642959118,0.3096727090336867,-55.92076496583536
6477,0,normal,0.3463071882724762,0.3134426961514784,-55.5332054067901
6478,0,normal,0.2761498987674713,0.31384355093332394,-55.21836531664735
6479,0,normal,0.4048822522163391,0.31672478977918256,-54.96724611258401
6480,0,normal,1.0591055154800415,0.3173733511827502,-54.727133987939396
6481,0,normal,2.390503406524658,0.31869037063748856,-54.478247348184595
6482,0,normal,3.67030668258667,0.31959416361747417,-54.218993589870934
6483,0,normal,4.462163925170898,0.32154402838045876,-53.95032566944974
6484,0,normal,4.889982223510742,0.32540216321554727,-53.67317594375845
6485,0,normal,5.11604118347168,0.3283356114719778,-53.39025869686179
6486,0,normal,5.239660263061523,0.3294959313404932,-53.1023170549131
6487,0,normal,5.311432361602783,0.3316770281739238,-52.81041053106787
6488,0,normal,5.355763912200928,0.3357351087858477,-52.51515990547159
6489,0,normal,5.384567737579346,0.34174377035803905,-52.21773601625182
6490,0,normal,5.403980731964111,0.34558837371340484,-51.91847718247959
6491,0,normal,5.866114139556885,0.34481740352067103,-51.99996123099072
6492,0,normal,5.40083122253418,0.3478454728316397,-52.01304683272565
6493,0,normal,5.126864433288574,0.3488701842265726,-51.968408274334934
6494,0,normal,4.912810325622559,0.34988456437092574,-51.91789843235688
6495,0,normal,4.716609001159668,0.35029562069713677,-51.88213987424365
6496,0,normal,4.524645805358887,0.3537470413899985,-51.8609525719437
6497,0,normal,4.3314738273620605,0.35694867503878025,-51.84073057876299
6498,0,normal,4.134323596954346,0.35294119604490554,-51.81720417359679
6499,0,normal,3.931670665740967,0.3538955888296276,-51.76827289493872
6500,0,normal,3.7229702472686768,0.35526676193625045,-51.668706516810744
6501,0,normal,3.50858211517334,0.3568157935160084,-51.513104846416354
6502,0,normal,3.28965163230896,0.35802818342718684,-51.29905940988442
6503,0,normal,3.0678629875183105,0.3567451758604521,-51.019221059231995
6504,0,normal,2.8450820446014404,0.3536634871319398,-50.6732122096912
6505,0,normal,2.6229195594787598,0.35627485876270354,-50.25977198147416
6506,0,normal,2.4023375511169434,0.3541625435590913,-49.77717208143599
6507,0,normal,2.1663286685943604,0.3495039094457087,-50.068524997685245
6508,0,normal,1.9280942678451538,0.346588016791911,-50.35547121823606
6509,0,normal,1.684409260749817,0.3445809454825337,-50.63672038443883
6510,0,normal,1.429734468460083,0.3407873826010352,-50.914039920540745
6511,0,normal,1.155687689781189,0.33559994536579646,-51.2004391157036
6512,0,normal,0.8515126705169678,0.3315429714634221,-51.49921676544341
6513,0,normal,0.512340784072876,0.328136458606178,-51.83016444939972
6514,0,normal,0.185979425907135,0.32373602898341985,-52.21825828864576
6515,0,normal,0.02311873994767666,0.3211338380279439,-52.6677486805911
6516,0,normal,0.00401090644299984,0.3190407749139017,-53.18024819742368
6517,0,normal,0.0037993404548615217,0.31627903918919126,-53.761866792584215
6518,0,normal,0.003641637973487377,0.31504817700892873,-54.4124083062527
6519,0,normal,0.0036341026425361633,0.31148745426739555,-55.131991057525056
6520,0,normal,0.003633546642959118,0.3096727090336867,-55.92076496583536
6521,0,normal,0.003633546642959118,0.3096727090336867,-55.92076496583536
6522,0,normal,0.003633546642959118,0.3096727090336867,-55.92076496583536
6523,0,normal,0.003633546642959118,0.3096727090336867,-55.92076496583536
6524,0,normal,0.003633546642959118,0.3096727090336867,-55.92076496583536
6525,0,normal,0.003633546642959118,0.3096727090336867,-55.92076496583536
6526,0,normal,0.003633546642959118,0.3096727090336867,-55.92076496583536
6527,0,normal,0.003633546642959118,0.3096727090336867,-55.92076496583536
6528,0,normal,0.003633546642959118,0.3096727090336867,-55.92076496583536
6529,0,normal,0.003633546642959118,0.3096727090336867,-55.92076496583536
6530,0,normal,0.003633546642959118,0.3096727090336867,-55.92076496583536
6531,0,normal,0.003633546642959118,0.3096727090336867,-55.92076496583536
6532,0,normal,0.003633546642959118,0.3096727090336867,-55.92076496583536
6533,0,normal,0.003633546642959118,0.3096727090336867,-55.92076496583536
6534,0,normal,0.003633546642959118,0.3096727090336867,-55.92076496583536
6535,0,normal,0.003633546642959118,0.3096727090336867,-55.92076496583536
6536,0,normal,0.003633546642959118,0.3096727090336867,-55.92076496583536
6537,0,normal,0.003633546642959118,0.3096727090336867,-55.92076496583536
6538,0,normal,0.003633546642959118,0.3096727090336867,-55.92076496583536
6539,0,normal,0.003633546642959118,0.3096727090336867,-55.92076496583536
6540,0,normal,0.003633546642959118,0.3096727090336867,-55.92076496583536
6541,0,normal,0.003633546642959118,0.3096727090336867,-55.92076496583536
6542,0,normal,0.003633546642959118,0.3096727090336867,-55.92076496583536
6543,0,normal,0.003633546642959118,0.3096727090336867,-55.92076496583536
6544,0,normal,0.003633546642959118,0.3096727090336867,-55.92076496583536
6545,0,normal,0.003633546642959118,0.3096727090336867,-55.92076496583536
6546,0,normal,0.003633546642959118,0.3096727090336867,-55.92076496583536
6547,0,normal,0.003633546642959118,0.3096727090336867,-55.92076496583536
6548,0,normal,0.003633546642959118,0.3096727090336867,-55.92076496583536
6549,0,normal,0.003633546642959118,0.3096727090336867,-55.92076496583536
6550,0,normal,0.003633546642959118,0.3096727090336867,-55.92076496583536
6551,0,normal,0.003633546642959118,0.3096727090336867,-55.92076496583536
6552,0,normal,0.003633546642959118,0.3096727090336867,-55.92076496583536
6553,0,normal,0.003633546642959118,0.3096727090336867,-55.92076496583536
6554,0,normal,0.003633546642959118,0.3096727090336867,-55.92076496583536
6555,0,normal,0.003633546642959118,0.3096727090336867,-55.92076496583536
6556,0,normal,0.003633546642959118,0.3096727090336867,-55.92076496583536
6557,0,normal,0.003633546642959118,0.3096727090336867,-55.92076496583536
6558,0,normal,0.003633546642959118,0.3096727090336867,-55.92076496583536
6559,0,normal,0.003633546642959118,0.3096727090336867,-55.92076496583536
6560,0,normal,0.003633546642959118,0.3096727090336867,-55.92076496583536
6561,0,normal,0.003633546642959118,0.3096727090336867,-55.92076496583536
6562,0,normal,0.003633546642959118,0.3096727090336867,-55.92076496583536
6563,0,normal,0.003633546642959118,0.3096727090336867,-55.92076496583536
6564,0,normal,0.003633546642959118,0.3096727090336867,-55.92076496583536
6565,0,normal,0.003633546642959118,0.3096727090336867,-55.92076496583536
6566,0,normal,0.003633546642959118,0.3096727090336867,-55.92076496583536
6567,0,normal,0.003633546642959118,0.3096727090336867,-55.92076496583536
6568,0,normal,0.003633546642959118,0.3096727090336867,-55.92076496583536
6569,0,normal,0.003633546642959118,0.3096727090336867,-55.92076496583536
6570,0,normal,0.003633546642959118,0.3096727090336867,-55.92076496583536
6571,0,normal,0.003633546642959118,0.3096727090336867,-55.92076496583536
6572,0,normal,0.003633546642959118,0.3096727090336867,-55.92076496583536
6573,0,normal,0.3463071882724762,0.3134426961514784,-55.5332054067901
6574,0,normal,0.2761498987674713,0.31384355093332394,-55.21836531664735
6575,0,normal,0.4048822522163391,0.31672478977918256,-54.96724611258401
6576,0,normal,1.0591055154800415,0.3173733511827502,-54.727133987939396
6577,0,normal,2.390503406524658,0.31869037063748856,-54.478247348184595
6578,0,normal,3.67030668258667,0.31959416361747417,-54.218993589870934
6579,0,normal,4.462163925170898,0.32154402838045876,-53.95032566944974
6580,0,normal,4.889982223510742,0.32540216321554727,-53.67317594375845
6581,0,normal,5.11604118347168,0.3283356114719778,-53.39025869686179
6582,0,normal,5.239660263061523,0.3294959313404932,-53.1023170549131
6583,0,normal,5.311432361602783,0.3316770281739238,-52.81041053106787
6584,0,normal,5.355763912200928,0.3357351087858477,-52.51515990547159
6585,0,normal,5.384567737579346,0.34174377035803905,-52.21773601625182
6586,0,normal,5.403980731964111,0.34558837371340484,-51.91847718247959
6587,0,normal,5.866114139556885,0.34481740352067103,-51.99996123099072
6588,0,normal,5.40083122253418,0.3478454728316397,-52.01304683272565
6589,0,normal,5.126864433288574,0.3488701842265726,-51.968408274334934
6590,0,normal,4.912810325622559,0.34988456437092574,-51.91789843235688
6591,0,normal,4.716609001159668,0.35029562069713677,-51.88213987424365
6592,0,normal,4.524645805358887,0.3537470413899985,-51.8609525719437
6593,0,normal,4.3314738273620605,0.35694867503878025,-51.84073057876299
6594,0,normal,4.134323596954346,0.35294119604490554,-51.81720417359679
6595,0,normal,3.931670665740967,0.3538955888296276,-51.76827289493872
6596,0,normal,3.7229702472686768,0.35526676193625045,-51.668706516810744
6597,0,normal,3.50858211517334,0.3568157935160084,-51.513104846416354
6598,0,normal,3.28965163230896,0.35802818342718684,-51.29905940988442
6599,0,normal,3.0678629875183105,0.3567451758604521,-51.019221059231995
6600,0,normal,2.8450820446014404,0.3536634871319398,-50.6732122096912
6601,0,normal,2.6229195594787598,0.35627485876270354,-50.25977198147416
6602,0,normal,2.4023375511169434,0.3541625435590913,-49.77717208143599
6603,0,normal,2.1663286685943604,0.3495039094457087,-50.068524997685245
6604,0,normal,1.9280942678451538,0.346588016791911,-50.35547121823606
6605,0,normal,1.684409260749817,0.3445809454825337,-50.63672038443883
6606,0,normal,1.429734468460083,0.3407873826010352,-50.914039920540745
6607,0,normal,1.155687689781189,0.33559994536579646,-51.2004391157036
6608,0,normal,0.8515126705169678,0.3315429714634221,-51.49921676544341
6609,0,normal,0.512340784072876,0.328136458606178,-51.83016444939972
6610,0,normal,0.185979425907135,0.32373602898341985,-52.21825828864576
6611,0,normal,0.02311873994767666,0.3211338380279439,-52.6677486805911
6612,0,normal,0.00401090644299984,0.3190407749139017,-53.18024819742368
6613,0,normal,0.0037993404548615217,0.31627903918919126,-53.761866792584215
6614,0,normal,0.003641637973487377,0.31504817700892873,-54.4124083062527
6615,0,normal,0.0036341026425361633,0.31148745426739555,-55.131991057525056
6616,0,normal,0.003633546642959118,0.3096727090336867,-55.92076496583536
6617,0,normal,0.003633546642959118,0.3096727090336867,-55.92076496583536
6618,0,normal,0.003633546642959118,0.3096727090336867,-55.92076496583536
6619,0,normal,0.003633546642959118,0.3096727090336867,-55.92076496583536
6620,0,normal,0.003633546642959118,0.3096727090336867,-55.92076496583536
6621,0,normal,0.003633546642959118,0.3096727090336867,-55.92076496583536
6622,0,normal,0.003633546642959118,0.3096727090336867,-55.92076496583536
6623,0,normal,0.003633546642959118,0.3096727090336867,-55.92076496583536
6624,0,normal,0.003633546642959118,0.3096727090336867,-55.92076496583536
6625,0,normal,0.003633546642959118,0.3096727090336867,-55.92076496583536
6626,0,normal,0.003633546642959118,0.3096727090336867,-55.92076496583536
6627,0,normal,0.003633546642959118,0.3096727090336867,-55.92076496583536
6628,0,normal,0.003633546642959118,0.3096727090336867,-55.92076496583536
6629,0,normal,0.003633546642959118,0.3096727090336867,-55.92076496583536
6630,0,normal,0.003633546642959118,0.3096727090336867,-55.92076496583536
6631,0,normal,0.003633546642959118,0.3096727090336867,-55.92076496583536
6632,0,normal,0.003633546642959118,0.3096727090336867,-55.92076496583536
6633,0,normal,0.003633546642959118,0.3096727090336867,-55.92076496583536
6634,0,normal,0.003633546642959118,0.3096727090336867,-55.92076496583536
6635,0,normal,0.003633546642959118,0.3096727090336867,-55.92076496583536
6636,0,normal,0.003633546642959118,0.3096727090336867,-55.92076496583536
6637,0,normal,0.003633546642959118,0.3096727090336867,-55.92076496583536
6638,0,normal,0.003633546642959118,0.3096727090336867,-55.92076496583536
6639,0,normal,0.003633546642959118,0.3096727090336867,-55.92076496583536
6640,0,normal,0.003633546642959118,0.3096727090336867,-55.92076496583536
6641,0,normal,0.003633546642959118,0.3096727090336867,-55.92076496583536
6642,0,normal,0.003633546642959118,0.3096727090336867,-55.92076496583536
6643,0,normal,0.003633546642959118,0.3096727090336867,-55.92076496583536
6644,0,normal,0.003633546642959118,0.3096727090336867,-55.92076496583536
6645,0,normal,0.003633546642959118,0.3096727090336867,-55.92076496583536
6646,0,normal,0.003633546642959118,0.3096727090336867,-55.92076496583536
6647,0,normal,0.003633546642959118,0.3096727090336867,-55.92076496583536
6648,0,normal,0.003633546642959118,0.3096727090336867,-55.92076496583536
6649,0,normal,0.003633546642959118,0.3096727090336867,-55.92076496583536
6650,0,normal,0.003633546642959118,0.3096727090336867,-55.92076496583536
6651,0,normal,0.003633546642959118,0.3096727090336867,-55.92076496583536
6652,0,normal,0.003633546642959118,0.3096727090336867,-55.92076496583536
6653,0,normal,0.003633546642959118,0.3096727090336867,-55.92076496583536
6654,0,normal,0.3463071882724762,0.3134426961514784,-55.5332054067901
6655,0,normal,0.2761498987674713,0.31384355093332394,-55.21836531664735
6656,0,normal,0.4048822522163391,0.31672478977918256,-54.96724611258401
6657,0,normal,1.0591055154800415,0.3173733511827502,-54.727133987939396
6658,0,normal,2.390503406524658,0.31869037063748856,-54.478247348184595
6659,0,normal,3.67030668258667,0.31959416361747417,-54.218993589870934
6660,0,normal,4.462163925170898,0.32154402838045876,-53.95032566944974
6661,0,normal,4.889982223510742,0.32540216321554727,-53.67317594375845
6662,0,normal,5.11604118347168,0.3283356114719778,-53.39025869686179
6663,0,normal,5.239660263061523,0.3294959313404932,-53.1023170549131
6664,0,normal,5.311432361602783,0.3316770281739238,-52.81041053106787
6665,0,normal,5.355763912200928,0.3357351087858477,-52.51515990547159
6666,0,normal,5.384567737579346,0.34174377035803905,-52.21773601625182
6667,0,normal,5.403980731964111,0.34558837371340484,-51.91847718247959
6668,0,normal,5.866114139556885,0.34481740352067103,-51.99996123099072
6669,0,normal,5.40083122253418,0.3478454728316397,-52.01304683272565
6670,0,normal,5.126864433288574,0.3488701842265726,-51.968408274334934
6671,0,normal,4.912810325622559,0.34988456437092574,-51.91789843235688
6672,0,normal,4.716609001159668,0.35029562069713677,-51.88213987424365
6673,0,normal,4.524645805358887,0.3537470413899985,-51.8609525719437
6674,0,normal,4.3314738273620605,0.35694867503878025,-51.84073057876299
6675,0,normal,4.134323596954346,0.35294119604490554,-51.81720417359679
6676,0,normal,3.931670665740967,0.3538955888296276,-51.76827289493872
6677,0,normal,3.7229702472686768,0.35526676193625045,-51.668706516810744
6678,0,normal,3.50858211517334,0.3568157935160084,-51.513104846416354
6679,0,normal,3.28965163230896,0.35802818342718684,-51.29905940988442
6680,0,normal,3.0678629875183105,0.3567451758604521,-51.019221059231995
6681,0,normal,2.8450820446014404,0.3536634871319398,-50.6732122096912
6682,0,normal,2.6229195594787598,0.35627485876270354,-50.25977198147416
6683,0,normal,2.4023375511169434,0.3541625435590913,-49.77717208143599
6684,0,normal,2.1663286685943604,0.3495039094457087,-50.068524997685245
6685,0,normal,1.9280942678451538,0.346588016791911,-50.35547121823606
6686,0,normal,1.684409260749817,0.3445809454825337,-50.63672038443883
6687,0,normal,1.429734468460083,0.3407873826010352,-50.914039920540745
6688,0,normal,1.155687689781189,0.33559994536579646,-51.2004391157036
6689,0,normal,0.8515126705169678,0.3315429714634221,-51.49921676544341
6690,0,normal,0.512340784072876,0.328136458606178,-51.83016444939972
6691,0,normal,0.185979425907135,0.32373602898341985,-52.21825828864576
6692,0,normal,0.02311873994767666,0.3211338380279439,-52.6677486805911
6693,0,normal,0.00401090644299984,0.3190407749139017,-53.18024819742368
6694,0,normal,0.0037993404548615217,0.31627903918919126,-53.761866792584215
6695,0,normal,0.003641637973487377,0.31504817700892873,-54.4124083062527
6696,0,normal,0.0036341026425361633,0.31148745426739555,-55.131991057525056
6697,0,normal,0.003633546642959118,0.3096727090336867,-55.92076496583536
6698,0,normal,0.003633546642959118,0.3096727090336867,-55.92076496583536
6699,0,normal,0.003633546642959118,0.3096727090336867,-55.92076496583536
6700,0,normal,0.003633546642959118,0.3096727090336867,-55.92076496583536
6701,0,normal,0.003633546642959118,0.3096727090336867,-55.92076496583536
6702,0,normal,0.003633546642959118,0.3096727090336867,-55.92076496583536
6703,0,normal,0.003633546642959118,0.3096727090336867,-55.92076496583536
6704,0,normal,0.003633546642959118,0.3096727090336867,-55.92076496583536
6705,0,normal,0.003633546642959118,0.3096727090336867,-55.92076496583536
6706,0,normal,0.003633546642959118,0.3096727090336867,-55.92076496583536
6707,0,normal,0.003633546642959118,0.3096727090336867,-55.92076496583536
6708,0,normal,0.003633546642959118,0.3096727090336867,-55.92076496583536
6709,0,normal,0.003633546642959118,0.3096727090336867,-55.92076496583536
6710,0,normal,0.003633546642959118,0.3096727090336867,-55.92076496583536
6711,0,normal,0.003633546642959118,0.3096727090336867,-55.92076496583536
6712,0,normal,0.003633546642959118,0.3096727090336867,-55.92076496583536
6713,0,normal,0.003633546642959118,0.3096727090336867,-55.92076496583536
6714,0,normal,0.003633546642959118,0.3096727090336867,-55.92076496583536
6715,0,normal,0.003633546642959118,0.3096727090336867,-55.92076496583536
6716,0,normal,0.003633546642959118,0.3096727090336867,-55.92076496583536
6717,0,normal,0.003633546642959118,0.3096727090336867,-55.92076496583536
6718,0,normal,0.003633546642959118,0.3096727090336867,-55.92076496583536
6719,0,normal,0.003633546642959118,0.3096727090336867,-55.92076496583536
6720,0,normal,0.003633546642959118,0.3096727090336867,-55.92076496583536
6721,0,normal,0.003633546642959118,0.3096727090336867,-55.92076496583536
6722,0,normal,0.003633546642959118,0.3096727090336867,-55.92076496583536
6723,0,normal,0.003633546642959118,0.3096727090336867,-55.92076496583536
6724,0,normal,0.003633546642959118,0.3096727090336867,-55.92076496583536
6725,0,normal,0.003633546642959118,0.3096727090336867,-55.92076496583536
6726,0,normal,0.003633546642959118,0.3096727090336867,-55.92076496583536
6727,0,normal,0.003633546642959118,0.3096727090336867,-55.92076496583536
6728,0,normal,0.003633546642959118,0.3096727090336867,-55.92076496583536
6729,0,normal,0.003633546642959118,0.3096727090336867,-55.92076496583536
6730,0,normal,0.003633546642959118,0.3096727090336867,-55.92076496583536
6731,0,normal,0.003633546642959118,0.3096727090336867,-55.92076496583536
6732,0,normal,0.003633546642959118,0.3096727090336867,-55.92076496583536
6733,0,normal,0.003633546642959118,0.3096727090336867,-55.92076496583536
6734,0,normal,0.003633546642959118,0.3096727090336867,-55.92076496583536
6735,0,normal,0.003633546642959118,0.3096727090336867,-55.92076496583536
6736,0,normal,0.003633546642959118,0.3096727090336867,-55.92076496583536
6737,0,normal,0.003633546642959118,0.3096727090336867,-55.92076496583536
6738,0,normal,0.003633546642959118,0.3096727090336867,-55.92076496583536
6739,0,normal,0.003633546642959118,0.3096727090336867,-55.92076496583536
6740,0,normal,0.003633546642959118,0.3096727090336867,-55.92076496583536
6741,0,normal,0.003633546642959118,0.3096727090336867,-55.92076496583536
6742,0,normal,0.003633546642959118,0.3096727090336867,-55.92076496583536
6743,0,normal,0.003633546642959118,0.3096727090336867,-55.92076496583536
6744,0,normal,0.003633546642959118,0.3096727090336867,-55.92076496583536
6745,0,normal,0.003633546642959118,0.3096727090336867,-55.92076496583536
6746,0,normal,0.003633546642959118,0.3096727090336867,-55.92076496583536
6747,0,normal,0.003633546642959118,0.3096727090336867,-55.92076496583536
6748,0,normal,0.003633546642959118,0.3096727090336867,-55.92076496583536
6749,0,normal,0.003633546642959118,0.3096727090336867,-55.92076496583536
6750,0,normal,0.003633546642959118,0.3096727090336867,-55.92076496583536
6751,0,normal,0.003633546642959118,0.3096727090336867,-55.92076496583536
6752,0,normal,0.003633546642959118,0.3096727090336867,-55.92076496583536
6753,0,normal,0.003633546642959118,0.3096727090336867,-55.92076496583536
6754,0,normal,0.003633546642959118,0.3096727090336867,-55.92076496583536
6755,0,normal,0.003633546642959118,0.3096727090336867,-55.92076496583536
6756,0,normal,0.003633546642959118,0.3096727090336867,-55.92076496583536
6757,0,normal,0.003633546642959118,0.3096727090336867,-55.92076496583536
6758,0,normal,0.003633546642959118,0.3096727090336867,-55.92076496583536
6759,0,normal,0.003633546642959118,0.3096727090336867,-55.92076496583536
6760,0,normal,0.003633546642959118,0.3096727090336867,-55.92076496583536
6761,0,normal,0.3463071882724762,0.3134426961514784,-55.5332054067901
6762,0,normal,0.2761498987674713,0.31384355093332394,-55.21836531664735
6763,0,normal,0.4048822522163391,0.31672478977918256,-54.96724611258401
6764,0,normal,1.0591055154800415,0.3173733511827502,-54.727133987939396
6765,0,normal,2.390503406524658,0.31869037063748856,-54.478247348184595
6766,0,normal,3.67030668258667,0.31959416361747417,-54.218993589870934
6767,0,normal,4.462163925170898,0.32154402838045876,-53.95032566944974
6768,0,normal,4.889982223510742,0.32540216321554727,-53.67317594375845
6769,0,normal,5.11604118347168,0.3283356114719778,-53.39025869686179
6770,0,normal,5.239660263061523,0.3294959313404932,-53.1023170549131
6771,0,normal,5.311432361602783,0.3316770281739238,-52.81041053106787
6772,0,normal,5.355763912200928,0.3357351087858477,-52.51515990547159
6773,0,normal,5.384567737579346,0.34174377035803905,-52.21773601625182
6774,0,normal,5.403980731964111,0.34558837371340484,-51.91847718247959
6775,0,normal,5.866114139556885,0.34481740352067103,-51.99996123099072
6776,0,normal,5.40083122253418,0.3478454728316397,-52.01304683272565
6777,0,normal,5.126864433288574,0.3488701842265726,-51.968408274334934
6778,0,normal,4.912810325622559,0.34988456437092574,-51.91789843235688
6779,0,normal,4.716609001159668,0.35029562069713677,-51.88213987424365
6780,0,normal,4.524645805358887,0.3537470413899985,-51.8609525719437
6781,0,normal,4.3314738273620605,0.35694867503878025,-51.84073057876299
6782,0,normal,4.134323596954346,0.35294119604490554,-51.81720417359679
6783,0,normal,3.931670665740967,0.3538955888296276,-51.76827289493872
6784,0,normal,3.7229702472686768,0.35526676193625045,-51.668706516810744
6785,0,normal,3.50858211517334,0.3568157935160084,-51.513104846416354
6786,0,normal,3.28965163230896,0.35802818342718684,-51.29905940988442
6787,0,normal,3.0678629875183105,0.3567451758604521,-51.019221059231995
6788,0,normal,2.8450820446014404,0.3536634871319398,-50.6732122096912
6789,0,normal,2.6229195594787598,0.35627485876270354,-50.25977198147416
6790,0,normal,2.4023375511169434,0.3541625435590913,-49.77717208143599
6791,0,normal,2.1663286685943604,0.3495039094457087,-50.068524997685245
6792,0,normal,1.9280942678451538,0.346588016791911,-50.35547121823606
6793,0,normal,1.684409260749817,0.3445809454825337,-50.63672038443883
6794,0,normal,1.429734468460083,0.3407873826010352,-50.914039920540745
6795,0,normal,1.155687689781189,0.33559994536579646,-51.2004391157036
6796,0,normal,0.8515126705169678,0.3315429714634221,-51.49921676544341
6797,0,normal,0.512340784072876,0.328136458606178,-51.83016444939972
6798,0,normal,0.185979425907135,0.32373602898341985,-52.21825828864576
6799,0,normal,0.02311873994767666,0.3211338380279439,-52.6677486805911
6800,0,normal,0.00401090644299984,0.3190407749139017,-53.18024819742368
6801,0,normal,0.0037993404548615217,0.31627903918919126,-53.761866792584215
6802,0,normal,0.003641637973487377,0.31504817700892873,-54.4124083062527
6803,0,normal,0.0036341026425361633,0.31148745426739555,-55.131991057525056
6804,0,normal,0.003633546642959118,0.3096727090336867,-55.92076496583536
6805,0,normal,0.003633546642959118,0.3096727090336867,-55.92076496583536
6806,0,normal,0.003633546642959118,0.3096727090336867,-55.92076496583536
6807,0,normal,0.003633546642959118,0.3096727090336867,-55.92076496583536
6808,0,normal,0.003633546642959118,0.3096727090336867,-55.92076496583536
6809,0,normal,0.3463071882724762,0.3134426961514784,-55.5332054067901
6810,0,normal,0.2761498987674713,0.31384355093332394,-55.21836531664735
6811,0,normal,0.4048822522163391,0.31672478977918256,-54.96724611258401
6812,0,normal,1.0591055154800415,0.3173733511827502,-54.727133987939396
6813,0,normal,2.390503406524658,0.31869037063748856,-54.478247348184595
6814,0,normal,3.67030668258667,0.31959416361747417,-54.218993589870934
6815,0,normal,4.462163925170898,0.32154402838045876,-53.95032566944974
6816,0,normal,4.889982223510742,0.32540216321554727,-53.67317594375845
6817,0,normal,5.11604118347168,0.3283356114719778,-53.39025869686179
6818,0,normal,5.239660263061523,0.3294959313404932,-53.1023170549131
6819,0,normal,5.311432361602783,0.3316770281739238,-52.81041053106787
6820,0,normal,5.355763912200928,0.3357351087858477,-52.51515990547159
6821,0,normal,5.384567737579346,0.34174377035803905,-52.21773601625182
6822,0,normal,5.403980731964111,0.34558837371340484,-51.91847718247959
6823,0,normal,5.4173903465271,0.34711728543448145,-51.61835167329218
6824,0,normal,5.876779079437256,0.34719829921677564,-51.70132731519175
6825,0,normal,5.410120010375977,0.35239238082593005,-51.717766219877376
6826,0,normal,5.135939121246338,0.35107951974632984,-51.676759542401896
6827,0,normal,4.922041893005371,0.3520825722150713,-51.631336355275835
6828,0,normal,4.726203918457031,0.35353774729393384,-51.599139023817315
6829,0,normal,4.534815788269043,0.3595572347643161,-51.569062892303236
6830,0,normal,4.342431545257568,0.3584209908234974,-51.5368071987034
6831,0,normal,4.1462225914001465,0.3572838597765326,-51.48213297384336
6832,0,normal,3.9445714950561523,0.3566847519247578,-51.37782006162752
6833,0,normal,3.736819267272949,0.3583454554556017,-51.21877685716049
6834,0,normal,3.5232205390930176,0.35803956379625146,-51.002167323140384
6835,0,normal,3.3048295974731445,0.36157335336310903,-50.72117896022678
6836,0,normal,3.083254814147949,0.35859034973933623,-50.37461945225027
6837,0,normal,2.8602914810180664,0.35644122636643455,-49.96180456725165
6838,0,normal,2.637516736984253,0.35867882446728944,-49.48144372629122
6839,0,normal,2.4023375511169434,0.3541625435590913,-49.77717208143599
6840,0,normal,2.1663286685943604,0.3495039094457087,-50.068524997685245
6841,0,normal,1.9280942678451538,0.346588016791911,-50.35547121823606
6842,0,normal,1.684409260749817,0.3445809454825337,-50.63672038443883
6843,0,normal,1.429734468460083,0.3407873826010352,-50.914039920540745
6844,0,normal,1.155687689781189,0.33559994536579646,-51.2004391157036
6845,0,normal,0.8515126705169678,0.3315429714634221,-51.49921676544341
6846,0,normal,0.512340784072876,0.328136458606178,-51.83016444939972
6847,0,normal,0.185979425907135,0.32373602898341985,-52.21825828864576
6848,0,normal,0.02311873994767666,0.3211338380279439,-52.6677486805911
6849,0,normal,0.00401090644299984,0.3190407749139017,-53.18024819742368
6850,0,normal,0.0037993404548615217,0.31627903918919126,-53.761866792584215
6851,0,normal,0.003641637973487377,0.31504817700892873,-54.4124083062527
6852,0,normal,0.0036341026425361633,0.31148745426739555,-55.131991057525056
6853,0,normal,0.003633546642959118,0.3096727090336867,-55.92076496583536
6854,0,normal,0.003633546642959118,0.3096727090336867,-55.92076496583536
6855,0,normal,0.003633546642959118,0.3096727090336867,-55.92076496583536
6856,0,normal,0.003633546642959118,0.3096727090336867,-55.92076496583536
6857,0,normal,0.003633546642959118,0.3096727090336867,-55.92076496583536
6858,0,normal,0.003633546642959118,0.3096727090336867,-55.92076496583536
6859,0,normal,0.003633546642959118,0.3096727090336867,-55.92076496583536
6860,0,normal,0.003633546642959118,0.3096727090336867,-55.92076496583536
6861,0,normal,0.003633546642959118,0.3096727090336867,-55.92076496583536
6862,0,normal,0.003633546642959118,0.3096727090336867,-55.92076496583536
6863,0,normal,0.003633546642959118,0.3096727090336867,-55.92076496583536
6864,0,normal,0.003633546642959118,0.3096727090336867,-55.92076496583536
6865,0,normal,0.003633546642959118,0.3096727090336867,-55.92076496583536
6866,0,normal,0.003633546642959118,0.3096727090336867,-55.92076496583536
6867,0,normal,0.003633546642959118,0.3096727090336867,-55.92076496583536
6868,0,normal,0.003633546642959118,0.3096727090336867,-55.92076496583536
6869,0,normal,0.003633546642959118,0.3096727090336867,-55.92076496583536
6870,0,normal,0.003633546642959118,0.3096727090336867,-55.92076496583536
6871,0,normal,0.003633546642959118,0.3096727090336867,-55.92076496583536
6872,0,normal,0.003633546642959118,0.3096727090336867,-55.92076496583536
6873,0,normal,0.003633546642959118,0.3096727090336867,-55.92076496583536
6874,0,normal,0.003633546642959118,0.3096727090336867,-55.92076496583536
6875,0,normal,0.003633546642959118,0.3096727090336867,-55.92076496583536
6876,0,normal,0.003633546642959118,0.3096727090336867,-55.92076496583536
6877,0,normal,0.003633546642959118,0.3096727090336867,-55.92076496583536
6878,0,normal,0.003633546642959118,0.3096727090336867,-55.92076496583536
6879,0,normal,0.003633546642959118,0.3096727090336867,-55.92076496583536
6880,0,normal,0.003633546642959118,0.3096727090336867,-55.92076496583536
6881,0,normal,0.003633546642959118,0.3096727090336867,-55.92076496583536
6882,0,normal,0.003633546642959118,0.3096727090336867,-55.92076496583536
6883,0,normal,0.003633546642959118,0.3096727090336867,-55.92076496583536
6884,0,normal,0.003633546642959118,0.3096727090336867,-55.92076496583536
6885,0,normal,0.003633546642959118,0.3096727090336867,-55.92076496583536
6886,0,normal,0.003633546642959118,0.3096727090336867,-55.92076496583536
6887,0,normal,0.003633546642959118,0.3096727090336867,-55.92076496583536
6888,0,normal,0.003633546642959118,0.3096727090336867,-55.92076496583536
6889,0,normal,0.003633546642959118,0.3096727090336867,-55.92076496583536
6890,0,normal,0.003633546642959118,0.3096727090336867,-55.92076496583536
6891,0,normal,0.003633546642959118,0.3096727090336867,-55.92076496583536
6892,0,normal,0.003633546642959118,0.3096727090336867,-55.92076496583536
6893,0,normal,0.003633546642959118,0.3096727090336867,-55.92076496583536
6894,0,normal,0.003633546642959118,0.3096727090336867,-55.92076496583536
6895,0,normal,0.003633546642959118,0.3096727090336867,-55.92076496583536
6896,0,normal,0.003633546642959118,0.3096727090336867,-55.92076496583536
6897,0,normal,0.003633546642959118,0.3096727090336867,-55.92076496583536
6898,0,normal,0.003633546642959118,0.3096727090336867,-55.92076496583536
6899,0,normal,0.003633546642959118,0.3096727090336867,-55.92076496583536
6900,0,normal,0.003633546642959118,0.3096727090336867,-55.92076496583536
6901,0,normal,0.003633546642959118,0.3096727090336867,-55.92076496583536
6902,0,normal,0.003633546642959118,0.3096727090336867,-55.92076496583536
6903,0,normal,0.003633546642959118,0.3096727090336867,-55.92076496583536
6904,0,normal,0.003633546642959118,0.3096727090336867,-55.92076496583536
6905,0,normal,0.003633546642959118,0.3096727090336867,-55.92076496583536
6906,0,normal,0.003633546642959118,0.3096727090336867,-55.92076496583536
6907,0,normal,0.3463071882724762,0.3134426961514784,-55.5332054067901
6908,0,normal,0.2761498987674713,0.31384355093332394,-55.21836531664735
6909,0,normal,0.4048822522163391,0.31672478977918256,-54.96724611258401
6910,0,normal,1.0591055154800415,0.3173733511827502,-54.727133987939396
6911,0,normal,2.390503406524658,0.31869037063748856,-54.478247348184595
6912,0,normal,3.67030668258667,0.31959416361747417,-54.218993589870934
6913,0,normal,4.462163925170898,0.32154402838045876,-53.95032566944974
6914,0,normal,4.889982223510742,0.32540216321554727,-53.67317594375845
6915,0,normal,5.11604118347168,0.3283356114719778,-53.39025869686179
6916,0,normal,5.239660263061523,0.3294959313404932,-53.1023170549131
6917,0,normal,5.311432361602783,0.3316770281739238,-52.81041053106787
6918,0,normal,5.355763912200928,0.3357351087858477,-52.51515990547159
6919,0,normal,5.384567737579346,0.34174377035803905,-52.21773601625182
6920,0,normal,5.403980731964111,0.34558837371340484,-51.91847718247959
6921,0,normal,5.866114139556885,0.34481740352067103,-51.99996123099072
6922,0,normal,5.40083122253418,0.3478454728316397,-52.01304683272565
6923,0,normal,5.126864433288574,0.3488701842265726,-51.968408274334934
6924,0,normal,4.912810325622559,0.34988456437092574,-51.91789843235688
6925,0,normal,4.716609001159668,0.35029562069713677,-51.88213987424365
6926,0,normal,4.524645805358887,0.3537470413899985,-51.8609525719437
6927,0,normal,4.3314738273620605,0.35694867503878025,-51.84073057876299
6928,0,normal,4.134323596954346,0.35294119604490554,-51.81720417359679
6929,0,normal,3.931670665740967,0.3538955888296276,-51.76827289493872
6930,0,normal,3.7229702472686768,0.35526676193625045,-51.668706516810744
6931,0,normal,3.50858211517334,0.3568157935160084,-51.513104846416354
6932,0,normal,3.28965163230896,0.35802818342718684,-51.29905940988442
6933,0,normal,3.0678629875183105,0.3567451758604521,-51.019221059231995
6934,0,normal,2.8450820446014404,0.3536634871319398,-50.6732122096912
6935,0,normal,2.6229195594787598,0.35627485876270354,-50.25977198147416
6936,0,normal,2.4023375511169434,0.3541625435590913,-49.77717208143599
6937,0,normal,2.1663286685943604,0.3495039094457087,-50.068524997685245
6938,0,normal,1.9280942678451538,0.346588016791911,-50.35547121823606
6939,0,normal,1.684409260749817,0.3445809454825337,-50.63672038443883
6940,0,normal,1.5428274869918823,0.34402271606466045,-50.52040182684209
6941,0,normal,1.872849941253662,0.3410236159289703,-50.48681057077897
6942,0,normal,2.390085458755493,0.341909910721089,-50.53056005349163
6943,0,normal,2.98589825630188,0.33944941551054697,-50.61927474229674
6944,0,normal,3.5337297916412354,0.3362389300401244,-50.75807066801508
6945,0,normal,3.9718017578125,0.3344821360029498,-50.94934481582277
6946,0,normal,4.36312198638916,0.3318680000319811,-51.19538452639836
6947,0,normal,4.852499008178711,0.3310126940917033,-51.50290789071755
6948,0,normal,5.113739490509033,0.3326969063566033,-51.87413985318176
6949,0,normal,5.23930549621582,0.3309570623315015,-52.309662814811645
6950,0,normal,5.311432361602783,0.3316770281739238,-52.81041053106787
6951,0,normal,5.355763912200928,0.3357351087858477,-52.51515990547159
6952,0,normal,5.384567737579346,0.34174377035803905,-52.21773601625182
6953,0,normal,5.403980731964111,0.34558837371340484,-51.91847718247959
6954,0,normal,5.866114139556885,0.34481740352067103,-51.99996123099072
6955,0,normal,5.40083122253418,0.3478454728316397,-52.01304683272565
6956,0,normal,5.126864433288574,0.3488701842265726,-51.968408274334934
6957,0,normal,4.912810325622559,0.34988456437092574,-51.91789843235688
6958,0,normal,4.716609001159668,0.35029562069713677,-51.88213987424365
6959,0,normal,4.524645805358887,0.3537470413899985,-51.8609525719437
6960,0,normal,4.3314738273620605,0.35694867503878025,-51.84073057876299
6961,0,normal,4.134323596954346,0.35294119604490554,-51.81720417359679
6962,0,normal,3.931670665740967,0.3538955888296276,-51.76827289493872
6963,0,normal,3.7229702472686768,0.35526676193625045,-51.668706516810744
6964,0,normal,3.50858211517334,0.3568157935160084,-51.513104846416354
6965,0,normal,3.28965163230896,0.35802818342718684,-51.29905940988442
6966,0,normal,3.0678629875183105,0.3567451758604521,-51.019221059231995
6967,0,normal,2.8450820446014404,0.3536634871319398,-50.6732122096912
6968,0,normal,2.6229195594787598,0.35627485876270354,-50.25977198147416
6969,0,normal,2.4023375511169434,0.3541625435590913,-49.77717208143599
6970,0,normal,2.1663286685943604,0.3495039094457087,-50.068524997685245
6971,0,normal,1.9280942678451538,0.346588016791911,-50.35547121823606
6972,0,normal,1.684409260749817,0.3445809454825337,-50.63672038443883
6973,0,normal,1.429734468460083,0.3407873826010352,-50.914039920540745
6974,0,normal,1.155687689781189,0.33559994536579646,-51.2004391157036
6975,0,normal,0.8515126705169678,0.3315429714634221,-51.49921676544341
6976,0,normal,0.512340784072876,0.328136458606178,-51.83016444939972
6977,0,normal,0.185979425907135,0.32373602898341985,-52.21825828864576
6978,0,normal,0.02311873994767666,0.3211338380279439,-52.6677486805911
6979,0,normal,0.00401090644299984,0.3190407749139017,-53.18024819742368
6980,0,normal,0.0037993404548615217,0.31627903918919126,-53.761866792584215
6981,0,normal,0.003641637973487377,0.31504817700892873,-54.4124083062527
6982,0,normal,0.0036341026425361633,0.31148745426739555,-55.131991057525056
6983,0,normal,0.003633546642959118,0.3096727090336867,-55.92076496583536
6984,0,normal,0.003633546642959118,0.3096727090336867,-55.92076496583536
6985,0,normal,0.003633546642959118,0.3096727090336867,-55.92076496583536
6986,0,normal,0.003633546642959118,0.3096727090336867,-55.92076496583536
6987,0,normal,0.003633546642959118,0.3096727090336867,-55.92076496583536
6988,0,normal,0.003633546642959118,0.3096727090336867,-55.92076496583536
6989,0,normal,0.003633546642959118,0.3096727090336867,-55.92076496583536
6990,0,normal,0.003633546642959118,0.3096727090336867,-55.92076496583536
6991,0,normal,0.003633546642959118,0.3096727090336867,-55.92076496583536
6992,0,normal,0.003633546642959118,0.3096727090336867,-55.92076496583536
6993,0,normal,0.003633546642959118,0.3096727090336867,-55.92076496583536
6994,0,normal,0.003633546642959118,0.3096727090336867,-55.92076496583536
6995,0,normal,0.003633546642959118,0.3096727090336867,-55.92076496583536
6996,0,normal,0.003633546642959118,0.3096727090336867,-55.92076496583536
6997,0,normal,0.003633546642959118,0.3096727090336867,-55.92076496583536
6998,0,normal,0.003633546642959118,0.3096727090336867,-55.92076496583536
6999,0,normal,0.003633546642959118,0.3096727090336867,-55.92076496583536
7000,0,normal,0.003633546642959118,0.3096727090336867,-55.92076496583536
7001,0,normal,0.003633546642959118,0.3096727090336867,-55.92076496583536
7002,0,normal,0.003633546642959118,0.3096727090336867,-55.92076496583536
7003,0,normal,0.003633546642959118,0.3096727090336867,-55.92076496583536
7004,0,normal,0.003633546642959118,0.3096727090336867,-55.92076496583536
7005,0,normal,0.003633546642959118,0.3096727090336867,-55.92076496583536
7006,0,normal,0.003633546642959118,0.3096727090336867,-55.92076496583536
7007,0,normal,0.003633546642959118,0.3096727090336867,-55.92076496583536
7008,0,normal,0.003633546642959118,0.3096727090336867,-55.92076496583536
7009,0,normal,0.003633546642959118,0.3096727090336867,-55.92076496583536
7010,0,normal,0.003633546642959118,0.3096727090336867,-55.92076496583536
7011,0,normal,0.003633546642959118,0.3096727090336867,-55.92076496583536
7012,0,normal,0.003633546642959118,0.3096727090336867,-55.92076496583536
7013,0,normal,0.003633546642959118,0.3096727090336867,-55.92076496583536
7014,0,normal,0.003633546642959118,0.3096727090336867,-55.92076496583536
7015,0,normal,0.003633546642959118,0.3096727090336867,-55.92076496583536
7016,0,normal,0.003633546642959118,0.3096727090336867,-55.92076496583536
7017,0,normal,0.003633546642959118,0.3096727090336867,-55.92076496583536
7018,0,normal,0.003633546642959118,0.3096727090336867,-55.92076496583536
7019,0,normal,0.003633546642959118,0.3096727090336867,-55.92076496583536
7020,0,normal,0.003633546642959118,0.3096727090336867,-55.92076496583536
7021,0,normal,0.003633546642959118,0.3096727090336867,-55.92076496583536
7022,0,normal,0.003633546642959118,0.3096727090336867,-55.92076496583536
7023,0,normal,0.003633546642959118,0.3096727090336867,-55.92076496583536
7024,0,normal,0.003633546642959118,0.3096727090336867,-55.92076496583536
7025,0,normal,0.003633546642959118,0.3096727090336867,-55.92076496583536
7026,0,normal,0.003633546642959118,0.3096727090336867,-55.92076496583536
7027,0,normal,0.003633546642959118,0.3096727090336867,-55.92076496583536
7028,0,normal,0.003633546642959118,0.3096727090336867,-55.92076496583536
7029,0,normal,0.003633546642959118,0.3096727090336867,-55.92076496583536
7030,0,normal,0.003633546642959118,0.3096727090336867,-55.92076496583536
7031,0,normal,0.003633546642959118,0.3096727090336867,-55.92076496583536
7032,0,normal,0.003633546642959118,0.3096727090336867,-55.92076496583536
7033,0,normal,0.003633546642959118,0.3096727090336867,-55.92076496583536
7034,0,normal,0.003633546642959118,0.3096727090336867,-55.92076496583536
7035,0,normal,0.003633546642959118,0.3096727090336867,-55.92076496583536
7036,0,normal,0.003633546642959118,0.3096727090336867,-55.92076496583536
7037,0,normal,0.3463071882724762,0.3134426961514784,-55.5332054067901
7038,0,normal,0.2761498987674713,0.31384355093332394,-55.21836531664735
7039,0,normal,0.4048822522163391,0.31672478977918256,-54.96724611258401
7040,0,normal,1.0591055154800415,0.3173733511827502,-54.727133987939396
7041,0,normal,2.390503406524658,0.31869037063748856,-54.478247348184595
7042,0,normal,3.67030668258667,0.31959416361747417,-54.218993589870934
7043,0,normal,4.462163925170898,0.32154402838045876,-53.95032566944974
7044,0,normal,4.889982223510742,0.32540216321554727,-53.67317594375845
7045,0,normal,5.11604118347168,0.3283356114719778,-53.39025869686179
7046,0,normal,5.239660263061523,0.3294959313404932,-53.1023170549131
7047,0,normal,5.311432361602783,0.3316770281739238,-52.81041053106787
7048,0,normal,5.355763912200928,0.3357351087858477,-52.51515990547159
7049,0,normal,5.384567737579346,0.34174377035803905,-52.21773601625182
7050,0,normal,5.403980731964111,0.34558837371340484,-51.91847718247959
7051,0,normal,5.866114139556885,0.34481740352067103,-51.99996123099072
7052,0,normal,5.40083122253418,0.3478454728316397,-52.01304683272565
7053,0,normal,5.126864433288574,0.3488701842265726,-51.968408274334934
7054,0,normal,4.912810325622559,0.34988456437092574,-51.91789843235688
7055,0,normal,4.716609001159668,0.35029562069713677,-51.88213987424365
7056,0,normal,4.524645805358887,0.3537470413899985,-51.8609525719437
7057,0,normal,4.3314738273620605,0.35694867503878025,-51.84073057876299
7058,0,normal,4.134323596954346,0.35294119604490554,-51.81720417359679
7059,0,normal,3.931670665740967,0.3538955888296276,-51.76827289493872
7060,0,normal,3.7229702472686768,0.35526676193625045,-51.668706516810744
7061,0,normal,3.50858211517334,0.3568157935160084,-51.513104846416354
7062,0,normal,3.28965163230896,0.35802818342718684,-51.29905940988442
7063,0,normal,3.0678629875183105,0.3567451758604521,-51.019221059231995
7064,0,normal,2.8450820446014404,0.3536634871319398,-50.6732122096912
7065,0,normal,2.6229195594787598,0.35627485876270354,-50.25977198147416
7066,0,normal,2.4023375511169434,0.3541625435590913,-49.77717208143599
7067,0,normal,2.1663286685943604,0.3495039094457087,-50.068524997685245
7068,0,normal,1.9280942678451538,0.346588016791911,-50.35547121823606
7069,0,normal,1.684409260749817,0.3445809454825337,-50.63672038443883
7070,0,normal,1.429734468460083,0.3407873826010352,-50.914039920540745
7071,0,normal,1.155687689781189,0.33559994536579646,-51.2004391157036
7072,0,normal,0.8515126705169678,0.3315429714634221,-51.49921676544341
7073,0,normal,0.512340784072876,0.328136458606178,-51.83016444939972
7074,0,normal,0.185979425907135,0.32373602898341985,-52.21825828864576
7075,0,normal,0.02311873994767666,0.3211338380279439,-52.6677486805911
7076,0,normal,0.00401090644299984,0.3190407749139017,-53.18024819742368
7077,0,normal,0.0037993404548615217,0.31627903918919126,-53.761866792584215
7078,0,normal,0.003641637973487377,0.31504817700892873,-54.4124083062527
7079,0,normal,0.0036341026425361633,0.31148745426739555,-55.131991057525056
7080,0,normal,0.003633546642959118,0.3096727090336867,-55.92076496583536
7081,0,normal,0.003633546642959118,0.3096727090336867,-55.92076496583536
7082,0,normal,0.003633546642959118,0.3096727090336867,-55.92076496583536
7083,0,normal,0.003633546642959118,0.3096727090336867,-55.92076496583536
7084,0,normal,0.003633546642959118,0.3096727090336867,-55.92076496583536
7085,0,normal,0.003633546642959118,0.3096727090336867,-55.92076496583536
7086,0,normal,0.003633546642959118,0.3096727090336867,-55.92076496583536
7087,0,normal,0.003633546642959118,0.3096727090336867,-55.92076496583536
7088,0,normal,0.003633546642959118,0.3096727090336867,-55.92076496583536
7089,0,normal,0.003633546642959118,0.3096727090336867,-55.92076496583536
7090,0,normal,0.003633546642959118,0.3096727090336867,-55.92076496583536
7091,0,normal,0.003633546642959118,0.3096727090336867,-55.92076496583536
7092,0,normal,0.003633546642959118,0.3096727090336867,-55.92076496583536
7093,0,normal,0.003633546642959118,0.3096727090336867,-55.92076496583536
7094,0,normal,0.003633546642959118,0.3096727090336867,-55.92076496583536
7095,0,normal,0.003633546642959118,0.3096727090336867,-55.92076496583536
7096,0,normal,0.003633546642959118,0.3096727090336867,-55.92076496583536
7097,0,normal,0.003633546642959118,0.3096727090336867,-55.92076496583536
7098,0,normal,0.003633546642959118,0.3096727090336867,-55.92076496583536
7099,0,normal,0.003633546642959118,0.3096727090336867,-55.92076496583536
7100,0,normal,0.003633546642959118,0.3096727090336867,-55.92076496583536
7101,0,normal,0.003633546642959118,0.3096727090336867,-55.92076496583536
7102,0,normal,0.003633546642959118,0.3096727090336867,-55.92076496583536
7103,0,normal,0.003633546642959118,0.3096727090336867,-55.92076496583536
7104,0,normal,0.003633546642959118,0.3096727090336867,-55.92076496583536
7105,0,normal,0.003633546642959118,0.3096727090336867,-55.92076496583536
7106,0,normal,0.003633546642959118,0.3096727090336867,-55.92076496583536
7107,0,normal,0.003633546642959118,0.3096727090336867,-55.92076496583536
7108,0,normal,0.003633546642959118,0.3096727090336867,-55.92076496583536
7109,0,normal,0.003633546642959118,0.3096727090336867,-55.92076496583536
7110,0,normal,0.003633546642959118,0.3096727090336867,-55.92076496583536
7111,0,normal,0.003633546642959118,0.3096727090336867,-55.92076496583536
7112,0,normal,0.003633546642959118,0.3096727090336867,-55.92076496583536
7113,0,normal,0.003633546642959118,0.3096727090336867,-55.92076496583536
7114,0,normal,0.003633546642959118,0.3096727090336867,-55.92076496583536
7115,0,normal,0.003633546642959118,0.3096727090336867,-55.92076496583536
7116,0,normal,0.003633546642959118,0.3096727090336867,-55.92076496583536
7117,0,normal,0.003633546642959118,0.3096727090336867,-55.92076496583536
7118,0,normal,0.003633546642959118,0.3096727090336867,-55.92076496583536
7119,0,normal,0.003633546642959118,0.3096727090336867,-55.92076496583536
7120,0,normal,0.003633546642959118,0.3096727090336867,-55.92076496583536
7121,0,normal,0.003633546642959118,0.3096727090336867,-55.92076496583536
7122,0,normal,0.003633546642959118,0.3096727090336867,-55.92076496583536
7123,0,normal,0.003633546642959118,0.3096727090336867,-55.92076496583536
7124,0,normal,0.003633546642959118,0.3096727090336867,-55.92076496583536
7125,0,normal,0.003633546642959118,0.3096727090336867,-55.92076496583536
7126,0,normal,0.003633546642959118,0.3096727090336867,-55.92076496583536
7127,0,normal,0.003633546642959118,0.3096727090336867,-55.92076496583536
7128,0,normal,0.003633546642959118,0.3096727090336867,-55.92076496583536
7129,0,normal,0.003633546642959118,0.3096727090336867,-55.92076496583536
7130,0,normal,0.003633546642959118,0.3096727090336867,-55.92076496583536
7131,0,normal,0.003633546642959118,0.3096727090336867,-55.92076496583536
7132,0,normal,0.003633546642959118,0.3096727090336867,-55.92076496583536
7133,0,normal,0.003633546642959118,0.3096727090336867,-55.92076496583536
7134,0,normal,0.003633546642959118,0.3096727090336867,-55.92076496583536
7135,0,normal,0.003633546642959118,0.3096727090336867,-55.92076496583536
7136,0,normal,0.003633546642959118,0.3096727090336867,-55.92076496583536
7137,0,normal,0.003633546642959118,0.3096727090336867,-55.92076496583536
7138,0,normal,0.003633546642959118,0.3096727090336867,-55.92076496583536
7139,0,normal,0.003633546642959118,0.3096727090336867,-55.92076496583536
7140,0,normal,0.003633546642959118,0.3096727090336867,-55.92076496583536
7141,0,normal,0.003633546642959118,0.3096727090336867,-55.92076496583536
7142,0,normal,0.003633546642959118,0.3096727090336867,-55.92076496583536
7143,0,normal,0.003633546642959118,0.3096727090336867,-55.92076496583536
7144,0,normal,0.003633546642959118,0.3096727090336867,-55.92076496583536
7145,0,normal,0.3463071882724762,0.3134426961514784,-55.5332054067901
7146,0,normal,0.2761498987674713,0.31384355093332394,-55.21836531664735
7147,0,normal,0.4048822522163391,0.31672478977918256,-54.96724611258401
7148,0,normal,1.0591055154800415,0.3173733511827502,-54.727133987939396
7149,0,normal,2.390503406524658,0.31869037063748856,-54.478247348184595
7150,0,normal,3.67030668258667,0.31959416361747417,-54.218993589870934
7151,0,normal,4.462163925170898,0.32154402838045876,-53.95032566944974
7152,0,normal,4.889982223510742,0.32540216321554727,-53.67317594375845
7153,0,normal,5.11604118347168,0.3283356114719778,-53.39025869686179
7154,0,normal,5.239660263061523,0.3294959313404932,-53.1023170549131
7155,0,normal,5.311432361602783,0.3316770281739238,-52.81041053106787
7156,0,normal,5.355763912200928,0.3357351087858477,-52.51515990547159
7157,0,normal,5.384567737579346,0.34174377035803905,-52.21773601625182
7158,0,normal,5.403980731964111,0.34558837371340484,-51.91847718247959
7159,0,normal,5.866114139556885,0.34481740352067103,-51.99996123099072
7160,0,normal,5.40083122253418,0.3478454728316397,-52.01304683272565
7161,0,normal,5.126864433288574,0.3488701842265726,-51.968408274334934
7162,0,normal,4.912810325622559,0.34988456437092574,-51.91789843235688
7163,0,normal,4.716609001159668,0.35029562069713677,-51.88213987424365
7164,0,normal,4.524645805358887,0.3537470413899985,-51.8609525719437
7165,0,normal,4.3314738273620605,0.35694867503878025,-51.84073057876299
7166,0,normal,4.134323596954346,0.35294119604490554,-51.81720417359679
7167,0,normal,3.931670665740967,0.3538955888296276,-51.76827289493872
7168,0,normal,3.7229702472686768,0.35526676193625045,-51.668706516810744
7169,0,normal,3.50858211517334,0.3568157935160084,-51.513104846416354
7170,0,normal,3.28965163230896,0.35802818342718684,-51.29905940988442
7171,0,normal,3.0678629875183105,0.3567451758604521,-51.019221059231995
7172,0,normal,2.8450820446014404,0.3536634871319398,-50.6732122096912
7173,0,normal,2.6229195594787598,0.35627485876270354,-50.25977198147416
7174,0,normal,2.4023375511169434,0.3541625435590913,-49.77717208143599
7175,0,normal,2.1663286685943604,0.3495039094457087,-50.068524997685245
7176,0,normal,1.9280942678451538,0.346588016791911,-50.35547121823606
7177,0,normal,1.684409260749817,0.3445809454825337,-50.63672038443883
7178,0,normal,1.429734468460083,0.3407873826010352,-50.914039920540745
7179,0,normal,1.155687689781189,0.33559994536579646,-51.2004391157036
7180,0,normal,0.8515126705169678,0.3315429714634221,-51.49921676544341
7181,0,normal,0.512340784072876,0.328136458606178,-51.83016444939972
7182,0,normal,0.185979425907135,0.32373602898341985,-52.21825828864576
7183,0,normal,0.02311873994767666,0.3211338380279439,-52.6677486805911
7184,0,normal,0.00401090644299984,0.3190407749139017,-53.18024819742368
7185,0,normal,0.0037993404548615217,0.31627903918919126,-53.761866792584215
7186,0,normal,0.003641637973487377,0.31504817700892873,-54.4124083062527
7187,0,normal,0.0036341026425361633,0.31148745426739555,-55.131991057525056
7188,0,normal,0.003633546642959118,0.3096727090336867,-55.92076496583536
7189,0,normal,0.003633546642959118,0.3096727090336867,-55.92076496583536
7190,0,normal,0.003633546642959118,0.3096727090336867,-55.92076496583536
7191,0,normal,0.003633546642959118,0.3096727090336867,-55.92076496583536
7192,0,normal,0.003633546642959118,0.3096727090336867,-55.92076496583536
7193,0,normal,0.003633546642959118,0.3096727090336867,-55.92076496583536
7194,0,normal,0.003633546642959118,0.3096727090336867,-55.92076496583536
7195,0,normal,0.003633546642959118,0.3096727090336867,-55.92076496583536
7196,0,normal,0.3463071882724762,0.3134426961514784,-55.5332054067901
7197,0,normal,0.2761498987674713,0.31384355093332394,-55.21836531664735
7198,0,normal,0.4048822522163391,0.31672478977918256,-54.96724611258401
7199,0,normal,1.0591055154800415,0.3173733511827502,-54.727133987939396
7200,0,normal,2.390503406524658,0.31869037063748856,-54.478247348184595
7201,0,normal,3.67030668258667,0.31959416361747417,-54.218993589870934
7202,0,normal,4.462163925170898,0.32154402838045876,-53.95032566944974
7203,0,normal,4.889982223510742,0.32540216321554727,-53.67317594375845
7204,0,normal,5.11604118347168,0.3283356114719778,-53.39025869686179
7205,0,normal,5.239660263061523,0.3294959313404932,-53.1023170549131
7206,0,normal,5.311432361602783,0.3316770281739238,-52.81041053106787
7207,0,normal,5.355763912200928,0.3357351087858477,-52.51515990547159
7208,0,normal,5.384567737579346,0.34174377035803905,-52.21773601625182
7209,0,normal,5.403980731964111,0.34558837371340484,-51.91847718247959
7210,0,normal,5.4173903465271,0.34711728543448145,-51.61835167329218
7211,0,normal,5.876779079437256,0.34719829921677564,-51.70132731519175
7212,0,normal,5.410120010375977,0.35239238082593005,-51.717766219877376
7213,0,normal,5.135939121246338,0.35107951974632984,-51.676759542401896
7214,0,normal,4.922041893005371,0.3520825722150713,-51.631336355275835
7215,0,normal,4.726203918457031,0.35353774729393384,-51.599139023817315
7216,0,normal,4.534815788269043,0.3595572347643161,-51.569062892303236
7217,0,normal,4.342431545257568,0.3584209908234974,-51.5368071987034
7218,0,normal,4.1462225914001465,0.3572838597765326,-51.48213297384336
7219,0,normal,3.9445714950561523,0.3566847519247578,-51.37782006162752
7220,0,normal,3.736819267272949,0.3583454554556017,-51.21877685716049
7221,0,normal,3.5232205390930176,0.35803956379625146,-51.002167323140384
7222,0,normal,3.3048295974731445,0.36157335336310903,-50.72117896022678
7223,0,normal,3.083254814147949,0.35859034973933623,-50.37461945225027
7224,0,normal,2.8602914810180664,0.35644122636643455,-49.96180456725165
7225,0,normal,2.637516736984253,0.35867882446728944,-49.48144372629122
7226,0,normal,2.4023375511169434,0.3541625435590913,-49.77717208143599
7227,0,normal,2.1663286685943604,0.3495039094457087,-50.068524997685245
7228,0,normal,1.9280942678451538,0.346588016791911,-50.35547121823606
7229,0,normal,1.684409260749817,0.3445809454825337,-50.63672038443883
7230,0,normal,1.429734468460083,0.3407873826010352,-50.914039920540745
7231,0,normal,1.155687689781189,0.33559994536579646,-51.2004391157036
7232,0,normal,0.8515126705169678,0.3315429714634221,-51.49921676544341
7233,0,normal,0.512340784072876,0.328136458606178,-51.83016444939972
7234,0,normal,0.185979425907135,0.32373602898341985,-52.21825828864576
7235,0,normal,0.02311873994767666,0.3211338380279439,-52.6677486805911
7236,0,normal,0.00401090644299984,0.3190407749139017,-53.18024819742368
7237,0,normal,0.0037993404548615217,0.31627903918919126,-53.761866792584215
7238,0,normal,0.003641637973487377,0.31504817700892873,-54.4124083062527
7239,0,normal,0.0036341026425361633,0.31148745426739555,-55.131991057525056
7240,0,normal,0.003633546642959118,0.3096727090336867,-55.92076496583536
7241,0,normal,0.3463071882724762,0.3134426961514784,-55.5332054067901
7242,0,normal,0.2761498987674713,0.31384355093332394,-55.21836531664735
7243,0,normal,0.4048822522163391,0.31672478977918256,-54.96724611258401
7244,0,normal,1.0591055154800415,0.3173733511827502,-54.727133987939396
7245,0,normal,2.390503406524658,0.31869037063748856,-54.478247348184595
7246,0,normal,3.67030668258667,0.31959416361747417,-54.218993589870934
7247,0,normal,4.462163925170898,0.32154402838045876,-53.95032566944974
7248,0,normal,4.889982223510742,0.32540216321554727,-53.67317594375845
7249,0,normal,5.11604118347168,0.3283356114719778,-53.39025869686179
7250,0,normal,5.239660263061523,0.3294959313404932,-53.1023170549131
7251,0,normal,5.311432361602783,0.3316770281739238,-52.81041053106787
7252,0,normal,5.355763912200928,0.3357351087858477,-52.51515990547159
7253,0,normal,5.384567737579346,0.34174377035803905,-52.21773601625182
7254,0,normal,5.403980731964111,0.34558837371340484,-51.91847718247959
7255,0,normal,5.4173903465271,0.34711728543448145,-51.61835167329218
7256,0,normal,5.876779079437256,0.34719829921677564,-51.70132731519175
7257,0,normal,5.410120010375977,0.35239238082593005,-51.717766219877376
7258,0,normal,5.135939121246338,0.35107951974632984,-51.676759542401896
7259,0,normal,4.922041893005371,0.3520825722150713,-51.631336355275835
7260,0,normal,4.726203918457031,0.35353774729393384,-51.599139023817315
7261,0,normal,4.534815788269043,0.3595572347643161,-51.569062892303236
7262,0,normal,4.342431545257568,0.3584209908234974,-51.5368071987034
7263,0,normal,4.1462225914001465,0.3572838597765326,-51.48213297384336
7264,0,normal,3.9445714950561523,0.3566847519247578,-51.37782006162752
7265,0,normal,3.736819267272949,0.3583454554556017,-51.21877685716049
7266,0,normal,3.5232205390930176,0.35803956379625146,-51.002167323140384
7267,0,normal,3.3048295974731445,0.36157335336310903,-50.72117896022678
7268,0,normal,3.083254814147949,0.35859034973933623,-50.37461945225027
7269,0,normal,2.8602914810180664,0.35644122636643455,-49.96180456725165
7270,0,normal,2.637516736984253,0.35867882446728944,-49.48144372629122
7271,0,normal,2.4023375511169434,0.3541625435590913,-49.77717208143599
7272,0,normal,2.1663286685943604,0.3495039094457087,-50.068524997685245
7273,0,normal,1.9280942678451538,0.346588016791911,-50.35547121823606
7274,0,normal,1.684409260749817,0.3445809454825337,-50.63672038443883
7275,0,normal,1.429734468460083,0.3407873826010352,-50.914039920540745
7276,0,normal,1.155687689781189,0.33559994536579646,-51.2004391157036
7277,0,normal,0.8515126705169678,0.3315429714634221,-51.49921676544341
7278,0,normal,0.512340784072876,0.328136458606178,-51.83016444939972
7279,0,normal,0.185979425907135,0.32373602898341985,-52.21825828864576
7280,0,normal,0.02311873994767666,0.3211338380279439,-52.6677486805911
7281,0,normal,0.00401090644299984,0.3190407749139017,-53.18024819742368
7282,0,normal,0.0037993404548615217,0.31627903918919126,-53.761866792584215
7283,0,normal,0.003641637973487377,0.31504817700892873,-54.4124083062527
7284,0,normal,0.0036341026425361633,0.31148745426739555,-55.131991057525056
7285,0,normal,0.003633546642959118,0.3096727090336867,-55.92076496583536
7286,0,normal,0.003633546642959118,0.3096727090336867,-55.92076496583536
7287,0,normal,0.003633546642959118,0.3096727090336867,-55.92076496583536
7288,0,normal,0.003633546642959118,0.3096727090336867,-55.92076496583536
7289,0,normal,0.003633546642959118,0.3096727090336867,-55.92076496583536
7290,0,normal,0.003633546642959118,0.3096727090336867,-55.92076496583536
7291,0,normal,0.003633546642959118,0.3096727090336867,-55.92076496583536
7292,0,normal,0.003633546642959118,0.3096727090336867,-55.92076496583536
7293,0,normal,0.003633546642959118,0.3096727090336867,-55.92076496583536
7294,0,normal,0.003633546642959118,0.3096727090336867,-55.92076496583536
7295,0,normal,0.003633546642959118,0.3096727090336867,-55.92076496583536
7296,0,normal,0.003633546642959118,0.3096727090336867,-55.92076496583536
7297,0,normal,0.003633546642959118,0.3096727090336867,-55.92076496583536
7298,0,normal,0.003633546642959118,0.3096727090336867,-55.92076496583536
7299,0,normal,0.003633546642959118,0.3096727090336867,-55.92076496583536
7300,0,normal,0.003633546642959118,0.3096727090336867,-55.92076496583536
7301,0,normal,0.003633546642959118,0.3096727090336867,-55.92076496583536
7302,0,normal,0.003633546642959118,0.3096727090336867,-55.92076496583536
7303,0,normal,0.003633546642959118,0.3096727090336867,-55.92076496583536
7304,0,normal,0.003633546642959118,0.3096727090336867,-55.92076496583536
7305,0,normal,0.003633546642959118,0.3096727090336867,-55.92076496583536
7306,0,normal,0.003633546642959118,0.3096727090336867,-55.92076496583536
7307,0,normal,0.003633546642959118,0.3096727090336867,-55.92076496583536
7308,0,normal,0.003633546642959118,0.3096727090336867,-55.92076496583536
7309,0,normal,0.003633546642959118,0.3096727090336867,-55.92076496583536
7310,0,normal,0.003633546642959118,0.3096727090336867,-55.92076496583536
7311,0,normal,0.003633546642959118,0.3096727090336867,-55.92076496583536
7312,0,normal,0.003633546642959118,0.3096727090336867,-55.92076496583536
7313,0,normal,0.003633546642959118,0.3096727090336867,-55.92076496583536
7314,0,normal,0.003633546642959118,0.3096727090336867,-55.92076496583536
7315,0,normal,0.003633546642959118,0.3096727090336867,-55.92076496583536
7316,0,normal,0.003633546642959118,0.3096727090336867,-55.92076496583536
7317,0,normal,0.003633546642959118,0.3096727090336867,-55.92076496583536
7318,0,normal,0.003633546642959118,0.3096727090336867,-55.92076496583536
7319,0,normal,0.003633546642959118,0.3096727090336867,-55.92076496583536
7320,0,normal,0.003633546642959118,0.3096727090336867,-55.92076496583536
7321,0,normal,0.003633546642959118,0.3096727090336867,-55.92076496583536
7322,0,normal,0.003633546642959118,0.3096727090336867,-55.92076496583536
7323,0,normal,0.003633546642959118,0.3096727090336867,-55.92076496583536
7324,0,normal,0.003633546642959118,0.3096727090336867,-55.92076496583536
7325,0,normal,0.003633546642959118,0.3096727090336867,-55.92076496583536
7326,0,normal,0.003633546642959118,0.3096727090336867,-55.92076496583536
7327,0,normal,0.003633546642959118,0.3096727090336867,-55.92076496583536
7328,0,normal,0.003633546642959118,0.3096727090336867,-55.92076496583536
7329,0,normal,0.003633546642959118,0.3096727090336867,-55.92076496583536
7330,0,normal,0.003633546642959118,0.3096727090336867,-55.92076496583536
7331,0,normal,0.003633546642959118,0.3096727090336867,-55.92076496583536
7332,0,normal,0.003633546642959118,0.3096727090336867,-55.92076496583536
7333,0,normal,0.003633546642959118,0.3096727090336867,-55.92076496583536
7334,0,normal,0.003633546642959118,0.3096727090336867,-55.92076496583536
7335,0,normal,0.003633546642959118,0.3096727090336867,-55.92076496583536
7336,0,normal,0.003633546642959118,0.3096727090336867,-55.92076496583536
7337,0,normal,0.003633546642959118,0.3096727090336867,-55.92076496583536
7338,0,normal,0.003633546642959118,0.3096727090336867,-55.92076496583536
7339,0,normal,0.003633546642959118,0.3096727090336867,-55.92076496583536
7340,0,normal,0.3463071882724762,0.3134426961514784,-55.5332054067901
7341,0,normal,0.2761498987674713,0.31384355093332394,-55.21836531664735
7342,0,normal,0.4048822522163391,0.31672478977918256,-54.96724611258401
7343,0,normal,1.0591055154800415,0.3173733511827502,-54.727133987939396
7344,0,normal,2.390503406524658,0.31869037063748856,-54.478247348184595
7345,0,normal,3.67030668258667,0.31959416361747417,-54.218993589870934
7346,0,normal,4.462163925170898,0.32154402838045876,-53.95032566944974
7347,0,normal,4.889982223510742,0.32540216321554727,-53.67317594375845
7348,0,normal,5.11604118347168,0.3283356114719778,-53.39025869686179
7349,0,normal,5.239660263061523,0.3294959313404932,-53.1023170549131
7350,0,normal,5.311432361602783,0.3316770281739238,-52.81041053106787
7351,0,normal,5.355763912200928,0.3357351087858477,-52.51515990547159
7352,0,normal,5.384567737579346,0.34174377035803905,-52.21773601625182
7353,0,normal,5.403980731964111,0.34558837371340484,-51.91847718247959
7354,0,normal,5.866114139556885,0.34481740352067103,-51.99996123099072
7355,0,normal,5.40083122253418,0.3478454728316397,-52.01304683272565
7356,0,normal,5.126864433288574,0.3488701842265726,-51.968408274334934
7357,0,normal,4.912810325622559,0.34988456437092574,-51.91789843235688
7358,0,normal,4.716609001159668,0.35029562069713677,-51.88213987424365
7359,0,normal,4.524645805358887,0.3537470413899985,-51.8609525719437
7360,0,normal,4.3314738273620605,0.35694867503878025,-51.84073057876299
7361,0,normal,4.134323596954346,0.35294119604490554,-51.81720417359679
7362,0,normal,3.931670665740967,0.3538955888296276,-51.76827289493872
7363,0,normal,3.7229702472686768,0.35526676193625045,-51.668706516810744
7364,0,normal,3.50858211517334,0.3568157935160084,-51.513104846416354
7365,0,normal,3.28965163230896,0.35802818342718684,-51.29905940988442
7366,0,normal,3.0678629875183105,0.3567451758604521,-51.019221059231995
7367,0,normal,2.8450820446014404,0.3536634871319398,-50.6732122096912
7368,0,normal,2.6229195594787598,0.35627485876270354,-50.25977198147416
7369,0,normal,2.4023375511169434,0.3541625435590913,-49.77717208143599
7370,0,normal,2.1663286685943604,0.3495039094457087,-50.068524997685245
7371,0,normal,1.9280942678451538,0.346588016791911,-50.35547121823606
7372,0,normal,1.684409260749817,0.3445809454825337,-50.63672038443883
7373,0,normal,1.429734468460083,0.3407873826010352,-50.914039920540745
7374,0,normal,1.155687689781189,0.33559994536579646,-51.2004391157036
7375,0,normal,0.8515126705169678,0.3315429714634221,-51.49921676544341
7376,0,normal,0.512340784072876,0.328136458606178,-51.83016444939972
7377,0,normal,0.185979425907135,0.32373602898341985,-52.21825828864576
7378,0,normal,0.02311873994767666,0.3211338380279439,-52.6677486805911
7379,0,normal,0.00401090644299984,0.3190407749139017,-53.18024819742368
7380,0,normal,0.0037993404548615217,0.31627903918919126,-53.761866792584215
7381,0,normal,0.003641637973487377,0.31504817700892873,-54.4124083062527
7382,0,normal,0.0036341026425361633,0.31148745426739555,-55.131991057525056
7383,0,normal,0.003633546642959118,0.3096727090336867,-55.92076496583536
7384,0,normal,0.003633546642959118,0.3096727090336867,-55.92076496583536
7385,0,normal,0.003633546642959118,0.3096727090336867,-55.92076496583536
7386,0,normal,0.003633546642959118,0.3096727090336867,-55.92076496583536
7387,0,normal,0.003633546642959118,0.3096727090336867,-55.92076496583536
7388,0,normal,0.003633546642959118,0.3096727090336867,-55.92076496583536
7389,0,normal,0.003633546642959118,0.3096727090336867,-55.92076496583536
7390,0,normal,0.003633546642959118,0.3096727090336867,-55.92076496583536
7391,0,normal,0.003633546642959118,0.3096727090336867,-55.92076496583536
7392,0,normal,0.003633546642959118,0.3096727090336867,-55.92076496583536
7393,0,normal,0.003633546642959118,0.3096727090336867,-55.92076496583536
7394,0,normal,0.003633546642959118,0.3096727090336867,-55.92076496583536
7395,0,normal,0.003633546642959118,0.3096727090336867,-55.92076496583536
7396,0,normal,0.003633546642959118,0.3096727090336867,-55.92076496583536
7397,0,normal,0.003633546642959118,0.3096727090336867,-55.92076496583536
7398,0,normal,0.003633546642959118,0.3096727090336867,-55.92076496583536
7399,0,normal,0.003633546642959118,0.3096727090336867,-55.92076496583536
7400,0,normal,0.3463071882724762,0.3134426961514784,-55.5332054067901
7401,0,normal,0.2761498987674713,0.31384355093332394,-55.21836531664735
7402,0,normal,0.4048822522163391,0.31672478977918256,-54.96724611258401
7403,0,normal,1.0591055154800415,0.3173733511827502,-54.727133987939396
7404,0,normal,2.390503406524658,0.31869037063748856,-54.478247348184595
7405,0,normal,3.67030668258667,0.31959416361747417,-54.218993589870934
7406,0,normal,4.462163925170898,0.32154402838045876,-53.95032566944974
7407,0,normal,4.889982223510742,0.32540216321554727,-53.67317594375845
7408,0,normal,5.11604118347168,0.3283356114719778,-53.39025869686179
7409,0,normal,5.239660263061523,0.3294959313404932,-53.1023170549131
7410,0,normal,5.311432361602783,0.3316770281739238,-52.81041053106787
7411,0,normal,5.355763912200928,0.3357351087858477,-52.51515990547159
7412,0,normal,5.384567737579346,0.34174377035803905,-52.21773601625182
7413,0,normal,5.850847244262695,0.3432986218523537,-52.29924200287792
7414,0,normal,5.387702941894531,0.34546013917348933,-52.31074873837474
7415,0,normal,5.114138126373291,0.3439441300923219,-52.262678189606504
7416,0,normal,4.899961948394775,0.3476827486784638,-52.20852049138466
7417,0,normal,4.703369617462158,0.34810876856975626,-52.167680935330054
7418,0,normal,4.510756015777588,0.35050299545655195,-52.14294154854633
7419,0,normal,4.316685676574707,0.35118063416472795,-52.13163131252213
7420,0,normal,4.118452548980713,0.35149139007003805,-52.120164005194056
7421,0,normal,3.9146487712860107,0.35021467917138144,-52.10242566731722
7422,0,normal,3.704854726791382,0.3524886870789098,-52.05831448815297
7423,0,normal,3.4895482063293457,0.3537502419529134,-51.9622666976029
7424,0,normal,3.2699601650238037,0.3568044520447607,-51.80930706198342
7425,0,normal,3.047842264175415,0.3527165237682639,-51.596495190576434
7426,0,normal,2.8251214027404785,0.351843665073579,-51.31729014646589
7427,0,normal,2.6034669876098633,0.3534984160275642,-50.97073736842526
7428,0,normal,2.3838696479797363,0.35247987869130304,-50.55514029323831
7429,0,normal,2.1663286685943604,0.3495039094457087,-50.068524997685245
7430,0,normal,1.9280942678451538,0.346588016791911,-50.35547121823606
7431,0,normal,1.684409260749817,0.3445809454825337,-50.63672038443883
7432,0,normal,1.429734468460083,0.3407873826010352,-50.914039920540745
7433,0,normal,1.155687689781189,0.33559994536579646,-51.2004391157036
7434,0,normal,0.8515126705169678,0.3315429714634221,-51.49921676544341
7435,0,normal,0.512340784072876,0.328136458606178,-51.83016444939972
7436,0,normal,0.185979425907135,0.32373602898341985,-52.21825828864576
7437,0,normal,0.02311873994767666,0.3211338380279439,-52.6677486805911
7438,0,normal,0.00401090644299984,0.3190407749139017,-53.18024819742368
7439,0,normal,0.0037993404548615217,0.31627903918919126,-53.761866792584215
7440,0,normal,0.003641637973487377,0.31504817700892873,-54.4124083062527
7441,0,normal,0.0036341026425361633,0.31148745426739555,-55.131991057525056
7442,0,normal,0.003633546642959118,0.3096727090336867,-55.92076496583536
7443,0,normal,0.003633546642959118,0.3096727090336867,-55.92076496583536
7444,0,normal,0.003633546642959118,0.3096727090336867,-55.92076496583536
7445,0,normal,0.003633546642959118,0.3096727090336867,-55.92076496583536
7446,0,normal,0.003633546642959118,0.3096727090336867,-55.92076496583536
7447,0,normal,0.003633546642959118,0.3096727090336867,-55.92076496583536
7448,0,normal,0.3463071882724762,0.3134426961514784,-55.5332054067901
7449,0,normal,0.2761498987674713,0.31384355093332394,-55.21836531664735
7450,0,normal,0.4048822522163391,0.31672478977918256,-54.96724611258401
7451,0,normal,1.0591055154800415,0.3173733511827502,-54.727133987939396
7452,0,normal,2.390503406524658,0.31869037063748856,-54.478247348184595
7453,0,normal,3.67030668258667,0.31959416361747417,-54.218993589870934
7454,0,normal,4.462163925170898,0.32154402838045876,-53.95032566944974
7455,0,normal,4.889982223510742,0.32540216321554727,-53.67317594375845
7456,0,normal,5.11604118347168,0.3283356114719778,-53.39025869686179
7457,0,normal,5.239660263061523,0.3294959313404932,-53.1023170549131
7458,0,normal,5.311432361602783,0.3316770281739238,-52.81041053106787
7459,0,normal,5.355763912200928,0.3357351087858477,-52.51515990547159
7460,0,normal,5.384567737579346,0.34174377035803905,-52.21773601625182
7461,0,normal,5.403980731964111,0.34558837371340484,-51.91847718247959
7462,0,normal,5.4173903465271,0.34711728543448145,-51.61835167329218
7463,0,normal,5.876779079437256,0.34719829921677564,-51.70132731519175
7464,0,normal,5.410120010375977,0.35239238082593005,-51.717766219877376
7465,0,normal,5.135939121246338,0.35107951974632984,-51.676759542401896
7466,0,normal,4.922041893005371,0.3520825722150713,-51.631336355275835
7467,0,normal,4.726203918457031,0.35353774729393384,-51.599139023817315
7468,0,normal,4.534815788269043,0.3595572347643161,-51.569062892303236
7469,0,normal,4.342431545257568,0.3584209908234974,-51.5368071987034
7470,0,normal,4.1462225914001465,0.3572838597765326,-51.48213297384336
7471,0,normal,3.9445714950561523,0.3566847519247578,-51.37782006162752
7472,0,normal,3.736819267272949,0.3583454554556017,-51.21877685716049
7473,0,normal,3.5232205390930176,0.35803956379625146,-51.002167323140384
7474,0,normal,3.3048295974731445,0.36157335336310903,-50.72117896022678
7475,0,normal,3.083254814147949,0.35859034973933623,-50.37461945225027
7476,0,normal,2.8602914810180664,0.35644122636643455,-49.96180456725165
7477,0,normal,2.637516736984253,0.35867882446728944,-49.48144372629122
7478,0,normal,2.4023375511169434,0.3541625435590913,-49.77717208143599
7479,0,normal,2.1663286685943604,0.3495039094457087,-50.068524997685245
7480,0,normal,1.9280942678451538,0.346588016791911,-50.35547121823606
7481,0,normal,1.684409260749817,0.3445809454825337,-50.63672038443883
7482,0,normal,1.429734468460083,0.3407873826010352,-50.914039920540745
7483,0,normal,1.155687689781189,0.33559994536579646,-51.2004391157036
7484,0,normal,0.8515126705169678,0.3315429714634221,-51.49921676544341
7485,0,normal,0.512340784072876,0.328136458606178,-51.83016444939972
7486,0,normal,0.185979425907135,0.32373602898341985,-52.21825828864576
7487,0,normal,0.02311873994767666,0.3211338380279439,-52.6677486805911
7488,0,normal,0.00401090644299984,0.3190407749139017,-53.18024819742368
7489,0,normal,0.0037993404548615217,0.31627903918919126,-53.761866792584215
7490,0,normal,0.003641637973487377,0.31504817700892873,-54.4124083062527
7491,0,normal,0.0036341026425361633,0.31148745426739555,-55.131991057525056
7492,0,normal,0.003633546642959118,0.3096727090336867,-55.92076496583536
7493,0,normal,0.003633546642959118,0.3096727090336867,-55.92076496583536
7494,0,normal,0.003633546642959118,0.3096727090336867,-55.92076496583536
7495,0,normal,0.003633546642959118,0.3096727090336867,-55.92076496583536
7496,0,normal,0.003633546642959118,0.3096727090336867,-55.92076496583536
7497,0,normal,0.003633546642959118,0.3096727090336867,-55.92076496583536
7498,0,normal,0.3463071882724762,0.3134426961514784,-55.5332054067901
7499,0,normal,0.2761498987674713,0.31384355093332394,-55.21836531664735
7500,0,normal,0.4048822522163391,0.31672478977918256,-54.96724611258401
7501,0,normal,1.0591055154800415,0.3173733511827502,-54.727133987939396
7502,0,normal,2.390503406524658,0.31869037063748856,-54.478247348184595
7503,0,normal,3.67030668258667,0.31959416361747417,-54.218993589870934
7504,0,normal,4.462163925170898,0.32154402838045876,-53.95032566944974
7505,0,normal,4.889982223510742,0.32540216321554727,-53.67317594375845
7506,0,normal,5.11604118347168,0.3283356114719778,-53.39025869686179
7507,0,normal,5.239660263061523,0.3294959313404932,-53.1023170549131
7508,0,normal,5.311432361602783,0.3316770281739238,-52.81041053106787
7509,0,normal,5.355763912200928,0.3357351087858477,-52.51515990547159
7510,0,normal,5.384567737579346,0.34174377035803905,-52.21773601625182
7511,0,normal,5.403980731964111,0.34558837371340484,-51.91847718247959
7512,0,normal,5.866114139556885,0.34481740352067103,-51.99996123099072
7513,0,normal,5.40083122253418,0.3478454728316397,-52.01304683272565
7514,0,normal,5.126864433288574,0.3488701842265726,-51.968408274334934
7515,0,normal,4.912810325622559,0.34988456437092574,-51.91789843235688
7516,0,normal,4.716609001159668,0.35029562069713677,-51.88213987424365
7517,0,normal,4.524645805358887,0.3537470413899985,-51.8609525719437
7518,0,normal,4.3314738273620605,0.35694867503878025,-51.84073057876299
7519,0,normal,4.134323596954346,0.35294119604490554,-51.81720417359679
7520,0,normal,3.931670665740967,0.3538955888296276,-51.76827289493872
7521,0,normal,3.7229702472686768,0.35526676193625045,-51.668706516810744
7522,0,normal,3.50858211517334,0.3568157935160084,-51.513104846416354
7523,0,normal,3.28965163230896,0.35802818342718684,-51.29905940988442
7524,0,normal,3.0678629875183105,0.3567451758604521,-51.019221059231995
7525,0,normal,2.8450820446014404,0.3536634871319398,-50.6732122096912
7526,0,normal,2.6229195594787598,0.35627485876270354,-50.25977198147416
7527,0,normal,2.4023375511169434,0.3541625435590913,-49.77717208143599
7528,0,normal,2.1663286685943604,0.3495039094457087,-50.068524997685245
7529,0,normal,1.9280942678451538,0.346588016791911,-50.35547121823606
7530,0,normal,1.684409260749817,0.3445809454825337,-50.63672038443883
7531,0,normal,1.429734468460083,0.3407873826010352,-50.914039920540745
7532,0,normal,1.155687689781189,0.33559994536579646,-51.2004391157036
7533,0,normal,0.8515126705169678,0.3315429714634221,-51.49921676544341
7534,0,normal,0.512340784072876,0.328136458606178,-51.83016444939972
7535,0,normal,0.185979425907135,0.32373602898341985,-52.21825828864576
7536,0,normal,0.02311873994767666,0.3211338380279439,-52.6677486805911
7537,0,normal,0.00401090644299984,0.3190407749139017,-53.18024819742368
7538,0,normal,0.0037993404548615217,0.31627903918919126,-53.761866792584215
7539,0,normal,0.003641637973487377,0.31504817700892873,-54.4124083062527
7540,0,normal,0.0036341026425361633,0.31148745426739555,-55.131991057525056
7541,0,normal,0.003633546642959118,0.3096727090336867,-55.92076496583536
7542,0,normal,0.003633546642959118,0.3096727090336867,-55.92076496583536
7543,0,normal,0.003633546642959118,0.3096727090336867,-55.92076496583536
7544,0,normal,0.003633546642959118,0.3096727090336867,-55.92076496583536
7545,0,normal,0.003633546642959118,0.3096727090336867,-55.92076496583536
7546,0,normal,0.003633546642959118,0.3096727090336867,-55.92076496583536
7547,0,normal,0.003633546642959118,0.3096727090336867,-55.92076496583536
7548,0,normal,0.003633546642959118,0.3096727090336867,-55.92076496583536
7549,0,normal,0.003633546642959118,0.3096727090336867,-55.92076496583536
7550,0,normal,0.003633546642959118,0.3096727090336867,-55.92076496583536
7551,0,normal,0.003633546642959118,0.3096727090336867,-55.92076496583536
7552,0,normal,0.003633546642959118,0.3096727090336867,-55.92076496583536
7553,0,normal,0.003633546642959118,0.3096727090336867,-55.92076496583536
7554,0,normal,0.003633546642959118,0.3096727090336867,-55.92076496583536
7555,0,normal,0.003633546642959118,0.3096727090336867,-55.92076496583536
7556,0,normal,0.003633546642959118,0.3096727090336867,-55.92076496583536
7557,0,normal,0.003633546642959118,0.3096727090336867,-55.92076496583536
7558,0,normal,0.003633546642959118,0.3096727090336867,-55.92076496583536
7559,0,normal,0.003633546642959118,0.3096727090336867,-55.92076496583536
7560,0,normal,0.003633546642959118,0.3096727090336867,-55.92076496583536
7561,0,normal,0.003633546642959118,0.3096727090336867,-55.92076496583536
7562,0,normal,0.003633546642959118,0.3096727090336867,-55.92076496583536
7563,0,normal,0.003633546642959118,0.3096727090336867,-55.92076496583536
7564,0,normal,0.003633546642959118,0.3096727090336867,-55.92076496583536
7565,0,normal,0.003633546642959118,0.3096727090336867,-55.92076496583536
7566,0,normal,0.003633546642959118,0.3096727090336867,-55.92076496583536
7567,0,normal,0.003633546642959118,0.3096727090336867,-55.92076496583536
7568,0,normal,0.003633546642959118,0.3096727090336867,-55.92076496583536
7569,0,normal,0.003633546642959118,0.3096727090336867,-55.92076496583536
7570,0,normal,0.003633546642959118,0.3096727090336867,-55.92076496583536
7571,0,normal,0.003633546642959118,0.3096727090336867,-55.92076496583536
7572,0,normal,0.003633546642959118,0.3096727090336867,-55.92076496583536
7573,0,normal,0.003633546642959118,0.3096727090336867,-55.92076496583536
7574,0,normal,0.003633546642959118,0.3096727090336867,-55.92076496583536
7575,0,normal,0.003633546642959118,0.3096727090336867,-55.92076496583536
7576,0,normal,0.003633546642959118,0.3096727090336867,-55.92076496583536
7577,0,normal,0.003633546642959118,0.3096727090336867,-55.92076496583536
7578,0,normal,0.003633546642959118,0.3096727090336867,-55.92076496583536
7579,0,normal,0.003633546642959118,0.3096727090336867,-55.92076496583536
7580,0,normal,0.003633546642959118,0.3096727090336867,-55.92076496583536
7581,0,normal,0.003633546642959118,0.3096727090336867,-55.92076496583536
7582,0,normal,0.003633546642959118,0.3096727090336867,-55.92076496583536
7583,0,normal,0.003633546642959118,0.3096727090336867,-55.92076496583536
7584,0,normal,0.003633546642959118,0.3096727090336867,-55.92076496583536
7585,0,normal,0.003633546642959118,0.3096727090336867,-55.92076496583536
7586,0,normal,0.003633546642959118,0.3096727090336867,-55.92076496583536
7587,0,normal,0.003633546642959118,0.3096727090336867,-55.92076496583536
7588,0,normal,0.003633546642959118,0.3096727090336867,-55.92076496583536
7589,0,normal,0.003633546642959118,0.3096727090336867,-55.92076496583536
7590,0,normal,0.003633546642959118,0.3096727090336867,-55.92076496583536
7591,0,normal,0.003633546642959118,0.3096727090336867,-55.92076496583536
7592,0,normal,0.003633546642959118,0.3096727090336867,-55.92076496583536
7593,0,normal,0.003633546642959118,0.3096727090336867,-55.92076496583536
7594,0,normal,0.003633546642959118,0.3096727090336867,-55.92076496583536
7595,0,normal,0.003633546642959118,0.3096727090336867,-55.92076496583536
7596,0,normal,0.3463071882724762,0.3134426961514784,-55.5332054067901
7597,0,normal,0.2761498987674713,0.31384355093332394,-55.21836531664735
7598,0,normal,0.4048822522163391,0.31672478977918256,-54.96724611258401
7599,0,normal,1.0591055154800415,0.3173733511827502,-54.727133987939396
7600,0,normal,2.390503406524658,0.31869037063748856,-54.478247348184595
7601,0,normal,3.67030668258667,0.31959416361747417,-54.218993589870934
7602,0,normal,4.462163925170898,0.32154402838045876,-53.95032566944974
7603,0,normal,4.889982223510742,0.32540216321554727,-53.67317594375845
7604,0,normal,5.11604118347168,0.3283356114719778,-53.39025869686179
7605,0,normal,5.239660263061523,0.3294959313404932,-53.1023170549131
7606,0,normal,5.311432361602783,0.3316770281739238,-52.81041053106787
7607,0,normal,5.355763912200928,0.3357351087858477,-52.51515990547159
7608,0,normal,5.384567737579346,0.34174377035803905,-52.21773601625182
7609,0,normal,5.403980731964111,0.34558837371340484,-51.91847718247959
7610,0,normal,5.4173903465271,0.34711728543448145,-51.61835167329218
7611,0,normal,5.876779079437256,0.34719829921677564,-51.70132731519175
7612,0,normal,5.410120010375977,0.35239238082593005,-51.717766219877376
7613,0,normal,5.135939121246338,0.35107951974632984,-51.676759542401896
7614,0,normal,4.922041893005371,0.3520825722150713,-51.631336355275835
7615,0,normal,4.726203918457031,0.35353774729393384,-51.599139023817315
7616,0,normal,4.534815788269043,0.3595572347643161,-51.569062892303236
7617,0,normal,4.342431545257568,0.3584209908234974,-51.5368071987034
7618,0,normal,4.1462225914001465,0.3572838597765326,-51.48213297384336
7619,0,normal,3.9445714950561523,0.3566847519247578,-51.37782006162752
7620,0,normal,3.736819267272949,0.3583454554556017,-51.21877685716049
7621,0,normal,3.5232205390930176,0.35803956379625146,-51.002167323140384
7622,0,normal,3.3048295974731445,0.36157335336310903,-50.72117896022678
7623,0,normal,3.083254814147949,0.35859034973933623,-50.37461945225027
7624,0,normal,2.8602914810180664,0.35644122636643455,-49.96180456725165
7625,0,normal,2.637516736984253,0.35867882446728944,-49.48144372629122
7626,0,normal,2.4023375511169434,0.3541625435590913,-49.77717208143599
7627,0,normal,2.1663286685943604,0.3495039094457087,-50.068524997685245
7628,0,normal,1.9280942678451538,0.346588016791911,-50.35547121823606
7629,0,normal,1.684409260749817,0.3445809454825337,-50.63672038443883
7630,0,normal,1.429734468460083,0.3407873826010352,-50.914039920540745
7631,0,normal,1.155687689781189,0.33559994536579646,-51.2004391157036
7632,0,normal,0.8515126705169678,0.3315429714634221,-51.49921676544341
7633,0,normal,0.512340784072876,0.328136458606178,-51.83016444939972
7634,0,normal,0.185979425907135,0.32373602898341985,-52.21825828864576
7635,0,normal,0.02311873994767666,0.3211338380279439,-52.6677486805911
7636,0,normal,0.00401090644299984,0.3190407749139017,-53.18024819742368
7637,0,normal,0.0037993404548615217,0.31627903918919126,-53.761866792584215
7638,0,normal,0.003641637973487377,0.31504817700892873,-54.4124083062527
7639,0,normal,0.0036341026425361633,0.31148745426739555,-55.131991057525056
7640,0,normal,0.003633546642959118,0.3096727090336867,-55.92076496583536
7641,0,normal,0.003633546642959118,0.3096727090336867,-55.92076496583536
7642,0,normal,0.003633546642959118,0.3096727090336867,-55.92076496583536
7643,0,normal,0.003633546642959118,0.3096727090336867,-55.92076496583536
7644,0,normal,0.003633546642959118,0.3096727090336867,-55.92076496583536
7645,0,normal,0.003633546642959118,0.3096727090336867,-55.92076496583536
7646,0,normal,0.003633546642959118,0.3096727090336867,-55.92076496583536
7647,0,normal,0.003633546642959118,0.3096727090336867,-55.92076496583536
7648,0,normal,0.003633546642959118,0.3096727090336867,-55.92076496583536
7649,0,normal,0.003633546642959118,0.3096727090336867,-55.92076496583536
7650,0,normal,0.003633546642959118,0.3096727090336867,-55.92076496583536
7651,0,normal,0.003633546642959118,0.3096727090336867,-55.92076496583536
7652,0,normal,0.003633546642959118,0.3096727090336867,-55.92076496583536
7653,0,normal,0.003633546642959118,0.3096727090336867,-55.92076496583536
7654,0,normal,0.003633546642959118,0.3096727090336867,-55.92076496583536
7655,0,normal,0.003633546642959118,0.3096727090336867,-55.92076496583536
7656,0,normal,0.003633546642959118,0.3096727090336867,-55.92076496583536
7657,0,normal,0.003633546642959118,0.3096727090336867,-55.92076496583536
7658,0,normal,0.003633546642959118,0.3096727090336867,-55.92076496583536
7659,0,normal,0.003633546642959118,0.3096727090336867,-55.92076496583536
7660,0,normal,0.003633546642959118,0.3096727090336867,-55.92076496583536
7661,0,normal,0.003633546642959118,0.3096727090336867,-55.92076496583536
7662,0,normal,0.003633546642959118,0.3096727090336867,-55.92076496583536
7663,0,normal,0.003633546642959118,0.3096727090336867,-55.92076496583536
7664,0,normal,0.003633546642959118,0.3096727090336867,-55.92076496583536
7665,0,normal,0.003633546642959118,0.3096727090336867,-55.92076496583536
7666,0,normal,0.003633546642959118,0.3096727090336867,-55.92076496583536
7667,0,normal,0.003633546642959118,0.3096727090336867,-55.92076496583536
7668,0,normal,0.003633546642959118,0.3096727090336867,-55.92076496583536
7669,0,normal,0.003633546642959118,0.3096727090336867,-55.92076496583536
7670,0,normal,0.003633546642959118,0.3096727090336867,-55.92076496583536
7671,0,normal,0.003633546642959118,0.3096727090336867,-55.92076496583536
7672,0,normal,0.003633546642959118,0.3096727090336867,-55.92076496583536
7673,0,normal,0.003633546642959118,0.3096727090336867,-55.92076496583536
7674,0,normal,0.003633546642959118,0.3096727090336867,-55.92076496583536
7675,0,normal,0.003633546642959118,0.3096727090336867,-55.92076496583536
7676,0,normal,0.003633546642959118,0.3096727090336867,-55.92076496583536
7677,0,normal,0.003633546642959118,0.3096727090336867,-55.92076496583536
7678,0,normal,0.003633546642959118,0.3096727090336867,-55.92076496583536
7679,0,normal,0.003633546642959118,0.3096727090336867,-55.92076496583536
7680,0,normal,0.003633546642959118,0.3096727090336867,-55.92076496583536
7681,0,normal,0.003633546642959118,0.3096727090336867,-55.92076496583536
7682,0,normal,0.003633546642959118,0.3096727090336867,-55.92076496583536
7683,0,normal,0.003633546642959118,0.3096727090336867,-55.92076496583536
7684,0,normal,0.003633546642959118,0.3096727090336867,-55.92076496583536
7685,0,normal,0.003633546642959118,0.3096727090336867,-55.92076496583536
7686,0,normal,0.003633546642959118,0.3096727090336867,-55.92076496583536
7687,0,normal,0.003633546642959118,0.3096727090336867,-55.92076496583536
7688,0,normal,0.003633546642959118,0.3096727090336867,-55.92076496583536
7689,0,normal,0.003633546642959118,0.3096727090336867,-55.92076496583536
7690,0,normal,0.003633546642959118,0.3096727090336867,-55.92076496583536
7691,0,normal,0.003633546642959118,0.3096727090336867,-55.92076496583536
7692,0,normal,0.003633546642959118,0.3096727090336867,-55.92076496583536
7693,0,normal,0.3463071882724762,0.3134426961514784,-55.5332054067901
7694,0,normal,0.2761498987674713,0.31384355093332394,-55.21836531664735
7695,0,normal,0.4048822522163391,0.31672478977918256,-54.96724611258401
7696,0,normal,1.0591055154800415,0.3173733511827502,-54.727133987939396
7697,0,normal,2.390503406524658,0.31869037063748856,-54.478247348184595
7698,0,normal,3.67030668258667,0.31959416361747417,-54.218993589870934
7699,0,normal,4.462163925170898,0.32154402838045876,-53.95032566944974
7700,0,normal,4.889982223510742,0.32540216321554727,-53.67317594375845
7701,0,normal,5.11604118347168,0.3283356114719778,-53.39025869686179
7702,0,normal,5.239660263061523,0.3294959313404932,-53.1023170549131
7703,0,normal,5.311432361602783,0.3316770281739238,-52.81041053106787
7704,0,normal,5.355763912200928,0.3357351087858477,-52.51515990547159
7705,0,normal,5.384567737579346,0.34174377035803905,-52.21773601625182
7706,0,normal,5.403980731964111,0.34558837371340484,-51.91847718247959
7707,0,normal,5.4173903465271,0.34711728543448145,-51.61835167329218
7708,0,normal,5.876779079437256,0.34719829921677564,-51.70132731519175
7709,0,normal,5.410120010375977,0.35239238082593005,-51.717766219877376
7710,0,normal,5.135939121246338,0.35107951974632984,-51.676759542401896
7711,0,normal,4.922041893005371,0.3520825722150713,-51.631336355275835
7712,0,normal,4.726203918457031,0.35353774729393384,-51.599139023817315
7713,0,normal,4.534815788269043,0.3595572347643161,-51.569062892303236
7714,0,normal,4.342431545257568,0.3584209908234974,-51.5368071987034
7715,0,normal,4.1462225914001465,0.3572838597765326,-51.48213297384336
7716,0,normal,3.9445714950561523,0.3566847519247578,-51.37782006162752
7717,0,normal,3.736819267272949,0.3583454554556017,-51.21877685716049
7718,0,normal,3.5232205390930176,0.35803956379625146,-51.002167323140384
7719,0,normal,3.3048295974731445,0.36157335336310903,-50.72117896022678
7720,0,normal,3.083254814147949,0.35859034973933623,-50.37461945225027
7721,0,normal,2.8602914810180664,0.35644122636643455,-49.96180456725165
7722,0,normal,2.637516736984253,0.35867882446728944,-49.48144372629122
7723,0,normal,2.4023375511169434,0.3541625435590913,-49.77717208143599
7724,0,normal,2.1663286685943604,0.3495039094457087,-50.068524997685245
7725,0,normal,1.9280942678451538,0.346588016791911,-50.35547121823606
7726,0,normal,1.684409260749817,0.3445809454825337,-50.63672038443883
7727,0,normal,1.429734468460083,0.3407873826010352,-50.914039920540745
7728,0,normal,1.155687689781189,0.33559994536579646,-51.2004391157036
7729,0,normal,0.8515126705169678,0.3315429714634221,-51.49921676544341
7730,0,normal,0.512340784072876,0.328136458606178,-51.83016444939972
7731,0,normal,0.185979425907135,0.32373602898341985,-52.21825828864576
7732,0,normal,0.02311873994767666,0.3211338380279439,-52.6677486805911
7733,0,normal,0.00401090644299984,0.3190407749139017,-53.18024819742368
7734,0,normal,0.0037993404548615217,0.31627903918919126,-53.761866792584215
7735,0,normal,0.003641637973487377,0.31504817700892873,-54.4124083062527
7736,0,normal,0.0036341026425361633,0.31148745426739555,-55.131991057525056
7737,0,normal,0.003633546642959118,0.3096727090336867,-55.92076496583536
7738,0,normal,0.003633546642959118,0.3096727090336867,-55.92076496583536
7739,0,normal,0.003633546642959118,0.3096727090336867,-55.92076496583536
7740,0,normal,0.003633546642959118,0.3096727090336867,-55.92076496583536
7741,0,normal,0.003633546642959118,0.3096727090336867,-55.92076496583536
7742,0,normal,0.003633546642959118,0.3096727090336867,-55.92076496583536
7743,0,normal,0.003633546642959118,0.3096727090336867,-55.92076496583536
7744,0,normal,0.003633546642959118,0.3096727090336867,-55.92076496583536
7745,0,normal,0.003633546642959118,0.3096727090336867,-55.92076496583536
7746,0,normal,0.003633546642959118,0.3096727090336867,-55.92076496583536
7747,0,normal,0.003633546642959118,0.3096727090336867,-55.92076496583536
7748,0,normal,0.003633546642959118,0.3096727090336867,-55.92076496583536
7749,0,normal,0.003633546642959118,0.3096727090336867,-55.92076496583536
7750,0,normal,0.003633546642959118,0.3096727090336867,-55.92076496583536
7751,0,normal,0.003633546642959118,0.3096727090336867,-55.92076496583536
7752,0,normal,0.003633546642959118,0.3096727090336867,-55.92076496583536
7753,0,normal,0.003633546642959118,0.3096727090336867,-55.92076496583536
7754,0,normal,0.003633546642959118,0.3096727090336867,-55.92076496583536
7755,0,normal,0.3463071882724762,0.3134426961514784,-55.5332054067901
7756,0,normal,0.2761498987674713,0.31384355093332394,-55.21836531664735
7757,0,normal,0.4048822522163391,0.31672478977918256,-54.96724611258401
7758,0,normal,1.0591055154800415,0.3173733511827502,-54.727133987939396
7759,0,normal,2.390503406524658,0.31869037063748856,-54.478247348184595
7760,0,normal,3.67030668258667,0.31959416361747417,-54.218993589870934
7761,0,normal,4.462163925170898,0.32154402838045876,-53.95032566944974
7762,0,normal,4.889982223510742,0.32540216321554727,-53.67317594375845
7763,0,normal,5.11604118347168,0.3283356114719778,-53.39025869686179
7764,0,normal,5.239660263061523,0.3294959313404932,-53.1023170549131
7765,0,normal,5.311432361602783,0.3316770281739238,-52.81041053106787
7766,0,normal,5.355763912200928,0.3357351087858477,-52.51515990547159
7767,0,normal,5.384567737579346,0.34174377035803905,-52.21773601625182
7768,0,normal,5.403980731964111,0.34558837371340484,-51.91847718247959
7769,0,normal,5.866114139556885,0.34481740352067103,-51.99996123099072
7770,0,normal,5.40083122253418,0.3478454728316397,-52.01304683272565
7771,0,normal,5.126864433288574,0.3488701842265726,-51.968408274334934
7772,0,normal,4.912810325622559,0.34988456437092574,-51.91789843235688
7773,0,normal,4.716609001159668,0.35029562069713677,-51.88213987424365
7774,0,normal,4.524645805358887,0.3537470413899985,-51.8609525719437
7775,0,normal,4.3314738273620605,0.35694867503878025,-51.84073057876299
7776,0,normal,4.134323596954346,0.35294119604490554,-51.81720417359679
7777,0,normal,3.931670665740967,0.3538955888296276,-51.76827289493872
7778,0,normal,3.7229702472686768,0.35526676193625045,-51.668706516810744
7779,0,normal,3.50858211517334,0.3568157935160084,-51.513104846416354
7780,0,normal,3.28965163230896,0.35802818342718684,-51.29905940988442
7781,0,normal,3.0678629875183105,0.3567451758604521,-51.019221059231995
7782,0,normal,2.8450820446014404,0.3536634871319398,-50.6732122096912
7783,0,normal,2.6229195594787598,0.35627485876270354,-50.25977198147416
7784,0,normal,2.4023375511169434,0.3541625435590913,-49.77717208143599
7785,0,normal,2.1663286685943604,0.3495039094457087,-50.068524997685245
7786,0,normal,1.9280942678451538,0.346588016791911,-50.35547121823606
7787,0,normal,1.684409260749817,0.3445809454825337,-50.63672038443883
7788,0,normal,1.429734468460083,0.3407873826010352,-50.914039920540745
7789,0,normal,1.155687689781189,0.33559994536579646,-51.2004391157036
7790,0,normal,1.0203359127044678,0.334690541253179,-51.10739938011989
7791,0,normal,1.1342854499816895,0.3337931143512926,-51.12022539948907
7792,0,normal,1.3556125164031982,0.3342129029717761,-51.255024028967
7793,0,normal,1.6465439796447754,0.33220536993139793,-51.46365925567147
7794,0,normal,2.3274152278900146,0.32892271850178034,-51.72786612183518
7795,0,normal,3.6125361919403076,0.3270001777347075,-52.051863530607534
7796,0,normal,4.459808349609375,0.32771487734096183,-52.436117939409996
7797,0,normal,4.889745712280273,0.32684514062434583,-52.881391370702204
7798,0,normal,5.11604118347168,0.3283356114719778,-53.39025869686179
7799,0,normal,5.239660263061523,0.3294959313404932,-53.1023170549131
7800,0,normal,5.311432361602783,0.3316770281739238,-52.81041053106787
7801,0,normal,5.355763912200928,0.3357351087858477,-52.51515990547159
7802,0,normal,5.384567737579346,0.34174377035803905,-52.21773601625182
7803,0,normal,5.403980731964111,0.34558837371340484,-51.91847718247959
7804,0,normal,5.4173903465271,0.34711728543448145,-51.61835167329218
7805,0,normal,5.876779079437256,0.34719829921677564,-51.70132731519175
7806,0,normal,5.410120010375977,0.35239238082593005,-51.717766219877376
7807,0,normal,5.135939121246338,0.35107951974632984,-51.676759542401896
7808,0,normal,4.922041893005371,0.3520825722150713,-51.631336355275835
7809,0,normal,4.726203918457031,0.35353774729393384,-51.599139023817315
7810,0,normal,4.534815788269043,0.3595572347643161,-51.569062892303236
7811,0,normal,4.342431545257568,0.3584209908234974,-51.5368071987034
7812,0,normal,4.1462225914001465,0.3572838597765326,-51.48213297384336
7813,0,normal,3.9445714950561523,0.3566847519247578,-51.37782006162752
7814,0,normal,3.736819267272949,0.3583454554556017,-51.21877685716049
7815,0,normal,3.5232205390930176,0.35803956379625146,-51.002167323140384
7816,0,normal,3.3048295974731445,0.36157335336310903,-50.72117896022678
7817,0,normal,3.083254814147949,0.35859034973933623,-50.37461945225027
7818,0,normal,2.8602914810180664,0.35644122636643455,-49.96180456725165
7819,0,normal,2.637516736984253,0.35867882446728944,-49.48144372629122
7820,0,normal,2.4023375511169434,0.3541625435590913,-49.77717208143599
7821,0,normal,2.1663286685943604,0.3495039094457087,-50.068524997685245
7822,0,normal,1.9280942678451538,0.346588016791911,-50.35547121823606
7823,0,normal,1.684409260749817,0.3445809454825337,-50.63672038443883
7824,0,normal,1.429734468460083,0.3407873826010352,-50.914039920540745
7825,0,normal,1.155687689781189,0.33559994536579646,-51.2004391157036
7826,0,normal,0.8515126705169678,0.3315429714634221,-51.49921676544341
7827,0,normal,0.512340784072876,0.328136458606178,-51.83016444939972
7828,0,normal,0.185979425907135,0.32373602898341985,-52.21825828864576
7829,0,normal,0.02311873994767666,0.3211338380279439,-52.6677486805911
7830,0,normal,0.00401090644299984,0.3190407749139017,-53.18024819742368
7831,0,normal,0.0037993404548615217,0.31627903918919126,-53.761866792584215
7832,0,normal,0.003641637973487377,0.31504817700892873,-54.4124083062527
7833,0,normal,0.0036341026425361633,0.31148745426739555,-55.131991057525056
7834,0,normal,0.003633546642959118,0.3096727090336867,-55.92076496583536
7835,0,normal,0.003633546642959118,0.3096727090336867,-55.92076496583536
7836,0,normal,0.003633546642959118,0.3096727090336867,-55.92076496583536
7837,0,normal,0.003633546642959118,0.3096727090336867,-55.92076496583536
7838,0,normal,0.003633546642959118,0.3096727090336867,-55.92076496583536
7839,0,normal,0.003633546642959118,0.3096727090336867,-55.92076496583536
7840,0,normal,0.003633546642959118,0.3096727090336867,-55.92076496583536
7841,0,normal,0.003633546642959118,0.3096727090336867,-55.92076496583536
7842,0,normal,0.003633546642959118,0.3096727090336867,-55.92076496583536
7843,0,normal,0.003633546642959118,0.3096727090336867,-55.92076496583536
7844,0,normal,0.003633546642959118,0.3096727090336867,-55.92076496583536
7845,0,normal,0.003633546642959118,0.3096727090336867,-55.92076496583536
7846,0,normal,0.003633546642959118,0.3096727090336867,-55.92076496583536
7847,0,normal,0.003633546642959118,0.3096727090336867,-55.92076496583536
7848,0,normal,0.003633546642959118,0.3096727090336867,-55.92076496583536
7849,0,normal,0.003633546642959118,0.3096727090336867,-55.92076496583536
7850,0,normal,0.003633546642959118,0.3096727090336867,-55.92076496583536
7851,0,normal,0.003633546642959118,0.3096727090336867,-55.92076496583536
7852,0,normal,0.003633546642959118,0.3096727090336867,-55.92076496583536
7853,0,normal,0.003633546642959118,0.3096727090336867,-55.92076496583536
7854,0,normal,0.003633546642959118,0.3096727090336867,-55.92076496583536
7855,0,normal,0.003633546642959118,0.3096727090336867,-55.92076496583536
7856,0,normal,0.003633546642959118,0.3096727090336867,-55.92076496583536
7857,0,normal,0.003633546642959118,0.3096727090336867,-55.92076496583536
7858,0,normal,0.003633546642959118,0.3096727090336867,-55.92076496583536
7859,0,normal,0.003633546642959118,0.3096727090336867,-55.92076496583536
7860,0,normal,0.003633546642959118,0.3096727090336867,-55.92076496583536
7861,0,normal,0.003633546642959118,0.3096727090336867,-55.92076496583536
7862,0,normal,0.003633546642959118,0.3096727090336867,-55.92076496583536
7863,0,normal,0.003633546642959118,0.3096727090336867,-55.92076496583536
7864,0,normal,0.003633546642959118,0.3096727090336867,-55.92076496583536
7865,0,normal,0.003633546642959118,0.3096727090336867,-55.92076496583536
7866,0,normal,0.003633546642959118,0.3096727090336867,-55.92076496583536
7867,0,normal,0.003633546642959118,0.3096727090336867,-55.92076496583536
7868,0,normal,0.003633546642959118,0.3096727090336867,-55.92076496583536
7869,0,normal,0.003633546642959118,0.3096727090336867,-55.92076496583536
7870,0,normal,0.003633546642959118,0.3096727090336867,-55.92076496583536
7871,0,normal,0.003633546642959118,0.3096727090336867,-55.92076496583536
7872,0,normal,0.003633546642959118,0.3096727090336867,-55.92076496583536
7873,0,normal,0.003633546642959118,0.3096727090336867,-55.92076496583536
7874,0,normal,0.003633546642959118,0.3096727090336867,-55.92076496583536
7875,0,normal,0.003633546642959118,0.3096727090336867,-55.92076496583536
7876,0,normal,0.003633546642959118,0.3096727090336867,-55.92076496583536
7877,0,normal,0.003633546642959118,0.3096727090336867,-55.92076496583536
7878,0,normal,0.003633546642959118,0.3096727090336867,-55.92076496583536
7879,0,normal,0.003633546642959118,0.3096727090336867,-55.92076496583536
7880,0,normal,0.003633546642959118,0.3096727090336867,-55.92076496583536
7881,0,normal,0.003633546642959118,0.3096727090336867,-55.92076496583536
7882,0,normal,0.003633546642959118,0.3096727090336867,-55.92076496583536
7883,0,normal,0.003633546642959118,0.3096727090336867,-55.92076496583536
7884,0,normal,0.003633546642959118,0.3096727090336867,-55.92076496583536
7885,0,normal,0.003633546642959118,0.3096727090336867,-55.92076496583536
7886,0,normal,0.003633546642959118,0.3096727090336867,-55.92076496583536
7887,0,normal,0.3463071882724762,0.3134426961514784,-55.5332054067901
7888,0,normal,0.2761498987674713,0.31384355093332394,-55.21836531664735
7889,0,normal,0.4048822522163391,0.31672478977918256,-54.96724611258401
7890,0,normal,1.0591055154800415,0.3173733511827502,-54.727133987939396
7891,0,normal,2.390503406524658,0.31869037063748856,-54.478247348184595
7892,0,normal,3.67030668258667,0.31959416361747417,-54.218993589870934
7893,0,normal,4.462163925170898,0.32154402838045876,-53.95032566944974
7894,0,normal,4.889982223510742,0.32540216321554727,-53.67317594375845
7895,0,normal,5.11604118347168,0.3283356114719778,-53.39025869686179
7896,0,normal,5.239660263061523,0.3294959313404932,-53.1023170549131
7897,0,normal,5.311432361602783,0.3316770281739238,-52.81041053106787
7898,0,normal,5.355763912200928,0.3357351087858477,-52.51515990547159
7899,0,normal,5.384567737579346,0.34174377035803905,-52.21773601625182
7900,0,normal,5.403980731964111,0.34558837371340484,-51.91847718247959
7901,0,normal,5.4173903465271,0.34711728543448145,-51.61835167329218
7902,0,normal,5.876779079437256,0.34719829921677564,-51.70132731519175
7903,0,normal,5.410120010375977,0.35239238082593005,-51.717766219877376
7904,0,normal,5.135939121246338,0.35107951974632984,-51.676759542401896
7905,0,normal,4.922041893005371,0.3520825722150713,-51.631336355275835
7906,0,normal,4.726203918457031,0.35353774729393384,-51.599139023817315
7907,0,normal,4.534815788269043,0.3595572347643161,-51.569062892303236
7908,0,normal,4.342431545257568,0.3584209908234974,-51.5368071987034
7909,0,normal,4.1462225914001465,0.3572838597765326,-51.48213297384336
7910,0,normal,3.9445714950561523,0.3566847519247578,-51.37782006162752
7911,0,normal,3.736819267272949,0.3583454554556017,-51.21877685716049
7912,0,normal,3.5232205390930176,0.35803956379625146,-51.002167323140384
7913,0,normal,3.3048295974731445,0.36157335336310903,-50.72117896022678
7914,0,normal,3.083254814147949,0.35859034973933623,-50.37461945225027
7915,0,normal,2.8602914810180664,0.35644122636643455,-49.96180456725165
7916,0,normal,2.637516736984253,0.35867882446728944,-49.48144372629122
7917,0,normal,2.4023375511169434,0.3541625435590913,-49.77717208143599
7918,0,normal,2.1663286685943604,0.3495039094457087,-50.068524997685245
7919,0,normal,1.9280942678451538,0.346588016791911,-50.35547121823606
7920,0,normal,1.684409260749817,0.3445809454825337,-50.63672038443883
7921,0,normal,1.429734468460083,0.3407873826010352,-50.914039920540745
7922,0,normal,1.155687689781189,0.33559994536579646,-51.2004391157036
7923,0,normal,0.8515126705169678,0.3315429714634221,-51.49921676544341
7924,0,normal,0.512340784072876,0.328136458606178,-51.83016444939972
7925,0,normal,0.185979425907135,0.32373602898341985,-52.21825828864576
7926,0,normal,0.02311873994767666,0.3211338380279439,-52.6677486805911
7927,0,normal,0.00401090644299984,0.3190407749139017,-53.18024819742368
7928,0,normal,0.0037993404548615217,0.31627903918919126,-53.761866792584215
7929,0,normal,0.003641637973487377,0.31504817700892873,-54.4124083062527
7930,0,normal,0.0036341026425361633,0.31148745426739555,-55.131991057525056
7931,0,normal,0.003633546642959118,0.3096727090336867,-55.92076496583536
7932,0,normal,0.003633546642959118,0.3096727090336867,-55.92076496583536
7933,0,normal,0.003633546642959118,0.3096727090336867,-55.92076496583536
7934,0,normal,0.003633546642959118,0.3096727090336867,-55.92076496583536
7935,0,normal,0.3463071882724762,0.3134426961514784,-55.5332054067901
7936,0,normal,0.2761498987674713,0.31384355093332394,-55.21836531664735
7937,0,normal,0.4048822522163391,0.31672478977918256,-54.96724611258401
7938,0,normal,1.0591055154800415,0.3173733511827502,-54.727133987939396
7939,0,normal,2.390503406524658,0.31869037063748856,-54.478247348184595
7940,0,normal,3.67030668258667,0.31959416361747417,-54.218993589870934
7941,0,normal,4.462163925170898,0.32154402838045876,-53.95032566944974
7942,0,normal,4.889982223510742,0.32540216321554727,-53.67317594375845
7943,0,normal,5.11604118347168,0.3283356114719778,-53.39025869686179
7944,0,normal,5.239660263061523,0.3294959313404932,-53.1023170549131
7945,0,normal,5.311432361602783,0.3316770281739238,-52.81041053106787
7946,0,normal,5.355763912200928,0.3357351087858477,-52.51515990547159
7947,0,normal,5.384567737579346,0.34174377035803905,-52.21773601625182
7948,0,normal,5.403980731964111,0.34558837371340484,-51.91847718247959
7949,0,normal,5.4173903465271,0.34711728543448145,-51.61835167329218
7950,0,normal,5.876779079437256,0.34719829921677564,-51.70132731519175
7951,0,normal,5.410120010375977,0.35239238082593005,-51.717766219877376
7952,0,normal,5.135939121246338,0.35107951974632984,-51.676759542401896
7953,0,normal,4.922041893005371,0.3520825722150713,-51.631336355275835
7954,0,normal,4.726203918457031,0.35353774729393384,-51.599139023817315
7955,0,normal,4.534815788269043,0.3595572347643161,-51.569062892303236
7956,0,normal,4.342431545257568,0.3584209908234974,-51.5368071987034
7957,0,normal,4.1462225914001465,0.3572838597765326,-51.48213297384336
7958,0,normal,3.9445714950561523,0.3566847519247578,-51.37782006162752
7959,0,normal,3.736819267272949,0.3583454554556017,-51.21877685716049
7960,0,normal,3.5232205390930176,0.35803956379625146,-51.002167323140384
7961,0,normal,3.3048295974731445,0.36157335336310903,-50.72117896022678
7962,0,normal,3.083254814147949,0.35859034973933623,-50.37461945225027
7963,0,normal,2.8602914810180664,0.35644122636643455,-49.96180456725165
7964,0,normal,2.637516736984253,0.35867882446728944,-49.48144372629122
7965,0,normal,2.4023375511169434,0.3541625435590913,-49.77717208143599
7966,0,normal,2.1663286685943604,0.3495039094457087,-50.068524997685245
7967,0,normal,1.9280942678451538,0.346588016791911,-50.35547121823606
7968,0,normal,1.684409260749817,0.3445809454825337,-50.63672038443883
7969,0,normal,1.429734468460083,0.3407873826010352,-50.914039920540745
7970,0,normal,1.155687689781189,0.33559994536579646,-51.2004391157036
7971,0,normal,0.8515126705169678,0.3315429714634221,-51.49921676544341
7972,0,normal,0.512340784072876,0.328136458606178,-51.83016444939972
7973,0,normal,0.185979425907135,0.32373602898341985,-52.21825828864576
7974,0,normal,0.02311873994767666,0.3211338380279439,-52.6677486805911
7975,0,normal,0.00401090644299984,0.3190407749139017,-53.18024819742368
7976,0,normal,0.0037993404548615217,0.31627903918919126,-53.761866792584215
7977,0,normal,0.003641637973487377,0.31504817700892873,-54.4124083062527
7978,0,normal,0.0036341026425361633,0.31148745426739555,-55.131991057525056
7979,0,normal,0.003633546642959118,0.3096727090336867,-55.92076496583536
7980,0,normal,0.003633546642959118,0.3096727090336867,-55.92076496583536
7981,0,normal,0.003633546642959118,0.3096727090336867,-55.92076496583536
7982,0,normal,0.003633546642959118,0.3096727090336867,-55.92076496583536
7983,0,normal,0.003633546642959118,0.3096727090336867,-55.92076496583536
7984,0,normal,0.003633546642959118,0.3096727090336867,-55.92076496583536
7985,0,normal,0.003633546642959118,0.3096727090336867,-55.92076496583536
7986,0,normal,0.003633546642959118,0.3096727090336867,-55.92076496583536
7987,0,normal,0.003633546642959118,0.3096727090336867,-55.92076496583536
7988,0,normal,0.003633546642959118,0.3096727090336867,-55.92076496583536
7989,0,normal,0.003633546642959118,0.3096727090336867,-55.92076496583536
7990,0,normal,0.003633546642959118,0.3096727090336867,-55.92076496583536
7991,0,normal,0.003633546642959118,0.3096727090336867,-55.92076496583536
7992,0,normal,0.003633546642959118,0.3096727090336867,-55.92076496583536
7993,0,normal,0.003633546642959118,0.3096727090336867,-55.92076496583536
7994,0,normal,0.003633546642959118,0.3096727090336867,-55.92076496583536
7995,0,normal,0.003633546642959118,0.3096727090336867,-55.92076496583536
7996,0,normal,0.003633546642959118,0.3096727090336867,-55.92076496583536
7997,0,normal,0.003633546642959118,0.3096727090336867,-55.92076496583536
7998,0,normal,0.003633546642959118,0.3096727090336867,-55.92076496583536
7999,0,normal,0.003633546642959118,0.3096727090336867,-55.92076496583536
8000,0,normal,0.003633546642959118,0.3096727090336867,-55.92076496583536
8001,0,normal,0.003633546642959118,0.3096727090336867,-55.92076496583536
8002,0,normal,0.003633546642959118,0.3096727090336867,-55.92076496583536
8003,0,normal,0.003633546642959118,0.3096727090336867,-55.92076496583536
8004,0,normal,0.003633546642959118,0.3096727090336867,-55.92076496583536
8005,0,normal,0.003633546642959118,0.3096727090336867,-55.92076496583536
8006,0,normal,0.003633546642959118,0.3096727090336867,-55.92076496583536
8007,0,normal,0.003633546642959118,0.3096727090336867,-55.92076496583536
8008,0,normal,0.003633546642959118,0.3096727090336867,-55.92076496583536
8009,0,normal,0.003633546642959118,0.3096727090336867,-55.92076496583536
8010,0,normal,0.003633546642959118,0.3096727090336867,-55.92076496583536
8011,0,normal,0.003633546642959118,0.3096727090336867,-55.92076496583536
8012,0,normal,0.003633546642959118,0.3096727090336867,-55.92076496583536
8013,0,normal,0.003633546642959118,0.3096727090336867,-55.92076496583536
8014,0,normal,0.003633546642959118,0.3096727090336867,-55.92076496583536
8015,0,normal,0.003633546642959118,0.3096727090336867,-55.92076496583536
8016,0,normal,0.003633546642959118,0.3096727090336867,-55.92076496583536
8017,0,normal,0.003633546642959118,0.3096727090336867,-55.92076496583536
8018,0,normal,0.003633546642959118,0.3096727090336867,-55.92076496583536
8019,0,normal,0.003633546642959118,0.3096727090336867,-55.92076496583536
8020,0,normal,0.003633546642959118,0.3096727090336867,-55.92076496583536
8021,0,normal,0.003633546642959118,0.3096727090336867,-55.92076496583536
8022,0,normal,0.003633546642959118,0.3096727090336867,-55.92076496583536
8023,0,normal,0.003633546642959118,0.3096727090336867,-55.92076496583536
8024,0,normal,0.003633546642959118,0.3096727090336867,-55.92076496583536
8025,0,normal,0.003633546642959118,0.3096727090336867,-55.92076496583536
8026,0,normal,0.003633546642959118,0.3096727090336867,-55.92076496583536
8027,0,normal,0.003633546642959118,0.3096727090336867,-55.92076496583536
8028,0,normal,0.003633546642959118,0.3096727090336867,-55.92076496583536
8029,0,normal,0.003633546642959118,0.3096727090336867,-55.92076496583536
8030,0,normal,0.003633546642959118,0.3096727090336867,-55.92076496583536
8031,0,normal,0.003633546642959118,0.3096727090336867,-55.92076496583536
8032,0,normal,0.003633546642959118,0.3096727090336867,-55.92076496583536
8033,0,normal,0.003633546642959118,0.3096727090336867,-55.92076496583536
8034,0,normal,0.003633546642959118,0.3096727090336867,-55.92076496583536
8035,0,normal,0.003633546642959118,0.3096727090336867,-55.92076496583536
8036,0,normal,0.003633546642959118,0.3096727090336867,-55.92076496583536
8037,0,normal,0.003633546642959118,0.3096727090336867,-55.92076496583536
8038,0,normal,0.003633546642959118,0.3096727090336867,-55.92076496583536
8039,0,normal,0.003633546642959118,0.3096727090336867,-55.92076496583536
8040,0,normal,0.003633546642959118,0.3096727090336867,-55.92076496583536
8041,0,normal,0.003633546642959118,0.3096727090336867,-55.92076496583536
8042,0,normal,0.003633546642959118,0.3096727090336867,-55.92076496583536
8043,0,normal,0.003633546642959118,0.3096727090336867,-55.92076496583536
8044,0,normal,0.003633546642959118,0.3096727090336867,-55.92076496583536
8045,0,normal,0.003633546642959118,0.3096727090336867,-55.92076496583536
8046,0,normal,0.003633546642959118,0.3096727090336867,-55.92076496583536
8047,0,normal,0.003633546642959118,0.3096727090336867,-55.92076496583536
8048,0,normal,0.003633546642959118,0.3096727090336867,-55.92076496583536
8049,0,normal,0.003633546642959118,0.3096727090336867,-55.92076496583536
8050,0,normal,0.003633546642959118,0.3096727090336867,-55.92076496583536
8051,0,normal,0.003633546642959118,0.3096727090336867,-55.92076496583536
8052,0,normal,0.003633546642959118,0.3096727090336867,-55.92076496583536
8053,0,normal,0.003633546642959118,0.3096727090336867,-55.92076496583536
8054,0,normal,0.003633546642959118,0.3096727090336867,-55.92076496583536
8055,0,normal,0.003633546642959118,0.3096727090336867,-55.92076496583536
8056,0,normal,0.003633546642959118,0.3096727090336867,-55.92076496583536
8057,0,normal,0.003633546642959118,0.3096727090336867,-55.92076496583536
8058,0,normal,0.003633546642959118,0.3096727090336867,-55.92076496583536
8059,0,normal,0.003633546642959118,0.3096727090336867,-55.92076496583536
8060,0,normal,0.003633546642959118,0.3096727090336867,-55.92076496583536
8061,0,normal,0.003633546642959118,0.3096727090336867,-55.92076496583536
8062,0,normal,0.003633546642959118,0.3096727090336867,-55.92076496583536
8063,0,normal,0.003633546642959118,0.3096727090336867,-55.92076496583536
8064,0,normal,0.003633546642959118,0.3096727090336867,-55.92076496583536
8065,0,normal,0.003633546642959118,0.3096727090336867,-55.92076496583536
8066,0,normal,0.003633546642959118,0.3096727090336867,-55.92076496583536
8067,0,normal,0.003633546642959118,0.3096727090336867,-55.92076496583536
8068,0,normal,0.003633546642959118,0.3096727090336867,-55.92076496583536
8069,0,normal,0.003633546642959118,0.3096727090336867,-55.92076496583536
8070,0,normal,0.003633546642959118,0.3096727090336867,-55.92076496583536
8071,0,normal,0.003633546642959118,0.3096727090336867,-55.92076496583536
8072,0,normal,0.003633546642959118,0.3096727090336867,-55.92076496583536
8073,0,normal,0.003633546642959118,0.3096727090336867,-55.92076496583536
8074,0,normal,0.003633546642959118,0.3096727090336867,-55.92076496583536
8075,0,normal,0.003633546642959118,0.3096727090336867,-55.92076496583536
8076,0,normal,0.003633546642959118,0.3096727090336867,-55.92076496583536
8077,0,normal,0.003633546642959118,0.3096727090336867,-55.92076496583536
8078,0,normal,0.003633546642959118,0.3096727090336867,-55.92076496583536
8079,0,normal,0.003633546642959118,0.3096727090336867,-55.92076496583536
8080,0,normal,0.003633546642959118,0.3096727090336867,-55.92076496583536
8081,0,normal,0.003633546642959118,0.3096727090336867,-55.92076496583536
8082,0,normal,0.003633546642959118,0.3096727090336867,-55.92076496583536
8083,0,normal,0.003633546642959118,0.3096727090336867,-55.92076496583536
8084,0,normal,0.003633546642959118,0.3096727090336867,-55.92076496583536
8085,0,normal,0.003633546642959118,0.3096727090336867,-55.92076496583536
8086,0,normal,0.003633546642959118,0.3096727090336867,-55.92076496583536
8087,0,normal,0.003633546642959118,0.3096727090336867,-55.92076496583536
8088,0,normal,0.003633546642959118,0.3096727090336867,-55.92076496583536
8089,0,normal,0.003633546642959118,0.3096727090336867,-55.92076496583536
8090,0,normal,0.003633546642959118,0.3096727090336867,-55.92076496583536
8091,0,normal,0.3463071882724762,0.3134426961514784,-55.5332054067901
8092,0,normal,0.2761498987674713,0.31384355093332394,-55.21836531664735
8093,0,normal,0.4048822522163391,0.31672478977918256,-54.96724611258401
8094,0,normal,1.0591055154800415,0.3173733511827502,-54.727133987939396
8095,0,normal,2.390503406524658,0.31869037063748856,-54.478247348184595
8096,0,normal,3.67030668258667,0.31959416361747417,-54.218993589870934
8097,0,normal,4.462163925170898,0.32154402838045876,-53.95032566944974
8098,0,normal,4.889982223510742,0.32540216321554727,-53.67317594375845
8099,0,normal,5.11604118347168,0.3283356114719778,-53.39025869686179
8100,0,normal,5.239660263061523,0.3294959313404932,-53.1023170549131
8101,0,normal,5.311432361602783,0.3316770281739238,-52.81041053106787
8102,0,normal,5.355763912200928,0.3357351087858477,-52.51515990547159
8103,0,normal,5.384567737579346,0.34174377035803905,-52.21773601625182
8104,0,normal,5.850847244262695,0.3432986218523537,-52.29924200287792
8105,0,normal,5.387702941894531,0.34546013917348933,-52.31074873837474
8106,0,normal,5.114138126373291,0.3439441300923219,-52.262678189606504
8107,0,normal,4.899961948394775,0.3476827486784638,-52.20852049138466
8108,0,normal,4.703369617462158,0.34810876856975626,-52.167680935330054
8109,0,normal,4.510756015777588,0.35050299545655195,-52.14294154854633
8110,0,normal,4.316685676574707,0.35118063416472795,-52.13163131252213
8111,0,normal,4.118452548980713,0.35149139007003805,-52.120164005194056
8112,0,normal,3.9146487712860107,0.35021467917138144,-52.10242566731722
8113,0,normal,3.704854726791382,0.3524886870789098,-52.05831448815297
8114,0,normal,3.4895482063293457,0.3537502419529134,-51.9622666976029
8115,0,normal,3.2699601650238037,0.3568044520447607,-51.80930706198342
8116,0,normal,3.047842264175415,0.3527165237682639,-51.596495190576434
8117,0,normal,2.8251214027404785,0.351843665073579,-51.31729014646589
8118,0,normal,2.6034669876098633,0.3534984160275642,-50.97073736842526
8119,0,normal,2.3838696479797363,0.35247987869130304,-50.55514029323831
8120,0,normal,2.1663286685943604,0.3495039094457087,-50.068524997685245
8121,0,normal,1.9280942678451538,0.346588016791911,-50.35547121823606
8122,0,normal,1.684409260749817,0.3445809454825337,-50.63672038443883
8123,0,normal,1.429734468460083,0.3407873826010352,-50.914039920540745
8124,0,normal,1.155687689781189,0.33559994536579646,-51.2004391157036
8125,0,normal,0.8515126705169678,0.3315429714634221,-51.49921676544341
8126,0,normal,0.512340784072876,0.328136458606178,-51.83016444939972
8127,0,normal,0.185979425907135,0.32373602898341985,-52.21825828864576
8128,0,normal,0.02311873994767666,0.3211338380279439,-52.6677486805911
8129,0,normal,0.00401090644299984,0.3190407749139017,-53.18024819742368
8130,0,normal,0.0037993404548615217,0.31627903918919126,-53.761866792584215
8131,0,normal,0.34591448307037354,0.3176558099112402,-54.024369381038696
8132,0,normal,0.27603065967559814,0.3156827381512216,-54.429107096055304
8133,0,normal,0.4048822522163391,0.31672478977918256,-54.96724611258401
8134,0,normal,1.0591055154800415,0.3173733511827502,-54.727133987939396
8135,0,normal,2.390503406524658,0.31869037063748856,-54.478247348184595
8136,0,normal,3.67030668258667,0.31959416361747417,-54.218993589870934
8137,0,normal,4.462163925170898,0.32154402838045876,-53.95032566944974
8138,0,normal,4.889982223510742,0.32540216321554727,-53.67317594375845
8139,0,normal,5.11604118347168,0.3283356114719778,-53.39025869686179
8140,0,normal,5.239660263061523,0.3294959313404932,-53.1023170549131
8141,0,normal,5.311432361602783,0.3316770281739238,-52.81041053106787
8142,0,normal,5.355763912200928,0.3357351087858477,-52.51515990547159
8143,0,normal,5.384567737579346,0.34174377035803905,-52.21773601625182
8144,0,normal,5.403980731964111,0.34558837371340484,-51.91847718247959
8145,0,normal,5.866114139556885,0.34481740352067103,-51.99996123099072
8146,0,normal,5.40083122253418,0.3478454728316397,-52.01304683272565
8147,0,normal,5.126864433288574,0.3488701842265726,-51.968408274334934
8148,0,normal,4.912810325622559,0.34988456437092574,-51.91789843235688
8149,0,normal,4.716609001159668,0.35029562069713677,-51.88213987424365
8150,0,normal,4.524645805358887,0.3537470413899985,-51.8609525719437
8151,0,normal,4.3314738273620605,0.35694867503878025,-51.84073057876299
8152,0,normal,4.134323596954346,0.35294119604490554,-51.81720417359679
8153,0,normal,3.931670665740967,0.3538955888296276,-51.76827289493872
8154,0,normal,3.7229702472686768,0.35526676193625045,-51.668706516810744
8155,0,normal,3.50858211517334,0.3568157935160084,-51.513104846416354
8156,0,normal,3.28965163230896,0.35802818342718684,-51.29905940988442
8157,0,normal,3.0678629875183105,0.3567451758604521,-51.019221059231995
8158,0,normal,2.8450820446014404,0.3536634871319398,-50.6732122096912
8159,0,normal,2.6229195594787598,0.35627485876270354,-50.25977198147416
8160,0,normal,2.4023375511169434,0.3541625435590913,-49.77717208143599
8161,0,normal,2.1663286685943604,0.3495039094457087,-50.068524997685245
8162,0,normal,1.9280942678451538,0.346588016791911,-50.35547121823606
8163,0,normal,1.684409260749817,0.3445809454825337,-50.63672038443883
8164,0,normal,1.429734468460083,0.3407873826010352,-50.914039920540745
8165,0,normal,1.155687689781189,0.33559994536579646,-51.2004391157036
8166,0,normal,0.8515126705169678,0.3315429714634221,-51.49921676544341
8167,0,normal,0.512340784072876,0.328136458606178,-51.83016444939972
8168,0,normal,0.185979425907135,0.32373602898341985,-52.21825828864576
8169,0,normal,0.02311873994767666,0.3211338380279439,-52.6677486805911
8170,0,normal,0.00401090644299984,0.3190407749139017,-53.18024819742368
8171,0,normal,0.0037993404548615217,0.31627903918919126,-53.761866792584215
8172,0,normal,0.003641637973487377,0.31504817700892873,-54.4124083062527
8173,0,normal,0.0036341026425361633,0.31148745426739555,-55.131991057525056
8174,0,normal,0.003633546642959118,0.3096727090336867,-55.92076496583536
8175,0,normal,0.003633546642959118,0.3096727090336867,-55.92076496583536
8176,0,normal,0.003633546642959118,0.3096727090336867,-55.92076496583536
8177,0,normal,0.003633546642959118,0.3096727090336867,-55.92076496583536
8178,0,normal,0.003633546642959118,0.3096727090336867,-55.92076496583536
8179,0,normal,0.003633546642959118,0.3096727090336867,-55.92076496583536
8180,0,normal,0.003633546642959118,0.3096727090336867,-55.92076496583536
8181,0,normal,0.003633546642959118,0.3096727090336867,-55.92076496583536
8182,0,normal,0.003633546642959118,0.3096727090336867,-55.92076496583536
8183,0,normal,0.003633546642959118,0.3096727090336867,-55.92076496583536
8184,0,normal,0.003633546642959118,0.3096727090336867,-55.92076496583536
8185,0,normal,0.003633546642959118,0.3096727090336867,-55.92076496583536
8186,0,normal,0.003633546642959118,0.3096727090336867,-55.92076496583536
8187,0,normal,0.003633546642959118,0.3096727090336867,-55.92076496583536
8188,0,normal,0.003633546642959118,0.3096727090336867,-55.92076496583536
8189,0,normal,0.003633546642959118,0.3096727090336867,-55.92076496583536
8190,0,normal,0.003633546642959118,0.3096727090336867,-55.92076496583536
8191,0,normal,0.003633546642959118,0.3096727090336867,-55.92076496583536
8192,0,normal,0.003633546642959118,0.3096727090336867,-55.92076496583536
8193,0,normal,0.003633546642959118,0.3096727090336867,-55.92076496583536
8194,0,normal,0.003633546642959118,0.3096727090336867,-55.92076496583536
8195,0,normal,0.003633546642959118,0.3096727090336867,-55.92076496583536
8196,0,normal,0.003633546642959118,0.3096727090336867,-55.92076496583536
8197,0,normal,0.003633546642959118,0.3096727090336867,-55.92076496583536
8198,0,normal,0.003633546642959118,0.3096727090336867,-55.92076496583536
8199,0,normal,0.003633546642959118,0.3096727090336867,-55.92076496583536
8200,0,normal,0.003633546642959118,0.3096727090336867,-55.92076496583536
8201,0,normal,0.003633546642959118,0.3096727090336867,-55.92076496583536
8202,0,normal,0.003633546642959118,0.3096727090336867,-55.92076496583536
8203,0,normal,0.003633546642959118,0.3096727090336867,-55.92076496583536
8204,0,normal,0.003633546642959118,0.3096727090336867,-55.92076496583536
8205,0,normal,0.003633546642959118,0.3096727090336867,-55.92076496583536
8206,0,normal,0.003633546642959118,0.3096727090336867,-55.92076496583536
8207,0,normal,0.003633546642959118,0.3096727090336867,-55.92076496583536
8208,0,normal,0.003633546642959118,0.3096727090336867,-55.92076496583536
8209,0,normal,0.003633546642959118,0.3096727090336867,-55.92076496583536
8210,0,normal,0.003633546642959118,0.3096727090336867,-55.92076496583536
8211,0,normal,0.003633546642959118,0.3096727090336867,-55.92076496583536
8212,0,normal,0.003633546642959118,0.3096727090336867,-55.92076496583536
8213,0,normal,0.003633546642959118,0.3096727090336867,-55.92076496583536
8214,0,normal,0.003633546642959118,0.3096727090336867,-55.92076496583536
8215,0,normal,0.003633546642959118,0.3096727090336867,-55.92076496583536
8216,0,normal,0.003633546642959118,0.3096727090336867,-55.92076496583536
8217,0,normal,0.003633546642959118,0.3096727090336867,-55.92076496583536
8218,0,normal,0.003633546642959118,0.3096727090336867,-55.92076496583536
8219,0,normal,0.003633546642959118,0.3096727090336867,-55.92076496583536
8220,0,normal,0.003633546642959118,0.3096727090336867,-55.92076496583536
8221,0,normal,0.003633546642959118,0.3096727090336867,-55.92076496583536
8222,0,normal,0.003633546642959118,0.3096727090336867,-55.92076496583536
8223,0,normal,0.003633546642959118,0.3096727090336867,-55.92076496583536
8224,0,normal,0.003633546642959118,0.3096727090336867,-55.92076496583536
8225,0,normal,0.003633546642959118,0.3096727090336867,-55.92076496583536
8226,0,normal,0.003633546642959118,0.3096727090336867,-55.92076496583536
8227,0,normal,0.003633546642959118,0.3096727090336867,-55.92076496583536
8228,0,normal,0.003633546642959118,0.3096727090336867,-55.92076496583536
8229,0,normal,0.003633546642959118,0.3096727090336867,-55.92076496583536
8230,0,normal,0.003633546642959118,0.3096727090336867,-55.92076496583536
8231,0,normal,0.003633546642959118,0.3096727090336867,-55.92076496583536
8232,0,normal,0.003633546642959118,0.3096727090336867,-55.92076496583536
8233,0,normal,0.003633546642959118,0.3096727090336867,-55.92076496583536
8234,0,normal,0.003633546642959118,0.3096727090336867,-55.92076496583536
8235,0,normal,0.003633546642959118,0.3096727090336867,-55.92076496583536
8236,0,normal,0.003633546642959118,0.3096727090336867,-55.92076496583536
8237,0,normal,0.003633546642959118,0.3096727090336867,-55.92076496583536
8238,0,normal,0.3463071882724762,0.3134426961514784,-55.5332054067901
8239,0,normal,0.2761498987674713,0.31384355093332394,-55.21836531664735
8240,0,normal,0.4048822522163391,0.31672478977918256,-54.96724611258401
8241,0,normal,1.0591055154800415,0.3173733511827502,-54.727133987939396
8242,0,normal,2.390503406524658,0.31869037063748856,-54.478247348184595
8243,0,normal,3.67030668258667,0.31959416361747417,-54.218993589870934
8244,0,normal,4.462163925170898,0.32154402838045876,-53.95032566944974
8245,0,normal,4.889982223510742,0.32540216321554727,-53.67317594375845
8246,0,normal,5.11604118347168,0.3283356114719778,-53.39025869686179
8247,0,normal,5.239660263061523,0.3294959313404932,-53.1023170549131
8248,0,normal,5.311432361602783,0.3316770281739238,-52.81041053106787
8249,0,normal,5.355763912200928,0.3357351087858477,-52.51515990547159
8250,0,normal,5.384567737579346,0.34174377035803905,-52.21773601625182
8251,0,normal,5.850847244262695,0.3432986218523537,-52.29924200287792
8252,0,normal,5.387702941894531,0.34546013917348933,-52.31074873837474
8253,0,normal,5.114138126373291,0.3439441300923219,-52.262678189606504
8254,0,normal,4.899961948394775,0.3476827486784638,-52.20852049138466
8255,0,normal,4.703369617462158,0.34810876856975626,-52.167680935330054
8256,0,normal,4.510756015777588,0.35050299545655195,-52.14294154854633
8257,0,normal,4.316685676574707,0.35118063416472795,-52.13163131252213
8258,0,normal,4.118452548980713,0.35149139007003805,-52.120164005194056
8259,0,normal,3.9146487712860107,0.35021467917138144,-52.10242566731722
8260,0,normal,3.704854726791382,0.3524886870789098,-52.05831448815297
8261,0,normal,3.4895482063293457,0.3537502419529134,-51.9622666976029
8262,0,normal,3.2699601650238037,0.3568044520447607,-51.80930706198342
8263,0,normal,3.047842264175415,0.3527165237682639,-51.596495190576434
8264,0,normal,2.8251214027404785,0.351843665073579,-51.31729014646589
8265,0,normal,2.6034669876098633,0.3534984160275642,-50.97073736842526
8266,0,normal,2.3838696479797363,0.35247987869130304,-50.55514029323831
8267,0,normal,2.1663286685943604,0.3495039094457087,-50.068524997685245
8268,0,normal,1.9280942678451538,0.346588016791911,-50.35547121823606
8269,0,normal,1.684409260749817,0.3445809454825337,-50.63672038443883
8270,0,normal,1.429734468460083,0.3407873826010352,-50.914039920540745
8271,0,normal,1.155687689781189,0.33559994536579646,-51.2004391157036
8272,0,normal,0.8515126705169678,0.3315429714634221,-51.49921676544341
8273,0,normal,0.512340784072876,0.328136458606178,-51.83016444939972
8274,0,normal,0.185979425907135,0.32373602898341985,-52.21825828864576
8275,0,normal,0.02311873994767666,0.3211338380279439,-52.6677486805911
8276,0,normal,0.00401090644299984,0.3190407749139017,-53.18024819742368
8277,0,normal,0.0037993404548615217,0.31627903918919126,-53.761866792584215
8278,0,normal,0.003641637973487377,0.31504817700892873,-54.4124083062527
8279,0,normal,0.0036341026425361633,0.31148745426739555,-55.131991057525056
8280,0,normal,0.003633546642959118,0.3096727090336867,-55.92076496583536
8281,0,normal,0.003633546642959118,0.3096727090336867,-55.92076496583536
8282,0,normal,0.003633546642959118,0.3096727090336867,-55.92076496583536
8283,0,normal,0.003633546642959118,0.3096727090336867,-55.92076496583536
8284,0,normal,0.003633546642959118,0.3096727090336867,-55.92076496583536
8285,0,normal,0.003633546642959118,0.3096727090336867,-55.92076496583536
8286,0,normal,0.3463071882724762,0.3134426961514784,-55.5332054067901
8287,0,normal,0.2761498987674713,0.31384355093332394,-55.21836531664735
8288,0,normal,0.4048822522163391,0.31672478977918256,-54.96724611258401
8289,0,normal,1.0591055154800415,0.3173733511827502,-54.727133987939396
8290,0,normal,2.390503406524658,0.31869037063748856,-54.478247348184595
8291,0,normal,3.67030668258667,0.31959416361747417,-54.218993589870934
8292,0,normal,4.462163925170898,0.32154402838045876,-53.95032566944974
8293,0,normal,4.889982223510742,0.32540216321554727,-53.67317594375845
8294,0,normal,5.11604118347168,0.3283356114719778,-53.39025869686179
8295,0,normal,5.239660263061523,0.3294959313404932,-53.1023170549131
8296,0,normal,5.311432361602783,0.3316770281739238,-52.81041053106787
8297,0,normal,5.355763912200928,0.3357351087858477,-52.51515990547159
8298,0,normal,5.384567737579346,0.34174377035803905,-52.21773601625182
8299,0,normal,5.403980731964111,0.34558837371340484,-51.91847718247959
8300,0,normal,5.4173903465271,0.34711728543448145,-51.61835167329218
8301,0,normal,5.876779079437256,0.34719829921677564,-51.70132731519175
8302,0,normal,5.410120010375977,0.35239238082593005,-51.717766219877376
8303,0,normal,5.135939121246338,0.35107951974632984,-51.676759542401896
8304,0,normal,4.922041893005371,0.3520825722150713,-51.631336355275835
8305,0,normal,4.726203918457031,0.35353774729393384,-51.599139023817315
8306,0,normal,4.534815788269043,0.3595572347643161,-51.569062892303236
8307,0,normal,4.342431545257568,0.3584209908234974,-51.5368071987034
8308,0,normal,4.1462225914001465,0.3572838597765326,-51.48213297384336
8309,0,normal,3.9445714950561523,0.3566847519247578,-51.37782006162752
8310,0,normal,3.736819267272949,0.3583454554556017,-51.21877685716049
8311,0,normal,3.5232205390930176,0.35803956379625146,-51.002167323140384
8312,0,normal,3.3048295974731445,0.36157335336310903,-50.72117896022678
8313,0,normal,3.083254814147949,0.35859034973933623,-50.37461945225027
8314,0,normal,2.8602914810180664,0.35644122636643455,-49.96180456725165
8315,0,normal,2.637516736984253,0.35867882446728944,-49.48144372629122
8316,0,normal,2.4023375511169434,0.3541625435590913,-49.77717208143599
8317,0,normal,2.1663286685943604,0.3495039094457087,-50.068524997685245
8318,0,normal,1.9280942678451538,0.346588016791911,-50.35547121823606
8319,0,normal,1.684409260749817,0.3445809454825337,-50.63672038443883
8320,0,normal,1.429734468460083,0.3407873826010352,-50.914039920540745
8321,0,normal,1.155687689781189,0.33559994536579646,-51.2004391157036
8322,0,normal,0.8515126705169678,0.3315429714634221,-51.49921676544341
8323,0,normal,0.512340784072876,0.328136458606178,-51.83016444939972
8324,0,normal,0.185979425907135,0.32373602898341985,-52.21825828864576
8325,0,normal,0.02311873994767666,0.3211338380279439,-52.6677486805911
8326,0,normal,0.00401090644299984,0.3190407749139017,-53.18024819742368
8327,0,normal,0.0037993404548615217,0.31627903918919126,-53.761866792584215
8328,0,normal,0.003641637973487377,0.31504817700892873,-54.4124083062527
8329,0,normal,0.0036341026425361633,0.31148745426739555,-55.131991057525056
8330,0,normal,0.003633546642959118,0.3096727090336867,-55.92076496583536
8331,0,normal,0.003633546642959118,0.3096727090336867,-55.92076496583536
8332,0,normal,0.003633546642959118,0.3096727090336867,-55.92076496583536
8333,0,normal,0.003633546642959118,0.3096727090336867,-55.92076496583536
8334,0,normal,0.003633546642959118,0.3096727090336867,-55.92076496583536
8335,0,normal,0.003633546642959118,0.3096727090336867,-55.92076496583536
8336,0,normal,0.003633546642959118,0.3096727090336867,-55.92076496583536
8337,0,normal,0.003633546642959118,0.3096727090336867,-55.92076496583536
8338,0,normal,0.003633546642959118,0.3096727090336867,-55.92076496583536
8339,0,normal,0.003633546642959118,0.3096727090336867,-55.92076496583536
8340,0,normal,0.003633546642959118,0.3096727090336867,-55.92076496583536
8341,0,normal,0.003633546642959118,0.3096727090336867,-55.92076496583536
8342,0,normal,0.003633546642959118,0.3096727090336867,-55.92076496583536
8343,0,normal,0.003633546642959118,0.3096727090336867,-55.92076496583536
8344,0,normal,0.003633546642959118,0.3096727090336867,-55.92076496583536
8345,0,normal,0.003633546642959118,0.3096727090336867,-55.92076496583536
8346,0,normal,0.003633546642959118,0.3096727090336867,-55.92076496583536
8347,0,normal,0.003633546642959118,0.3096727090336867,-55.92076496583536
8348,0,normal,0.003633546642959118,0.3096727090336867,-55.92076496583536
8349,0,normal,0.003633546642959118,0.3096727090336867,-55.92076496583536
8350,0,normal,0.003633546642959118,0.3096727090336867,-55.92076496583536
8351,0,normal,0.003633546642959118,0.3096727090336867,-55.92076496583536
8352,0,normal,0.003633546642959118,0.3096727090336867,-55.92076496583536
8353,0,normal,0.003633546642959118,0.3096727090336867,-55.92076496583536
8354,0,normal,0.003633546642959118,0.3096727090336867,-55.92076496583536
8355,0,normal,0.003633546642959118,0.3096727090336867,-55.92076496583536
8356,0,normal,0.003633546642959118,0.3096727090336867,-55.92076496583536
8357,0,normal,0.003633546642959118,0.3096727090336867,-55.92076496583536
8358,0,normal,0.003633546642959118,0.3096727090336867,-55.92076496583536
8359,0,normal,0.003633546642959118,0.3096727090336867,-55.92076496583536
8360,0,normal,0.003633546642959118,0.3096727090336867,-55.92076496583536
8361,0,normal,0.003633546642959118,0.3096727090336867,-55.92076496583536
8362,0,normal,0.003633546642959118,0.3096727090336867,-55.92076496583536
8363,0,normal,0.003633546642959118,0.3096727090336867,-55.92076496583536
8364,0,normal,0.003633546642959118,0.3096727090336867,-55.92076496583536
8365,0,normal,0.003633546642959118,0.3096727090336867,-55.92076496583536
8366,0,normal,0.003633546642959118,0.3096727090336867,-55.92076496583536
8367,0,normal,0.003633546642959118,0.3096727090336867,-55.92076496583536
8368,0,normal,0.003633546642959118,0.3096727090336867,-55.92076496583536
8369,0,normal,0.003633546642959118,0.3096727090336867,-55.92076496583536
8370,0,normal,0.003633546642959118,0.3096727090336867,-55.92076496583536
8371,0,normal,0.003633546642959118,0.3096727090336867,-55.92076496583536
8372,0,normal,0.003633546642959118,0.3096727090336867,-55.92076496583536
8373,0,normal,0.003633546642959118,0.3096727090336867,-55.92076496583536
8374,0,normal,0.003633546642959118,0.3096727090336867,-55.92076496583536
8375,0,normal,0.003633546642959118,0.3096727090336867,-55.92076496583536
8376,0,normal,0.003633546642959118,0.3096727090336867,-55.92076496583536
8377,0,normal,0.003633546642959118,0.3096727090336867,-55.92076496583536
8378,0,normal,0.003633546642959118,0.3096727090336867,-55.92076496583536
8379,0,normal,0.003633546642959118,0.3096727090336867,-55.92076496583536
8380,0,normal,0.003633546642959118,0.3096727090336867,-55.92076496583536
8381,0,normal,0.003633546642959118,0.3096727090336867,-55.92076496583536
8382,0,normal,0.003633546642959118,0.3096727090336867,-55.92076496583536
8383,0,normal,0.3463071882724762,0.3134426961514784,-55.5332054067901
8384,0,normal,0.2761498987674713,0.31384355093332394,-55.21836531664735
8385,0,normal,0.4048822522163391,0.31672478977918256,-54.96724611258401
8386,0,normal,1.0591055154800415,0.3173733511827502,-54.727133987939396
8387,0,normal,2.390503406524658,0.31869037063748856,-54.478247348184595
8388,0,normal,3.67030668258667,0.31959416361747417,-54.218993589870934
8389,0,normal,4.462163925170898,0.32154402838045876,-53.95032566944974
8390,0,normal,4.889982223510742,0.32540216321554727,-53.67317594375845
8391,0,normal,5.11604118347168,0.3283356114719778,-53.39025869686179
8392,0,normal,5.239660263061523,0.3294959313404932,-53.1023170549131
8393,0,normal,5.311432361602783,0.3316770281739238,-52.81041053106787
8394,0,normal,5.355763912200928,0.3357351087858477,-52.51515990547159
8395,0,normal,5.384567737579346,0.34174377035803905,-52.21773601625182
8396,0,normal,5.403980731964111,0.34558837371340484,-51.91847718247959
8397,0,normal,5.866114139556885,0.34481740352067103,-51.99996123099072
8398,0,normal,5.40083122253418,0.3478454728316397,-52.01304683272565
8399,0,normal,5.126864433288574,0.3488701842265726,-51.968408274334934
8400,0,normal,4.912810325622559,0.34988456437092574,-51.91789843235688
8401,0,normal,4.716609001159668,0.35029562069713677,-51.88213987424365
8402,0,normal,4.524645805358887,0.3537470413899985,-51.8609525719437
8403,0,normal,4.3314738273620605,0.35694867503878025,-51.84073057876299
8404,0,normal,4.134323596954346,0.35294119604490554,-51.81720417359679
8405,0,normal,3.931670665740967,0.3538955888296276,-51.76827289493872
8406,0,normal,3.7229702472686768,0.35526676193625045,-51.668706516810744
8407,0,normal,3.50858211517334,0.3568157935160084,-51.513104846416354
8408,0,normal,3.28965163230896,0.35802818342718684,-51.29905940988442
8409,0,normal,3.0678629875183105,0.3567451758604521,-51.019221059231995
8410,0,normal,2.8450820446014404,0.3536634871319398,-50.6732122096912
8411,0,normal,2.6229195594787598,0.35627485876270354,-50.25977198147416
8412,0,normal,2.4023375511169434,0.3541625435590913,-49.77717208143599
8413,0,normal,2.1663286685943604,0.3495039094457087,-50.068524997685245
8414,0,normal,1.9280942678451538,0.346588016791911,-50.35547121823606
8415,0,normal,1.684409260749817,0.3445809454825337,-50.63672038443883
8416,0,normal,1.5428274869918823,0.34402271606466045,-50.52040182684209
8417,0,normal,1.872849941253662,0.3410236159289703,-50.48681057077897
8418,0,normal,2.390085458755493,0.341909910721089,-50.53056005349163
8419,0,normal,2.98589825630188,0.33944941551054697,-50.61927474229674
8420,0,normal,3.5337297916412354,0.3362389300401244,-50.75807066801508
8421,0,normal,3.9718017578125,0.3344821360029498,-50.94934481582277
8422,0,normal,4.36312198638916,0.3318680000319811,-51.19538452639836
8423,0,normal,4.852499008178711,0.3310126940917033,-51.50290789071755
8424,0,normal,5.113739490509033,0.3326969063566033,-51.87413985318176
8425,0,normal,5.23930549621582,0.3309570623315015,-52.309662814811645
8426,0,normal,5.311432361602783,0.3316770281739238,-52.81041053106787
8427,0,normal,5.355763912200928,0.3357351087858477,-52.51515990547159
8428,0,normal,5.384567737579346,0.34174377035803905,-52.21773601625182
8429,0,normal,5.403980731964111,0.34558837371340484,-51.91847718247959
8430,0,normal,5.866114139556885,0.34481740352067103,-51.99996123099072
8431,0,normal,5.40083122253418,0.3478454728316397,-52.01304683272565
8432,0,normal,5.126864433288574,0.3488701842265726,-51.968408274334934
8433,0,normal,4.912810325622559,0.34988456437092574,-51.91789843235688
8434,0,normal,4.716609001159668,0.35029562069713677,-51.88213987424365
8435,0,normal,4.524645805358887,0.3537470413899985,-51.8609525719437
8436,0,normal,4.3314738273620605,0.35694867503878025,-51.84073057876299
8437,0,normal,4.134323596954346,0.35294119604490554,-51.81720417359679
8438,0,normal,3.931670665740967,0.3538955888296276,-51.76827289493872
8439,0,normal,3.7229702472686768,0.35526676193625045,-51.668706516810744
8440,0,normal,3.50858211517334,0.3568157935160084,-51.513104846416354
8441,0,normal,3.28965163230896,0.35802818342718684,-51.29905940988442
8442,0,normal,3.0678629875183105,0.3567451758604521,-51.019221059231995
8443,0,normal,2.8450820446014404,0.3536634871319398,-50.6732122096912
8444,0,normal,2.6229195594787598,0.35627485876270354,-50.25977198147416
8445,0,normal,2.4023375511169434,0.3541625435590913,-49.77717208143599
8446,0,normal,2.1663286685943604,0.3495039094457087,-50.068524997685245
8447,0,normal,1.9280942678451538,0.346588016791911,-50.35547121823606
8448,0,normal,1.684409260749817,0.3445809454825337,-50.63672038443883
8449,0,normal,1.429734468460083,0.3407873826010352,-50.914039920540745
8450,0,normal,1.155687689781189,0.33559994536579646,-51.2004391157036
8451,0,normal,0.8515126705169678,0.3315429714634221,-51.49921676544341
8452,0,normal,0.512340784072876,0.328136458606178,-51.83016444939972
8453,0,normal,0.185979425907135,0.32373602898341985,-52.21825828864576
8454,0,normal,0.02311873994767666,0.3211338380279439,-52.6677486805911
8455,0,normal,0.00401090644299984,0.3190407749139017,-53.18024819742368
8456,0,normal,0.0037993404548615217,0.31627903918919126,-53.761866792584215
8457,0,normal,0.003641637973487377,0.31504817700892873,-54.4124083062527
8458,0,normal,0.0036341026425361633,0.31148745426739555,-55.131991057525056
8459,0,normal,0.003633546642959118,0.3096727090336867,-55.92076496583536
8460,0,normal,0.003633546642959118,0.3096727090336867,-55.92076496583536
8461,0,normal,0.003633546642959118,0.3096727090336867,-55.92076496583536
8462,0,normal,0.003633546642959118,0.3096727090336867,-55.92076496583536
8463,0,normal,0.003633546642959118,0.3096727090336867,-55.92076496583536
8464,0,normal,0.003633546642959118,0.3096727090336867,-55.92076496583536
8465,0,normal,0.003633546642959118,0.3096727090336867,-55.92076496583536
8466,0,normal,0.003633546642959118,0.3096727090336867,-55.92076496583536
8467,0,normal,0.003633546642959118,0.3096727090336867,-55.92076496583536
8468,0,normal,0.003633546642959118,0.3096727090336867,-55.92076496583536
8469,0,normal,0.003633546642959118,0.3096727090336867,-55.92076496583536
8470,0,normal,0.003633546642959118,0.3096727090336867,-55.92076496583536
8471,0,normal,0.003633546642959118,0.3096727090336867,-55.92076496583536
8472,0,normal,0.003633546642959118,0.3096727090336867,-55.92076496583536
8473,0,normal,0.003633546642959118,0.3096727090336867,-55.92076496583536
8474,0,normal,0.003633546642959118,0.3096727090336867,-55.92076496583536
8475,0,normal,0.003633546642959118,0.3096727090336867,-55.92076496583536
8476,0,normal,0.003633546642959118,0.3096727090336867,-55.92076496583536
8477,0,normal,0.003633546642959118,0.3096727090336867,-55.92076496583536
8478,0,normal,0.003633546642959118,0.3096727090336867,-55.92076496583536
8479,0,normal,0.003633546642959118,0.3096727090336867,-55.92076496583536
8480,0,normal,0.3463071882724762,0.3134426961514784,-55.5332054067901
8481,0,normal,0.2761498987674713,0.31384355093332394,-55.21836531664735
8482,0,normal,0.4048822522163391,0.31672478977918256,-54.96724611258401
8483,0,normal,1.0591055154800415,0.3173733511827502,-54.727133987939396
8484,0,normal,2.390503406524658,0.31869037063748856,-54.478247348184595
8485,0,normal,3.67030668258667,0.31959416361747417,-54.218993589870934
8486,0,normal,4.462163925170898,0.32154402838045876,-53.95032566944974
8487,0,normal,4.889982223510742,0.32540216321554727,-53.67317594375845
8488,0,normal,5.11604118347168,0.3283356114719778,-53.39025869686179
8489,0,normal,5.239660263061523,0.3294959313404932,-53.1023170549131
8490,0,normal,5.311432361602783,0.3316770281739238,-52.81041053106787
8491,0,normal,5.355763912200928,0.3357351087858477,-52.51515990547159
8492,0,normal,5.384567737579346,0.34174377035803905,-52.21773601625182
8493,0,normal,5.403980731964111,0.34558837371340484,-51.91847718247959
8494,0,normal,5.866114139556885,0.34481740352067103,-51.99996123099072
8495,0,normal,5.40083122253418,0.3478454728316397,-52.01304683272565
8496,0,normal,5.126864433288574,0.3488701842265726,-51.968408274334934
8497,0,normal,4.912810325622559,0.34988456437092574,-51.91789843235688
8498,0,normal,4.716609001159668,0.35029562069713677,-51.88213987424365
8499,0,normal,4.524645805358887,0.3537470413899985,-51.8609525719437
8500,0,normal,4.3314738273620605,0.35694867503878025,-51.84073057876299
8501,0,normal,4.134323596954346,0.35294119604490554,-51.81720417359679
8502,0,normal,3.931670665740967,0.3538955888296276,-51.76827289493872
8503,0,normal,3.7229702472686768,0.35526676193625045,-51.668706516810744
8504,0,normal,3.50858211517334,0.3568157935160084,-51.513104846416354
8505,0,normal,3.28965163230896,0.35802818342718684,-51.29905940988442
8506,0,normal,3.0678629875183105,0.3567451758604521,-51.019221059231995
8507,0,normal,2.8450820446014404,0.3536634871319398,-50.6732122096912
8508,0,normal,2.6229195594787598,0.35627485876270354,-50.25977198147416
8509,0,normal,2.4023375511169434,0.3541625435590913,-49.77717208143599
8510,0,normal,2.1663286685943604,0.3495039094457087,-50.068524997685245
8511,0,normal,1.9280942678451538,0.346588016791911,-50.35547121823606
8512,0,normal,1.684409260749817,0.3445809454825337,-50.63672038443883
8513,0,normal,1.4297343492507935,0.3407873826010352,-50.914039920540745
8514,0,normal,1.1556874513626099,0.33559994536579646,-51.2004391157036
8515,0,normal,0.851512610912323,0.3315429714634221,-51.49921676544341
