timestamp_idx,ground_truth,anomaly_class,lstm_score,iforest_score,svm_score
0,0,normal,,,
1,0,normal,,,
2,0,normal,,,
3,0,normal,,,
4,0,normal,,,
5,0,normal,,,
6,0,normal,,,
7,0,normal,,,
8,0,normal,,,
9,0,normal,,,
10,0,normal,,,
11,0,normal,,,
12,0,normal,,,
13,0,normal,,,
14,0,normal,,,
15,0,normal,,,
16,0,normal,,,
17,0,normal,,,
18,0,normal,,,
19,0,normal,,,
20,0,normal,,,
21,0,normal,,,
22,0,normal,,,
23,0,normal,,,
24,0,normal,,,
25,0,normal,,,
26,0,normal,,,
27,0,normal,,,
28,0,normal,,,
29,0,normal,0.003101787529885769,0.47202666547095573,153.3305580042868
30,0,normal,0.009765483438968658,0.44377019690490216,153.62455219542994
31,0,normal,0.020603904500603676,0.47549298927827843,153.8813463247003
32,0,normal,0.01685994863510132,0.47187417969304823,154.13014498742643
33,0,normal,0.013761665672063828,0.4666710140397197,154.56805426758206
34,0,normal,0.01197829283773899,0.46746649992474276,155.31548695914444
35,0,normal,0.007440472021698952,0.4535177670686115,156.23034794598686
36,0,normal,0.008739097975194454,0.44162343137589555,130.63188109087218
37,0,normal,0.03800748288631439,0.44225611902418344,132.02890889957564
38,0,normal,0.02427060902118683,0.4518664916960333,133.79372575313846
39,0,normal,0.0070306044071912766,0.42164663533107316,109.15590037306913
40,0,normal,0.005501023028045893,0.41617310771333593,106.39331298945194
41,0,normal,0.0051846858114004135,0.40805748606082465,103.37923046925107
42,0,normal,0.006513779982924461,0.4040968407349676,102.52111536768871
43,0,normal,0.023557640612125397,0.3905028496593976,48.24722810129697
44,0,normal,0.008092081174254417,0.36388112385758203,-9.215794611453703
45,0,normal,0.006261078175157309,0.3464513649039844,-12.08101627501037
46,0,normal,0.01837104931473732,0.3363760624173502,-42.30867002517107
47,0,normal,0.019596774131059647,0.3249260103031823,-44.97969695328152
48,0,normal,0.0118740638718009,0.32283642902512416,-45.00922806960557
49,0,normal,0.0115976482629776,0.3177427795629507,-51.41762813495643
50,0,normal,0.007420734036713839,0.31099041195677535,-60.89647635696406
51,0,normal,0.0414414256811142,0.31134770091721853,-60.541130322062145
52,0,normal,0.011579652316868305,0.31116043020501294,-60.34766867507324
53,0,normal,0.009913712739944458,0.3124294645655879,-60.19149305296901
54,0,normal,0.01200190931558609,0.31376150810702036,-60.011827618676534
55,0,normal,0.012112168595194817,0.31329708654490956,-59.814876597248485
56,0,normal,0.0071182698011398315,0.31152185526457804,-59.71415122370081
57,0,normal,0.010121597908437252,0.3107816890102133,-59.59011985281131
58,0,normal,0.010518953204154968,0.3135452840894669,-59.45715055186611
59,0,normal,0.010961614549160004,0.3121304295670101,-59.27753896059221
60,0,normal,0.009937143884599209,0.3124654064075849,-59.168361168812
61,0,normal,0.0248891469091177,0.3137830784166092,-58.78214544871798
62,0,normal,0.07169995456933975,0.31353994631242144,-58.875269838610166
63,0,normal,0.06036964803934097,0.313470688171787,-58.987884714877055
64,0,normal,0.037863411009311676,0.3116435660531683,-59.153211679310516
65,0,normal,0.0358988381922245,0.3131825745173586,-59.29346602424539
66,0,normal,0.03242542967200279,0.3125173272906474,-59.44261801296875
67,0,normal,0.037756990641355515,0.31224195449024716,-59.77098384961391
68,0,normal,0.06365436315536499,0.31408678232052434,-59.890786328253625
69,0,normal,0.009540584869682789,0.3115883305518492,-59.94621538056413
70,0,normal,0.006939470302313566,0.3113844683999674,-60.015968506367244
71,0,normal,0.005751958116889,0.31323887803195155,-60.05182808621362
72,0,normal,0.005114126019179821,0.31168744888903205,-60.121508662646875
73,0,normal,0.0048056659288704395,0.3115057974037525,-60.32138766835578
74,0,normal,0.00489679304882884,0.31153190456415825,-60.393296509614856
75,0,normal,0.018120326101779938,0.3114636629767399,-60.22941293757003
76,0,normal,0.005556119605898857,0.3123617979964437,-60.28223830936918
77,0,normal,0.016323789954185486,0.3119775594237499,-60.01543972684772
78,0,normal,0.11173980683088303,0.3157560286713238,-60.09770291185396
79,0,normal,0.056775227189064026,0.31487821823995643,-60.27225968368066
80,0,normal,0.03708280622959137,0.31405238033052774,-60.43571696217987
81,0,normal,0.03715834021568298,0.31307335150847093,-60.81579854097072
82,0,normal,0.02354760654270649,0.3141902223664419,-61.11007361818952
83,0,normal,0.020698385313153267,0.31340312896412004,-61.39530093199096
84,0,normal,0.0640890970826149,0.3123589851549019,-61.378327243583044
85,0,normal,0.024271531030535698,0.3146489512365137,-61.320455685344996
86,0,normal,0.00830258708447218,0.3144639237384393,-61.26163855081336
87,0,normal,0.005101857706904411,0.31332883251161653,-61.268662086145014
88,0,normal,0.004835466854274273,0.3134989146435453,-61.25036863956211
89,0,normal,0.005487456917762756,0.3136944614683723,-61.186300556869355
90,0,normal,0.004675293806940317,0.3125574635235476,-61.108391073244775
91,0,normal,0.006264445371925831,0.31352926551752824,-61.07350171633948
92,0,normal,0.0048695458099246025,0.3136440265760663,-60.93303489982827
93,0,normal,0.005438631400465965,0.3144866039723055,-60.8657705444607
94,0,normal,0.016654741019010544,0.31441433584053335,-60.64268517983237
95,0,normal,0.013032129965722561,0.31425477296481874,-60.74866297005747
96,0,normal,0.019748849794268608,0.313781765258527,-60.94203209832767
97,0,normal,0.009755156002938747,0.3126579989003985,-61.203159696568946
98,0,normal,0.008885749615728855,0.3133147406633234,-61.38234433232287
99,0,normal,0.008527697063982487,0.3121959304744859,-61.47834033204913
100,0,normal,0.009264327585697174,0.3134874468131833,-61.57621721082228
101,0,normal,0.05035676062107086,0.3130001236290293,-61.23411424980873
102,0,normal,8.81627082824707,0.33159442355027924,-28.71060514234
103,0,normal,0.10776479542255402,0.3418762589765231,-28.381859105946887
104,0,normal,1.9302639961242676,0.3415069869059573,-15.852651078920417
105,0,normal,1.3082152605056763,0.37731532014211155,10.726593671215369
106,0,normal,0.1656484305858612,0.38022671237182126,11.618983206128178
107,0,normal,0.1344127058982849,0.3906032854821124,13.055194514896357
108,0,normal,0.8019642233848572,0.388955208694174,12.860370741593897
109,0,normal,0.1934768557548523,0.3983332516882903,14.4865589995361
110,0,normal,0.7108266353607178,0.4015883102171203,15.053393204989106
111,0,normal,0.2492198348045349,0.38927903818795345,17.98901032013896
112,0,normal,0.2535184323787689,0.3959476351756646,20.877050494318837
113,0,normal,1.2628237009048462,0.40319101300118987,21.96966228958331
114,0,normal,2.1488513946533203,0.42589133157366565,49.72663064672838
115,0,normal,0.458693265914917,0.4257754966927536,48.93962660549914
116,0,normal,0.7835105061531067,0.4364203489969798,48.657602151133915
117,0,normal,1.7494938373565674,0.4346678949994278,62.88934626721061
118,0,normal,0.04548913985490799,0.4332687642313913,63.15129800047862
119,0,normal,0.017948545515537262,0.4309595127526755,63.30265769921971
120,0,normal,0.007124796975404024,0.4373735371703464,63.234389502282966
121,0,normal,0.007027639541774988,0.4274782552297692,63.363447505908425
122,0,normal,0.009231626987457275,0.44466789401597856,63.63652082391104
123,0,normal,0.025876084342598915,0.44107338945323654,64.18281797426357
124,0,normal,0.0029335797298699617,0.41502136151369823,64.30749411924239
125,0,normal,0.003788603935390711,0.438620135534769,64.75308407551097
126,0,normal,0.005001322831958532,0.4446504439394204,65.26886548957395
127,0,normal,0.0068076616153120995,0.45467140823160584,65.91281549144037
128,0,normal,0.006654943805187941,0.44541292925785114,66.54003670514476
129,0,normal,0.0068165576085448265,0.44998836921568264,67.4129498461291
130,0,normal,0.006874413695186377,0.44866463897228387,68.35290823673131
131,0,normal,0.013763896189630032,0.44092679876789126,69.23311302386605
132,0,normal,0.031497810035943985,0.42424185150628896,41.012147231920835
133,0,normal,0.08489029109477997,0.4260626990564059,41.76307586548273
134,0,normal,0.048581842333078384,0.4110064207770187,29.58889530387455
135,0,normal,0.04644475132226944,0.38548258700861493,1.5210553175479617
136,0,normal,0.03515656292438507,0.3851906100390776,-0.30558916015024806
137,0,normal,0.06904293596744537,0.378628622967598,-2.3076228959403124
138,0,normal,0.011686949990689754,0.37505782185713715,-1.4294557029822954
139,0,normal,0.0075640808790922165,0.37041524602930653,-3.335663564933384
140,0,normal,0.006104281637817621,0.3591360154787836,-3.1760902759842793
141,0,normal,0.0052684457041323185,0.3625311902348853,-6.9086642587333245
142,0,normal,0.005295512266457081,0.3588495358587864,-11.0723304584792
143,0,normal,0.006054036784917116,0.34955961941190966,-12.640889881198746
144,0,normal,0.004620917607098818,0.3240441088453442,-44.38503479349879
145,0,normal,0.00556908268481493,0.32237459436752913,-44.55361330808796
146,0,normal,0.006088246125727892,0.32363354237812203,-44.59094747511085
147,0,normal,0.010639412328600883,0.3143611187651863,-60.82099002323844
148,0,normal,0.010892747901380062,0.3143756268265652,-61.267718838316796
149,0,normal,0.012510336935520172,0.3133710089680386,-61.42901199713651
150,0,normal,0.006118290591984987,0.311745426734597,-61.59741761311261
151,0,normal,0.006462927907705307,0.31264425964140524,-61.736124856917286
152,0,normal,0.006337355822324753,0.31149888417586563,-61.873026729448156
153,0,normal,0.010676576755940914,0.3115517797368411,-62.02510161248961
154,0,normal,0.034848880022764206,0.3138233162151779,-62.171125834714076
155,0,normal,0.018259558826684952,0.31253536626564693,-62.298984287581106
156,0,normal,0.007309769745916128,0.3119800673377055,-62.361247347562085
157,0,normal,0.0076801287941634655,0.31261366694995546,-62.41639897653977
158,0,normal,0.007515849079936743,0.3120192654640856,-62.36769381450904
159,0,normal,0.026858486235141754,0.3115635990159403,-62.03666176353363
160,0,normal,0.006350013427436352,0.31323095769116677,-61.84506431235263
161,0,normal,0.006212158128619194,0.31246044922973437,-61.779905915118434
162,0,normal,0.005856228061020374,0.3132583760702027,-61.58863188837495
163,0,normal,0.005744484253227711,0.31296907431285964,-61.67469408364968
164,0,normal,0.013176029548048973,0.31233740563828943,-61.61461761506598
165,0,normal,0.009782791137695312,0.3109881944074124,-61.6360680221876
166,0,normal,0.08526550978422165,0.3113049896100512,-61.91126675572923
167,0,normal,0.07503453642129898,0.31252884082743837,-62.055092822420875
168,0,normal,0.04412705823779106,0.31088222962727,-62.154523934871804
169,0,normal,0.03996274620294571,0.31258628255528387,-62.24495603089713
170,0,normal,0.03747648745775223,0.31178657860174014,-62.321969041824104
171,0,normal,0.029527071863412857,0.312712984550785,-62.427092904802294
172,0,normal,0.09057823568582535,0.31137661627554786,-62.22827871369168
173,0,normal,0.024800414219498634,0.3112229103175061,-62.061580643646266
174,0,normal,0.006274387706071138,0.3114035014348635,-61.987161127915215
175,0,normal,0.005519990809261799,0.3113408860853231,-61.86292083881108
176,0,normal,0.00508858310058713,0.3116933725107059,-61.73746949988413
177,0,normal,0.0043528382666409016,0.31172112529458806,-61.64457075697828
178,0,normal,0.004704244900494814,0.31148335939274446,-61.55175054675374
179,0,normal,0.0060429866425693035,0.31334415156235507,-61.470935990328144
180,0,normal,0.0063848961144685745,0.31273549049034083,-61.34528170688691
181,0,normal,0.0069502261467278,0.31242098127761403,-61.21021222290756
182,0,normal,0.021163273602724075,0.3134241853627158,-60.89088493766462
183,0,normal,0.08898771554231644,0.31445428817697935,-61.00493648048382
184,0,normal,0.05329829081892967,0.31426615657088625,-61.072140795344694
185,0,normal,0.03309636563062668,0.31302715546688936,-61.175871159090775
186,0,normal,0.023068608716130257,0.3138051127812353,-61.296921199268354
187,0,normal,0.022380176931619644,0.312953619416261,-61.41993011257546
188,0,normal,0.09173166751861572,0.31343403722736235,-61.10142057785697
189,0,normal,0.023588256910443306,0.3134308253242821,-60.996514957356794
190,0,normal,0.009394548833370209,0.31354137945854643,-60.83218648565071
191,0,normal,0.007725544739514589,0.3124684908811076,-60.612749305925945
192,0,normal,0.007250882685184479,0.31371944215981845,-60.39866337912781
193,0,normal,0.004776665475219488,0.3130772610139103,-60.21106259557018
194,0,normal,0.0048654391430318356,0.3136319389758223,-60.10645460034311
195,0,normal,0.005864045117050409,0.31357317323241,-59.95155217017282
196,0,normal,0.005811543669551611,0.31498168488515926,-59.833424168599095
197,0,normal,0.0063420748338103294,0.3143450520629781,-59.824673739529544
198,0,normal,0.005855896044522524,0.31576719778399465,-59.852095697048526
199,0,normal,0.00865099485963583,0.31434988919396845,-59.88272111742617
200,0,normal,8.802387237548828,0.33262600131018777,-27.55010855932437
201,0,normal,0.09008567035198212,0.34110951475405377,-27.828677525406647
202,0,normal,2.767897129058838,0.3492289670767536,-0.33640359389369223
203,0,normal,0.2022295445203781,0.37224901347451256,0.4981559938960345
204,0,normal,0.11455725878477097,0.37361071586167555,2.3143485773582597
205,0,normal,0.0971570536494255,0.3770977182162822,4.223558779235418
206,0,normal,0.10997160524129868,0.38773426828434515,6.264498793882694
207,0,normal,0.12885412573814392,0.3946453891013715,8.02000553615926
208,0,normal,0.11177673190832138,0.3985717837251816,9.885573775878356
209,0,normal,0.12502722442150116,0.39453535690275066,11.736435230224743
210,0,normal,0.3409859538078308,0.41083844700377503,13.585172985909594
211,0,normal,1.0483455657958984,0.4034727138627469,15.4336052444703
212,0,normal,1.7718160152435303,0.4231359647817572,42.354733672523025
213,0,normal,0.47297680377960205,0.4349568047704096,41.625410000814554
214,0,normal,2.0669820308685303,0.4532122689221805,55.86554274932428
215,0,normal,0.030061352998018265,0.42979977693940946,56.01736898314539
216,0,normal,0.05737435817718506,0.4324781612456217,56.20211258870586
217,0,normal,0.07986778020858765,0.4550759435954796,55.782185487427796
218,0,normal,0.07065774500370026,0.4310493665368026,55.452649551089735
219,0,normal,0.040856923907995224,0.43315976567769326,55.23416473505563
220,0,normal,0.027626121416687965,0.4391284406946483,55.16843723161105
221,0,normal,0.007577764801681042,0.4428033472825444,55.12270551233041
222,0,normal,0.02025916986167431,0.4304176639057407,55.30930109844371
223,0,normal,0.01210041344165802,0.4310411902204063,55.76403419059784
224,0,normal,0.009089733473956585,0.46182868041223807,56.40477517364434
225,0,normal,0.010182349942624569,0.44200401323507876,57.005502757488784
226,0,normal,0.010878031142055988,0.45389232400595936,57.81396225887238
227,0,normal,0.015330472029745579,0.4567317845379662,58.926794969639104
228,0,normal,0.043731141835451126,0.43988048681996983,60.350780101504824
229,0,normal,0.010744049213826656,0.4454992335892524,61.56712569498927
230,0,normal,0.013466699048876762,0.4288818241876653,33.648381989724385
231,0,normal,0.016917765140533447,0.42302772359791735,35.06753944253637
232,0,normal,0.013511593453586102,0.3972650991027674,8.063518544062617
233,0,normal,0.03317568451166153,0.4043381740169075,6.365722935426675
234,0,normal,0.006058280356228352,0.40472291804151317,4.328699231071596
235,0,normal,0.007213952951133251,0.37652748928175467,2.079069742442016
236,0,normal,0.01226621400564909,0.3761787332930624,-0.13823666027110448
237,0,normal,0.14272825419902802,0.38574440941990307,-1.9095298836928123
238,0,normal,0.07562179863452911,0.36182123052972165,-3.994611593894433
239,0,normal,0.05481581389904022,0.3762570567787128,-6.535472750636927
240,0,normal,0.05087718740105629,0.3659530137689096,-9.352000416822193
241,0,normal,0.07978213578462601,0.35292339829127956,-12.191783739505809
242,0,normal,0.01932990923523903,0.32581760653734065,-42.627182236249155
243,0,normal,0.009061850607395172,0.3241687870127084,-42.517332253984705
244,0,normal,0.008149037137627602,0.3147896287931212,-58.46096457578619
245,0,normal,0.006245222873985767,0.31500493283374614,-58.45604542608362
246,0,normal,0.005206466186791658,0.3134114603511532,-58.62420010329515
247,0,normal,0.004648362286388874,0.314907537712411,-58.56544050800494
248,0,normal,0.011140099726617336,0.31523576931423314,-58.457451027157504
249,0,normal,0.004781530704349279,0.3130009907165602,-58.46933753178655
250,0,normal,0.007368193008005619,0.31405169996660537,-58.60780398823272
251,0,normal,8.803484916687012,0.33074376842252295,-26.389856014060797
252,0,normal,0.05469520762562752,0.33758440196207473,-26.670757832581103
253,0,normal,2.7954585552215576,0.34968043806260707,0.7960638285298955
254,0,normal,0.20407132804393768,0.3697162668103406,1.5865839055134074
255,0,normal,0.11109111458063126,0.37749200006547623,3.115260635188406
256,0,normal,0.09874637424945831,0.37701772965713604,4.812242299534091
257,0,normal,0.8656594753265381,0.3876560385117671,5.421273565771344
258,0,normal,0.16854679584503174,0.39505316443400146,7.899308497897891
259,0,normal,0.12112680822610855,0.3977361896886914,10.604797580466311
260,0,normal,0.11412862688302994,0.39151994083247604,12.839598832043976
261,0,normal,0.37217897176742554,0.40753686053914134,15.180066104961725
262,0,normal,1.8844845294952393,0.404871673932601,15.819446913977117
263,0,normal,2.148648977279663,0.41451539400562704,32.918413556296855
264,0,normal,2.295328378677368,0.42082505850375834,45.64029317223026
265,0,normal,1.6504873037338257,0.4519922570655638,51.13767954071591
266,0,normal,1.2405871152877808,0.45230514532373584,59.37533508101228
267,0,normal,0.0549350269138813,0.42880320917360654,59.14859830849605
268,0,normal,0.04940931871533394,0.43793401369538837,58.6958865232657
269,0,normal,0.034886252135038376,0.44432554131005475,58.30503846549664
270,0,normal,0.03293369337916374,0.42983742869842045,57.94595787368212
271,0,normal,0.014204914681613445,0.4334597868568929,57.94132074961681
272,0,normal,0.09516657143831253,0.4505445621655347,58.02130770897725
273,0,normal,0.04862428456544876,0.4277409688865396,58.059591365201186
274,0,normal,0.03913888335227966,0.4439823886326125,58.325826402227676
275,0,normal,0.039567749947309494,0.4561893650381584,58.734944295811374
276,0,normal,0.013988259248435497,0.44664675776358503,59.078119720797986
277,0,normal,0.056495875120162964,0.46021118893268365,59.94526516975702
278,0,normal,0.012971106916666031,0.458415375674036,60.83376326347593
279,0,normal,0.0077791111543774605,0.4355551049073984,61.76053588367722
280,0,normal,0.005811133421957493,0.43635889603658656,62.79173837123108
281,0,normal,0.005855904426425695,0.43896401866195445,34.738490776064054
282,0,normal,0.004739203490316868,0.414887830555357,35.94010343881246
283,0,normal,0.005099777597934008,0.39618410182179165,8.631647202642398
284,0,normal,0.014839855954051018,0.3934897181899485,6.475548178039844
285,0,normal,0.005963730160146952,0.400390670615016,4.551613213080373
286,0,normal,0.006472624838352203,0.39569971658906317,2.465574585609602
287,0,normal,0.01881670579314232,0.3772987683041315,2.4219114025961517
288,0,normal,0.014728270471096039,0.3825602689441054,-0.6276623402657151
289,0,normal,0.009593616239726543,0.37263395748665384,-3.6426535135028644
290,0,normal,0.059169553220272064,0.37357637947944344,-6.64649449350577
291,0,normal,0.029914390295743942,0.3631065303765366,-10.192891270261043
292,0,normal,0.021425411105155945,0.3609554115768784,-11.210936855046157
293,0,normal,0.09052836149930954,0.34021424264651134,-30.482232210054462
294,0,normal,0.018358537927269936,0.32350989247716966,-45.59735413473618
295,0,normal,0.010825404897332191,0.32032816203955805,-51.814306334690855
296,0,normal,0.010271614417433739,0.31194420014384544,-61.00856828604901
297,0,normal,0.0062632146291434765,0.3133456881085676,-60.80111627242013
298,0,normal,0.005792525596916676,0.3118213701920356,-60.578668610810155
299,0,normal,0.006936098448932171,0.31269103629992206,-60.33878768311865
300,0,normal,0.00626666285097599,0.3122062762831358,-60.13321446849659
301,0,normal,0.00657692551612854,0.3142572054711971,-59.92432793643388
302,0,normal,0.025107577443122864,0.31256883230800847,-59.663212882456946
303,0,normal,0.005690317135304213,0.3139289689002963,-59.592338922537465
304,0,normal,0.006857855711132288,0.3123595579880966,-59.54784483748358
305,0,normal,0.005958836525678635,0.3150705176593688,-59.61725376209779
306,0,normal,0.025024497881531715,0.3119111885323465,-59.745809704782005
307,0,normal,0.02064252458512783,0.3116043052658883,-60.071868191357225
308,0,normal,8.717899322509766,0.3287122116182891,-27.966181781251862
309,0,normal,0.06643727421760559,0.33690286030048505,-28.167347933090923
310,0,normal,1.9385695457458496,0.33346284237325957,-28.64802013656322
311,0,normal,1.1755627393722534,0.35748798968155054,-1.5220198009189971
312,0,normal,0.21872998774051666,0.354580108975614,-0.040437581759533714
313,0,normal,0.13659808039665222,0.37871833267667415,1.4034751614210563
314,0,normal,0.151300847530365,0.3827135278544014,2.956197243643828
315,0,normal,0.16529063880443573,0.3771107790362478,4.364729660070452
316,0,normal,0.7551256418228149,0.3912730867892686,4.4127218427336174
317,0,normal,0.17569859325885773,0.3779507919727555,6.1964805699797125
318,0,normal,0.16437116265296936,0.37891420055164277,8.081443247473771
319,0,normal,0.9024832248687744,0.390862545902671,8.124208089228432
320,0,normal,2.782902240753174,0.40999117230767607,35.34882146560881
321,0,normal,0.2776091396808624,0.40836191397720945,35.326268270944865
322,0,normal,0.6774495840072632,0.4167152590337653,34.99437371104182
323,0,normal,1.8046618700027466,0.43094321132466307,49.10332500797335
324,0,normal,0.02644534409046173,0.4182955441003097,48.776918256312456
325,0,normal,0.06947357952594757,0.4131815852607357,48.50496969685969
326,0,normal,0.061763521283864975,0.433001975898869,48.05414490424596
327,0,normal,0.03909654542803764,0.42193076097814575,47.85663984828966
328,0,normal,0.03365342319011688,0.4181478692710272,47.739286347240295
329,0,normal,0.03160795569419861,0.44785308947258956,47.741879904296184
330,0,normal,0.04690305516123772,0.4169986915903282,47.90483415142239
331,0,normal,0.04233552888035774,0.42186029150906496,48.450025373054814
332,0,normal,0.009468167088925838,0.42590430228054177,48.827211641824306
333,0,normal,0.00903456099331379,0.44216915883650154,49.53678921242613
334,0,normal,0.03078400157392025,0.42843157498586787,50.42960213648939
335,0,normal,0.006604733876883984,0.4366442546939735,51.37403153204946
336,0,normal,0.008933155797421932,0.4324523338175043,52.499087884628125
337,0,normal,0.010246548801660538,0.43158677155766406,53.658184148656574
338,0,normal,0.013334417715668678,0.4152675652205306,25.47084103641282
339,0,normal,0.014067194424569607,0.4081708628888484,26.611504004279595
340,0,normal,0.013877391815185547,0.41967962639322764,27.809235790453386
341,0,normal,0.010712805204093456,0.3892230354396311,0.3780208966979899
342,0,normal,0.00903352815657854,0.38590478267805106,-1.861289080317647
343,0,normal,0.008160389959812164,0.3786152017460125,-3.7430852213956314
344,0,normal,0.009073382243514061,0.37724635796609374,-5.489957799927197
345,0,normal,0.01618768461048603,0.37220863565713647,-7.207033467885822
346,0,normal,0.050160132348537445,0.3642766838260014,-6.664261247991362
347,0,normal,0.03369588404893875,0.36307535415486586,-9.17109649250392
348,0,normal,0.02121322602033615,0.36308855394118084,-12.02433118467934
349,0,normal,0.017646480351686478,0.35450757641049646,-12.258051674523358
350,0,normal,0.017564360052347183,0.33114530790578284,-42.61269755539183
351,0,normal,0.04322050139307976,0.3262863199387378,-43.46704524155257
352,0,normal,0.01071177888661623,0.3237073394073943,-43.244128699985595
353,0,normal,0.007466142997145653,0.31314542848591415,-59.06854290140632
354,0,normal,0.006163871847093105,0.3140099149196682,-58.89473163807111
355,0,normal,0.006308401003479958,0.3132824147119222,-58.83545510110366
356,0,normal,0.005988453980535269,0.3132528868828006,-58.93281430560978
357,0,normal,0.005773444660007954,0.3123550287576528,-59.06267032565643
358,0,normal,0.007136266678571701,0.3112170784790934,-59.167157031262605
359,0,normal,3.52886962890625,0.32273405432956204,-47.41069880026271
360,0,normal,0.21889494359493256,0.3245849800388058,-47.687777314604546
361,0,normal,0.24082863330841064,0.31860773110516716,-48.02913045565492
362,0,normal,0.32348066568374634,0.324748600656261,-48.33566290460112
363,0,normal,0.41467082500457764,0.3243637197214826,-48.581492238536384
364,0,normal,45.84119415283203,0.33235408055816945,107.88098630684328
365,0,normal,40.91135787963867,0.3285011034908974,243.68397423506417
366,0,normal,0.27230456471443176,0.3375316939202725,243.58615284372104
367,0,normal,0.23854942619800568,0.32763134129566857,243.3399465541064
368,0,normal,0.18265818059444427,0.3305496491775854,243.10362881855383
369,0,normal,42.4433479309082,0.33414636855929863,360.6379098984296
370,0,normal,0.4112311601638794,0.32280968625378165,360.53869563911564
371,0,normal,0.21544304490089417,0.32531648135396396,360.63395951684925
372,0,normal,0.07232310622930527,0.3369165486176762,360.6691592823681
373,0,normal,0.04240260273218155,0.3267189237081433,360.72315838232373
374,0,normal,0.028841735795140266,0.34278435368728166,360.8336521431744
375,0,normal,0.02044765092432499,0.33652922246071215,360.8665467831569
376,0,normal,0.0890725627541542,0.3363522660814852,360.83676432558696
377,0,normal,0.060187775641679764,0.33476947563507836,360.8101953495151
378,0,normal,0.040799275040626526,0.32638401678961076,360.792736497619
379,0,normal,0.038992252200841904,0.32696164236795006,360.7553244224922
380,0,normal,0.03135852515697479,0.3315684659809532,360.73266305671564
381,0,normal,0.024339253082871437,0.3243130439385418,360.6584156128471
382,0,normal,0.07442393153905869,0.3285976402873544,360.905432165059
383,0,normal,0.01645767129957676,0.3308499617416496,361.06657014051484
384,0,normal,0.010653340257704258,0.33542400578493237,361.2413297808363
385,0,normal,0.00880382675677538,0.32803464698316603,361.4255136277121
386,0,normal,0.009045129641890526,0.3303642542955746,361.66405536821685
387,0,normal,0.009131921455264091,0.32557207408345423,361.91918832890667
388,0,normal,0.006573128513991833,0.32847792656997166,362.1547638890755
389,0,normal,0.00848042219877243,0.32328489076907213,354.44224878025614
390,0,normal,0.007210312411189079,0.3190640472516325,354.49335087856446
391,0,normal,0.009358509443700314,0.32086140532519614,354.5377960522943
392,0,normal,0.009110592305660248,0.31770238496578274,354.5127808073969
393,0,normal,0.015362799167633057,0.3218925902912938,354.5290673056029
394,0,normal,0.028216596692800522,0.32207209479018234,235.78153280953472
395,0,normal,44.78623962402344,0.31701209619415815,235.4687903848028
396,0,normal,0.07371608912944794,0.3201395641176786,235.0433283892968
397,0,normal,0.04925673082470894,0.3141380649547467,234.96127754568522
398,0,normal,0.04019713029265404,0.3131182630290749,234.86743146822232
399,0,normal,0.04340222477912903,0.3179858138947855,97.56600422914266
400,0,normal,0.1063632220029831,0.31316343736300023,97.85567975148456
401,0,normal,0.03550397977232933,0.31282123984837257,97.91821036574652
402,0,normal,0.026225224137306213,0.32013685228284783,98.14298078317165
403,0,normal,0.01577981561422348,0.316906179341196,98.37284786101941
404,0,normal,0.02725936658680439,0.3205278700607449,98.75504278989615
405,0,normal,0.007690437603741884,0.31789481777745715,98.96494970227741
406,0,normal,8.808984756469727,0.34128899422875725,127.09890969390494
407,0,normal,0.07753834128379822,0.3398258079870414,127.2004113896844
408,0,normal,1.878767490386963,0.34399071350939064,137.9632773714868
409,0,normal,2.3705015182495117,0.37149998914157534,151.91345409033966
410,0,normal,0.2446151077747345,0.3738604089481013,152.98871448812645
411,0,normal,0.7240291237831116,0.3786834260412388,152.74581589655327
412,0,normal,0.19874219596385956,0.38867754186392367,154.20567850699877
413,0,normal,0.15164726972579956,0.3883815204315643,155.64518970641984
414,0,normal,0.12604942917823792,0.38753976025413855,157.2237508724354
415,0,normal,0.6656740307807922,0.382793716733721,157.54123363364215
416,0,normal,0.5145590901374817,0.3982252237145711,159.51563289105775
417,0,normal,1.2080931663513184,0.3886624937424433,161.3294637031728
418,0,normal,2.0931191444396973,0.41759387854577223,175.72105228446253
419,0,normal,2.333357334136963,0.4159384202984254,186.30195342785169
420,0,normal,0.8395345211029053,0.4407426907967365,185.73277157565087
421,0,normal,1.8566534519195557,0.45329153611336165,198.139705909163
422,0,normal,0.03005964681506157,0.4270038356595616,198.17689680896046
423,0,normal,0.01923946663737297,0.4229492137709528,198.16454377344712
424,0,normal,0.007969969883561134,0.4448005920965684,197.95234406932184
425,0,normal,0.025877615436911583,0.4360539987674799,55.49837180222403
426,0,normal,0.011544865556061268,0.4393365281209317,55.80600528924333
427,0,normal,0.043390605598688126,0.43515263462683973,56.4994105148221
428,0,normal,0.007627952843904495,0.4290354333453399,56.793477054569394
429,0,normal,0.009526506066322327,0.4451911868359084,57.268687651058144
430,0,normal,0.0086576659232378,0.4395719855196945,57.64404834467177
431,0,normal,0.010705131106078625,0.4547758395218571,58.171443817648196
432,0,normal,0.028577376157045364,0.43934679729478215,58.91558466563583
433,0,normal,0.012707747519016266,0.4445197282182544,59.500517992178175
434,0,normal,0.013500276952981949,0.44518798524098,60.064203249275806
435,0,normal,0.010710205882787704,0.4315267236635735,60.83978489283777
436,0,normal,0.011931100860238075,0.42967188802573547,32.41957858010619
437,0,normal,0.04983004927635193,0.41803072509961997,33.63934925543708
438,0,normal,0.016488060355186462,0.4087350167520375,21.59412382346227
439,0,normal,0.014006219804286957,0.3945390737867268,4.206250583424662
440,0,normal,0.012130936607718468,0.3989652059904375,2.477185622274874
441,0,normal,0.017507404088974,0.3977069638428032,3.5312392556099894
442,0,normal,0.014097052626311779,0.38219264493034993,1.8236245585051165
443,0,normal,0.012266975827515125,0.37904157211620304,0.17375152611043632
444,0,normal,0.012813040986657143,0.3721532953885029,-1.428057645658555
445,0,normal,0.013427536934614182,0.3701075316897657,-1.1398440981138265
446,0,normal,0.013428540900349617,0.37321828307933247,-4.006119404048377
447,0,normal,0.015634534880518913,0.3562065021314866,-6.962210672238143
448,0,normal,0.02881803549826145,0.34346704176985154,-25.467510369164984
449,0,normal,0.013611385598778725,0.3268043045654531,-40.42106624520284
450,0,normal,0.018599608913064003,0.32477259807129916,-40.65384496818183
451,0,normal,0.01165106613188982,0.31353175608607003,-56.96122421938139
452,0,normal,0.011133619584143162,0.3153087516730042,-57.27464842791255
453,0,normal,0.011770459823310375,0.3139426695939497,-57.60601819358112
454,0,normal,0.03147903084754944,0.31536367287716305,-57.64145859826726
455,0,normal,0.008331465534865856,0.31400163912044504,-57.958919528207616
456,0,normal,8.773263931274414,0.3300271002277798,-25.857474719461152
457,0,normal,0.07406506687402725,0.33922444977863203,-26.207185743868422
458,0,normal,1.8958312273025513,0.3443194278760192,-13.962053639733085
459,0,normal,1.3101388216018677,0.3749874426481352,12.636653812194481
460,0,normal,0.1930815726518631,0.3788590831346988,13.84128201106364
461,0,normal,0.13252250850200653,0.38660198548861147,15.810628932870713
462,0,normal,0.14565788209438324,0.39208196768231235,18.675146617427117
463,0,normal,0.9028342962265015,0.39826667244481706,20.036310289394805
464,0,normal,0.17179568111896515,0.4028552462101788,23.581699480698944
465,0,normal,0.8445573449134827,0.39445519977278076,25.213415214578845
466,0,normal,0.23720906674861908,0.414070874980433,28.66917636865969
467,0,normal,0.4767633080482483,0.41141104563473513,31.999765344382695
468,0,normal,3.2454731464385986,0.4464770937028818,58.73858313379765
469,0,normal,0.46903756260871887,0.4346209588763603,57.86267784782126
470,0,normal,0.7906822562217712,0.4575763187790035,57.46068194609916
471,0,normal,1.6209845542907715,0.45379025220625313,70.99649504010245
472,0,normal,0.0590892918407917,0.44259331923111506,70.60182847925398
473,0,normal,0.024795396253466606,0.43989802747239165,70.27814091026244
474,0,normal,0.011943018063902855,0.4426122924977297,69.79668904307573
475,0,normal,0.009458370506763458,0.43120988703384644,69.54656277018444
476,0,normal,0.004712435882538557,0.4522190857445175,69.40921080402995
477,0,normal,0.03622344508767128,0.4471491464756694,69.35291941485093
478,0,normal,0.10217177867889404,0.4315415959282083,69.32399337958918
479,0,normal,0.06195930019021034,0.4404177193711595,69.74203648243747
480,0,normal,0.04144808650016785,0.45113103741193455,70.24655603391489
481,0,normal,0.04311298578977585,0.47539041647205543,70.8660862963452
482,0,normal,0.04639095813035965,0.45784888302458365,71.5372388238352
483,0,normal,0.04292021691799164,0.46425134993576855,72.47455378819836
484,0,normal,0.03341197222471237,0.4575395165639665,73.3618155412546
485,0,normal,0.008449336513876915,0.4429584296317646,74.37037535540026
486,0,normal,0.00601551216095686,0.436300818336325,46.61362531510986
487,0,normal,0.005238212179392576,0.4323461659943043,47.69701707929835
488,0,normal,0.004696201533079147,0.41500607273550916,35.89508708935932
489,0,normal,0.004225127398967743,0.3934623098036181,8.13657521587902
490,0,normal,0.004045646172016859,0.39604331487777494,5.972550524900271
491,0,normal,0.004065733402967453,0.38501565123401704,3.4035452789910323
492,0,normal,0.00456951605156064,0.38168005980575315,-0.20808788790395738
493,0,normal,0.01269765105098486,0.3780560923201208,-1.0183113904906804
494,0,normal,0.006037322338670492,0.3614482493642262,-4.82257905193751
495,0,normal,0.006254513282328844,0.37035833229481574,-6.1910092594480375
496,0,normal,0.035926297307014465,0.36426917136602915,-10.87604705404442
497,0,normal,0.026634011417627335,0.35232505892015326,-15.93398718653998
498,0,normal,0.01739901304244995,0.3292216191843542,-46.91344950339976
499,0,normal,0.008678578771650791,0.32445530481157486,-46.9169671095533
500,0,normal,0.0163181833922863,0.3252395069845817,-46.77422360765763
501,0,normal,0.007535407319664955,0.3146414878843132,-62.65480878796825
502,0,normal,0.060683924704790115,0.31460487473750687,-62.01636466421178
503,0,normal,0.016027644276618958,0.31393765010303076,-61.56489813734697
504,0,normal,8.868477821350098,0.3328747431581863,-28.762835705392035
505,0,normal,0.12807151675224304,0.34208003200746345,-28.1533496176246
506,0,normal,3.1124608516693115,0.3514689685549962,-0.20327590594024514
507,0,normal,0.1974625289440155,0.37770617243834087,0.4634609889612875
508,0,normal,0.13551774621009827,0.3721931529963654,1.7224707542782198
509,0,normal,0.12485717236995697,0.37884493998121693,3.161290003855811
510,0,normal,0.13572455942630768,0.39073078863417415,4.707508633224052
511,0,normal,0.12589791417121887,0.39883581768471643,6.2884636087931085
512,0,normal,0.15120331943035126,0.39250424456961086,9.131551526510975
513,0,normal,0.20867398381233215,0.39223949594662494,11.94614558051967
514,0,normal,1.3879133462905884,0.40423217143144735,13.292649747212636
515,0,normal,1.8722411394119263,0.397837231000112,16.3801057966582
516,0,normal,1.290725827217102,0.42215318613580044,44.49196790350652
517,0,normal,0.25184985995292664,0.43960521705584404,44.54631938068974
518,0,normal,1.2302724123001099,0.4449746907275507,50.96258901802389
519,0,normal,1.2196828126907349,0.443281533552286,58.50961361103691
520,0,normal,0.03321535885334015,0.4207808521286911,58.47672167829296
521,0,normal,0.017310047522187233,0.4495434236983567,58.50529591053373
522,0,normal,0.011125041171908379,0.4393535758314214,58.57358265836547
523,0,normal,0.009477587416768074,0.4285736303446229,58.6829211162767
524,0,normal,0.008171908557415009,0.4359779906793846,58.94098732160569
525,0,normal,0.006922798231244087,0.4507979568496826,59.21155416093711
526,0,normal,0.006651703733950853,0.42294344413175106,59.495758561843104
527,0,normal,0.007893257774412632,0.43803391562263594,60.00338118111631
528,0,normal,0.010845636948943138,0.4478924922380074,60.679035658146404
529,0,normal,0.012608449906110764,0.44337466381049034,61.30053500294025
530,0,normal,0.012269984930753708,0.45269925568873126,62.03906412029005
531,0,normal,0.013116644695401192,0.45585740663826424,63.05293534785915
532,0,normal,0.0143108069896698,0.43756256650826636,63.80771729183357
533,0,normal,0.028811560943722725,0.4461801718955499,64.90219978815185
534,0,normal,0.08641450107097626,0.4367111148277674,36.56866287185471
535,0,normal,0.03997466340661049,0.4216164939739222,37.37254776624718
536,0,normal,0.031206779181957245,0.39744999964929856,10.029051879328108
537,0,normal,0.024213900789618492,0.4007476959573263,8.366375869554304
538,0,normal,0.08179552853107452,0.40091499525573643,7.1917757131341205
539,0,normal,0.019127488136291504,0.38002762346696745,5.64889815052743
540,0,normal,0.012155485339462757,0.38822696940144474,4.159765335008842
541,0,normal,0.01284829992800951,0.3854097685934134,2.6687330645850125
542,0,normal,0.006028842646628618,0.35705562863899476,-0.5546477161437906
543,0,normal,0.0065119001083076,0.372722896973758,-4.322342131514233
544,0,normal,0.009167961776256561,0.362532769124797,-5.6788551245711005
545,0,normal,0.011924915947020054,0.357386800988932,-9.734932975955417
546,0,normal,0.01023024134337902,0.3265652288997281,-41.33095349550763
547,0,normal,0.014097504317760468,0.3272521001179699,-42.49737802418667
548,0,normal,0.01754600740969181,0.3163074273940089,-49.91575848426464
549,0,normal,0.01869106851518154,0.313956313903405,-57.974685735993035
550,0,normal,0.011936726979911327,0.31525990315045094,-57.86323409970964
551,0,normal,0.011259213089942932,0.31278606795104047,-57.80133103671869
552,0,normal,0.01201882865279913,0.3132282378871233,-57.74950524124074
553,0,normal,8.818464279174805,0.33031441863583666,-25.36072504185745
554,0,normal,0.06466163694858551,0.33839103532982,-25.642596061644326
555,0,normal,1.8884791135787964,0.3341769336925919,-26.183160560183296
556,0,normal,1.2064013481140137,0.35834213041189855,0.8506385443395175
557,0,normal,0.23151522874832153,0.35692046814930056,2.3527825182104607
558,0,normal,0.6338144540786743,0.3814141833707059,2.551664404337089
559,0,normal,0.15175464749336243,0.3789405039184224,4.737186414620737
560,0,normal,0.13916026055812836,0.3735604737180333,6.788662149590209
561,0,normal,0.11929011344909668,0.3958470502890714,8.772418390301937
562,0,normal,0.0972389355301857,0.376318709066138,10.69495251131093
563,0,normal,0.15474320948123932,0.3865471694105999,12.46461451107848
564,0,normal,0.5109079480171204,0.3908695497366827,14.935352096587167
565,0,normal,1.4609633684158325,0.4050414561411945,17.585569760169392
566,0,normal,1.3975765705108643,0.4269939083244372,45.04038781816189
567,0,normal,0.24785608053207397,0.422708082248896,45.03851316329087
568,0,normal,0.7359102368354797,0.44697884448818703,45.01250175923815
569,0,normal,1.795227289199829,0.43360663255661375,59.17915570454329
570,0,normal,0.1735820770263672,0.43333848328360586,58.92213948840913
571,0,normal,0.10643666237592697,0.4531876745707356,58.80333838140655
572,0,normal,0.015311019495129585,0.4312594085183645,58.38939626276624
573,0,normal,0.027155155315995216,0.4380119945354511,58.34452108869141
574,0,normal,0.0027266808319836855,0.43342653329838493,58.31216160563804
575,0,normal,0.0031260319519788027,0.43297290491178514,58.39603704896399
576,0,normal,0.002082530641928315,0.43782306268135596,58.52572354182985
577,0,normal,0.02159578539431095,0.4403646964490336,58.965322204890754
578,0,normal,0.005123475566506386,0.453535263414745,59.40630287704471
579,0,normal,0.005676481872797012,0.46522055157229186,59.8055487694528
580,0,normal,0.0037080112379044294,0.4359595401183831,60.39526228065142
581,0,normal,0.015297040343284607,0.4698047079700739,61.32260447641647
582,0,normal,0.005277920048683882,0.4270627213534593,62.22801893088672
583,0,normal,0.0070689707063138485,0.4312353434279442,33.94059817121342
584,0,normal,0.01901102252304554,0.42828592148403916,34.82520807816718
585,0,normal,0.07411647588014603,0.41294553593817607,35.76379441558447
586,0,normal,0.04318316653370857,0.40667814553071746,8.224161613476554
587,0,normal,0.030588839203119278,0.40136615301826545,5.620194828186868
588,0,normal,0.022305605933070183,0.40628503293942364,5.877346020910409
589,0,normal,0.04131423309445381,0.39465884836275106,3.5646328717609777
590,0,normal,0.061529867351055145,0.38725239504086756,1.3939203107281628
591,0,normal,0.030986342579126358,0.3787183107701993,-0.22917268953779057
592,0,normal,0.00757252611219883,0.3650748864474921,-2.0784120107939543
593,0,normal,0.006197597365826368,0.36924068099469404,-4.2720315766364365
594,0,normal,0.0054196882992982864,0.369183274473272,-7.526581101654074
595,0,normal,0.005199642851948738,0.35258888240566133,-11.224563465544179
596,0,normal,0.004698734264820814,0.3319058772173547,-42.095973161062375
597,0,normal,0.0050385440699756145,0.3237174271860104,-43.332114191016444
598,0,normal,0.005053356755524874,0.32706073796569896,-43.85950664488291
599,0,normal,0.005335066467523575,0.3139043355876413,-60.35099637010808
600,0,normal,0.005538723897188902,0.31370056050101863,-60.577086209562594
601,0,normal,0.005831577815115452,0.31430612733450836,-60.91212122414004
602,0,normal,0.020648743957281113,0.3129562574504637,-60.772847773554076
603,0,normal,0.008488654159009457,0.3118054571427496,-60.71965487682064
604,0,normal,0.04104108735918999,0.31305315319987864,-60.89925911425166
605,0,normal,0.06991375237703323,0.3136653107571018,-61.081210671163035
606,0,normal,0.05238693207502365,0.3129354710716415,-61.24772296181277
607,0,normal,0.04867720603942871,0.31302361307228016,-61.5436936017752
608,0,normal,0.04362034425139427,0.3126183223633424,-61.70536913059232
609,0,normal,0.03194703161716461,0.31473232917800503,-61.86238230416825
610,0,normal,0.03796970099210739,0.3128282116766439,-61.89484406227416
611,0,normal,0.011763007380068302,0.3132530096914102,-61.97333187171762
612,0,normal,0.006517432630062103,0.31188492457265826,-61.947413348637156
613,0,normal,0.0057664792984724045,0.31270927013415156,-61.90292905670526
614,0,normal,0.005077684298157692,0.3125360258876533,-61.77133151729072
615,0,normal,0.021771389991044998,0.3124718032481215,-61.53232194876
616,0,normal,8.892003059387207,0.33170184210325593,-29.067302419537782
617,0,normal,0.08798632025718689,0.33688373559026336,-28.924113960695422
618,0,normal,1.9154179096221924,0.3465872352804793,-16.4770519638314
619,0,normal,1.687394142150879,0.37238288958493587,8.025522788398575
620,0,normal,0.1927163451910019,0.3722019609166434,8.919641753030191
621,0,normal,0.14038711786270142,0.38083115748672064,10.258947510110374
622,0,normal,0.14284925162792206,0.3873487742368997,11.868577648123619
623,0,normal,0.843742311000824,0.3940741888038706,11.542453064873825
624,0,normal,0.19909857213497162,0.39786288313042845,13.440010367294008
625,0,normal,0.6524521112442017,0.3832248545804583,13.760075647441454
626,0,normal,6.5526838302612305,0.41954170345332087,41.18614366779502
627,0,normal,0.5049369931221008,0.41998125654821417,40.53602002661182
628,0,normal,0.7983918190002441,0.42590312110208134,40.423545442536124
629,0,normal,1.707404375076294,0.42093656082003683,54.51956928645518
630,0,normal,0.033065177500247955,0.42350623896934486,54.37637612501521
631,0,normal,0.025178194046020508,0.4411533764106174,54.59193311272725
632,0,normal,0.003536583622917533,0.42503821710680667,54.36239950688332
633,0,normal,0.0019856432918459177,0.4073720517986601,54.37880210853882
634,0,normal,0.0014697917504236102,0.4239915218103196,54.55584471735756
635,0,normal,0.00175635633058846,0.4235857611506662,54.664949171119815
636,0,normal,0.0023457801435142756,0.43939351470882404,54.680763940055385
637,0,normal,0.0031108655966818333,0.4199103902821439,54.71020390596732
638,0,normal,0.005503508262336254,0.41416626528476247,54.73283071231731
639,0,normal,0.021086016669869423,0.4245114324950914,55.11448527703578
640,0,normal,0.016871146857738495,0.4232047090891228,55.45920020926201
641,0,normal,0.012786396779119968,0.43784767386525486,55.852625253568704
642,0,normal,0.01312329899519682,0.421708130100806,56.26525628128957
643,0,normal,0.011148348450660706,0.434246943243908,56.9071521927915
644,0,normal,0.011028530076146126,0.4381694407979583,57.65391957457609
645,0,normal,0.06357476115226746,0.41589738059654285,58.719585872231846
646,0,normal,0.021854639053344727,0.4153146134314027,30.355346857885706
647,0,normal,0.013921460136771202,0.4063144713057356,31.487741223154217
648,0,normal,0.030772892758250237,0.3988117490112122,19.869294838759743
649,0,normal,0.006478526629507542,0.38236378678721483,-5.147414976520622
650,0,normal,0.006736876908689737,0.371628669268755,-6.982645067873591
651,0,normal,0.009814915247261524,0.36600710006355786,-8.759607300278503
652,0,normal,0.007788264658302069,0.3558809009139443,-10.740985263735638
653,0,normal,0.00916321575641632,0.36025432582786093,-10.18487041651224
654,0,normal,0.019440393894910812,0.3571616880419409,-12.642871183434636
655,0,normal,0.09347274899482727,0.3516827659942899,-13.228965928053412
656,0,normal,0.05190206319093704,0.3299485285476643,-43.99274717948242
657,0,normal,0.043289389461278915,0.3276528542400573,-44.05289430690914
658,0,normal,0.031209180131554604,0.32427412490144053,-44.263374838756135
659,0,normal,0.02939339354634285,0.3122881198758749,-60.4457378824593
660,0,normal,0.08712682127952576,0.3122507975663374,-60.21033053462929
661,0,normal,0.01691432297229767,0.31150423266611627,-60.2009033001043
662,0,normal,0.00750651815906167,0.3142030222623616,-60.21858236831872
663,0,normal,0.006268884986639023,0.3137173295985749,-60.234814602206825
664,0,normal,0.005809018388390541,0.31281396133084793,-60.25533751472426
665,0,normal,0.006415348965674639,0.31377416981485723,-60.29410643926872
666,0,normal,0.005181134678423405,0.3120078355865449,-60.306188185668134
667,0,normal,0.005142920184880495,0.3117145569911244,-60.304362737151905
668,0,normal,0.005277094431221485,0.31254797050767075,-60.31848000358559
669,0,normal,0.012009353376924992,0.3112927409499127,-60.29914214680457
670,0,normal,0.032302454113960266,0.31362792963872893,-60.365821853394436
671,0,normal,0.08873507380485535,0.3143791744388058,-60.39935293877943
672,0,normal,0.05326562374830246,0.314110691469271,-60.48715779030931
673,0,normal,0.04631704464554787,0.31547938728719227,-60.591029126491094
674,0,normal,0.03227528929710388,0.31429089306510377,-60.75253369378174
675,0,normal,0.020894087851047516,0.31323825613483847,-61.20977316149583
676,0,normal,0.05963561683893204,0.31336018708921304,-61.338767152599985
677,0,normal,0.03383967652916908,0.3127101256201352,-61.28968526073595
678,0,normal,0.00639807153493166,0.3134573382311962,-61.57049017885038
679,0,normal,0.005003553349524736,0.31290119284072965,-61.6126951056051
680,0,normal,0.004436659626662731,0.31312473602101387,-61.64497265941486
681,0,normal,0.005622494965791702,0.31244642265704403,-61.62275727874999
682,0,normal,0.0044424328953027725,0.3131545859198754,-61.578191724665885
683,0,normal,0.006962045561522245,0.31287518500327577,-61.44920601530475
684,0,normal,0.006564668379724026,0.31391651851795793,-61.37219070462743
685,0,normal,0.010587942786514759,0.31481780161989337,-61.169754440938505
686,0,normal,0.012276723049581051,0.3142893791893053,-60.9503866401335
687,0,normal,0.006962478626519442,0.31481601999750886,-60.87110136784145
688,0,normal,0.01620699279010296,0.3141009471824565,-61.023073797586676
689,0,normal,0.04679129645228386,0.3121497545029742,-61.25983841360153
690,0,normal,0.033255741000175476,0.3129695079078386,-61.54620947997614
691,0,normal,0.027570445090532303,0.31271862638607906,-61.73394495862067
692,0,normal,0.022420072928071022,0.3130208004045825,-61.856378432757765
693,0,normal,0.028244050219655037,0.31405356744422325,-61.949085206598966
694,0,normal,0.09377504885196686,0.3129859015770486,-61.555735559788445
695,0,normal,0.033584173768758774,0.31345349369601927,-61.15516360310971
696,0,normal,0.008282671682536602,0.31303943862098443,-61.040293681012145
697,0,normal,0.005602248944342136,0.31261143867900615,-60.904220095047776
698,0,normal,0.005027305334806442,0.3134671045831494,-60.740690284053926
699,0,normal,0.004980388097465038,0.31336925907963403,-60.62846438131851
700,0,normal,0.00488387793302536,0.31363903345067273,-60.45668940621522
701,0,normal,0.0053389607928693295,0.31384088574004637,-60.48797005245319
702,0,normal,0.0053024012595415115,0.3141765623973773,-60.57657650024589
703,0,normal,0.0056722043082118034,0.3127576216141632,-60.71767608465598
704,0,normal,0.005719611421227455,0.31277699188309094,-60.854423807590365
705,0,normal,0.005767660681158304,0.31334853179542105,-60.966413786876274
706,0,normal,0.006572810932993889,0.31232158537479404,-61.03154387466566
707,0,normal,0.007127986289560795,0.3113455524219416,-61.248413994321254
708,0,normal,0.04582443833351135,0.3124360436834175,-61.42022101319344
709,0,normal,0.03497590869665146,0.3115895007896511,-61.61231284601649
710,0,normal,0.018399041146039963,0.3111821582689312,-61.805336158395676
711,0,normal,0.014210915192961693,0.3136459087748185,-62.014570264077065
712,0,normal,6.533658027648926,0.3211466138580181,-37.85101367721495
713,0,normal,2.5552468299865723,0.341868405274561,-29.26732619760878
714,0,normal,0.7023806571960449,0.3295608749171389,-29.58911069322903
715,0,normal,2.115746021270752,0.35106041103130753,-19.41938512817069
716,0,normal,1.3535069227218628,0.3607292925965131,8.013769439142152
717,0,normal,0.2244567722082138,0.3778578048834034,9.296505242310104
718,0,normal,0.16095376014709473,0.38986874348085326,11.082881503100225
719,0,normal,0.7073776125907898,0.3877660320084371,11.016784786906555
720,0,normal,0.18794041872024536,0.3928155064138904,12.860446022548558
721,0,normal,14.631418228149414,0.41541977460699914,67.24343347079343
722,0,normal,0.29914677143096924,0.4147775305003114,68.59489799685343
723,0,normal,0.3189433515071869,0.4198199000492474,70.07949358034693
724,0,normal,15.631102561950684,0.45012520970645653,134.4796642902337
725,0,normal,14.355895042419434,0.4979539022797883,181.91600408514898
726,0,normal,1.9756968021392822,0.47927151229037723,186.73100462872412
727,0,normal,1.58656907081604,0.49051489616944915,193.59621134645613
728,0,normal,0.0785931646823883,0.4759099508072515,193.17477592014802
729,0,normal,0.08511361479759216,0.4877278552863437,192.8540989865421
730,0,normal,0.11856542527675629,0.48115170920976624,192.66813771216596
731,0,normal,0.12612256407737732,0.48216648758088954,192.9050396754958
732,0,normal,0.05956627056002617,0.4658497428187335,193.32056892435003
733,0,normal,0.010668185539543629,0.4932011885258065,193.54948914357954
734,0,normal,0.005929385777562857,0.4775620003728099,193.8520546235012
735,0,normal,0.006105794105678797,0.465888755161264,194.273629030425
736,0,normal,0.02042432315647602,0.4746920087146345,194.89964617177304
737,0,normal,0.006700974889099598,0.46934722689543873,195.54508371416796
738,0,normal,0.008317154832184315,0.488374948417801,196.2459418063637
739,0,normal,0.005158524494618177,0.49392056555076436,196.93167829484207
740,0,normal,0.005416356027126312,0.48643728322817537,197.79997749375218
741,0,normal,0.008230091072618961,0.4814574816214041,198.78441059737258
742,0,normal,0.00911407358944416,0.4579564592039963,180.91374004942804
743,0,normal,0.010147485882043839,0.45993506974479637,174.5235595003394
744,0,normal,0.008924584835767746,0.47050367102629054,175.4242314666568
745,0,normal,0.00855275895446539,0.4493949477357178,167.5551406748407
746,0,normal,0.031299374997615814,0.4418741535829211,143.53629166592793
747,0,normal,0.009826630353927612,0.41870718018912023,141.96191396884456
748,0,normal,8.77965259552002,0.43235294822592896,167.3398702273904
749,0,normal,0.06112862378358841,0.45791360640327866,168.1202882882759
750,0,normal,2.795081615447998,0.45051490229005153,189.67625587952625
751,0,normal,0.5193797945976257,0.44414446580685546,140.76424058981308
752,0,normal,0.1803063452243805,0.44109492598178807,140.37933367735536
753,0,normal,0.1225297749042511,0.4394858179982286,139.84226216282786
754,0,normal,0.8158796429634094,0.4170309710945142,73.75772901501341
755,0,normal,0.21704013645648956,0.4047759776520515,20.777154246692817
756,0,normal,0.15056446194648743,0.3957484751174439,16.34104622141672
757,0,normal,0.13409356772899628,0.37883029420750824,9.023867994014608
758,0,normal,0.367462694644928,0.4005287211212267,10.979387291558396
759,0,normal,1.807612419128418,0.39634154840377406,11.636310587663502
760,0,normal,2.2294201850891113,0.40388409073809733,29.594979404407468
761,0,normal,2.356606960296631,0.4185089725288844,42.869504167372725
762,0,normal,0.7418563961982727,0.4383544957684737,43.120619047593664
763,0,normal,1.8920986652374268,0.44736036083957265,57.2365571025864
764,0,normal,0.1589236706495285,0.4352747997058059,56.954113228754295
765,0,normal,0.08974698930978775,0.42329138794485915,56.616814960450256
766,0,normal,0.05994131416082382,0.44016738198618827,56.09206212654999
767,0,normal,0.02026650682091713,0.4258975388741492,55.976034488733376
768,0,normal,0.005129220429807901,0.43447441003998666,55.946048390439046
769,0,normal,0.022187180817127228,0.43954878049686286,56.29871171742934
770,0,normal,0.006703651510179043,0.4347010529733255,56.43280481377178
771,0,normal,0.014822247438132763,0.44946038786270187,56.987163891339605
772,0,normal,0.005232478491961956,0.4399406855670391,57.49366030142164
773,0,normal,0.0053525203838944435,0.44777134913230465,57.9019509838181
774,0,normal,0.006079219281673431,0.44842192217204996,58.523173746922566
775,0,normal,0.007268320769071579,0.4520504000216944,59.38127018199975
776,0,normal,0.007659561932086945,0.4373370011245294,60.08774819691985
777,0,normal,0.025165410712361336,0.4331943513180655,61.23903172172186
778,0,normal,0.107933908700943,0.4361798289802646,32.81987951214478
779,0,normal,0.06048364192247391,0.4240630944150487,33.71411174417335
780,0,normal,0.04660032317042351,0.40105412824389125,5.972877248532768
781,0,normal,0.02797870524227619,0.39793511164448553,5.923119085065082
782,0,normal,0.026726694777607918,0.39899627189042874,3.6369306629417224
783,0,normal,0.07895936071872711,0.40295385243515575,1.6093929600369847
784,0,normal,0.014962856657803059,0.382264067472021,2.6196367581969753
785,0,normal,0.00749248405918479,0.381563766304483,0.9657059954404303
786,0,normal,0.0062088873237371445,0.3801482902556837,-0.710536382278633
787,0,normal,0.007109225727617741,0.3667280822163663,-2.7525209993164026
788,0,normal,0.005646524019539356,0.3744187236046608,-5.339940293664085
789,0,normal,0.00834483653306961,0.36016683261458243,-5.905947964874031
790,0,normal,0.0071269068866968155,0.3443796040057709,-26.123236287683312
791,0,normal,0.00690570380538702,0.32817554872349347,-42.06422464894058
792,0,normal,0.007145510520786047,0.3259449631472644,-43.59446712274507
793,0,normal,0.006690143141895533,0.3154869690288313,-59.922588089852525
794,0,normal,0.00572177255526185,0.31545883433200256,-59.985398459622274
795,0,normal,8.809510231018066,0.3321113526465663,-27.778619199691093
796,0,normal,0.08704623579978943,0.33914972056263415,-28.062013476301217
797,0,normal,1.791118860244751,0.34599778717858315,-15.629131744476581
798,0,normal,3.0122361183166504,0.36556011792153165,-0.5002891995334267
799,0,normal,0.37979066371917725,0.36568858497823364,1.759260905885185
800,0,normal,0.1718808263540268,0.3732449536495094,4.425615395758314
801,0,normal,0.10356614738702774,0.38835890900231756,7.111897076475543
802,0,normal,0.873664379119873,0.3910779183507546,8.027024941479567
803,0,normal,0.22495003044605255,0.38781104983322323,9.84980553548803
804,0,normal,0.1483457088470459,0.3847955602928327,11.625319323508393
805,0,normal,0.22860795259475708,0.40107454514124896,13.543371033061021
806,0,normal,1.1511186361312866,0.394439767074309,13.750893861060149
807,0,normal,1.9335598945617676,0.40207889236415173,15.824143715478613
808,0,normal,1.2327773571014404,0.41337933371616997,43.05502155980048
809,0,normal,0.2511722445487976,0.43458258874580324,42.98388712191695
810,0,normal,2.121077060699463,0.4599908814114144,56.91085765344042
811,0,normal,0.017907004803419113,0.4260213823183462,56.77826584316131
812,0,normal,0.007808789145201445,0.42573391316228004,56.44972143513223
813,0,normal,0.003789932932704687,0.4551511119564522,56.127865392219064
814,0,normal,0.003467992413789034,0.4185439330791714,56.056036551768784
815,0,normal,0.003862478770315647,0.43905131236863987,56.06303996572183
816,0,normal,0.005422274582087994,0.43072256799263064,56.15155389078495
817,0,normal,0.005324751604348421,0.42768184537994103,56.22197974448841
818,0,normal,0.014129629358649254,0.4458316692639363,56.73680981591042
819,0,normal,0.024446822702884674,0.43537644483424404,56.993258189812195
820,0,normal,0.018172308802604675,0.459016982061021,57.29883496513207
821,0,normal,0.013957683928310871,0.45752491899940995,57.714284638084564
822,0,normal,0.01285859476774931,0.4404993513808071,58.36335782848482
823,0,normal,0.010125976987183094,0.4534668508977868,59.1161235259126
824,0,normal,0.008379925973713398,0.4196440625353341,59.95652955942887
825,0,normal,0.03549124673008919,0.4294907457303596,31.869611901172675
826,0,normal,0.0073025403544306755,0.41545482640699444,32.91801629734164
827,0,normal,0.0055516683496534824,0.40318686240161666,20.67399770865336
828,0,normal,0.00504974415525794,0.38937212807976085,4.791002831554124
829,0,normal,0.0049018897116184235,0.3949528524391374,1.5965971652155986
830,0,normal,0.004902110435068607,0.3987316335113695,-1.525671058301441
831,0,normal,0.030029896646738052,0.37747143250789006,-4.550001682017864
832,0,normal,0.006409972906112671,0.38113083696648437,-4.981008547255215
833,0,normal,0.026626627892255783,0.37957884941678893,-6.2997288615245
834,0,normal,0.020069200545549393,0.3533334632156504,-7.878526963402237
835,0,normal,0.01594531163573265,0.3699837980220187,-10.465229391817275
836,0,normal,0.00627164589241147,0.3586069497474203,-10.535200299374992
837,0,normal,0.012610217556357384,0.3494533758192216,-13.706039495419418
838,0,normal,0.010829382576048374,0.326519399022551,-44.46486908151246
839,0,normal,0.013109492138028145,0.32230058387410554,-45.72720813710157
840,0,normal,0.049786247313022614,0.3112121490033825,-61.35364858053981
841,0,normal,0.009743488393723965,0.3133847832600114,-61.22544238221553
842,0,normal,0.007540385704487562,0.31168230142059533,-61.103620652330164
843,0,normal,0.008196682669222355,0.31122837781858215,-60.93929851337634
844,0,normal,0.008538749068975449,0.3110086789116918,-60.758400000403526
845,0,normal,8.816325187683105,0.3288240997197071,-28.250719250075235
846,0,normal,0.08207035809755325,0.33703762562269257,-28.040525945116315
847,0,normal,1.899008870124817,0.344512692088649,-15.514890039169359
848,0,normal,2.74894642829895,0.3662247644642023,-1.3817839101279787
849,0,normal,0.2815392017364502,0.3622591222818457,0.02643652714050404
850,0,normal,0.1483452320098877,0.3723799757358852,2.099388751194965
851,0,normal,0.8420230150222778,0.3830705489813601,3.1665290688283676
852,0,normal,0.16552424430847168,0.3846506680882811,5.9429741440362704
853,0,normal,0.793895959854126,0.3869284375900051,7.3032032159187565
854,0,normal,0.21661558747291565,0.3806232450314271,10.385398867726735
855,0,normal,0.854539692401886,0.3868496536727603,11.57852433824246
856,0,normal,0.9599000811576843,0.38584659321131654,14.759029138691858
857,0,normal,1.8003935813903809,0.39382462154027703,17.131233427896177
858,0,normal,1.276818037033081,0.4099637798740881,44.12414284905822
859,0,normal,0.43591392040252686,0.42758508915471616,43.322314447444796
860,0,normal,1.9401293992996216,0.45228148294094195,57.111887607383096
861,0,normal,0.022423215210437775,0.4347655245564612,56.837504583946384
862,0,normal,0.008237792178988457,0.43118946334006847,56.53794026073297
863,0,normal,0.00308649311773479,0.4437091043589076,56.1429583423062
864,0,normal,0.003281376324594021,0.41631686989636557,55.961870778452976
865,0,normal,0.0037471423856914043,0.4398028118084751,56.09738662798918
866,0,normal,0.008986908942461014,0.4301866865888345,56.4165575081679
867,0,normal,0.027800478041172028,0.41530172627573303,56.47861871009263
868,0,normal,0.07840290665626526,0.4482629060908274,56.806366896815234
869,0,normal,0.03917708247900009,0.42682929491832367,57.09693778962446
870,0,normal,0.03278319165110588,0.45839896468508984,57.25268204405438
871,0,normal,0.024646619334816933,0.44430623551884996,57.60229161320058
872,0,normal,0.010421901941299438,0.4409997132096756,58.16056471775323
873,0,normal,0.049868643283843994,0.44273822835115784,59.04190688220365
874,0,normal,0.009635009802877903,0.4280726414848364,59.905136817748144
875,0,normal,0.02387089841067791,0.4371255257053479,31.672390401026405
876,0,normal,0.006120599806308746,0.41604949405610053,32.667878161747694
877,0,normal,0.007909204810857773,0.39285026244515225,20.533973259729464
878,0,normal,0.009367560036480427,0.3901665128028301,5.940736935643599
879,0,normal,0.009058431722223759,0.3906205097765282,4.268044087810949
880,0,normal,0.009330947883427143,0.3995356870924221,2.0848909047067536
881,0,normal,0.012039011344313622,0.37816362390054326,1.770237320034994
882,0,normal,0.011287691071629524,0.37210856811672616,-1.193395355909388
883,0,normal,0.030160637572407722,0.37991593433626214,-1.295754261306456
884,0,normal,0.005418791435658932,0.3623625417677205,-4.641785522176633
885,0,normal,0.0108366459608078,0.3767545282512207,-5.6375843028527015
886,0,normal,0.03322646766901016,0.35953102409385385,-10.074672256428357
887,0,normal,0.08245711773633957,0.3534487156571047,-13.70655021907828
888,0,normal,0.05827634409070015,0.325108577008488,-44.341598396815925
889,0,normal,0.049366142600774765,0.3255618677911369,-44.33849817259443
890,0,normal,0.030378079041838646,0.315897510092534,-60.34139937834357
891,0,normal,0.07413075119256973,0.31507672299774997,-60.20312718637433
892,0,normal,0.04694690182805061,0.3149608466900482,-59.863448837018495
893,0,normal,0.010208896361291409,0.3136351678393696,-59.659507184444465
894,0,normal,0.03368312492966652,0.3120876868981293,-59.12721820104298
895,0,normal,0.00952943041920662,0.314447017550916,-58.80369865134503
896,0,normal,0.009904707781970501,0.31328033417507417,-58.53402316197389
897,0,normal,0.012361071072518826,0.31372161371751445,-58.142343329449886
898,0,normal,0.01311405561864376,0.31501242270739854,-57.92831451523966
899,0,normal,0.006900464650243521,0.31350101399279545,-57.8290654778948
900,0,normal,0.006607208866626024,0.31576978344725876,-57.82325563530617
901,0,normal,0.009343338198959827,0.31323040179506156,-57.80693985530024
902,0,normal,0.023228460922837257,0.3137817401526078,-57.53729932105216
903,0,normal,0.005965894553810358,0.31585797728723,-57.64376107608814
904,0,normal,8.79226303100586,0.32944750818032315,-25.38959393137452
905,0,normal,0.09915384650230408,0.3394139372971377,-25.432139708699196
906,0,normal,3.174527883529663,0.35250756570075326,2.38851872265991
907,0,normal,0.2442997694015503,0.3743117359570941,3.191489686092382
908,0,normal,0.11942822486162186,0.37560016778884037,4.819844055546582
909,0,normal,0.10055515915155411,0.38053712220453034,6.464893671200571
910,0,normal,0.11687755584716797,0.3879268592220187,8.13210009596628
911,0,normal,0.11343742907047272,0.40309980978538984,9.881741726191194
912,0,normal,0.09624511003494263,0.3985868711907237,11.82327348807803
913,0,normal,4.056267261505127,0.40213912627836285,28.160214067814877
914,0,normal,3.1347949504852295,0.43100228816396285,40.12522706455229
915,0,normal,0.7111255526542664,0.4174709843730105,40.623328517293885
916,0,normal,0.9886757135391235,0.4211515120795828,40.891805315525744
917,0,normal,1.7492786645889282,0.432732326665953,55.08528818323066
918,0,normal,0.03038957715034485,0.42452356618029546,55.178348844322954
919,0,normal,0.019045637920498848,0.4469695224322185,55.1668222333808
920,0,normal,0.011947493068873882,0.4200090831791611,54.931454464650415
921,0,normal,0.010824228636920452,0.42750045451273067,54.96449165407262
922,0,normal,0.010502534918487072,0.4368390411414992,55.012070417434416
923,0,normal,0.010912120342254639,0.43998603588209123,55.26007404023812
924,0,normal,0.011906568892300129,0.4380719421127332,55.27345142870854
925,0,normal,0.013142711482942104,0.4269380960551728,55.52450607444234
926,0,normal,0.014319759793579578,0.4204250406010638,55.720332937110015
927,0,normal,0.015268387272953987,0.43541997799229887,56.12939162393468
928,0,normal,0.015938015654683113,0.4320830370615515,56.669234410876015
929,0,normal,0.016352582722902298,0.4385728216975037,57.19316590754465
930,0,normal,0.016569191589951515,0.4522174742989934,57.911644443230216
931,0,normal,0.016650347039103508,0.4563719524100187,58.84873856150489
932,0,normal,0.016649648547172546,0.4321125976075205,59.773909147773566
933,0,normal,0.01660679094493389,0.4313883788063041,60.89811544091867
934,0,normal,0.016545506194233894,0.426852237014565,32.84817543805502
935,0,normal,0.016490481793880463,0.41540458863137386,34.41639613346547
936,0,normal,0.046854425221681595,0.39614644139796684,7.132556952505183
937,0,normal,0.0274745412170887,0.3911958330485887,4.901785486013068
938,0,normal,0.020560264587402344,0.39440653284805954,2.627936280375934
939,0,normal,0.01805012859404087,0.3789842084168373,0.32459226702326305
940,0,normal,0.01705315336585045,0.37418859760355305,-2.0028940299780515
941,0,normal,0.016742659732699394,0.36956363692144134,-4.7459835059823945
942,0,normal,0.016712844371795654,0.35900426595439044,-7.881214864636831
943,0,normal,0.016607023775577545,0.34707946561902114,-26.757455063403086
944,0,normal,0.016426336020231247,0.3296068581396155,-41.238775919196314
945,0,normal,0.016188018023967743,0.3252175931875407,-42.769412969121504
946,0,normal,0.015904339030385017,0.32390952052648003,-43.11893822531874
947,0,normal,0.015836112201213837,0.31354613302812556,-59.391749127038565
948,0,normal,0.015557296574115753,0.31313678655438215,-59.79638043802879
949,0,normal,0.01530248299241066,0.3131662433992145,-60.195928996388375
950,0,normal,0.08178358525037766,0.31325128999426416,-60.49916524015748
951,0,normal,0.06714499741792679,0.31357638731126203,-60.776247436131825
952,0,normal,0.041250720620155334,0.31462138034423337,-61.08892881752331
953,0,normal,0.052569933235645294,0.3136090889561737,-61.310535337320744
954,0,normal,0.028803806751966476,0.31365751988391555,-61.40366354463822
955,0,normal,0.007086076308041811,0.3127153448068194,-61.57663541205011
956,0,normal,0.005347623489797115,0.31227228427969056,-61.74887107012955
957,0,normal,0.004461207427084446,0.31227228427969056,-61.93613405284054
958,0,normal,0.004185191821306944,0.3123259842021334,-62.13901002596572
959,0,normal,0.0042763142846524715,0.31252432974995736,-62.34177020687093
960,0,normal,0.004747037775814533,0.3123627283221867,-62.55315158934832
961,0,normal,0.0051957000978291035,0.3121418819985073,-62.75398306748184
962,0,normal,0.00527216587215662,0.31257603124505307,-62.90804505475603
963,0,normal,0.011379200033843517,0.3134366681576941,-62.89976599057832
964,0,normal,0.10690569132566452,0.31406570695477165,-63.03418385637178
965,0,normal,0.05181938037276268,0.3144073387854852,-63.17360481240553
966,0,normal,0.03308441489934921,0.31425242251582364,-63.160937571908335
967,0,normal,0.02754669077694416,0.3129403062711395,-63.159453364497494
968,0,normal,0.020386939868330956,0.31214279721866683,-63.17139779183549
969,0,normal,0.07678993791341782,0.3133207501056963,-62.80992748025915
970,0,normal,0.02140994928777218,0.313777629798371,-62.491989371399995
971,0,normal,0.014055916108191013,0.3137537073473674,-62.13794897537514
972,0,normal,0.008943522348999977,0.31347241601559367,-61.80445571983637
973,0,normal,0.008924626745283604,0.31378589133442986,-61.46037052956558
974,0,normal,0.00625248160213232,0.313831717216592,-61.16920174073425
975,0,normal,0.005991534795612097,0.31290171941420114,-60.899677501779934
976,0,normal,0.004843443166464567,0.31315766817556195,-60.690909423792164
977,0,normal,0.00837728101760149,0.31378663476526697,-60.42660784632358
978,0,normal,0.006394761148840189,0.3145993577115654,-60.204647720624735
979,0,normal,0.03573308512568474,0.3156405982150141,-59.67884913443095
980,0,normal,0.014312040992081165,0.31452830392787845,-59.550629452866815
981,0,normal,0.01155394408851862,0.3142711231125786,-59.561189482008785
982,0,normal,0.02321038953959942,0.31218678823873014,-59.44008625480228
983,0,normal,0.006167096085846424,0.3148097441180779,-59.45687543278768
984,0,normal,0.016640467569231987,0.312340502940492,-59.651254440500225
985,0,normal,0.008754882030189037,0.3119749924859199,-59.68752873274866
986,0,normal,0.010921180248260498,0.31392682728371774,-59.79988788264586
987,0,normal,0.011778974905610085,0.31428198619375053,-59.90357194991975
988,0,normal,0.012828603386878967,0.3132410358178948,-59.98573303216813
989,0,normal,0.04181943088769913,0.31379199898903015,-59.67792439316804
990,0,normal,0.029203876852989197,0.3133642138377202,-59.27188950928212
991,0,normal,8.812163352966309,0.3328019274911812,-26.807858826197844
992,0,normal,0.07273238897323608,0.3389615426194204,-26.596205214788142
993,0,normal,3.0119643211364746,0.3483166273346946,1.071481499265019
994,0,normal,0.19115698337554932,0.37120591110300805,1.555663636917643
995,0,normal,0.1246252954006195,0.3696348854490504,2.923147050586522
996,0,normal,0.12209522724151611,0.3774843923060283,4.3904210859807336
997,0,normal,0.15352775156497955,0.38642369379725516,5.827481931050443
998,0,normal,0.82594233751297,0.39101946842966295,5.550579625522914
999,0,normal,0.18332669138908386,0.38931676487727523,7.213152385986632
1000,0,normal,0.14819811284542084,0.38097142069528706,9.255095677071267
1001,0,normal,0.37615135312080383,0.39957670000021905,11.32588006200831
1002,0,normal,1.2250847816467285,0.39931220543928153,14.075722477074123
1003,0,normal,1.625337839126587,0.41523677754758836,41.940735249859245
1004,0,normal,0.26499128341674805,0.4281246846527728,42.02357997864033
1005,0,normal,1.377851128578186,0.4485974188260853,47.93488845303227
1006,0,normal,1.306891918182373,0.44358432371991374,56.14972674644673
1007,0,normal,0.0670752078294754,0.4198097356905806,56.020496458173284
1008,0,normal,0.038184139877557755,0.4498862757776033,55.93851398653578
1009,0,normal,0.015545590780675411,0.43164559537278124,55.72254365627009
1010,0,normal,0.009509094059467316,0.4332678499372454,55.76729932955868
1011,0,normal,0.008601207286119461,0.4376445185546327,55.9375283151021
1012,0,normal,0.010242411866784096,0.44459112433579584,56.13316566762592
1013,0,normal,0.014433830976486206,0.4261391963820899,56.55359081523534
1014,0,normal,0.015953509137034416,0.44002345733508536,57.26809233546214
1015,0,normal,0.01546390913426876,0.45574280500142017,58.08909909012664
1016,0,normal,0.042771246284246445,0.4440756542670045,59.07204073207595
1017,0,normal,0.011483128182590008,0.4461321919808069,59.96889672262296
1018,0,normal,0.007839024998247623,0.46587700431711165,60.99366261942646
1019,0,normal,0.008742357604205608,0.44181176543658374,61.84216931471883
1020,0,normal,0.01046402845531702,0.4497456397297541,62.664592545602545
1021,0,normal,0.010095305740833282,0.4304627770085461,34.54594826379844
1022,0,normal,0.0214019063860178,0.4138112320770747,35.83741174474221
1023,0,normal,0.01989171653985977,0.400703717964187,8.399613101235673
1024,0,normal,0.014369787648320198,0.39750771131851903,6.525729297290127
1025,0,normal,0.010658960789442062,0.4023326000488889,4.689027683257564
1026,0,normal,0.009547056630253792,0.38510043182800613,2.773110032822615
1027,0,normal,0.06198031082749367,0.38344996110388857,1.4985883043298145
1028,0,normal,0.037018097937107086,0.38237855427560474,3.1218459636520492
1029,0,normal,0.007538554724305868,0.36222237918940065,1.6817961770486818
1030,0,normal,0.005881846882402897,0.37828878065244176,-0.761674016213874
1031,0,normal,0.005654007196426392,0.3633828946885479,-3.705667754398064
1032,0,normal,0.0059794154949486256,0.3606084865385061,-7.685100711167934
1033,0,normal,0.006038355641067028,0.332874315846218,-39.13316887374913
1034,0,normal,0.006817466113716364,0.32758859321853634,-40.78278005473203
1035,0,normal,0.011245439760386944,0.32037661864333405,-47.736500145217406
1036,0,normal,0.006672489922493696,0.3137469738134658,-57.83661711392597
1037,0,normal,0.11168652772903442,0.3123968565340598,-58.07770130568815
1038,0,normal,0.06669214367866516,0.3126304494823007,-58.323230094440305
1039,0,normal,0.04371801018714905,0.31522212317674475,-58.60588293132105
1040,0,normal,0.04308353736996651,0.31510102851175975,-58.8924878930859
1041,0,normal,0.05787201598286629,0.31463059238996716,-59.121951668886595
1042,0,normal,0.05241331085562706,0.3142839636515787,-59.366401448781744
1043,0,normal,0.04856761917471886,0.31355116007786926,-59.69571559975566
1044,0,normal,0.009297765791416168,0.31631897314290053,-60.0962623360474
1045,0,normal,0.013138138689100742,0.3152989620689643,-60.48394617939175
1046,0,normal,0.009888939559459686,0.3124602699467075,-61.03124804036133
1047,0,normal,0.011197674088180065,0.3124037051793604,-61.36251187622997
1048,0,normal,0.022154798731207848,0.31282374594933776,-61.63729818923116
1049,0,normal,0.020527174696326256,0.3126981164074847,-61.88540529751549
1050,0,normal,0.01414345670491457,0.313635769050874,-62.11776342122812
1051,0,normal,0.009661268442869186,0.3131252096366516,-62.31906273893105
1052,0,normal,0.061313241720199585,0.3151623058393709,-62.55274919414774
1053,0,normal,0.08758354932069778,0.31494884410256757,-62.496701223346236
1054,0,normal,0.07625871896743774,0.3147436838754397,-62.4218716819787
1055,0,normal,0.05250205472111702,0.316001761384011,-62.40010025710876
1056,0,normal,0.04502749815583229,0.3158117760942868,-62.40700492642759
1057,0,normal,0.012925375252962112,0.3143565432175177,-62.84021067525123
1058,0,normal,0.029550611972808838,0.31319884091296485,-63.20802754423789
1059,0,normal,0.07823434472084045,0.3158131121970724,-63.03492627954779
1060,0,normal,0.011159105226397514,0.31613124230456136,-62.91451212379775
1061,0,normal,0.007651366759091616,0.31532050036543313,-62.71985434398357
1062,0,normal,0.004686013795435429,0.3146741797945259,-62.5436664879162
1063,0,normal,0.007152868434786797,0.31342581977952744,-62.26451660154271
1064,0,normal,0.0073489835485816,0.31500467743300126,-61.92804292844676
1065,0,normal,0.00825133640319109,0.3155811942377206,-61.60020360910471
1066,0,normal,0.006583280395716429,0.3185766875887353,-61.212730251109406
1067,0,normal,0.008083010092377663,0.3180662279836716,-61.02999173007811
1068,0,normal,0.007814807817339897,0.31704288665026537,-60.88002310472871
1069,0,normal,0.008480975404381752,0.3167661507469155,-60.72882276110454
1070,0,normal,0.010908998548984528,0.31637302974811793,-60.603688085122485
1071,0,normal,0.023093242198228836,0.31511462808334245,-60.47364527496211
1072,0,normal,0.005426046438515186,0.3133090342269074,-60.62182915775361
1073,0,normal,0.06297127902507782,0.3137609982634198,-60.63373529974615
1074,0,normal,0.05020064115524292,0.31451941693951674,-60.62134170233344
1075,0,normal,0.03103194758296013,0.31500609126350354,-60.61966905711347
1076,0,normal,0.02826911397278309,0.31437636229574467,-60.588558754198175
1077,0,normal,0.09276705235242844,0.31553064013076804,-60.11483673746693
1078,0,normal,0.02387060970067978,0.315554226407304,-59.73325833274771
1079,0,normal,0.012438032776117325,0.3140540368092077,-59.36070093954504
1080,0,normal,0.007288024295121431,0.31521128950880917,-59.019035746425516
1081,0,normal,0.01066434197127819,0.3144774750826746,-58.58868265461888
1082,0,normal,0.012238476425409317,0.3157630155601663,-58.299193843410194
1083,0,normal,0.01143789291381836,0.3156204949738753,-58.22687467675587
1084,0,normal,0.017359089106321335,0.3150663923250034,-58.191309641034195
1085,0,normal,0.011833352036774158,0.31385688049127025,-58.215019324943114
1086,0,normal,0.013473830185830593,0.31332992600755394,-58.253459116962404
1087,0,normal,0.008341109380126,0.31393050343188406,-58.143959566669764
1088,0,normal,8.81787395477295,0.33179342113854654,-25.91645989746462
1089,0,normal,0.1220569983124733,0.3350683206465997,-25.762310914731643
1090,0,normal,1.911112666130066,0.34351777124595606,-13.429480157179796
1091,0,normal,1.3178861141204834,0.37700793992721554,12.887425995108742
1092,0,normal,0.5617271661758423,0.3764935656229868,12.424611012063224
1093,0,normal,14.128596305847168,0.4110008818403902,66.75382125545161
1094,0,normal,0.31942886114120483,0.416275810495059,68.31942505647498
1095,0,normal,13.812389373779297,0.42526129646328137,119.70357914473925
1096,0,normal,0.8286043405532837,0.4523505001116935,119.657042472576
1097,0,normal,0.43830734491348267,0.42882157627094497,121.40809029918717
1098,0,normal,0.5377646088600159,0.4378289069574901,122.7496891184395
1099,0,normal,1.7316088676452637,0.4430925535225231,122.69768437748098
1100,0,normal,1.667644739151001,0.4720654702431592,147.04740583865862
1101,0,normal,0.2707717716693878,0.47733351637032756,146.98336130199186
1102,0,normal,2.0516786575317383,0.4892002126155157,159.69067531640178
1103,0,normal,0.01865934208035469,0.4856913332549666,159.76490315533044
1104,0,normal,0.008912426419556141,0.453996366386876,159.57087109711154
1105,0,normal,0.004945651162415743,0.4761096132067365,159.3796030771823
1106,0,normal,0.002783877542242408,0.47198955447459523,159.31479511432713
1107,0,normal,0.003853060072287917,0.4501325339821378,159.23743637847554
1108,0,normal,0.005682524759322405,0.47675076271299505,159.35233149290286
1109,0,normal,0.04252943769097328,0.47836336065261476,159.22350025971502
1110,0,normal,0.0216329675167799,0.4585144496742895,159.16405872205144
1111,0,normal,0.015326288528740406,0.4551540893996144,159.20383583572675
1112,0,normal,0.009429993107914925,0.47469605661854586,159.36098079934106
1113,0,normal,0.009491992183029652,0.4831739224925064,159.63691787065557
1114,0,normal,0.03357550874352455,0.47600464713897656,160.1751549572724
1115,0,normal,0.008133661933243275,0.4613073984385026,160.9718921650898
1116,0,normal,0.008797219023108482,0.4726554574113642,161.97670865781652
1117,0,normal,0.016765862703323364,0.473886510129978,163.18885902717614
1118,0,normal,0.008795077912509441,0.46216045959016394,137.94932933625796
1119,0,normal,0.00738929770886898,0.45778712291084406,138.9447978756433
1120,0,normal,0.005758569110184908,0.44649754515314727,128.2885563440068
1121,0,normal,0.00790037214756012,0.4227002813662689,103.2828756789745
1122,0,normal,0.007410994730889797,0.42997972580687904,103.61070811530226
1123,0,normal,0.007081382907927036,0.3915379547202494,50.56387760769826
1124,0,normal,0.015266822651028633,0.38687490585044826,48.394299120380765
1125,0,normal,0.026297463104128838,0.37776984199898556,-7.01710963092296
1126,0,normal,0.005785165820270777,0.35797398108419665,-6.958889370915131
1127,0,normal,0.014695461839437485,0.3689464078437734,-10.013681857673191
1128,0,normal,0.009199787862598896,0.3556596233041202,-12.6510247968572
1129,0,normal,0.008029516786336899,0.3484949228365005,-12.87528524203185
1130,0,normal,0.04677179083228111,0.3266847639696664,-42.87599196625206
1131,0,normal,0.011578705161809921,0.32233322707985423,-43.8323890734423
1132,0,normal,0.007955698296427727,0.3121288461838078,-59.650626541457996
1133,0,normal,0.019497808068990707,0.3110861669763586,-59.408328765530314
1134,0,normal,0.006225982215255499,0.3128058031692961,-59.334160163209845
1135,0,normal,0.007420788519084454,0.31134210755934344,-59.27000822848345
1136,0,normal,0.005862574093043804,0.31074595503607516,-59.23203404690071
1137,0,normal,0.009188186377286911,0.3114730724457117,-59.13808194015337
1138,0,normal,0.019803112372756004,0.31367852449050704,-58.91451159287794
1139,0,normal,0.08346916735172272,0.3127151217138422,-58.981465466423515
1140,0,normal,0.03847286477684975,0.3129564806644679,-59.09293163345524
1141,0,normal,0.03578728437423706,0.3119537021917475,-59.23069245442616
1142,0,normal,0.01597275771200657,0.3154131310378319,-59.39908078966346
1143,0,normal,0.03392045199871063,0.3112979316597189,-59.5639946377687
1144,0,normal,0.03399736061692238,0.3113708898403403,-59.84381530983114
1145,0,normal,0.04360537976026535,0.3114739598396622,-59.87743921301171
1146,0,normal,0.014206758700311184,0.3114919134231195,-59.94576392222848
1147,0,normal,0.0068656327202916145,0.3138919869936818,-60.14684932137288
1148,0,normal,0.007482932880520821,0.3119956415949862,-60.220277671053964
1149,0,normal,0.010661332868039608,0.31174388396883135,-60.42782305844344
1150,0,normal,0.008299537003040314,0.31342711429932474,-60.61376881000342
1151,0,normal,0.006617823615670204,0.3112165643495139,-60.806978820716495
1152,0,normal,0.021497545763850212,0.3125674269423612,-61.04168172422624
1153,0,normal,0.013181592337787151,0.3127486916876383,-61.25671506641402
1154,0,normal,0.14726634323596954,0.31268304847289585,-61.30579693345112
1155,0,normal,0.08973713219165802,0.31409268523622424,-61.449896300802266
1156,0,normal,0.07134167104959488,0.3141726610629327,-61.37935813988656
1157,0,normal,0.06028783321380615,0.3136793996213402,-61.290069424276226
1158,0,normal,0.05876034498214722,0.3146485851765698,-61.249775253646476
1159,0,normal,0.05078328400850296,0.3161705371547266,-61.21993544583597
1160,0,normal,0.07236183434724808,0.3138519332099071,-61.53551885019601
1161,0,normal,0.03484848141670227,0.3165571417943504,-61.569966702669035
1162,0,normal,0.008639727719128132,0.3154765439052288,-61.62903264915508
1163,0,normal,0.0075873443856835365,0.3158656991607849,-61.75906423142101
1164,0,normal,0.00694334227591753,0.31451434335291906,-61.750904286788
1165,0,normal,0.0387444794178009,0.31494172244131163,-61.87517475034474
1166,0,normal,0.024811457842588425,0.31757598549099486,-61.93917719549745
1167,0,normal,0.01812450960278511,0.31612056462389454,-62.012057800781804
1168,0,normal,0.015107366256415844,0.3172076867399649,-62.13903309049829
1169,0,normal,0.014159392565488815,0.3173977593477018,-62.198986239106716
1170,0,normal,0.014275944791734219,0.31768079242195396,-62.24193568466217
1171,0,normal,0.014739287085831165,0.3168813707407485,-62.344478679531676
1172,0,normal,0.015130087733268738,0.3151041138928259,-62.40243568318169
1173,0,normal,0.01532039325684309,0.31500480679046194,-62.572399239606966
1174,0,normal,0.015320571139454842,0.3145965189010134,-62.79144675603766
1175,0,normal,0.015185152180492878,0.31417587265309,-62.9409227412616
1176,0,normal,0.015006326138973236,0.31496191183745426,-63.05439193381858
1177,0,normal,0.014833008870482445,0.31453599888318834,-63.104504004109
1178,0,normal,0.014683100394904613,0.31514324516184894,-63.15465382066418
1179,0,normal,0.014567309059202671,0.3149422996468381,-63.09827512640709
1180,0,normal,0.014476174488663673,0.3154893123355598,-63.00488245981296
1181,0,normal,0.014402098022401333,0.31767912766169937,-62.87827218268876
1182,0,normal,0.01434265822172165,0.31701926774373435,-62.74531543141484
1183,0,normal,0.04556862637400627,0.31748357515898046,-62.213244576996885
1184,0,normal,0.01992027647793293,0.3170116371356445,-62.16287811332836
1185,0,normal,8.888956069946289,0.3367513833461728,-29.748941567833526
1186,0,normal,0.11880268156528473,0.3414148754688211,-29.680445985218284
1187,0,normal,1.6716299057006836,0.33520301909308403,-30.439410709273716
1188,0,normal,2.0551462173461914,0.35517471902545483,-18.78779824959838
1189,0,normal,0.8377274870872498,0.3611604098463395,8.06884667693339
1190,0,normal,14.56787109375,0.41308093580107713,61.78976692890842
1191,0,normal,0.3072756230831146,0.42602679391518494,63.04708717469225
1192,0,normal,0.22909405827522278,0.40392969633717274,64.77555280893193
1193,0,normal,0.16562744975090027,0.42996467986561815,66.6227667940625
1194,0,normal,5.94766092300415,0.43356862201197155,92.7382702777461
1195,0,normal,0.3700731098651886,0.4412161441140804,93.76113859532438
1196,0,normal,0.5457614660263062,0.45351016362836916,94.22885715552025
1197,0,normal,0.8187032341957092,0.4548989729934907,94.14279632272132
1198,0,normal,1.963464617729187,0.46669760423983725,107.88823173770777
1199,0,normal,0.0225362591445446,0.45102154594331173,108.1586322794958
1200,0,normal,0.011609870940446854,0.46194901685467893,108.32535329722373
1201,0,normal,0.003914918750524521,0.45694897781469657,108.26738027091801
1202,0,normal,0.0025540171191096306,0.444561117627295,108.3806189495973
1203,0,normal,0.002540229121223092,0.4458030196319791,108.57694813409614
1204,0,normal,0.0025729709304869175,0.44879734230845253,108.86322606713804
1205,0,normal,0.003150098491460085,0.4607956507225891,109.05212155059712
1206,0,normal,0.004052337724715471,0.4545819112879101,109.2898684604479
1207,0,normal,0.005053137894719839,0.43970704004220784,109.46880993468733
1208,0,normal,0.00554309319704771,0.4302649903161538,109.75712569936104
1209,0,normal,0.02757263369858265,0.43864535733073656,109.91949138803375
1210,0,normal,0.05397723242640495,0.4480374496139411,110.21158467746613
1211,0,normal,0.019458996132016182,0.4773789054633397,110.64651008694466
1212,0,normal,0.027277743443846703,0.4586223827826706,111.17789320646591
1213,0,normal,0.02660966105759144,0.449972351728172,111.80145448556868
1214,0,normal,0.06393487006425858,0.45569574136955165,112.91119949573942
1215,0,normal,0.018996719270944595,0.44276147263730337,86.32185481858869
1216,0,normal,0.01611997000873089,0.44454144361597275,87.70987537421024
1217,0,normal,0.010722093284130096,0.43764537072769943,89.28348857017295
1218,0,normal,0.007667258381843567,0.4256522895872335,78.35459541498176
1219,0,normal,0.005948236677795649,0.409423229874775,52.064010272902124
1220,0,normal,0.005689638666808605,0.3657925254347239,-2.7437649318296735
1221,0,normal,0.0069794380106031895,0.37231185334522776,-4.54529248030417
1222,0,normal,0.0071543012745678425,0.35946549367107283,-7.1562294602590555
1223,0,normal,0.00928704347461462,0.35868444475639966,-10.063598053279975
1224,0,normal,0.01394700724631548,0.3354901606618465,-40.43486231448924
1225,0,normal,0.015428213402628899,0.3317566232908111,-42.8532977714483
1226,0,normal,0.015901004895567894,0.3270276656773275,-43.78025120553275
1227,0,normal,0.01587759330868721,0.3222173881424491,-43.56400499051142
1228,0,normal,0.013770499266684055,0.312415556409839,-59.4234828700703
1229,0,normal,0.029521625488996506,0.31234908112929877,-59.1041603539411
1230,0,normal,0.014893713407218456,0.31189429260944695,-59.25529432501594
1231,0,normal,0.013554448261857033,0.3119238713268361,-59.408948442056726
1232,0,normal,0.011310755275189877,0.312605497978827,-59.547300771771006
1233,0,normal,0.011120389215648174,0.31489569566378334,-59.67038048834479
1234,0,normal,0.011096642352640629,0.3126596181010615,-59.763691589970904
1235,0,normal,0.0275871679186821,0.3127070013888906,-59.56818674338979
1236,0,normal,0.009810696355998516,0.31282819049569155,-59.41629087834531
1237,0,normal,0.00880267284810543,0.313960103940288,-59.238977137510574
1238,0,normal,0.0065349191427230835,0.31163674210935066,-59.09471412901053
1239,0,normal,0.006800604518502951,0.3130088363761675,-58.941957721127665
1240,0,normal,0.005910580512136221,0.3114735628252288,-58.95189390380892
1241,0,normal,0.01238513458520174,0.31343586324109446,-58.8046595370397
1242,0,normal,0.02728363499045372,0.31262263204382273,-59.00937474732086
1243,0,normal,0.06665967404842377,0.31225780814291126,-59.25395699512228
1244,0,normal,0.04862581938505173,0.3119558422373243,-59.56128040559179
1245,0,normal,0.03351769596338272,0.311859762019892,-59.83912606410581
1246,0,normal,0.04227457940578461,0.31338418352912345,-60.11537016960801
1247,0,normal,0.04861876368522644,0.31147515072395987,-60.338677310049434
1248,0,normal,93.31598663330078,0.3216452482541195,244.50254919624615
1249,0,normal,0.07471661269664764,0.327474951298968,244.28025259490437
1250,0,normal,0.013172388076782227,0.3179891039787457,244.1205865936513
1251,0,normal,0.005592282861471176,0.320311333244484,243.91203200909888
1252,0,normal,0.009057627990841866,0.32129173132568944,243.71251869619402
1253,0,normal,0.003873039036989212,0.33097109850372897,243.62558089689594
1254,0,normal,0.007250064983963966,0.32229076807016527,243.4552521513856
1255,0,normal,0.0038905625697225332,0.33252346971832575,243.27145527009452
1256,0,normal,0.004025865811854601,0.31952866127222235,243.11037344313218
1257,0,normal,0.003531321883201599,0.3271328384735111,242.9596414242975
1258,0,normal,0.004085039719939232,0.3233730134407702,242.87954263042752
1259,0,normal,0.012329114601016045,0.317907546884677,242.83285788362116
1260,0,normal,0.09776987135410309,0.3250371329119521,242.8281781151428
1261,0,normal,0.06259045004844666,0.3242418750480914,242.81030264587946
1262,0,normal,0.04125883802771568,0.321015424014275,242.76402184465348
1263,0,normal,0.02562556229531765,0.33209269124433205,242.6760590530389
1264,0,normal,0.019160183146595955,0.32136896932291126,242.5802647738459
1265,0,normal,0.0885922834277153,0.32695695374331035,242.7075152769013
1266,0,normal,0.014785892330110073,0.32527079139088666,242.79685055384266
1267,0,normal,0.009421567432582378,0.3282170767679515,242.93180858006224
1268,0,normal,0.010696380399167538,0.3237919420925049,243.1500331942724
1269,0,normal,0.00933382473886013,0.3246452662773764,243.40701107226255
1270,0,normal,0.02929428219795227,0.3220023308759252,243.8718967341979
1271,0,normal,0.004150689579546452,0.3242724111776411,244.06802317305494
1272,0,normal,0.004891982767730951,0.3274751925137617,244.306730349423
1273,0,normal,0.007078829221427441,0.3359311477882396,244.39144568260258
1274,0,normal,0.007189320400357246,0.3253317286353891,244.41216133322598
1275,0,normal,0.006900059059262276,0.3326671709057469,244.4129608369451
1276,0,normal,0.00763250607997179,0.3238190468467695,244.30237252909626
1277,0,normal,0.008467428386211395,0.32073538481769304,244.10448567819128
1278,0,normal,0.042951345443725586,0.31365909354801563,-61.40279273248598
1279,0,normal,0.01880481466650963,0.31336436922059374,-61.54499191509285
1280,0,normal,0.07046190649271011,0.3129918380740891,-61.598684981870974
1281,0,normal,0.05800900608301163,0.31333298399289633,-61.64879310440779
1282,0,normal,0.05401340126991272,0.3174655708165882,-61.63360922016932
1283,0,normal,0.021411141380667686,0.3152172428797271,-61.75544110404621
1284,0,normal,0.030743412673473358,0.31375088134727736,-61.7793636300662
1285,0,normal,0.023753566667437553,0.3130574487830204,-61.7466124361581
1286,0,normal,0.009257311932742596,0.3119726084240501,-61.657076987673236
1287,0,normal,0.005853608716279268,0.31475361978539385,-61.572940539997944
1288,0,normal,0.007375536486506462,0.31273452069804186,-61.380586065615944
1289,0,normal,0.007272380404174328,0.31284303418065257,-61.20813057752548
1290,0,normal,0.004234378691762686,0.3120581714025672,-61.19978007887971
1291,0,normal,0.00438525527715683,0.3136165826302421,-61.2826500986539
1292,0,normal,0.016237011179327965,0.31329596032085144,-61.1881738973907
1293,0,normal,0.015911739319562912,0.31711429999810614,-61.03618399529114
1294,0,normal,0.004956889897584915,0.31388446346705884,-61.11428239523025
1295,0,normal,0.005201670806854963,0.31460547302546576,-61.33062029441271
1296,0,normal,0.005470452830195427,0.3142095306612687,-61.44248836746965
1297,0,normal,0.03145741671323776,0.31324648998985694,-61.247270889028414
1298,0,normal,0.010669467970728874,0.3136705900915477,-61.19988606349898
1299,0,normal,0.006239012349396944,0.3132496903975739,-61.22122929179454
1300,0,normal,0.01579325459897518,0.31316629086043635,-61.24428681547988
1301,0,normal,0.02259214036166668,0.3132315623562719,-61.337438848920556
1302,0,normal,0.011683094315230846,0.31394734888942305,-61.37963325371584
1303,0,normal,0.010218323208391666,0.31390983199473044,-61.38063384505108
1304,0,normal,0.01118643768131733,0.3133985404309643,-61.36597616420886
1305,0,normal,0.008517035283148289,0.3128106485243198,-61.30656512332962
1306,0,normal,0.04526754468679428,0.31377271527134476,-60.826509314943905
1307,0,normal,0.008283852599561214,0.3144004711944337,-60.52315248844343
1308,0,normal,0.012959503568708897,0.31253759196605313,-60.19022978873363
1309,0,normal,0.009151939302682877,0.3133955796886067,-60.05037705693712
1310,0,normal,0.00829914677888155,0.31351150001982947,-60.164360721805
1311,0,normal,0.006078458856791258,0.3129095689874455,-60.30110657502064
1312,0,normal,0.006417487282305956,0.3113298246734356,-60.49726527669304
1313,0,normal,0.008593710139393806,0.31147166680555416,-60.499317120509886
1314,0,normal,0.01009329129010439,0.3131228447469573,-60.528629289229
1315,0,normal,0.01954941265285015,0.31042038134025224,-60.263954426523924
1316,0,normal,0.024493910372257233,0.312577801111551,-60.37757993662467
1317,0,normal,0.006763054057955742,0.31190730268276756,-60.38657767252539
1318,0,normal,0.007185503374785185,0.31089510126970005,-60.52316992194437
1319,0,normal,0.01029890589416027,0.31031138328891045,-60.56571817233976
1320,0,normal,0.04330063983798027,0.31126523258065564,-60.21656595703689
1321,0,normal,0.01126631535589695,0.31290118763057345,-60.05274466185756
1322,0,normal,0.011261309497058392,0.31259470432016423,-60.00308049322962
1323,0,normal,0.03374828025698662,0.31440698466047023,-59.72947174146702
1324,0,normal,0.006783310789614916,0.31320225499000426,-59.59003587572897
1325,0,normal,0.006742184050381184,0.31302503131491416,-59.48659680599917
1326,0,normal,0.009427802637219429,0.31130936919507923,-59.361412334362285
1327,0,normal,0.011585602536797523,0.3134946931377001,-59.38829727850339
1328,0,normal,0.009971927851438522,0.3134488501304339,-59.333732621159925
1329,0,normal,0.011068969033658504,0.312050080551543,-59.202690723671594
1330,0,normal,0.01157930213958025,0.31329057879551486,-59.132263707547736
1331,0,normal,8.85499382019043,0.33297235839808864,-26.91513845943018
1332,0,normal,0.15963983535766602,0.34102729183637337,-26.78034025971988
1333,0,normal,1.9664857387542725,0.33075925177965027,-27.030896507501893
1334,0,normal,1.895886778831482,0.3546203635342829,-1.5509204445527303
1335,0,normal,0.30607277154922485,0.3526587664948682,0.5969941948292217
1336,0,normal,0.16929101943969727,0.3768154424216773,3.1332393782470263
1337,0,normal,0.10407514870166779,0.3794986725307895,5.14298085191831
1338,0,normal,0.8551777005195618,0.3689016724349221,4.957482880030511
1339,0,normal,0.1894610971212387,0.3892803046012308,7.020513352234275
1340,0,normal,0.13478171825408936,0.3752591882567211,9.017221984218395
1341,0,normal,191.62510681152344,0.4115222129217514,527.6377431128961
1342,0,normal,3.6132876873016357,0.437550778330977,542.0960804615488
1343,0,normal,0.3433167040348053,0.43186553348015905,541.9651135009482
1344,0,normal,0.7576602101325989,0.4359479232090075,541.6937168687494
1345,0,normal,1.8482564687728882,0.4334473467804417,549.206737916382
1346,0,normal,0.03333909437060356,0.44225909024096544,549.253599077946
1347,0,normal,0.027825642377138138,0.4479287252504404,549.1641426543811
1348,0,normal,0.10925991088151932,0.4524004963022081,548.9526648677866
1349,0,normal,0.07553945481777191,0.45207607030309876,548.8781589985646
1350,0,normal,0.047574542462825775,0.4289070576562558,548.7193745840779
1351,0,normal,0.04785677418112755,0.4707179539742787,548.696824571744
1352,0,normal,0.0357716828584671,0.44480909026833926,548.657446062249
1353,0,normal,0.009077811613678932,0.4312122145150488,548.5383263253726
1354,0,normal,0.012136309407651424,0.44127655887395045,548.601351080977
1355,0,normal,0.005109167192131281,0.4425578981930341,548.7164410987701
1356,0,normal,0.00317393965087831,0.45042393475261355,548.8925019488136
1357,0,normal,0.003576751332730055,0.45664679483845144,549.080762291815
1358,0,normal,0.0037461735773831606,0.4418445664038925,549.3991364847593
1359,0,normal,0.0035898759961128235,0.4590835585385843,549.7896066217243
1360,0,normal,0.004702726844698191,0.4472982414596997,550.2569755420371
1361,0,normal,0.004895259626209736,0.41829995620357235,534.9424108092383
1362,0,normal,0.004786867182701826,0.45695867159601633,535.2911372007422
1363,0,normal,0.024580689147114754,0.4278822693530267,535.9537987769502
1364,0,normal,8.865942001342773,0.4326492612796883,539.1444988540273
1365,0,normal,0.0743052065372467,0.4265008454509237,537.5417949303636
1366,0,normal,2.7897887229919434,0.4483106927546473,550.2425238830023
1367,0,normal,0.2771913409233093,0.4462351022171412,549.9707873220044
1368,0,normal,0.687470018863678,0.44787129046005597,550.6326028861664
1369,0,normal,0.13122615218162537,0.44344107354646506,550.762289607198
1370,0,normal,0.12318649888038635,0.442689576543979,550.6175543529865
1371,0,normal,0.11767589300870895,0.43443168118167913,52.80590812797641
1372,0,normal,0.10729888081550598,0.41097838557575883,25.94970788874616
1373,0,normal,0.11400218307971954,0.40721997098170365,26.829403148801703
1374,0,normal,0.2978707253932953,0.418655251437376,28.841702427860128
1375,0,normal,2.529904365539551,0.41442645569201864,30.633398176163382
1376,0,normal,2.6626744270324707,0.4286625536659586,41.81625752544414
1377,0,normal,0.8594329357147217,0.43332103160649055,41.44640132723498
1378,0,normal,1.6420705318450928,0.44913513324751725,55.52715379957158
1379,0,normal,0.032121747732162476,0.43169777277162097,55.41741082450608
1380,0,normal,0.012176469899713993,0.41916987491083824,55.249758452798005
1381,0,normal,0.011307349428534508,0.45594249898061034,55.00958652207305
1382,0,normal,0.011178749613463879,0.42716702571428394,54.81419264797455
1383,0,normal,0.007799358107149601,0.42683330628712274,54.84945750027441
1384,0,normal,0.007269477006047964,0.4380619094999412,55.08614124742735
1385,0,normal,0.03895605728030205,0.44176222315962616,55.11575982982322
1386,0,normal,0.019204549491405487,0.41749840672866745,55.17366977370307
1387,0,normal,0.023856841027736664,0.4248501613640962,55.4259429360161
1388,0,normal,0.016514690592885017,0.44964912233644433,55.805905918299686
1389,0,normal,0.012298326939344406,0.43343440093992436,56.11280594272398
1390,0,normal,0.01391205657273531,0.44502636279859287,56.55206413305132
1391,0,normal,0.05014340579509735,0.4373669396100893,57.574341075988286
1392,0,normal,0.006800457835197449,0.43399496338934207,58.41676839067895
1393,0,normal,0.006063304841518402,0.42751439557326804,59.17430113170826
1394,0,normal,0.005505000706762075,0.41558053089236086,30.861963794279518
1395,0,normal,0.007854941301047802,0.42069926722694373,31.876328344175818
1396,0,normal,0.006524157244712114,0.39139929459283357,4.15739616513406
1397,0,normal,0.0053533087484538555,0.39531164764832694,1.2772658379178665
1398,0,normal,0.039824679493904114,0.395162237669795,1.38166825122903
1399,0,normal,0.005994005594402552,0.3766599422068588,-1.3803978948899385
1400,0,normal,0.006314866244792938,0.38128087298912405,-4.029966921943242
1401,0,normal,0.014574425294995308,0.36562131004682613,-5.932247990678206
1402,0,normal,0.07098916172981262,0.3643903868687126,-8.299389612656569
1403,0,normal,0.0377141498029232,0.3714907479153771,-11.100816985529718
1404,0,normal,0.023050488904118538,0.3490723951419768,-14.15889529451897
1405,0,normal,0.024116085842251778,0.3420283559571309,-33.371404081890205
1406,0,normal,0.02043846622109413,0.3238401841893061,-46.704520188963215
1407,0,normal,0.09264291822910309,0.32050401113907495,-46.30067321198226
1408,0,normal,0.01663845404982567,0.3127446584189829,-62.06321525932003
1409,0,normal,0.013337208889424801,0.3123820377751944,-61.820722965079085
1410,0,normal,0.028574993833899498,0.3114058658289826,-61.36188024175249
1411,0,normal,0.004843247588723898,0.31245302264410874,-61.314755808098425
1412,0,normal,0.005907890386879444,0.31175237652182985,-61.124333959620344
1413,0,normal,0.006749607622623444,0.3121620196383869,-60.92808472677393
1414,0,normal,0.005542664788663387,0.3139013831216221,-60.80516959294914
1415,0,normal,0.0058226329274475574,0.315394873539567,-60.66509566669106
1416,0,normal,0.007226034067571163,0.3130163363254106,-60.49956591447585
1417,0,normal,0.007410756777971983,0.3137711773435847,-60.37245142505594
1418,0,normal,0.006568999495357275,0.31384227110425245,-60.28238644001658
1419,0,normal,0.007494695484638214,0.31284035178502867,-60.18325055400396
1420,0,normal,0.009364787489175797,0.3118038528164768,-60.070491840772775
1421,0,normal,0.01962454244494438,0.31154719009773185,-59.96568409839256
1422,0,normal,0.00585915194824338,0.3133849330342896,-59.9303643919618
1423,0,normal,0.011904824525117874,0.31137237628405995,-59.99906824814525
1424,0,normal,0.008600728586316109,0.31297576554985373,-60.06960135739928
1425,0,normal,0.007947554811835289,0.3108946204065843,-60.12871748425664
1426,0,normal,0.007602692116051912,0.31252739392801515,-60.17707272313419
1427,0,normal,0.05028964579105377,0.3131917644351171,-59.789923650287164
1428,0,normal,0.011149364523589611,0.31167143612994813,-59.80217695377678
1429,0,normal,0.008183804340660572,0.31195473333801194,-59.65496955148478
1430,0,normal,0.008148682303726673,0.3109040671854254,-59.49544042010211
1431,0,normal,0.007302985992282629,0.3118250406401769,-59.42333963479041
1432,0,normal,0.00771052110940218,0.31203225158640435,-59.28965931506946
1433,0,normal,0.005768529139459133,0.31117607175006085,-59.243600951631606
1434,0,normal,0.012687111273407936,0.3119682188490574,-59.10781540702942
1435,0,normal,0.10730036348104477,0.3161075173102299,-59.27339706700627
1436,0,normal,0.07541701197624207,0.31248153712095605,-59.44803996048131
1437,0,normal,0.04711959883570671,0.3119204774047802,-59.83155864641162
1438,0,normal,0.041124243289232254,0.31415793006495973,-60.06662813311095
1439,0,normal,0.04664323106408119,0.3138483903329057,-60.28465798982165
1440,0,normal,0.053315598517656326,0.3121540917443405,-60.59372860513599
1441,0,normal,0.03775634989142418,0.3130910388085884,-60.73322345454744
1442,0,normal,0.02845907397568226,0.31264699710807164,-60.923518830787316
1443,0,normal,0.008560502901673317,0.31296590151767173,-61.10408888786378
1444,0,normal,0.006916034035384655,0.31458685454217483,-61.23893786400231
1445,0,normal,0.0069045196287333965,0.3116242349460629,-61.359337276157476
1446,0,normal,0.0065973661839962006,0.3117951690619713,-61.485217767855374
1447,0,normal,0.0051527866162359715,0.31196198347510606,-61.588124103858036
1448,0,normal,0.005288073793053627,0.3130763088902381,-61.674318870416755
1449,0,normal,0.004502991214394569,0.3125807788039975,-61.73870601135377
1450,0,normal,0.012670398689806461,0.31278828929805835,-61.64679403091304
1451,0,normal,0.009128828532993793,0.312858022981547,-61.625442878670356
1452,0,normal,0.10211241990327835,0.3145363043499081,-61.696294103456694
1453,0,normal,0.05097079649567604,0.31448464759828154,-61.77324013343332
1454,0,normal,0.04178396612405777,0.31482639332429546,-61.86720201824846
1455,0,normal,0.040721386671066284,0.3156796576388397,-61.95955090712778
1456,0,normal,0.029033374041318893,0.3147828239069397,-62.08192084105167
1457,0,normal,1.7286385297775269,0.3171130742002284,-56.627373417236186
1458,0,normal,0.1054922416806221,0.3177840983247615,-56.81171465545958
1459,0,normal,0.044812947511672974,0.3173593861699731,-56.78916612031185
1460,0,normal,0.02474420890212059,0.3173725701816115,-56.727920995571594
1461,0,normal,0.016248119994997978,0.3202043381461814,-56.63558079016752
1462,0,normal,0.012391558848321438,0.32782538987443804,-56.476035047508276
1463,0,normal,0.010259093716740608,0.3177268078866659,-56.26570349318217
1464,0,normal,0.00977365206927061,0.3205216662861999,-56.06583104981564
1465,0,normal,0.029884101822972298,0.3181046983283378,-55.64762918762631
1466,0,normal,0.01175243966281414,0.32506750734784123,-55.43753305028031
1467,0,normal,0.008820174261927605,0.32197352422408476,-55.276721021959474
1468,0,normal,0.010869579389691353,0.3169167122171574,-55.126514016001465
1469,0,normal,0.021225735545158386,0.3190134961287967,-54.93682938332404
1470,0,normal,0.012275636196136475,0.3143907091107776,-55.192057659215834
1471,0,normal,0.04984159395098686,0.31657298703504805,-55.50634664490349
1472,0,normal,8.724177360534668,0.3350685235858679,-23.391794326539184
1473,0,normal,0.11520268768072128,0.3421842746910772,-23.357612541999288
1474,0,normal,1.9748401641845703,0.33760295951615005,-23.574410366937173
1475,0,normal,1.1231436729431152,0.36942127724596696,3.7381059824426757
1476,0,normal,0.17315179109573364,0.36232853069421456,4.785231135676895
1477,0,normal,14.451536178588867,0.40504209981548017,59.18174930443115
1478,0,normal,0.2925291955471039,0.409105892804194,60.637761521611765
1479,0,normal,0.6291702389717102,0.3858430247188225,60.340313600082936
1480,0,normal,13.43398380279541,0.4335246044755256,112.23468196101294
1481,0,normal,0.3996187448501587,0.4339523639042788,113.58256621636133
1482,0,normal,0.7095468640327454,0.43293622513196245,113.48486781730173
1483,0,normal,3.8418352603912354,0.43409842278801475,138.02447608102295
1484,0,normal,0.33952561020851135,0.4488065962172995,137.92254682500766
1485,0,normal,0.6857618689537048,0.4766599694348515,137.58777091667707
1486,0,normal,1.8127368688583374,0.4579949930739114,150.1686578560085
1487,0,normal,0.017651716247200966,0.473151430215498,145.27627444767575
1488,0,normal,0.0064259665086865425,0.4463825629228319,145.16723074241952
1489,0,normal,0.0032951903995126486,0.449837843679342,144.82545730901643
1490,0,normal,0.003714438760653138,0.4597095345864246,144.8008332650113
1491,0,normal,0.038889579474925995,0.42540920406040594,144.68339169727142
1492,0,normal,0.02301669865846634,0.4781586491637572,144.6329679138637
1493,0,normal,0.014825070276856422,0.4607837961797942,144.5704834356111
1494,0,normal,0.0069440933875739574,0.44690375011641886,144.56141441615375
1495,0,normal,0.019722413271665573,0.4547177399782272,144.5258849832287
1496,0,normal,0.030282149091362953,0.45261389816170317,144.85307446794263
1497,0,normal,0.00446322513744235,0.4665914375317453,145.27146554595436
1498,0,normal,0.004313045181334019,0.45994968764209065,145.77013419912953
1499,0,normal,0.004279480781406164,0.4576310171251778,146.46748798184672
1500,0,normal,0.004321903921663761,0.45958744280103303,147.43068993318354
1501,0,normal,0.004521247465163469,0.4497942830871436,148.45882959039875
1502,0,normal,0.004901001695543528,0.4391784322121483,122.76409255539659
1503,0,normal,0.0056408173404634,0.4466629326418301,123.57562393717046
1504,0,normal,0.004985880106687546,0.43519446048676214,124.45743023973478
1505,0,normal,0.0052950419485569,0.42317178119302074,99.24679347990286
1506,0,normal,0.005786441266536713,0.40917503318474474,97.49266488761532
1507,0,normal,0.008826341480016708,0.38761104930082146,44.78592011280284
1508,0,normal,0.061402395367622375,0.3886969076327601,42.72458631907739
1509,0,normal,0.028485672548413277,0.3747043676810769,43.27879445623557
1510,0,normal,0.020927630364894867,0.36070483352879634,-12.919661717290637
1511,0,normal,0.020546242594718933,0.35583917511257734,-15.793576523260526
1512,0,normal,0.059429995715618134,0.3501057741573012,-15.610920406947798
1513,0,normal,0.014599408023059368,0.32960980777244764,-45.737996588321494
1514,0,normal,0.01063167117536068,0.3244126829507222,-46.62202784966985
1515,0,normal,0.009263337589800358,0.32150657023374507,-46.31778154758854
1516,0,normal,0.009227437898516655,0.3113551669738933,-62.02500717877865
1517,0,normal,0.007271947804838419,0.312065072184826,-61.8090248820904
1518,0,normal,0.029356777667999268,0.31166675804238825,-61.329436508644676
1519,0,normal,0.011221377179026604,0.3127700087935853,-60.99398330496069
1520,0,normal,0.007563379593193531,0.31240767641937656,-60.764057782408145
1521,0,normal,0.006640500854700804,0.3124824912911289,-60.57448946080308
1522,0,normal,0.017790041863918304,0.3139916581242609,-60.26660147061216
1523,0,normal,0.01768040657043457,0.31430376566586665,-59.95244156652757
1524,0,normal,0.023843904957175255,0.3132078920472718,-60.00347376355944
1525,0,normal,0.05957053601741791,0.3123068913543562,-60.14940961128741
1526,0,normal,0.03436986356973648,0.3143663957474578,-60.366636405870395
1527,0,normal,0.0272155050188303,0.3125096158324511,-60.526510861076304
1528,0,normal,0.02550075389444828,0.31223181869064126,-60.687231418882675
1529,0,normal,0.013712066225707531,0.3122423980521157,-60.809111942546224
1530,0,normal,0.0726538747549057,0.31326822461271625,-60.43832199964072
1531,0,normal,0.01102448906749487,0.3113908970476391,-60.297188193387
1532,0,normal,0.006972563918679953,0.31157997692271966,-60.1937938313547
1533,0,normal,0.005646100267767906,0.3117508003985697,-60.116299607615474
1534,0,normal,0.0051978034898638725,0.31171370523011727,-60.06651033617072
1535,0,normal,0.005137853790074587,0.31320680053565736,-60.02780493598175
1536,0,normal,0.005519459024071693,0.3112031613872302,-59.98676762975265
1537,0,normal,0.005484550725668669,0.31212667932226185,-59.97981622198358
1538,0,normal,0.005707498174160719,0.3134379461508302,-60.01016043546292
1539,0,normal,0.03726227954030037,0.31309881492845887,-60.14933109356366
1540,0,normal,0.08564097434282303,0.3144002933687852,-60.237610558925326
1541,0,normal,0.06029561534523964,0.3138799998567272,-60.36970639232459
1542,0,normal,0.044030096381902695,0.3146176323842135,-60.63118532383919
1543,0,normal,0.03043260984122753,0.3136545917106475,-60.8627349927915
1544,0,normal,0.03120502457022667,0.31366870678071357,-61.10628998695324
1545,0,normal,0.027866613119840622,0.3120314114233061,-61.37060980148567
1546,0,normal,0.0672040805220604,0.3124850955006253,-61.383731986062
1547,0,normal,0.029249578714370728,0.31565468079458,-61.279210642624776
1548,0,normal,0.0056280954740941525,0.3128482714720693,-61.49206050127941
1549,0,normal,0.0051954155787825584,0.3120492341896681,-61.541952895335044
1550,0,normal,0.004585960879921913,0.31209210239946233,-61.53325471761673
1551,0,normal,0.004290151875466108,0.31217074774402354,-61.49419702848877
1552,0,normal,0.011661344207823277,0.31322585869869374,-61.38061130282017
1553,0,normal,0.006125242915004492,0.314617941227228,-61.452395303790354
1554,0,normal,0.0145844342187047,0.3143084704612434,-61.126845547320954
1555,0,normal,0.005496534984558821,0.3166196605091966,-61.01819233381843
1556,0,normal,0.006760100834071636,0.31381507220075266,-60.911768644961285
1557,0,normal,0.017540082335472107,0.3133451416283015,-60.69385566632127
1558,0,normal,0.08227299153804779,0.31590637082420236,-60.86350226498621
1559,0,normal,0.05169876664876938,0.3132253336529659,-60.97900359655364
1560,0,normal,0.03267635032534599,0.3136496074048544,-61.36059040346436
1561,0,normal,0.03295987471938133,0.3135396302932595,-61.5397301549167
1562,0,normal,0.0174768827855587,0.3138507163116659,-61.69975082707492
1563,0,normal,0.09290961176156998,0.31404384246531375,-61.351551759135646
1564,0,normal,0.01647765375673771,0.3141477140691723,-61.120644791249106
1565,0,normal,0.008966402150690556,0.3137986806412052,-60.87382338627708
1566,0,normal,0.007900564931333065,0.31204278404244873,-60.57714802128589
1567,0,normal,0.007056891452521086,0.3144817429586326,-60.266302312567404
1568,0,normal,8.860705375671387,0.3327056764674426,-27.636002969736865
1569,0,normal,0.12764368951320648,0.34018001172764617,-27.099543551935767
1570,0,normal,1.9406472444534302,0.34841439242519445,-14.65899295623376
1571,0,normal,1.7354570627212524,0.37472403426838774,9.884513429996787
1572,0,normal,0.19751188158988953,0.37230105970130345,10.687947807060027
1573,0,normal,0.14553770422935486,0.3847709840261202,12.01533692515818
1574,0,normal,0.13297723233699799,0.38780638944407914,13.550093888604579
1575,0,normal,0.14011138677597046,0.3978460318235515,14.940019627749507
1576,0,normal,0.10563819855451584,0.4054901900256545,17.00609342697703
1577,0,normal,0.09803538024425507,0.3949635655882926,18.978267688229607
1578,0,normal,0.2009342908859253,0.4133096756918463,21.013002231380824
1579,0,normal,0.6667308211326599,0.40713540924739083,23.152576599067288
1580,0,normal,2.5473337173461914,0.41505954674835477,23.667000170735264
1581,0,normal,1.069159984588623,0.43022338204063326,50.96171927401815
1582,0,normal,0.45561742782592773,0.42869812518077666,50.22248925331655
1583,0,normal,1.9933381080627441,0.4644040545194059,64.2703997276451
1584,0,normal,0.022982267662882805,0.4383521236896008,64.27827549647009
1585,0,normal,0.01103473175317049,0.4294956358579481,64.16111580957227
1586,0,normal,0.005746462382376194,0.4560941091522561,64.13434934308702
1587,0,normal,0.0058512259274721146,0.43117194503773876,64.21843220284131
1588,0,normal,0.016990387812256813,0.45023210697681343,64.52985137010569
1589,0,normal,0.006026732735335827,0.43472011250350706,64.75516112563128
1590,0,normal,0.01187788974493742,0.4302725318769565,65.01446752952211
1591,0,normal,0.005927945952862501,0.44892361865049657,65.25487473942508
1592,0,normal,0.0044116186909377575,0.4363408298139639,65.59620845906306
1593,0,normal,0.004658621270209551,0.46752684730402094,65.85653888835623
1594,0,normal,0.091554656624794,0.45093317606854105,66.22743705819198
1595,0,normal,0.07367629557847977,0.4548531283527784,66.8938552801842
1596,0,normal,0.06088925898075104,0.4663517260409985,67.68975526167333
1597,0,normal,0.047699932008981705,0.435994333099681,68.52830745630786
1598,0,normal,0.034780777990818024,0.442742953788395,40.26363439581428
1599,0,normal,0.04037568345665932,0.433765217131621,40.9838083535451
1600,0,normal,0.04153355956077576,0.41867720748021386,28.879696049392578
1601,0,normal,0.04773474857211113,0.39801944706933545,4.3267973830875235
1602,0,normal,0.006779142655432224,0.39560712161663414,2.7678723205460756
1603,0,normal,0.005153255071491003,0.4011343126377138,1.3573765069731962
1604,0,normal,0.004636842757463455,0.38071253388513593,-0.3491615250518407
1605,0,normal,0.004333396442234516,0.37142842166356344,-2.0571405761525057
1606,0,normal,0.004283694084733725,0.3791428820512911,-4.161449388248002
1607,0,normal,0.004477997776120901,0.35637434725569145,-6.719897512661419
1608,0,normal,0.0047311498783528805,0.3722483413688211,-9.585601730136204
1609,0,normal,0.0056163775734603405,0.35896935233997923,-13.000732906471285
1610,0,normal,0.006309956312179565,0.3505951324953928,-13.87717467609059
1611,0,normal,0.0071670906618237495,0.3252976442165649,-45.06291042544581
1612,0,normal,0.00943605788052082,0.32368653849740836,-45.119489718259274
1613,0,normal,0.005952152889221907,0.3132420271214762,-61.13997508317061
1614,0,normal,0.007091785315424204,0.31253015006469015,-61.27016386869241
1615,0,normal,0.05364607647061348,0.31408775425964985,-61.464657414114754
1616,0,normal,0.009532511234283447,0.31465683453494875,-61.6806868713395
1617,0,normal,0.007636764086782932,0.3156170168381604,-61.85401832578623
1618,0,normal,0.010090785101056099,0.31489517739465966,-62.10956511614677
1619,0,normal,0.010380597785115242,0.313587120688375,-62.20527944964874
1620,0,normal,8.801984786987305,0.33151213174544325,-29.493954040927747
1621,0,normal,0.10788887739181519,0.340569868418491,-29.056429520931715
1622,0,normal,1.9419463872909546,0.343700106880657,-16.367168080439342
1623,0,normal,2.337855339050293,0.37192179365086586,-0.273801231243624
1624,0,normal,0.24658384919166565,0.3683412801692393,0.9845466662311537
1625,0,normal,0.15501637756824493,0.37899128599216736,2.4232964529876426
1626,0,normal,0.8126721382141113,0.38330744322800964,2.175849612783395
1627,0,normal,0.19993054866790771,0.392784635357007,3.6936788596883616
1628,0,normal,0.14578896760940552,0.38701066770558307,5.444782467604455
1629,0,normal,0.2202397733926773,0.3843045860709856,8.079617154275638
1630,0,normal,0.5122168660163879,0.39491007451455523,11.265945506180515
1631,0,normal,1.3657602071762085,0.39588642254847456,14.40950295472203
1632,0,normal,1.5918679237365723,0.421635378857095,42.84152109867864
1633,0,normal,0.50529944896698,0.42599007287037777,42.42077197494427
1634,0,normal,0.639659583568573,0.4378263955180763,43.261975455370475
1635,0,normal,1.842448353767395,0.4367609503937087,57.52674866792472
1636,0,normal,0.027068421244621277,0.4369992932732633,57.39939347309064
1637,0,normal,0.010921761393547058,0.44585673204896353,57.370106786787574
1638,0,normal,0.0029390619602054358,0.4419146649765201,57.18388781442104
1639,0,normal,0.0018179310718551278,0.4353464155843164,57.22531718969617
1640,0,normal,0.0021021338179707527,0.43729297807785544,57.34799308556444
1641,0,normal,0.008707745932042599,0.4393600941888058,57.71281269089286
1642,0,normal,0.002068160567432642,0.42274404040755187,57.92069449465134
1643,0,normal,0.0029049532022327185,0.4399365708032939,58.40855574420834
1644,0,normal,0.006082803476601839,0.4461502933096769,59.00709784278547
1645,0,normal,0.01276396680623293,0.4516828744923848,59.66785316050982
1646,0,normal,0.09403039515018463,0.4521083079872525,60.20763507765491
1647,0,normal,0.045368492603302,0.4506377466560153,60.93310853806611
1648,0,normal,0.034343183040618896,0.45725073825641294,61.69215822150136
1649,0,normal,0.016175400465726852,0.43682092300899794,62.4982633559307
1650,0,normal,0.035116154700517654,0.43311783145717403,34.00884995239494
1651,0,normal,0.06293711811304092,0.4251818230938377,35.05837097253652
1652,0,normal,0.02314428612589836,0.40552188869952704,23.19117638677085
1653,0,normal,0.006657829042524099,0.3945471089183757,6.1861112736603445
1654,0,normal,0.006165290251374245,0.40782224185800453,4.617229637067339
1655,0,normal,0.006875092163681984,0.3855893489147777,2.932674308352489
1656,0,normal,0.004751523490995169,0.38469056559979664,4.040576264854963
1657,0,normal,0.004785244818776846,0.3906281235059237,2.5621455344905826
1658,0,normal,0.005274433642625809,0.3650039052379784,1.060295006034039
1659,0,normal,0.005963603034615517,0.3715217965525361,-2.1424891734170615
1660,0,normal,0.0061121536418795586,0.3685397298375148,-6.167810546904548
1661,0,normal,0.009587044827640057,0.3575998909718347,-10.474322966294494
1662,0,normal,0.009588364511728287,0.3299898424158258,-42.36895130313769
1663,0,normal,0.03326031565666199,0.32969969099570656,-42.37246879451368
1664,0,normal,0.077812060713768,0.3249937614634087,-44.28217924887781
1665,0,normal,0.04824863746762276,0.31306784218041556,-60.99516289255416
1666,0,normal,6.52184534072876,0.3211691416372221,-36.83706611947946
1667,0,normal,2.5639703273773193,0.3421505506326427,-28.239450203966953
1668,0,normal,0.7488482594490051,0.3295065907717406,-28.455406799158254
1669,0,normal,2.2562856674194336,0.3608260588888303,-1.2089578323466412
1670,0,normal,0.19705744087696075,0.3620945131580727,-0.3657699636025882
1671,0,normal,0.16141881048679352,0.3824856893822834,1.027552489725167
1672,0,normal,0.7224143147468567,0.3770872744490253,0.9225122781176651
1673,0,normal,0.1953088343143463,0.3882156669066786,2.658561556712357
1674,0,normal,0.16495685279369354,0.38698461213091934,4.615921933035452
1675,0,normal,0.12280948460102081,0.3843489290951094,6.474575874025277
1676,0,normal,0.18530966341495514,0.38064538393335606,8.339010926226592
1677,0,normal,0.6068766117095947,0.3921479598544359,10.163517792445418
1678,0,normal,2.5134363174438477,0.4165668848071976,37.24836060365874
1679,0,normal,0.4734516143798828,0.426731603419734,36.52913176800848
1680,0,normal,0.6103420257568359,0.4206008228436844,36.87976746441814
1681,0,normal,1.8697788715362549,0.4286503268044205,51.17921258213528
1682,0,normal,0.018105030059814453,0.42876551799339174,51.097752380329666
1683,0,normal,0.03376080095767975,0.4230835435994862,51.34197536858824
1684,0,normal,0.007094712927937508,0.42296591997242194,51.02757152645836
1685,0,normal,0.005472919903695583,0.4263976839521215,50.916939113954186
1686,0,normal,0.0042113629169762135,0.43252000496753545,50.90199041654864
1687,0,normal,0.0041493577882647514,0.43345602184238813,50.97268884996106
1688,0,normal,0.0047219293192029,0.42519097374150516,51.05432602160158
1689,0,normal,0.004690858069807291,0.4329507959395587,51.2371124704066
1690,0,normal,0.03807090222835541,0.42831763983289683,51.897092875313774
1691,0,normal,0.010723517276346684,0.448152795312097,52.6224443713827
1692,0,normal,0.00895080529153347,0.433711076817001,53.27084046580876
1693,0,normal,0.007012065965682268,0.44644524825787474,53.96905887745925
1694,0,normal,0.009234475903213024,0.4393919622699903,55.010214037746664
1695,0,normal,0.01272539235651493,0.43543186919376575,56.1000497813759
1696,0,normal,0.01256282813847065,0.4277197215820284,35.42345639962991
1697,0,normal,0.03323710337281227,0.42388125420484984,28.109689311478633
1698,0,normal,0.009635873138904572,0.4112435965484224,28.990318076196218
1699,0,normal,0.01063067652285099,0.39074709872896685,1.660980046589657
1700,0,normal,0.02233421988785267,0.4023185766069093,0.39373483269196186
1701,0,normal,0.018704287707805634,0.3828794023833559,-1.5056864043394853
1702,0,normal,0.0574617013335228,0.3822782319163061,-0.6356715340909886
1703,0,normal,0.04094863310456276,0.38249484389942634,-2.5381925606116056
1704,0,normal,0.029990844428539276,0.3667049885018289,-4.543866272511195
1705,0,normal,0.02851741574704647,0.36816004219880405,-6.97085951515237
1706,0,normal,0.12386678159236908,0.36337681050075205,-9.308808870418261
1707,0,normal,0.023632986471056938,0.35607412387483506,-11.966137157638286
1708,0,normal,0.03460283577442169,0.3302054638181553,-41.91742925319318
1709,0,normal,0.007819849997758865,0.3305008622379481,-41.75771114321492
1710,0,normal,0.00532081862911582,0.3247693923833099,-42.85470340828306
1711,0,normal,0.005144345108419657,0.31259800588746944,-58.912882271263925
1712,0,normal,0.005383175332099199,0.3136608761680726,-58.97743144935043
1713,0,normal,0.006100615486502647,0.31128281128663104,-59.22615639445962
1714,0,normal,0.006034200545400381,0.3147023797633197,-59.23215753784325
1715,0,normal,0.0063456278294324875,0.3132811986667274,-59.246415559317256
1716,0,normal,0.006318127736449242,0.313204229810502,-59.25586588363444
1717,0,normal,0.007660180330276489,0.31419750108653227,-59.317838545729046
1718,0,normal,8.760278701782227,0.3351763635091578,-27.09544368433353
1719,0,normal,0.054107315838336945,0.3403074421530029,-27.3095052557328
1720,0,normal,2.7894272804260254,0.3517619619507426,0.0769730558899937
1721,0,normal,0.29341357946395874,0.3724933140713057,1.531528927892623
1722,0,normal,0.14869514107704163,0.3744355990377936,3.9043770755622518
1723,0,normal,0.09655637294054031,0.37961696172880005,6.309663020366543
1724,0,normal,0.10654085129499435,0.3887610629693627,8.849957753960553
1725,0,normal,0.09602230042219162,0.40521463939962643,11.187554501156228
1726,0,normal,0.08652690798044205,0.4004035494526505,13.692817233165215
1727,0,normal,0.11256515979766846,0.3979604286291522,16.023713008434015
1728,0,normal,0.3439876437187195,0.4109610854052399,17.982660648712226
1729,0,normal,0.9966636300086975,0.4056615739201718,20.049537509423544
1730,0,normal,1.886866807937622,0.4279800557345303,47.08698225113585
1731,0,normal,0.24208718538284302,0.43703292764881724,47.13965875384724
1732,0,normal,0.6996030211448669,0.4408492247496602,46.88141801473148
1733,0,normal,1.7276908159255981,0.4471830022862774,60.85838559164404
1734,0,normal,0.0771615207195282,0.4339370380608098,60.55181001176766
1735,0,normal,0.12312711775302887,0.45127486615308304,60.41441819452575
1736,0,normal,0.03781459853053093,0.43987321489975484,59.8207143154757
1737,0,normal,0.04490981623530388,0.4413619950596962,59.631381689093814
1738,0,normal,0.041975006461143494,0.43929011144596297,59.41204981572673
1739,0,normal,0.03519372642040253,0.453850102403713,59.544012031373995
1740,0,normal,0.020989112555980682,0.4394779686406493,59.580522069813014
1741,0,normal,0.028626179322600365,0.4458998932113467,60.00826182163178
1742,0,normal,0.007817897945642471,0.4576498266677291,60.60837376256745
1743,0,normal,0.0033774138428270817,0.4587305120797892,61.172059708728284
1744,0,normal,0.0030666086822748184,0.4506430836402049,61.92173303647678
1745,0,normal,0.016154611483216286,0.47022719525112994,63.12247030579965
1746,0,normal,0.004684055224061012,0.44315322459701395,64.26799824196019
1747,0,normal,0.004152878187596798,0.44255577034669663,65.46148672120921
1748,0,normal,0.006045849062502384,0.43133742042984957,37.72520695185722
1749,0,normal,0.009043334051966667,0.414425494571987,39.2270040655128
1750,0,normal,0.005684737581759691,0.40942665086452706,12.229694708508987
1751,0,normal,0.016580749303102493,0.4012271843834131,9.675053915063245
1752,0,normal,0.08313412219285965,0.4011406348373473,6.830809871168412
1753,0,normal,0.04594946652650833,0.39250564750703976,3.895419287843424
1754,0,normal,0.02708638459444046,0.3924242136845727,0.904570724685982
1755,0,normal,0.042608119547367096,0.3839231198790307,-1.7863004805728906
1756,0,normal,0.03268559277057648,0.3608585507293762,-4.627465967060743
1757,0,normal,0.09290207922458649,0.36946643928219747,-7.545302530766094
1758,0,normal,0.010780937038362026,0.3662668583313955,-10.368921441661541
1759,0,normal,0.008736818097531796,0.35181625731180344,-13.476629682798603
1760,0,normal,0.012640715576708317,0.3307625544626672,-43.870984270750114
1761,0,normal,0.005393660627305508,0.3272087679422488,-44.81378761588553
1762,0,normal,0.0054314155131578445,0.3260943100735369,-44.60513046954043
1763,0,normal,0.0048238555900752544,0.3139486224030037,-60.63805805375523
1764,0,normal,0.006578383035957813,0.31389283963279274,-60.42011939655936
1765,0,normal,0.007694745436310768,0.31376206753474667,-60.46291645298402
1766,0,normal,0.006609614938497543,0.3133815755965254,-60.459507427249264
1767,0,normal,0.006195928901433945,0.31495395805354315,-60.54496606755856
1768,0,normal,0.005930133629590273,0.3130879405759884,-60.68805410902132
1769,0,normal,0.006010326556861401,0.3126497365732772,-60.86750746820235
1770,0,normal,0.01751837320625782,0.3119782410904786,-60.83502430526005
1771,0,normal,0.09942655265331268,0.3134604825579198,-60.96772903645501
1772,0,normal,0.05466999486088753,0.3119831924460875,-61.13920424086359
1773,0,normal,0.036547623574733734,0.3126956952949945,-61.32614857778799
1774,0,normal,0.024857481941580772,0.3132923872708707,-61.524635829403906
1775,0,normal,8.669429779052734,0.3311474841324145,-29.4709742938428
1776,0,normal,0.11675634235143661,0.3379634307536677,-29.284857541597603
1777,0,normal,1.923278570175171,0.3422852306503087,-16.819960723467375
1778,0,normal,2.3432419300079346,0.3678194597213776,-0.8833035095715331
1779,0,normal,0.25643107295036316,0.3710184843890474,0.3063333812963265
1780,0,normal,0.16257940232753754,0.377171082917635,1.8382749285997306
1781,0,normal,0.8227033019065857,0.3826027604901144,1.664287450226766
1782,0,normal,0.20430073142051697,0.39270860265127594,3.384501222663175
1783,0,normal,0.14950600266456604,0.3873302860200221,5.282240442914826
1784,0,normal,0.1668642908334732,0.3865486817567427,7.066476664638003
1785,0,normal,0.4279244840145111,0.3969956675571275,8.723966296067147
1786,0,normal,2.3546247482299805,0.39764635575115936,25.2201172768157
1787,0,normal,2.5333571434020996,0.4200324019030032,37.03883693452963
1788,0,normal,0.8121961355209351,0.4232574322452516,36.48039024541549
1789,0,normal,1.6941434144973755,0.44818952123326444,50.41126740207733
1790,0,normal,0.047290295362472534,0.43296842030308796,50.62494569682258
1791,0,normal,0.031119724735617638,0.4179743294887334,50.79198129310339
1792,0,normal,0.015907352790236473,0.4336120596759401,50.485433300052364
1793,0,normal,45.01994705200195,0.43493994419305304,193.9694281371178
1794,0,normal,39.50893020629883,0.43179903484675497,318.4255623539409
1795,0,normal,0.08802830427885056,0.44815744697536514,318.4653474958908
1796,0,normal,0.0941862016916275,0.45148926837490766,318.54997384392937
1797,0,normal,0.08721400052309036,0.4195080683334123,318.69970865831135
1798,0,normal,42.95467758178711,0.4283474663426391,426.8267906377041
1799,0,normal,0.4666871428489685,0.44768454560258253,427.32100855079443
1800,0,normal,0.20228706300258636,0.43659004769972054,427.92923128996324
1801,0,normal,0.06458717584609985,0.4610630659706078,428.40787328820863
1802,0,normal,0.0392301119863987,0.4381969151013726,429.00256604635865
1803,0,normal,0.024248899891972542,0.4489193590904685,429.6166768004658
1804,0,normal,0.020936619490385056,0.4421541295112913,430.2852297441242
1805,0,normal,0.01473826915025711,0.42483832834358776,411.8446079117838
1806,0,normal,0.017241165041923523,0.4274753046355716,412.5427346900169
1807,0,normal,0.01592000015079975,0.3939907172254592,404.6760098302609
1808,0,normal,0.013021755032241344,0.4035251782671942,393.46430807055503
1809,0,normal,0.012123767286539078,0.39885653827192374,392.3046105633
1810,0,normal,0.010908392257988453,0.3758677514242986,391.0478084338737
1811,0,normal,0.010373159311711788,0.38092476905311395,391.62180560789636
1812,0,normal,0.043456900864839554,0.3756643244597529,390.6936324039558
1813,0,normal,0.0174227524548769,0.372313375934863,389.4950639098008
1814,0,normal,0.007343731354922056,0.37938007451720324,387.97623279743857
1815,0,normal,0.009310943074524403,0.3569393768850568,386.3313925720695
1816,0,normal,8.80650520324707,0.3587610411939004,394.71726036953385
1817,0,normal,0.11001913249492645,0.3582012685232814,385.79133118587333
1818,0,normal,1.6789989471435547,0.3491852535640826,385.5049260807274
1819,0,normal,1.3447915315628052,0.36182357168121265,393.1412168814891
1820,0,normal,0.19231663644313812,0.3599062348003988,393.73405653061025
1821,0,normal,0.13288117945194244,0.3789702788951482,394.7363079949239
1822,0,normal,14.143348693847656,0.4077746427100397,430.50955653709195
1823,0,normal,0.3783431351184845,0.4119211368526808,325.24349460942153
1824,0,normal,59.09410858154297,0.44158363213718793,365.2868130419696
1825,0,normal,0.5263048410415649,0.43671606835381716,366.9375448208127
1826,0,normal,0.23233658075332642,0.4285441636185906,368.86541962084027
1827,0,normal,6.409476280212402,0.45095245409362295,387.96076443923357
1828,0,normal,0.3554003834724426,0.4750803938308829,274.946408673444
1829,0,normal,0.7961732149124146,0.4728447177870927,274.5719315792812
1830,0,normal,1.8622950315475464,0.47500858013937775,285.2337758394582
1831,0,normal,0.06498982012271881,0.4737661035193042,285.2437452141178
1832,0,normal,0.008666584268212318,0.47610785680464673,285.13913935584924
1833,0,normal,0.003590057836845517,0.46321164165844997,284.85553721428585
1834,0,normal,0.004073107615113258,0.4882666256738973,284.75355289388824
1835,0,normal,0.0029646202456206083,0.4613550078986852,284.73678115750533
1836,0,normal,0.0018335437634959817,0.47400144157592394,284.7698560186159
1837,0,normal,0.0031764095183461905,0.46578207687111,284.8715916019594
1838,0,normal,0.030986595898866653,0.44435372073519985,284.95288741586717
1839,0,normal,0.09040793776512146,0.47116336470007697,285.1556339896007
1840,0,normal,0.06751175969839096,0.4649649328793452,285.4037098239654
1841,0,normal,0.05434849113225937,0.490568439154328,285.77051058900645
1842,0,normal,0.04906396567821503,0.48193595106178916,285.9953268923681
1843,0,normal,0.04259113967418671,0.46906641169681246,286.4896788829984
1844,0,normal,0.04126407206058502,0.4810714964884477,287.1751212552816
1845,0,normal,0.06826162338256836,0.4695824992873233,288.02375933520716
1846,0,normal,0.008436022326350212,0.45702751389751706,265.9143399317293
1847,0,normal,0.006560683716088533,0.4685746702411823,266.78658324794003
1848,0,normal,0.005882446188479662,0.45072846425422614,268.104970552311
1849,0,normal,0.004882847890257835,0.44654847557315597,247.16954622435208
1850,0,normal,0.004306973423808813,0.4326511732568043,245.98435241643676
1851,0,normal,0.004151353146880865,0.4217836516177375,244.67027316905603
1852,0,normal,0.004291386343538761,0.4033165489555235,199.52704140942285
1853,0,normal,0.004423682577908039,0.39078987568450346,196.78421012038393
1854,0,normal,0.004851062782108784,0.38139308112758535,-3.3142454548017213
1855,0,normal,0.00856951903551817,0.3715444008617573,-7.044285557933563
1856,0,normal,0.005225022789090872,0.36007939027657215,-11.332226446739469
1857,0,normal,0.03157318755984306,0.33318940480623477,-43.2527431852543
1858,0,normal,0.09328622370958328,0.325175228986326,-46.47132572125338
1859,0,normal,0.02245461754500866,0.3255905383389456,-46.496265128193045
1860,0,normal,0.0235693771392107,0.313233623832881,-62.496755423193235
1861,0,normal,0.023343943059444427,0.3149417778579089,-62.73533438605409
1862,0,normal,0.02426597848534584,0.31459441701509777,-62.77659828623928
1863,0,normal,0.03181389719247818,0.3139349070449275,-62.62436950675783
1864,0,normal,0.011237716302275658,0.31345425627916673,-62.427425295643616
1865,0,normal,0.006058565806597471,0.3126061247100042,-62.24289062097978
1866,0,normal,0.005747840274125338,0.31483808466441576,-62.05626240244578
1867,0,normal,0.012604216113686562,0.3135284720688268,-61.65694291339992
1868,0,normal,0.005099781323224306,0.31517320446679936,-61.44764499727353
1869,0,normal,0.004655761644244194,0.3141139549044924,-61.48886735028236
1870,0,normal,0.004874465521425009,0.31438867419091404,-61.574387791988784
1871,0,normal,0.005025920458137989,0.31386942540464907,-61.70919004166899
1872,0,normal,0.005072813015431166,0.3129898155681441,-61.91268836800464
1873,0,normal,8.824334144592285,0.3313653452588936,-29.48871216630323
1874,0,normal,0.08623386919498444,0.33552040038124453,-29.54396084106088
1875,0,normal,3.0096583366394043,0.34833532198448247,-1.8467854875293597
1876,0,normal,0.2289934605360031,0.3693222700501982,-0.8086515918207624
1877,0,normal,0.6166598200798035,0.3690738065479601,-0.793297931824327
1878,0,normal,0.13867267966270447,0.3693125831687335,1.0881610518379148
1879,0,normal,0.13029779493808746,0.3757041159588566,3.0211884498405652
1880,0,normal,0.12082203477621078,0.3950124547118877,5.032481687415384
1881,0,normal,0.7329730987548828,0.38805226413769534,5.486991929063379
1882,0,normal,0.17692232131958008,0.3886758545474998,7.844964223657826
1883,0,normal,0.3899622857570648,0.3931220552060513,9.70806828138393
1884,0,normal,1.1041793823242188,0.3975266505827035,11.627457478428596
1885,0,normal,2.477475643157959,0.41626059725405745,37.02626632750594
1886,0,normal,0.4786515235900879,0.4296778919378679,38.31172322204998
1887,0,normal,0.6133785247802734,0.4344964040994925,38.19935648846149
1888,0,normal,1.875130534172058,0.43834721657562364,52.49877396278316
1889,0,normal,0.043322790414094925,0.4216047893988867,52.79727371373906
1890,0,normal,0.01795036531984806,0.4413167282967439,52.96572401440767
1891,0,normal,0.007308635860681534,0.42851316990965227,52.89648020152936
1892,0,normal,0.010454895906150341,0.4328399679372278,53.071388683239775
1893,0,normal,0.006250118371099234,0.42836547712216144,53.29655846345872
1894,0,normal,0.020444048568606377,0.4375781723377299,53.7968143544922
1895,0,normal,0.08301525563001633,0.42945971813626826,53.807150484424255
1896,0,normal,0.041281603276729584,0.43531385850855353,54.085486571874526
1897,0,normal,0.029647106304764748,0.437365680214136,54.3942237028773
1898,0,normal,0.017315439879894257,0.45755786247522395,54.676867056521814
1899,0,normal,0.09525250643491745,0.43113704180851237,55.5255652093424
1900,0,normal,0.026990296319127083,0.45634640629283907,56.544363646978354
1901,0,normal,0.012295733205974102,0.4282264961173942,57.530879486377444
1902,0,normal,0.008553040213882923,0.445906153808606,58.50700147519501
1903,0,normal,0.007404460106045008,0.42589590828052665,30.071263159225964
1904,0,normal,0.010163218714296818,0.40920757857595824,31.144683552004608
1905,0,normal,0.006768479477614164,0.397762017249261,3.701319342113038
1906,0,normal,0.009542794898152351,0.39966597584771274,1.3677305422668269
1907,0,normal,0.010689867660403252,0.39493153393913644,1.9377522506358673
1908,0,normal,0.012680492363870144,0.3845193820593407,-0.10193853759324156
1909,0,normal,0.008620760403573513,0.3817584753544104,-2.1093646563281254
1910,0,normal,0.00980282761156559,0.37146499825827867,-4.215980940711233
1911,0,normal,0.013039705343544483,0.37091179403160907,-3.7372109106070184
1912,0,normal,0.012795019894838333,0.3734089094444366,-6.484992723577079
1913,0,normal,0.011772064492106438,0.35628096217773714,-8.902921866464112
1914,0,normal,0.014228715561330318,0.3557330234832045,-11.631115108688846
1915,0,normal,0.02696041390299797,0.3330221210222798,-38.753710571067586
1916,0,normal,0.021645188331604004,0.3287206608292795,-41.597647147584894
1917,0,normal,0.02110484056174755,0.3237532839756217,-41.71333107018222
1918,0,normal,0.012111677788197994,0.31289643864717936,-57.94642431165835
1919,0,normal,0.011456797830760479,0.3130476801809762,-58.36880209315268
1920,0,normal,0.02089463174343109,0.3127779451923179,-58.462262238628
1921,0,normal,0.00802995078265667,0.3124740225541034,-58.57670100639484
1922,0,normal,0.007033939007669687,0.3127443574348194,-58.73013541010005
1923,0,normal,0.0066339969635009766,0.3127765172870688,-58.81482073282791
1924,0,normal,0.006256747990846634,0.31335811493953286,-59.00173929297125
1925,0,normal,0.00679662823677063,0.31312117845638465,-59.06802705580071
1926,0,normal,0.007474854122847319,0.31182033324473724,-59.08815152888769
1927,0,normal,0.064142607152462,0.3142227671406373,-59.316972131072134
1928,0,normal,0.1017681285738945,0.3122244161838732,-59.433811489761865
1929,0,normal,0.06533481180667877,0.31173461055461194,-59.766115705874654
1930,0,normal,0.046419575810432434,0.3122884208622819,-60.032485331360476
1931,0,normal,0.04517078399658203,0.31274472769760797,-60.24175677116091
1932,0,normal,0.043061770498752594,0.3156194775054971,-60.42785905347819
1933,0,normal,0.033826664090156555,0.3140481246710785,-60.64055598709547
1934,0,normal,0.0641133263707161,0.31283801236202247,-60.762161727567445
1935,0,normal,0.00907543022185564,0.31280432340020475,-60.91586379339833
1936,0,normal,0.006230163387954235,0.312479530541178,-61.048095639754365
1937,0,normal,0.00494663929566741,0.3116136296672607,-61.187812435105116
1938,0,normal,0.004527798388153315,0.31204990823494283,-61.34024325735686
1939,0,normal,0.004545292817056179,0.3116770295032313,-61.47589293986607
1940,0,normal,0.013917084783315659,0.313835059435653,-61.699455279692984
1941,0,normal,0.00942298024892807,0.3134776040814919,-61.934027128733305
1942,0,normal,0.005720990244299173,0.3146058709794248,-62.12811781180608
1943,0,normal,0.006943556945770979,0.3150891881522073,-62.3047720853001
1944,0,normal,0.106157585978508,0.31413994278927043,-62.431313024077326
1945,0,normal,0.06927300989627838,0.3146085795141541,-62.638670699756176
1946,0,normal,0.046076998114585876,0.31422724476987074,-62.613023427720464
1947,0,normal,0.041244443506002426,0.31413908983605177,-62.60661163147461
1948,0,normal,0.04610486701130867,0.3143399454442485,-62.577639633942454
1949,0,normal,0.032335251569747925,0.31392096383354084,-62.59632470724159
1950,0,normal,0.07090403884649277,0.31457299197019833,-62.50838565828553
1951,0,normal,0.0074822548776865005,0.31519421960100497,-62.475817322882904
1952,0,normal,0.0058996654115617275,0.31454237652599815,-62.41006915570165
1953,0,normal,0.004908838775008917,0.3133587545671494,-62.263914818152216
1954,0,normal,0.004746630787849426,0.31332684805092076,-62.1186171079994
1955,0,normal,0.0042547183111310005,0.3142964035263201,-61.90179360658476
1956,0,normal,0.0041815852746367455,0.31425770916549595,-61.69302800594846
1957,0,normal,0.00516319926828146,0.31700153691587496,-61.47186037295887
1958,0,normal,0.004874562844634056,0.3157608770526381,-61.4936773367815
1959,0,normal,0.004616538528352976,0.3163593183899008,-61.57600397481974
1960,0,normal,0.005024904850870371,0.31805200064368216,-61.69459553881802
1961,0,normal,0.005334030836820602,0.31489892271205017,-61.85583087103669
1962,0,normal,0.02590622939169407,0.3148088024933751,-62.19622786984951
1963,0,normal,0.020471464842557907,0.3134642792062744,-62.528301844341286
1964,0,normal,0.07340764999389648,0.31379102955220933,-62.616564231608436
1965,0,normal,0.07931666821241379,0.31328155313841355,-62.57555044374135
1966,0,normal,0.015060007572174072,0.3141918895828816,-62.69484929767168
1967,0,normal,0.04117296263575554,0.3145032565481341,-62.72111714988296
1968,0,normal,0.04490501433610916,0.3150019933682148,-62.69853989895296
1969,0,normal,0.07781767100095749,0.3139575744106787,-62.41016101087007
1970,0,normal,8.781723022460938,0.3340808857272139,-29.86594200925515
1971,0,normal,0.060535233467817307,0.3406098558468579,-29.641163282106163
1972,0,normal,1.8916432857513428,0.3440370156433342,-16.96021932321696
1973,0,normal,1.6657058000564575,0.3773162999288281,8.430108074345071
1974,0,normal,0.18466301262378693,0.3771551753697152,9.547754605361206
1975,0,normal,0.6468278169631958,0.3762819280944838,9.321819315514176
1976,0,normal,0.16458550095558167,0.38187272252280097,11.158210992271052
1977,0,normal,0.14787879586219788,0.39485440761366614,12.773950701200647
1978,0,normal,0.13936948776245117,0.3965013307386282,14.463371326749893
1979,0,normal,0.7099603414535522,0.3831504539805221,14.234015156036094
1980,0,normal,0.2573256492614746,0.4034282855412177,16.010982527214765
1981,0,normal,0.5504828691482544,0.3922848748602877,17.814787340697876
1982,0,normal,3.3955702781677246,0.4200238674625715,42.98431398270168
1983,0,normal,0.3742694854736328,0.4267617973222133,44.08655989044405
1984,0,normal,0.6007556319236755,0.42969633761940335,43.82882826683522
1985,0,normal,1.7868320941925049,0.44358863549388,57.74370641913424
1986,0,normal,0.022361455485224724,0.4335505532408084,57.61002048896512
1987,0,normal,0.006119822151958942,0.4259513133150875,57.51859487603565
1988,0,normal,0.004248320125043392,0.43175223385694056,57.28273142959097
1989,0,normal,0.03186037018895149,0.4289837936545198,57.6514621613951
1990,0,normal,0.008074273355305195,0.4434793232427514,58.014252749977004
1991,0,normal,0.005309063475579023,0.42889043331650517,58.477465375516886
1992,0,normal,0.0028351196087896824,0.4246161572827485,58.87389957576397
1993,0,normal,0.005113288760185242,0.4313828679372842,59.491569097168394
1994,0,normal,0.004397222306579351,0.44804776919986644,59.984581362323524
1995,0,normal,0.02023918554186821,0.45448401699777746,60.551950106724235
1996,0,normal,0.008712463080883026,0.42969054919896177,61.29461581260534
1997,0,normal,0.008971894159913063,0.4505134989317965,62.097251056343794
1998,0,normal,0.009331543929874897,0.4431797189965432,62.95329074958022
1999,0,normal,0.014794066548347473,0.433335403872374,63.98732213087533
2000,0,normal,0.030003966763615608,0.4215442670916205,36.0655090782966
2001,0,normal,0.016226593405008316,0.4158540963024791,36.89189121931099
2002,0,normal,0.012181387282907963,0.40251742677368824,24.46944644577934
2003,0,normal,0.0088376859202981,0.38975394395049223,-1.4225867912703052
2004,0,normal,0.00825611874461174,0.39434531039102283,-3.594350691467298
2005,0,normal,0.05863506346940994,0.3784037846702442,-2.6589552578384428
2006,0,normal,0.011213758960366249,0.3819905622229213,-4.6492187657906925
2007,0,normal,0.009703179821372032,0.36717594889852057,-6.574295741078231
2008,0,normal,0.0070958444848656654,0.3576294028817689,-8.498792758633499
2009,0,normal,0.006863799411803484,0.37240153740011656,-7.966872774843523
2010,0,normal,0.007447287440299988,0.3553669339828058,-10.3756247286301
2011,0,normal,0.007840320467948914,0.3520936713357534,-13.019129613715222
2012,0,normal,0.008296613581478596,0.33333080776586627,-40.213143042588854
2013,0,normal,0.0117696113884449,0.32270436248271567,-42.73988908516844
2014,0,normal,0.011464032344520092,0.3241313005580443,-42.54410608546323
2015,0,normal,0.012901333160698414,0.31177315291829705,-58.26888147847944
2016,0,normal,0.03274116292595863,0.31122445604831384,-57.85888693352831
2017,0,normal,0.09616067260503769,0.3163268544862055,-57.99750166715398
2018,0,normal,0.05715170502662659,0.3113234184250791,-58.1691575024397
2019,0,normal,0.031595006585121155,0.3117177811175197,-58.58444070019232
2020,0,normal,0.03576977923512459,0.3140836699685614,-58.90166362335481
2021,0,normal,0.03209881857037544,0.3116506438039443,-59.197726924333665
2022,0,normal,0.0736195370554924,0.31399672498606884,-59.172668204217416
2023,0,normal,0.009987647645175457,0.31341476157986303,-59.326885466687145
2024,0,normal,0.01978539489209652,0.3132085092523532,-59.25214292889109
2025,0,normal,0.01156067755073309,0.31345572172347796,-59.535847283740395
2026,0,normal,0.008224344812333584,0.31248070422237995,-59.75406741466895
2027,0,normal,0.006279963068664074,0.31187235685918285,-59.96063178719032
2028,0,normal,0.005818541161715984,0.3142548181735834,-60.1500085662567
2029,0,normal,0.009649013169109821,0.3106693235168826,-60.23784569412396
2030,0,normal,0.005174050107598305,0.31192405181134414,-60.49831298260301
2031,0,normal,0.007550673559308052,0.31181492218881507,-60.404218187290326
2032,0,normal,0.11988700926303864,0.31337275157279576,-60.44867811687459
2033,0,normal,0.06255767494440079,0.3160790418107024,-60.542046916771824
2034,0,normal,0.04177255928516388,0.3149406199584688,-60.67259234716175
2035,0,normal,0.03921477869153023,0.3143655855497921,-61.08141524582902
2036,0,normal,0.0396551713347435,0.3140173311576395,-61.29538730486615
2037,0,normal,0.019908318296074867,0.31190542832376217,-61.54594264706793
2038,0,normal,0.030435077846050262,0.31154527836705526,-61.56653494267812
2039,0,normal,0.007433736696839333,0.31284237569924495,-61.6210866750298
2040,0,normal,0.006030017975717783,0.3123817800533875,-61.63641938819342
2041,0,normal,0.005129667464643717,0.3128954896283075,-61.63015453264711
2042,0,normal,0.005569936707615852,0.3128783819680256,-61.585445778697704
2043,0,normal,0.005046721547842026,0.3136949766285167,-61.557019776916604
2044,0,normal,0.005374370142817497,0.3133074123228999,-61.497443152648884
2045,0,normal,0.0064065479673445225,0.3144250979142839,-61.40725352787581
2046,0,normal,0.005403936840593815,0.3136149956089064,-61.45857769077179
2047,0,normal,0.009246980771422386,0.31397589825737127,-61.264067596293444
2048,0,normal,0.008275940082967281,0.31404072016854934,-61.11662158945978
2049,0,normal,0.00847124494612217,0.31312332252814173,-60.970470387240994
2050,0,normal,0.07643742114305496,0.3137646095152698,-61.154447491345536
2051,0,normal,0.05255420506000519,0.313114406208266,-61.38298786264636
2052,0,normal,0.031671345233917236,0.31334705747353303,-61.61568947584715
2053,0,normal,0.022081801667809486,0.3123171998967067,-61.74644526941506
2054,0,normal,0.02390785701572895,0.31384657916941266,-61.96375043372814
2055,0,normal,0.02333570271730423,0.3139863578511592,-62.03217936715009
2056,0,normal,0.04860077053308487,0.31208611146177695,-61.81937075858559
2057,0,normal,0.007770140189677477,0.3132683548571896,-61.72735330947057
2058,0,normal,0.006263141520321369,0.313402687627684,-61.603870461589395
2059,0,normal,0.005438540130853653,0.3126735714440679,-61.50133084894378
2060,0,normal,0.016162073239684105,0.31350885494316993,-61.14265492832965
2061,0,normal,0.00807176437228918,0.3142247720859887,-60.85600131831234
2062,0,normal,0.008206447586417198,0.314002267603611,-60.936336888666574
2063,0,normal,0.005703050177544355,0.3142470290130383,-61.02381416915864
2064,0,normal,0.005186157301068306,0.31256155846968847,-61.123265675681296
2065,0,normal,0.005905630998313427,0.3128013973934132,-61.305329805574274
2066,0,normal,0.008817953057587147,0.3124049649683558,-61.44589092688079
2067,0,normal,8.800061225891113,0.331393068520691,-28.961293426685188
2068,0,normal,0.1347091645002365,0.3376733583703718,-29.0099988181164
2069,0,normal,1.7790791988372803,0.34336894782130156,-16.461479924107834
2070,0,normal,3.884660243988037,0.3616983092570455,-17.5449826795259
2071,0,normal,1.0638704299926758,0.36669567500605554,11.377387627466533
2072,0,normal,0.3456042408943176,0.3702637205588203,13.605305151297443
2073,0,normal,0.21173405647277832,0.40020468506067997,16.347918876269432
2074,0,normal,0.8216816186904907,0.39622269502456875,17.617668843416368
2075,0,normal,0.17331475019454956,0.4032888663180609,19.609259443921474
2076,0,normal,0.14102357625961304,0.3966579099279253,21.78728450269159
2077,0,normal,0.6438874006271362,0.40891256272299964,22.1426187234199
2078,0,normal,0.2457447201013565,0.40577530394358796,24.3197635886861
2079,0,normal,0.5666396021842957,0.406268062760894,26.569470025760438
2080,0,normal,2.722283363342285,0.43316668343596415,53.60057742428626
2081,0,normal,0.4226296544075012,0.44382307771458074,52.90567639079086
2082,0,normal,2.1123952865600586,0.4669634305926428,66.90628522205498
2083,0,normal,0.019979016855359077,0.4389013328712876,66.91456691962162
2084,0,normal,0.011642402969300747,0.44209476702241,66.7631776742719
2085,0,normal,0.005015682429075241,0.4430010339873,66.64284082570475
2086,0,normal,0.007251354865729809,0.4281171255085911,66.74040212426826
2087,0,normal,0.010090953670442104,0.44364920327767365,67.01003174894754
2088,0,normal,0.014651876874268055,0.45285181372085925,67.4460711624206
2089,0,normal,0.012077153660356998,0.43335710784719345,67.79888720664985
2090,0,normal,0.028604183346033096,0.44889299474518374,68.48933981473624
2091,0,normal,0.007671457249671221,0.43379513749603693,68.7881958374835
2092,0,normal,0.010226599872112274,0.4558961137191336,69.16457809741473
2093,0,normal,0.008858975023031235,0.46146660394986944,69.82501879072288
2094,0,normal,0.008512691594660282,0.45316322312252927,70.5755324593415
2095,0,normal,0.012234949506819248,0.45381202652931446,71.43949324116284
2096,0,normal,0.013139312155544758,0.4503704269942622,72.4284323179129
2097,0,normal,0.01877712272107601,0.4348761681565774,44.67273127361182
2098,0,normal,0.008757215924561024,0.42599610367900254,45.569659073974435
2099,0,normal,0.006781311705708504,0.4216696772058174,33.27999576507568
2100,0,normal,0.0062982309609651566,0.40014568551426466,34.01731749801593
2101,0,normal,0.007508119102567434,0.3955835012809748,4.561031252871544
2102,0,normal,0.008188989013433456,0.4031368976773777,1.4709151432928138
2103,0,normal,0.006264227908104658,0.37614340039077204,-1.8448473792022924
2104,0,normal,0.008810020983219147,0.37390940135694783,-2.723951569488918
2105,0,normal,0.01866304688155651,0.37778126309879967,-4.548140946951207
2106,0,normal,0.021040838211774826,0.3538886025942184,-7.0899403642556535
2107,0,normal,0.012392849661409855,0.37219503797127435,-7.2501273230768675
2108,0,normal,0.007386980578303337,0.3563966377450038,-10.350247459803086
2109,0,normal,0.010198471136391163,0.34636891702511025,-13.608888481600843
2110,0,normal,0.04749246686697006,0.3221065258994934,-44.050808834303325
2111,0,normal,0.011497864499688148,0.3218068238952428,-43.91164367904571
2112,0,normal,0.007389608770608902,0.31285382726136696,-59.81454304057138
2113,0,normal,0.018796732649207115,0.31129113909347916,-59.60868993769964
2114,0,normal,0.006623911205679178,0.3145573076421608,-59.57887069969229
2115,0,normal,0.006793591659516096,0.3118885033615914,-59.59481926501917
2116,0,normal,0.005731044802814722,0.31205432907985425,-59.73843532240517
2117,0,normal,0.0063384235836565495,0.3123965157355947,-59.894187005541426
2118,0,normal,0.00719083845615387,0.3134958974357381,-60.05906982505894
2119,0,normal,0.006768274586647749,0.311024054782644,-60.2000363537129
2120,0,normal,0.09420628100633621,0.3118380571333271,-60.546348261552794
2121,0,normal,0.04848121479153633,0.3123784939302201,-60.61699804207865
2122,0,normal,0.020111605525016785,0.3129601176755056,-60.71323921612952
2123,0,normal,0.041670724749565125,0.3112418193880449,-60.773647701870914
2124,0,normal,0.03562413528561592,0.3111533567838377,-60.84705685335575
2125,0,normal,0.049537114799022675,0.3111517364803193,-60.890652089534115
2126,0,normal,0.04697597771883011,0.3110851718818446,-60.94928377020278
2127,0,normal,0.025483502075076103,0.31427676050060516,-61.1006643441965
2128,0,normal,0.010588421486318111,0.3127234804227212,-61.18647826765073
2129,0,normal,0.00627793837338686,0.3123844515602735,-61.27288819486762
2130,0,normal,0.005671181250363588,0.3141355917997408,-61.35014774679803
2131,0,normal,0.008280943147838116,0.3114611093763666,-61.486953547570465
2132,0,normal,0.008198730647563934,0.3121042634181977,-61.6454525960703
2133,0,normal,0.0056668962351977825,0.3129102262705743,-61.76393404155783
2134,0,normal,0.004637731704860926,0.31146466798397865,-61.87364070205035
2135,0,normal,0.004881273955106735,0.3126595984126812,-62.02940172874901
2136,0,normal,0.08939845114946365,0.31317674697972914,-62.08813775683757
2137,0,normal,0.06251297146081924,0.31500227154361327,-62.15890589956712
2138,0,normal,0.047289103269577026,0.31688630269555745,-62.248443691325065
2139,0,normal,0.027502525597810745,0.31525144504833086,-62.42533502962442
2140,0,normal,0.027448363602161407,0.3140388394037434,-62.82604142614355
2141,0,normal,0.02424723096191883,0.3142888223767815,-63.07847303230619
2142,0,normal,0.07750874012708664,0.31225360111164774,-62.93781484270653
2143,0,normal,0.012234615162014961,0.3127807001508363,-62.99666955528255
2144,0,normal,0.007920695468783379,0.31306095302977677,-62.901571931225135
2145,0,normal,0.005643635522574186,0.31414358700976525,-62.78038304683628
2146,0,normal,0.005393563769757748,0.31275333035312675,-62.58080659877919
2147,0,normal,0.01824054680764675,0.3145847110579316,-62.173340428770416
2148,0,normal,0.005864162929356098,0.3149411222551037,-61.879044678286164
2149,1,contextual,0.009263894520699978,0.31489907814587775,-61.504462525980216
2150,1,contextual,0.010006122291088104,0.3160376088031719,-61.25453187928315
2151,1,contextual,0.009436646476387978,0.3146627068707311,-61.003712947019494
2152,1,contextual,0.00880856066942215,0.31495387993700386,-60.699411091887896
2153,1,contextual,0.023035448044538498,0.3147406430378149,-60.36470868081733
2154,1,contextual,0.01692831516265869,0.3156186716498548,-60.454431368833866
2155,1,contextual,0.06770847737789154,0.3147821180488882,-60.710273719584166
2156,1,contextual,0.037977177649736404,0.3137483680911259,-61.04263395781459
2157,1,contextual,0.03306835517287254,0.31338452629400837,-61.116523957733534
2158,1,contextual,0.02614571526646614,0.3133586724862275,-61.196463999785465
2159,1,contextual,0.09654926508665085,0.31355562911611157,-60.81483238673536
2160,1,contextual,0.022574983537197113,0.3142718266905319,-60.531752432521216
2161,1,contextual,0.007616814691573381,0.3137346295577437,-60.33467839518994
2162,1,contextual,0.006398624274879694,0.3125573109773604,-60.116870982893715
2163,1,contextual,0.006767644546926022,0.31357917749057673,-59.86311802135265
2164,1,contextual,0.007439204957336187,0.31507852835523825,-59.58429281238182
2165,1,contextual,0.007190728094428778,0.3138106638796693,-59.299997584571884
2166,1,contextual,0.008173991926014423,0.31308840945130595,-59.15817004115752
2167,1,contextual,0.006947890389710665,0.3133063905212909,-59.10460639516782
2168,1,contextual,0.005314372479915619,0.31270708713044937,-59.16560004933626
2169,1,contextual,0.005926142446696758,0.31333774257930574,-59.20206086598864
2170,1,contextual,0.014577537775039673,0.3147224448205963,-59.14844076116606
2171,1,contextual,0.007745272014290094,0.31412385567171563,-59.32899489243823
2172,1,contextual,0.011203075759112835,0.3121419053147473,-59.408454968433944
2173,1,contextual,0.00991126336157322,0.3118982785556464,-59.39736462382962
2174,1,contextual,0.034155480563640594,0.31155123692940545,-59.64957059324888
2175,1,contextual,0.01875651255249977,0.31261079954190124,-59.9030101752503
2176,1,contextual,0.01777278073132038,0.3139999240657984,-60.16340747962386
2177,1,contextual,0.012140313163399696,0.3125902557507515,-60.52032810025071
2178,1,contextual,0.009791864082217216,0.3134571863904354,-60.746798729418515
2179,1,contextual,0.02834387868642807,0.3133977832808616,-60.71656563852821
2180,1,contextual,8.797563552856445,0.33029694370578566,-28.201290489467283
2181,1,contextual,0.09645946323871613,0.3404566294623882,-28.021996906895765
2182,1,contextual,2.0876548290252686,0.33874683269765005,-17.050892817575914
2183,1,contextual,1.5380191802978516,0.3743709949651942,9.952851847775264
2184,1,contextual,0.1894865185022354,0.3690557818455489,11.277919132645366
2185,1,contextual,0.12447749823331833,0.38365381129456344,12.901217061760462
2186,1,contextual,14.075423240661621,0.40549008602250186,67.23440722721057
2187,1,contextual,12.649409294128418,0.44880260989004456,118.27610648615382
2188,1,contextual,0.3302032947540283,0.45528190326359774,119.63735393178115
2189,1,contextual,6.929812431335449,0.4431015023776096,143.8372606409365
2190,1,contextual,0.7003176212310791,0.45363877931842217,144.69436874465794
2191,1,contextual,0.7311537265777588,0.4701548518366778,145.24883214512454
2192,1,contextual,2.0717720985412598,0.4807581496099399,158.11784124765927
2193,1,contextual,0.03722433000802994,0.4707753856595193,158.16798645056053
2194,1,contextual,0.025050649419426918,0.47721458598351946,158.26450396055714
2195,1,contextual,0.01347911637276411,0.47949138886663095,158.21415283394845
2196,1,contextual,0.010610931552946568,0.4710385623430577,158.32520357795806
2197,1,contextual,0.010201213881373405,0.46313731420656495,158.50398453565913
2198,1,contextual,0.011015755124390125,0.47412288232744015,158.84360463429618
2199,1,contextual,0.01241394504904747,0.4596261300498068,159.1739975569269
2200,1,contextual,0.013916046358644962,0.4738890947856836,159.48642601368476
2201,1,contextual,0.015204954892396927,0.4526242923139515,159.89534151919202
2202,1,contextual,0.016142258420586586,0.45272705407317715,160.23361703289345
2203,1,contextual,0.016726205125451088,0.46159288258780873,160.67729819678073
2204,1,contextual,0.017027324065566063,0.461249749151633,161.25549353901795
2205,1,contextual,0.01713608391582966,0.47233975507488574,161.95365414830474
2206,1,contextual,0.017132651060819626,0.48524313382050027,162.65436957553607
2207,1,contextual,0.017075711861252785,0.4743079481324953,163.6577831228003
2208,1,contextual,0.017002485692501068,0.47700339242757034,164.86701106290536
2209,1,contextual,0.016933754086494446,0.46184331106876125,166.0248733189958
2210,1,contextual,0.016877183690667152,0.4571355450335531,140.98895966012935
2211,1,contextual,0.01683836616575718,0.4812472300587908,142.55583327251054
2212,1,contextual,0.01681373454630375,0.4535122433407765,134.61220961192578
2213,1,contextual,0.01677986979484558,0.4289596899369038,109.6702415360702
2214,1,contextual,0.016760241240262985,0.4204066740136586,108.15197951754999
2215,1,contextual,0.016745049506425858,0.4170799624580948,106.55573066535067
2216,1,contextual,0.01675383932888508,0.39967367039854873,53.799217399249756
2217,1,contextual,0.01676039583981037,0.3698133512079079,-1.8179286768206566
2218,1,contextual,0.016785193234682083,0.36294618096057985,-4.568921027755096
2219,1,contextual,0.01688653789460659,0.33535741947744807,-34.6484108743432
2220,1,contextual,0.016920290887355804,0.3312511402385081,-37.27702501302815
2221,1,contextual,0.016950644552707672,0.32758092487829665,-38.39259434901692
2222,1,contextual,0.01691502518951893,0.316716993482755,-54.184741037438016
2223,1,contextual,0.01691502518951893,0.316716993482755,-54.184741037438016
2224,1,contextual,0.01691502518951893,0.316716993482755,-54.184741037438016
2225,1,contextual,0.01691502518951893,0.316716993482755,-54.184741037438016
2226,1,contextual,0.01691502518951893,0.316716993482755,-54.184741037438016
2227,1,contextual,0.01691502518951893,0.316716993482755,-54.184741037438016
2228,1,contextual,0.01691502518951893,0.316716993482755,-54.184741037438016
2229,1,contextual,0.01691502518951893,0.316716993482755,-54.184741037438016
2230,1,contextual,0.01691502518951893,0.316716993482755,-54.184741037438016
2231,1,contextual,0.01691502518951893,0.316716993482755,-54.184741037438016
2232,1,contextual,0.01691502518951893,0.316716993482755,-54.184741037438016
2233,1,contextual,0.01691502518951893,0.316716993482755,-54.184741037438016
2234,1,contextual,0.01691502518951893,0.316716993482755,-54.184741037438016
2235,1,contextual,0.01691502518951893,0.316716993482755,-54.184741037438016
2236,1,contextual,0.01691502518951893,0.316716993482755,-54.184741037438016
2237,1,contextual,0.01691502518951893,0.316716993482755,-54.184741037438016
2238,1,contextual,0.01691502518951893,0.316716993482755,-54.184741037438016
2239,1,contextual,0.01691502518951893,0.316716993482755,-54.184741037438016
2240,1,contextual,0.01691502518951893,0.316716993482755,-54.184741037438016
2241,1,contextual,0.01691502518951893,0.316716993482755,-54.184741037438016
2242,1,contextual,0.01691502518951893,0.316716993482755,-54.184741037438016
2243,1,contextual,0.01691502518951893,0.316716993482755,-54.184741037438016
2244,1,contextual,0.01691502518951893,0.316716993482755,-54.184741037438016
2245,1,contextual,0.01691502518951893,0.316716993482755,-54.184741037438016
2246,1,contextual,0.01691502518951893,0.316716993482755,-54.184741037438016
2247,1,contextual,0.01691502518951893,0.316716993482755,-54.184741037438016
2248,1,contextual,0.01691502518951893,0.316716993482755,-54.184741037438016
2249,1,contextual,0.01691502518951893,0.316716993482755,-54.184741037438016
2250,1,contextual,0.01691502518951893,0.316716993482755,-54.184741037438016
2251,1,contextual,0.01691502518951893,0.316716993482755,-54.184741037438016
2252,1,contextual,0.01691502518951893,0.316716993482755,-54.184741037438016
2253,1,contextual,0.01691502518951893,0.316716993482755,-54.184741037438016
2254,1,contextual,0.01691502518951893,0.316716993482755,-54.184741037438016
2255,1,contextual,0.01691502518951893,0.316716993482755,-54.184741037438016
2256,1,contextual,0.01691502518951893,0.316716993482755,-54.184741037438016
2257,1,contextual,8.811629295349121,0.33460397896010524,-22.030286961034335
2258,1,contextual,0.09972521662712097,0.34367623854885426,-22.399998078618182
2259,1,contextual,2.7695651054382324,0.3531816088112024,4.854551702190747
2260,1,contextual,0.2161456197500229,0.37529000076885294,5.660722888367445
2261,1,contextual,0.10902506113052368,0.38163029930531794,7.0924845766521685
2262,1,contextual,0.1312921643257141,0.37910690207115116,8.350295177788212
2263,1,contextual,0.1520826369524002,0.3887549374522628,9.711346045547998
2264,1,contextual,0.1675618588924408,0.4016861488727482,11.034385181271318
2265,1,contextual,0.13039375841617584,0.39859874594369493,12.518140123840567
2266,1,contextual,0.14276783168315887,0.39595918749359527,13.955316614586991
2267,1,contextual,0.37114518880844116,0.4095088410366852,15.377186045982398
2268,1,contextual,1.093595027923584,0.4064917794607326,16.80794682712667
2269,1,contextual,1.7743401527404785,0.42572728258897186,43.29972432672412
2270,1,contextual,0.3494868278503418,0.43517541096130663,43.17286934665822
2271,1,contextual,0.6898991465568542,0.43680733614690015,42.785461210941776
2272,1,contextual,1.7415854930877686,0.4384194070369581,56.578469821651424
2273,1,contextual,0.017540665343403816,0.43038014981413275,56.218852141014395
2274,1,contextual,0.006142481695860624,0.4499223812337382,55.92803571331751
2275,1,contextual,0.003391952021047473,0.43417321160687844,55.44838561205961
2276,1,contextual,0.012370513752102852,0.4324197352686761,55.11921084354799
2277,1,contextual,0.019728414714336395,0.4307438139927846,55.14338888740053
2278,1,contextual,0.004936301615089178,0.4427593032859315,55.20948238304186
2279,1,contextual,0.0023586167953908443,0.429190283949593,55.15692931305762
2280,1,contextual,0.017373554408550262,0.43995481348828297,55.57525469493544
2281,1,contextual,0.002996024675667286,0.45496158626979444,55.93723767419215
2282,1,contextual,0.012899594381451607,0.4487017181595401,56.3712385479505
2283,1,contextual,0.0044639622792601585,0.4422180049877357,56.87413447195786
2284,1,contextual,0.0063862488605082035,0.4602975164073327,57.663205750809084
2285,1,contextual,0.011355070397257805,0.4386687480064405,58.56972013882705
2286,1,contextual,0.006635605823248625,0.4369341443824471,59.48141786403312
2287,1,contextual,0.047958165407180786,0.4288822739791108,31.071194942823467
2288,1,contextual,0.026651345193386078,0.41002076067530885,32.03822065542681
2289,1,contextual,0.024358674883842468,0.4011410368441068,4.40866587734331
2290,1,contextual,0.021211357787251472,0.393073845630381,1.8875703566493485
2291,1,contextual,0.031033428385853767,0.39583499674553674,-0.06088532514877443
2292,1,contextual,0.00944000668823719,0.38719283624573925,-1.8471597914065114
2293,1,contextual,0.007435559760779142,0.3847797329197291,-3.58167338508224
2294,1,contextual,0.006952942349016666,0.37880070729371107,-5.217516628599014
2295,1,contextual,0.006768995430320501,0.35966777363043284,-6.937155590835573
2296,1,contextual,0.006207168567925692,0.36779140526670273,-9.077587917631718
2297,1,contextual,0.005613880231976509,0.36104423100945265,-11.595124974693817
2298,1,contextual,0.005357635207474232,0.3510123276409887,-14.319254874441413
2299,1,contextual,0.005451477598398924,0.32773996310444686,-44.390455471670066
2300,1,contextual,0.005694929044693708,0.32075070759765634,-45.513862368816035
2301,1,contextual,0.005538775585591793,0.32273880819517897,-45.44148103243151
2302,1,contextual,0.0057130493223667145,0.3117629776686137,-61.314212540056815
2303,1,contextual,0.09221139550209045,0.3118895490565759,-61.396852103719084
2304,1,contextual,0.06407773494720459,0.3113558413054241,-61.48705642480422
2305,1,contextual,0.0573456697165966,0.3132858325724308,-61.561493037093896
2306,1,contextual,0.042090222239494324,0.31137317024318584,-61.651254320098815
2307,1,contextual,0.04254816472530365,0.31130900583535626,-61.88536647278329
2308,1,contextual,0.08121487498283386,0.3122379556721526,-61.895983758524835
2309,1,contextual,0.010283702984452248,0.3123533717975228,-61.97459766021234
2310,1,contextual,0.006787403952330351,0.3121287422945019,-62.18359448666365
2311,1,contextual,0.005658717360347509,0.3111682802035132,-62.23258954124549
2312,1,contextual,0.011284265667200089,0.31178172659637376,-62.19546133969334
2313,1,contextual,0.008610381744801998,0.31196669049659026,-62.046874737695816
2314,1,contextual,0.00768316350877285,0.31192809767800256,-61.88240551238505
2315,1,contextual,0.007062581367790699,0.31190353559435485,-61.74614608633351
2316,1,contextual,0.006381545215845108,0.31259809600993804,-61.56980858311522
2317,1,contextual,0.006088864058256149,0.3124869689009093,-61.388318786826176
2318,1,contextual,0.016443300992250443,0.31525959038564405,-61.08174925859748
2319,1,contextual,0.036024272441864014,0.31475658996462635,-61.179680469495224
2320,1,contextual,0.07992913573980331,0.3139910657983905,-61.27938314079438
2321,1,contextual,0.05476009473204613,0.31300394890196576,-61.39937152237758
2322,1,contextual,0.04259899631142616,0.313399055317903,-61.49234916760429
2323,1,contextual,0.03622216358780861,0.31242532528910416,-61.587296881161365
2324,1,contextual,0.03550993278622627,0.313267000369697,-61.65728282881378
2325,1,contextual,0.03214053809642792,0.31409499158608645,-61.75612974363116
2326,1,contextual,0.0990382581949234,0.31441599535570747,-61.49079838199327
2327,1,contextual,0.008701625280082226,0.3134357492653906,-61.41211437758852
2328,1,contextual,0.005988530348986387,0.3143206511893536,-61.304319896896914
2329,1,contextual,0.005049572326242924,0.3139000161821976,-61.19169246475349
2330,1,contextual,0.0045441752299666405,0.3132230545143356,-61.05992915825573
2331,1,contextual,0.0045731207355856895,0.31289319205114274,-60.871681169747035
2332,1,contextual,0.004417864605784416,0.3139786991417948,-60.67285203167967
2333,1,contextual,0.0047912937588989735,0.3156618908576502,-60.61531039502188
2334,1,contextual,0.005275880917906761,0.3148033046066253,-60.61352531564171
2335,1,contextual,0.004876789171248674,0.3145334409803572,-60.74247520933932
2336,1,contextual,0.00995886605232954,0.31481837314981004,-60.78742603895944
2337,1,contextual,0.09260506182909012,0.31370131949271945,-61.11890791704127
2338,1,contextual,0.06860756874084473,0.3136084738486538,-61.269377675956775
2339,1,contextual,0.012131845578551292,0.31283827311506557,-61.431721611221974
2340,1,contextual,0.020614508539438248,0.31340208043260276,-61.5927050236005
2341,1,contextual,0.01993578113615513,0.31233099070174675,-61.755391283961444
2342,1,contextual,0.08846525102853775,0.3136084451220126,-61.48812149829769
2343,1,contextual,0.016260644420981407,0.31461624039044433,-61.38945819841388
2344,1,contextual,0.006303227972239256,0.3132621502176983,-61.3742481407196
2345,1,contextual,0.005972018465399742,0.312975976023281,-61.29991691272676
2346,1,contextual,0.006339055951684713,0.3133785920303201,-61.165941066347614
2347,1,contextual,0.006079473067075014,0.3139846000510591,-60.99645385594704
2348,1,contextual,0.006294678896665573,0.3138126574165832,-60.87369464994458
2349,1,contextual,0.005769162438809872,0.31346894992556745,-60.596344833996454
2350,0,normal,0.005449573043733835,0.3154740195722676,-60.52059621385365
2351,0,normal,0.005582090467214584,0.3145743242747009,-60.50828169967099
2352,0,normal,0.006402014289051294,0.3140412021478678,-60.52302883467564
2353,0,normal,0.007119322661310434,0.313046358184191,-60.55687636629091
2354,0,normal,0.013123706914484501,0.3143061041239128,-60.539503450840584
2355,0,normal,0.017681794241070747,0.3121954648493877,-60.799905909260815
2356,0,normal,0.009275093674659729,0.3129092543669932,-61.05964079548221
2357,0,normal,0.007120819296687841,0.3116551443448165,-61.13762331690373
2358,0,normal,0.007485486567020416,0.311083690727046,-61.223996538275514
2359,0,normal,0.008022050373256207,0.313558902861808,-61.305280233889334
2360,0,normal,0.008792033419013023,0.31186173105038995,-61.3896756176664
2361,0,normal,0.04044010117650032,0.31115078810336516,-61.084307637994925
2362,0,normal,0.008681378327310085,0.31214980304584916,-60.93368743261135
2363,0,normal,0.007279796991497278,0.3114742040187285,-60.78286572499769
2364,0,normal,0.008306791074573994,0.3114324630630533,-60.594944772993586
2365,0,normal,8.830160140991211,0.32987034082180505,-28.027101768874218
2366,0,normal,0.10626278817653656,0.3383361796130507,-27.723322159532472
2367,0,normal,3.032282590866089,0.35135271651086164,-0.10373460559003433
2368,0,normal,0.18900065124034882,0.3720872675333792,0.1870040148123735
2369,0,normal,0.1398320496082306,0.37374279315597236,1.503999481935125
2370,0,normal,0.13591967523097992,0.3738103158190005,2.9277372962060326
2371,0,normal,0.16699804365634918,0.3858643993673562,4.3577009522027765
2372,0,normal,0.11492258310317993,0.3930978192121783,6.08552691874138
2373,0,normal,0.09542658925056458,0.39115000163883906,8.09528018973856
2374,0,normal,0.15572994947433472,0.3926151466256753,10.056261592141254
2375,0,normal,0.5136620998382568,0.40176757889991443,11.953013169933229
2376,0,normal,2.756071090698242,0.4194802158612086,39.20833528238768
2377,0,normal,0.24615059792995453,0.418710703096839,39.12133702921733
2378,0,normal,0.717801034450531,0.429079520084216,38.78586395140701
2379,0,normal,1.663101077079773,0.42945563528104047,52.697268574904456
2380,0,normal,0.09115489572286606,0.4313028738727343,52.46976622364082
2381,0,normal,0.04654396325349808,0.43017145936207574,52.30228221204243
2382,0,normal,0.036134060472249985,0.43753274386258967,51.888238206733604
2383,0,normal,0.030095359310507774,0.43631630571051616,51.73886554645446
2384,0,normal,0.026065947487950325,0.43230792804626195,51.61703355243117
2385,0,normal,0.023502102121710777,0.4480392766201989,51.690441973854604
2386,0,normal,0.02215583622455597,0.4411883843209727,51.74983954842355
2387,0,normal,0.02180425636470318,0.4276214360895726,51.82666085633514
2388,0,normal,0.022179635241627693,0.4318528324514063,52.11094195619489
2389,0,normal,0.022965606302022934,0.4518843032021716,52.520540395388025
2390,0,normal,0.02385801635682583,0.43512633853421556,52.82800934500847
2391,0,normal,0.02463577315211296,0.4609150070259906,53.13424842984182
2392,0,normal,0.025203632190823555,0.44970339383147234,53.79185971678953
2393,0,normal,0.025567999109625816,0.45245844013233544,54.48867209868308
2394,0,normal,0.02579117938876152,0.43455859861030327,55.24532586654777
2395,0,normal,0.02566584385931492,0.43027986893621645,26.67628936001597
2396,0,normal,0.025811955332756042,0.4271594434991717,27.589399457933496
2397,0,normal,0.025942299515008926,0.40348921855262987,0.08285281858888993
2398,0,normal,0.06350363790988922,0.4021717095280574,-1.2546731437164453
2399,0,normal,0.05136101320385933,0.39453135557066554,-2.8133077018203494
2400,0,normal,0.04115339368581772,0.39294944104231994,-4.420113254130001
2401,0,normal,0.0508960597217083,0.38422814122522214,-5.898837561744585
2402,0,normal,0.04765426367521286,0.3659101034386435,-7.994056337411621
2403,0,normal,0.08910149335861206,0.3716855843215356,-10.36363646538075
2404,0,normal,0.017940029501914978,0.3704944589928024,-13.092390274237232
2405,0,normal,0.00992138497531414,0.35619606033467827,-15.927316090518616
2406,0,normal,0.004957924596965313,0.3328369818980767,-46.46030711997514
2407,0,normal,0.004150371998548508,0.3271012004920698,-47.44049219840349
2408,0,normal,0.004063558764755726,0.3245850325934909,-47.22489471730955
2409,0,normal,0.0043625542894005775,0.31545441052143364,-62.97030061657415
2410,0,normal,0.005269733723253012,0.3163316848280156,-62.86993019197803
2411,0,normal,0.005969441961497068,0.3161269470718024,-62.78917854203905
2412,0,normal,0.009058548137545586,0.3158419672720013,-62.587316727683174
2413,0,normal,0.03881671652197838,0.3169013349395388,-62.58147987950224
2414,0,normal,0.0932164415717125,0.31671734761320625,-62.493186199029424
2415,0,normal,0.06701153516769409,0.31664612021746374,-62.401584455908505
2416,0,normal,0.03151391074061394,0.31536979302729745,-62.387114164689365
2417,0,normal,0.030968744307756424,0.3169706948917059,-62.37532755564598
2418,0,normal,0.02434549108147621,0.3168362972390496,-62.38251607045868
2419,0,normal,0.021821176633238792,0.3168324465378175,-62.39929978414216
2420,0,normal,0.06746839731931686,0.3159818489188988,-62.084133549661374
2421,0,normal,0.010593610815703869,0.31626275893015526,-61.879813219491325
2422,0,normal,0.00539311021566391,0.3147232273974387,-61.71204986594353
2423,0,normal,0.005103668663650751,0.3139636744845176,-61.578940268194174
2424,0,normal,0.008759386837482452,0.3143741019033078,-61.314657385798455
2425,0,normal,0.004639323800802231,0.3132459149952852,-61.18544257030885
2426,0,normal,0.004596990533173084,0.3148973219406771,-61.02262744429004
2427,0,normal,0.006270337384194136,0.31593674227963325,-60.82679899374989
2428,0,normal,0.005151044111698866,0.31604416615460346,-60.90720495079472
2429,0,normal,0.005612799432128668,0.31558011591353113,-61.04186321759653
2430,0,normal,0.005537264980375767,0.3143360539044034,-61.1793711040782
2431,0,normal,0.1031966507434845,0.31481170996397856,-61.47621539446254
2432,0,normal,0.07157854735851288,0.31377960872691907,-61.81618531010213
2433,0,normal,0.044553857296705246,0.31325638857334975,-62.02792216179614
2434,0,normal,0.015075713396072388,0.3133726014046167,-62.24646862901932
2435,0,normal,0.0240006223320961,0.31305920002623433,-62.41851884022185
2436,0,normal,0.019769884645938873,0.3139839362788612,-62.56106040222585
2437,0,normal,0.06752760708332062,0.3131696396972406,-62.273152903069104
2438,0,normal,0.0084472531452775,0.3126887428045405,-62.15135193111905
2439,0,normal,0.02473275363445282,0.3134137439016498,-61.74136169152621
2440,0,normal,0.007873836904764175,0.3133727681753829,-61.407644222222416
2441,0,normal,0.007287682965397835,0.3145173798544322,-61.05673871485146
2442,0,normal,0.00549839623272419,0.3137702647864477,-60.78285820327642
2443,0,normal,0.009604034014046192,0.31450367687580066,-60.4166280293432
2444,0,normal,0.01150281261652708,0.3155785794384399,-60.2613707574651
2445,0,normal,0.006341588217765093,0.3149096691986077,-60.26218004196244
2446,0,normal,0.009827027097344398,0.31495354307640666,-60.1480396610018
2447,0,normal,0.009990543127059937,0.3143985528376735,-60.071007752315836
2448,0,normal,0.01278858631849289,0.31376786699448445,-59.95263598238398
2449,0,normal,0.02516934834420681,0.3132915913773079,-59.69725447566884
2450,0,normal,0.01657879166305065,0.31269769828410926,-59.90403485349111
2451,0,normal,0.058765001595020294,0.3141177331616057,-60.08522151952684
2452,0,normal,0.036407291889190674,0.3130110074964879,-60.247269293345425
2453,0,normal,0.025169964879751205,0.3123117954382368,-60.39335228974687
2454,0,normal,0.023293761536478996,0.31435010931143637,-60.58980114732594
2455,0,normal,0.0925024151802063,0.3143914820235351,-60.21168149318942
2456,0,normal,8.751683235168457,0.33210429652593265,-27.642138214275064
2457,0,normal,0.11152180284261703,0.3401965632461772,-27.267231254414583
2458,0,normal,1.9412147998809814,0.3433348618534291,-14.659291545321139
2459,0,normal,1.68476402759552,0.3749950495689965,10.338923787941667
2460,0,normal,0.18252842128276825,0.3748945539122242,11.428826322116265
2461,0,normal,14.367561340332031,0.4013885591190928,65.38896878516698
2462,0,normal,0.29856377840042114,0.4111709042430394,66.45738813145385
2463,0,normal,13.718092918395996,0.42958351400276357,117.58344465175321
2464,0,normal,0.8447630405426025,0.4433586895523726,117.13842935028435
2465,0,normal,0.483763188123703,0.42301502463160245,118.4783176026649
2466,0,normal,0.5677746534347534,0.43469223782839184,119.84118774661545
2467,0,normal,1.6120916604995728,0.43626991583545605,119.58765534610518
2468,0,normal,1.7674038410186768,0.46063303985294857,144.0166957583857
2469,0,normal,0.47980690002441406,0.4590466817470169,143.2877623743217
2470,0,normal,0.7136481404304504,0.4615919827955459,142.96478351332212
2471,0,normal,1.7756661176681519,0.4774136800608726,155.5564595666882
2472,0,normal,0.021477442234754562,0.4536159211018014,155.32774909254033
2473,0,normal,0.008409499190747738,0.46441754727062873,155.12981245199842
2474,0,normal,0.0065798647701740265,0.46769990936942063,154.7561369021297
2475,0,normal,0.005533977877348661,0.4484482992665189,154.74178485275615
2476,0,normal,0.06629287451505661,0.4795657403375164,154.64499813989823
2477,0,normal,0.03860318288207054,0.4670913009260639,154.6269646995114
2478,0,normal,0.027508782222867012,0.4523761537279509,154.56494669501546
2479,0,normal,0.023620501160621643,0.4590496743509335,154.65739570041296
2480,0,normal,0.02266206033527851,0.4806896011874828,155.04052566403573
2481,0,normal,0.022970424965023994,0.47653745952439597,155.4374926471486
2482,0,normal,0.023827295750379562,0.46587562167999735,155.91280069877553
2483,0,normal,0.024784933775663376,0.4773582914233528,156.65077683792924
2484,0,normal,0.025569189339876175,0.47565889326418165,157.52138644423985
2485,0,normal,0.026078978553414345,0.47805533693057284,158.29344222960992
2486,0,normal,0.026315629482269287,0.45895962863294965,132.5667361877496
2487,0,normal,0.026420626789331436,0.4524420917417115,133.3604865909649
2488,0,normal,0.026426244527101517,0.45024653941989057,122.29432437694118
2489,0,normal,0.026331933215260506,0.4267620708652748,99.05993861893194
2490,0,normal,0.026394860818982124,0.42286692932248277,97.3297979713343
2491,0,normal,0.026510784402489662,0.39957982013830523,44.19356067854051
2492,0,normal,0.026631899178028107,0.3963179654531758,42.25093036135786
2493,0,normal,0.027147265151143074,0.3739298342198121,-13.65656474327102
2494,0,normal,0.027028119191527367,0.36207446079404465,-13.009847259021626
2495,0,normal,0.02728465013206005,0.3604036044088709,-15.425227325180458
2496,0,normal,0.02728382684290409,0.36024996473057236,-18.27112114667966
2497,0,normal,0.026517704129219055,0.35435799328278983,-18.449912696141382
2498,0,normal,0.02479638159275055,0.33012563170858306,-49.03787190713024
2499,0,normal,0.024691011756658554,0.32727047520770464,-48.963408322718806
2500,0,normal,0.024724941700696945,0.32601053179191575,-48.99548577114342
2501,0,normal,0.025468003004789352,0.31521410263485655,-65.05234357797349
2502,0,normal,0.025458641350269318,0.3153351299976662,-65.03493911744044
2503,0,normal,0.025451675057411194,0.315924361468682,-64.9945908661889
2504,0,normal,8.814824104309082,0.33578550713393346,-32.48177017797593
2505,0,normal,0.17877812683582306,0.33896449609726653,-32.139334994597675
2506,0,normal,2.7137813568115234,0.35311670243720455,-3.9488372957264346
2507,0,normal,0.16901236772537231,0.37760986226965515,-3.0440392003054058
2508,0,normal,0.11102355271577835,0.3780237917571474,-1.2723526031768415
2509,0,normal,0.11611653119325638,0.3829695356138938,0.5377662788641828
2510,0,normal,0.13522568345069885,0.3888915593052806,2.4450368682362296
2511,0,normal,0.12038376927375793,0.3992966964849917,4.572648436923828
2512,0,normal,0.09515637904405594,0.39703616666101915,6.841291217558364
2513,0,normal,0.12405719608068466,0.4015492965797781,9.071828425384638
2514,0,normal,0.39606204628944397,0.4116262489591691,11.325147977375991
2515,0,normal,3.113539695739746,0.43009939825511023,38.82118732235631
2516,0,normal,0.33974695205688477,0.43855497144122213,40.399913079086446
2517,0,normal,0.7801012992858887,0.43484508013655887,40.27986043469991
2518,0,normal,1.8289114236831665,0.45281803031588597,54.4047519331541
2519,0,normal,0.024455660954117775,0.4431128959190027,54.420120303216436
2520,0,normal,0.006425179075449705,0.43742456331644664,54.46922191684234
2521,0,normal,0.002654320327565074,0.4485115167816497,54.27666028812155
2522,0,normal,0.0033921997528523207,0.43699741289693556,54.33435225297649
2523,0,normal,0.005887484177947044,0.432659144907419,54.42575831677459
2524,0,normal,0.0053007821552455425,0.44696469889157425,54.60564600535736
2525,0,normal,0.0027901483699679375,0.44437084491563067,54.80155562137179
2526,0,normal,0.0031816703267395496,0.42630361347253687,55.02532617417228
2527,0,normal,0.0033421528059989214,0.43424008157373045,55.47323608375109
2528,0,normal,0.003536821808665991,0.4566949425898445,56.064799418176335
2529,0,normal,0.0038875823374837637,0.44072060057817025,56.58117345678852
2530,0,normal,0.0045487238094210625,0.45811574835009355,57.29760539182075
2531,0,normal,0.004545498639345169,0.44303196198067624,58.238079967313524
2532,0,normal,0.02147762104868889,0.4457142651264637,59.405137698618546
2533,0,normal,0.006142600439488888,0.4391674979920104,60.51082459550162
2534,0,normal,0.015780843794345856,0.42530624964417557,32.58391757216509
2535,0,normal,0.07206091284751892,0.42152926048688766,33.190560472341986
2536,0,normal,0.03356591612100601,0.39807229708532443,5.401055078450327
2537,0,normal,0.030533084645867348,0.40007744421538105,3.5527782273131834
2538,0,normal,0.022010313346982002,0.38923246747443424,1.5170108935383269
2539,0,normal,0.025110771879553795,0.3895710981989365,-0.37772592238388825
2540,0,normal,0.08838097751140594,0.3772424533248858,-1.849678040107392
2541,0,normal,0.016095133498311043,0.3664515300086252,-3.737702971398221
2542,0,normal,0.012536861933767796,0.3698611862434843,-6.054353270735419
2543,0,normal,0.008527254685759544,0.36611931635197814,-8.766776999206513
2544,0,normal,0.009838485158979893,0.3542314192539804,-11.72195406718447
2545,0,normal,0.026862995699048042,0.33024163080478247,-41.87595164693198
2546,0,normal,0.0066322460770606995,0.32449916874592916,-45.17464891427244
2547,0,normal,0.006419065408408642,0.32301603126307277,-44.954165518458694
2548,0,normal,0.013028175570070744,0.3127090367764614,-60.584477404643394
2549,0,normal,0.013498101383447647,0.3144302381857607,-60.31458573646864
2550,0,normal,0.015129417181015015,0.3128547805332158,-60.01535278729557
2551,0,normal,0.01849810592830181,0.3124806222665506,-59.66929628923572
2552,0,normal,6.2005414962768555,0.3225642947127159,-35.61580431368952
2553,0,normal,2.5788838863372803,0.34000961198035956,-26.787885678344537
2554,0,normal,0.5221006274223328,0.32601742715634774,-27.136596150394098
2555,0,normal,2.0105910301208496,0.35338048420090956,-15.03060564783982
2556,0,normal,1.562954306602478,0.37045173093682043,12.400411135914737
2557,0,normal,0.49735456705093384,0.3856767424278032,12.030596165822999
2558,0,normal,0.25559669733047485,0.3895366506079302,14.123041103774767
2559,0,normal,0.19390244781970978,0.3891037032088406,15.724309383890386
2560,0,normal,0.1882198601961136,0.3946260336524359,17.377251345308196
2561,0,normal,0.6705445647239685,0.40057224914198813,17.49332301845402
2562,0,normal,0.19435471296310425,0.393240053140558,19.23330645034821
2563,0,normal,7.219554424285889,0.41324274928756055,44.4877688637398
2564,0,normal,0.4941701889038086,0.42859423771466043,45.553726472056724
2565,0,normal,1.2601412534713745,0.4335710733321992,51.99917099308095
2566,0,normal,1.4149941205978394,0.42240367503076426,59.59082840977544
2567,0,normal,0.03922868147492409,0.43049689794029944,59.498243927849444
2568,0,normal,0.012837857939302921,0.456286740404585,59.387081809097936
2569,0,normal,0.006073268596082926,0.42708471837220274,59.178582461492624
2570,0,normal,0.11417185515165329,0.4172575122426143,58.83466127555698
2571,0,normal,0.06193945184350014,0.4270269832964955,58.70334315960463
2572,0,normal,0.045953571796417236,0.4347282107920151,58.57683529613428
2573,0,normal,0.031433556228876114,0.440688023049998,58.46974496355938
2574,0,normal,0.03256016597151756,0.42684486112579195,58.37943368999822
2575,0,normal,0.07405461370944977,0.40261502584656234,58.41690250182228
2576,0,normal,0.005626724101603031,0.4316238725785299,58.54911580290036
2577,0,normal,0.004128177184611559,0.4229911673963515,58.88055858322741
2578,0,normal,0.0044072214514017105,0.4464251041332618,59.30293114753181
2579,0,normal,0.0037935262080281973,0.4324514167668477,59.71076430843186
2580,0,normal,0.004376227501779795,0.45219409000259675,60.41872720940546
2581,0,normal,0.008041460067033768,0.4306049708262565,61.32206946235033
2582,0,normal,0.00916595570743084,0.4184912209819482,41.59342531740322
2583,0,normal,0.008416636846959591,0.4186981298122153,34.137848856685196
2584,0,normal,0.0053846631199121475,0.4267049404068164,35.34769278380713
2585,0,normal,0.0061322045512497425,0.40859274313182503,23.543698244878897
2586,0,normal,0.006486683618277311,0.3728906448648938,-5.114536992773537
2587,0,normal,0.006905868649482727,0.3840914997805369,-4.820071638620902
2588,0,normal,0.005575081333518028,0.37281756076490963,-7.279978788727703
2589,0,normal,0.00596900237724185,0.35891817652025326,-9.30313461796618
2590,0,normal,0.02318693697452545,0.37271853375063335,-11.571905301034121
2591,0,normal,0.018567252904176712,0.35133010320801006,-11.669105138334544
2592,0,normal,0.01178988628089428,0.3569567495829371,-14.594526509930347
2593,0,normal,0.009954189881682396,0.32522306223319486,-42.23829932233889
2594,0,normal,0.009152175858616829,0.3268646937621551,-44.98456799444989
2595,0,normal,0.007839417085051537,0.3155571534576843,-52.69401842568345
2596,0,normal,0.0442897267639637,0.3129965207055157,-60.6812830842116
2597,0,normal,0.01169371884316206,0.3124089459414593,-60.462614248514
2598,0,normal,0.011079934425652027,0.31347621856579083,-60.192629943661814
2599,0,normal,0.008350769057869911,0.3129884661235596,-59.93370143053062
2600,0,normal,0.007338820490986109,0.3129326792900383,-59.821767409431914
2601,0,normal,8.840855598449707,0.3313699800038363,-27.266501935667293
2602,0,normal,0.07331465184688568,0.3383624063558599,-27.517751354038637
2603,0,normal,2.7903892993927,0.35136710436580665,0.1676743246400747
2604,0,normal,0.7351691722869873,0.3681173119445601,0.48805796327133066
2605,0,normal,0.27932706475257874,0.3671461741399345,3.7286889919823807
2606,0,normal,14.259801864624023,0.38893713382541895,59.778594567092796
2607,0,normal,0.377640038728714,0.4028612923072824,62.61256304195854
2608,0,normal,0.8392987251281738,0.40620811748196745,64.152801732429
2609,0,normal,0.28780511021614075,0.40708669065283964,67.41692021253402
2610,0,normal,0.3470335006713867,0.4069199419690792,70.63915113181247
2611,0,normal,0.8032179474830627,0.4290651005651017,72.64897831598228
2612,0,normal,2.566071033477783,0.425258137991665,73.01865929065161
2613,0,normal,1.1609656810760498,0.45057775146542367,98.98679709913813
2614,0,normal,0.40384700894355774,0.44572594906994,99.94591730790216
2615,0,normal,1.3075878620147705,0.4645906062119575,105.30485507145454
2616,0,normal,1.2534184455871582,0.459141047532658,112.82792495857893
2617,0,normal,0.038830023258924484,0.43705315136802575,112.57253348011977
2618,0,normal,0.017326440662145615,0.472826343680469,112.38221234245736
2619,0,normal,0.013557840138673782,0.45278336033820676,112.21127141150771
2620,0,normal,0.13755857944488525,0.4407227766271575,112.14895543566286
2621,0,normal,0.11650093644857407,0.4528324051859394,112.37545790455692
2622,0,normal,0.08569654077291489,0.46730613066762716,112.65615800724936
2623,0,normal,0.07837866991758347,0.44678087081473483,112.9465657513133
2624,0,normal,0.050698429346084595,0.46279663482614314,113.42038545060961
2625,0,normal,0.036081574857234955,0.47915014364969066,113.96438951111395
2626,0,normal,0.010248715989291668,0.4564150347793777,114.09487783718225
2627,0,normal,0.00966924149543047,0.46430245269667053,114.593845496889
2628,0,normal,0.02644655480980873,0.48170438217008454,115.5470262508968
2629,0,normal,0.004281956236809492,0.44980322841571424,116.46167993015013
2630,0,normal,0.004445754457265139,0.46526010553028624,117.40679186286775
2631,0,normal,0.004388885106891394,0.4585350450940125,90.72992113982446
2632,0,normal,0.0039039093535393476,0.42991053388896106,91.96914777838197
2633,0,normal,0.03567013517022133,0.415602068042918,66.16056623271675
2634,0,normal,0.008944833651185036,0.42603828577223635,65.33503015555243
2635,0,normal,0.006645761430263519,0.4268398936838884,61.930154391681526
2636,0,normal,0.010219266638159752,0.3916739760643415,5.696235856650219
2637,0,normal,0.012621604837477207,0.3810019087390219,2.1949757678012247
2638,0,normal,0.022243989631533623,0.37873441656432527,1.3849694198754605
2639,0,normal,0.014575684443116188,0.3702755824595738,-2.616167004443696
2640,0,normal,0.009156711399555206,0.3751748908447023,-7.008605036041445
2641,0,normal,0.007815251126885414,0.35732473543532467,-10.201759048861959
2642,0,normal,0.009121636860072613,0.3643796770365049,-10.817803700449758
2643,0,normal,0.011835835874080658,0.3331872608240601,-41.58530925901778
2644,0,normal,0.009496642276644707,0.32654997052605866,-44.34635910148904
2645,0,normal,0.04917586222290993,0.3250277493823739,-50.39201345715787
2646,0,normal,0.009608322754502296,0.3151050460275649,-59.53421102897596
2647,0,normal,0.006332711782306433,0.31539357704139925,-59.23993682016021
2648,0,normal,0.00722520099952817,0.31513871480925093,-58.889002421108444
2649,0,normal,0.008890880271792412,0.31807674596441693,-58.48201574417885
2650,0,normal,0.009825306944549084,0.31685583467986395,-58.378163128599454
2651,0,normal,0.024725979194045067,0.31412138317220084,-58.23951957985446
2652,0,normal,0.008363794535398483,0.31518179513368433,-58.33404884676543
2653,0,normal,0.013342264108359814,0.31395139785473514,-58.49130575161303
2654,0,normal,0.030586563050746918,0.31230169069549596,-58.41765797972948
2655,0,normal,0.06147145479917526,0.31371090603689017,-58.841910259543965
2656,0,normal,0.042557843029499054,0.3109115368326394,-59.040184877859474
2657,0,normal,0.028959009796380997,0.3108034534475349,-59.2011943995044
2658,0,normal,0.035660918802022934,0.31361385795263297,-59.27508076647882
2659,0,normal,0.009162097238004208,0.3116023417932526,-59.41315955481036
2660,0,normal,0.043662331998348236,0.31158748335287345,-59.156119717399406
2661,0,normal,0.007771126925945282,0.3138915702079826,-59.155687528450926
2662,0,normal,0.007720284629613161,0.3153425004627737,-59.13445508350446
2663,0,normal,93.1548843383789,0.3221927178525086,245.46761942868977
2664,0,normal,0.12096595019102097,0.3293159964510049,245.46533806321463
2665,0,normal,0.014051353558897972,0.31831890132968815,245.3579341694233
2666,0,normal,0.011951189488172531,0.32378148186981315,245.15279486507825
2667,0,normal,0.00951915793120861,0.3218489579515367,245.02582507906845
2668,0,normal,0.007114232052117586,0.3320616092498481,244.8967299672007
2669,0,normal,0.005838851444423199,0.3196429601199842,244.9890260350412
2670,0,normal,0.005797259975224733,0.3322783128376364,245.07493190314847
2671,0,normal,0.0073308078572154045,0.3169277531441203,245.2001600181726
2672,0,normal,0.010092254728078842,0.3261052452230977,245.3388808046045
2673,0,normal,0.011492555029690266,0.3239667600609244,245.49065743403935
2674,0,normal,0.010919028893113136,0.31557237529667026,245.62024385203256
2675,0,normal,0.02372177504003048,0.32298500099884114,245.68590552494186
2676,0,normal,0.06898817420005798,0.32172312234133843,245.50473199872135
2677,0,normal,0.032845184206962585,0.3211026831600251,245.33489542887412
2678,0,normal,0.028398636728525162,0.3291762090346318,245.1377052132134
2679,0,normal,0.027936309576034546,0.3218620752644865,244.9432275269072
2680,0,normal,0.0831526592373848,0.32371054444342406,245.0455573059636
2681,0,normal,0.014119470492005348,0.32663998987857074,244.9698484822187
2682,0,normal,0.011123459786176682,0.3276237224698233,245.03636350969816
2683,0,normal,0.006216705311089754,0.3245156363163349,245.00900048475182
2684,0,normal,0.00589228980243206,0.32236149876537307,244.9378620273891
2685,0,normal,0.006658105179667473,0.32046252326195224,245.06762879390033
2686,0,normal,0.01633640192449093,0.3229679427411318,245.28167448506997
2687,0,normal,0.005131541285663843,0.32616121746535437,245.33791337356718
2688,0,normal,0.005560596007853746,0.3320017034518479,245.3783124636633
2689,0,normal,0.0059472257271409035,0.3200944040701183,245.43222262054212
2690,0,normal,0.00810215063393116,0.32792477042249896,245.33503505197996
2691,0,normal,0.010672122240066528,0.32371740099558294,245.36670677081838
2692,0,normal,0.006476827431470156,0.3219462099212916,245.34328133597205
2693,0,normal,0.020114213228225708,0.31158316205322545,-59.34354277131524
2694,0,normal,0.023389281705021858,0.3123384795232192,-59.255643267964615
2695,0,normal,0.0072089857421815395,0.3118715496680781,-59.17584408265361
2696,0,normal,0.01709901914000511,0.3113354053543657,-58.97322889423617
2697,0,normal,0.019982635974884033,0.31412050043996204,-59.13874993329932
2698,0,normal,8.768802642822266,0.32792697269637966,-27.017743206079558
2699,0,normal,0.18131206929683685,0.3382503761474638,-26.946079840303355
2700,0,normal,1.989159107208252,0.33257346200980586,-27.25166377211349
2701,0,normal,2.7536559104919434,0.350267613085289,-16.997921463132116
2702,0,normal,1.580369472503662,0.35096794875011966,9.52364976288095
2703,0,normal,0.2858114242553711,0.3730440777866797,11.103636287084328
2704,0,normal,0.15751944482326508,0.38771154213416104,13.290032828291487
2705,0,normal,0.1342061161994934,0.37990182245161,14.763514911112225
2706,0,normal,0.13129054009914398,0.39542644948526423,16.548775429887655
2707,0,normal,0.11261162906885147,0.38641283297240114,18.472263426308018
2708,0,normal,0.10443904250860214,0.39624902664780365,20.456154539255067
2709,0,normal,0.2280482053756714,0.4020808228203443,22.45390318589807
2710,0,normal,4.06624698638916,0.4235433474939203,49.34598286891628
2711,0,normal,0.2640077471733093,0.437347857251592,49.22169817431836
2712,0,normal,1.3555285930633545,0.4421877346574136,55.01628388340123
2713,0,normal,1.2725108861923218,0.44703492171937215,63.11911858309077
2714,0,normal,0.18455038964748383,0.4279659037238229,62.99334285338523
2715,0,normal,0.1014459878206253,0.44324110679109696,62.83397671653279
2716,0,normal,0.050114478915929794,0.43256797857118906,62.5258376989716
2717,0,normal,0.06929094344377518,0.42935271339713404,62.558503608982164
2718,0,normal,0.050968293100595474,0.42366635756197796,62.630121520033754
2719,0,normal,0.017803041264414787,0.45935008079327655,62.59894093942512
2720,0,normal,0.030781932175159454,0.42846986870713927,62.632766809771056
2721,0,normal,0.009335828013718128,0.4385386120714018,62.80386609225684
2722,0,normal,0.006867836695164442,0.4414852637247352,62.97492178026641
2723,0,normal,0.007901164703071117,0.4499623555675867,63.1537317941179
2724,0,normal,0.006627773866057396,0.4498956779455819,63.45878136303418
2725,0,normal,0.005556482821702957,0.4473021087886053,63.99009999872851
2726,0,normal,0.005485753528773785,0.43791761270828417,64.6267166034313
2727,0,normal,0.005381265189498663,0.4477532196197092,65.6738797037126
2728,0,normal,0.0043779658153653145,0.4135355855909115,37.658405502551204
2729,0,normal,0.009995250962674618,0.4231954907970917,38.037338319287755
2730,0,normal,0.055021729320287704,0.4394394091873337,38.56956509839165
2731,0,normal,0.03852099925279617,0.4144244320806653,28.81315212403115
2732,0,normal,0.09631200134754181,0.40556778021559925,2.5530927530405734
2733,0,normal,0.08445311337709427,0.3919182964946759,0.36456007026504267
2734,0,normal,0.0578957162797451,0.3919615842878824,-1.8682171733330506
2735,0,normal,0.05363239347934723,0.3800875744133769,-3.4357700280770587
2736,0,normal,0.05709310248494148,0.3612504054248839,-5.3205025398501675
2737,0,normal,0.01052209921181202,0.3765679000715253,-7.701224075200571
2738,0,normal,0.01753879524767399,0.3632798071388765,-10.597687967478123
2739,0,normal,0.04223058000206947,0.359318640007425,-13.447125000217738
2740,0,normal,0.0059280432760715485,0.33754309140973443,-43.897621386451874
2741,0,normal,0.004348865710198879,0.3287581893549043,-44.756114185031265
2742,0,normal,0.00502044940367341,0.3234990768136788,-51.28313000989829
2743,0,normal,0.0046815332025289536,0.3157671060803309,-60.83393392300559
2744,0,normal,0.0290217287838459,0.3163900138905417,-60.66816280782018
2745,0,normal,0.0075166658498346806,0.31823061392121343,-60.662294225819096
2746,0,normal,0.009797208942472935,0.31955266351996797,-60.521899238253354
2747,0,normal,0.009099284186959267,0.3170249275249444,-60.602310136848246
2748,0,normal,0.029075808823108673,0.3137166778039528,-60.47008391424606
2749,0,normal,0.020244596526026726,0.31272868368845536,-60.137514208999846
2750,0,normal,0.01481705904006958,0.31209003345650893,-60.148814452417355
2751,0,normal,0.011223573237657547,0.3134040685863839,-60.18680266164415
2752,0,normal,0.009646018967032433,0.3149285892435048,-60.22328114097195
2753,0,normal,0.009026782587170601,0.3134239945503962,-60.242900045064516
2754,0,normal,0.00918661244213581,0.31419228343065764,-60.25669795602016
2755,0,normal,0.029602041468024254,0.31358443921399326,-59.96651009546167
2756,0,normal,0.007379607763141394,0.31495906129082457,-59.78539337709299
2757,0,normal,0.00648161768913269,0.3144913402989579,-59.634548434617955
2758,0,normal,0.006529174745082855,0.3138944563192101,-59.43262905588813
2759,0,normal,0.00593502726405859,0.3139050074836525,-59.19403799298402
2760,0,normal,0.008844791911542416,0.3160309873059389,-58.96587872598434
2761,0,normal,0.009120161645114422,0.31563649883825196,-58.73434601355984
2762,0,normal,0.008181762881577015,0.31401564728277803,-58.8181441845702
2763,0,normal,0.017767222598195076,0.31355940212558503,-58.90798073511178
2764,0,normal,0.008522149175405502,0.3117996362653506,-59.086575235898636
2765,0,normal,0.009034642949700356,0.3131700960699549,-59.32067815571213
2766,0,normal,0.00918474979698658,0.3124430715529875,-59.15865047168745
2767,0,normal,0.03353959321975708,0.3119784624736718,-58.745848370578415
2768,0,normal,0.060742758214473724,0.31172459613771736,-58.89563052401104
2769,0,normal,0.03251541778445244,0.31206850605988223,-59.21105285333533
2770,0,normal,0.03329257667064667,0.3115971606000888,-59.452836467622774
2771,0,normal,0.02290450409054756,0.3133351224141847,-59.70235017493337
2772,0,normal,0.06626065820455551,0.3120170993381468,-59.607048489676345
2773,0,normal,0.014039317145943642,0.3129565530371301,-59.62240492961405
2774,0,normal,0.01055629551410675,0.31228441910825977,-59.790387341859514
2775,0,normal,0.0074843717738986015,0.31251674037877547,-59.84259584056463
2776,0,normal,0.010575872845947742,0.3122234088513307,-59.828080324574785
2777,0,normal,0.014296489767730236,0.31366524267160134,-59.7231347121608
2778,0,normal,0.026820732280611992,0.3124171174375229,-59.59091789936633
2779,0,normal,0.006516580004245043,0.3135562547607117,-59.62874643547457
2780,0,normal,0.008194442838430405,0.3127898116699554,-59.423538396004005
2781,0,normal,0.03033129870891571,0.3116522521799977,-58.98690904473574
2782,0,normal,0.006128659006208181,0.31419573106958576,-58.820400735582325
2783,0,normal,0.008447831496596336,0.3121988221939706,-58.66162511551647
2784,0,normal,0.006504862569272518,0.3136542374814151,-58.588331658925426
2785,0,normal,0.0074930209666490555,0.31390554763446593,-58.66707130602617
2786,0,normal,0.006801406387239695,0.3124529423761872,-58.70747451245484
2787,0,normal,0.017739616334438324,0.3119792961058951,-58.57595916529135
2788,0,normal,0.02905249036848545,0.3142874564907547,-58.76598064089171
2789,0,normal,0.017564579844474792,0.3125907716344448,-58.9527735406939
2790,0,normal,0.01582629233598709,0.3125011076052249,-59.1913665019556
2791,0,normal,0.010848545469343662,0.3119516808563419,-59.42283385407336
2792,0,normal,0.009134123101830482,0.3117356358181795,-59.62126440722227
2793,0,normal,0.05488376319408417,0.3127596672511328,-59.44165260282671
2794,0,normal,0.013252400793135166,0.31153005182519516,-59.34723592285991
2795,0,normal,8.820877075195312,0.3330797624416338,-26.99669112430479
2796,0,normal,0.10182051360607147,0.33722300426891877,-26.7884557520988
2797,0,normal,1.7184339761734009,0.33140831719657604,-27.382515559273315
2798,0,normal,1.892366886138916,0.3534842257919584,-2.029567874797067
2799,0,normal,0.5703765749931335,0.3440848269184422,-2.572320754944485
2800,0,normal,0.2599443793296814,0.3652238481997389,-0.35969417545470606
2801,0,normal,0.1705641895532608,0.3686858957099896,2.5221524980725007
2802,0,normal,0.1466921865940094,0.36654493043014347,5.368846167194306
2803,0,normal,0.12027613073587418,0.38567159971027637,8.59544680338604
2804,0,normal,0.114578016102314,0.37263852361494976,11.694674031174827
2805,0,normal,3.4564263820648193,0.39443996419158117,23.78272590060419
2806,0,normal,187.95875549316406,0.4372730564777111,543.7713889308867
2807,0,normal,0.7866306900978088,0.45630235811993125,544.2802451675856
2808,0,normal,1.1982048749923706,0.43448696851755736,543.912224863703
2809,0,normal,4.041742324829102,0.44127007825547454,551.307894113064
2810,0,normal,0.10854271799325943,0.4680232715022198,551.1935889853798
2811,0,normal,0.24408230185508728,0.4368845635083453,551.052310570742
2812,0,normal,0.3355063199996948,0.4477735640658479,550.8842123658442
2813,0,normal,0.37578511238098145,0.46444798776722857,550.8499750980968
2814,0,normal,0.35593074560165405,0.433167812677134,550.9189545004187
2815,0,normal,0.27581170201301575,0.4659432459646841,551.0299616973716
2816,0,normal,0.17534977197647095,0.4602907977036144,551.1461121580703
2817,0,normal,0.16440562903881073,0.42621617943184,551.1899217970424
2818,0,normal,0.09839226305484772,0.44154713390374334,551.322506119158
2819,0,normal,0.05987471714615822,0.4384720058104915,551.4398284166299
2820,0,normal,0.033768896013498306,0.4582388644938942,551.5767118476257
2821,0,normal,0.04308944568037987,0.4621914013161295,551.6827977863022
2822,0,normal,0.03220391273498535,0.4407591294466964,551.8752104187757
2823,0,normal,0.03207288309931755,0.4608359510674168,552.0891675248603
2824,0,normal,0.021204128861427307,0.4377681791176553,552.3987511850056
2825,0,normal,0.015061892569065094,0.4303614401800673,536.9900612354845
2826,0,normal,0.014500063844025135,0.4460646264295131,537.3387796197561
2827,0,normal,0.010336050763726234,0.4277478743586926,538.0296311539781
2828,0,normal,0.011372838169336319,0.41468187946931834,524.8520551011619
2829,0,normal,8.802000999450684,0.4273419059859622,541.7768862473154
2830,0,normal,0.05447956174612045,0.4205692355802366,540.6003253946715
2831,0,normal,1.819383144378662,0.4292314081665159,545.4570137301746
2832,0,normal,1.6597267389297485,0.4433834999306316,556.2673926721764
2833,0,normal,0.19757980108261108,0.4518146691108987,554.9698734071827
2834,0,normal,0.11940895766019821,0.4429768453557394,553.7117037196014
2835,0,normal,0.10884379595518112,0.4454951639656105,548.3884348066165
2836,0,normal,0.10292855650186539,0.4217973874361986,32.33209704606929
2837,0,normal,0.12400614470243454,0.418819013528,32.63917294845896
2838,0,normal,4.411185264587402,0.4041390856744359,50.264862514047536
2839,0,normal,3.3717992305755615,0.43047594707331066,47.84342942002695
2840,0,normal,0.8900507688522339,0.43242140542928154,47.67357851752786
2841,0,normal,0.8922905325889587,0.42808293671394515,48.56866470111413
2842,0,normal,1.6359612941741943,0.42545977019160774,62.416657086498844
2843,0,normal,0.04056907445192337,0.42906297832426565,62.44302953822057
2844,0,normal,0.014078270643949509,0.4525905753678751,62.45456210653674
2845,0,normal,0.0052356719970703125,0.43228432466637245,62.241671154629785
2846,0,normal,0.0063298773020505905,0.4238451061263416,62.220319724769524
2847,0,normal,0.004224005620926619,0.43826844678834237,62.21580914182073
2848,0,normal,0.025468865409493446,0.42995916807765083,62.57271066373369
2849,0,normal,0.0040814620442688465,0.4527902810544013,62.734472771878245
2850,0,normal,0.0038898461498320103,0.4397275838176702,63.003202892803074
2851,0,normal,0.005905681289732456,0.4145308874870291,63.2350717933507
2852,0,normal,0.00569513626396656,0.4327172862201092,63.66102326374585
2853,0,normal,0.009597140364348888,0.4290484352524065,64.25532181316294
2854,0,normal,0.010715695098042488,0.4578227668315722,64.96875934594254
2855,0,normal,0.022195398807525635,0.4410085445868164,65.82676943295996
2856,0,normal,0.021763984113931656,0.44765928464253973,66.59887380188593
2857,0,normal,0.007322048302739859,0.44127220348999463,67.61935795230625
2858,0,normal,0.01010297704488039,0.42426859504939,68.61677030476358
2859,0,normal,0.010754662565886974,0.417139346315279,40.56905158496443
2860,0,normal,0.010691143572330475,0.4307819563402745,41.82367520619255
2861,0,normal,0.011130144819617271,0.4093078927881223,29.993001114216668
2862,0,normal,0.03845139220356941,0.38376603740832826,5.621845885140601
2863,0,normal,0.011464638635516167,0.3860342426278229,3.9052561458863693
2864,0,normal,0.011594117619097233,0.37375627770916603,2.0871592390590195
2865,0,normal,0.009744791314005852,0.3756236219130389,-0.5412899131622453
2866,0,normal,0.008339996449649334,0.366573563966851,-3.5958062140068705
2867,0,normal,0.011395796202123165,0.35721637804193784,-7.539736965338307
2868,0,normal,0.01489128079265356,0.34686960321348864,-27.61082929008444
2869,0,normal,0.013080881908535957,0.32819843656856373,-41.781051437496444
2870,0,normal,0.014797495678067207,0.32645942977015424,-41.96136480127393
2871,0,normal,0.015147419646382332,0.3226608130132241,-43.437005163473714
2872,0,normal,0.018137251958251,0.31402729821495035,-59.40985984154099
2873,0,normal,0.010878005996346474,0.31129273660197426,-59.48155685329448
2874,0,normal,0.009071298874914646,0.31092059049539106,-59.55777751908795
2875,0,normal,0.013891724869608879,0.3118392229752629,-59.6881693998057
2876,0,normal,0.010517526417970657,0.3132030988939121,-59.81391242082532
2877,0,normal,1.7040990591049194,0.3153374136932183,-53.96792982486363
2878,0,normal,0.0868290513753891,0.3167981892574654,-54.228067051106564
2879,0,normal,0.037179477512836456,0.31600800416473696,-54.29984022707936
2880,0,normal,0.023719629272818565,0.3145920314147212,-54.3880708726042
2881,0,normal,0.017302460968494415,0.317925161797421,-54.488269023109524
2882,0,normal,0.014114389196038246,0.3246954244581626,-54.51778033886967
2883,0,normal,0.012114690616726875,0.31551058434646856,-54.56039449882314
2884,0,normal,0.011343728750944138,0.3183947162541285,-54.57897184265039
2885,0,normal,0.01005171425640583,0.3148833671909047,-54.670370603970696
2886,0,normal,0.010085848160088062,0.3220194113553482,-54.524921547258145
2887,0,normal,0.01236704271286726,0.3180383219177687,-54.35933880424386
2888,0,normal,0.025272047147154808,0.31355340766733053,-54.01077875342162
2889,0,normal,0.09327438473701477,0.3163983038034614,-54.10835033758076
2890,0,normal,0.06566549837589264,0.3131031606577359,-54.22456887215958
2891,0,normal,8.675737380981445,0.33193634291788243,-22.248518205615937
2892,0,normal,0.15705862641334534,0.34176974955358025,-22.34584407532475
2893,0,normal,2.001441240310669,0.33420333392905743,-22.913591355316157
2894,0,normal,1.2149465084075928,0.3651532950586358,3.9404772688337744
2895,0,normal,0.18880781531333923,0.3599785617461633,5.005706930538736
2896,0,normal,0.1355222910642624,0.38408630957748724,6.621322045143643
2897,0,normal,14.172136306762695,0.4081255104915693,61.21160437276512
2898,0,normal,0.28508248925209045,0.40750949982934154,62.491905174133535
2899,0,normal,0.179246723651886,0.41975272175761824,64.23927381898648
2900,0,normal,0.20521071553230286,0.40308814953424843,65.97519072182831
2901,0,normal,13.794318199157715,0.4295147278730889,117.7906711777207
2902,0,normal,0.8135108351707458,0.45164015969806015,119.46392092298902
2903,0,normal,3.2389957904815674,0.45329078645108783,144.06984215937962
2904,0,normal,0.2753636837005615,0.46716980890285514,144.27069191929218
2905,0,normal,2.1172351837158203,0.4899384293172947,157.08767010569397
2906,0,normal,0.0876350998878479,0.46638751322574884,156.94826841770657
2907,0,normal,0.07138827443122864,0.4848130396747557,151.8859130486361
2908,0,normal,0.05434023588895798,0.47382558046187856,151.56031612323886
2909,0,normal,0.04920131713151932,0.46631732676534654,151.51884836684292
2910,0,normal,0.06970188021659851,0.455065665147929,151.69207649166617
2911,0,normal,0.028869548812508583,0.46834491683629004,152.02250279690065
2912,0,normal,0.003067796817049384,0.4706434682074784,152.21677541494057
2913,0,normal,0.0020947568118572235,0.455746275575681,152.47005092326492
2914,0,normal,0.002644564490765333,0.4705757413132879,152.7631447469654
2915,0,normal,0.002981406170874834,0.45278551568173064,153.12651454191473
2916,0,normal,0.0034280321560800076,0.48690097894105056,153.65296466563757
2917,0,normal,0.005164997186511755,0.4716087492827138,154.16793274970178
2918,0,normal,0.005910840816795826,0.4740995172676374,154.8713689101545
2919,0,normal,0.010090624913573265,0.4667763465084086,155.90540457057796
2920,0,normal,0.018002236261963844,0.4660596981024521,157.07550767599014
2921,0,normal,0.08686225116252899,0.4480849707173832,131.49281870729646
2922,0,normal,0.07145287096500397,0.46823619772753017,132.1942921531862
2923,0,normal,0.05085192248225212,0.4467564946132427,133.3746563828497
2924,0,normal,0.034662116318941116,0.4339845184251573,108.826495576355
2925,0,normal,0.036040253937244415,0.44461191204550504,107.34500683333044
2926,0,normal,0.09603576362133026,0.4389570869148893,105.8871261108402
2927,0,normal,0.044841233640909195,0.39703802531481924,53.83373089317297
2928,0,normal,0.008326942101120949,0.40409383070312765,52.17432892047941
2929,0,normal,0.006931831128895283,0.3818477321535406,50.33517919085807
2930,0,normal,0.007076157722622156,0.39455392744883566,47.86301547452854
2931,0,normal,0.007447994779795408,0.36461380152921274,-8.543513403189309
2932,0,normal,0.009140342473983765,0.35055643968236516,-11.41803083177183
2933,0,normal,0.00965844001621008,0.32712756446963664,-41.65535522219557
2934,0,normal,0.01048358716070652,0.3266250420036829,-43.0984198879637
2935,0,normal,0.024998418986797333,0.31512559578185995,-59.230470086622745
2936,0,normal,8.849040031433105,0.33624281057119165,-26.818677391903975
2937,0,normal,0.09203740954399109,0.33876336011121594,-26.7682954121658
2938,0,normal,1.887401819229126,0.34414192108137787,-14.515827577651407
2939,0,normal,2.860889434814453,0.36496953814814265,-0.06122241086268332
2940,0,normal,0.32237380743026733,0.36306903396704865,1.8044352727624755
2941,0,normal,0.15046396851539612,0.37027560278565735,3.934601081516348
2942,0,normal,0.09573077410459518,0.3885818034212171,6.2633895908766135
2943,0,normal,0.8439846038818359,0.38908333060023725,6.8382746091031095
2944,0,normal,0.1557898223400116,0.38958344637558445,9.553988194925978
2945,0,normal,0.12145227938890457,0.38780865738612386,12.085452709031415
2946,0,normal,0.27040961384773254,0.4030390747248599,14.210010930240514
2947,0,normal,2.587838649749756,0.40215401013017327,30.99043287489826
2948,0,normal,2.566215991973877,0.4288305231534802,43.17767106326369
2949,0,normal,0.7994452714920044,0.4217907512304321,42.59128185773534
2950,0,normal,1.6573131084442139,0.45334156165160866,56.3933658054973
2951,0,normal,0.033759452402591705,0.44151762762872226,56.362749164912884
2952,0,normal,0.01304758433252573,0.4291183551974599,56.18533636036864
2953,0,normal,0.006429283879697323,0.4415253972813225,55.786715472679134
2954,0,normal,0.0053193834610283375,0.43058779159376154,55.64734164645165
2955,0,normal,0.006114561576396227,0.41884131107840084,55.511841165913665
2956,0,normal,0.008626367896795273,0.44466360106511005,55.6255921150198
2957,0,normal,0.03907470032572746,0.4397494558776139,55.44701367126504
2958,0,normal,0.07531581819057465,0.4225666153521581,55.50042492286343
2959,0,normal,0.03209551051259041,0.4188105766331808,55.67553772768588
2960,0,normal,0.027331864461302757,0.446387640712254,55.914986297791984
2961,0,normal,0.031145477667450905,0.43909605682649644,56.19090989592314
2962,0,normal,0.06966693699359894,0.44675907436714585,56.793715845318275
2963,0,normal,0.03712862357497215,0.43167327542523676,57.686444131459666
2964,0,normal,0.010105559602379799,0.44737274067824384,58.55097571757983
2965,0,normal,0.007481578271836042,0.42786629802285636,59.36538575314148
2966,0,normal,0.007398843765258789,0.41346905415080365,31.124059662619175
2967,0,normal,0.005764838773757219,0.4262577189913293,32.201497955555396
2968,0,normal,0.016863176599144936,0.4019435063324742,20.413305962088543
2969,0,normal,0.005007091443985701,0.39497409607630857,5.485575514162974
2970,0,normal,0.006716901436448097,0.3955332858193185,3.1263475241275955
2971,0,normal,0.006983442232012749,0.3794166576784245,0.629695667345004
2972,0,normal,0.010184542275965214,0.3792469743538137,-1.836192400407299
2973,0,normal,0.014200091361999512,0.3758302378651929,-1.5716872074317507
2974,0,normal,0.01369526144117117,0.37373069197493197,-4.357104929945763
2975,0,normal,0.03849291801452637,0.3740307499096638,-7.20015725488247
2976,0,normal,0.013829248026013374,0.3548504599051429,-10.001049962149182
2977,0,normal,0.04746817424893379,0.3407412765122902,-28.413410454153563
2978,0,normal,0.01702963374555111,0.3241030375646889,-43.16958096407484
2979,0,normal,0.012023014016449451,0.32458612542479015,-43.173092584777805
2980,0,normal,0.009355132468044758,0.31504763760644566,-59.093281672547164
2981,0,normal,0.011948663741350174,0.31542415990097766,-59.16418122472078
2982,0,normal,0.021066294983029366,0.3131843297082906,-59.25230521238359
2983,0,normal,0.027507616207003593,0.3151002334054953,-59.069587072174045
2984,0,normal,0.007848055101931095,0.31200384170712864,-59.02548176501091
2985,0,normal,0.008387895300984383,0.31451869235349295,-58.98877639288162
2986,0,normal,0.006926749832928181,0.3121212770154419,-58.97218441356836
2987,0,normal,0.0067661115899682045,0.3137289262580317,-58.87536068951749
2988,0,normal,8.781164169311523,0.33039972935509326,-26.688382317583773
2989,0,normal,0.05699889361858368,0.34034975381413757,-26.755936330692748
2990,0,normal,2.958557605743408,0.34892750733841943,0.7422679388967026
2991,0,normal,0.19282951951026917,0.37046058389525705,1.230748131504697
2992,0,normal,0.11837095022201538,0.37362626111505803,2.6042045303247505
2993,0,normal,0.09864445775747299,0.375603710059748,4.3092026504139085
2994,0,normal,0.11645476520061493,0.3874370871062896,6.80336186971067
2995,0,normal,0.09556206315755844,0.39396326894567896,9.15985429043576
2996,0,normal,0.0912025198340416,0.3946974786244998,11.689424431856878
2997,0,normal,0.16273579001426697,0.3938680348703001,14.427597528264414
2998,0,normal,0.5009254813194275,0.4054278033103113,17.15386913329121
2999,0,normal,2.859623670578003,0.4215459002599609,45.069180706753286
3000,0,normal,0.38709330558776855,0.42452304261348806,45.02298177524153
3001,0,normal,1.9621185064315796,0.4518596936696801,58.78325350876162
3002,0,normal,0.027100669220089912,0.4307302316639755,58.59211982605302
3003,0,normal,0.010063896887004375,0.43973419261101865,58.22210934527948
3004,0,normal,0.0038184537552297115,0.4403508075124645,57.807870944260685
3005,0,normal,0.0056662349961698055,0.4372554857164641,57.42331744028479
3006,0,normal,0.0061644297093153,0.43787954289288467,57.33281163280594
3007,0,normal,0.006338886916637421,0.4398096231940235,57.176775088500335
3008,0,normal,0.005568915046751499,0.4485583248256439,57.36256282144382
3009,0,normal,0.004744674079120159,0.4433216218440048,57.660859809390104
3010,0,normal,0.004264160059392452,0.4157880937028133,57.89706783879183
3011,0,normal,0.0041768173687160015,0.43853078259765355,58.36529150418801
3012,0,normal,0.0043679336085915565,0.4464708723063577,58.93267939301086
3013,0,normal,0.004694961477071047,0.43895912656558417,59.34339082132192
3014,0,normal,0.005043708719313145,0.45114634000815096,59.989327219283496
3015,0,normal,0.005349067039787769,0.4479469960530988,60.88280367421612
3016,0,normal,0.005585694685578346,0.44789423568523934,61.80506421769314
3017,0,normal,0.0057531981728971004,0.4290553695559317,62.790803447788676
3018,0,normal,0.005920156370848417,0.4268080208543352,34.7085736199283
3019,0,normal,0.0059799146838486195,0.4097416474304229,36.04945572589418
3020,0,normal,0.006011507473886013,0.4012128118239184,9.137144748806122
3021,0,normal,0.006035136990249157,0.4062818071781901,7.669914392914961
3022,0,normal,0.006047023925930262,0.38102645460257845,6.001386610827694
3023,0,normal,0.006049200426787138,0.3795109494696502,3.995909302646851
3024,0,normal,0.006040970794856548,0.38301280694302525,1.3277403941942794
3025,0,normal,0.006100427359342575,0.3604142914648126,-1.4596380667810536
3026,0,normal,0.006050284951925278,0.3769409226367297,-4.7762532960502995
3027,0,normal,0.006069146562367678,0.3591598428037313,-8.73998652053615
3028,0,normal,0.006113293580710888,0.34698283397349344,-12.985895776356529
3029,0,normal,0.006184934638440609,0.32591344716062254,-44.87813162862403
3030,0,normal,8.774287223815918,0.3379126348813443,-14.073338065898724
3031,0,normal,0.07281859219074249,0.33634658584470534,-29.439692658369268
3032,0,normal,1.886120319366455,0.34023593406176733,-16.970141936410528
3033,0,normal,1.7200486660003662,0.36905947959040214,8.139843552326056
3034,0,normal,0.180379718542099,0.37027821445653414,9.276119166244825
3035,0,normal,0.11878150701522827,0.37590064264595646,10.906537353577733
3036,0,normal,0.8349814414978027,0.3803073338602374,10.748774379928818
3037,0,normal,0.1966058611869812,0.39224499367453436,12.361033967367803
3038,0,normal,0.1638089269399643,0.3998106007077392,14.232548043272573
3039,0,normal,0.6604287028312683,0.3776103007435814,14.201029896696127
3040,0,normal,0.2486112266778946,0.40030584066472313,16.078922341550424
3041,0,normal,0.9823813438415527,0.3925463922778096,16.094730694134114
3042,0,normal,2.6296162605285645,0.41461327734104547,43.10487297071313
3043,0,normal,0.40829411149024963,0.41812743360180626,44.20829434722668
3044,0,normal,0.5627299547195435,0.43594630165146747,43.89827298286309
3045,0,normal,1.9111577272415161,0.43694491219553494,57.98458536553744
3046,0,normal,0.020166942849755287,0.4330576401601898,57.79694375955614
3047,0,normal,0.006425249390304089,0.42608682898300165,57.65373922069216
3048,0,normal,0.0045801810920238495,0.4276010481348124,57.359631372949934
3049,0,normal,0.005253085400909185,0.42594414955008325,57.263449341714704
3050,0,normal,0.02852565236389637,0.440663265007544,57.56503198727523
3051,0,normal,0.015892285853624344,0.4329404387072111,57.979064159246946
3052,0,normal,0.003961548674851656,0.4175544429050945,58.096471561670796
3053,0,normal,0.0025218273513019085,0.42977043768050444,58.441097933604624
3054,0,normal,0.003211136907339096,0.44243539356980327,58.86288309499332
3055,0,normal,0.004154990892857313,0.44546560367498095,59.366401466385014
3056,0,normal,0.004957337398082018,0.4259891965077018,59.927851289148066
3057,0,normal,0.005687732715159655,0.4466536904320904,60.75757444322289
3058,0,normal,0.01450484897941351,0.445724877694664,61.796296228030315
3059,0,normal,0.005465594585984945,0.43219887880578606,62.77684763144748
3060,0,normal,0.009135071188211441,0.4184178102846564,34.58622422500571
3061,0,normal,0.12265471369028091,0.41910739163362626,35.383611234359705
3062,0,normal,0.08522920310497284,0.40112278134779517,23.030050627986384
3063,0,normal,0.05438990890979767,0.3818336620898593,-2.9311787750307303
3064,0,normal,0.047344423830509186,0.3869073895689758,-5.051061055522041
3065,0,normal,0.043006084859371185,0.3837339487593858,-7.3679243226981725
3066,0,normal,0.0394853837788105,0.37872607308937933,-6.711152472085814
3067,0,normal,0.04264577850699425,0.37019725881082466,-8.679424606523071
3068,0,normal,0.00968038011342287,0.3660738380836548,-10.777974345671055
3069,0,normal,0.006923090200871229,0.36577370779050755,-10.397170846123572
3070,0,normal,0.006997512187808752,0.35848937125587066,-13.105657559042811
3071,0,normal,0.007229933049529791,0.35510033556034293,-13.032477633807957
3072,0,normal,0.013595548458397388,0.3286183949662263,-43.28159662464168
3073,0,normal,0.007137896493077278,0.3231671240073718,-46.01485103946334
3074,0,normal,0.006258593872189522,0.3233655040780172,-46.10455654370867
3075,0,normal,0.006078795529901981,0.31209487137882447,-62.122817751594994
3076,0,normal,0.005371502134948969,0.3146967504468607,-62.13771025608071
3077,0,normal,0.011201993562281132,0.3135285855325104,-62.01062691587754
3078,0,normal,0.03510378301143646,0.31468476146366503,-61.61587178992477
3079,0,normal,0.012374777346849442,0.314782640256072,-61.36128636382273
3080,0,normal,0.007153230719268322,0.3128420600572133,-61.38249088642283
3081,0,normal,0.007034186273813248,0.3121086724503712,-61.407388244501135
3082,0,normal,0.021953389048576355,0.312310049980147,-61.069528681295424
3083,0,normal,0.0295601487159729,0.31444988449910943,-61.1602800630194
3084,0,normal,0.02271990105509758,0.3142218587387018,-61.25604519005424
3085,0,normal,0.014834783971309662,0.3148303282171568,-61.33289444812476
3086,0,normal,0.024414952844381332,0.3143516485332183,-61.407114066204485
3087,0,normal,0.020500188693404198,0.31335263550555914,-61.305905065732304
3088,0,normal,0.01045073289424181,0.3134567114808396,-61.23486767266604
3089,0,normal,0.007604047656059265,0.3135458336142861,-61.06514504300935
3090,0,normal,0.006549390964210033,0.3140368597659287,-60.904920452424676
3091,0,normal,0.006001543253660202,0.31358601324017654,-60.8735515863425
3092,0,normal,0.005700425710529089,0.3143573732309004,-60.93418440696723
3093,0,normal,0.005570243112742901,0.3145801602158263,-61.01863043915478
3094,0,normal,0.005555198527872562,0.31286642803355147,-61.15363467050338
3095,0,normal,0.005605977028608322,0.31383484290246316,-61.32162977294706
3096,0,normal,0.005685531068593264,0.31054247300517723,-61.50615613065315
3097,0,normal,0.005769836250692606,0.3103268693897933,-61.439887853070104
3098,0,normal,0.005846671760082245,0.31044036182303175,-61.36567997098041
3099,0,normal,0.005910721607506275,0.3127107858604318,-61.291360367072
3100,0,normal,0.0059611075557768345,0.310144388196854,-61.225896725173925
3101,0,normal,0.005999116692692041,0.3105282960239054,-61.223210071892936
3102,0,normal,0.006027232855558395,0.3104193753342773,-61.171248916146624
3103,0,normal,0.006047298666089773,0.311106501602622,-61.137964714799864
3104,0,normal,0.006785327568650246,0.3114550265292077,-61.09369524577028
3105,0,normal,0.007544958032667637,0.31059516271211857,-61.03624477539279
3106,0,normal,0.006507048849016428,0.3117334831092882,-61.0045077762029
3107,0,normal,0.008141121827065945,0.31169111494843194,-60.99638908716997
3108,0,normal,0.005986296106129885,0.31069340508297694,-61.19608787725292
3109,0,normal,0.09935455024242401,0.31113038614367405,-61.41829982880063
3110,0,normal,0.05139273777604103,0.31185406784792336,-61.59875537190146
3111,0,normal,0.03642445430159569,0.31075977108936775,-61.76436167369707
3112,0,normal,0.028296586126089096,0.31146677162166975,-62.0352582566868
3113,0,normal,0.024625128135085106,0.312135183114426,-62.09091704532807
3114,0,normal,0.023969367146492004,0.312191295103554,-62.169861808997894
3115,0,normal,0.07733474671840668,0.31038896795298215,-61.884237407795126
3116,0,normal,0.016914047300815582,0.31097233625493503,-61.74841132545839
3117,0,normal,0.008322049863636494,0.3107365811593964,-61.63544535106712
3118,0,normal,0.0062253521755337715,0.3114526950047258,-61.536907930533744
3119,0,normal,0.027055315673351288,0.3114526950047258,-61.17444809435915
3120,0,normal,0.00813609641045332,0.3117493229504078,-60.982611036680055
3121,0,normal,0.009557929821312428,0.31222337381247034,-60.77947703185828
3122,0,normal,0.006857289467006922,0.3127488528370069,-60.6318310537813
3123,0,normal,0.008118518628180027,0.3148916579611858,-60.48358807028012
3124,0,normal,0.007220893166959286,0.3120737234113912,-60.36657669349165
3125,0,normal,0.005751185119152069,0.3127412678508525,-60.320409048431884
3126,0,normal,0.00656917504966259,0.3127026158015123,-60.2857767291373
3127,0,normal,8.789870262145996,0.33399292869532854,-27.81304997251118
3128,0,normal,0.10334402322769165,0.3407367012822189,-27.907333697566855
3129,0,normal,1.9388608932495117,0.3334494302896311,-28.317630198181178
3130,0,normal,1.1643855571746826,0.36116860516757165,-1.075330385197276
3131,0,normal,0.6242096424102783,0.35081041508264255,-1.2015065793561917
3132,0,normal,0.22866614162921906,0.37721956548200136,1.0048575598038951
3133,0,normal,0.1504431515932083,0.37433381984429354,3.4630544175943214
3134,0,normal,0.7765892148017883,0.3700355901817643,3.3413565545081383
3135,0,normal,0.2216801941394806,0.38921155429718307,5.4077506084713605
3136,0,normal,0.15267474949359894,0.37612237026540674,7.377744460035501
3137,0,normal,7.083755970001221,0.39943465059329697,34.59059040082684
3138,0,normal,0.5767531991004944,0.41749917024794614,34.006413878063995
3139,0,normal,0.6743703484535217,0.41740044352155536,34.47064799069244
3140,0,normal,1.9134079217910767,0.41664443210087376,48.84092154769496
3141,0,normal,0.030120786279439926,0.4100141998538209,48.85963702614822
3142,0,normal,0.01342573668807745,0.4373533372615128,48.8992039816369
3143,0,normal,0.029431099072098732,0.42096796987943413,48.885577233169215
3144,0,normal,0.0018096795538440347,0.4185798937413761,48.723571653015824
3145,0,normal,0.05918959900736809,0.4241262276595012,48.45869721410713
3146,0,normal,0.03250209242105484,0.4145726460726443,48.3470225693477
3147,0,normal,0.023434553295373917,0.425885032135716,48.20612391342161
3148,0,normal,0.012078512459993362,0.4272365019594197,48.197392461920344
3149,0,normal,0.07567048817873001,0.39963068429340143,48.477909439214045
3150,0,normal,0.014889025129377842,0.4336197648580909,48.817066133799244
3151,0,normal,0.006802919786423445,0.405468845275762,49.12914179346217
3152,0,normal,0.00848806370049715,0.4384160833162443,49.64754643506126
3153,0,normal,0.006982177495956421,0.4226646061499825,50.078787592538674
3154,0,normal,0.03189881145954132,0.42725667479993634,51.00355593532527
3155,0,normal,0.007956506684422493,0.4394410613611349,51.91734656892345
3156,0,normal,0.008565520867705345,0.40936662966690174,52.88185761015734
3157,0,normal,0.037506964057683945,0.40623350396327124,24.61732453219429
3158,0,normal,0.010851741768419743,0.41415027860338977,25.666487768985462
3159,0,normal,0.011205031536519527,0.41020765588884917,27.064806327170118
3160,0,normal,0.010411124676465988,0.3871179714698013,-0.5989713755220691
3161,0,normal,0.009421573020517826,0.382531582496128,-0.47041693101095916
3162,0,normal,0.010124278254806995,0.3806863037011409,-2.9328414177055038
3163,0,normal,0.01206364668905735,0.3619489311507284,-5.584435653042647
3164,0,normal,0.03063911572098732,0.36970538772973455,-5.000161986513831
3165,0,normal,0.07137447595596313,0.36642625500858844,-7.883214159294994
3166,0,normal,0.04447588697075844,0.35999335141064015,-10.942650513160515
3167,0,normal,0.031702037900686264,0.3290395129025764,-41.30084117051547
3168,0,normal,0.02652656100690365,0.329349973597256,-41.32335637950473
3169,0,normal,0.10000059008598328,0.32441497937118163,-42.11907083798201
3170,0,normal,0.021160030737519264,0.31219745329896004,-57.97105395654171
3171,0,normal,0.011948411352932453,0.3147007652669441,-57.93403484119267
3172,0,normal,0.012811352498829365,0.3128588083180594,-57.7956010654641
3173,0,normal,0.006317061837762594,0.3123339545348977,-58.00907089553357
3174,0,normal,0.00529485335573554,0.3148726895053227,-57.97549867328962
3175,0,normal,0.005353027489036322,0.3119824769299655,-58.00487450807054
3176,0,normal,0.006905133370310068,0.3138222506765321,-58.117501007336614
3177,0,normal,8.781834602355957,0.3318251264887898,-26.025320321253957
3178,0,normal,0.05348825827240944,0.33826553556124783,-26.25301521413735
3179,0,normal,1.9098255634307861,0.33355660819110683,-27.057347987003595
3180,0,normal,1.2064388990402222,0.3591928268737501,-0.11718870162644635
3181,0,normal,0.19805237650871277,0.3548262499442746,1.021602770807931
3182,0,normal,0.13063634932041168,0.38182186174824173,2.5775044578992947
3183,0,normal,0.1096341609954834,0.38267944315737523,4.571017911988065
3184,0,normal,14.291548728942871,0.39773587385626047,59.69137729401882
3185,0,normal,12.794266700744629,0.4524749561756336,112.25590975068974
3186,0,normal,0.3798188269138336,0.43350795104656,114.24694694066875
3187,0,normal,0.3239283263683319,0.42366800482235845,116.23067117975143
3188,0,normal,0.6392654776573181,0.4303159882140048,118.1675199064673
3189,0,normal,1.5221138000488281,0.4471638826556097,120.49499454357453
3190,0,normal,1.4953466653823853,0.4685856338288436,145.62905955866665
3191,0,normal,0.4956880509853363,0.4721648175101991,145.1157055303163
3192,0,normal,1.8483054637908936,0.5071854201124039,157.6276888141358
3193,0,normal,0.044947702437639236,0.46501001877897,157.5111538476358
3194,0,normal,0.018598560243844986,0.4762856523124772,157.13693996710253
3195,0,normal,0.05732925608754158,0.4949909622264566,156.92889579817188
3196,0,normal,0.04894714057445526,0.45857181331744173,156.84465302285855
3197,0,normal,0.03913620486855507,0.4713404227210881,156.7665198250312
3198,0,normal,0.10197416692972183,0.46815441663022034,156.8924475281458
3199,0,normal,0.06620830297470093,0.45821572179582454,156.83411179092025
3200,0,normal,0.05265180394053459,0.4724096225782393,157.0365802216437
3201,0,normal,0.017368359491229057,0.47433275110861534,157.155011470698
3202,0,normal,0.01834033988416195,0.49464811741350573,157.43100221797783
3203,0,normal,0.07181321084499359,0.48742461301285056,158.07650807902257
3204,0,normal,0.010691930539906025,0.47583516967876555,158.87139582066595
3205,0,normal,0.004555657040327787,0.48891269200140797,159.86254127057623
3206,0,normal,0.004647612106055021,0.458994628947536,161.0493963677219
3207,0,normal,0.005461819004267454,0.46413839928562345,135.9065033604021
3208,0,normal,0.0044784387573599815,0.46421310292786067,137.17935517317017
3209,0,normal,0.004131476394832134,0.4661010508529484,138.61046585029737
3210,0,normal,0.0055195544846355915,0.44509466240346374,114.33792740738568
3211,0,normal,0.006609028205275536,0.43079171240324465,112.85699835543994
3212,0,normal,0.007584017235785723,0.44836308323380203,111.4886438226439
3213,0,normal,0.007438445929437876,0.4209394153656346,109.68308166520228
3214,0,normal,0.014186601154506207,0.40056808844672764,56.68754648815184
3215,0,normal,0.01572556234896183,0.38430852840349466,0.7374871511385663
3216,0,normal,44.94447708129883,0.36377838148367597,148.1687946577739
3217,0,normal,39.29825973510742,0.38676019143525375,275.9254607086224
3218,0,normal,0.10751936584711075,0.3724581565159713,273.14174901466015
3219,0,normal,0.09874850511550903,0.3617535090807465,270.0535542193394
3220,0,normal,0.23487825691699982,0.32685023551596154,246.6117632608316
3221,0,normal,42.78950500488281,0.3328483741317962,363.78957105461154
3222,0,normal,0.4613359272480011,0.31884673716939754,353.65173116192955
3223,0,normal,0.17647406458854675,0.31400736553864067,354.0101755920475
3224,0,normal,0.0519309900701046,0.3275317064113025,354.1986161378368
3225,0,normal,0.03538617119193077,0.3173224804134778,354.36051712797143
3226,0,normal,0.02367803081870079,0.3251542933731143,354.5364011124675
3227,0,normal,0.01662295311689377,0.3247989947047069,354.6507420159983
3228,0,normal,0.0139971524477005,0.32294585149493005,354.5921531080429
3229,0,normal,0.012259308248758316,0.3186812915852286,354.53543342284877
3230,0,normal,0.016054445877671242,0.31376879913590433,354.510635170618
3231,0,normal,0.0118376724421978,0.3152237072233701,354.41034042711226
3232,0,normal,0.010418479330837727,0.3231072608727755,354.2848811048026
3233,0,normal,0.011855400167405605,0.3131278991436502,354.2222709852191
3234,0,normal,0.04892260581254959,0.3171372324106246,354.07774504326176
3235,0,normal,8.698587417602539,0.33100296245338673,374.9949890600283
3236,0,normal,0.09937573224306107,0.34085088364754984,374.89303000387645
3237,0,normal,2.739675998687744,0.3622255333451901,392.90476484115845
3238,0,normal,0.22696535289287567,0.37510122322296646,393.68508425119956
3239,0,normal,0.1135634332895279,0.3757577217395588,394.97027256596823
3240,0,normal,0.09533348679542542,0.38296518927381906,396.35500430819206
3241,0,normal,0.1446799486875534,0.3928813948131468,397.3881967030085
3242,0,normal,0.14522603154182434,0.39671940000638806,398.50311802175827
3243,0,normal,0.12263872474431992,0.39680426053141044,399.6893410292537
3244,0,normal,0.12542131543159485,0.3919782873724302,400.83377230422457
3245,0,normal,0.31672608852386475,0.41044827994582794,402.06298288939263
3246,0,normal,0.9765325784683228,0.40588440136799786,291.91890048037783
3247,0,normal,46.770164489746094,0.42933593672065645,312.1087300139874
3248,0,normal,0.6485747694969177,0.43648995876473606,311.54329998533956
3249,0,normal,1.4932990074157715,0.43892630208227057,315.8411514296764
3250,0,normal,1.4905790090560913,0.4383510325238806,322.1216941367759
3251,0,normal,0.04177579656243324,0.4296247065275275,198.3250725402968
3252,0,normal,0.11031322181224823,0.44578726587149753,198.04979810622058
3253,0,normal,0.08487515151500702,0.4325882708048775,197.65545515896656
3254,0,normal,0.07334215939044952,0.44423978647474194,197.51955075443936
3255,0,normal,0.045713406056165695,0.4353191837571194,197.4353535369611
3256,0,normal,0.036766063421964645,0.45489244662797573,197.42725697225194
3257,0,normal,0.082867830991745,0.4236459552690224,197.76649802708494
3258,0,normal,0.014564082026481628,0.44735113569220186,198.21924071629883
3259,0,normal,0.016040710732340813,0.46547567405236867,198.8742498568996
3260,0,normal,0.01272174995392561,0.44529829525060777,199.43629770808639
3261,0,normal,0.011773480102419853,0.4496269682754769,200.25238637979942
3262,0,normal,0.009175220504403114,0.46338177821706056,201.26354123803787
3263,0,normal,0.011057248339056969,0.4372152128268347,202.28953100136732
3264,0,normal,0.03473182022571564,0.4485792911201591,203.56153566672276
3265,0,normal,0.00693600345402956,0.43306212627631996,179.40811161195768
3266,0,normal,0.0224981177598238,0.41837901840808683,180.61047748576289
3267,0,normal,0.006341948639601469,0.40365833394630424,156.94370871341494
3268,0,normal,0.007193158846348524,0.40067478349938834,154.88628925024045
3269,0,normal,0.008724410086870193,0.40078858587061067,152.99885884002776
3270,0,normal,0.010794716887176037,0.3833838861460663,150.8980471165611
3271,0,normal,0.011383228935301304,0.37957839873979915,149.44094367011667
3272,0,normal,0.011277417652308941,0.38247633793586605,148.043117856732
3273,0,normal,0.021268470212817192,0.3611613925331146,146.6105460429527
3274,0,normal,0.02018415369093418,0.37667666550340967,144.5048380667605
3275,0,normal,0.011149724945425987,0.3567400932746014,142.07632752682446
3276,0,normal,0.010988788679242134,0.3612947826456909,139.39374881887954
3277,0,normal,0.010080859996378422,0.3249521856785525,-42.763145571564564
3278,0,normal,0.051098547875881195,0.3269607368577156,-42.33652442229345
3279,0,normal,0.017163816839456558,0.31939467251234727,-48.474537966783146
3280,0,normal,0.008589771576225758,0.3131350199013746,-57.93187206255175
3281,0,normal,0.0064492435194551945,0.3145108003914435,-57.920209830008616
3282,0,normal,0.005647031590342522,0.31209638388444727,-57.9131049666787
3283,0,normal,0.005810063797980547,0.3147025330939631,-57.91830216270091
3284,0,normal,8.789822578430176,0.3319185679453593,-25.751667750724437
3285,0,normal,0.0543261393904686,0.3387666459973922,-25.86814949595987
3286,0,normal,1.8742517232894897,0.33333662554571697,-26.344040921185297
3287,0,normal,1.2840131521224976,0.3587104610148956,0.7198319096128216
3288,0,normal,0.36058351397514343,0.3530260089932033,2.9801280220799526
3289,0,normal,0.18617941439151764,0.38280110369027376,5.61082731889951
3290,0,normal,0.12318515032529831,0.3857972439335718,8.494347586249432
3291,0,normal,0.1092669740319252,0.37887030939632915,10.994408845072712
3292,0,normal,0.16064348816871643,0.4050638706808481,14.537780311283313
3293,0,normal,0.8510082364082336,0.3843182234228385,14.693569601961599
3294,0,normal,0.1757987141609192,0.40116534606348536,16.584477530872846
3295,0,normal,0.3254493474960327,0.3976457387385867,18.70878677753126
3296,0,normal,3.5762779712677,0.4252274938125331,45.77314297936368
3297,0,normal,0.4652124345302582,0.4283711672383817,44.998514046423
3298,0,normal,1.9818922281265259,0.44791615368595605,58.83533517511273
3299,0,normal,0.028446506708860397,0.44114630752812556,58.764927497564486
3300,0,normal,0.011531427502632141,0.4362065200769595,58.519239235019086
3301,0,normal,0.0036761153023689985,0.4360391407922372,58.23280627679469
3302,0,normal,0.004685566760599613,0.42733561765555017,58.17706584790608
3303,0,normal,0.14839822053909302,0.435587360335914,58.093333002561394
3304,0,normal,0.0840941071510315,0.4459174730294037,58.25928604673527
3305,0,normal,0.06506182253360748,0.4444998243468336,58.39795654568752
3306,0,normal,0.03920385241508484,0.4324382180030246,58.571953785455435
3307,0,normal,0.017545096576213837,0.42013229090367293,58.71170009679645
3308,0,normal,0.03126120567321777,0.43570706188319075,58.88626635374658
3309,0,normal,0.004433115012943745,0.44170815436136734,59.24035336189809
3310,0,normal,0.0042357295751571655,0.4444672421146437,59.60798254923543
3311,0,normal,0.004478846210986376,0.4324505451085093,60.227708100204154
3312,0,normal,0.0038433244917541742,0.44761470314959484,61.06434336043617
3313,0,normal,0.004223308060318232,0.440027455132568,61.9983062105091
3314,0,normal,0.006917163264006376,0.41781679930700305,33.94372066291862
3315,0,normal,0.008879659697413445,0.42631636040471393,34.99248884277881
3316,0,normal,0.0050432877615094185,0.4073015216666514,36.3575486963432
3317,0,normal,0.005102736409753561,0.3989919380753803,8.991331256170042
3318,0,normal,0.030643727630376816,0.4130455058989964,6.126898738251839
3319,0,normal,0.013802736066281796,0.38424323907146274,3.006081037334752
3320,0,normal,0.023392293602228165,0.37781451383501613,-0.5608337758908419
3321,0,normal,0.06363262236118317,0.37707597856014197,-3.8477241479317854
3322,0,normal,0.05273003131151199,0.35764437601333876,-8.307604860078527
3323,0,normal,0.013605644926428795,0.372793061869663,-8.60700266944923
3324,0,normal,0.028239896520972252,0.36110949461785025,-11.914453885636476
3325,0,normal,0.0663478672504425,0.3500582507046293,-15.076142588877246
3326,0,normal,0.016321759670972824,0.3248388555022797,-45.96365788237517
3327,0,normal,0.013055983930826187,0.3230064538902534,-45.82108296628553
3328,0,normal,0.00736495666205883,0.31406815501940294,-61.503691326021226
3329,0,normal,0.009429852478206158,0.312575763500756,-61.22977944199715
3330,0,normal,0.008239111863076687,0.31325626392071887,-60.94702010114065
3331,0,normal,8.860251426696777,0.3315903776453305,-28.294087682613053
3332,0,normal,0.11462168395519257,0.338510564016733,-27.83275642824674
3333,0,normal,1.9386928081512451,0.3457270691837877,-15.423859108700753
3334,0,normal,1.3268259763717651,0.3812081251004017,11.07963675385895
3335,0,normal,0.5311185717582703,0.3790689425090507,9.92334485412789
3336,0,normal,0.22184614837169647,0.3855113285885368,11.190920175476322
3337,0,normal,0.18372847139835358,0.38336701371419063,12.803857071179209
3338,0,normal,0.15452918410301208,0.3974680546078964,14.409596021975176
3339,0,normal,0.7043374180793762,0.39896519033504285,14.986771084096745
3340,0,normal,0.16409073770046234,0.3881882680588908,17.32707236851411
3341,0,normal,0.20511379837989807,0.39791138209511945,19.655606563890842
3342,0,normal,1.209050178527832,0.40554444423286623,20.19515713609303
3343,0,normal,1.9839318990707397,0.40914908459311233,22.600647599747617
3344,0,normal,1.1929445266723633,0.42004583604105056,49.88381630712797
3345,0,normal,0.24436722695827484,0.4460615227766838,49.92574909909945
3346,0,normal,2.1798205375671387,0.46962425285227993,64.0770615305139
3347,0,normal,0.021890731528401375,0.4277903071422412,64.17145926055014
3348,0,normal,0.04418741539120674,0.4282843310384243,64.19188157477106
3349,0,normal,0.009635783731937408,0.4608582118362786,64.19531970309731
3350,0,normal,0.00901803094893694,0.42689200656057547,64.50746437529097
3351,0,normal,0.010655689053237438,0.4417403352068984,64.77577966386525
3352,0,normal,0.007963929325342178,0.45324951380178075,65.04371883947579
3353,0,normal,0.006624971050769091,0.4311899882480493,65.31586883856562
3354,0,normal,0.004850152414292097,0.45118822946356374,65.69690790875666
3355,0,normal,0.006012951955199242,0.4347488822360606,66.10896914606406
3356,0,normal,0.02791985124349594,0.4662679114325554,66.89298360350017
3357,0,normal,0.0637800544500351,0.46556371545027025,67.21827281065248
3358,0,normal,0.040150754153728485,0.4541185384443408,67.83895814165294
3359,0,normal,0.03477213531732559,0.4602882829183468,68.54491346720033
3360,0,normal,0.028232892975211143,0.43712363148565836,69.27465484875097
3361,0,normal,0.022429777309298515,0.44147846524366174,40.935415029888645
3362,0,normal,0.0897073820233345,0.43196069043302443,41.89939957681304
3363,0,normal,0.015329336747527122,0.42459096668163926,29.909320778792107
3364,0,normal,0.010137672536075115,0.38968012266495405,1.953720547345938
3365,0,normal,0.010033400729298592,0.39724968285208934,2.9596617197114483
3366,0,normal,0.006775298155844212,0.4046164514738379,1.4054709105489565
3367,0,normal,0.005305996164679527,0.3853301371094114,-0.1824492656030543
3368,0,normal,0.005447250325232744,0.37888185774113603,-2.0615233387604803
3369,0,normal,0.006704913917928934,0.38533639036638045,-1.61290949796512
3370,0,normal,0.009406094439327717,0.3583732665651864,-4.036371720158968
3371,0,normal,0.007241120096296072,0.37394836726620867,-6.967257412241906
3372,0,normal,0.02673025242984295,0.3625337812658623,-7.195312650623464
3373,0,normal,0.0052393581718206406,0.3551975996245094,-10.565781671760988
3374,0,normal,0.006912683602422476,0.3291421537206169,-41.44006892311404
3375,0,normal,0.009115285240113735,0.3224389653684324,-42.66011056945604
3376,0,normal,0.01045958697795868,0.31367824693515706,-58.63559159928627
3377,0,normal,0.019564557820558548,0.3124267371397085,-58.53262180270963
3378,0,normal,0.016905546188354492,0.3129214351879624,-58.94439140719737
3379,0,normal,0.015246005728840828,0.3153872606522081,-59.26488222297917
3380,0,normal,0.012097240425646305,0.3118625414487005,-59.58131886744013
3381,0,normal,8.721498489379883,0.3291362354991367,-27.569931574808834
3382,0,normal,0.06494507193565369,0.33849862631064404,-27.84970801317968
3383,0,normal,2.7616019248962402,0.3463567047170019,-0.2829225604266412
3384,0,normal,0.49478578567504883,0.36725782016693725,-1.533410645449294
3385,0,normal,0.1914786547422409,0.365013617059628,0.0706304623329288
3386,0,normal,0.14083319902420044,0.3640702584408053,1.6122036698020565
3387,0,normal,0.14390097558498383,0.37564441829242035,3.4522622313875218
3388,0,normal,0.12928619980812073,0.3879099335033389,5.856481182878042
3389,0,normal,0.10752787441015244,0.38627300577801543,8.525350465318525
3390,0,normal,0.21863842010498047,0.38509520785882595,11.84694135038626
3391,0,normal,0.6145910024642944,0.3997227503349051,15.288810643104853
3392,0,normal,2.4185516834259033,0.3981329343815421,16.945706605887835
3393,0,normal,3.180802345275879,0.40215848333763426,20.656678838558946
3394,0,normal,0.9645881652832031,0.4249363022801155,49.142683930259636
3395,0,normal,0.36056333780288696,0.4465935774751089,49.59728039331412
3396,0,normal,2.081528902053833,0.4590240224564121,63.45641806256708
3397,0,normal,0.03787452355027199,0.43667787362961347,63.215864951699814
3398,0,normal,0.0162386205047369,0.43251311477247034,62.83848228746251
3399,0,normal,0.005501532927155495,0.45315085694006035,62.53873384751
3400,0,normal,0.004166162107139826,0.430866242760399,62.39985761181629
3401,0,normal,0.0050573814660310745,0.4379479116948624,62.354002716157765
3402,0,normal,0.0052858516573905945,0.43841520406498957,62.32978121924248
3403,0,normal,0.0048408727161586285,0.4422712901828661,62.44530001568319
3404,0,normal,0.017850633710622787,0.45046548472623665,63.0493805354763
3405,0,normal,0.005800874903798103,0.4466659824821039,63.62928202808439
3406,0,normal,0.018442731350660324,0.45082776535313684,64.2720088093406
3407,0,normal,0.05489315092563629,0.46270013935345045,64.68602294325524
3408,0,normal,0.054239291697740555,0.45988587608417925,65.4895257127846
3409,0,normal,0.05112303048372269,0.45613791994295133,66.32362466583754
3410,0,normal,0.036606620997190475,0.4325524735965875,67.17681526937713
3411,0,normal,0.03157825022935867,0.4484885945626226,38.99161163218605
3412,0,normal,0.03166016936302185,0.427646323202922,39.965706685779196
3413,0,normal,0.051552124321460724,0.40721686464375495,12.615818613111287
3414,0,normal,0.013318519107997417,0.39466044650028537,13.474564471375288
3415,0,normal,0.007475128397345543,0.40548520373874847,11.816150733646055
3416,0,normal,0.007176110055297613,0.4105822806851864,10.40073383088179
3417,0,normal,0.009535791352391243,0.3860899713093375,8.651961467442106
3418,0,normal,0.008002017624676228,0.3831150623596373,6.232764781691003
3419,0,normal,0.006024048663675785,0.3857279730337176,3.56908039208588
3420,0,normal,0.012103055603802204,0.3599077858080949,-0.053088182364035674
3421,0,normal,0.008802598342299461,0.37735245093254055,-4.278197663771607
3422,0,normal,0.005238696932792664,0.3636943810622275,-6.274875018462353
3423,0,normal,0.005516307894140482,0.3571877938414088,-11.186392338938731
3424,0,normal,0.005800825078040361,0.32864451512037923,-43.488560170635765
3425,0,normal,0.009516853839159012,0.32441312417975016,-45.38916392286478
3426,0,normal,0.03749849274754524,0.3125304719473757,-61.8431561014861
3427,0,normal,0.09214968979358673,0.3130839351793236,-61.85734846455307
3428,0,normal,0.022561319172382355,0.31228642215052954,-61.97042915739121
3429,0,normal,8.70559310913086,0.3289812705088153,-29.670437146593258
3430,0,normal,0.17507566511631012,0.3400261454072215,-29.45787914998664
3431,0,normal,2.6990010738372803,0.3532248423884501,-1.462373365507574
3432,0,normal,0.16449767351150513,0.37153992664032376,-0.6876022230358103
3433,0,normal,0.11314062029123306,0.3722954457265802,0.9085676295262601
3434,0,normal,0.814010739326477,0.3737846493455027,0.7850287251098962
3435,0,normal,0.18196092545986176,0.38244874940974555,2.694658310303339
3436,0,normal,0.7657826542854309,0.38329489820505325,2.7935103235988663
3437,0,normal,0.20303018391132355,0.38438427933251396,5.0292869386050825
3438,0,normal,0.15136389434337616,0.37439582095006,7.023168298764858
3439,0,normal,0.3500601649284363,0.3961652083906517,8.932890839148286
3440,0,normal,1.093056559562683,0.39700766242534896,10.786698207079098
3441,0,normal,1.6887867450714111,0.42077831137805244,37.77933680678461
3442,0,normal,0.4388542175292969,0.4213454625458932,36.89459468334576
3443,0,normal,1.9959925413131714,0.4469802812597751,50.788856600771624
3444,0,normal,0.051051605492830276,0.4285748322859328,51.11222673681846
3445,0,normal,0.0200810506939888,0.41506163082753056,51.04803306496888
3446,0,normal,0.006026607472449541,0.4450398686312457,50.918174951297715
3447,0,normal,0.011814307421445847,0.4217869193893446,51.16944291826644
3448,0,normal,0.016790291294455528,0.427125246288309,51.17018544536268
3449,0,normal,0.014886257238686085,0.4303076072440121,51.25232875248366
3450,0,normal,0.00933163333684206,0.43594912949771425,51.25937695703806
3451,0,normal,0.006913274992257357,0.4313157570620208,51.35504877395647
3452,0,normal,0.007148032542318106,0.4236231379354255,51.710156303981194
3453,0,normal,0.03567102178931236,0.45306111116634357,52.54524547603933
3454,0,normal,0.021920206025242805,0.4352863868341127,53.343628668607835
3455,0,normal,0.010316610336303711,0.44473153688532197,54.22385090828766
3456,0,normal,0.0045714243315160275,0.45118803624745607,55.24207109519057
3457,0,normal,0.004758208990097046,0.4289028707610078,56.05420002022856
3458,0,normal,0.005055142566561699,0.44016079855268175,56.96053459741893
3459,0,normal,0.005496733356267214,0.4253572072325698,28.427053338933774
3460,0,normal,0.00839426089078188,0.40620466314418396,28.971631706183643
3461,0,normal,0.009329676628112793,0.38998519884171445,0.8761143072044888
3462,0,normal,0.01980143040418625,0.39139148281017194,-1.0359554319409199
3463,0,normal,0.010329710319638252,0.3981176947635404,-2.918190311287617
3464,0,normal,0.033933691680431366,0.37764162476171526,-2.4686570879114242
3465,0,normal,0.016178298741579056,0.36924463932319285,-4.6064978842734945
3466,0,normal,0.011014195159077644,0.3795761375619962,-3.890551956965737
3467,0,normal,0.009542134590446949,0.35903099102028174,-6.158277876247212
3468,0,normal,0.041943952441215515,0.3753210536432468,-8.402756569557823
3469,0,normal,0.01657901331782341,0.3580170428988669,-11.09286202817816
3470,0,normal,0.03284614905714989,0.352257435958297,-13.676622852390665
3471,0,normal,0.009491616860032082,0.3266805603268709,-43.92286006560062
3472,0,normal,0.008884107694029808,0.32480140011103414,-43.68141908173516
3473,0,normal,0.009359384886920452,0.3123787857940513,-59.432040712598564
3474,0,normal,0.013630247674882412,0.3139235627391209,-59.46638827093307
3475,0,normal,0.011711927130818367,0.3132986427323714,-59.35198670568866
3476,0,normal,0.012042103335261345,0.31301493200230385,-59.211187804977726
3477,0,normal,0.01277159247547388,0.31227537544394607,-59.12191194795946
3478,0,normal,0.007804275490343571,0.3147620312164583,-58.93542232256732
3479,0,normal,0.049847375601530075,0.31325308355977727,-59.030119717786874
3480,0,normal,0.04810395836830139,0.312233975741896,-59.14871914750779
3481,0,normal,0.030267493799328804,0.31305619617923147,-59.30233311952338
3482,0,normal,0.03457534313201904,0.3147516038120392,-59.46259567496145
3483,0,normal,0.03669667989015579,0.3132409428864345,-59.77106411000432
3484,0,normal,0.039747416973114014,0.3133012145078089,-60.07065341345515
3485,0,normal,0.0738472044467926,0.31199618048323546,-60.05816597676812
3486,0,normal,0.012448546476662159,0.3123700296954961,-60.074556332162274
3487,0,normal,0.007787119597196579,0.3148050125529918,-60.06649184394951
3488,0,normal,0.006825190037488937,0.31188538892901196,-60.01879992679824
3489,0,normal,0.005871128290891647,0.31188538892901196,-59.95437110202488
3490,0,normal,0.005385121330618858,0.3120704143267048,-59.929772080561406
3491,0,normal,0.006277400068938732,0.31153190456415825,-59.8872693920066
3492,0,normal,0.004859245847910643,0.3118043040661355,-59.964424373902375
3493,0,normal,0.0054283649660646915,0.3117006351272839,-59.97947584421581
3494,0,normal,0.013327282853424549,0.3112906449951046,-59.76897300460337
3495,0,normal,0.08234252035617828,0.31463072950332394,-59.86775512696818
3496,0,normal,0.061234571039676666,0.31509030302187696,-59.98544016047117
3497,0,normal,0.05776473134756088,0.31413979937866104,-60.10092082239885
3498,0,normal,0.04411306604743004,0.31365189858520137,-60.40704799130367
3499,0,normal,0.03874225541949272,0.31373621565916976,-60.67210061114429
3500,0,normal,0.03511941060423851,0.3126623905757507,-61.07628480980088
3501,0,normal,0.07166332006454468,0.3126088675104219,-61.150688892540984
3502,0,normal,0.009929005987942219,0.3142907366564145,-61.303072525720836
3503,0,normal,0.0063409944996237755,0.31326075123455777,-61.4140720987823
3504,0,normal,0.005198903381824493,0.31306190105840326,-61.51648620029778
3505,0,normal,0.004835068713873625,0.3127764232600908,-61.55630183880044
3506,0,normal,0.004577379673719406,0.31249261281484036,-61.60563586153603
3507,0,normal,0.004469751380383968,0.312500881161221,-61.59601160208126
3508,0,normal,0.0045657167211174965,0.31254563002820257,-61.53207812115238
3509,0,normal,0.004758295603096485,0.31333768608254225,-61.389008494377094
3510,0,normal,0.00874731969088316,0.3138005895405592,-61.221199645298384
3511,0,normal,0.006876004859805107,0.3149262500359378,-61.07086610975625
3512,0,normal,0.013618772849440575,0.3137913841641406,-60.893018648941506
3513,0,normal,0.10011275857686996,0.3154467858990847,-61.075517328569276
3514,0,normal,0.04862822964787483,0.3123984815364,-61.367865173271866
3515,0,normal,0.03437969461083412,0.31364820026436524,-61.616699913720595
3516,0,normal,0.03255763649940491,0.3132898796701545,-61.77498119867414
3517,0,normal,0.030643513426184654,0.3137830946021992,-61.92346564858326
3518,0,normal,0.1059800535440445,0.314164534133078,-61.64717835119609
3519,0,normal,0.018119970336556435,0.31420211719187213,-61.51419740679239
3520,0,normal,0.01129146944731474,0.3130800598895499,-61.330865731773656
3521,0,normal,0.010179579257965088,0.31365888764463323,-61.10171081734006
3522,0,normal,0.007841342128813267,0.31410836895735494,-60.84323514035941
3523,0,normal,0.02024671994149685,0.31298043334970055,-60.403383750101966
3524,0,normal,0.006114496849477291,0.3147728088072113,-60.3255719888989
3525,0,normal,0.0052103642374277115,0.313304359225829,-60.22984093523564
3526,0,normal,0.005587596911936998,0.3146059152564277,-60.21440369529205
3527,0,normal,0.006020728964358568,0.3139760802521324,-60.30183430235161
3528,0,normal,0.006366855464875698,0.3147279953395152,-60.416156388686204
3529,0,normal,0.006594355683773756,0.31312551651664583,-60.556818218107765
3530,0,normal,0.006457307375967503,0.3126079887582368,-60.72897988980162
3531,0,normal,0.011749194003641605,0.31162539055051486,-60.67397843181834
3532,0,normal,0.012520059011876583,0.31282217775580623,-60.75741577437816
3533,0,normal,0.022154541686177254,0.312680339191511,-60.89926171689399
3534,0,normal,0.017635630443692207,0.31195890073309956,-61.05898444831951
3535,0,normal,0.013873368501663208,0.31473342815636146,-61.220944932743805
3536,0,normal,0.01214092317968607,0.31252060217821087,-61.34722396261395
3537,0,normal,0.03848409280180931,0.3121859059742306,-61.14239652376409
3538,0,normal,0.00857807882130146,0.3125535699916261,-61.030412734265155
3539,1,contextual,0.007181788329035044,0.31209796009558727,-60.90404188078787
3540,1,contextual,0.005682304035872221,0.3138732987164544,-60.84652859350149
3541,1,contextual,8.832087516784668,0.3301798393699557,-28.23558889466176
3542,1,contextual,4.055196285247803,0.3526810918896548,-15.477472740412395
3543,1,contextual,2.6052753925323486,0.35661040458942483,1.0471858817656994
3544,1,contextual,0.651822030544281,0.379790481425844,0.11474117581701648
3545,1,contextual,13.906295776367188,0.3864598767705627,54.69974087983701
3546,1,contextual,0.7400886416435242,0.40334441992238423,54.1678787147971
3547,1,contextual,13.4829683303833,0.42273276466469145,106.32600518739434
3548,1,contextual,0.396365225315094,0.42338844013486165,107.41623420144958
3549,1,contextual,0.7253572940826416,0.4174511080498639,108.43211657749396
3550,1,contextual,0.5941630601882935,0.4245064995943072,110.60117223463737
3551,1,contextual,1.1591393947601318,0.43056173292043765,112.88412506663678
3552,1,contextual,2.6170735359191895,0.4578004726430754,136.76080355065665
3553,1,contextual,0.395809531211853,0.4636684216944805,137.83971902449866
3554,1,contextual,2.409717321395874,0.48174082630536874,150.71898020708
3555,1,contextual,0.04025590047240257,0.4607040841978965,150.8965659166571
3556,1,contextual,0.02619074285030365,0.45000719976349823,150.9514575759281
3557,1,contextual,0.010202120058238506,0.4723281115812557,150.95676481876956
3558,1,contextual,0.007946206256747246,0.4511331283616821,151.11256989570222
3559,1,contextual,0.007955596782267094,0.47137345618337684,151.3444984692926
3560,1,contextual,0.008110073395073414,0.4631034935109386,151.70417003142654
3561,1,contextual,0.008473239839076996,0.4531841547909653,151.97933874927367
3562,1,contextual,0.009160555899143219,0.4724991216571909,152.40237268287558
3563,1,contextual,0.010080603882670403,0.43988613962327916,152.86731580732817
3564,1,contextual,0.011061807163059711,0.4706490387695268,153.5585128808185
3565,1,contextual,0.011956822127103806,0.46185300068146523,154.28176750048033
3566,1,contextual,0.012680919840931892,0.4591711278022316,155.05438718101573
3567,1,contextual,0.013209600001573563,0.46809525989193695,155.884477346793
3568,1,contextual,0.013557967729866505,0.4687632861588457,156.96504984843034
3569,1,contextual,0.013762176036834717,0.46938980026384636,158.09460340107069
3570,1,contextual,0.013863284140825272,0.47446118194365816,159.24888555080622
3571,1,contextual,0.013899192214012146,0.4546477587139441,133.74888902764542
3572,1,contextual,0.013896746560931206,0.42642439226260775,123.0169860074501
3573,1,contextual,0.013875601813197136,0.4321800096351294,107.35864869862974
3574,1,contextual,0.013845071196556091,0.4480956521295791,108.16366469689603
3575,1,contextual,0.013803882524371147,0.3942188830858995,55.947222015730404
3576,1,contextual,0.013775894418358803,0.4034071066218029,56.695397603714355
3577,1,contextual,0.013717634603381157,0.37832551488590377,2.0311223476530813
3578,1,contextual,0.01367044448852539,0.3593584505774542,0.07827097809035877
3579,1,contextual,0.013666708953678608,0.3830846306410275,-1.0635995488366916
3580,1,contextual,0.013662703335285187,0.3580299989127592,-4.450174925998226
3581,1,contextual,0.01369367353618145,0.35617104308221925,-8.211311526786403
3582,1,contextual,0.013837703503668308,0.3299828234989674,-36.82328224154753
3583,1,contextual,0.013859317637979984,0.3252141112692285,-39.87364201516357
3584,1,contextual,0.013817102648317814,0.3137483672292379,-55.685741324871515
3585,1,contextual,0.013817102648317814,0.3137483672292379,-55.685741324871515
3586,1,contextual,0.013817102648317814,0.3137483672292379,-55.685741324871515
3587,1,contextual,0.013817102648317814,0.3137483672292379,-55.685741324871515
3588,1,contextual,0.013817102648317814,0.3137483672292379,-55.685741324871515
3589,1,contextual,0.013817102648317814,0.3137483672292379,-55.685741324871515
3590,1,contextual,0.013817102648317814,0.3137483672292379,-55.685741324871515
3591,1,contextual,0.013817102648317814,0.3137483672292379,-55.685741324871515
3592,1,contextual,0.013817102648317814,0.3137483672292379,-55.685741324871515
3593,1,contextual,0.013817102648317814,0.3137483672292379,-55.685741324871515
3594,1,contextual,0.013817102648317814,0.3137483672292379,-55.685741324871515
3595,1,contextual,0.013817102648317814,0.3137483672292379,-55.685741324871515
3596,1,contextual,0.013817102648317814,0.3137483672292379,-55.685741324871515
3597,1,contextual,0.013817102648317814,0.3137483672292379,-55.685741324871515
3598,1,contextual,0.013817102648317814,0.3137483672292379,-55.685741324871515
3599,1,contextual,0.013817102648317814,0.3137483672292379,-55.685741324871515
3600,1,contextual,0.013817102648317814,0.3137483672292379,-55.685741324871515
3601,1,contextual,0.013817102648317814,0.3137483672292379,-55.685741324871515
3602,1,contextual,0.013817102648317814,0.3137483672292379,-55.685741324871515
3603,1,contextual,0.013817102648317814,0.3137483672292379,-55.685741324871515
3604,1,contextual,0.013817102648317814,0.3137483672292379,-55.685741324871515
3605,1,contextual,0.013817102648317814,0.3137483672292379,-55.685741324871515
3606,1,contextual,0.013817102648317814,0.3137483672292379,-55.685741324871515
3607,1,contextual,0.013817102648317814,0.3137483672292379,-55.685741324871515
3608,1,contextual,0.013817102648317814,0.3137483672292379,-55.685741324871515
3609,1,contextual,0.013817102648317814,0.3137483672292379,-55.685741324871515
3610,1,contextual,0.013817102648317814,0.3137483672292379,-55.685741324871515
3611,1,contextual,0.013817102648317814,0.3137483672292379,-55.685741324871515
3612,1,contextual,0.013817102648317814,0.3137483672292379,-55.685741324871515
3613,1,contextual,0.013817102648317814,0.3137483672292379,-55.685741324871515
3614,1,contextual,0.013817102648317814,0.3137483672292379,-55.685741324871515
3615,1,contextual,0.013817102648317814,0.3137483672292379,-55.685741324871515
3616,1,contextual,0.013817102648317814,0.3137483672292379,-55.685741324871515
3617,1,contextual,0.013817102648317814,0.3137483672292379,-55.685741324871515
3618,1,contextual,0.013817102648317814,0.3137483672292379,-55.685741324871515
3619,1,contextual,8.806138038635254,0.3313282775663408,-23.490291048297195
3620,1,contextual,8.190424919128418,0.35634495698013957,4.473895396755779
3621,1,contextual,0.29566407203674316,0.3619974283136391,5.184948067565529
3622,1,contextual,0.15567553043365479,0.3872776380050087,5.835165122783792
3623,1,contextual,0.1382385492324829,0.36797482208849003,6.971338567930161
3624,1,contextual,0.14043386280536652,0.3758920425327328,8.097683654761795
3625,1,contextual,0.878623366355896,0.3982962520136182,7.8114541046747945
3626,1,contextual,0.1917066127061844,0.3813837238093636,9.262240395011077
3627,1,contextual,0.20178662240505219,0.3971192090771738,10.764991299525946
3628,1,contextual,1.0137778520584106,0.3930307365515242,10.561004315205537
3629,1,contextual,1.5988140106201172,0.4052450106418928,12.227724744638408
3630,1,contextual,1.464147686958313,0.4079060521244518,39.04921568558211
3631,1,contextual,0.5359840989112854,0.41931018189074704,40.19915932568665
3632,1,contextual,0.6635743975639343,0.4330372968246126,40.04408542497458
3633,1,contextual,1.887681007385254,0.4316757909892381,54.09558265872556
3634,1,contextual,0.022497277706861496,0.4190753110991567,54.0051188955797
3635,1,contextual,0.015923891216516495,0.4399373365538684,53.96657719752284
3636,1,contextual,0.0084174619987607,0.42762289931680664,53.68031392945318
3637,1,contextual,0.0070641799829900265,0.4269529613459704,53.648529518258556
3638,1,contextual,0.007020413409918547,0.43087466497921423,53.698791463584485
3639,1,contextual,0.007646410726010799,0.4307276371433355,53.86587564634215
3640,1,contextual,0.008704178035259247,0.4407270794652541,54.00218981813077
3641,1,contextual,0.009939230978488922,0.43204550916416723,54.30492889781726
3642,1,contextual,0.011121576651930809,0.44365911804986796,54.92351510149001
3643,1,contextual,0.012106688693165779,0.44223835787147364,55.43047015805837
3644,1,contextual,0.012840747833251953,0.44180628742455325,56.054382014814564
3645,1,contextual,0.013334953226149082,0.46577857355590707,56.87387076685013
3646,1,contextual,0.013634299859404564,0.4345012421618271,57.790353117300356
3647,1,contextual,0.01379314810037613,0.45288671343205733,58.66256208877553
3648,1,contextual,0.013860777951776981,0.4378643912024381,59.621910258835214
3649,1,contextual,0.01387467235326767,0.40996633627635504,31.42415879117857
3650,1,contextual,0.013864587992429733,0.3941480786065803,3.849705927083278
3651,1,contextual,0.013834038749337196,0.38879157965389777,2.265439975503341
3652,1,contextual,0.013791458681225777,0.39698946796078516,0.7153932338778759
3653,1,contextual,0.01374473050236702,0.3917517012135587,-0.9838802882895834
3654,1,contextual,0.013697301037609577,0.38267544373072004,-2.682032130218886
3655,1,contextual,0.013690313324332237,0.38001649494144374,-1.6338344192861314
3656,1,contextual,0.013661228120326996,0.36741622534864854,-3.234649470189197
3657,1,contextual,0.013650438748300076,0.3705071035077927,-5.1673075166238505
3658,1,contextual,0.013677472248673439,0.3634992960316009,-4.826732747281767
3659,1,contextual,0.013703725300729275,0.35736950879098567,-7.411231251628806
3660,1,contextual,0.013814590871334076,0.3323831883579584,-37.22803180241317
3661,1,contextual,0.01383888442069292,0.324976936589327,-39.931397472229264
3662,1,contextual,0.013859317637979984,0.3252141112692285,-39.87364201516357
3663,1,contextual,0.013817102648317814,0.3137483672292379,-55.685741324871515
3664,1,contextual,0.013817102648317814,0.3137483672292379,-55.685741324871515
3665,1,contextual,0.013817102648317814,0.3137483672292379,-55.685741324871515
3666,1,contextual,0.013817102648317814,0.3137483672292379,-55.685741324871515
3667,1,contextual,0.013817102648317814,0.3137483672292379,-55.685741324871515
3668,1,contextual,0.013817102648317814,0.3137483672292379,-55.685741324871515
3669,1,contextual,0.013817102648317814,0.3137483672292379,-55.685741324871515
3670,1,contextual,0.013817102648317814,0.3137483672292379,-55.685741324871515
3671,1,contextual,0.013817102648317814,0.3137483672292379,-55.685741324871515
3672,1,contextual,0.013817102648317814,0.3137483672292379,-55.685741324871515
3673,1,contextual,0.013817102648317814,0.3137483672292379,-55.685741324871515
3674,1,contextual,0.013817102648317814,0.3137483672292379,-55.685741324871515
3675,1,contextual,0.013817102648317814,0.3137483672292379,-55.685741324871515
3676,1,contextual,0.013817102648317814,0.3137483672292379,-55.685741324871515
3677,1,contextual,0.013817102648317814,0.3137483672292379,-55.685741324871515
3678,1,contextual,0.013817102648317814,0.3137483672292379,-55.685741324871515
3679,1,contextual,0.013817102648317814,0.3137483672292379,-55.685741324871515
3680,1,contextual,0.013817102648317814,0.3137483672292379,-55.685741324871515
3681,1,contextual,0.013817102648317814,0.3137483672292379,-55.685741324871515
3682,1,contextual,0.013817102648317814,0.3137483672292379,-55.685741324871515
3683,1,contextual,0.013817102648317814,0.3137483672292379,-55.685741324871515
3684,1,contextual,0.013817102648317814,0.3137483672292379,-55.685741324871515
3685,1,contextual,0.013817102648317814,0.3137483672292379,-55.685741324871515
3686,1,contextual,0.013817102648317814,0.3137483672292379,-55.685741324871515
3687,1,contextual,0.013817102648317814,0.3137483672292379,-55.685741324871515
3688,1,contextual,0.013817102648317814,0.3137483672292379,-55.685741324871515
3689,1,contextual,0.013817102648317814,0.3137483672292379,-55.685741324871515
3690,1,contextual,0.013817102648317814,0.3137483672292379,-55.685741324871515
3691,1,contextual,0.013817102648317814,0.3137483672292379,-55.685741324871515
3692,1,contextual,0.013817102648317814,0.3137483672292379,-55.685741324871515
3693,1,contextual,0.013817102648317814,0.3137483672292379,-55.685741324871515
3694,1,contextual,0.013817102648317814,0.3137483672292379,-55.685741324871515
3695,1,contextual,0.013817102648317814,0.3137483672292379,-55.685741324871515
3696,1,contextual,0.013817102648317814,0.3137483672292379,-55.685741324871515
3697,1,contextual,0.013817102648317814,0.3137483672292379,-55.685741324871515
3698,1,contextual,0.013817102648317814,0.3137483672292379,-55.685741324871515
3699,1,contextual,0.013817102648317814,0.3137483672292379,-55.685741324871515
3700,1,contextual,0.013817102648317814,0.3137483672292379,-55.685741324871515
3701,1,contextual,8.806138038635254,0.3313282775663408,-23.490291048297195
3702,1,contextual,0.09746666252613068,0.3406085194658534,-23.810404316678387
3703,1,contextual,1.7924737930297852,0.34391396063738866,-11.460035510210673
3704,1,contextual,1.8962428569793701,0.3737306354749522,14.072410068639101
3705,1,contextual,0.25454291701316833,0.37748662054866133,15.844920239539078
3706,1,contextual,0.12554699182510376,0.3862132425814257,17.976203764249703
3707,1,contextual,0.8483886122703552,0.3881326969175198,18.662195280362766
3708,1,contextual,0.15056054294109344,0.39140156881467936,20.970008277489796
3709,1,contextual,0.812484085559845,0.40696971332920956,20.954800169645523
3710,1,contextual,0.20422101020812988,0.3836693934637769,22.584058843986213
3711,1,contextual,0.15292158722877502,0.39166130977789526,24.25546305565649
3712,1,contextual,0.34635868668556213,0.4017572984756543,25.892481005407717
3713,1,contextual,2.4341888427734375,0.4193963539432069,42.154356126099856
3714,1,contextual,2.5156068801879883,0.42922739863572473,53.814329120499906
3715,1,contextual,0.5795736312866211,0.4396377847061248,53.73695198854443
3716,1,contextual,1.824580192565918,0.45451225075542556,67.55300331145486
3717,1,contextual,0.0255228653550148,0.4362804884169237,67.41361134708313
3718,1,contextual,0.01983647234737873,0.42333780758011924,67.27669870343652
3719,1,contextual,0.00704600103199482,0.4556252039045265,67.05899324036523
3720,1,contextual,0.0061743357218801975,0.4295612357430788,67.03859041361352
3721,1,contextual,0.005890605039894581,0.4528877289470615,67.06109722278507
3722,1,contextual,0.008672301657497883,0.4448235360377941,67.22625037468038
3723,1,contextual,0.008295002393424511,0.42922181546975774,67.35676639428607
3724,1,contextual,0.015637878328561783,0.4510646911000401,67.80242645344583
3725,1,contextual,0.01099112257361412,0.4400968661307225,68.05717565373266
3726,1,contextual,0.007452239748090506,0.47222162097510545,68.39698990056127
3727,1,contextual,0.00719132274389267,0.44995554302449736,68.78822677890594
3728,1,contextual,0.00683356961235404,0.45576124180987515,69.47152977497512
3729,1,contextual,0.007082621566951275,0.4622610894583892,70.26110395029787
3730,1,contextual,0.05166177824139595,0.4395555770701361,71.50234559305886
3731,1,contextual,0.006987519562244415,0.4371618300432202,43.40699887982282
3732,1,contextual,0.006145421415567398,0.43113344090389866,44.293039851930416
3733,1,contextual,0.006031370256096125,0.4101861407552287,31.85075983329307
3734,1,contextual,0.006631874479353428,0.3954873996324188,5.266057396512906
3735,1,contextual,0.00802063662558794,0.39526499788727687,2.1818908132329398
3736,1,contextual,0.007735138293355703,0.39224832939256415,-0.85780096944859
3737,1,contextual,0.007682359777390957,0.38323989255932184,-1.3095596123337145
3738,1,contextual,0.006707840599119663,0.3820832096253456,-4.287902495473418
3739,1,contextual,0.04768574982881546,0.3764940996485172,-3.4946642434563273
3740,1,contextual,0.013390175998210907,0.3679921000317637,-5.571671539666795
3741,1,contextual,0.028745613992214203,0.3764678378306498,-8.129797923515753
3742,1,contextual,0.02265015058219433,0.35487450532308223,-10.972615115101235
3743,1,contextual,0.017997434362769127,0.3412882612941027,-29.996811072482615
3744,1,contextual,0.0282652098685503,0.3261955003647901,-44.425455546759395
3745,1,contextual,0.007332143373787403,0.3209128596422872,-45.600145875240514
3746,1,contextual,0.00630352133885026,0.3122744180539011,-61.68494379936442
3747,1,contextual,0.010306130163371563,0.31354558568900787,-61.710115961465135
3748,1,contextual,0.006031691562384367,0.3115432403331443,-61.885464977809534
3749,1,contextual,0.005515473894774914,0.3111074536947033,-62.057145202634274
3750,1,contextual,0.0067580989561975,0.31182425676379927,-62.25144878811511
3751,1,contextual,0.00634486461058259,0.31112636644229535,-62.42613095522552
3752,1,contextual,0.006370848510414362,0.3132472448039699,-62.61998159363657
3753,1,contextual,0.006581777706742287,0.3104427409678396,-62.793010740432464
3754,1,contextual,0.014038016088306904,0.3124534164083764,-62.841306875908
3755,1,contextual,0.09860262274742126,0.31355714752344843,-62.876249021759804
3756,1,contextual,0.07497391104698181,0.31277226634575034,-62.89760666852885
3757,1,contextual,0.02057681605219841,0.3125392862251327,-63.01682430728988
3758,1,contextual,0.024893010035157204,0.31429400637376,-63.13741638352121
3759,1,contextual,0.021399997174739838,0.31216389725290516,-63.26023128732277
3760,1,contextual,0.019529258832335472,0.3109341160471102,-63.535432713677665
3761,1,contextual,0.03606520965695381,0.31113280161838036,-63.27616220339269
3762,1,contextual,0.006585271563380957,0.3113659260508695,-63.17620857040902
3763,1,contextual,0.005271796602755785,0.31103076106339056,-63.07780042706281
3764,1,contextual,0.005162560846656561,0.31113927537787056,-62.92182682202724
3765,1,contextual,0.004410470370203257,0.31113166400431835,-62.78366679345777
3766,1,contextual,0.004548298195004463,0.3115191091044958,-62.635652026896196
3767,1,contextual,0.0047942157834768295,0.3116330878020211,-62.47642497281731
3768,1,contextual,0.00487847113981843,0.314350364766209,-62.34718670372172
3769,1,contextual,0.005702884402126074,0.3135062261558697,-62.261199425619
3770,1,contextual,0.022309182211756706,0.3145043337745339,-62.27617000163491
3771,1,contextual,0.06447026878595352,0.3141973587508976,-62.354421008474446
3772,1,contextual,0.044151466339826584,0.31357911574576863,-62.46263674063903
3773,1,contextual,0.028785839676856995,0.31241933192258947,-62.60143336395254
3774,1,contextual,0.026390671730041504,0.31314545013067935,-62.75662267011012
3775,1,contextual,0.026634642854332924,0.3135074845435474,-62.86397795465177
3776,1,contextual,0.01324471179395914,0.3115131064599486,-62.94253415066123
3777,1,contextual,0.04875105619430542,0.31163139373212834,-62.71476215737903
3778,1,contextual,0.006838255096226931,0.31326684530979226,-62.60866806124295
3779,1,contextual,0.005702479276806116,0.31187545835126845,-62.512660453126045
3780,0,normal,0.0047525204718112946,0.3130127302427037,-62.38845042658136
3781,0,normal,0.005057043861597776,0.3125516953571244,-62.289138182691204
3782,0,normal,0.0045853243209421635,0.31186670240416897,-62.14621699901522
3783,0,normal,0.004694400820881128,0.3125436748307837,-61.98516838380306
3784,0,normal,0.005001618526875973,0.31328623760579966,-61.874994484639274
3785,0,normal,0.005132664926350117,0.31393064869564535,-61.90872418297431
3786,0,normal,0.012387673370540142,0.31380691553591544,-61.89295865264762
3787,0,normal,0.005302554927766323,0.31372535752426506,-61.88168883859271
3788,0,normal,0.00876022782176733,0.31285405642485725,-61.834935007109834
3789,0,normal,0.09529094398021698,0.31279551341704237,-61.99427982696011
3790,0,normal,0.05006188526749611,0.31301798492592053,-62.11554602647311
3791,0,normal,0.0351858027279377,0.31295760740673095,-62.38088076920508
3792,0,normal,0.030200405046343803,0.31240225626196344,-62.52601314214053
3793,0,normal,0.024163898080587387,0.3130287660208085,-62.65443582554826
3794,0,normal,0.08169664442539215,0.3128311789719782,-62.41939378568236
3795,0,normal,0.01426293607801199,0.3121708848140414,-62.274751511481554
3796,0,normal,0.009490806609392166,0.3123287662811161,-62.079305961192404
3797,0,normal,0.009543039835989475,0.3123968617876053,-61.81550918428616
3798,0,normal,0.014182278886437416,0.3127641893343838,-61.4341665369725
3799,0,normal,0.009157363325357437,0.3131040848049798,-61.09982320823133
3800,0,normal,0.005970701575279236,0.3137784171093995,-60.794615215165095
3801,0,normal,0.010043300688266754,0.3122918601252703,-60.58811494591646
3802,0,normal,0.007674921303987503,0.31446139059936357,-60.46065209200515
3803,0,normal,0.007166536059230566,0.3122191314383361,-60.35681030623073
3804,0,normal,0.010442460887134075,0.3130536836507871,-60.23921019615773
3805,0,normal,0.00931946374475956,0.31454693717745685,-60.171701594837714
3806,0,normal,0.014517738483846188,0.31284916382729794,-59.93521586630777
3807,0,normal,0.027023475617170334,0.3123199513202233,-59.72459839951716
3808,0,normal,0.023975754156708717,0.31388744864055895,-59.835964291017945
3809,0,normal,8.759844779968262,0.3297428205221271,-27.48953846576046
3810,0,normal,0.07052455097436905,0.3385038954843788,-27.648434752602498
3811,0,normal,1.7991830110549927,0.34581077996416865,-15.186868971183685
3812,0,normal,1.1934020519256592,0.3743648270841419,11.286092533782266
3813,0,normal,0.550873875617981,0.3745878495980371,10.681292404111673
3814,0,normal,0.2071864902973175,0.3868726536794483,12.510611709942168
3815,0,normal,0.18424315750598907,0.38751480709878733,14.162129019865233
3816,0,normal,0.20208875834941864,0.39398579338294687,15.586097751070838
3817,0,normal,0.1676740050315857,0.4014859928150058,17.454511269877003
3818,0,normal,0.13148343563079834,0.39214764988378875,19.206290853676364
3819,0,normal,0.20818772912025452,0.40489115841056605,20.85066851742249
3820,0,normal,1.1893166303634644,0.40563813247974856,20.794336587885482
3821,0,normal,2.189995288848877,0.42859105983492946,47.58490285894459
3822,0,normal,0.49936097860336304,0.4225995878618681,46.84728506441729
3823,0,normal,0.7593393921852112,0.4342152084357151,46.52417820732239
3824,0,normal,1.7690485715866089,0.43378339174143415,60.667398553003295
3825,0,normal,0.027935676276683807,0.42577081461908217,60.74323986614104
3826,0,normal,0.09810473024845123,0.4338687957782014,60.51925350596957
3827,0,normal,0.06430809199810028,0.43708679584807286,60.05839848872847
3828,0,normal,0.04399007186293602,0.43114800208862486,59.739930440649005
3829,0,normal,0.0314820297062397,0.4363210791263382,59.52232709218629
3830,0,normal,0.08639619499444962,0.4493839064227862,59.82297961603854
3831,0,normal,0.01727558858692646,0.41467141948099323,59.985654106670154
3832,0,normal,0.0106195705011487,0.43694108634746887,60.425487780248886
3833,0,normal,0.007255562115460634,0.44056101764279676,60.97672446204501
3834,0,normal,0.008225232362747192,0.4583779883754462,61.61963203655682
3835,0,normal,0.010041057132184505,0.4400903442873282,62.289293713445886
3836,0,normal,0.010143844410777092,0.44819883062088905,63.22332304489737
3837,0,normal,0.024115148931741714,0.4459762971109196,64.34360949365919
3838,0,normal,0.00602961890399456,0.4374359842106828,65.41200629373861
3839,0,normal,0.006125006824731827,0.42395977861945944,37.35548292761632
3840,0,normal,0.011097576469182968,0.4220700621040372,38.39188184352474
3841,0,normal,0.008669528178870678,0.41574456843468743,26.178935523393648
3842,0,normal,0.012382031418383121,0.38478548827214104,-1.7051102350123983
3843,0,normal,0.009010329842567444,0.3909025953690126,-1.1553584921909987
3844,0,normal,0.013164609670639038,0.3811252367593641,-3.3487529923786497
3845,0,normal,0.007420078851282597,0.3739595215975582,-5.127603142596172
3846,0,normal,0.008975278586149216,0.3720317171335584,-6.811808061897636
3847,0,normal,0.03708915039896965,0.3635436843353538,-8.872133259699694
3848,0,normal,0.0254179947078228,0.3593832012372687,-11.352053515986427
3849,0,normal,0.022161876782774925,0.35883892581940474,-14.224989260506163
3850,0,normal,0.01775716431438923,0.35340846416101473,-14.50177914387882
3851,0,normal,0.03887183964252472,0.32563353814027907,-44.704980462459844
3852,0,normal,0.008363275788724422,0.3243663101796488,-44.55408246165666
3853,0,normal,0.006622896529734135,0.3244228319103093,-44.40774785183089
3854,0,normal,0.006288464646786451,0.313498712829159,-60.41915801964069
3855,0,normal,0.005724282935261726,0.312620304612339,-60.52142210775992
3856,0,normal,0.007991810329258442,0.3132871088865035,-60.66009328977316
3857,0,normal,0.005675905849784613,0.31218899307315273,-60.76943428088134
3858,0,normal,0.00884200632572174,0.3133608281353977,-60.99687265364241
3859,0,normal,0.12950460612773895,0.3114934257384474,-61.17657919219255
3860,0,normal,0.08572497218847275,0.3136887924129829,-61.42787621196703
3861,0,normal,0.06187514215707779,0.31359492383165727,-61.59450688631273
3862,0,normal,0.0558706596493721,0.3152946165711364,-61.745392978742075
3863,0,normal,0.05861301347613335,0.3141929704714868,-61.83774273076642
3864,0,normal,0.04462936893105507,0.3134079948376317,-61.98212984030056
3865,0,normal,0.03200449049472809,0.3138925122403347,-62.19919715748574
3866,0,normal,0.04394800215959549,0.31280302177660785,-62.39017512756982
3867,0,normal,0.01088939793407917,0.31344252134239764,-62.66210976030243
3868,0,normal,0.008852660655975342,0.31326792486922395,-62.708738512996206
3869,0,normal,0.006991125177592039,0.3146563231320326,-62.7119286349166
3870,0,normal,0.006424963008612394,0.31314109047560895,-62.75890490461711
3871,0,normal,0.006095384247601032,0.312375847166357,-62.724512986676245
3872,0,normal,0.006875492632389069,0.3137711911144548,-62.69858814996064
3873,0,normal,0.00784959364682436,0.31578878561511364,-62.68517515245958
3874,0,normal,0.014213391579687595,0.3148457590577976,-62.50266221163815
3875,0,normal,0.004506296943873167,0.3167866668628162,-62.36843237887388
3876,0,normal,0.1167362853884697,0.3169039230597596,-62.33961374499836
3877,0,normal,0.059327226132154465,0.31471382814223786,-62.33399897225763
3878,0,normal,0.029478566721081734,0.31526036614732394,-62.39818650798702
3879,0,normal,0.03244384005665779,0.3151852091185148,-62.476317763844236
3880,0,normal,0.029764438048005104,0.3133699643992724,-62.563553150015196
3881,0,normal,0.029916144907474518,0.3149591079730981,-62.703896045232796
3882,0,normal,0.04766853153705597,0.31393940653640295,-62.57724500999325
3883,0,normal,0.010321559384465218,0.31456299849742425,-62.45212248765006
3884,0,normal,0.00941462256014347,0.31523931108392755,-62.20521506214345
3885,0,normal,0.006610870826989412,0.3139576434365488,-61.92047875299795
3886,0,normal,0.006579955108463764,0.31506437482110633,-61.57168291843686
3887,0,normal,0.004585942253470421,0.31608660803357425,-61.256287048023296
3888,0,normal,0.004215091001242399,0.31609896995121767,-60.92549526042126
3889,0,normal,0.005726473871618509,0.3172333982336356,-60.881338697828596
3890,0,normal,0.006395003758370876,0.3154734822500587,-60.88838561448733
3891,0,normal,0.007942922413349152,0.3152462854061812,-60.90325250200772
3892,0,normal,0.006035070866346359,0.3159694683337502,-61.015255448463904
3893,0,normal,0.006486719008535147,0.31380468052273885,-61.22395940696697
3894,0,normal,0.013393864035606384,0.3143537594001722,-61.566220285493046
3895,0,normal,0.06694787740707397,0.3130783419581092,-61.86931996435692
3896,0,normal,0.03859847038984299,0.31376352799336926,-61.955582361803636
3897,0,normal,0.03184214234352112,0.31255809438614574,-62.0347275342981
3898,0,normal,0.023429056629538536,0.31365894426797614,-62.114809265074655
3899,0,normal,0.08165886998176575,0.31263815806605155,-61.80741975832416
3900,0,normal,0.028806520625948906,0.312990042110405,-61.48692083391211
3901,0,normal,0.03493097797036171,0.31346283857739865,-60.95204890268701
3902,0,normal,0.007773433346301317,0.31309713145489926,-60.634169359573434
3903,0,normal,0.0077595957554876804,0.31351386531696873,-60.302379300887196
3904,0,normal,0.009480241686105728,0.3137088499742515,-60.02823597788074
3905,0,normal,0.00770562794059515,0.3159221021746594,-59.707518595605734
3906,0,normal,0.009522754698991776,0.31345100591116176,-59.57450042785649
3907,0,normal,8.8370943069458,0.3328607653799184,-27.160004808497206
3908,0,normal,0.10530304163694382,0.33669546968079195,-26.910814499357457
3909,0,normal,3.058668375015259,0.35278776272380175,0.7145464304844609
3910,0,normal,0.19586990773677826,0.3708193826284637,1.1376970838248326
3911,0,normal,0.13204067945480347,0.37743457866414254,2.370493804244461
3912,0,normal,14.152628898620605,0.3989163548798918,56.738962610500266
3913,0,normal,12.668253898620605,0.43153819983982855,108.27886011797955
3914,0,normal,0.34587422013282776,0.4413643129690365,109.67224013438397
3915,0,normal,0.7033610343933105,0.4219378334863838,109.75470780094395
3916,0,normal,0.4901745319366455,0.42388416572511645,111.48632995157845
3917,0,normal,0.9222686290740967,0.42951425844033736,113.39355701361956
3918,0,normal,2.17507266998291,0.4523025556578702,128.81934547609967
3919,0,normal,2.388888359069824,0.46458654535282534,140.0135563413903
3920,0,normal,0.8300889730453491,0.4670702108298389,139.49254837413673
3921,0,normal,1.7914605140686035,0.48999598397428573,152.53181221494572
3922,0,normal,0.0332341268658638,0.47373280548507307,152.67471598001384
3923,0,normal,0.015577455051243305,0.4538854163768092,152.74177969105915
3924,0,normal,0.008836891502141953,0.47611409463558196,152.74010315801536
3925,0,normal,0.00853639468550682,0.4684456656191927,152.8205560281874
3926,0,normal,0.007711087353527546,0.4541242376528455,152.90322241138495
3927,0,normal,0.006531804334372282,0.46142941821973293,153.01342398039446
3928,0,normal,0.0053631956689059734,0.4744564705972933,153.068965709513
3929,0,normal,0.0050557986833155155,0.4668391058748979,153.06501556152466
3930,0,normal,0.01626722700893879,0.4481526477184859,153.4127980271909
3931,0,normal,0.0232841819524765,0.4666465993487619,153.57110125766746
3932,0,normal,0.007069649640470743,0.4587458455501906,153.9070871565158
3933,0,normal,0.008967102505266666,0.47520752686625706,154.37604273841112
3934,0,normal,0.014493913389742374,0.47038415311241,155.09922461790893
3935,0,normal,0.04966740682721138,0.46102766929191696,156.23274617645166
3936,0,normal,0.033803366124629974,0.46559998090877763,157.44428846780704
3937,0,normal,0.00858480017632246,0.4685470362840645,132.01430076812892
3938,0,normal,0.010448141023516655,0.46063987152601255,133.23193129734022
3939,0,normal,0.013470888137817383,0.42467809082578684,108.76431869516671
3940,0,normal,0.006329209078103304,0.4240879648753202,107.4609655376322
3941,0,normal,0.007890377193689346,0.43452974673842437,106.02460942877917
3942,0,normal,0.007414227817207575,0.39889060942193194,53.826941137491986
3943,0,normal,0.009243607521057129,0.3747062859187415,-0.8960730929547935
3944,0,normal,0.01700209081172943,0.370067304576903,-2.8833123710048767
3945,0,normal,0.026516489684581757,0.3668722020842598,-2.8531099887045457
3946,0,normal,0.022070450708270073,0.3720554635270374,-5.912709552777869
3947,0,normal,0.03507822006940842,0.35392924592644237,-9.298135936145172
3948,0,normal,0.026789352297782898,0.34144511207459843,-28.741155515801665
3949,0,normal,0.02186608873307705,0.3242013712844014,-43.865345656176714
3950,0,normal,0.025140173733234406,0.32391993132018376,-44.118882694794365
3951,0,normal,0.040052998811006546,0.31116419877975976,-60.204287639048516
3952,0,normal,0.008298817090690136,0.3134952333458252,-60.37394882690751
3953,0,normal,0.007320145610719919,0.3134100585798023,-60.52095306835304
3954,0,normal,0.006148336920887232,0.3118632466131682,-60.66206980871834
3955,0,normal,0.0055452133528888226,0.31168744888903205,-60.78931875388707
3956,0,normal,0.0052224318496882915,0.31155504343842666,-60.887315177344135
3957,0,normal,0.007420710287988186,0.3112966810790447,-60.88198614838984
3958,0,normal,0.12191253155469894,0.3116732272083661,-60.97266839725353
3959,0,normal,0.0783897265791893,0.31087899403363933,-61.048121133142104
3960,0,normal,0.04800451919436455,0.3135992715235075,-61.24092082666925
3961,0,normal,0.039787657558918,0.3139770314312213,-61.29287940802283
3962,0,normal,0.043072983622550964,0.3149372034689714,-61.36365669922816
3963,0,normal,0.04610153287649155,0.3167494414314078,-61.40083674883567
3964,0,normal,0.0374026857316494,0.31567742292256834,-61.49571806222093
3965,0,normal,0.052359286695718765,0.3130567802374582,-61.750667376592446
3966,0,normal,0.0080524617806077,0.3127034326171333,-62.13606518207075
3967,0,normal,0.009055547416210175,0.3131399226887978,-62.36348426705399
3968,0,normal,0.008530174382030964,0.3124648078499477,-62.59497019885657
3969,0,normal,0.011486437171697617,0.3121924694837407,-62.85379101232388
3970,0,normal,0.007208193186670542,0.31231653200045906,-62.997071975487415
3971,0,normal,0.009204511530697346,0.3135847546148024,-63.130713550090604
3972,0,normal,0.008708550594747066,0.3137606241327654,-63.22171670365992
3973,0,normal,0.050804995000362396,0.3143067729144324,-63.3146680654329
3974,0,normal,0.06516600400209427,0.3147613642905389,-63.3909520064808
3975,0,normal,0.04210039973258972,0.3148921785370438,-63.320755516049985
3976,0,normal,0.03525598719716072,0.31502316055074187,-63.271319750366274
3977,0,normal,0.021844664588570595,0.3163373788389294,-63.3300240674464
3978,0,normal,0.024579152464866638,0.3141441910633751,-63.41094852500942
3979,0,normal,0.008720390498638153,0.3133438886776485,-63.50501864475564
3980,0,normal,0.032567571848630905,0.31429461917923407,-63.36550650492654
3981,0,normal,0.026002658531069756,0.31461003761657597,-63.07461251989207
3982,0,normal,0.005299093667417765,0.31487997189049194,-62.93218389038066
3983,0,normal,0.007799179758876562,0.3148533549561717,-62.660860813334466
3984,0,normal,0.03829324245452881,0.31453006985400594,-62.650717370134544
3985,0,normal,0.02185112051665783,0.3139491436798652,-62.619896893738314
3986,0,normal,0.015713512897491455,0.3175564798434865,-62.56004389838495
3987,0,normal,0.013616741634905338,0.3171565658375694,-62.49915993275317
3988,0,normal,0.013090183958411217,0.31794089326352204,-62.59883928512636
3989,0,normal,0.01320057362318039,0.3164008794140331,-62.75075718534413
3990,0,normal,0.013516402803361416,0.3158311804883853,-62.90140158410509
3991,0,normal,0.013813413679599762,0.31677727372481224,-63.0824348120459
3992,0,normal,0.013998624868690968,0.3145834979077666,-63.335342997975886
3993,0,normal,0.014061635360121727,0.314979224558704,-63.65558325018901
3994,0,normal,0.014034198597073555,0.31361546053314543,-63.962798615694965
3995,0,normal,0.013953471556305885,0.31362938819406927,-64.0365107315547
3996,0,normal,0.013857441022992134,0.31398623707684925,-64.05399684170038
3997,0,normal,0.013762657530605793,0.31332716502397406,-64.05519170772959
3998,0,normal,0.013677041046321392,0.3146875551273193,-64.03518033888372
3999,0,normal,0.042034048587083817,0.31275130068008733,-63.63223749626718
4000,0,normal,0.015400990843772888,0.3130274160670116,-63.24650733791191
4001,0,normal,0.013191108591854572,0.3136354808588926,-62.81326293605707
4002,0,normal,8.88644790649414,0.33282207100631295,-30.023339328296515
4003,0,normal,0.097369484603405,0.3400374574804267,-29.69466159587273
4004,0,normal,1.7132532596588135,0.33548209625703057,-30.16897619133465
4005,0,normal,1.3931281566619873,0.3630362064111053,-2.9602020503634776
4006,0,normal,0.5042756795883179,0.34804454101166776,-3.821855467227124
4007,0,normal,14.147347450256348,0.3983632363428497,51.13236431613359
4008,0,normal,0.32111525535583496,0.4003490230852683,52.50184682548797
4009,0,normal,0.22489401698112488,0.38575556503542413,53.97147428746371
4010,0,normal,0.178351029753685,0.41310048118079784,55.9993717935954
4011,0,normal,0.9207237362861633,0.39610708683873747,56.174672159266265
4012,0,normal,3.381274700164795,0.4291999962033649,82.76505059392252
4013,0,normal,0.2767305374145508,0.4271855986453438,82.86351265744975
4014,0,normal,1.2219157218933105,0.4478797917420222,89.2005582222564
4015,0,normal,1.2328565120697021,0.44544825819999684,96.36786757750838
4016,0,normal,0.05812305584549904,0.42898333631730895,96.41301704659008
4017,0,normal,0.028084771707654,0.4690459807331201,96.56687062607261
4018,0,normal,0.009775849990546703,0.4351580994364845,96.62867304419251
4019,0,normal,0.006049639079719782,0.42718715756151365,96.74191195375874
4020,0,normal,0.005091331899166107,0.43268527147874597,96.95257841932494
4021,0,normal,0.004504809156060219,0.4346704166844536,97.19726849581116
4022,0,normal,0.005656848195940256,0.44045980618031083,97.4828599371449
4023,0,normal,0.00491907075047493,0.4253975159684071,97.77300970722717
4024,0,normal,0.005114698316901922,0.42183126285819855,98.03467086682554
4025,0,normal,0.0232833344489336,0.43569470522738935,98.57764412330175
4026,0,normal,0.010970714502036572,0.41701358085978324,99.07262514955028
4027,0,normal,0.02935662306845188,0.4504958686096703,99.39717258488349
4028,0,normal,0.011959129944443703,0.4308757396328214,99.68820345699442
4029,0,normal,0.009960575960576534,0.4437629093201689,100.07217016188088
4030,0,normal,0.008574537001550198,0.4375504539337374,100.63567528502222
4031,0,normal,0.040938783437013626,0.43496432611662483,101.58623479787911
4032,0,normal,0.017624767497181892,0.4295159105358214,74.42859178529216
4033,0,normal,0.010678568854928017,0.4332283517065682,75.43700657534532
4034,0,normal,0.008123507723212242,0.42840493524235396,76.94465660192213
4035,0,normal,0.0056192330084741116,0.39160212111078146,50.728472177404
4036,0,normal,0.005505187436938286,0.40221869786086223,51.59787019569171
4037,0,normal,0.0058157555758953094,0.3793664060917672,-3.5214315357191026
4038,0,normal,0.006031526252627373,0.35751292165378273,-5.496034061876571
4039,0,normal,0.007000849582254887,0.36563763461114557,-7.802750739969952
4040,0,normal,0.008103858679533005,0.35549216814123297,-11.00848688914948
4041,0,normal,0.028094042092561722,0.35653606891013256,-11.258809306339344
4042,0,normal,0.02181749790906906,0.32880811750029654,-41.85433871202213
4043,0,normal,0.019124094396829605,0.32731564993054596,-43.226742894119525
4044,0,normal,0.057869937270879745,0.3154367508106682,-51.23422595148804
4045,0,normal,0.03619428724050522,0.31177363083906534,-59.84755175050532
4046,0,normal,0.029960433021187782,0.3111834675771438,-60.1243116740668
4047,0,normal,0.020897164940834045,0.3110496590346039,-60.43112722506294
4048,0,normal,0.09740487486124039,0.3118486573002089,-60.19001614121862
4049,0,normal,0.016683856025338173,0.3125268654619894,-60.10530455363619
4050,0,normal,8.800948143005371,0.32916369361815206,-27.71725187392144
4051,0,normal,0.09705968201160431,0.338024371121522,-27.533986258304594
4052,0,normal,1.9351611137390137,0.3395773719699391,-17.012319510138923
4053,0,normal,1.3938182592391968,0.3707052998541669,9.470117613437651
4054,0,normal,0.5125524401664734,0.36389240935175327,8.798247842693172
4055,0,normal,0.21697799861431122,0.37722444422351836,10.413068018754984
4056,0,normal,0.14022913575172424,0.37903103288526435,12.193887587991412
4057,0,normal,0.12670540809631348,0.39020885145213163,14.497373979917256
4058,0,normal,0.0990714430809021,0.4010874109510286,17.131350107335493
4059,0,normal,0.09952151775360107,0.3945511754470806,19.648325298074724
4060,0,normal,0.3288060128688812,0.40674144230949233,23.207023880744146
4061,0,normal,0.9138745069503784,0.4025549897668656,26.496667129229763
4062,0,normal,2.199167490005493,0.4249349326858713,44.48445455036904
4063,0,normal,2.410161018371582,0.43059211872404973,58.021727635598154
4064,0,normal,0.9965238571166992,0.4520146169556979,57.90910539921333
4065,0,normal,90.33673858642578,0.4726141148180866,338.418023295741
4066,0,normal,0.04128654673695564,0.44310786079204906,338.143988412609
4067,0,normal,0.04423755034804344,0.43970645032970523,337.99945593934547
4068,0,normal,0.018186375498771667,0.4658639240235909,337.82045287884193
4069,0,normal,0.010824593715369701,0.4401561582096398,337.77540416627755
4070,0,normal,0.012074039317667484,0.4609891142136064,337.9103699955415
4071,0,normal,0.008465762250125408,0.4533106571458907,337.93992649304494
4072,0,normal,0.008113516494631767,0.42981028134629784,337.92548487717943
4073,0,normal,0.004752789624035358,0.4462155445268153,338.23398502082887
4074,0,normal,0.004358062986284494,0.4488926172376444,338.53067304730814
4075,0,normal,0.00488215172663331,0.47523626864774654,338.8605789804079
4076,0,normal,0.11621445417404175,0.4608924430690779,339.16410809277966
4077,0,normal,0.0599278062582016,0.4547132369526191,339.63689283840347
4078,0,normal,0.07589193433523178,0.4616955978659975,340.13124889709513
4079,0,normal,0.047711025923490524,0.45164836602344843,340.69516965694675
4080,0,normal,0.04680588096380234,0.44086031508839785,319.7763569583018
4081,0,normal,0.020396249368786812,0.4409939947631779,320.24335280382957
4082,0,normal,0.02936403453350067,0.4341402912112498,313.2753157564723
4083,0,normal,0.006882079876959324,0.4068950996197031,292.95259236514744
4084,0,normal,0.0053452178835868835,0.4208687773974434,293.6345423345664
4085,0,normal,0.00476802559569478,0.40833480523557153,292.3649487597695
4086,0,normal,0.018597278743982315,0.38764708985010093,291.3257076100034
4087,0,normal,0.005169484298676252,0.38721521400490877,289.7197920228391
4088,0,normal,0.004787113517522812,0.37974978032038903,288.06446977159453
4089,0,normal,0.02228350192308426,0.3830432617840676,286.3181281768168
4090,0,normal,0.007080630864948034,0.3897969244196805,283.2337625995532
4091,0,normal,0.008276552893221378,0.3649134387358955,279.9945491621322
4092,0,normal,0.007594787981361151,0.3541940713852682,264.5865950173567
4093,0,normal,0.007233028765767813,0.3333451095191104,252.18555952843155
4094,0,normal,0.02443895861506462,0.3267700876189829,251.81279047256396
4095,0,normal,0.021345529705286026,0.3137325405370497,-60.63733812913483
4096,0,normal,0.06944254785776138,0.314645026049792,-60.7912812101913
4097,0,normal,0.04201362282037735,0.31319615644647364,-60.876256100266346
4098,0,normal,0.032581787556409836,0.3139787532165616,-60.95401266443264
4099,0,normal,0.0321742407977581,0.3143217066401006,-61.009026467644844
4100,0,normal,0.08834364265203476,0.3129768062124517,-60.769725525731246
4101,0,normal,0.018726075068116188,0.31374915327614106,-60.52554911124275
4102,0,normal,0.009918613359332085,0.3144128185465061,-60.25907049647299
4103,0,normal,0.006870521232485771,0.3133038420651325,-59.99602593450459
4104,0,normal,0.00690044928342104,0.31366512262810275,-59.69781616195314
4105,0,normal,0.0052145360969007015,0.31381948324949466,-59.418951881888006
4106,0,normal,0.007311995606869459,0.31686016473145057,-59.35526676358086
4107,0,normal,0.02833724394440651,0.3144745581835585,-59.041049255549524
4108,0,normal,0.007019303739070892,0.31376106609537363,-59.12444269299954
4109,0,normal,0.009943840093910694,0.3138222084503381,-59.158047315158
4110,0,normal,0.022132592275738716,0.312889284991397,-59.115047462242046
4111,0,normal,0.00513696251437068,0.31515537476226957,-59.01989230747881
4112,0,normal,0.008348199538886547,0.31304596868661233,-58.927201697229975
4113,0,normal,0.011308491230010986,0.3114549479389964,-58.79204302273865
4114,0,normal,0.009378490969538689,0.31423408769908046,-58.706438970336876
4115,0,normal,0.015551270917057991,0.31166387277866786,-58.554092817039646
4116,0,normal,0.033709704875946045,0.312589913368223,-58.34317758746192
4117,0,normal,0.012448321096599102,0.31529180055032147,-58.500309435015424
4118,0,normal,0.055325400084257126,0.31357582526215094,-58.73003198946526
4119,0,normal,0.033759333193302155,0.31330940944979974,-59.09961377893478
4120,0,normal,0.03185966983437538,0.3149416761242213,-59.34152296868797
4121,0,normal,0.023022890090942383,0.3124077154169469,-59.56749122997917
4122,0,normal,0.07984711229801178,0.3125699927553548,-59.339193416761645
4123,0,normal,0.019807172939181328,0.3135952428714633,-59.17187870134899
4124,0,normal,0.014854048378765583,0.3167206676167662,-59.07052362123932
4125,0,normal,0.008579815737903118,0.3152217116421446,-58.79352363093358
4126,0,normal,0.008847790770232677,0.31338566224745973,-58.64924674184135
4127,0,normal,0.007827824912965298,0.31479974994898063,-58.559989357262566
4128,0,normal,0.00593153852969408,0.31477735101312593,-58.56090876177859
4129,0,normal,0.007375077344477177,0.3114562569043039,-58.6016534201176
4130,0,normal,0.011745097115635872,0.31114108916063676,-58.62323440664704
4131,0,normal,0.01113026775419712,0.31293437834248217,-58.55374751626732
4132,0,normal,0.0077281491830945015,0.3135617618523664,-58.526034792710334
4133,0,normal,0.007487113121896982,0.3139741097897224,-58.513795466608144
4134,0,normal,0.008338815532624722,0.31259876968068223,-58.52037287009625
4135,0,normal,0.006645955611020327,0.3131868323440871,-58.55995125744448
4136,0,normal,0.007688771467655897,0.31226529985698304,-58.62445030093431
4137,0,normal,0.006892016157507896,0.31179313892579025,-58.872126923087535
4138,0,normal,0.013986178673803806,0.3124661901374533,-58.8644504072563
4139,0,normal,0.02571277692914009,0.315044920848849,-59.14763831382925
4140,0,normal,0.018369099125266075,0.311970349075039,-59.523625062187875
4141,0,normal,0.01734468899667263,0.3122494569208723,-59.73669266078559
4142,0,normal,0.01686161942780018,0.3111034391506429,-59.96649383253771
4143,0,normal,0.06598281860351562,0.3112490452164547,-59.73739655007762
4144,0,normal,0.008793698623776436,0.31254569036032764,-59.722674050183514
4145,0,normal,0.006987567991018295,0.3105574970915629,-59.75182233686019
4146,0,normal,0.00687408447265625,0.3115485029906765,-59.88235858658595
4147,0,normal,8.814370155334473,0.3313026099598567,-27.420524640714575
4148,0,normal,0.08884672075510025,0.33814503707028093,-27.23787265701685
4149,0,normal,1.7179125547409058,0.3321426316945234,-27.726410291121738
4150,0,normal,2.594054937362671,0.3491970786802723,-17.70372914402492
4151,0,normal,0.8950480818748474,0.354140772738109,9.503183085363844
4152,0,normal,0.6571282148361206,0.3702142699890841,9.676338551712206
4153,0,normal,0.3138695955276489,0.38717980944289354,12.446050055202704
4154,0,normal,0.16682681441307068,0.37273843230872894,15.120403787593887
4155,0,normal,0.12317174673080444,0.39537619346616765,17.98006294961874
4156,0,normal,0.1010027751326561,0.3889019514973147,20.920370315291848
4157,0,normal,0.11240896582603455,0.39469551528987223,23.701562260066794
4158,0,normal,192.37783813476562,0.4362936619964003,535.4615362846569
4159,0,normal,3.3197600841522217,0.45461279735906374,549.6666833612826
4160,0,normal,0.332683801651001,0.4586409816553613,549.5001710816676
4161,0,normal,1.368012547492981,0.4540848161266172,552.3906176488307
4162,0,normal,1.3443938493728638,0.45525755824282416,556.686534294924
4163,0,normal,0.034510742872953415,0.4494347902504353,556.6249876332578
4164,0,normal,0.012820768170058727,0.4625588452156152,556.5590610788919
4165,0,normal,0.008608502335846424,0.46983938319564156,556.5186938833594
4166,0,normal,0.013275131583213806,0.4624628230337756,556.6462753657136
4167,0,normal,0.01274876482784748,0.451986364962019,556.8147485497901
4168,0,normal,0.11061376333236694,0.48354635138962465,556.8443744554935
4169,0,normal,0.06141895055770874,0.4425190596816468,556.9145555611456
4170,0,normal,0.04286352917551994,0.4497681691110212,557.0364410219837
4171,0,normal,0.05548107251524925,0.4658068694441215,557.1584309293086
4172,0,normal,0.04168322682380676,0.4550453200695519,557.3110906297425
4173,0,normal,0.015056564472615719,0.4751108916084689,557.3940428191969
4174,0,normal,0.039055801928043365,0.46871318263753053,557.6472687731846
4175,0,normal,0.01573357731103897,0.4543750822440119,558.0279666876648
4176,0,normal,0.006850947625935078,0.4561861034731171,558.5117001907425
4177,0,normal,0.01168025005608797,0.4489584655545833,543.3678668328959
4178,0,normal,0.013224100694060326,0.4397688031550031,543.7802441136843
4179,0,normal,0.008300474844872952,0.45979252493560446,544.3328751227552
4180,0,normal,0.009937073104083538,0.43038170123951786,539.4415281322762
4181,0,normal,0.00573988351970911,0.41625300483086486,524.7279039208046
4182,0,normal,0.00989866629242897,0.40769860219264914,524.6183995266481
4183,0,normal,0.011930135078728199,0.4153552351180867,523.0484271064762
4184,0,normal,0.01276734471321106,0.4073505165895186,521.4208640071316
4185,0,normal,0.05433632805943489,0.3873059882597911,519.5973879918698
4186,0,normal,0.11008401215076447,0.39746173311051247,517.600575314197
4187,0,normal,0.0856146290898323,0.37819819952495665,515.4273045137578
4188,0,normal,0.04765594005584717,0.35615077373499127,-14.773819975507877
4189,0,normal,0.028849240392446518,0.3302193456474433,-45.44462096229313
4190,0,normal,0.051644593477249146,0.3259559777944996,-46.56037885087608
4191,0,normal,0.024130748584866524,0.321746199419083,-53.1033727505162
4192,0,normal,0.03608353063464165,0.3151786868343582,-62.61794442901987
4193,0,normal,0.008247767575085163,0.31699329693600636,-62.64450809739651
4194,0,normal,0.005956965032964945,0.3150049112600091,-62.60061625964249
4195,0,normal,0.010584128089249134,0.3140762282357592,-62.38979287092866
4196,0,normal,0.00587720749899745,0.3123635400172386,-62.36080130371988
4197,0,normal,0.02448069304227829,0.3127492934196215,-61.980805033590286
4198,0,normal,0.007480095140635967,0.3168437087720989,-61.72352077696996
4199,0,normal,0.008960182778537273,0.31738277599968967,-61.47287047126679
4200,0,normal,0.0283748060464859,0.31812153122533027,-61.05000737355704
4201,0,normal,0.023631403222680092,0.3170315317032396,-60.77777210896306
4202,0,normal,0.0058378358371555805,0.3161973857789765,-60.76735399894915
4203,0,normal,0.009674838744103909,0.3144816402914007,-60.58268613711584
4204,0,normal,0.010536964051425457,0.3169195726683785,-60.360381897573006
4205,0,normal,0.010794032365083694,0.31581364919622784,-60.16522750497916
4206,0,normal,0.0313120037317276,0.31428963089731643,-59.73842165353881
4207,0,normal,0.017822986468672752,0.31474060007380544,-59.69971611486335
4208,0,normal,0.0080482866615057,0.31570389835441676,-59.56646510993505
4209,0,normal,0.011741789057850838,0.31602371579827093,-59.51582243456528
4210,0,normal,0.009393732994794846,0.31715972759065575,-59.43638593530227
4211,0,normal,0.008721023797988892,0.3148548914395408,-59.3388064249084
4212,0,normal,0.06787575036287308,0.3167471768328289,-58.652741449998985
4213,0,normal,0.012328902259469032,0.31578224145559425,-58.21849593261322
4214,0,normal,0.013496650382876396,0.3190551889620904,-57.73419462245033
4215,0,normal,0.014595801010727882,0.3153571781121253,-57.346100710314886
4216,0,normal,0.008696393109858036,0.31666902026814836,-57.352848932532424
4217,0,normal,0.007647566497325897,0.31549473598549804,-57.50053228069146
4218,0,normal,0.008354374207556248,0.3180455543643923,-57.584190033368714
4219,0,normal,0.009360138326883316,0.31233250438493304,-57.57806859071593
4220,0,normal,0.01084003783762455,0.3125672799457748,-57.72831405984948
4221,0,normal,0.028623895719647408,0.3119624637351565,-57.54189444021472
4222,0,normal,0.02017430029809475,0.3143046945313979,-57.65277832758875
4223,0,normal,0.011562242172658443,0.31272149078633826,-57.77522025734038
4224,0,normal,0.00977385975420475,0.31318895673908326,-57.92935728891234
4225,0,normal,0.01068374514579773,0.31304956265644773,-58.187955536525806
4226,0,normal,0.008986014872789383,0.31205793271885834,-58.3705747527149
4227,0,normal,0.05097554996609688,0.3112884804157393,-58.32343784622731
4228,0,normal,0.013746672309935093,0.3133448649729284,-58.3341292962366
4229,0,normal,0.030522717162966728,0.3152363267513359,-58.13774170343481
4230,0,normal,0.005665275268256664,0.3118368943439406,-58.38427682549877
4231,0,normal,0.005446626804769039,0.312264355292606,-58.64341165684277
4232,0,normal,0.006219496484845877,0.3136128959475191,-58.7224140481178
4233,0,normal,0.006903819739818573,0.31327085922553566,-58.80408433188677
4234,0,normal,0.006055546458810568,0.3122077821879728,-58.90525162372728
4235,0,normal,0.00632819626480341,0.3115443947519585,-59.04249342813864
4236,0,normal,0.006749548949301243,0.31100207049601775,-59.280499905101124
4237,0,normal,0.03086497075855732,0.3137228631731218,-59.3978495712704
4238,0,normal,0.01935465633869171,0.31262892858528446,-59.56654983120302
4239,0,normal,0.014242114499211311,0.31204562263199503,-59.723445092882685
4240,0,normal,0.014548521488904953,0.31276535248943704,-59.905403330939635
4241,0,normal,0.009381345473229885,0.31287658898894866,-60.08702853537693
4242,0,normal,0.050456445664167404,0.31101580109622257,-60.188138028155436
4243,0,normal,0.01060496922582388,0.31207046200996535,-60.245021358824715
4244,0,normal,8.823348045349121,0.3304404234995696,-28.035286739530193
4245,0,normal,0.08729702234268188,0.3376241465018926,-28.053507682124973
4246,0,normal,1.707000494003296,0.33294095933713785,-28.652060499084882
4247,0,normal,2.6150825023651123,0.34798224799959215,-18.62593581367537
4248,0,normal,0.9097992777824402,0.3558578130700063,8.694236528834836
4249,0,normal,0.2723304033279419,0.3731552570278476,10.189325948879741
4250,0,normal,0.633021354675293,0.3906172954169092,11.045777314474208
4251,0,normal,0.18191970884799957,0.3751791598129542,13.647833236889937
4252,0,normal,0.12933029234409332,0.3964365561175125,16.62107172509127
4253,0,normal,0.11032962799072266,0.3874521314272244,19.72921517630516
4254,0,normal,0.1262035071849823,0.39194278234442353,22.77586760208419
4255,0,normal,5.509315013885498,0.4226747010518291,50.81352308106898
4256,0,normal,0.3084353506565094,0.42922633900869783,52.063698407908305
4257,0,normal,0.745776355266571,0.4396021727191633,51.495100582337045
4258,0,normal,1.9876857995986938,0.4384554301989444,65.35743947988976
4259,0,normal,0.035373564809560776,0.44031172982008304,65.0514546500849
4260,0,normal,0.010535797104239464,0.4463125950140308,65.00942926508674
4261,0,normal,0.005271876230835915,0.4308177821061434,64.7987987914305
4262,0,normal,0.0040592169389128685,0.4286255549278405,64.8571696839183
4263,0,normal,0.003021024167537689,0.42949964565458226,64.99152628223487
4264,0,normal,0.0023006396368145943,0.44769731284117814,65.2330185025994
4265,0,normal,0.0033245801459997892,0.45389437532005983,65.50459448356332
4266,0,normal,0.08553624153137207,0.4284895070870646,65.65764064144037
4267,0,normal,0.048225950449705124,0.4342957055521688,65.8959925220206
4268,0,normal,0.03418099507689476,0.4353095756155936,66.06763563758136
4269,0,normal,0.027860499918460846,0.4361837069190515,66.31852215979984
4270,0,normal,0.03202078863978386,0.46599496481463504,66.72530119700423
4271,0,normal,0.037058763206005096,0.43051198850461087,67.19487159748428
4272,0,normal,0.06793192774057388,0.44979098694088565,67.80109001142682
4273,0,normal,0.009941949509084225,0.438402754465471,68.64529729981018
4274,0,normal,0.005802762694656849,0.4076660474481793,40.529541078030206
4275,0,normal,1.6691889762878418,0.4326006318273221,46.481007742264865
4276,0,normal,0.08591953665018082,0.43891359385491135,47.5727997570757
4277,0,normal,0.039484258741140366,0.42460354521967725,38.64286933554877
4278,0,normal,0.02415497973561287,0.399457093511234,11.156164432693458
4279,0,normal,0.015970546752214432,0.39479157255435077,8.967444077770551
4280,0,normal,0.02051088772714138,0.39867338588454543,9.021266806824087
4281,0,normal,0.009771417826414108,0.37431127874072423,6.108051294882216
4282,0,normal,0.022969041019678116,0.384578392254898,2.909773620044234
4283,0,normal,0.01023599412292242,0.3738080528321552,-1.0233279894541738
4284,0,normal,0.04973124340176582,0.3700952351885703,-5.375807502508451
4285,0,normal,0.027940336614847183,0.3386989362208783,-37.15549875163674
4286,0,normal,0.01265107374638319,0.32650864012596104,-40.59523232964375
4287,0,normal,0.022166993468999863,0.32711405861845855,-40.71294475803097
4288,0,normal,0.018878687173128128,0.31488858035188105,-56.74077632426247
4289,0,normal,8.68100357055664,0.3336197206510463,-24.64432598089502
4290,0,normal,0.09460046887397766,0.34313413318280883,-24.688811352392577
4291,0,normal,1.9385185241699219,0.33385024083613024,-25.06092391702805
4292,0,normal,1.2181801795959473,0.3646544638399543,2.044147701804377
4293,0,normal,0.18881085515022278,0.36031215939299915,3.292388663030806
4294,0,normal,0.13597248494625092,0.3844407931405082,5.061315864496692
4295,0,normal,14.176301002502441,0.40676816867245436,59.88209736408203
4296,0,normal,0.28607994318008423,0.4134020672576211,61.272337813753666
4297,0,normal,13.738564491271973,0.43629573795729304,113.29899985013515
4298,0,normal,0.3401321470737457,0.4387821664729498,114.57557380727405
4299,0,normal,4.144480228424072,0.43106225958955263,127.92311476036309
4300,0,normal,2.9280200004577637,0.45619674770113755,138.83720341209118
4301,0,normal,0.6136597394943237,0.44962948050811286,139.1078510502083
4302,0,normal,1.397126317024231,0.4710622383323164,144.54654729264666
4303,0,normal,1.2812849283218384,0.47137995681606654,151.99938691806778
4304,0,normal,0.10867474228143692,0.4649139308641816,151.837225651876
4305,0,normal,0.02606949582695961,0.4694013458648263,146.90487662179987
4306,0,normal,0.035236187279224396,0.44706358940773333,146.84511094890138
4307,0,normal,0.005696699023246765,0.46532614843484127,146.8633749041776
4308,0,normal,0.005522961728274822,0.44908654049576346,146.9426580880845
4309,0,normal,0.03546862676739693,0.46740051133251126,147.3934061236514
4310,0,normal,0.008500004187226295,0.4629822905400097,147.64110268791694
4311,0,normal,0.009201962500810623,0.42705753927894047,148.02013494472374
4312,0,normal,0.011181950569152832,0.47717470783366794,148.39129940988687
4313,0,normal,0.013128414750099182,0.44766116792942223,148.99454005485472
4314,0,normal,0.011562933214008808,0.47298184577401164,149.70762119433584
4315,0,normal,0.03361392021179199,0.4721076354168097,150.60282172551956
4316,0,normal,0.014513825066387653,0.46333231257817303,151.67865488153348
4317,0,normal,0.011352593079209328,0.4680504637405567,152.81434328609646
4318,0,normal,0.012239632196724415,0.45625570016998557,154.09606790074156
4319,0,normal,0.015692008659243584,0.4482361255263304,128.81053727533276
4320,0,normal,0.010954043827950954,0.4515886490213766,129.9807834926138
4321,0,normal,0.022617490962147713,0.44457290670373667,131.57653865407735
4322,0,normal,0.08390574157238007,0.4271411206252701,106.98528383143537
4323,0,normal,0.052075568586587906,0.41555788581065484,105.25556007413934
4324,0,normal,0.03298185393214226,0.4281217572352921,103.3843522929285
4325,0,normal,0.03298624977469444,0.3943339430755977,50.635393985090786
4326,0,normal,0.07598113268613815,0.39190038664561333,48.56243403761232
4327,0,normal,0.016866538673639297,0.368266653626057,-7.355755077320737
4328,0,normal,0.009037398733198643,0.3473903436138268,-10.085835391018463
4329,0,normal,0.006715856026858091,0.3494624847387637,-25.985456551724383
4330,0,normal,0.006087524350732565,0.33199793233124625,-40.2726199669371
4331,0,normal,0.005539974197745323,0.32908628805528156,-41.83470822651202
4332,0,normal,0.005344452802091837,0.322159816250136,-48.732698643015965
4333,0,normal,0.005783271510154009,0.31406681932224845,-58.571467766259275
4334,0,normal,0.005804292391985655,0.3109585296089253,-58.692428157240556
4335,0,normal,0.0054839118383824825,0.31132962379761836,-58.69649075974621
4336,0,normal,0.01468820869922638,0.31233349056402254,-58.65493871949343
4337,0,normal,0.005802498199045658,0.3145592548831479,-58.71814600993025
4338,0,normal,0.006292743142694235,0.3149699794790494,-58.81677343759725
4339,0,normal,0.008704002015292645,0.3121872533028561,-59.07799607213815
4340,0,normal,0.007028908468782902,0.31262576671695597,-59.21764461471662
4341,0,normal,0.014432433992624283,0.31277327585116155,-59.25422556481317
4342,0,normal,0.03660211339592934,0.3134700692678456,-59.613836162902544
4343,0,normal,0.02036435343325138,0.313179605682807,-59.99121762903155
4344,0,normal,0.015579722821712494,0.312814450248552,-60.3489245266901
4345,0,normal,0.014001731760799885,0.31223975967304135,-60.83870282903786
4346,0,normal,0.011969121173024178,0.31230398066765513,-61.179188697219615
4347,0,normal,0.010949837043881416,0.31251094319621403,-61.447266777138566
4348,0,normal,0.02683776058256626,0.3114625350971773,-61.42972621520789
4349,0,normal,0.007879714481532574,0.3127955676859068,-61.4867022546091
4350,0,normal,0.006283752154558897,0.3119198658052759,-61.52438574199982
4351,0,normal,0.005658914800733328,0.31269423646985506,-61.630048011379586
4352,0,normal,0.005287330597639084,0.3125360258876533,-61.62584603628261
4353,0,normal,0.029359010979533195,0.3124742688967216,-61.797208692112235
4354,0,normal,0.017131710425019264,0.3123386824163179,-61.9883366638187
4355,0,normal,0.06324396282434464,0.311426428981943,-62.194858937955814
4356,0,normal,0.04789409041404724,0.310932831089584,-62.422081579406495
4357,0,normal,0.036616936326026917,0.3110909986711598,-62.57599416538824
4358,0,normal,0.01734940893948078,0.31224592548038815,-62.75430883931335
4359,0,normal,0.03757985681295395,0.3111524841380842,-62.86572778225832
4360,0,normal,0.03447264805436134,0.3115683741618293,-62.99313232229997
4361,0,normal,0.043597135692834854,0.3108754839070238,-62.96914124550017
4362,0,normal,0.013255350291728973,0.31164833564595895,-62.92999919381941
4363,0,normal,0.007419307250529528,0.3117196939378438,-62.87722711442302
4364,0,normal,0.005877423565834761,0.31197831340482024,-62.80790907006394
4365,0,normal,0.004797360859811306,0.3113485236750636,-62.73814293422038
4366,0,normal,0.0050479755736887455,0.3113852699975358,-62.73162442182252
4367,0,normal,0.007267479319125414,0.31191460603761295,-62.56225388583425
4368,0,normal,0.00477510504424572,0.3126439039724152,-62.427066917684215
4369,0,normal,0.00619424507021904,0.31276683314021797,-62.305439842900114
4370,0,normal,0.004964053630828857,0.3125097736720728,-62.24780393548713
4371,0,normal,0.011799818836152554,0.313934459700762,-62.1043436937191
4372,0,normal,0.1094883382320404,0.3142391383793395,-62.07618023791565
4373,0,normal,0.06117546558380127,0.31423392769469216,-62.07938488189188
4374,0,normal,0.05102138966321945,0.313343739674105,-62.086563227730494
4375,0,normal,0.03264431655406952,0.31392358406376186,-62.140615063912264
4376,0,normal,0.030861487612128258,0.3130260061511468,-62.19580786887241
4377,0,normal,0.03189336135983467,0.31328384301828166,-62.242784158532686
4378,0,normal,0.03921906277537346,0.31229367081802,-62.2587451536142
4379,0,normal,0.013611754402518272,0.31288614072509957,-62.16199852027307
4380,0,normal,0.0063466159626841545,0.31243800151879547,-62.0253844215149
4381,0,normal,0.0149774719029665,0.31361792888873313,-61.67602628274744
4382,0,normal,0.005419862922281027,0.31437190856229213,-61.40624902112654
4383,0,normal,0.004758818540722132,0.31356826716896136,-61.139376901081505
4384,0,normal,0.009203357622027397,0.313751019456184,-60.7786296114607
4385,0,normal,8.875443458557129,0.3329996876139081,-28.283933054888394
4386,0,normal,0.11219192296266556,0.3367250241123993,-28.017002218535026
4387,0,normal,1.9297221899032593,0.34741595270280207,-15.573678113292772
4388,0,normal,1.3127347230911255,0.3798126059044221,11.09261698095952
4389,0,normal,0.16583818197250366,0.37938709945867055,11.800947347673855
4390,0,normal,0.6008605360984802,0.38948100316787,11.556142187489968
4391,0,normal,0.15775395929813385,0.3914617551153277,13.547184342892024
4392,0,normal,0.15123729407787323,0.3985707038654054,15.94805927511129
4393,0,normal,0.11472326517105103,0.40682063485661807,18.63555238086815
4394,0,normal,0.7770171165466309,0.3911545387598004,19.52608808897662
4395,0,normal,0.27661871910095215,0.4098077366507201,22.22455910930171
4396,0,normal,0.6831279993057251,0.40733025120874744,24.961370513638713
4397,0,normal,2.488795757293701,0.44242915058572496,51.65962493618872
4398,0,normal,0.4223374128341675,0.43279551711588005,52.75841356399428
4399,0,normal,1.3855005502700806,0.44878666133777606,58.55465816235096
4400,0,normal,1.3057852983474731,0.4637217323038593,66.76642725018746
4401,0,normal,0.02694403938949108,0.4357705937434928,66.7202934831962
4402,0,normal,0.01110436487942934,0.4485211799690225,66.58456326817395
4403,0,normal,0.004718373063951731,0.4527096034849407,66.45832900867049
4404,0,normal,0.004440004006028175,0.440221472943223,66.4090829155839
4405,0,normal,0.009395409375429153,0.44909040250658677,66.56955440776142
4406,0,normal,0.005449296440929174,0.45230825018393944,66.67039895841026
4407,0,normal,0.005096099339425564,0.4188727146613744,66.73486198270075
4408,0,normal,0.0049708448350429535,0.44067117993801197,67.09281951813205
4409,0,normal,0.004650950897485018,0.451859027480366,67.5167449935816
4410,0,normal,0.004715488757938147,0.46191146632987135,68.04444201829642
4411,0,normal,0.004947449546307325,0.44840347030336597,68.48154978188018
4412,0,normal,0.010121733881533146,0.45981668516555413,69.30779827725314
4413,0,normal,0.03281311318278313,0.44773891112749226,70.0974873105381
4414,0,normal,0.097993403673172,0.44575333357937635,70.97246109501566
4415,0,normal,0.06317627429962158,0.4336086504522865,42.920723082034556
4416,0,normal,0.04732296243309975,0.4286249886849226,43.71133051983452
4417,0,normal,0.03615555912256241,0.40971637362443813,31.652620324993222
4418,0,normal,0.029476629570126534,0.39758357374692666,3.8341183770253338
4419,0,normal,0.06221352145075798,0.4020059872708369,2.3357920380672113
4420,0,normal,0.01660957746207714,0.3887248049668531,3.0178509979130013
4421,0,normal,0.008549909107387066,0.3846061228410306,0.9808460710889904
4422,0,normal,0.01702725514769554,0.3791711733893185,-1.4776119152563751
4423,0,normal,0.0059437500312924385,0.36443184117162236,-4.421850666312594
4424,0,normal,0.011191483587026596,0.38399694604417794,-5.150253411954964
4425,0,normal,0.009622029028832912,0.35666961543540115,-8.865287406209518
4426,0,normal,0.006117825396358967,0.359081984085771,-12.797786998717584
4427,0,normal,0.015191696584224701,0.3276738388266912,-42.865964266793526
4428,0,normal,0.007839285768568516,0.32351018077570354,-45.61262296707832
4429,0,normal,0.005750236567109823,0.319834781447662,-52.09552010087373
4430,0,normal,0.005621524527668953,0.3131136211212109,-61.565508079959045
4431,0,normal,0.005751869175583124,0.3124322319458343,-61.59232686009432
4432,0,normal,0.005774294957518578,0.3121110934336965,-61.637575678551684
4433,0,normal,0.00832317117601633,0.31289829372733863,-61.61081231372577
4434,0,normal,0.00956130214035511,0.31286298966599546,-61.53564716551682
4435,0,normal,0.023921657353639603,0.31264566812257993,-61.32881095316202
4436,0,normal,0.011151958256959915,0.3142144872478254,-61.38404199542788
4437,0,normal,8.79835319519043,0.32991286001722075,-29.065421241196873
4438,0,normal,0.05698930472135544,0.3393062148762532,-29.190825608356135
4439,0,normal,1.9160826206207275,0.33046233720903045,-29.582346651274293
4440,0,normal,4.008994102478027,0.3415291006076411,-30.412545095199448
4441,0,normal,1.702784538269043,0.34056269170122644,-4.383044037790114
4442,0,normal,0.2774093747138977,0.35805601237367374,-3.0133950116708093
4443,0,normal,0.18434979021549225,0.3767252192308782,-1.0233780874268632
4444,0,normal,0.14162206649780273,0.3701200477136203,0.5726265506227719
4445,0,normal,0.12870609760284424,0.37848620191748156,2.227804815095169
4446,0,normal,0.11414194107055664,0.38462222990459477,3.9680824465187925
4447,0,normal,0.11664103716611862,0.38468258775413605,5.654355374769921
4448,0,normal,0.2884131371974945,0.38752532482839697,8.322389269760606
4449,0,normal,3.922473669052124,0.4106283039835518,36.61115004758699
4450,0,normal,0.26163026690483093,0.4171259433828767,36.81689592942598
4451,0,normal,0.7635141611099243,0.424048172581851,36.8434619453094
4452,0,normal,1.7178457975387573,0.42830244242685556,50.95325561067648
4453,0,normal,0.10421168059110641,0.4170354556538347,50.75344118473731
4454,0,normal,0.04599900543689728,0.4310063179044191,50.64787685455349
4455,0,normal,0.027249332517385483,0.42263330168842156,50.47720344357663
4456,0,normal,0.007308609783649445,0.42209947214461435,50.52900278557945
4457,0,normal,0.003057754598557949,0.4176364646290797,50.59114696567417
4458,0,normal,0.002522431081160903,0.43930594536144657,50.84889757923452
4459,0,normal,0.0018932078965008259,0.42252611613815483,51.035236354513245
4460,0,normal,0.002917626639828086,0.42354920226963144,51.41357786003164
4461,0,normal,0.0037080582696944475,0.4208916057313193,51.68655072280194
4462,0,normal,0.007440157234668732,0.4349352421679281,52.05775995527233
4463,0,normal,0.005938109941780567,0.4287329893312653,52.547415913307304
4464,0,normal,0.01697668991982937,0.4315797183884754,53.17887058612291
4465,0,normal,0.08788682520389557,0.4315816246860871,53.51033920284635
4466,0,normal,0.05792536959052086,0.4394042142611804,54.1964028221505
4467,0,normal,0.03773418441414833,0.4128299469150719,25.50983279041907
4468,0,normal,0.04721672460436821,0.4057108159056228,26.20699788431807
4469,0,normal,0.044360823929309845,0.4279139641384722,27.043987053750016
4470,0,normal,0.0152892479673028,0.4132542044348571,28.116386561348236
4471,0,normal,0.01797235943377018,0.40516644678877395,3.5745250883871904
4472,0,normal,0.008017770014703274,0.3888991543834144,1.896189341057152
4473,0,normal,0.006400084588676691,0.38942962249737073,0.26318647004336526
4474,0,normal,0.005518545396625996,0.38092843438594515,-1.332687588769204
4475,0,normal,0.005455390550196171,0.36160112970461206,-3.0398674458745063
4476,0,normal,0.0049733626656234264,0.36841809838670136,-5.175148024735336
4477,0,normal,0.014482048340141773,0.3675765820926542,-7.4792182925696125
4478,0,normal,0.02033408172428608,0.3553912912751238,-11.100526728423347
4479,0,normal,0.004646075889468193,0.3317619369228991,-42.66160856437568
4480,0,normal,0.0058019645512104034,0.3260114852630362,-44.108779461734
4481,0,normal,0.009911809116601944,0.3264479688328772,-44.40906435447641
4482,0,normal,0.019124388694763184,0.3129062201451537,-60.487605813909795
4483,0,normal,8.85106372833252,0.3334577463237601,-28.32721590294568
4484,0,normal,0.0448012501001358,0.3374025146025871,-28.543314531598526
4485,0,normal,2.894615888595581,0.3520203866267648,-0.9149547754934702
4486,0,normal,0.48758864402770996,0.36706546477423646,-1.958527541283047
4487,0,normal,0.1964978277683258,0.3711041310199308,0.022608585158650385
4488,0,normal,0.7263663411140442,0.3622756941212254,0.15155120421877655
4489,0,normal,0.18497425317764282,0.3804987564027115,2.1189200260448615
4490,0,normal,0.19039563834667206,0.38450490255493225,3.8111982260566037
4491,0,normal,0.13853755593299866,0.3864229482303436,5.630247936019032
4492,0,normal,0.15202878415584564,0.38671512149944853,7.394561522116874
4493,0,normal,0.4330947995185852,0.4027078540066683,9.139366474291137
4494,0,normal,3.1483688354492188,0.4134363223335028,36.126734644939916
4495,0,normal,0.47961345314979553,0.42201708589209397,35.48259094890045
4496,0,normal,1.0024497509002686,0.43147383385042165,37.031381988988414
4497,0,normal,2.0347402095794678,0.42450347601477134,51.032668908163714
4498,0,normal,0.015414667315781116,0.43034700086028455,50.76468325649944
4499,0,normal,0.007322600111365318,0.4314828970790784,50.50647221790837
4500,0,normal,0.006446768995374441,0.43274755273615884,50.15165626786256
4501,0,normal,0.005689024925231934,0.4257728394721474,50.105176286669575
4502,0,normal,0.00444077979773283,0.4287083122503883,50.1255686900854
4503,0,normal,0.003507395973429084,0.43176075353001936,50.216713049276905
4504,0,normal,0.003090513404458761,0.42853587777318874,50.28405863800094
4505,0,normal,0.0031077321618795395,0.4265824148104089,50.360680842698685
4506,0,normal,0.0033911278005689383,0.4271612652947143,50.64254958448805
4507,0,normal,0.0037940251640975475,0.4536909525462175,50.95795939936124
4508,0,normal,0.004220912698656321,0.4259354232783557,51.086523940017514
4509,0,normal,0.004621017724275589,0.4483700711969419,51.52176223645324
4510,0,normal,0.004972477443516254,0.43875674906966,52.13599075092861
4511,0,normal,0.005268270615488291,0.4396732056432432,52.740618809656326
4512,0,normal,0.005507760215550661,0.42891970801301865,53.32521630488122
4513,0,normal,0.005706883035600185,0.42036041960704956,24.631959868080685
4514,0,normal,0.005848447326570749,0.4087766717004514,25.603195921731185
4515,0,normal,0.006040940992534161,0.39062442776398815,-2.1985974066326435
4516,0,normal,0.00608946243301034,0.40373653591980674,-1.5775785587668452
4517,0,normal,0.00612289272248745,0.378321546694457,-4.1442246273179535
4518,0,normal,0.006146091502159834,0.38438794066700716,-3.7185559866927633
4519,0,normal,0.006173036526888609,0.38481307691214645,-5.80087137652481
4520,0,normal,0.006205494981259108,0.36062348238404807,-7.51576599326404
4521,0,normal,0.006244880612939596,0.3712004978752062,-9.694960224710258
4522,0,normal,0.006285586394369602,0.3648042463945799,-12.254789376861254
4523,0,normal,0.0063038901425898075,0.3526113003463354,-14.848288690813888
4524,0,normal,0.006319453474134207,0.3306926778105164,-44.95358671546819
4525,0,normal,0.00622601481154561,0.32600084436923726,-44.73456198603071
4526,0,normal,0.006142059341073036,0.32136370201937575,-47.4412209014306
4527,0,normal,0.006134675815701485,0.31141352336097705,-63.35505032479023
4528,0,normal,0.006134675815701485,0.31141352336097705,-63.35505032479023
4529,0,normal,0.006134675815701485,0.31141352336097705,-63.35505032479023
4530,0,normal,0.006134675815701485,0.31141352336097705,-63.35505032479023
4531,0,normal,0.006134675815701485,0.31141352336097705,-63.35505032479023
4532,0,normal,0.006134675815701485,0.31141352336097705,-63.35505032479023
4533,0,normal,0.006134675815701485,0.31141352336097705,-63.35505032479023
4534,0,normal,0.006134675815701485,0.31141352336097705,-63.35505032479023
4535,0,normal,0.006134675815701485,0.31141352336097705,-63.35505032479023
4536,1,contextual,0.006134675815701485,0.31141352336097705,-63.35505032479023
4537,1,contextual,0.006134675815701485,0.31141352336097705,-63.35505032479023
4538,1,contextual,0.006134675815701485,0.31141352336097705,-63.35505032479023
4539,1,contextual,0.006134675815701485,0.31141352336097705,-63.35505032479023
4540,1,contextual,0.006134675815701485,0.31141352336097705,-63.35505032479023
4541,1,contextual,0.006134675815701485,0.31141352336097705,-63.35505032479023
4542,1,contextual,0.006134675815701485,0.31141352336097705,-63.35505032479023
4543,1,contextual,0.006134675815701485,0.31141352336097705,-63.35505032479023
4544,1,contextual,0.006134675815701485,0.31141352336097705,-63.35505032479023
4545,1,contextual,0.006134675815701485,0.31141352336097705,-63.35505032479023
4546,1,contextual,0.006134675815701485,0.31141352336097705,-63.35505032479023
4547,1,contextual,0.006134675815701485,0.31141352336097705,-63.35505032479023
4548,1,contextual,0.006134675815701485,0.31141352336097705,-63.35505032479023
4549,1,contextual,0.006134675815701485,0.31141352336097705,-63.35505032479023
4550,1,contextual,0.006134675815701485,0.31141352336097705,-63.35505032479023
4551,1,contextual,0.006134675815701485,0.31141352336097705,-63.35505032479023
4552,1,contextual,0.006134675815701485,0.31141352336097705,-63.35505032479023
4553,1,contextual,0.006134675815701485,0.31141352336097705,-63.35505032479023
4554,1,contextual,0.006134675815701485,0.31141352336097705,-63.35505032479023
4555,1,contextual,0.006134675815701485,0.31141352336097705,-63.35505032479023
4556,1,contextual,0.006134675815701485,0.31141352336097705,-63.35505032479023
4557,1,contextual,0.006134675815701485,0.31141352336097705,-63.35505032479023
4558,1,contextual,0.006134675815701485,0.31141352336097705,-63.35505032479023
4559,1,contextual,0.006134675815701485,0.31141352336097705,-63.35505032479023
4560,1,contextual,0.006134675815701485,0.31141352336097705,-63.35505032479023
4561,1,contextual,0.006134675815701485,0.31141352336097705,-63.35505032479023
4562,1,contextual,0.006134675815701485,0.31141352336097705,-63.35505032479023
4563,1,contextual,0.006134675815701485,0.31141352336097705,-63.35505032479023
4564,1,contextual,0.006134675815701485,0.31141352336097705,-63.35505032479023
4565,1,contextual,0.006134675815701485,0.31141352336097705,-63.35505032479023
4566,1,contextual,0.006134675815701485,0.31141352336097705,-63.35505032479023
4567,1,contextual,0.006134675815701485,0.31141352336097705,-63.35505032479023
4568,1,contextual,0.006134675815701485,0.31141352336097705,-63.35505032479023
4569,1,contextual,0.006134675815701485,0.31141352336097705,-63.35505032479023
4570,1,contextual,0.006134675815701485,0.31141352336097705,-63.35505032479023
4571,1,contextual,0.006134675815701485,0.31141352336097705,-63.35505032479023
4572,1,contextual,0.006134675815701485,0.31141352336097705,-63.35505032479023
4573,1,contextual,0.006134675815701485,0.31141352336097705,-63.35505032479023
4574,1,contextual,0.006134675815701485,0.31141352336097705,-63.35505032479023
4575,1,contextual,0.006134675815701485,0.31141352336097705,-63.35505032479023
4576,1,contextual,0.006134675815701485,0.31141352336097705,-63.35505032479023
4577,1,contextual,0.006134675815701485,0.31141352336097705,-63.35505032479023
4578,1,contextual,0.006134675815701485,0.31141352336097705,-63.35505032479023
4579,1,contextual,0.006134675815701485,0.31141352336097705,-63.35505032479023
4580,1,contextual,0.006134675815701485,0.31141352336097705,-63.35505032479023
4581,1,contextual,0.006134675815701485,0.31141352336097705,-63.35505032479023
4582,1,contextual,0.006134675815701485,0.31141352336097705,-63.35505032479023
4583,1,contextual,0.006134675815701485,0.31141352336097705,-63.35505032479023
4584,1,contextual,0.006134675815701485,0.31141352336097705,-63.35505032479023
4585,1,contextual,8.784931182861328,0.32907098270287827,-30.949790158732867
4586,1,contextual,0.14381568133831024,0.33825820741816764,-30.854133738578867
4587,1,contextual,1.9598180055618286,0.33179849469172884,-31.044693895374394
4588,1,contextual,1.1263563632965088,0.36127560726534524,-3.5217440464132324
4589,1,contextual,0.1745613068342209,0.3529579560730109,-2.4182777200196597
4590,1,contextual,0.1412886083126068,0.38101007981238366,-0.8629350653980055
4591,1,contextual,0.1342184990644455,0.3827835822769536,0.9822240463795424
4592,1,contextual,0.1465175747871399,0.3794517719957853,2.5886490656525893
4593,1,contextual,0.142547607421875,0.3972829111773062,4.458055006514542
4594,1,contextual,0.12345793843269348,0.3808840280752969,6.237602944417176
4595,1,contextual,0.1841934621334076,0.3911421330586432,8.01083477977636
4596,1,contextual,0.5447146892547607,0.3905597918885356,9.813163694306468
4597,1,contextual,2.7498598098754883,0.42232040404525556,36.87565347650525
4598,1,contextual,0.3008764088153839,0.42750476380289987,36.94051019757285
4599,1,contextual,1.2213386297225952,0.4333771544486437,43.4690910928764
4600,1,contextual,1.2837944030761719,0.4420143503160064,51.25668272625239
4601,1,contextual,0.037720926105976105,0.4227074982575003,51.38571997823533
4602,1,contextual,0.018745236098766327,0.42907351685984857,51.50929154249593
4603,1,contextual,0.007841313257813454,0.43512589382680694,51.58137354726068
4604,1,contextual,0.01656298339366913,0.42176652710106216,51.93702760736278
4605,1,contextual,0.025153379887342453,0.43003903223771345,52.00470711414482
4606,1,contextual,0.0433194600045681,0.4521861710450083,52.072501477570995
4607,1,contextual,0.04785444959998131,0.4239295858277586,52.18047226451563
4608,1,contextual,0.04123586416244507,0.4371419052056894,52.408113321539986
4609,1,contextual,0.02619592845439911,0.4328205487506691,52.67568408506463
4610,1,contextual,0.08492933213710785,0.45168878062350215,53.428145226770994
4611,1,contextual,0.020270507782697678,0.44054600222190105,54.08705612109543
4612,1,contextual,0.009151344187557697,0.43800964770898676,54.96015561569811
4613,1,contextual,0.006643686443567276,0.44183655646199615,55.98098023382977
4614,1,contextual,0.005938051734119654,0.4426614195536008,57.081726453422334
4615,1,contextual,0.0056040044873952866,0.42514783674698103,28.94516425274651
4616,1,contextual,0.006591479759663343,0.4223967516509051,29.753629355238218
4617,1,contextual,0.006732885725796223,0.41111820129060805,30.681299193021005
4618,1,contextual,0.005191919859498739,0.40197280000772834,3.028599642073914
4619,1,contextual,0.006524180062115192,0.4031271534302623,1.5177404480732548
4620,1,contextual,0.008324963040649891,0.37826676530295283,-0.08449374973179147
4621,1,contextual,0.006750826723873615,0.3853323042325954,-1.7728248770879418
4622,1,contextual,0.006324028130620718,0.3892577260117711,-3.450843923706998
4623,1,contextual,0.006698270328342915,0.3594796017039888,-5.220995254487889
4624,1,contextual,0.012231850996613503,0.374553069419374,-7.2988241240962
4625,1,contextual,0.006291210185736418,0.35710177519622416,-9.897422772248547
4626,1,contextual,0.009101574309170246,0.35412646948183385,-12.580348722304734
4627,1,contextual,8.820773124694824,0.3467239900660645,-11.125676177533023
4628,1,contextual,44.80717086791992,0.3579369728498763,139.57485269401684
4629,1,contextual,46.30735397338867,0.3614902626514689,286.26527455825135
4630,1,contextual,0.81392902135849,0.3768727838623398,281.0856570891873
4631,1,contextual,15.08791732788086,0.40503210257466665,322.36751980962583
4632,1,contextual,0.32188645005226135,0.41109380432303944,323.2110742717226
4633,1,contextual,44.86565017700195,0.41136653006931956,431.4073342049936
4634,1,contextual,14.355990409851074,0.432748832710503,465.31796808451077
4635,1,contextual,0.6387982368469238,0.43112151902868245,466.4139703184974
4636,1,contextual,0.5404773950576782,0.43715877529548935,467.5967190209726
4637,1,contextual,0.9016657471656799,0.45000749446972205,468.75732465212707
4638,1,contextual,2.384098529815674,0.4659326031164437,484.7567830603183
4639,1,contextual,0.23416230082511902,0.47313179382658693,484.6799571442525
4640,1,contextual,1.364554524421692,0.47402451289958014,488.01077256683163
4641,1,contextual,1.298842191696167,0.48965920082864284,492.71568104977405
4642,1,contextual,0.026496194303035736,0.45466894396091284,492.59431846433165
4643,1,contextual,0.00969243049621582,0.46369632487370255,492.4521514485782
4644,1,contextual,0.006786754354834557,0.4806751590925576,492.2909433523648
4645,1,contextual,0.00653131864964962,0.46018258063872813,492.23074311041114
4646,1,contextual,0.006502320524305105,0.4683657477665732,492.22539818819223
4647,1,contextual,0.006162035278975964,0.48126455338479,492.2476786714209
4648,1,contextual,0.005685622803866863,0.46131441544634616,492.2898664537307
4649,1,contextual,0.005285267718136311,0.4636200152224097,492.35185612630494
4650,1,contextual,0.005065822973847389,0.4704272182616233,492.5497441995759
4651,1,contextual,0.005029907915741205,0.4796621524245717,492.83393518198034
4652,1,contextual,0.005125195719301701,0.45745181319770156,493.13190353285904
4653,1,contextual,0.0052870879881083965,0.49162083190708894,493.5332469085529
4654,1,contextual,0.005463599693030119,0.46183512484895944,494.09355763863755
4655,1,contextual,0.00562360230833292,0.4786810924493684,494.7699835152756
4656,1,contextual,0.005754477810114622,0.47069926023883696,495.4883912015158
4657,1,contextual,0.005858598276972771,0.4527055963149382,478.9487613337618
4658,1,contextual,0.005939949303865433,0.4485232750106094,380.0971935829906
4659,1,contextual,44.80859375,0.4468867137830544,361.54658333963505
4660,1,contextual,0.023907611146569252,0.44129119367376984,360.0738573724143
4661,1,contextual,0.0375366285443306,0.40269881297237337,320.33259570280245
4662,1,contextual,0.030413087457418442,0.3963365233360101,319.06325053079536
4663,1,contextual,0.024342991411685944,0.4027508503976331,193.04633832660022
4664,1,contextual,0.01912219077348709,0.35635849012419263,144.71713456062503
4665,1,contextual,0.01516641303896904,0.37402370050530837,142.3427642659591
4666,1,contextual,0.012324482202529907,0.3609345031899199,139.69763698209795
4667,1,contextual,0.010342280380427837,0.3571383258199509,136.8005009126398
4668,1,contextual,0.009125868789851665,0.3358026706620505,110.15422205029165
4669,1,contextual,0.008139245212078094,0.3271923216454581,109.08598140096831
4670,1,contextual,0.007478003390133381,0.3254199225837966,103.48824464691575
4671,1,contextual,0.007062562741339207,0.3130555164708684,95.33947907235552
4672,1,contextual,0.006779070477932692,0.31141352336097705,95.33922186288464
4673,1,contextual,0.006591686978936195,0.31141352336097705,95.33613734249957
4674,1,contextual,0.006469460669904947,0.31141352336097705,95.33582286057504
4675,1,contextual,0.006390611175447702,0.31141352336097705,95.33546816102557
4676,1,contextual,0.006339691113680601,0.31351420928425483,95.34203410347368
4677,1,contextual,0.0063059041276574135,0.31141352336097705,95.33996451156236
4678,1,contextual,0.006282022222876549,0.31141352336097705,95.33995929361413
4679,1,contextual,0.006263519171625376,0.3134734359671806,95.34223731160796
4680,1,contextual,0.006247837562114,0.3133071755084918,95.34919513972659
4681,1,contextual,0.006233702413737774,0.31141352336097705,95.35020327861594
4682,1,contextual,0.006220560986548662,0.31141352336097705,95.35049833773178
4683,1,contextual,8.783149719238281,0.32907098270287827,123.43991217990049
4684,1,contextual,0.11791925877332687,0.34002907843744834,123.74916653716957
4685,1,contextual,1.9428963661193848,0.3457758080223589,134.6613244575051
4686,1,contextual,1.2928128242492676,0.3773446374683669,157.76847293577555
4687,1,contextual,0.17066271603107452,0.3787233618320538,158.46452367135657
4688,1,contextual,0.15033066272735596,0.39340123060046406,159.59288877775202
4689,1,contextual,0.14790533483028412,0.3950875117308666,12.423697284267519
4690,1,contextual,0.14676214754581451,0.4041516933664906,13.982464560647713
4691,1,contextual,0.772108793258667,0.40724910734740166,14.09975184718951
4692,1,contextual,0.1728595644235611,0.39572556649075974,16.010359387753624
4693,1,contextual,0.18231524527072906,0.3952748148259011,17.92570509634629
4694,1,contextual,0.5363472104072571,0.4031084564810658,19.836541723371965
4695,1,contextual,2.2353742122650146,0.4180661618502931,36.845883287825245
4696,1,contextual,2.4050064086914062,0.4260399447118841,49.146765908884845
4697,1,contextual,0.8301753401756287,0.4428670118138705,48.601876577842404
4698,1,contextual,1.6893764734268188,0.46045404655384536,62.418877842928396
4699,1,contextual,0.039758458733558655,0.4321215455127111,62.30078196648196
4700,1,contextual,0.01436355896294117,0.4239952897098138,62.17860804216366
4701,1,contextual,0.040135279297828674,0.46071676256772265,62.38647005717144
4702,1,contextual,0.0108054019510746,0.43235043739948725,62.641992920353005
4703,1,contextual,0.009174431674182415,0.44461357288102976,62.92912141109446
4704,1,contextual,0.006080907769501209,0.4479130206803814,63.25836344470895
4705,1,contextual,0.004592788405716419,0.4320329196824154,63.48203402596073
4706,1,contextual,0.004947819281369448,0.44449366673965923,63.9401035267374
4707,1,contextual,0.004750686232000589,0.43929939058366996,64.48622654339988
4708,1,contextual,0.005114356521517038,0.46976301061452636,65.1260727026447
4709,1,contextual,0.005678040906786919,0.44849502660598695,65.79741477198036
4710,1,contextual,0.0068952362053096294,0.4554141561135007,66.76213822682303
4711,1,contextual,0.015140113420784473,0.45928527516400014,67.95384006991321
4712,1,contextual,0.031314510852098465,0.44550144341104414,68.91704710861086
4713,1,contextual,0.021328534930944443,0.43975452468547427,40.82503988365761
4714,1,contextual,0.019298668950796127,0.43146555385732804,41.560659753738264
4715,1,contextual,0.021399203687906265,0.4197864358104715,29.434239820917128
4716,1,contextual,0.010214547626674175,0.39568726836018825,1.5436910894386529
4717,1,contextual,0.04685463756322861,0.39493921566443313,0.22248999393195845
4718,1,contextual,0.011042334139347076,0.3953952407632273,-1.3077648678363403
4719,1,contextual,0.007249142974615097,0.3786712348790887,-2.9321595160763536
4720,1,contextual,0.00794309563934803,0.37790377636144534,-4.598208490521074
4721,1,contextual,0.006664718966931105,0.3734720545586532,-3.469190612653165
4722,1,contextual,0.007858539000153542,0.3702369796200194,-5.3280181509492195
4723,1,contextual,0.007832086645066738,0.37291402582027394,-7.60074793713693
4724,1,contextual,0.008056817576289177,0.351974809617424,-10.153796878702678
4725,1,contextual,0.012529328465461731,0.34118466202478426,-29.311193931072694
4726,1,contextual,0.01110401563346386,0.3221636011225178,-44.05222627234434
4727,1,contextual,0.009610207751393318,0.3235952468221719,-43.90407456714274
4728,1,contextual,0.02852235548198223,0.3117925931521996,-59.47190909375354
4729,1,contextual,0.07916747778654099,0.31324474058818086,-59.612416611958224
4730,1,contextual,0.04673866927623749,0.31188678736458647,-59.79075747239267
4731,1,contextual,0.03303355351090431,0.3122148115102554,-60.253655103421806
4732,1,contextual,0.024776702746748924,0.3119412329628592,-60.59060544754243
4733,1,contextual,0.03314538300037384,0.3119794132099842,-60.87257135859795
4734,1,contextual,8.63301944732666,0.32836519553843774,-28.769355426264156
4735,1,contextual,8.311564445495605,0.3540380532983653,-0.8619968057550977
4736,1,contextual,0.35794976353645325,0.35869795229470375,-1.4082761842012133
4737,1,contextual,0.19202691316604614,0.38098715405821576,-0.1801839170814219
4738,1,contextual,0.10755425691604614,0.35861266298855216,1.6060798599828559
4739,1,contextual,0.8152990937232971,0.3651512453492668,1.4630490420640854
4740,1,contextual,0.16113130748271942,0.3901559703766972,3.6639099436210927
4741,1,contextual,0.11051715165376663,0.374597382447363,5.639958610503072
4742,1,contextual,0.1478641927242279,0.38892256395948227,7.838091869569098
4743,1,contextual,0.5244517922401428,0.3905851349422534,10.626270394876428
4744,1,contextual,2.238585948944092,0.4080941133842631,28.08722344344028
4745,1,contextual,2.9182629585266113,0.4182568675365175,39.916324845263716
4746,1,contextual,0.9331696629524231,0.42276904930718445,41.60747184075899
4747,1,contextual,1.9225223064422607,0.43641065916898863,55.35007910095442
4748,1,contextual,0.03074253350496292,0.42516396450938776,55.12624201369681
4749,1,contextual,0.014523927122354507,0.4268810880360879,54.92713804584196
4750,1,contextual,0.005200979765504599,0.4467362982232008,54.53556795255827
4751,1,contextual,0.00493130087852478,0.41989457325205615,54.34072257094863
4752,1,contextual,0.006142845377326012,0.4429959343086159,54.23920198749238
4753,1,contextual,0.00649793166667223,0.4343609820112306,54.26632854633067
4754,1,contextual,0.006161999423056841,0.43249562938836544,54.29076210468611
4755,1,contextual,0.005660824943333864,0.4451092800232314,54.37734242587362
4756,1,contextual,0.0052831838838756084,0.41939226678565383,54.59968511010561
4757,1,contextual,0.005107089877128601,0.4509536369479719,55.16183347912215
4758,1,contextual,0.005105248652398586,0.42773553744027215,55.49026269500587
4759,1,contextual,0.005211401265114546,0.4362998376305941,56.09860762989547
4760,1,contextual,0.00536753935739398,0.45505624881698525,56.824265152305315
4761,1,contextual,0.005531541537493467,0.4269260771483449,57.59512733801944
4762,1,contextual,0.005679505877196789,0.43958828698128727,58.33903995751257
4763,1,contextual,0.005801861640065908,0.4369122406022083,59.04531031467809
4764,1,contextual,0.005926896817982197,0.42493438339288975,30.710255414810035
4765,1,contextual,0.0060565900057554245,0.384693266472828,3.1298825107262473
4766,1,contextual,0.0060838358476758,0.4091365298950899,3.677206340011253
4767,1,contextual,0.006100319791585207,0.392463184656871,1.710995325372096
4768,1,contextual,0.006103784777224064,0.3761198596593071,-0.44710149877300864
4769,1,contextual,0.0061210584826767445,0.38438871505905275,0.30133312029261106
4770,1,contextual,0.006135858129709959,0.3684719842482337,-1.648989405559405
4771,1,contextual,0.006155054550617933,0.36677847442600015,-3.9675721716057524
4772,1,contextual,0.006167648360133171,0.37789163399877285,-6.7226396731778095
4773,1,contextual,0.006174277514219284,0.35131622730875056,-10.44065135306164
4774,1,contextual,0.0062131513841450214,0.34452826668537717,-30.273794877593446
4775,1,contextual,0.006274756975471973,0.3265283967259676,-43.87979223890511
4776,1,contextual,0.006142059341073036,0.32136370201937575,-47.4412209014306
4777,1,contextual,0.006134675815701485,0.31141352336097705,-63.35505032479023
4778,1,contextual,0.006134675815701485,0.31141352336097705,-63.35505032479023
4779,1,contextual,8.784931182861328,0.32907098270287827,-30.949790158732867
4780,1,contextual,0.06939252465963364,0.33825820741816764,-31.042868834956835
4781,1,contextual,1.8032739162445068,0.34403210267972306,-18.496076750365773
4782,1,contextual,1.2526099681854248,0.3776851993486449,8.786420147546096
4783,1,contextual,0.18414711952209473,0.3812328250151178,10.188100216540533
4784,1,contextual,0.11730335652828217,0.39013567831046103,12.015419173973896
4785,1,contextual,0.10672817379236221,0.39586539847202357,14.14099067335269
4786,1,contextual,0.8587062954902649,0.4008984493349686,13.955694208001887
4787,1,contextual,0.19696754217147827,0.40546824100442896,15.985173685790187
4788,1,contextual,0.13775597512722015,0.38868541695613845,17.891445443484827
4789,1,contextual,0.14992579817771912,0.40608654744736006,19.892831330878153
4790,1,contextual,0.9904694557189941,0.40615561219960755,20.111403349493457
4791,1,contextual,2.583442449569702,0.43167221098938147,47.15407372021036
4792,1,contextual,0.4645939767360687,0.42018982701113716,46.52890491037624
4793,1,contextual,1.9227718114852905,0.45778032946997094,60.38539801391016
4794,1,contextual,0.028393834829330444,0.44297441072254895,60.58894517986732
4795,1,contextual,0.008784973062574863,0.4328290511707221,60.461135892941
4796,1,contextual,0.0023912684991955757,0.4428289234586598,60.294062696253604
4797,1,contextual,0.11543568223714828,0.43872556999218504,60.275882335123015
4798,1,contextual,0.07802142947912216,0.42571886513516544,60.30863262622279
4799,1,contextual,0.03342221677303314,0.44759300899057974,60.39556016310871
4800,1,contextual,0.012323133647441864,0.44943393347165056,60.41864809535764
4801,1,contextual,0.024573873728513718,0.4338640896212042,60.557679906757585
4802,1,contextual,0.0852397158741951,0.4313956152596186,61.19480190360491
4803,1,contextual,0.04730634763836861,0.4487117154073416,62.11193802506659
4804,1,contextual,0.010368847288191319,0.4532294088565105,62.98461269583618
4805,1,contextual,0.007537677884101868,0.44963047117212607,63.87531680708844
4806,1,contextual,0.006104635074734688,0.4513332124383744,65.01383132650767
4807,1,contextual,0.008449147455394268,0.4582625020941401,66.29566787554359
4808,1,contextual,0.007639993913471699,0.44143336633321956,67.5809639895067
4809,1,contextual,0.010923444293439388,0.42432077627670356,39.904945694584285
4810,1,contextual,0.00892059039324522,0.4285748422640292,41.13002182685614
4811,1,contextual,0.00918768160045147,0.409287051366249,29.279361728145204
4812,1,contextual,0.0064324550330638885,0.38444909959040885,0.8338590273758655
4813,1,contextual,0.0199429914355278,0.39741079390598444,-1.2958168401701187
4814,1,contextual,0.0071489568799734116,0.3749412495823372,-3.5759578181655343
4815,1,contextual,0.007225208915770054,0.36711213365578943,-6.060268428106838
4816,1,contextual,0.008271729573607445,0.37811779212543883,-5.1019251831746715
4817,1,contextual,0.006410358007997274,0.35935775239612616,-7.23772237790854
4818,1,contextual,0.011764087714254856,0.36919109807878064,-9.613814523563178
4819,1,contextual,0.02675027772784233,0.35888084530458825,-12.75136050579681
4820,1,contextual,0.016432514414191246,0.3520368953664448,-13.150083396757736
4821,1,contextual,0.013018213212490082,0.3250545261681115,-43.738003097213095
4822,1,contextual,0.013933280482888222,0.3233254607297254,-43.727318728745786
4823,1,contextual,0.06615734100341797,0.3132901395911614,-59.15625526378767
4824,1,contextual,0.019439073279500008,0.31231597589465093,-58.912871975231155
4825,1,contextual,0.011509467847645283,0.31332843265258487,-58.61295268955587
4826,1,contextual,0.009392649866640568,0.3135782817489359,-58.32598150268768
4827,1,contextual,0.031801167875528336,0.3138529389922776,-57.991886415214594
4828,1,contextual,0.007625484839081764,0.31435786056640974,-57.97816502454043
4829,1,contextual,8.840302467346191,0.33179690546373947,-25.709869706991867
4830,1,contextual,0.08226911723613739,0.338620040898771,-25.65092019394092
4831,1,contextual,3.014904022216797,0.35344519111878553,1.7788025807105896
4832,1,contextual,0.33167794346809387,0.3732573288949979,3.2149362397060486
4833,1,contextual,0.1730789989233017,0.37597485481841186,5.639931633974356
4834,1,contextual,0.10067258775234222,0.37576483320512377,8.176712428583869
4835,1,contextual,0.9139257669448853,0.38454071635637105,9.02865517661212
4836,1,contextual,0.15013672411441803,0.3917323746086452,11.9262945083035
4837,1,contextual,0.11837795376777649,0.3999784737672391,14.882928418843903
4838,1,contextual,0.12730619311332703,0.3977533940239425,17.78413940925475
4839,1,contextual,0.3558477759361267,0.40320472997689827,19.60503170199604
4840,1,contextual,2.510651111602783,0.41854622607767267,36.1493593251173
4841,1,contextual,2.519122362136841,0.4280247356914814,48.200257030504645
4842,1,contextual,0.5585960149765015,0.43482136264248095,48.22674822787076
4843,1,contextual,1.310956358909607,0.4419952977880557,53.76163127825998
4844,1,contextual,1.2101736068725586,0.44804291377019656,61.82141906538277
4845,0,normal,0.036193039268255234,0.4180315704651575,61.73114455098835
4846,0,normal,0.01769813522696495,0.45673626901027553,61.544585501222855
4847,0,normal,0.009603586979210377,0.43792734435755826,61.42783524851575
4848,0,normal,0.008218441158533096,0.4445615237941942,61.48795535116187
4849,0,normal,0.12519116699695587,0.4456476944686202,61.56865592605277
4850,0,normal,0.06229431927204132,0.4624705918910052,61.669275472658455
4851,0,normal,0.033127058297395706,0.42242509644796783,61.692244854073124
4852,0,normal,0.03382537513971329,0.4400904284535064,61.960296775351026
4853,0,normal,0.031472377479076385,0.45467679750204937,62.13016686161632
4854,0,normal,0.047323208302259445,0.44341387916016584,62.48688970987769
4855,0,normal,0.008970828726887703,0.4540341915411637,62.95899185282428
4856,0,normal,0.009520546533167362,0.4641067417654191,63.75965988168309
4857,0,normal,0.005967112723737955,0.43811063619904256,64.41125850632966
4858,0,normal,0.012358943931758404,0.4422162139497607,65.1875767159977
4859,0,normal,0.010368620976805687,0.43292685793391705,36.98710649851341
4860,0,normal,0.009083033539354801,0.424938532819412,38.052672424370485
4861,0,normal,0.0065389652736485004,0.39868726862311415,10.914111261540029
4862,0,normal,0.005796421319246292,0.39944808914120844,7.972917383136519
4863,0,normal,0.007343115285038948,0.3930675274828974,4.750593069097022
4864,0,normal,0.006012703292071819,0.3843080583852124,1.5904771336215617
4865,0,normal,0.006171886343508959,0.3949283385036791,1.1971708534065328
4866,0,normal,0.013892671093344688,0.3762798123602789,-1.8217240282178864
4867,0,normal,0.026287345215678215,0.36890140141107863,-5.336337868267265
4868,0,normal,0.08124566078186035,0.37784471894027594,-9.26973983858602
4869,0,normal,0.054147716611623764,0.34914743221545746,-12.208875425241558
4870,0,normal,0.0390927717089653,0.346160960158588,-31.323307832570663
4871,0,normal,0.03850449621677399,0.3294163462291999,-46.10943826818334
4872,0,normal,0.0306265726685524,0.3251914836474626,-47.28919561407224
4873,0,normal,0.03973937779664993,0.3199943617226427,-53.74419900789553
4874,0,normal,0.011210479773581028,0.3127455492340816,-63.13408695886392
4875,0,normal,0.006217988673597574,0.31254705172534614,-63.02918973572923
4876,0,normal,0.0053689731284976006,0.31238111151528963,-62.868806808204226
4877,0,normal,0.004705606959760189,0.31213024455709965,-62.734826874102055
4878,0,normal,0.0049694254994392395,0.3127426460259877,-62.656202388336396
4879,0,normal,0.004633531905710697,0.31240811648458927,-62.666584805470166
4880,0,normal,0.02543110027909279,0.31299017808665064,-62.39681330702933
4881,0,normal,0.006508500315248966,0.3136610431443857,-62.259880346360205
4882,0,normal,0.006858250591903925,0.31337621982750324,-62.17108441498408
4883,0,normal,0.0065862215124070644,0.31291722548659767,-62.12461026886103
4884,0,normal,0.0063818455673754215,0.31387725034629593,-62.02792453008283
4885,0,normal,0.03006819076836109,0.3125501849227416,-61.604763710520956
4886,0,normal,0.022235676646232605,0.31213606195017785,-61.22907517782187
4887,0,normal,0.024849142879247665,0.31403203127764445,-61.28291660521677
4888,0,normal,0.013610055670142174,0.3133961862871952,-61.3027438505178
4889,0,normal,0.012497290037572384,0.3123132806762786,-61.337940997384294
4890,0,normal,0.012918263673782349,0.31327649929158624,-61.38042991294742
4891,0,normal,8.709147453308105,0.32958256008561215,-29.04918707782508
4892,0,normal,0.0635274276137352,0.3383786052589556,-29.10372881969488
4893,0,normal,2.7653515338897705,0.34848750491538016,-1.3233858274797967
4894,0,normal,0.1735777109861374,0.3730648968257601,-0.6758145560465891
4895,0,normal,0.142638698220253,0.36987291478984646,0.7397907007052709
4896,0,normal,0.1602027267217636,0.37918281714044755,2.2089176269123527
4897,0,normal,0.1669742912054062,0.3885197365343467,3.910627382594157
4898,0,normal,0.15647581219673157,0.3943811142420689,5.506735037103681
4899,0,normal,0.12848949432373047,0.3906975261943171,7.1867657190757654
4900,0,normal,0.15711188316345215,0.3908381024030809,8.836104325164342
4901,0,normal,5.657278537750244,0.41334193081627585,34.060544757282514
4902,0,normal,0.4604920744895935,0.4191142714289781,35.01940292602103
4903,0,normal,0.7355959415435791,0.4205235002714049,34.80359510433209
4904,0,normal,1.7561471462249756,0.4237870715213077,48.82153200355674
4905,0,normal,0.03159000724554062,0.41687004498114877,48.61864011617604
4906,0,normal,0.04571027308702469,0.43219170451635014,48.44171236263287
4907,0,normal,0.041335802525281906,0.4143860438347037,48.0056294828787
4908,0,normal,0.03783636912703514,0.42346346122968903,47.785202078268185
4909,0,normal,0.017078934237360954,0.4243605172312567,47.62288182516181
4910,0,normal,0.008306210860610008,0.43177053280525496,47.46513759053346
4911,0,normal,0.03227939084172249,0.43409105769066236,47.631590018835595
4912,0,normal,0.009130420163273811,0.42331096559345677,47.88359624256509
4913,0,normal,0.007930644787847996,0.41746921047658003,48.153675487880264
4914,0,normal,0.005198015831410885,0.43498540754089765,48.641028586084076
4915,0,normal,0.0038238954730331898,0.422210985469385,49.07701717680402
4916,0,normal,0.0058736419305205345,0.4347727049236344,49.48157592611233
4917,0,normal,0.006158755160868168,0.43277898212281524,50.274558328555486
4918,0,normal,0.006144221872091293,0.4509918727452862,51.288911154527796
4919,0,normal,0.006389879621565342,0.426371257478162,52.33042335027608
4920,0,normal,0.006592926103621721,0.4220284574039008,53.4349249755312
4921,0,normal,0.005964925512671471,0.41846630757097536,25.069276621540894
4922,0,normal,0.006661754101514816,0.4110486875711558,26.36879573673309
4923,0,normal,0.006919507868587971,0.39597576832274956,-0.9372195009086681
4924,0,normal,0.00625320989638567,0.38120256589730134,-2.6384742940942942
4925,0,normal,0.025569947436451912,0.38251936744156767,-3.9744149328112144
4926,0,normal,8.829896926879883,0.3873979386292814,25.157146241669352
4927,0,normal,0.06563001871109009,0.38928000311448574,23.296022610636555
4928,0,normal,1.8005664348602295,0.39482256602082316,33.09234069632066
4929,0,normal,1.2688981294631958,0.41519920533650745,56.70294777201457
4930,0,normal,0.18126854300498962,0.42720248347067297,55.349874965262416
4931,0,normal,0.6416776776313782,0.40318349193086694,29.822055758045053
4932,0,normal,13.760576248168945,0.42136830783406887,81.32817826842256
4933,0,normal,0.7922376394271851,0.43915638002495533,81.19794674512991
4934,0,normal,13.33834457397461,0.4366359509557281,118.77241107937903
4935,0,normal,0.3779224753379822,0.4285362066995173,120.31716741413686
4936,0,normal,0.374002605676651,0.43311776761079784,122.47788851492567
4937,0,normal,3.0465242862701416,0.4457649682777595,138.04678259186335
4938,0,normal,2.7544126510620117,0.47145526905816343,149.47378241577178
4939,0,normal,0.5338231325149536,0.46331224290234163,149.61327136896273
4940,0,normal,1.0014053583145142,0.4682506748719344,149.90074124359933
4941,0,normal,1.7192116975784302,0.489018015441047,162.78916684457295
4942,0,normal,0.15680797398090363,0.46531833035218495,162.66660433976938
4943,0,normal,0.09219943732023239,0.4701843797541503,162.4888523691783
4944,0,normal,0.060200247913599014,0.4724816390880569,162.19161059251837
4945,0,normal,0.04668596386909485,0.4571489886676093,162.19449285357246
4946,0,normal,0.003016876755282283,0.4653324271861684,162.16438635590225
4947,0,normal,0.0014791851863265038,0.48335715723454087,162.2536072394406
4948,0,normal,0.004692558199167252,0.45722993513981525,162.38506021381272
4949,0,normal,0.002404064405709505,0.4770718188132318,162.65290071753634
4950,0,normal,0.0026649865321815014,0.479698050809609,163.04139870219478
4951,0,normal,0.002963062608614564,0.5047379020424151,163.57799581048994
4952,0,normal,0.0035064001567661762,0.4723914672026014,164.17321717844914
4953,0,normal,0.01518968679010868,0.4846535328963364,165.22032912437498
4954,0,normal,0.01668720506131649,0.4741718158459158,166.48173828012511
4955,0,normal,0.004939932841807604,0.468478030831605,167.56911688553214
4956,0,normal,0.018198495730757713,0.46744599994682245,142.73664215683596
4957,0,normal,0.08593913167715073,0.4766006825193118,143.7713299430825
4958,0,normal,0.05853159353137016,0.4564176841277156,132.89174808058044
4959,0,normal,0.028971951454877853,0.433252254339429,107.27686137666831
4960,0,normal,0.03603866696357727,0.42313338251573374,105.08590241803734
4961,0,normal,0.03325357660651207,0.42853190352213316,105.23467307523299
4962,0,normal,0.07534424960613251,0.4076563935241803,52.57940508255979
4963,0,normal,0.009225321002304554,0.39318646566846055,53.28164401475692
4964,0,normal,0.007462421897798777,0.3762412726462347,-1.7518147729533666
4965,0,normal,0.0077337706461548805,0.3675737912087839,-4.140852620868145
4966,0,normal,0.006295970641076565,0.36241192933283256,-7.558668792641356
4967,0,normal,0.005713132210075855,0.3455206678803547,-27.264325273747318
4968,0,normal,0.005412975791841745,0.3314041828585463,-42.5959297332372
4969,0,normal,0.01925957202911377,0.3250535596809228,-43.64393163043678
4970,0,normal,0.005060747731477022,0.3256145679583151,-44.32779150828833
4971,0,normal,0.005360803566873074,0.31494415686615024,-60.99962127098797
4972,0,normal,0.0058902110904455185,0.3151042374636071,-61.09118122015525
4973,0,normal,0.006421353202313185,0.3137195481594794,-61.23646564165847
4974,0,normal,0.005136201158165932,0.31334844405152845,-61.469986220418605
4975,0,normal,0.008058379404246807,0.31281987770392344,-61.42206788126941
4976,0,normal,0.03198058530688286,0.3128133032245665,-61.547957414319626
4977,0,normal,0.021735837683081627,0.31190505896322523,-61.68936285348309
4978,0,normal,0.01676410436630249,0.310865294745548,-61.88747453635119
4979,0,normal,0.0122258011251688,0.3126999328018468,-62.025402501895314
4980,0,normal,0.017150932922959328,0.3125613876898501,-62.16544290786965
4981,0,normal,0.021844003349542618,0.31240939498325576,-62.10943657796133
4982,0,normal,0.006974406540393829,0.3119888789209423,-62.12363429272432
4983,0,normal,0.006545796990394592,0.31270588341065897,-62.21877060044494
4984,0,normal,0.005882877390831709,0.3129291467743917,-62.30931682818664
4985,0,normal,0.011784137226641178,0.31314128302443295,-62.13321656749031
4986,0,normal,0.0052775004878640175,0.3129067219374181,-62.15626676847228
4987,0,normal,0.005135663319379091,0.3128069469601644,-62.0974311611501
4988,0,normal,0.023561770096421242,0.311890167553863,-61.83449948249563
4989,0,normal,8.852949142456055,0.33027532980401525,-29.242687929977365
4990,0,normal,7.256929397583008,0.35433601884467925,-3.1199427447108974
4991,0,normal,0.30413082242012024,0.3527375090492108,-2.037931117090011
4992,0,normal,0.15959258377552032,0.3799484204244312,-1.2098929169235362
4993,0,normal,0.10778751224279404,0.3604414580230239,0.5248341489143513
4994,0,normal,0.09213611483573914,0.3719428622058538,2.77575349576432
4995,0,normal,0.08552063256502151,0.3956504793684311,5.3197894524082585
4996,0,normal,0.0964936837553978,0.382771855998302,7.704616135410106
4997,0,normal,0.2001180648803711,0.4041988714808794,10.208673147906438
4998,0,normal,0.6269333958625793,0.39546257484822417,12.685721419763695
4999,0,normal,2.597334384918213,0.41983600732849136,39.452192357836566
5000,0,normal,7.912424087524414,0.43739504720372835,68.39555197404957
5001,0,normal,0.07782425731420517,0.4360470392521696,68.36106223119396
5002,0,normal,2.218323230743408,0.4377438147216146,79.77774065142557
5003,0,normal,2.9698495864868164,0.4816237423464828,104.02868871907901
5004,0,normal,0.44405850768089294,0.4812029047063664,103.61895990812855
5005,0,normal,0.4181841313838959,0.46600930725026624,105.23595263737764
5006,0,normal,0.5992094874382019,0.45755899232604647,105.46692679997079
5007,0,normal,0.5426276922225952,0.5020135951073572,107.44625891919713
5008,0,normal,0.3392537832260132,0.49059815991716216,109.64614106570093
5009,0,normal,0.1859179437160492,0.4746924817016921,111.80215927363145
5010,0,normal,0.843518853187561,0.48748948839243406,112.21359380459978
5011,0,normal,1.2198426723480225,0.49097173091875196,114.47437090220433
5012,0,normal,2.387167453765869,0.5103557922408292,116.96767349884863
5013,0,normal,1.0463145971298218,0.5166642059481162,142.23656578151008
5014,0,normal,0.2532369792461395,0.524259911272203,142.86793270692442
5015,0,normal,2.0854403972625732,0.5487896279965297,156.12121893981146
5016,0,normal,0.07112446427345276,0.5161909798821,156.62098340179568
5017,0,normal,0.02568521350622177,0.5235089586224646,156.9584425000288
5018,0,normal,0.005315896589308977,0.5496972289369235,157.42295053888586
5019,0,normal,0.012468405067920685,0.49812459893792466,131.68248639564342
5020,0,normal,0.002293709898367524,0.5073489302170241,109.29138343265845
5021,0,normal,0.0031278757378458977,0.5109959168010422,107.98337712566354
5022,0,normal,0.02870071679353714,0.46685176965490816,106.91118340625644
5023,0,normal,0.0072721075266599655,0.4924878990186855,105.50721663042884
5024,0,normal,0.0068948292173445225,0.48294293140461586,103.53070575602374
5025,0,normal,0.021249739453196526,0.4974277952075125,101.63342503338004
5026,0,normal,0.004513403866440058,0.4928249216852092,99.22425740607423
5027,0,normal,0.005118135362863541,0.4709573369098688,96.76387448339324
5028,0,normal,0.010176030918955803,0.47405866248470124,94.24390400933862
5029,0,normal,0.008573892526328564,0.439845053926793,67.9037785206433
5030,0,normal,0.02434542402625084,0.44005180918181414,40.0612565186334
5031,0,normal,0.025204921141266823,0.4348371290851428,40.797017421299415
5032,0,normal,0.02265450544655323,0.4039517768051296,28.46971928956168
5033,0,normal,0.015103938989341259,0.38741869370485865,0.5134924678932293
5034,0,normal,0.01592949964106083,0.3959822055843609,0.9088471515560741
5035,0,normal,0.031076110899448395,0.4047305592388798,-0.8236259948523639
5036,0,normal,0.01173131912946701,0.3801001771941015,-0.08465389416551261
5037,0,normal,0.008076708763837814,0.3787097869657099,-2.141751680672087
5038,0,normal,0.01111939549446106,0.37892891799838097,-3.9183609885180886
5039,0,normal,0.00930835958570242,0.3586730197511064,-6.082060674090144
5040,0,normal,0.02059677243232727,0.3747224508713721,-5.659386910452213
5041,0,normal,0.006053238175809383,0.3621950829696502,-8.423801421736698
5042,0,normal,0.02749457396566868,0.3524342793828808,-11.072815930306206
5043,0,normal,0.00778172304853797,0.32683295047926747,-41.40198819299758
5044,0,normal,0.013613087125122547,0.32396951264959795,-42.59268365927892
5045,0,normal,0.010037188418209553,0.3128620935360739,-58.54914825247397
5046,0,normal,0.02872888557612896,0.31156297190931403,-58.197763760109865
5047,0,normal,0.03028927929699421,0.3149547812191964,-58.34472311259992
5048,0,normal,0.07657976448535919,0.3115897090767618,-58.48218789604243
5049,0,normal,0.05503249913454056,0.3121089861844469,-58.72162370023011
5050,0,normal,0.039155296981334686,0.31666633889876034,-58.934483788778834
5051,0,normal,0.036127038300037384,0.3132976592465934,-59.15663373089046
5052,0,normal,0.01615138165652752,0.3123623013155279,-59.61594265611234
5053,0,normal,0.05501258745789528,0.31261292601371304,-59.625499771860405
5054,0,normal,0.011649219319224358,0.3148404607021389,-59.713995130129206
5055,0,normal,0.019002921879291534,0.31196075158526604,-59.721886276711984
5056,0,normal,0.005855226423591375,0.3129915400770564,-59.77011772216861
5057,0,normal,0.013647564686834812,0.313491533284884,-59.61393887127838
5058,0,normal,0.004521931987255812,0.31497283993035413,-59.63921778002941
5059,0,normal,0.004659441765397787,0.31283208812402014,-59.649527889625915
5060,0,normal,0.004825725685805082,0.3111612367301538,-59.78829703873316
5061,0,normal,0.005224195308983326,0.3125827006297705,-59.728817526082594
5062,0,normal,0.007571565452963114,0.3122665196062693,-59.63218554739569
5063,0,normal,0.04067154601216316,0.31517086434978775,-59.74722301538827
5064,0,normal,0.0849667489528656,0.3144065211199333,-59.83304480191214
5065,0,normal,0.05382095277309418,0.31387676436512185,-60.031886456989014
5066,0,normal,0.04526824504137039,0.3125148357808212,-60.2089404237031
5067,0,normal,0.02806556224822998,0.3142252586716122,-60.42877356177701
5068,0,normal,0.03468763828277588,0.3139896081857713,-60.67345068535337
5069,0,normal,0.01970638707280159,0.3134501635045856,-60.92109077244186
5070,0,normal,0.040850166231393814,0.3149337057229699,-60.975371770668744
5071,0,normal,0.008120870217680931,0.3140596041388594,-60.990640993699344
5072,0,normal,0.006202579941600561,0.3131014651426106,-61.129451814076674
5073,0,normal,0.004610734526067972,0.3136599298552726,-61.14445356901865
5074,0,normal,0.005413432139903307,0.3135319206403818,-61.13234488279409
5075,0,normal,0.0042566051706671715,0.3118127036513008,-61.09760711609283
5076,0,normal,0.00550034549087286,0.314028082925071,-61.130640796795205
5077,0,normal,0.005500227212905884,0.313553606674931,-60.89132636586214
5078,0,normal,0.005690860096365213,0.3141224783781057,-60.811991773299724
5079,0,normal,0.007689576130360365,0.31267270676884756,-60.7617471282681
5080,0,normal,0.005981572903692722,0.3144823598477179,-60.7789032450969
5081,0,normal,0.018060287460684776,0.31334052834464227,-60.687347720679554
5082,0,normal,0.07449521869421005,0.31354206043186456,-60.821495804627375
5083,0,normal,0.04380056634545326,0.313473557469644,-61.09017370114884
5084,0,normal,0.030349602922797203,0.3139322118861319,-61.29772015914341
5085,0,normal,0.02001534029841423,0.3134463941598405,-61.603939409511895
5086,0,normal,0.023590564727783203,0.31391248929912924,-61.762122258852514
5087,0,normal,0.08585464209318161,0.31377625909771084,-61.55060554544298
5088,0,normal,0.01813269406557083,0.31348284989431063,-61.34779837213591
5089,0,normal,0.009275244548916817,0.31393281543012025,-61.136995002029835
5090,0,normal,0.00848077330738306,0.31261143867900615,-60.86622652126471
5091,0,normal,0.005491574294865131,0.3141161070417633,-60.62534691546216
5092,0,normal,0.004681175574660301,0.31356826716896136,-60.45236646416538
5093,0,normal,0.004936692770570517,0.3140490364841203,-60.261768708685395
5094,0,normal,0.006846058182418346,0.31308840945130595,-60.23723904364874
5095,0,normal,0.0058873919770121574,0.3145489620623288,-60.265447421624685
5096,0,normal,0.005790737457573414,0.3124003710556826,-60.36105133993283
5097,0,normal,0.006307519506663084,0.3133160905004616,-60.4098058968159
5098,0,normal,0.009229449555277824,0.3125404816781678,-60.476524092943464
5099,0,normal,0.007869788445532322,0.312443767037162,-60.378893968954344
5100,0,normal,0.01423986628651619,0.3113455524219416,-60.3148724718651
5101,0,normal,0.02220047637820244,0.3128860837323447,-60.48504369139209
5102,0,normal,0.023889191448688507,0.31134141785468655,-60.694014019221186
5103,0,normal,0.01769481971859932,0.31122090938331115,-60.88920289396128
5104,0,normal,0.012502814643085003,0.31346641659701924,-61.09130938267185
5105,0,normal,0.012724477797746658,0.31135271983226825,-61.256817702946364
5106,0,normal,0.010302405804395676,0.3121331662787182,-61.406552236142716
5107,0,normal,0.05437641963362694,0.31148206147356233,-61.10218761316037
5108,0,normal,8.801575660705566,0.32943429252289924,-28.766981649661375
5109,0,normal,0.0609041191637516,0.33959186375867356,-28.71960618017374
5110,0,normal,1.740723967552185,0.3305882522603149,-29.141164026296565
5111,0,normal,1.2941594123840332,0.36012342216717574,-2.0037172341988025
5112,0,normal,0.1941080540418625,0.35268643866796945,-0.8224119972380777
5113,0,normal,0.13384594023227692,0.37603022248034695,0.7939672413669996
5114,0,normal,0.12154357135295868,0.3806651034719268,2.5946544779530996
5115,0,normal,0.12668786942958832,0.3774087860519576,4.215933385195058
5116,0,normal,0.11747267097234726,0.3956174901541323,6.112470794571664
5117,0,normal,0.10259995609521866,0.3794128391543934,7.808680820113523
5118,0,normal,3.8214879035949707,0.3970946494600536,24.501605034693057
5119,0,normal,3.2044105529785156,0.4133585410041485,37.82532184760021
5120,0,normal,0.6713764071464539,0.42412128800781107,39.19164787217824
5121,0,normal,0.8238195180892944,0.4223480805270193,39.15068879881164
5122,0,normal,1.7571576833724976,0.4350450622822543,53.32219509603101
5123,0,normal,0.11621129512786865,0.43289797736907104,53.22615757810536
5124,0,normal,0.05787978693842888,0.43929890138840777,53.22772019469244
5125,0,normal,0.008010064251720905,0.4292740154608587,52.950495154029795
5126,0,normal,0.0019583995454013348,0.43521574859155676,52.96215139186984
5127,0,normal,0.0020402069203555584,0.4269595298943075,53.0839898038123
5128,0,normal,0.0027269755955785513,0.44509204338366726,53.29969363349642
5129,0,normal,0.0030208101961761713,0.4382756863461633,53.502693585313864
5130,0,normal,0.0025596939958631992,0.414164649489314,53.72940823997419
5131,0,normal,0.002916567726060748,0.430987986864915,54.12200842505649
5132,0,normal,0.0037315001245588064,0.42758580367467247,54.53296013096565
5133,0,normal,0.004078809171915054,0.4389031334640174,55.0687576999012
5134,0,normal,0.03103332594037056,0.44719116202157116,55.849563432380364
5135,0,normal,0.007688719779253006,0.4334071739064437,56.68071295862683
5136,0,normal,0.028210710734128952,0.4516308276212224,57.83875670545922
5137,0,normal,0.0051069483160972595,0.43312997761202604,58.68674561238254
5138,0,normal,0.007415278814733028,0.41366695598480846,30.50713350920887
5139,0,normal,0.011201324872672558,0.42712814813798217,31.704275022763795
5140,0,normal,0.013134456239640713,0.414122115964335,33.37399441432058
5141,0,normal,0.018665514886379242,0.3984859912248011,6.2776829349852505
5142,0,normal,0.010157340206205845,0.39032690515811097,4.480511414765488
5143,0,normal,0.0081527940928936,0.3923416777395545,2.747979107915171
5144,0,normal,0.0077620577067136765,0.37538899112841734,0.9533759275859666
5145,0,normal,0.044939685612916946,0.3802041053280666,-0.6046851466492171
5146,0,normal,0.010747360996901989,0.36995506566167863,-2.670175480847547
5147,0,normal,0.007258835714310408,0.35724969956374203,-5.055936802291399
5148,0,normal,0.00979949627071619,0.3516697907963634,-23.51314245013964
5149,0,normal,0.02209721878170967,0.33073329046605043,-39.00234693467337
5150,0,normal,0.0072222487069666386,0.32673491042554387,-42.18779084472499
5151,0,normal,0.00675970409065485,0.32516929759916546,-42.697835456769326
5152,0,normal,0.007319148629903793,0.31318947806958675,-59.23535091425265
5153,0,normal,0.013584136962890625,0.3128495618843997,-59.345194461144956
5154,0,normal,0.08084873855113983,0.3111443565724592,-59.544513569745504
5155,0,normal,0.07449936121702194,0.31155386139082325,-59.64736534178587
5156,0,normal,0.04339512810111046,0.3116935411965078,-59.784439288425574
5157,0,normal,0.029312467202544212,0.3124705664988738,-59.97442973317948
5158,0,normal,0.03493813797831535,0.3112489051867915,-60.165308433866585
5159,0,normal,0.03321284055709839,0.3120811573595771,-60.36572064907182
5160,0,normal,0.03364267200231552,0.312360184725147,-60.559538828624
5161,0,normal,0.032432131469249725,0.3115713364460487,-60.66235874850918
5162,0,normal,0.013032054528594017,0.3145726043295262,-60.71115627415588
5163,0,normal,0.006777467671781778,0.31211072358881203,-60.739055096355514
5164,0,normal,0.0049880086444318295,0.3124170422988066,-60.97832627336402
5165,0,normal,0.004510551691055298,0.31157869572401387,-61.07633780369906
5166,0,normal,0.004237981978803873,0.3131792905229301,-61.32455925766703
5167,0,normal,0.015201962552964687,0.31320480557946234,-61.18467380672587
5168,0,normal,0.0051120673306286335,0.31419591448570705,-61.15306397977474
5169,0,normal,0.0054491786286234856,0.31268138278827323,-61.15108704081172
5170,0,normal,0.020458783954381943,0.3143147885469111,-61.354976003209
5171,0,normal,0.059417013078927994,0.3138300051411329,-61.439889425763795
5172,0,normal,0.03770328685641289,0.3141096146783427,-61.554448117281936
5173,0,normal,0.028051607310771942,0.31558953873385753,-61.69647134998013
5174,0,normal,0.02674051932990551,0.31476633550377914,-61.84782699229663
5175,0,normal,0.02490202523767948,0.3134564004157169,-62.22102539838079
5176,0,normal,0.06120913475751877,0.3128549538152093,-62.153015728021956
5177,0,normal,0.015902334824204445,0.3155110490678161,-62.080782543414216
5178,0,normal,0.007345888763666153,0.3131289597418146,-62.044166828725565
5179,0,normal,0.007031416520476341,0.3136369605842146,-62.04411225676972
5180,0,normal,0.005197376012802124,0.31309334432430225,-61.85712962891739
5181,0,normal,0.005589477717876434,0.3131339477373304,-61.625993124592696
5182,0,normal,0.006082679145038128,0.31386658646549404,-61.34990470697562
5183,0,normal,0.008662357926368713,0.3133707255170735,-61.07159512327598
5184,0,normal,0.008433994837105274,0.31380145050474134,-60.83360677432256
5185,0,normal,0.0064406078308820724,0.3132756887294637,-60.749678009732406
5186,0,normal,0.007853050716221333,0.3139392255458618,-60.64032145020133
5187,0,normal,0.009843463078141212,0.31459682515413295,-60.49022505037442
5188,0,normal,0.019442999735474586,0.31295400851971056,-60.29199428969673
5189,0,normal,0.07940778881311417,0.31335751467954437,-60.521451820218545
5190,0,normal,0.06181829050183296,0.31288960628866475,-60.79131917390964
5191,0,normal,0.06776709854602814,0.31202362680198437,-60.870225590350856
5192,0,normal,0.06153139844536781,0.31203339837837935,-60.92937853273838
5193,0,normal,0.04768301174044609,0.3131347398836398,-60.99219677327005
5194,0,normal,0.018570616841316223,0.31428506830444486,-61.149149601101726
5195,0,normal,0.020839199423789978,0.3144826560772346,-61.21666444255584
5196,0,normal,0.010233033448457718,0.31273086488193585,-61.21207450708539
5197,0,normal,0.007310936693102121,0.31199834940978255,-61.314348753612876
5198,0,normal,0.0081101069226861,0.31287189768495194,-61.33650209801658
5199,0,normal,0.006023291498422623,0.3127115803284134,-61.325030052985994
5200,0,normal,0.004766714759171009,0.31263229092832934,-61.21775607745235
5201,0,normal,0.00467488681897521,0.31222413751041317,-61.227756987070734
5202,0,normal,0.02404819242656231,0.31292582567982125,-60.97973232550203
5203,0,normal,0.005897518713027239,0.31336000109630435,-60.89751320491928
5204,0,normal,0.005236858036369085,0.3134151128461858,-60.87647141066486
5205,0,normal,0.005554454401135445,0.31408392971275934,-60.88550540168012
5206,0,normal,8.836899757385254,0.3316561285999123,-28.595139453437696
5207,0,normal,0.06448698788881302,0.33884215376211363,-28.83102938301795
5208,0,normal,2.7876851558685303,0.35034077161493105,-1.2129686330440563
5209,0,normal,0.1989172101020813,0.37219160873911833,-0.3752168531118514
5210,0,normal,0.11226631700992584,0.3756896356901328,1.1229938533367658
5211,0,normal,0.10595805943012238,0.3750665019820839,2.8452935567427176
5212,0,normal,0.1181689128279686,0.3893245196107043,4.710287240818843
5213,0,normal,0.8082004189491272,0.39545479786750964,4.909340721389526
5214,0,normal,0.148859903216362,0.3900072845237047,7.112551157661301
5215,0,normal,0.13098014891147614,0.38625411847672814,8.972525355056177
5216,0,normal,0.3140736222267151,0.4040115179232823,10.806600906717676
5217,0,normal,0.987904965877533,0.4038610763994689,12.622502024332107
5218,0,normal,2.594431161880493,0.4181053519344925,37.879322401045556
5219,0,normal,0.45149827003479004,0.4317813113976934,39.11292069211822
5220,0,normal,0.6211357712745667,0.44103409994116044,38.93547776961759
5221,0,normal,1.8264224529266357,0.43751871266393305,53.05647607283322
5222,0,normal,0.01585916429758072,0.42077324745550676,52.7933334953816
5223,0,normal,0.006701434962451458,0.43908534919177644,52.58345447012471
5224,0,normal,0.011603182181715965,0.4349704504095275,52.55796584050927
5225,0,normal,0.042418770492076874,0.43276261554201084,52.48201312735819
5226,0,normal,0.07770650088787079,0.4308577339308611,52.47514553628184
5227,0,normal,0.0585423968732357,0.44562489271798567,52.60967874948301
5228,0,normal,0.05161566659808159,0.43421379765979584,52.70356847494509
5229,0,normal,0.03946810960769653,0.43972277772910223,53.06907423895291
5230,0,normal,0.06317464262247086,0.44454321986478545,53.659431742359175
5231,0,normal,0.006269712932407856,0.45080142863060724,54.08702579883834
5232,0,normal,0.004313455428928137,0.4364986099776422,54.58905509023566
5233,0,normal,0.01679760217666626,0.4624380571416717,55.62682912326568
5234,0,normal,0.004338409751653671,0.4357666650620235,56.593144875962025
5235,0,normal,0.0038148872554302216,0.44186795452946165,57.52485171125113
5236,0,normal,0.004240077920258045,0.42706257420651034,29.264337314292106
5237,0,normal,0.004200730938464403,0.40934932150353176,30.405850661112254
5238,0,normal,0.011354077607393265,0.394425319257434,2.9475024194473463
5239,0,normal,0.004604674410074949,0.3944277955422518,0.6894294665817142
5240,0,normal,0.005102192517369986,0.3949660238119004,-1.2715110066340003
5241,0,normal,0.005713425576686859,0.3838844631569124,-3.48328267666966
5242,0,normal,0.006081674713641405,0.379972324057939,-5.778308704914707
5243,0,normal,0.008116470649838448,0.3722835562156828,-5.4302323104354855
5244,0,normal,0.01076675858348608,0.3662462805656502,-7.8560093025309925
5245,0,normal,0.056512363255023956,0.3689300066229111,-10.356004305097713
5246,0,normal,0.03907450661063194,0.35654498582033406,-13.096249045353716
5247,0,normal,0.010304020717740059,0.35579377088246333,-16.047213537114658
5248,0,normal,0.016296101734042168,0.3299724150328433,-43.61648465076246
5249,0,normal,0.02006322704255581,0.3237685767158634,-46.41252034005379
5250,0,normal,0.03129691630601883,0.3229378950109616,-46.17370636732403
5251,0,normal,0.008666100911796093,0.31300350443417985,-62.02922236085578
5252,0,normal,0.008594383485615253,0.31239356674558283,-61.84557732065082
5253,0,normal,0.005463466048240662,0.3118693594705525,-61.707099784322054
5254,0,normal,8.84886646270752,0.33163279381881766,-29.31041630527443
5255,0,normal,0.06369587779045105,0.3383670965295611,-29.12822610737976
5256,0,normal,1.7736048698425293,0.33403725751883856,-29.58971306112994
5257,0,normal,1.8283019065856934,0.3561285333308716,-4.235892070102864
5258,0,normal,0.3630636930465698,0.3479736085307735,-1.972189320685402
5259,0,normal,0.1789828985929489,0.37387818395738415,0.7179787399986708
5260,0,normal,0.8840165138244629,0.3714796483863167,1.8945223848329533
5261,0,normal,13.642695426940918,0.3905268748192602,57.670715360595295
5262,0,normal,0.3625713586807251,0.4247155744882393,60.45942198669991
5263,0,normal,0.239034965634346,0.39206547766174765,63.24853238373635
5264,0,normal,13.745680809020996,0.42345211401637406,114.87373782223995
5265,0,normal,5.2842841148376465,0.4573946543917881,139.20662743432763
5266,0,normal,0.38499322533607483,0.4523441052626612,139.0495326031048
5267,0,normal,1.339975118637085,0.4745074800594845,144.11939337272827
5268,0,normal,1.3108744621276855,0.45995292368933177,151.39733705167816
5269,0,normal,0.026088666170835495,0.45948386705447974,151.38240385291124
5270,0,normal,0.011834850534796715,0.47062788801149996,151.3877121781794
5271,0,normal,0.005073591135442257,0.4724759433479611,151.36949418285315
5272,0,normal,0.003474103519693017,0.459695921485363,151.5508079150968
5273,0,normal,0.004238600376993418,0.4534283185606869,151.85131954730468
5274,0,normal,0.013410758227109909,0.48487063260983293,152.30309060810578
5275,0,normal,0.10032413899898529,0.45512871071781363,152.3796632105765
5276,0,normal,0.05495118349790573,0.4497909734042908,152.43717569875764
5277,0,normal,0.03511683642864227,0.47110076637094256,152.6424538450558
5278,0,normal,0.02169879898428917,0.44750088308674707,152.78228031851472
5279,0,normal,0.016270985826849937,0.4679915276540573,153.01647708221935
5280,0,normal,0.08532821387052536,0.47190332417542447,153.5501947696041
5281,0,normal,0.04430488869547844,0.4568773636783398,154.3678379326401
5282,0,normal,0.007143260911107063,0.4834084204054931,155.13504846339777
5283,0,normal,0.005767945200204849,0.45667109148554563,156.05680315320262
5284,0,normal,0.006418304983526468,0.43814958357756467,130.41501929536366
5285,0,normal,0.005415710620582104,0.46560034821130003,131.5248534196279
5286,0,normal,0.0048192706890404224,0.4426779382673645,133.0117373678106
5287,0,normal,0.005005086772143841,0.42811922473448455,110.9116146531793
5288,0,normal,0.0055311755277216434,0.42463980591705924,108.17467273656666
5289,0,normal,0.007499297149479389,0.42381321127263294,105.29185460866097
5290,0,normal,0.006604173220694065,0.42552257304723234,104.89027263095204
5291,0,normal,0.0068141501396894455,0.38110097708387775,51.192374836525005
5292,0,normal,0.006405604537576437,0.3930662220274666,47.47991700718558
5293,0,normal,0.007789745926856995,0.37462264888520724,43.34832374514667
5294,0,normal,0.017820309847593307,0.3544869532940761,-13.42078124145155
5295,0,normal,0.051654696464538574,0.3293414610857935,-44.18146928926376
5296,0,normal,0.04461725056171417,0.323568616044178,-45.41501636365638
5297,0,normal,0.02893185056746006,0.3223416364955131,-51.99765962221909
5298,0,normal,0.020800022408366203,0.3156213046205115,-61.58638888354244
5299,0,normal,0.0713944286108017,0.3122194127477683,-61.385375736493415
5300,0,normal,0.05329826846718788,0.3131149737886538,-60.94907465135179
5301,0,normal,0.010513818822801113,0.3119188955608404,-60.735050243465594
5302,0,normal,0.007433195132762194,0.3128470109010179,-60.52169125931118
5303,0,normal,8.869803428649902,0.330077654772209,-28.0168826154993
5304,0,normal,0.10135950148105621,0.33802271768003905,-27.801878186400018
5305,0,normal,1.7094556093215942,0.3324595103735337,-28.269740117428682
5306,0,normal,1.3682472705841064,0.36008882754262594,-1.1366364111754592
5307,0,normal,0.18987759947776794,0.35446874038329246,-0.2235618458762474
5308,0,normal,0.15322500467300415,0.3839773843548876,1.085607830620802
5309,0,normal,0.15111500024795532,0.38381303858696775,2.642845442949465
5310,0,normal,0.16358119249343872,0.3793897567501009,3.8396618726358156
5311,0,normal,0.7718411087989807,0.39391395307488525,3.55446082461026
5312,0,normal,0.1861182600259781,0.38236902375504295,5.266497337658848
5313,0,normal,0.1812717169523239,0.38492841183468623,6.971333000805544
5314,0,normal,3.0264949798583984,0.39080493315370946,23.591486398494453
5315,0,normal,2.8273279666900635,0.4267904021280371,35.91595968734828
5316,0,normal,0.5140929222106934,0.4199417736771427,36.02677035243846
5317,0,normal,1.7422538995742798,0.4448665295752558,49.934623946234524
5318,0,normal,0.039854444563388824,0.4386853561802007,49.77061322569284
5319,0,normal,0.015252318233251572,0.4167631005484255,49.59655037411085
5320,0,normal,0.007557811215519905,0.42210794482126673,49.29429300879224
5321,0,normal,0.04017990455031395,0.43630978904742823,49.67042921048983
5322,0,normal,0.03158462792634964,0.42841847263504335,50.22030624147078
5323,0,normal,0.007143458817154169,0.43850584991774016,50.624628045220106
5324,0,normal,0.011338313110172749,0.44168665593880035,51.0844339743046
5325,0,normal,0.008984697982668877,0.42329659210690496,51.466227396227396
5326,0,normal,0.008675565011799335,0.4208031435307515,51.8322399201943
5327,0,normal,0.01082573365420103,0.43447381985378786,52.234297011319995
5328,0,normal,0.0248574186116457,0.4376461360876722,52.9276374528165
5329,0,normal,0.011812004260718822,0.4437876224987937,53.39643166332962
5330,0,normal,0.008076341822743416,0.4326329489546818,53.90171072224484
5331,0,normal,0.025991439819335938,0.44376119114100177,54.47544766652254
5332,0,normal,0.01781969703733921,0.43360027541789253,55.10966424188791
5333,0,normal,0.0391240157186985,0.40817811640244717,26.390310075790694
5334,0,normal,0.036916352808475494,0.42149699110322675,27.0245937310317
5335,0,normal,0.01537283044308424,0.412322476491872,28.09735736803964
5336,0,normal,0.027021516114473343,0.406114282015459,0.6570681307798623
5337,0,normal,0.011759533546864986,0.39585524002830874,-1.1357730150207317
5338,0,normal,0.016875876113772392,0.3818277699934586,-2.7948865304815627
5339,0,normal,0.007921661250293255,0.38604917617177326,-4.4826206973366425
5340,0,normal,0.007068509701639414,0.3741148074440277,-6.14318129803155
5341,0,normal,0.005967415403574705,0.37108141864633676,-5.314708637936292
5342,0,normal,0.0055993408896028996,0.374046783503436,-7.5221049155613855
5343,0,normal,0.014788396656513214,0.3571977262504867,-9.814700609221973
5344,0,normal,0.006629213225096464,0.34256645754847537,-28.44980620014053
5345,0,normal,0.00943859200924635,0.3268644301609492,-43.279289760484744
5346,0,normal,0.008273065090179443,0.32493777826185866,-44.55438665369297
5347,0,normal,0.057527635246515274,0.3128098575455396,-60.677778104693516
5348,0,normal,0.11840902268886566,0.3119099031686805,-60.62586703230522
5349,0,normal,0.08184698969125748,0.31593666108853363,-60.591430747495
5350,0,normal,0.06464879959821701,0.3144985586410799,-60.58083610093013
5351,0,normal,0.057571470737457275,0.3137645092950629,-60.827094667374695
5352,0,normal,0.04922870919108391,0.3146754657175947,-61.14222512882861
5353,0,normal,0.04842477664351463,0.3152735732157776,-61.29444561254422
5354,0,normal,0.032521869987249374,0.3151064149511424,-61.63879389420936
5355,0,normal,0.013502886518836021,0.31584277945031003,-61.92120675012484
5356,0,normal,0.012732692994177341,0.31733878574981966,-62.1611961838089
5357,0,normal,0.014604690484702587,0.31541517257949325,-62.38566301772403
5358,0,normal,0.012826258316636086,0.3152968537290292,-62.67187784907378
5359,0,normal,0.011659462004899979,0.3134537405988973,-62.836166994233054
5360,0,normal,0.009480173699557781,0.31714502128816435,-62.907677073981176
5361,0,normal,0.010633568279445171,0.31563214527523936,-62.676116748821414
5362,0,normal,0.007963744923472404,0.3164411977829079,-62.40923055567191
5363,0,normal,0.032990433275699615,0.3178570859554826,-62.45258615765147
5364,0,normal,0.07247073948383331,0.31704276931682995,-62.530294662992446
5365,0,normal,0.04045703262090683,0.317361661759398,-62.576033868400145
5366,0,normal,0.03756064549088478,0.31514652101843443,-62.691109268331275
5367,0,normal,0.0269487127661705,0.3144113537761917,-62.75757151793255
5368,0,normal,0.022360719740390778,0.3143759024937051,-62.87662066973371
5369,0,normal,0.08483042567968369,0.3132049252654084,-62.55433940190596
5370,0,normal,0.01474614255130291,0.31443287782196244,-62.35663641556266
5371,0,normal,0.0065748561173677444,0.31476778351389906,-62.18966477925915
5372,0,normal,0.005160478875041008,0.3148717899363586,-62.011816431612715
5373,0,normal,0.011275299824774265,0.31445807948641036,-61.767234013561165
5374,0,normal,0.004537059459835291,0.31559691110034854,-61.478145755922924
5375,0,normal,0.004372778348624706,0.31631258562200637,-61.18723425069015
5376,0,normal,0.004852193407714367,0.31753620578029285,-60.86221222798599
5377,0,normal,0.00511990487575531,0.318256062698531,-60.65015752269301
5378,0,normal,0.005805210676044226,0.31624910064649564,-60.748992018790204
5379,0,normal,0.006329561583697796,0.3166299853827708,-60.88975584585501
5380,0,normal,0.008380386978387833,0.31725572389477874,-61.03057298181875
5381,0,normal,0.014624184928834438,0.3147521433206828,-61.11465451865229
5382,0,normal,0.08174058794975281,0.31390367616076764,-61.49707440692714
5383,0,normal,0.0517677403986454,0.3134471668141356,-61.913607783514635
5384,0,normal,0.033927734941244125,0.31256813409878803,-61.96019372058481
5385,0,normal,0.020511379465460777,0.31219996941351535,-62.02491580053652
5386,0,normal,0.023851433768868446,0.3155897154676919,-62.0753313350815
5387,0,normal,0.1003902330994606,0.3126022711680427,-61.61951931348085
5388,0,normal,0.0215469840914011,0.31257098805629346,-61.30183042798353
5389,0,normal,0.028855718672275543,0.31366235373842866,-60.799041648779166
5390,0,normal,0.005570413079112768,0.3128128199169173,-60.575069152939705
5391,0,normal,0.004765380639582872,0.31278428512972833,-60.44069559205241
5392,0,normal,0.004685761407017708,0.31248682621830853,-60.34214340592234
5393,0,normal,0.00525640556588769,0.3126587279862028,-60.16440002209606
5394,0,normal,0.025912724435329437,0.31258257127635036,-59.88718024705895
5395,0,normal,0.005736691411584616,0.31549926948498624,-59.814903973798664
5396,0,normal,0.006644462235271931,0.3132843694969143,-59.80654409367753
5397,0,normal,0.026126328855752945,0.314647346491907,-59.57595868056251
5398,0,normal,0.006208921317011118,0.31335401524348655,-59.567537608815655
5399,0,normal,0.00895498227328062,0.314227804588876,-59.619172454387126
5400,0,normal,0.024722566828131676,0.31165141695540016,-59.386267385838664
5401,0,normal,0.01293323002755642,0.3146707433402676,-59.51167380113202
5402,0,normal,0.007441011257469654,0.3122666221389001,-59.612156343254355
5403,0,normal,0.008799683302640915,0.3114139286622778,-59.81366221482176
5404,0,normal,0.00908631645143032,0.3150458124260855,-59.94306936834164
5405,0,normal,0.008032395504415035,0.31233029657161104,-60.0208731192929
5406,0,normal,0.0096115842461586,0.31402059571721375,-60.10367755333937
5407,0,normal,0.04891333356499672,0.31200383315580105,-59.73089577295377
5408,0,normal,0.012082835659384727,0.3122696538620037,-59.51830461874033
5409,0,normal,0.011961795389652252,0.31232658037527233,-59.26964621912498
5410,0,normal,0.009921721182763577,0.3127124333093488,-59.0472491444375
5411,0,normal,0.010631931014358997,0.31441816283682167,-58.8634983790098
5412,0,normal,0.006710500922054052,0.31277395239611505,-58.743556790106595
5413,0,normal,0.01121382974088192,0.31189169693124175,-58.61520762944065
5414,0,normal,0.00975618977099657,0.3150997083878619,-58.532982435628355
5415,0,normal,0.012839148752391338,0.312927141107694,-58.40129881690859
5416,0,normal,0.00983909610658884,0.312297540044744,-58.35576693790381
5417,0,normal,0.013126786798238754,0.3149042880264034,-58.439930009352565
5418,0,normal,0.02662109211087227,0.3120108013359885,-58.25104958028169
5419,0,normal,0.08156031370162964,0.3132012917006081,-58.652524943039
5420,0,normal,0.05423279479146004,0.3110182749785988,-58.872985682307444
5421,0,normal,0.03148626536130905,0.3119740799441217,-59.1058689327449
5422,0,normal,0.024025892838835716,0.3135141921415992,-59.331991424426406
5423,0,normal,0.019119204953312874,0.3115236570319579,-59.567261579118394
5424,0,normal,0.08345808833837509,0.31399672498606884,-59.49920860508246
5425,0,normal,0.03596702218055725,0.31427924233756854,-59.26692360167067
5426,0,normal,0.007400051690638065,0.31166014034173994,-59.3030958678562
5427,0,normal,0.006190999411046505,0.3116069858683627,-59.44777510690665
5428,0,normal,0.005451155360788107,0.3130380695811306,-59.46064808720439
5429,0,normal,0.006184822879731655,0.3115300387123823,-59.46963642745004
5430,0,normal,0.006024770438671112,0.3115185672844133,-59.587145795546576
5431,0,normal,0.006588870659470558,0.31128281128663104,-59.47064307301116
5432,0,normal,0.01633761264383793,0.31297794058031475,-59.23065017334466
5433,0,normal,0.005721359048038721,0.3129490823939952,-59.12353013926486
5434,0,normal,0.007110300939530134,0.31243690695171855,-59.015899781337566
5435,0,normal,0.008464022539556026,0.3155434746374926,-58.912475192745205
5436,0,normal,0.02876129187643528,0.3126498417584549,-58.60137840085281
5437,0,normal,0.009467747062444687,0.3128181103382032,-58.697084140078914
5438,0,normal,0.007675197906792164,0.3128452306100549,-58.722994934991675
5439,0,normal,0.02636108174920082,0.31203540690181514,-58.553149317104726
5440,0,normal,0.015670379623770714,0.3126409736197362,-58.787657808781205
5441,0,normal,0.014216748997569084,0.31425214828485376,-59.05004761764053
5442,0,normal,0.016988826915621758,0.31498715761965335,-59.28526522073912
5443,0,normal,0.017415374517440796,0.3128660650261174,-59.550360717463946
5444,0,normal,0.011933772824704647,0.3122513098138292,-59.77156239817691
5445,0,normal,0.020487813279032707,0.3119398590385929,-59.8096941142112
5446,0,normal,0.01008514128625393,0.31319099050650695,-59.80731982269049
5447,0,normal,0.007102028001099825,0.3124048148497558,-59.830885849615925
5448,0,normal,0.010730729438364506,0.3119477211026333,-59.839690421468276
5449,0,normal,8.822380065917969,0.3310910091435493,-27.585523534431786
5450,0,normal,0.05852997675538063,0.3384490330619867,-27.789190957415485
5451,0,normal,2.9589996337890625,0.34628005264290196,-2.020220117094823
5452,0,normal,0.54177325963974,0.36367715761760444,-2.8334150818022863
5453,0,normal,0.3179270923137665,0.3625459136116135,0.31199545309414134
5454,0,normal,14.191980361938477,0.3827549584094053,56.33677870628412
5455,0,normal,0.8908975124359131,0.39565481465714986,57.16484370523335
5456,0,normal,0.36483651399612427,0.39625913440744476,60.36149266741859
5457,0,normal,0.25581225752830505,0.4028309967197761,63.6377023187124
5458,0,normal,0.3974332809448242,0.401527359649481,66.8742366446611
5459,0,normal,0.9894048571586609,0.4193806350717474,70.00805011065995
5460,0,normal,2.8663949966430664,0.42067619980034454,70.33186185484237
5461,0,normal,1.0370584726333618,0.44493992002333765,96.16292495976836
5462,0,normal,0.41736143827438354,0.4468291154552955,97.0379797407777
5463,0,normal,0.5802119970321655,0.4484982953912478,96.70480910788342
5464,0,normal,1.7560824155807495,0.4542442983747812,109.85539865791009
5465,0,normal,0.02554779313504696,0.439585418560774,109.62105822749118
5466,0,normal,0.00729290209710598,0.45498663222749497,109.35710382043703
5467,0,normal,0.005588056053966284,0.44565739659546644,109.05128809969449
5468,0,normal,0.004655969794839621,0.44068152438143937,108.98392717117395
5469,0,normal,0.12650619447231293,0.44682100883282516,108.91308592442272
5470,0,normal,0.043551426380872726,0.4599431219582968,109.08681156191221
5471,0,normal,0.059062693268060684,0.4422124334206426,109.24668623207617
5472,0,normal,0.053403090685606,0.4524547893999983,109.68199605883069
5473,0,normal,0.03908567130565643,0.46692335553546777,110.15608524474442
5474,0,normal,0.03693326190114021,0.4525715511002341,110.52519713624986
5475,0,normal,0.10738390684127808,0.44858428251434684,111.2600903552426
5476,0,normal,0.013819788582623005,0.4791212399140894,112.12798635489344
5477,0,normal,0.005405574105679989,0.44048321931732276,112.98954009767522
5478,0,normal,0.004182635340839624,0.4488132807879127,113.80681001790856
5479,0,normal,0.0039501795545220375,0.4459664293242109,87.0347872571133
5480,0,normal,0.0040425402112305164,0.42259239365173223,88.08762076475136
5481,0,normal,0.0043515898287296295,0.4185645651054108,64.48519635261141
5482,0,normal,0.005026769824326038,0.4135039735992246,64.90778867748645
5483,0,normal,0.010423689149320126,0.4187631881853493,61.76186003036514
5484,0,normal,0.010014594532549381,0.3906972706253276,5.523549005255518
5485,0,normal,0.007508791983127594,0.3876895328503965,4.769837774035295
5486,0,normal,0.014845949597656727,0.37800643545954365,1.305359774560884
5487,0,normal,0.007931320928037167,0.3708500823012197,-2.5315984029614356
5488,0,normal,0.0229731947183609,0.3667007953535625,-6.975981587306023
5489,0,normal,0.067539744079113,0.3631011407601965,-11.640978908691295
5490,0,normal,0.017802171409130096,0.3595183161325813,-12.341167144182464
5491,0,normal,0.029706599190831184,0.3345969777897,-42.92796111052712
5492,0,normal,0.026089688763022423,0.3258840240645042,-45.778259904790275
5493,0,normal,0.06185317412018776,0.3250299890420215,-45.508894628767166
5494,0,normal,0.04727413132786751,0.31423836452727,-60.94855954658237
5495,0,normal,0.011438043788075447,0.3131706294464367,-60.59596614922816
5496,0,normal,0.009158874861896038,0.3142411753640821,-60.227780001854626
5497,0,normal,0.009122089482843876,0.31291899579532345,-59.834656058681276
5498,0,normal,0.009515131823718548,0.3150366566564334,-59.42634953793004
5499,0,normal,0.007398700341582298,0.314284613090886,-59.34411030543902
5500,0,normal,0.006246133241802454,0.3148330214528763,-59.21055848566061
5501,0,normal,0.00616979505866766,0.3139546167844387,-59.26258245098825
5502,0,normal,0.007258114870637655,0.31426138239347956,-59.39695853812782
5503,0,normal,0.009028038941323757,0.3128964269630784,-59.509085551919725
5504,0,normal,0.029101155698299408,0.3124924157510978,-59.43350875876445
5505,0,normal,0.005596566945314407,0.31367287133125865,-59.518727393447534
5506,0,normal,0.00670520169660449,0.31096827920369613,-59.517497044511174
5507,0,normal,0.006963232532143593,0.3116914621434348,-59.52320451468381
5508,0,normal,0.021432144567370415,0.3116815647326412,-59.33844004602952
5509,0,normal,0.021435225382447243,0.3127819196594333,-59.49277820327302
5510,0,normal,0.01227133721113205,0.3116149488745939,-59.63598612644182
5511,0,normal,0.011094572022557259,0.3144316679307384,-59.78585026332735
5512,0,normal,93.14468383789062,0.32093933125360813,245.06412970396195
5513,0,normal,0.018761765211820602,0.3263429117249347,244.81139709071942
5514,0,normal,0.009892272762954235,0.31853060005047934,244.62313224168554
5515,0,normal,0.03213638812303543,0.3200343709191587,244.7210688988007
5516,0,normal,0.00931590050458908,0.3214040154664796,244.7189655162715
5517,0,normal,0.006871679797768593,0.33017525368361506,244.79265394341712
5518,0,normal,0.009242421016097069,0.3210298157603567,245.01182203041697
5519,0,normal,0.009542382322251797,0.33277175258650304,245.11386950730855
5520,0,normal,0.010194363072514534,0.3190541580242355,245.2961636267596
5521,0,normal,0.005630555562674999,0.3267938811936125,245.34487348673326
5522,0,normal,0.008457680232822895,0.3236985477004253,245.38444559138497
5523,0,normal,0.00497492915019393,0.315798233327003,245.31461779628773
5524,0,normal,0.021562213078141212,0.3219695630582869,245.31182476414074
5525,0,normal,0.024547679349780083,0.3224005271021388,245.11975049573402
5526,0,normal,0.018209686502814293,0.31993303636523474,244.91214561582274
5527,0,normal,0.013247700408101082,0.32879088947471596,244.68856554696424
5528,0,normal,0.010643962770700455,0.3200671685727379,244.47721135367715
5529,0,normal,0.009661013260483742,0.3229479543014577,244.2794143042222
5530,0,normal,0.04258701205253601,0.32281267122561413,244.39749938775503
5531,0,normal,0.008110662922263145,0.3282954443512811,244.4149427701717
5532,0,normal,0.00693910289555788,0.32415711630653116,244.430778033676
5533,0,normal,0.006476285867393017,0.3218157538144472,244.46580045565122
5534,0,normal,0.0066624591127038,0.32049548595088195,244.41751157202145
5535,0,normal,0.010991144925355911,0.3218727329455704,244.58639432975042
5536,0,normal,0.010488315485417843,0.32584480934219223,244.75497515052245
5537,0,normal,0.009052661247551441,0.3318303350992515,244.921545521466
5538,0,normal,0.02724008448421955,0.3203041717585527,245.14213097431514
5539,0,normal,0.028337977826595306,0.32741421978330426,245.5144415514236
5540,0,normal,0.016410773620009422,0.32429706971868244,245.7824705101433
5541,0,normal,0.08693364262580872,0.3220655215595824,245.70905189344091
5542,0,normal,0.05625780671834946,0.31157052059891976,-59.11284833010495
5543,0,normal,0.04389660432934761,0.3150248571529992,-59.25272022800459
5544,0,normal,0.039802271872758865,0.3134027853038603,-59.407888176729784
5545,0,normal,0.044826705008745193,0.3125751321202738,-59.709808683660185
5546,0,normal,8.608240127563477,0.329627481911532,-27.631983581924032
5547,0,normal,0.0714869424700737,0.3396878753200881,-27.698077934624735
5548,0,normal,1.7985116243362427,0.33134927303695577,-28.32113082372007
5549,0,normal,1.8737847805023193,0.35441104019878544,-3.128686189303153
5550,0,normal,0.5857492685317993,0.3443718652345848,-3.927304331280993
5551,0,normal,0.24331694841384888,0.3643467556798723,-2.2515088223590283
5552,0,normal,0.15550637245178223,0.36433098930560703,-0.4434795703259624
5553,0,normal,0.14438538253307343,0.362900005105356,1.1665886003263495
5554,0,normal,0.12487275898456573,0.3818662035829646,3.0275696317689835
5555,0,normal,191.49526977539062,0.397307754633912,524.4700009471065
5556,0,normal,14.771413803100586,0.44094417057340574,561.5627498165472
5557,0,normal,3.367825508117676,0.4620094444741739,567.9926053308375
5558,0,normal,0.5939580202102661,0.4432424626793034,568.1853704543882
5559,0,normal,1.4435373544692993,0.4454901917158104,571.2401057096469
5560,0,normal,1.3540467023849487,0.4551062463185567,575.4150618671198
5561,0,normal,0.15103396773338318,0.4648334268220118,575.3509251340405
5562,0,normal,0.0956459492444992,0.46849689986618087,575.2471126710303
5563,0,normal,0.020244214683771133,0.4742623397292524,575.0600406615797
5564,0,normal,0.016928408294916153,0.4758546160451236,575.005494545078
5565,0,normal,0.006049253512173891,0.4691096696992866,574.9952453546272
5566,0,normal,0.0036704596132040024,0.48274410486783487,575.0109214502577
5567,0,normal,0.004915268160402775,0.4590244002201071,575.0379023374809
5568,0,normal,0.00812835618853569,0.43646009607229636,575.0262972948425
5569,0,normal,0.006428960245102644,0.46106839047667186,575.0461754701166
5570,0,normal,0.007439505308866501,0.4521140644589832,575.1182838732224
5571,0,normal,0.006519535090774298,0.47607624860372455,575.2962573027808
5572,0,normal,0.004270137753337622,0.47266154578661995,575.4225072918512
5573,0,normal,0.006677713245153427,0.4503780087726471,575.626379035082
5574,0,normal,0.0469370000064373,0.4696878386430797,575.8669635895809
5575,0,normal,0.11764328181743622,0.4465219067001459,576.2027802344412
5576,0,normal,0.06493613868951797,0.4429174995214588,561.5042516462687
5577,0,normal,0.047715671360492706,0.45722167225016114,561.9868119303725
5578,0,normal,0.04082731530070305,0.4434028791710293,562.7337068689542
5579,0,normal,0.04599487781524658,0.43542921515321625,550.1711368293941
5580,0,normal,0.08323433995246887,0.43633674690921265,550.8194551984873
5581,0,normal,0.009779030457139015,0.4392182919301252,550.0806119703907
5582,0,normal,0.005824950523674488,0.40508332073235476,549.2843391410673
5583,0,normal,0.017372505739331245,0.40117782039852307,548.4653232827387
5584,0,normal,0.005191998556256294,0.42182577902457286,547.3401804408629
5585,0,normal,0.005498224403709173,0.37047683262968795,45.36260296632463
5586,0,normal,0.004033849108964205,0.3509250341164023,-27.445018528521587
5587,0,normal,0.005597508978098631,0.3369057031540927,-42.65049026288739
5588,0,normal,0.004870373290032148,0.327370995459546,-44.36489177933845
5589,0,normal,0.005172636825591326,0.3245843052414523,-51.3728542541844
5590,0,normal,0.005407856777310371,0.3170017043070216,-61.41739089170892
5591,0,normal,0.006398187484592199,0.3159174341133983,-61.5610606109758
5592,0,normal,0.023027265444397926,0.3138188782818867,-61.57031762714814
5593,0,normal,0.01731550507247448,0.31381137517448127,-61.6323967262299
5594,0,normal,0.007296310272067785,0.31257174993556064,-61.60214621900036
5595,0,normal,0.006678413599729538,0.31267205005329207,-61.56634130234329
5596,0,normal,0.007185057736933231,0.3126294800181536,-61.53519174949156
5597,0,normal,0.006903162691742182,0.314163783326817,-61.47641693396895
5598,0,normal,0.006817137822508812,0.31414228997531013,-61.394558042923336
5599,0,normal,0.04221910238265991,0.31425816775496523,-60.89889722823182
5600,0,normal,0.016228636726737022,0.3142409060572994,-60.476952430511574
5601,0,normal,0.015243069268763065,0.3132585310207495,-60.01206985300814
5602,0,normal,0.012639910914003849,0.3135658934219906,-59.547271510723704
5603,0,normal,0.00849955901503563,0.31513923262741994,-59.130452008816064
5604,0,normal,0.007969196885824203,0.3137160528236125,-58.83718792901914
5605,0,normal,0.007441285531967878,0.31463888573710747,-58.91948323034103
5606,0,normal,0.010158014483749866,0.31469933740525513,-58.963699910876585
5607,0,normal,0.010619585402309895,0.31495406296388057,-59.024585520609435
5608,0,normal,0.009134779684245586,0.313528214191308,-59.13314195947851
5609,0,normal,0.009312504902482033,0.31262311030757733,-59.324989377364545
5610,0,normal,0.011795910075306892,0.3116947604507014,-59.238642133599114
5611,0,normal,0.0308334082365036,0.31236359122844903,-58.887577693056755
5612,0,normal,0.09328249096870422,0.3119777685805382,-59.025859994207394
5613,0,normal,0.04770193621516228,0.3112882575539137,-59.32868570011965
5614,0,normal,0.03162818402051926,0.31141345367277373,-59.56702817797418
5615,0,normal,0.02772744745016098,0.3137402332138261,-59.80303763058714
5616,0,normal,0.024379760026931763,0.3140186291711514,-59.99798982250513
5617,0,normal,0.047580353915691376,0.31150433065493094,-59.963083664083115
5618,0,normal,0.044211920350790024,0.3119691706872245,-59.684779204868164
5619,0,normal,0.010798358358442783,0.3130797827282369,-59.553776646412416
5620,0,normal,0.006305941846221685,0.3120522399633762,-59.481783312901825
5621,0,normal,0.005373602267354727,0.3118218956015502,-59.44170974299141
5622,0,normal,0.02776384726166725,0.31145532452248503,-59.24277458359802
5623,0,normal,0.006635959260165691,0.313867599392216,-59.065145935517876
5624,0,normal,0.010460956953465939,0.3117518066250822,-58.85712751839651
5625,0,normal,0.01053681317716837,0.31310643983499087,-58.66520766987105
5626,0,normal,0.010165696032345295,0.31367243585200594,-58.491581764498505
5627,0,normal,1.692676067352295,0.31872095750910145,-52.49966295894319
5628,0,normal,0.08670587837696075,0.319755917073099,-52.469940732050645
5629,0,normal,0.0431903637945652,0.31909254473737175,-52.58154554153634
5630,0,normal,0.030852889642119408,0.3166686994024822,-52.62826890962219
5631,0,normal,0.021413497626781464,0.32014114822773443,-52.755370175530516
5632,0,normal,0.01775621809065342,0.3263481411957151,-52.83962477207956
5633,0,normal,0.032979171723127365,0.31444338252722354,-53.112061797934075
5634,0,normal,0.02004910074174404,0.3212027155851801,-53.35775884739883
5635,0,normal,0.01725565642118454,0.31909574422869474,-53.57907404887692
5636,0,normal,0.016254302114248276,0.32489232440938676,-53.803078895480894
5637,0,normal,0.04087499529123306,0.3186567493986391,-53.67206509985999
5638,0,normal,0.012510539032518864,0.31475361785924416,-53.623213050558434
5639,0,normal,0.009619300253689289,0.32028142647522934,-53.562807714930614
5640,0,normal,0.008985672146081924,0.3133928644833138,-53.48791851139549
5641,0,normal,0.008555114269256592,0.3162938791093043,-53.527545120507966
5642,0,normal,8.806692123413086,0.33617219650918345,-21.29943064039253
5643,0,normal,0.10550019890069962,0.33919118193248937,-21.056855039373886
5644,0,normal,1.6837992668151855,0.33784865328802655,-21.573463279891257
5645,0,normal,1.3640421628952026,0.3648689746753068,5.354864771232542
5646,0,normal,0.23262014985084534,0.3572894044398406,6.762592175472491
5647,0,normal,0.19790367782115936,0.3823702670093675,9.366124202736046
5648,0,normal,14.129837989807129,0.40515165918892443,64.85698600740761
5649,0,normal,12.772573471069336,0.4309983310376912,117.29699657334038
5650,0,normal,0.4411422610282898,0.4558695671344077,119.87479249956505
5651,0,normal,0.31385716795921326,0.43041926301896144,122.48664863531121
5652,0,normal,0.46862390637397766,0.4363016871758828,124.72858479359388
5653,0,normal,3.219146728515625,0.46138889521865906,149.52989817039077
5654,0,normal,0.36602920293807983,0.4809479495440116,150.2636111553577
5655,0,normal,0.7433107495307922,0.4810978541616399,149.844111305482
5656,0,normal,1.8222228288650513,0.4777896162687156,162.39279956605185
5657,0,normal,0.031167253851890564,0.4756584792536781,157.4022124652987
5658,0,normal,0.010422244668006897,0.4774033251455152,157.20874207168106
5659,0,normal,0.005782532040029764,0.4685734494313539,156.84538411860217
5660,0,normal,0.0042295148596167564,0.4779442617767286,156.77528681963986
5661,0,normal,0.005915162153542042,0.4533869567070966,156.79914189802423
5662,0,normal,0.0394599623978138,0.4785052343258835,156.83907574801458
5663,0,normal,0.10756804049015045,0.4646046590822771,157.01316762244414
5664,0,normal,0.07174667716026306,0.4602597889607103,157.2299929753965
5665,0,normal,0.037918008863925934,0.47059057453682307,157.43466983373366
5666,0,normal,0.0298541821539402,0.469985828072618,157.65001821381622
5667,0,normal,0.03126365691423416,0.4830218543585323,157.92633182931525
5668,0,normal,0.01408554520457983,0.4856287763647051,158.21350537628177
5669,0,normal,0.015022387728095055,0.46293425118465564,158.81477628094478
5670,0,normal,0.006585783325135708,0.4981627487045138,159.66019078093734
5671,0,normal,0.004938508849591017,0.46153704837752874,160.6413573398048
5672,0,normal,0.006325070280581713,0.45165244503299873,135.25347666008383
5673,0,normal,0.0043095918372273445,0.4849690228740676,136.34023525289706
5674,0,normal,0.006940963212400675,0.46197622679852357,137.89199232557792
5675,0,normal,0.00535514997318387,0.4330783064144204,113.78616802170609
5676,0,normal,0.006070409435778856,0.4285242265676606,111.92408402881074
5677,0,normal,0.004757205955684185,0.4216309660275853,109.22874213139733
5678,0,normal,0.0060648443177342415,0.40794657648790295,55.68310466825187
5679,0,normal,0.0060019176453351974,0.37334989189611684,-0.9009060717787634
5680,0,normal,0.005879185628145933,0.3761739419906114,-4.830838937893986
5681,0,normal,0.04050932452082634,0.3671776715806492,-9.19455968888883
5682,0,normal,0.09360870718955994,0.3579256256303143,-13.4590752227341
5683,0,normal,0.06703411787748337,0.3327962002022172,-44.726063226112274
5684,0,normal,0.0441991351544857,0.3245192446015815,-47.46562688511926
5685,0,normal,0.031597673892974854,0.3268530432876409,-47.47321555226176
5686,0,normal,0.02439050003886223,0.3147569746683247,-63.45807147900541
5687,0,normal,8.721790313720703,0.33363297420515675,-30.909553046559722
5688,0,normal,0.07757366448640823,0.3415396088167787,-30.651542246470626
5689,0,normal,1.9037237167358398,0.34161806732830147,-17.986421361004204
5690,0,normal,1.6006577014923096,0.37693833101381813,6.896818106373985
5691,0,normal,0.19753727316856384,0.37538835760143957,8.281764483014967
5692,0,normal,0.12411615252494812,0.38507232971202665,10.122157399909156
5693,0,normal,0.12258300185203552,0.3876200772892538,11.802042744741811
5694,0,normal,0.12603385746479034,0.4017547484879809,13.348231026451913
5695,0,normal,0.1408175677061081,0.40489175790398313,15.0600380941612
5696,0,normal,0.12120198458433151,0.39894231489543497,16.72235970596671
5697,0,normal,0.8065961003303528,0.40779869590553264,16.620830874218655
5698,0,normal,4.420034408569336,0.4204729390886782,43.65173273408527
5699,0,normal,0.5663741230964661,0.41635694287195035,43.09430465808532
5700,0,normal,0.8038434386253357,0.4282915987520887,42.94859612707114
5701,0,normal,1.6640888452529907,0.4213463771773586,56.952654453395326
5702,0,normal,0.03163319453597069,0.43429703833022537,56.85204381234962
5703,0,normal,0.009869554080069065,0.42555333321103317,56.77992909186901
5704,0,normal,0.006840983405709267,0.42269770084338887,56.48210225561479
5705,0,normal,0.008184376172721386,0.4303011338244875,56.44677074996366
5706,0,normal,0.006903430446982384,0.42214159227292625,56.50384467321442
5707,0,normal,0.044294245541095734,0.4571912131856223,57.05874441120841
5708,0,normal,0.005112588405609131,0.43833456501750395,57.44068233041958
5709,0,normal,0.006442082114517689,0.4093759450908611,57.923235245269325
5710,0,normal,0.005507985595613718,0.43271883030269065,58.555293314230084
5711,0,normal,0.018021516501903534,0.4503433188153735,59.38061998038438
5712,0,normal,0.0037354882806539536,0.4445690148136282,59.81349334788001
5713,0,normal,0.024438656866550446,0.45178632427012344,60.47713720947763
5714,0,normal,0.005840342026203871,0.43484203743312566,61.23165121870852
5715,0,normal,0.005857178475707769,0.45907029667587823,62.07348619505137
5716,0,normal,0.03772455453872681,0.4231670944341115,63.30445470790983
5717,0,normal,0.029660454019904137,0.413213990886337,35.44211461785221
5718,0,normal,0.07706964015960693,0.42798208498176743,36.28761701302028
5719,0,normal,0.04941072314977646,0.39476587881169944,24.152907932591688
5720,0,normal,0.0333678238093853,0.3923145108826257,-0.7463722552968193
5721,0,normal,0.02539125084877014,0.3829013341729096,-2.9347945754068405
5722,0,normal,0.025198349729180336,0.3748765202732003,-5.109381229962992
5723,0,normal,0.11916381120681763,0.36995702705164174,-6.733406434396102
5724,0,normal,0.017460284754633904,0.36222029608987116,-8.803990769449456
5725,0,normal,0.017215194180607796,0.36066286354404736,-10.90796354513509
5726,0,normal,0.009971393272280693,0.3562254791417861,-13.505198576739076
5727,0,normal,0.00560978427529335,0.3538515546238603,-13.543049685138385
5728,0,normal,0.005081158597022295,0.32924574159467174,-43.75952660999587
5729,0,normal,0.005296493414789438,0.32520157273273426,-43.54740718913786
5730,0,normal,0.006111194379627705,0.325468168650723,-43.399597336367606
5731,0,normal,0.00564261619001627,0.3134648346424381,-59.27200369620937
5732,0,normal,0.0071546463295817375,0.3128700002626095,-59.156337339183665
5733,0,normal,0.007427672855556011,0.3150516475307232,-59.04414939320668
5734,0,normal,0.006867126561701298,0.3143193652689819,-58.96355781585726
5735,0,normal,0.009848126210272312,0.3154956958606413,-58.85409488030268
5736,0,normal,0.008795813657343388,0.31209443881442206,-58.772120563079625
5737,0,normal,0.008449260145425797,0.3120875954626057,-58.93858207851122
5738,0,normal,0.013861036859452724,0.31178258772456263,-58.88096826610126
5739,0,normal,0.009781948290765285,0.3128925859984649,-59.08419516366325
5740,0,normal,0.008191730827093124,0.3132409227383295,-59.282460471392596
5741,0,normal,0.010852343402802944,0.31312272441440747,-59.602150561880535
5742,0,normal,0.009305881336331367,0.31206902642230683,-59.74248142745978
5743,0,normal,0.009625903330743313,0.31137977427075453,-60.042510525423495
5744,0,normal,0.04262930154800415,0.3121105288108705,-59.80989911727511
5745,0,normal,0.00922226719558239,0.31275301221268337,-59.70041408689576
5746,0,normal,0.009257025085389614,0.3124048148497558,-59.76768198208879
5747,0,normal,0.009142989292740822,0.312900394020327,-59.803311455179255
5748,0,normal,0.0068612368777394295,0.31209638388444727,-59.66116683549831
5749,0,normal,0.006833443883806467,0.3112418979105822,-59.58162326561887
5750,0,normal,0.012337114661931992,0.3120822602749064,-59.454463723229765
5751,0,normal,0.11378848552703857,0.31377657857625363,-59.61274086252661
5752,0,normal,0.07621747255325317,0.3126420298005483,-59.803607581158076
5753,0,normal,0.04505055397748947,0.31149475989506037,-60.25000084367025
5754,0,normal,0.045803509652614594,0.312796568492493,-60.45570641283189
5755,0,normal,0.03764266520738602,0.31250176135873586,-60.71247293359852
5756,0,normal,0.04070836678147316,0.31248374597470063,-60.910335806070634
5757,0,normal,0.059012819081544876,0.31204864030318297,-60.95558705893836
5758,0,normal,0.010093344375491142,0.3125847009898443,-61.0471994213101
5759,0,normal,0.00639982707798481,0.3116152803370498,-61.11502582983485
5760,0,normal,0.0054720244370400906,0.31167435999487364,-61.1924767857472
5761,0,normal,0.0058676740154623985,0.3139195307270425,-61.28261562172315
5762,0,normal,0.004477325826883316,0.311679824105558,-61.35152336324927
5763,0,normal,0.005262012127786875,0.3119671464408489,-61.363899402314246
5764,0,normal,0.029384789988398552,0.3128101815983169,-61.064929463565704
5765,0,normal,0.006060199346393347,0.3128868090994285,-60.98433713758436
5766,0,normal,0.005330138374119997,0.31354584760250365,-60.925294509276
5767,0,normal,0.016334138810634613,0.3127367970875923,-60.70390764256604
5768,0,normal,0.1187669038772583,0.3149890212158043,-60.85889023106097
5769,0,normal,0.06693777441978455,0.3141456569445266,-60.901606249846054
5770,0,normal,0.04719914123415947,0.313647608218654,-60.96163025140095
5771,0,normal,0.03647897019982338,0.3144247928854582,-61.04177416572452
5772,0,normal,0.03980613127350807,0.3147387054051091,-61.10815010608508
5773,0,normal,0.08023200929164886,0.3134723233942601,-60.983451607200095
5774,0,normal,0.013196493498980999,0.31507338594518436,-61.134407365023435
5775,0,normal,0.007616138551384211,0.31363916156433974,-61.12706174052187
5776,0,normal,0.008921404369175434,0.31369632043016316,-61.02082610257071
5777,0,normal,0.005234104581177235,0.3144472291175881,-60.94186560076946
5778,0,normal,0.005159033462405205,0.3142297065952658,-60.80703580762179
5779,0,normal,0.023772379383444786,0.31373716935710627,-60.386009310856025
5780,0,normal,0.018634513020515442,0.31407326301972427,-59.97175491555254
5781,0,normal,0.0058625987730920315,0.3173029990913034,-59.920110487795455
5782,0,normal,0.005543462000787258,0.31508755166693525,-59.95448207161712
5783,0,normal,8.80696964263916,0.3343728428950053,-27.669625859963617
5784,0,normal,0.07068117707967758,0.33796416552020714,-27.719033146760466
5785,0,normal,1.762075424194336,0.3315005508510887,-28.31887825405738
5786,0,normal,1.2407877445220947,0.3596117223610406,-1.2533824787283265
5787,0,normal,0.3699682652950287,0.35747723327753195,1.23193899912485
5788,0,normal,0.18906916677951813,0.38191063499325756,4.145961291642379
5789,0,normal,0.11658772826194763,0.3840827521373601,7.178655361477695
5790,0,normal,0.11243344098329544,0.3813118820207896,9.949330923786192
5791,0,normal,0.12755335867404938,0.40633663336356834,13.32977707015948
5792,0,normal,0.0778861865401268,0.3940570349153921,15.792167737412
5793,0,normal,0.14657334983348846,0.40208844687867923,17.781524270176078
5794,0,normal,0.38678884506225586,0.40487468424416545,19.658632886391615
5795,0,normal,1.092322826385498,0.41794470193096234,21.791739388699852
5796,0,normal,1.7485878467559814,0.43844033898637846,49.001509303614284
5797,0,normal,0.2341705560684204,0.4445290153085331,48.967355341210805
5798,0,normal,1.9716200828552246,0.4693094295188189,62.66372365565462
5799,0,normal,0.026727132499217987,0.4358098394008767,62.58780424585984
5800,0,normal,0.022125666961073875,0.43556870079239884,62.37599993982326
5801,0,normal,0.010848981328308582,0.46385374494149434,62.013793527626376
5802,0,normal,0.004008427262306213,0.4333746675768332,61.90510045045016
5803,0,normal,0.010436216369271278,0.43683696777888553,61.8355581561309
5804,0,normal,0.00763968750834465,0.4474454553064006,61.92893157493472
5805,0,normal,0.005630614701658487,0.4321643163723338,61.97403301602753
5806,0,normal,0.004378824960440397,0.44722617606014975,62.186963372586206
5807,0,normal,0.029378121718764305,0.43170527243983303,62.699007718323855
5808,0,normal,0.01515791192650795,0.4693994898446405,63.05917035809102
5809,0,normal,0.004374591168016195,0.4649719174929893,63.33576668582259
5810,0,normal,0.010035930201411247,0.44578925373256373,63.79023159334997
5811,0,normal,0.006047715432941914,0.46381005356369226,64.60948935077454
5812,0,normal,0.005626031197607517,0.42971248536853696,65.57423238498995
5813,0,normal,0.0057990411296486855,0.4342323434041943,37.54903761032392
5814,0,normal,0.04629916325211525,0.4296949581252422,39.01501720715282
5815,0,normal,0.012403581291437149,0.42188958352393036,40.5887060516136
5816,0,normal,0.010905052535235882,0.40114806215416177,13.725805181102714
5817,0,normal,0.012000687420368195,0.40114237869129815,10.72970786024689
5818,0,normal,0.006059818435460329,0.40829622514930297,7.802046563714839
5819,0,normal,0.005376504734158516,0.3846831782913334,4.730103308412026
5820,0,normal,0.006982768885791302,0.38023842461599144,1.6981697572657595
5821,0,normal,0.009092493914067745,0.38459068048709777,-1.5641590966731655
5822,0,normal,0.00786143820732832,0.35821471999065035,-4.183708728053261
5823,0,normal,0.025990016758441925,0.3740055488909389,-6.425673472233939
5824,0,normal,0.01713212952017784,0.36438700611271635,-9.358245585915938
5825,0,normal,0.00812478270381689,0.3520294974553927,-12.558526885225774
5826,0,normal,0.010984070599079132,0.32913532917480476,-43.43178765354014
5827,0,normal,0.010835649445652962,0.32281701060841533,-44.730719419469324
5828,0,normal,0.033733632415533066,0.3105479691443607,-60.46294976121635
5829,0,normal,0.011660986579954624,0.31122879776975143,-60.35771692186222
5830,0,normal,0.008946673944592476,0.31122116892842117,-60.29674077069512
5831,0,normal,0.010212892666459084,0.31355060632234105,-60.10610593930892
5832,0,normal,0.007785980124026537,0.312263056694777,-60.002963124359894
5833,0,normal,0.006955782882869244,0.3112250666680011,-59.8665068974185
5834,0,normal,0.00745758879929781,0.31078570519102805,-59.73470349500394
5835,0,normal,0.008534570224583149,0.31234627955015665,-59.594112435201396
5836,0,normal,0.0057623679749667645,0.3116858783623249,-59.54858548179823
5837,0,normal,0.011740834452211857,0.31071280546498004,-59.57479076181767
5838,0,normal,0.01123117282986641,0.3108256828146999,-59.38006499766743
5839,0,normal,0.020126881077885628,0.31188970329340815,-59.1007305744763
5840,0,normal,0.06489859521389008,0.3133750179934641,-59.2227984111521
5841,0,normal,0.052817050367593765,0.31141817960562035,-59.370863317644535
5842,0,normal,0.04412214457988739,0.3131717368893832,-59.5398539871635
5843,0,normal,0.036723874509334564,0.31163313431706036,-59.71987914787087
5844,0,normal,0.034620024263858795,0.31177990446419845,-60.141428235341664
5845,0,normal,0.023358164355158806,0.3112884804157393,-60.404841447895706
5846,0,normal,0.05387574061751366,0.31147066210530394,-60.31991889875667
5847,0,normal,0.007914390414953232,0.3118580630391706,-60.46254593300159
5848,0,normal,0.0065543754026293755,0.31176276371589834,-60.55301819644046
5849,0,normal,0.005665668752044439,0.3123116403084496,-60.62515516912936
5850,0,normal,0.004882747773081064,0.3117036220842517,-60.69533516899651
5851,0,normal,0.0048284814693033695,0.31242863712134433,-60.765299298748005
5852,0,normal,0.004820029716938734,0.3107650930478169,-60.82659530697879
5853,0,normal,0.0051362174563109875,0.31201536287089965,-60.995143006321996
5854,0,normal,0.018067480996251106,0.31192576746331585,-60.75009008282723
5855,0,normal,0.025017691776156425,0.3135866395747525,-60.83860030199594
5856,0,normal,0.05953405424952507,0.31582856467701187,-60.94440620866453
5857,0,normal,0.04593496024608612,0.31338344676452007,-61.073187113634276
5858,0,normal,0.041069868952035904,0.3124188740015714,-61.350112400662965
5859,0,normal,0.030624745413661003,0.3125184278333774,-61.583625462458485
5860,0,normal,0.029440078884363174,0.31195402313775533,-61.80606063503069
5861,0,normal,0.023851871490478516,0.31280190411537934,-62.05687762875118
5862,0,normal,0.061705801635980606,0.31242523040543296,-62.00000239158635
5863,0,normal,0.008318332955241203,0.31366810577955445,-62.05107524141067
5864,0,normal,0.0066896891221404076,0.3126922723479622,-62.043694493959265
5865,0,normal,0.005102089140564203,0.31257292143844273,-62.03659614150047
5866,0,normal,0.004514516331255436,0.3128840848686228,-61.982591200773186
5867,0,normal,0.02093472331762314,0.31259948794693393,-61.714454412538544
5868,0,normal,0.004263619892299175,0.3128017171407215,-61.6593754940036
5869,0,normal,0.004806729964911938,0.3126592742581907,-61.6287113768235
5870,0,normal,0.006543947849422693,0.31362740235350567,-61.429439024552494
5871,0,normal,0.006724885199218988,0.31386373437280785,-61.294345047694605
5872,0,normal,0.005329407751560211,0.3133503015519088,-61.27263508929195
5873,0,normal,0.10222147405147552,0.313745144651108,-61.423301957907825
5874,0,normal,0.05058344453573227,0.315237096826064,-61.65882877751119
5875,0,normal,0.04129497706890106,0.31351714642809836,-61.7483963113732
5876,0,normal,0.031889453530311584,0.3134735339842026,-62.01482606864056
5877,0,normal,0.030084405094385147,0.31291623630752224,-62.1243364958309
5878,0,normal,0.01926433853805065,0.31295030604546725,-62.199776705847626
5879,0,normal,0.05659786984324455,0.31254756446699666,-61.89036880810181
5880,0,normal,0.012729342095553875,0.3125282261451424,-61.68631368176989
5881,0,normal,0.00861380621790886,0.3124684908811076,-61.462178205424834
5882,0,normal,8.881444931030273,0.3324331332437441,-28.864960761808106
5883,0,normal,0.10623352229595184,0.3389827727143779,-28.48864250056522
5884,0,normal,1.9401906728744507,0.34374913245001215,-15.959111674451151
5885,0,normal,2.721437454223633,0.3684626373970117,-1.6526004494282915
5886,0,normal,0.29419100284576416,0.3636291322789587,-0.34977468931674593
5887,0,normal,0.15958647429943085,0.3723542602545605,1.2792696777275978
5888,0,normal,0.12726736068725586,0.37991501640036957,2.978233024969086
5889,0,normal,0.7955318689346313,0.38952954153492647,2.838905689619878
5890,0,normal,0.19081638753414154,0.3793533930644158,4.733300664842545
5891,0,normal,0.6282111406326294,0.37520345434458546,5.156121419068995
5892,0,normal,0.41517338156700134,0.39946387168969316,7.5023678075206135
5893,0,normal,3.888530731201172,0.40755489924853794,35.55761255262678
5894,0,normal,0.3239125609397888,0.42150419516098614,36.96898765952233
5895,0,normal,0.4432305693626404,0.4148963170742409,37.771724187801055
5896,0,normal,2.1144917011260986,0.4360906128641342,52.04469333732527
5897,0,normal,0.11730101704597473,0.4391102037309223,51.742782278140794
5898,0,normal,0.04432142898440361,0.4272615611732484,51.677715897543294
5899,0,normal,0.022128360345959663,0.42901567980416233,51.43692744155078
5900,0,normal,0.013581632636487484,0.4319252957929918,51.496015208388144
5901,0,normal,0.01157485879957676,0.4231289771983356,51.681895671362554
5902,0,normal,0.008457481861114502,0.4531504369076392,51.99197793710641
5903,0,normal,0.007193413097411394,0.4354690220001138,52.117695898613874
5904,0,normal,0.0071219452656805515,0.4204226520449747,52.30320633100405
5905,0,normal,0.006319449748843908,0.4163208278539233,52.60250566272771
5906,0,normal,0.006008430849760771,0.4441753686383471,52.937941686766635
5907,0,normal,0.0058306558057665825,0.4353829740602061,53.26529425643298
5908,0,normal,0.004707199987024069,0.4426492209816285,53.7812477043733
5909,0,normal,0.005309147294610739,0.42292900466271477,54.29184252259779
5910,0,normal,0.005205834750086069,0.459294893004311,54.945883059758216
5911,0,normal,0.005324632860720158,0.43174679846880704,55.65140593279534
5912,0,normal,0.005471417680382729,0.4168820836376403,26.96656089272824
5913,0,normal,0.01274939626455307,0.4121463008902816,27.803328940703977
5914,0,normal,0.026487477123737335,0.400088260128163,15.525993107235536
5915,0,normal,0.0715724378824234,0.3976815742999531,0.9571741074591955
5916,0,normal,0.0448487289249897,0.39389458146747636,-0.8937802743921566
5917,0,normal,0.03749460354447365,0.3866895446259222,-2.8093954546186524
5918,0,normal,0.03651483729481697,0.38386203001594077,-4.777119883533487
5919,0,normal,0.10359901934862137,0.3672370493661739,-3.634355343105881
5920,0,normal,0.02175516076385975,0.3698260023037713,-5.597665536197383
5921,0,normal,0.009745581075549126,0.3708022012496028,-5.676545059142427
5922,0,normal,0.008111333474516869,0.35760498484023046,-8.709202881878127
5923,0,normal,0.006918456871062517,0.33193000398411593,-39.542417688780006
5924,0,normal,0.004650356248021126,0.32883915902992084,-42.73295069429446
5925,0,normal,0.004698542878031731,0.32321567440177135,-44.52255025739805
5926,0,normal,0.0054965815506875515,0.3120020887895993,-61.06663919319453
5927,0,normal,0.0056642163544893265,0.3113291059538289,-61.27217172581322
5928,0,normal,0.00695446552708745,0.31143588757727947,-61.201057188957975
5929,0,normal,0.005894242785871029,0.31179013386715015,-61.15949714744238
5930,0,normal,0.007655843626707792,0.3126934897144495,-61.086154318387116
5931,0,normal,0.00595220597460866,0.31282478565189314,-61.073964476686115
5932,0,normal,0.011115836910903454,0.3111693133764601,-60.96427904945426
5933,0,normal,0.01852872408926487,0.31160472442033904,-60.73661035435612
5934,0,normal,0.0349174365401268,0.3119521108825896,-60.31859064140872
5935,0,normal,0.020202670246362686,0.3124612276488646,-60.41531446920635
5936,0,normal,0.012047638185322285,0.3142025097261066,-60.51642694640395
5937,0,normal,0.011270890012383461,0.3126075948433698,-60.62915898151596
5938,0,normal,0.01345926895737648,0.31413638416642414,-60.72176895378698
5939,0,normal,0.01628006622195244,0.31199969212342676,-60.79504066770528
5940,0,normal,0.034234076738357544,0.3129113807032019,-60.56587792955406
5941,0,normal,0.008240454830229282,0.31261606909699713,-60.44041728654247
5942,0,normal,0.01483882125467062,0.3135316026930698,-60.16762422938723
5943,0,normal,0.0060189892537891865,0.3130215656361035,-60.085760302264134
5944,0,normal,0.005701220594346523,0.3130088363761675,-59.9465549247559
5945,0,normal,0.005547183565795422,0.3126960057260811,-59.99368713380545
5946,0,normal,0.013305751606822014,0.3131492643018482,-59.9309768969224
5947,0,normal,0.033372607082128525,0.3132712856444746,-60.199420355829034
5948,0,normal,0.07458421587944031,0.3123846154662849,-60.4967199544576
5949,0,normal,0.043113190680742264,0.31097545903774637,-60.83090443557808
5950,0,normal,0.04516172409057617,0.3128099881061531,-61.03361856835613
5951,0,normal,0.05255450680851936,0.3128086370955674,-61.151868160731055
5952,0,normal,0.03541494160890579,0.31239678777429347,-61.30904525158735
5953,0,normal,0.04108712822198868,0.3123193642923014,-61.43805410796608
5954,0,normal,0.03441823646426201,0.31234679996925047,-61.54999299152837
5955,0,normal,0.01120169647037983,0.31265373798276674,-61.6243554220805
5956,0,normal,0.016077451407909393,0.312053271196237,-61.54022192189291
5957,0,normal,0.005528400186449289,0.31173127359610636,-61.58853315174588
5958,0,normal,0.005284813232719898,0.3117613757196188,-61.67188390391925
5959,0,normal,0.004533763974905014,0.31131069962598457,-61.73285716847772
5960,0,normal,0.004278990905731916,0.3114435001510953,-61.79146213394279
5961,0,normal,0.004575691651552916,0.3123209383284106,-61.79755484078987
5962,0,normal,0.004532072693109512,0.3146265579533935,-61.85501634271395
5963,0,normal,0.004995968658477068,0.31258634345323166,-61.94869045956193
5964,0,normal,0.11909458786249161,0.3145860253092088,-62.221168598122176
5965,0,normal,0.07696349173784256,0.31431258441468796,-62.17601262489234
5966,0,normal,0.04711896553635597,0.31373237342845905,-62.17312189569225
5967,0,normal,0.04251766949892044,0.3143087683200147,-62.17846154998574
5968,0,normal,0.033547475934028625,0.31436179383562557,-62.22479537241156
5969,0,normal,0.02793615311384201,0.31257727248916545,-62.30354689181013
5970,0,normal,0.043874338269233704,0.31430821607564774,-62.210860875148455
5971,0,normal,0.0076231202110648155,0.31449157188714527,-62.14053441730334
5972,0,normal,0.005725714843720198,0.3137313989149978,-62.10397330849332
5973,0,normal,0.005834606010466814,0.31381967881920947,-61.93278983780124
5974,0,normal,0.00601718807592988,0.313728729068725,-61.70862989269426
5975,0,normal,0.005121411755681038,0.313987968970329,-61.469476943353584
5976,0,normal,0.005828287918120623,0.3128116894218765,-61.26667298170014
5977,0,normal,0.013463279232382774,0.314604238819104,-60.837373467594716
5978,0,normal,0.007551661692559719,0.3149803686629325,-60.62827970018816
5979,0,normal,0.005529037211090326,0.3154206220382565,-60.481264409533196
5980,0,normal,0.005513591691851616,0.3157695993065866,-60.45463392114084
5981,0,normal,0.009839856065809727,0.31382118120479346,-60.48013678832103
5982,0,normal,0.021143708378076553,0.3130251837782515,-60.72399548833096
5983,0,normal,0.07297218590974808,0.3133584427236891,-61.04463425059498
5984,0,normal,0.051657795906066895,0.31403089264469697,-61.133792834749784
5985,0,normal,0.03804508596658707,0.313802170565227,-61.234493917850386
5986,0,normal,0.031860414892435074,0.31449371273395405,-61.407275703084
5987,0,normal,0.03327655792236328,0.3150535623061794,-61.475561735792326
5988,0,normal,0.09982603043317795,0.3126900510658261,-61.14803302678206
5989,0,normal,0.016696065664291382,0.3132273330754299,-60.94564542672197
5990,0,normal,8.843522071838379,0.3318816972420408,-28.17073582783587
5991,0,normal,0.10609784722328186,0.3386208048488982,-27.759681983388646
5992,0,normal,1.9488716125488281,0.3424691290081525,-15.12359988850585
5993,0,normal,1.6650748252868652,0.37548227212585333,9.865860391500064
5994,0,normal,0.1865498423576355,0.3735180664975636,10.690971247481684
5995,0,normal,0.14962799847126007,0.38236320478067987,11.9336348310012
5996,0,normal,45.43278121948242,0.3890707198428287,161.86014806569028
5997,0,normal,42.23025131225586,0.4051489024345357,291.50192697665636
5998,0,normal,0.40441685914993286,0.40547774559456085,291.42723892117033
5999,0,normal,0.43822181224823,0.3995658761465577,292.8542160331965
6000,0,normal,0.32328322529792786,0.398485163691406,294.13276401431153
6001,0,normal,43.9287223815918,0.4061792420011408,405.0885675420998
6002,0,normal,5.982778549194336,0.42262665608399885,422.7286352586883
6003,0,normal,0.28803926706314087,0.42241052813011004,423.3739235757739
6004,0,normal,3.1238484382629395,0.45483627950294053,432.26566160912864
6005,0,normal,0.04085225239396095,0.44590288239802134,432.19607507773105
6006,0,normal,0.021251970902085304,0.4426658853024817,432.0031829448511
6007,0,normal,0.015830960124731064,0.4412075697059688,431.73284069631416
6008,0,normal,0.01271925400942564,0.45343238441778694,431.66153838615185
6009,0,normal,0.06077899411320686,0.4357093908658632,431.911471345119
6010,0,normal,0.0176791213452816,0.4466250400959155,432.1888716531571
6011,0,normal,0.026726260781288147,0.44990641682451127,432.49291285522634
6012,0,normal,0.007885913364589214,0.4374390121358098,432.7184878574801
6013,0,normal,0.017623621970415115,0.42980194518276205,433.01735173461884
6014,0,normal,0.010735130868852139,0.44903729902995615,433.260422713641
6015,0,normal,0.01191499549895525,0.453025330814001,433.5223599121506
6016,0,normal,0.011204010806977749,0.44730921225671194,433.77689160555053
6017,0,normal,0.010832817293703556,0.4518085536860159,434.1571885993977
6018,0,normal,0.03964326158165932,0.4469949460208326,434.55943030488936
6019,0,normal,0.02718789502978325,0.44970124444270665,435.0313441921221
6020,0,normal,0.019418779760599136,0.42927890605456775,416.3839267807025
6021,0,normal,0.017668412998318672,0.43423105283511115,416.7654473303144
6022,0,normal,0.01640799269080162,0.4100095598661285,408.7607653106701
6023,0,normal,0.016811517998576164,0.3961644414560124,392.11388098601117
6024,0,normal,0.021688338369131088,0.3916494488775663,391.09038776031275
6025,0,normal,0.011114861816167831,0.3872246360625369,389.87869362621905
6026,0,normal,0.007988722994923592,0.37977228125974777,275.12686991431735
6027,0,normal,44.85411071777344,0.38442541981395284,273.81862181607585
6028,0,normal,0.02489492855966091,0.3711606276923513,274.24290513645235
6029,0,normal,0.035380590707063675,0.3771975807748505,272.412649770063
6030,0,normal,0.030074482783675194,0.3580854298790611,270.4450562206821
6031,0,normal,0.026725297793745995,0.3560739570186727,138.7014670827475
6032,0,normal,8.656903266906738,0.3470171464910451,140.0290164084712
6033,0,normal,0.05634821578860283,0.34958488936875826,137.53004412131202
6034,0,normal,1.8167495727539062,0.3529446335305946,134.83850691062048
6035,0,normal,1.756969690322876,0.3774152497318658,156.6186149485377
6036,0,normal,0.32183486223220825,0.37761845523322174,158.71512402040798
6037,0,normal,0.752828061580658,0.3876882215554901,159.6703980724194
6038,0,normal,13.640568733215332,0.41240861370807635,207.8005356065146
6039,0,normal,0.8442678451538086,0.42568125390007705,207.96718075841738
6040,0,normal,13.32810115814209,0.4454320866844105,253.35310394809028
6041,0,normal,0.34700778126716614,0.43768695912919703,254.56728655488098
6042,0,normal,7.091341972351074,0.4510960291223865,274.36872786991614
6043,0,normal,0.5326452255249023,0.460565549010965,275.0547583677255
6044,0,normal,0.687544047832489,0.475250458330893,274.8591710419968
6045,0,normal,1.859926462173462,0.4695373373996508,285.848207550348
6046,0,normal,0.03495959937572479,0.45526971430106805,285.9992510880246
6047,0,normal,0.007015025708824396,0.4925882338826767,286.10895395882426
6048,0,normal,0.0031797883566468954,0.45699122862866504,286.01884962324357
6049,0,normal,0.0032322502229362726,0.4452781731428857,286.0802726154375
6050,0,normal,0.010530779138207436,0.4556953783666728,286.320386792298
6051,0,normal,0.024252405390143394,0.4529797220857717,286.4072923217035
6052,0,normal,0.07385894656181335,0.4656147703134107,286.46850499413983
6053,0,normal,0.04735483229160309,0.4714786065481803,286.5705077055751
6054,0,normal,0.032332830131053925,0.44057358965848675,286.63150965099294
6055,0,normal,0.030256344005465508,0.4653717237548838,286.84518487079447
6056,0,normal,0.03256785869598389,0.45048550851749664,287.11977332115464
6057,0,normal,0.012729857116937637,0.4820391775410083,158.3419399197303
6058,0,normal,0.04132159799337387,0.45004286228819634,159.01788029303123
6059,0,normal,0.005638285540044308,0.4782423278701165,159.83784721736106
6060,0,normal,0.005075393244624138,0.4647624370791767,160.80071631374096
6061,0,normal,0.004474868532270193,0.4486766720544625,161.86355015820425
6062,0,normal,0.0042847273871302605,0.46020968372265536,136.40785157099003
6063,0,normal,0.0044562541879713535,0.45684649333550764,137.65750460728498
6064,0,normal,0.004537510219961405,0.4434257078217321,127.01570205367227
6065,0,normal,0.0051605659537017345,0.42353052035514566,103.95218726050928
6066,0,normal,0.005836322903633118,0.40686847872531057,100.79726477316217
6067,0,normal,0.0050336141139268875,0.41123945142674767,100.023653626954
6068,0,normal,0.005221208557486534,0.3821360605779636,45.750332794956876
6069,0,normal,0.10134811699390411,0.3942711691041444,44.907648977002054
6070,0,normal,0.06260433048009872,0.35757357914621685,-12.531848480620283
6071,0,normal,0.03130511939525604,0.35434725102736375,-16.033577536950816
6072,0,normal,0.03281760215759277,0.3315140203683213,-43.77454292744278
6073,0,normal,0.03295958787202835,0.3235755628560035,-46.57602754128061
6074,0,normal,0.029446538537740707,0.3240789213550582,-46.60165188826022
6075,0,normal,0.07158446311950684,0.31221500704247096,-62.321152936566705
6076,0,normal,0.013071076944470406,0.3127023657033143,-62.30471476296475
6077,0,normal,0.008326735347509384,0.31262752319529663,-62.14751532987998
6078,0,normal,0.006225316319614649,0.3133785920303201,-61.97302997324755
6079,0,normal,0.005588472355157137,0.31261943298432643,-61.79178581334486
6080,0,normal,0.00984453596174717,0.31290251605786196,-61.57519944633236
6081,0,normal,0.009938345290720463,0.31390644951014524,-61.188810791064725
6082,0,normal,0.03282976523041725,0.31397358061511405,-60.71633053331152
6083,0,normal,0.010912323370575905,0.31333167649534105,-60.45678874667851
6084,0,normal,0.008195081725716591,0.3129666102652764,-60.26752703926013
6085,0,normal,0.007559516932815313,0.3138534423302286,-60.154316873770085
6086,0,normal,0.007253115531057119,0.31454746721117177,-60.136153191728226
6087,0,normal,0.006404611747711897,0.31282549218918343,-60.056135286255085
6088,0,normal,8.798906326293945,0.32920357605621753,-27.610835606136106
6089,0,normal,0.20187711715698242,0.3401260223021604,-27.42071878177603
6090,0,normal,1.763085961341858,0.3477012848404516,-14.74033603202497
6091,0,normal,3.028611660003662,0.36513632722569617,0.357667167698537
6092,0,normal,0.3566673696041107,0.36738371343458615,2.711809863333201
6093,0,normal,0.8389463424682617,0.3723119410817725,3.4571834646387742
6094,0,normal,0.1842123568058014,0.3835760151021676,5.5130603844575035
6095,0,normal,0.18779779970645905,0.38471276575331725,7.14606988009632
6096,0,normal,0.15152105689048767,0.3857908614695744,9.04085001322619
6097,0,normal,0.14059725403785706,0.3878295669310113,10.902647168561316
6098,0,normal,0.2875341773033142,0.3995380521714653,12.777114890440089
6099,0,normal,1.3591207265853882,0.39454436465932047,12.807500887722199
6100,0,normal,1.8403239250183105,0.4165438247998053,39.92305352173889
6101,0,normal,0.2742711305618286,0.41947923627121414,39.90462879057009
6102,0,normal,2.0251657962799072,0.44285847917638427,53.68351770546883
6103,0,normal,0.026212500408291817,0.43330717701822774,53.68359460280226
6104,0,normal,0.01177914161235094,0.42422133610487534,53.37500887026022
6105,0,normal,0.003429386531934142,0.43223131633977485,53.07610342739122
6106,0,normal,0.0023492728359997272,0.4292713356711608,53.05437966973727
6107,0,normal,0.0024332080502063036,0.4247294839171305,53.05654539089801
6108,0,normal,0.002898778533563018,0.4375422986030173,53.17090307263379
6109,0,normal,0.016098331660032272,0.43549026322988715,53.41243164701473
6110,0,normal,0.07434537261724472,0.43093082612294825,53.36365826655651
6111,0,normal,0.0710647851228714,0.4152880854731255,53.48611184780157
6112,0,normal,0.023143354803323746,0.44375653735308507,53.4931031813303
6113,0,normal,0.038062676787376404,0.4444973976673181,53.71037218629385
6114,0,normal,0.042565684765577316,0.43898953331982316,54.09145608048607
6115,0,normal,0.03493381291627884,0.43553471687317563,54.69326566803443
6116,0,normal,0.0814012885093689,0.4360533874456603,55.6380690944236
6117,0,normal,0.009166792035102844,0.42610313431835467,56.55680551375826
6118,0,normal,0.005661760922521353,0.42317201227125756,28.066687620965013
6119,0,normal,0.00519905099645257,0.41530073743542895,28.64255953269071
6120,0,normal,0.004622446373105049,0.40131013465836984,15.976209332907501
6121,0,normal,0.00457024248316884,0.39541407763576913,0.13583119900249585
6122,0,normal,0.0045017763040959835,0.3954116339405895,-2.863249436331671
6123,0,normal,0.006855649873614311,0.38508318266152836,-3.1468931691952093
6124,0,normal,0.027318768203258514,0.37503321094818703,-4.970080274358452
6125,0,normal,0.021733669564127922,0.38724280835607316,-6.235914204264873
6126,0,normal,0.004733295179903507,0.36306022325560805,-8.169892274042923
6127,0,normal,0.005015662871301174,0.37060798582139565,-10.504727680671522
6128,0,normal,0.005384303163737059,0.3589384310669436,-13.191746551843607
6129,0,normal,0.0058440822176635265,0.34961369612366566,-13.338046581133312
6130,0,normal,0.006767127197235823,0.32986720295407296,-43.80481394485105
6131,0,normal,0.011528994888067245,0.3242188932998876,-44.79341425429061
6132,0,normal,0.03187223896384239,0.3124963962812612,-60.78776671679884
6133,0,normal,0.025672608986496925,0.31320799664556326,-61.0213012113104
6134,0,normal,0.0193749088793993,0.31306832607826013,-61.193485232379544
6135,0,normal,0.018603814765810966,0.3125669539355932,-61.343084341157464
6136,0,normal,0.015309127978980541,0.3128051840869369,-61.46262155223394
6137,0,normal,0.0360662043094635,0.31340157463767737,-61.2702372034305
6138,0,normal,0.007595581468194723,0.3126858702437643,-61.18654782223507
6139,0,normal,0.007066034711897373,0.31243906121786463,-61.21791799902667
6140,0,normal,0.012371969409286976,0.31235236082710544,-60.98934512893379
6141,0,normal,0.010191032662987709,0.3156551929222144,-61.07938640076782
6142,0,normal,0.006356549449265003,0.3153874957699369,-61.086721420205095
6143,0,normal,0.007371681742370129,0.3126998938817519,-61.115950518899126
6144,0,normal,0.046777475625276566,0.312118910552753,-61.41092140176738
6145,0,normal,0.11706717312335968,0.3110386636360136,-61.584274957674324
6146,0,normal,0.06625430285930634,0.31146114007111775,-61.713226466476044
6147,0,normal,0.06163180246949196,0.31278115395062717,-61.70947424468977
6148,0,normal,0.04794886335730553,0.3131330426868638,-61.72766735845653
6149,0,normal,0.043507546186447144,0.3134689955902738,-61.778386028338446
6150,0,normal,0.04834176227450371,0.3145385002114185,-61.79848489060282
6151,0,normal,0.03747343644499779,0.3120813585154474,-61.923984525759124
6152,0,normal,0.026324283331632614,0.3144275587526387,-61.90811651281706
6153,0,normal,0.020118234679102898,0.3129784418253305,-61.785984815842085
6154,0,normal,0.006003136280924082,0.31436216606130374,-61.89732565509257
6155,0,normal,0.0051949406042695045,0.3121906514227386,-62.00774369898659
6156,0,normal,0.004541187547147274,0.3116140276372353,-61.963027127360874
6157,0,normal,0.004788626916706562,0.31321165578625726,-61.92814176170759
6158,0,normal,0.005035345442593098,0.3134179668783689,-61.89618622259036
6159,0,normal,0.005887282080948353,0.3156498148090604,-61.872778504105554
6160,0,normal,0.005602196324616671,0.3139017460908892,-61.83525587420354
6161,0,normal,0.11189756542444229,0.31512357727831397,-61.82880198295584
6162,0,normal,0.07338716834783554,0.3148014313097783,-61.75089728383182
6163,0,normal,0.04535340145230293,0.3144266540047475,-61.73704292459183
6164,0,normal,0.0445169135928154,0.3144238157539053,-61.73055715030432
6165,0,normal,0.046073511242866516,0.3139923084182036,-61.72960558203067
6166,0,normal,0.02832694537937641,0.3142809893434145,-61.795182769604025
6167,0,normal,0.07522962987422943,0.31584649966684547,-61.71941825090994
6168,0,normal,0.012734897434711456,0.3161027516428779,-61.60632975726253
6169,0,normal,0.024529561400413513,0.3146207220387545,-61.21562023811134
6170,0,normal,0.0074407425709068775,0.3142238416588092,-60.98507974666677
6171,0,normal,0.006913287565112114,0.314225651028607,-60.62673640584444
6172,0,normal,0.006986852735280991,0.3156092105251992,-60.24491699804639
6173,0,normal,0.007188343442976475,0.3150303919188393,-59.87553200910406
6174,0,normal,0.008104047738015652,0.316724861602746,-59.48964751146991
6175,0,normal,0.012002333998680115,0.31621547780994974,-59.365906711700745
6176,0,normal,0.008673400618135929,0.318482568932006,-59.28891821513321
6177,0,normal,0.009850209578871727,0.3190579527090439,-59.30776718628567
6178,0,normal,0.009290749207139015,0.316446285567211,-59.36338305917616
6179,0,normal,0.01463191770017147,0.31552325044873913,-59.690852188653025
6180,0,normal,0.05293835327029228,0.3129845471954945,-60.15365939086064
6181,0,normal,0.041521646082401276,0.3142282958443313,-60.282029133150445
6182,0,normal,0.03252193704247475,0.31368034086204843,-60.463125520128415
6183,0,normal,0.030281048268079758,0.3141400148767001,-60.70004117444023
6184,0,normal,0.021628156304359436,0.31440411895338494,-60.86346239832119
6185,0,normal,8.727702140808105,0.33212289169004483,-28.211060699077507
6186,0,normal,0.11532868444919586,0.3433003004671123,-27.833317723955815
6187,0,normal,1.9458911418914795,0.34233591782936246,-15.217916392074585
6188,0,normal,1.7252519130706787,0.3705027779297583,9.654829756051413
6189,0,normal,0.20298129320144653,0.3754144553170231,10.751507126029537
6190,0,normal,0.15219976007938385,0.3836144284029132,12.33406809161147
6191,0,normal,0.15072771906852722,0.3858127521244121,13.856613106151372
6192,0,normal,0.1544216126203537,0.3979835234838402,15.217271956173136
6193,0,normal,0.7833656668663025,0.3993989067157456,15.14143501560875
6194,0,normal,0.176202654838562,0.39396342037181503,16.812823778385336
6195,0,normal,0.18695935606956482,0.3976675049670684,18.422500524442512
6196,0,normal,0.5409193634986877,0.4011595326849825,20.068562037906986
6197,0,normal,2.7102253437042236,0.4242079444370498,46.844327831485316
6198,0,normal,0.3324747383594513,0.42635412685871954,47.7536215508037
6199,0,normal,0.5876838564872742,0.43861179685801216,47.210330068929125
6200,0,normal,1.955795168876648,0.4460459624854668,61.287991398894064
6201,0,normal,0.02320667915046215,0.4325332384352104,60.978901525158335
6202,0,normal,0.006655886769294739,0.4273245894506354,60.73915603535556
6203,0,normal,0.007791747339069843,0.44742658859983214,60.33375651953361
6204,0,normal,0.0032510722521692514,0.4294341932997203,60.19140415110019
6205,0,normal,0.007662690244615078,0.4498342889065034,60.08154114758645
6206,0,normal,0.007443537935614586,0.45143973804940923,60.11783568471401
6207,0,normal,0.033167801797389984,0.4256375456722663,60.477106166249996
6208,0,normal,0.0047089881263673306,0.4423975111369666,60.94395273619102
6209,0,normal,0.007196346297860146,0.4462814555969586,61.64580156152988
6210,0,normal,0.0200861357152462,0.45820348995709026,62.46914490521749
6211,0,normal,0.0036135450936853886,0.4345018746220283,63.009226980887206
6212,0,normal,0.004182838369160891,0.4496941905179424,63.758112915887295
6213,0,normal,0.005020338110625744,0.4440855190883676,64.5776227514707
6214,0,normal,0.0054749720729887486,0.4489278142007067,65.40187125902662
6215,0,normal,0.01994580589234829,0.43095498791790254,37.11052179430976
6216,0,normal,0.01588902436196804,0.42655782406229864,38.04063790948453
6217,0,normal,0.00786319375038147,0.4172016758998438,25.810497099000486
6218,0,normal,0.014390173368155956,0.39315767394353235,0.8276089943840361
6219,0,normal,0.012485322542488575,0.39477410191282686,-0.851469031317265
6220,0,normal,0.01046859472990036,0.38239173165551577,-2.6894746182563267
6221,0,normal,0.0579879954457283,0.38351292736855874,-4.014932128448436
6222,0,normal,0.01994509994983673,0.37720860292276015,-5.478559038982212
6223,0,normal,0.014347899705171585,0.36863290095729734,-4.268141599259479
6224,0,normal,0.007429337128996849,0.37469096751765335,-6.2570475938498475
6225,0,normal,0.010479645803570747,0.3586664324745022,-8.578887187849887
6226,0,normal,0.008013204671442509,0.3534876625879453,-11.20032109363865
6227,0,normal,0.007264663930982351,0.3292546105210421,-41.266575939920585
6228,0,normal,0.007697838358581066,0.3238692395763012,-43.83602028239761
6229,0,normal,0.0073267691768705845,0.32463670262963273,-43.67106413817055
6230,0,normal,0.009028490632772446,0.3120668814487993,-59.5760458704824
6231,0,normal,0.01100115291774273,0.31193322136361484,-59.37659844319637
6232,0,normal,0.023267928510904312,0.311660415485729,-59.03478847753536
6233,0,normal,0.020877009257674217,0.3140013100206431,-59.10168204516617
6234,0,normal,0.059051427990198135,0.311597622451992,-59.228938924542945
6235,0,normal,8.72518253326416,0.33135122920541227,-27.08292597429636
6236,0,normal,0.1394023597240448,0.33789913487477696,-27.065288623517517
6237,0,normal,1.7553166151046753,0.3425934220940335,-14.68673298979661
6238,0,normal,1.7550685405731201,0.3719644941044462,10.515787172900218
6239,0,normal,0.19935132563114166,0.37596525760461524,11.916738773166117
6240,0,normal,0.11826580762863159,0.3796773802991495,13.262999799399722
6241,0,normal,0.12875457108020782,0.384092432052664,14.984296907327689
6242,0,normal,0.13965237140655518,0.39430399877931294,16.617729648841532
6243,0,normal,0.11592604219913483,0.40422813558000037,18.87101715063909
6244,0,normal,0.7513212561607361,0.3873542496575997,19.31161093271544
6245,0,normal,0.20256270468235016,0.40865442399720664,21.466800254570444
6246,0,normal,0.48686477541923523,0.3965893976625876,23.6287615119777
6247,0,normal,1.3955689668655396,0.41643318761308984,25.87293777130776
6248,0,normal,1.4873642921447754,0.42872639801644685,53.74722430931979
6249,0,normal,0.5542668104171753,0.4465409756129211,53.69684739267018
6250,0,normal,2.1067545413970947,0.47284446616744424,68.08231796930795
6251,0,normal,0.20714682340621948,0.44434155893644395,67.8673194636333
6252,0,normal,0.13009725511074066,0.43264479069998735,67.60537104118475
6253,0,normal,0.12711603939533234,0.4499761712909237,67.50877730425805
6254,0,normal,0.10468081384897232,0.42995394709749446,67.67220697989092
6255,0,normal,0.025528553873300552,0.4498562345304895,67.53402926076501
6256,0,normal,0.02169181779026985,0.444437011297426,67.49997792616296
6257,0,normal,0.008327811025083065,0.4453427408731599,67.46426555071366
6258,0,normal,0.012667673639953136,0.4618485583833176,67.69692487492762
6259,0,normal,0.011441672220826149,0.45399815387164966,68.04384354757713
6260,0,normal,0.011446201242506504,0.47679208268122353,68.50464527219947
6261,0,normal,0.012577368877828121,0.46099045668821376,69.02051868192439
6262,0,normal,0.013196484185755253,0.46436581889207357,69.73165203704184
6263,0,normal,0.006118077784776688,0.46940618083313235,70.80261990896201
6264,0,normal,0.005066396202892065,0.43720712815394497,71.84099503550101
6265,0,normal,0.003955827094614506,0.4521791952757475,43.884119756046175
6266,0,normal,0.018071746453642845,0.4364403117329774,44.75388246357693
6267,0,normal,0.10783982276916504,0.4188050378396087,32.35441161171366
6268,0,normal,0.07506684958934784,0.4031378889802917,6.529104772696201
6269,0,normal,0.052780792117118835,0.3990146728605352,4.049226204968818
6270,0,normal,0.046063728630542755,0.40731920208894273,2.3213920459331803
6271,0,normal,0.030488256365060806,0.38960874723123295,0.33438492043092083
6272,0,normal,0.10235702991485596,0.3811045639201551,-1.2679303461077325
6273,0,normal,0.023344963788986206,0.3857381853560287,-3.311080441066224
6274,0,normal,0.024669848382472992,0.3595207719050098,-2.847909178021837
6275,0,normal,0.04831462353467941,0.374114245186347,-5.366352555029607
6276,0,normal,0.045180708169937134,0.3630190602815436,-8.172289118001572
6277,0,normal,0.03132314234972,0.35627538682674215,-11.061658490369155
6278,0,normal,0.011396541260182858,0.33362738244338574,-42.35891330329446
6279,0,normal,0.007837372832000256,0.32826028469494,-42.94147339584583
6280,0,normal,0.012385889887809753,0.3189162657527749,-59.46948638858521
6281,0,normal,0.006815215107053518,0.3183412322260159,-59.506650926432485
6282,0,normal,0.008893445134162903,0.31779187245880847,-59.62855304349364
6283,0,normal,0.010081007145345211,0.3158488683157637,-59.94690263018538
6284,0,normal,0.009242214262485504,0.31458559075828185,-60.383981832515246
6285,0,normal,0.025001637637615204,0.31247599119569136,-60.14275793389743
6286,0,normal,0.006520775146782398,0.3137503211641997,-60.03371601191384
6287,0,normal,0.009966540150344372,0.31307083049891327,-60.00760503571519
6288,0,normal,0.01570344902575016,0.3137436901370329,-60.046618414828345
6289,0,normal,0.010882329195737839,0.3144540718413214,-60.06685968333886
6290,0,normal,0.01014628168195486,0.3140727619913532,-60.080736136020505
6291,0,normal,0.010059604421257973,0.3132488446200364,-60.082163682933015
6292,0,normal,0.047755204141139984,0.31401975313682245,-59.66963736735056
6293,0,normal,0.010698243975639343,0.3135261282912683,-59.41325757189611
6294,0,normal,0.0069204638712108135,0.31183868856484065,-59.193398456740624
6295,0,normal,0.0072609540075063705,0.31288842976747777,-58.95031389642895
6296,0,normal,0.008196765556931496,0.3125698098815528,-58.796315702752736
6297,0,normal,8.822258949279785,0.3314021381814663,-26.4309499466101
6298,0,normal,0.0683889165520668,0.3396488770095156,-26.477361001097506
6299,0,normal,2.988970994949341,0.35139090404929846,0.9719318986949474
6300,0,normal,0.45429062843322754,0.3668908698675692,-0.4757372570043117
6301,0,normal,0.19446401298046112,0.36603108210647145,0.8343894751578773
6302,0,normal,14.258606910705566,0.3899258932623974,55.251390903946
6303,0,normal,12.74594783782959,0.420592726831194,107.20201170080861
6304,0,normal,0.4022415280342102,0.4364922022238783,109.07271050550162
6305,0,normal,0.27620452642440796,0.4236211398892001,111.10492541527151
6306,0,normal,0.4137648344039917,0.41497117697387914,112.98041783102167
6307,0,normal,1.0958967208862305,0.43801669283819433,115.07522397326534
6308,0,normal,3.186494827270508,0.4411774036774218,115.65327206235395
6309,0,normal,0.9531636238098145,0.4527187275274226,140.30241072523347
6310,0,normal,0.5389099717140198,0.46040203620540227,139.6262266866571
6311,0,normal,1.2599523067474365,0.47510523499110136,144.8312838556551
6312,0,normal,1.2823981046676636,0.4720238714913241,152.35808637859498
6313,0,normal,0.022335676476359367,0.4589173464108864,152.25338549219975
6314,0,normal,0.010179725475609303,0.4756215607442515,152.13304403191353
6315,0,normal,0.006570492871105671,0.4560670062783121,151.9037003657753
6316,0,normal,0.00594885041937232,0.45368836625259384,151.94189167811805
6317,0,normal,0.005718892440199852,0.4629801490342622,152.09617912984197
6318,0,normal,0.005946063436567783,0.4746618876085338,152.27411881427713
6319,0,normal,0.006139153148978949,0.4495640287186381,152.443980449278
6320,0,normal,0.00779356574639678,0.4695160689997569,152.8646837826136
6321,0,normal,0.0071858689188957214,0.4733917390743094,153.41872900458168
6322,0,normal,0.013283523730933666,0.4510056092551157,153.79105287450193
6323,0,normal,0.01310794148594141,0.46056252643952533,154.4920091031679
6324,0,normal,0.03565610572695732,0.4800144386012875,155.6930713460058
6325,0,normal,0.011580866761505604,0.45804713460839636,156.5361039203019
6326,0,normal,0.008546304889023304,0.46367819266107946,157.3884419301828
6327,0,normal,0.008760955184698105,0.4663428869011921,131.7382341506642
6328,0,normal,0.008112643845379353,0.45495537447130563,132.8532870646177
6329,0,normal,0.012205962091684341,0.4210088036052711,107.9783139456166
6330,0,normal,0.054688774049282074,0.4228010043788937,109.09923431804054
6331,0,normal,0.027860356494784355,0.4335086353506297,107.92471811709561
6332,0,normal,8.817309379577637,0.41584316654528264,85.04889745466403
6333,0,normal,0.08420908451080322,0.3986809999507514,31.44639223818467
6334,0,normal,1.7084864377975464,0.38946420618770083,28.222293403348203
6335,0,normal,1.3479957580566406,0.3997557378263752,51.16300030982802
6336,0,normal,0.19336804747581482,0.40851205055781864,49.039673889005144
6337,0,normal,0.13416039943695068,0.4138462069016925,46.9479373663205
6338,0,normal,0.16507713496685028,0.4243527888668951,48.82157332603788
6339,0,normal,0.13058969378471375,0.38766084137963375,22.611435320304963
6340,0,normal,0.12312374264001846,0.4124631242116984,25.974809620719952
6341,0,normal,0.11348771303892136,0.39144088804427435,22.99340905812437
6342,0,normal,0.2105218917131424,0.3963128851458841,16.974658739643246
6343,0,normal,0.6479169726371765,0.40017551229316506,20.118021091162518
6344,0,normal,1.5717933177947998,0.4158482469151162,23.213406609645745
6345,0,normal,1.454056978225708,0.4300844019514519,50.06190913349678
6346,0,normal,0.2564530372619629,0.4439903614397245,49.97384899272038
6347,0,normal,1.937924861907959,0.473538081571584,63.63622537930951
6348,0,normal,0.03170955553650856,0.4384520124439252,63.69897711745102
6349,0,normal,0.012678311206400394,0.43651044292419583,63.48341596820114
6350,0,normal,0.0038943386171013117,0.4639032885582921,63.308556904707075
6351,0,normal,0.0045616584829986095,0.4348604131766281,63.345697868970774
6352,0,normal,0.00566692091524601,0.4424356200933597,63.370568673686876
6353,0,normal,0.0061284699477255344,0.447767597589707,63.52324475766545
6354,0,normal,0.006758879404515028,0.430084002123929,63.5257116754226
6355,0,normal,0.11669588088989258,0.4543067222299729,63.811490655779835
6356,0,normal,0.13154788315296173,0.43492742287960523,64.22588646432678
6357,0,normal,0.04666735604405403,0.4681049715185784,64.6833575610051
6358,0,normal,0.06684734672307968,0.46313181252664026,65.20336989094949
6359,0,normal,0.04907431825995445,0.45024406320907195,65.90461028027516
6360,0,normal,0.019009362906217575,0.46850195741997613,66.40284728901838
6361,0,normal,0.02358032763004303,0.4369570014623978,67.05692991671117
6362,0,normal,0.009045310318470001,0.43637551208581393,38.93462435368065
6363,0,normal,0.006168829742819071,0.4403673696253411,39.89950674450142
6364,0,normal,0.006345072295516729,0.4268373902925143,41.19684670393235
6365,0,normal,0.013708106242120266,0.40668142733754853,14.470084554492132
6366,0,normal,0.004129993729293346,0.4144390673928215,12.932867150520906
6367,0,normal,0.004122923128306866,0.4102050299908066,11.485162272040952
6368,0,normal,0.004305341746658087,0.3943329166314518,8.349675942210297
6369,0,normal,0.004671500995755196,0.38534018252386504,5.208234046162943
6370,0,normal,0.004548647906631231,0.39500604037766235,2.0009654346586103
6371,0,normal,0.005305666942149401,0.3671217375019704,-1.3586288988874458
6372,0,normal,0.011357632465660572,0.3815915062203077,-4.861721214040699
6373,0,normal,0.05517549440264702,0.36266736198901023,-9.30087791479059
6374,0,normal,0.11759283393621445,0.35108003733590265,-13.768716361538964
6375,0,normal,0.0732889249920845,0.3291902515781377,-44.34678913748553
6376,0,normal,0.052529752254486084,0.32371646285637534,-45.48012016732605
6377,0,normal,0.02788994461297989,0.31418839620105116,-61.47151734842964
6378,0,normal,0.05199051648378372,0.3153705746319005,-61.562296848609776
6379,0,normal,0.03663249686360359,0.31383681806701874,-61.62843106192554
6380,0,normal,8.735583305358887,0.333581463501753,-29.263608134267315
6381,0,normal,0.05874829739332199,0.34080579539504324,-29.35801173757659
6382,0,normal,2.7664663791656494,0.3498110857457662,-1.5657710303473777
6383,0,normal,0.17847955226898193,0.377355734350078,-0.8412864718686706
6384,0,normal,0.12715429067611694,0.3733735498851655,0.7035950316044364
6385,0,normal,0.15566974878311157,0.3749138724226998,2.1608875913600514
6386,0,normal,0.17118486762046814,0.3866278875828331,3.473146945660119
6387,0,normal,0.16208770871162415,0.4008082365449932,4.992740930917762
6388,0,normal,0.137099489569664,0.389621472824038,6.429905420066461
6389,0,normal,0.16061533987522125,0.3915409049337215,7.87377381388751
6390,0,normal,0.445224404335022,0.4017274457993143,9.58852750764163
6391,0,normal,1.2869782447814941,0.40111399129134795,11.398958118649716
6392,0,normal,1.5513619184494019,0.41919046139358207,38.48250104575072
6393,0,normal,0.41960644721984863,0.42678200056131327,37.78165540247619
6394,0,normal,1.9599765539169312,0.4522584477813021,51.72771925879488
6395,0,normal,0.022936159744858742,0.42318187135347074,51.65042046855797
6396,0,normal,0.012693658471107483,0.42608994206519074,51.36607583915338
6397,0,normal,0.007614260073751211,0.45056828229441026,51.07932836375517
6398,0,normal,0.0042925490997731686,0.4297484703802993,51.05629252562426
6399,0,normal,0.04252909868955612,0.43552146236666484,51.51578703231553
6400,0,normal,0.008443051017820835,0.4337375159103289,51.94373376062413
6401,0,normal,0.014903043396770954,0.4361596923583346,52.46205842583913
6402,0,normal,0.006442948244512081,0.43279214352790024,52.92073665360249
6403,0,normal,0.005011759232729673,0.4312963023002966,53.579089517765624
6404,0,normal,0.004829523153603077,0.45732554766187944,54.09843493140784
6405,0,normal,0.007830597460269928,0.43812217075025234,54.52863540464523
6406,0,normal,0.0059049068950116634,0.44515035227932803,55.06675432249472
6407,0,normal,0.005646483041346073,0.45429277528415923,55.90935386194815
6408,0,normal,0.006820122245699167,0.4336468617021767,56.63090223198719
6409,0,normal,0.032642412930727005,0.4406966383512278,57.514077378416005
6410,0,normal,0.02565418742597103,0.42194065402421477,29.139531333320747
6411,0,normal,0.01877613738179207,0.4161462320630261,30.163315523524943
6412,0,normal,0.016836054623126984,0.3960199403926735,2.5838386330119647
6413,0,normal,0.016117742285132408,0.3997636043589029,0.6991460353281127
6414,0,normal,0.03939754515886307,0.40299493498805905,-0.7429838233808823
6415,0,normal,0.00804192665964365,0.37663724073325594,-2.3318473104791337
6416,0,normal,0.0071425368078053,0.3753448983166853,-3.894494009476375
6417,0,normal,0.007864600047469139,0.3825035475161849,-5.302538567005968
6418,0,normal,0.0056158103980124,0.36027559513076474,-7.0546539550150555
6419,0,normal,0.01868569664657116,0.3736806012701285,-9.068462929176349
6420,0,normal,0.006259302143007517,0.360965090550825,-11.569986547226335
6421,0,normal,0.005853340029716492,0.34739526058232595,-14.212167565896607
6422,0,normal,0.0069099050015211105,0.3210002118574949,-44.49749922655951
6423,0,normal,0.0065604085102677345,0.3222146011537244,-44.422223713092535
6424,0,normal,0.006826645229011774,0.31087342558075887,-60.322938610468555
6425,0,normal,0.01229242142289877,0.31045765489450206,-60.16777538158772
6426,0,normal,0.02923288568854332,0.31310519431937733,-60.28656693180892
6427,0,normal,0.012401615269482136,0.31249221408817374,-60.421081344378536
6428,0,normal,0.013528630137443542,0.31194443116337406,-60.594505389093456
6429,0,normal,0.008476571179926395,0.3123896603404047,-61.002786003496794
6430,0,normal,8.76098346710205,0.3281949939303204,-28.535508452345766
6431,0,normal,0.042329661548137665,0.33875731715787477,-28.86974638124866
6432,0,normal,2.8952548503875732,0.3472861874405377,-1.3008402882767314
6433,0,normal,0.18656115233898163,0.37004687417113286,-0.8412206810764928
6434,0,normal,0.13990159332752228,0.37094710848358714,0.4123091477849812
6435,0,normal,0.8126384019851685,0.37005491470593005,0.055199504332904326
6436,0,normal,0.18118882179260254,0.38032163945088193,1.8116029352884198
6437,0,normal,0.1492055058479309,0.38968093558990213,4.103417741765725
6438,0,normal,0.1519070565700531,0.38933684267655627,7.1351292411191025
6439,0,normal,0.21599704027175903,0.38505934013141613,10.272640397477517
6440,0,normal,0.6617052555084229,0.39754523657616553,13.28125458480713
6441,0,normal,1.7097748517990112,0.3960773986924111,16.386202290806523
6442,0,normal,1.3344790935516357,0.42285616687054445,44.615538872546495
6443,0,normal,0.2820894122123718,0.42835720564133106,44.838499992891
6444,0,normal,1.335898756980896,0.4363472403690677,50.41524634951065
6445,0,normal,1.2534663677215576,0.44561471798679153,58.60023270066972
6446,0,normal,0.031133566051721573,0.41621657490123365,58.42465612260253
6447,0,normal,0.014909736812114716,0.44678346812340575,58.252029982284284
6448,0,normal,0.007833064533770084,0.43498414124944934,58.14143610471342
6449,0,normal,0.007170890923589468,0.43933335118179273,58.07243016405823
6450,0,normal,0.007625160738825798,0.4389929016196155,58.15051112443575
6451,0,normal,0.007179031148552895,0.4425495198303434,58.3222483606221
6452,0,normal,0.0068665482103824615,0.42207673232389353,58.50165484786453
6453,0,normal,0.006020151544362307,0.4390798868407878,58.9154353537549
6454,0,normal,0.13210546970367432,0.45647974556707144,59.43617217654173
6455,0,normal,0.07750767469406128,0.45336966117232796,59.82608324259854
6456,0,normal,0.03834770992398262,0.45052660468226297,60.39770953415609
6457,0,normal,0.0664905235171318,0.4660873359456512,61.270222677778065
6458,0,normal,0.050985705107450485,0.4361791771293529,62.142982360640644
6459,0,normal,0.04270787909626961,0.44264245495672205,63.0184546810292
6460,0,normal,0.0865439847111702,0.4334870649525346,34.68906619905829
6461,0,normal,0.008905461058020592,0.415153275842871,35.77938568839477
6462,0,normal,0.008934183046221733,0.40124601469607096,8.330657367307595
6463,0,normal,0.007286683656275272,0.4069934626138549,6.602624349566668
6464,0,normal,0.009590798057615757,0.40560444458397726,5.107199522570454
6465,0,normal,0.008906813338398933,0.3911027185693566,6.1354210225892984
6466,0,normal,0.005156392697244883,0.388154054131273,4.554425809336635
6467,0,normal,0.0063124289736151695,0.38775153982135885,2.4376659396734794
6468,0,normal,0.007677089422941208,0.36276708374624494,-0.683151644966074
6469,0,normal,0.006331465672701597,0.3840896449930818,-4.403215318119692
6470,0,normal,0.005749640055000782,0.36385164337479275,-8.42292903780367
6471,0,normal,0.005588847678154707,0.35887885959989213,-12.802978928467383
6472,0,normal,0.009476466104388237,0.33161999780256857,-44.74319822099096
6473,0,normal,0.11006638407707214,0.32547888368019695,-46.52844940636214
6474,0,normal,0.0626908540725708,0.3204250501972666,-53.04398925038936
6475,0,normal,0.04662122204899788,0.3122107916493276,-62.61699284520023
6476,0,normal,0.04217209294438362,0.3141650977714993,-62.68798562004099
6477,0,normal,8.674409866333008,0.3317060620093488,-30.394946748208667
6478,0,normal,0.12296746671199799,0.3422686041083074,-30.10458591021893
6479,0,normal,2.995441436767578,0.35166494024162814,-2.3267330116752873
6480,0,normal,0.19155250489711761,0.37362936252307827,-1.5969391907244699
6481,0,normal,0.11941133439540863,0.37347777368772694,0.11066369835839396
6482,0,normal,0.8275208473205566,0.37566717671734884,0.08491220783776043
6483,0,normal,0.20304125547409058,0.3873177498516217,1.9011274446820607
6484,0,normal,0.1739027053117752,0.39327070213928056,3.561025557623225
6485,0,normal,0.1305171549320221,0.39451561669230667,5.3138758275167675
6486,0,normal,0.16727900505065918,0.39021850805186153,7.010291637625414
6487,0,normal,1.016865611076355,0.4019251956375488,6.69620276147316
6488,0,normal,1.5583150386810303,0.40066997199170534,8.243861768457009
6489,0,normal,1.4790534973144531,0.414508923389017,35.09724956480704
6490,0,normal,0.3012082576751709,0.42019239133292813,35.144724252096466
6491,0,normal,2.045012950897217,0.44326215779047246,49.19904968795936
6492,0,normal,0.021614644676446915,0.4287672678824804,49.15538894889073
6493,0,normal,0.008163882419466972,0.41539895182374076,48.91243947222142
6494,0,normal,0.004968215711414814,0.4446273093096402,48.66550474146288
6495,0,normal,0.004474719520658255,0.4241691886307387,48.649475456130176
6496,0,normal,0.004526547156274319,0.4194092187516652,48.70504972217486
6497,0,normal,0.0044522057287395,0.43597175954549794,48.883767962218826
6498,0,normal,0.004293262958526611,0.4377300489445385,49.062588435519956
6499,0,normal,0.004222740884870291,0.43041543843278185,49.310229988121364
6500,0,normal,0.00431561004370451,0.42255220452011416,49.752364200255215
6501,0,normal,3.518852949142456,0.46012437738286255,61.35995363290158
6502,0,normal,0.08259353041648865,0.443422173426334,61.69695148680512
6503,0,normal,3.2629032135009766,0.45477184925699665,72.99015593231775
6504,0,normal,0.2704293429851532,0.4692168241075721,73.33759773790803
6505,0,normal,0.36429375410079956,0.43661988283346376,73.82350403121404
6506,0,normal,0.4571874737739563,0.45914412166090124,74.24983707348838
6507,0,normal,0.5094659328460693,0.4370055972578421,45.99310641504121
6508,0,normal,0.5031960010528564,0.43277060907180753,46.72428432826041
6509,0,normal,0.4417232871055603,0.3969455825235645,19.45426338108905
6510,0,normal,0.3453400135040283,0.41680516929458694,17.46162230601317
6511,0,normal,0.23956939578056335,0.4124759545500262,15.420599575001688
6512,0,normal,0.14790038764476776,0.3937823293161946,16.003118733602605
6513,0,normal,0.0778302252292633,0.38931491334983476,14.241254870073817
6514,0,normal,0.03908495604991913,0.3896358656976056,12.680220947935595
6515,0,normal,0.015171988867223263,0.3695698012061845,10.73798634758964
6516,0,normal,3.4476282596588135,0.3953055559276135,19.844822610222764
6517,0,normal,0.06876365095376968,0.38165488845996565,19.9276449560316
6518,0,normal,0.09504874050617218,0.3796034604776306,17.480389849812582
6519,0,normal,3.2261197566986084,0.3645276515187688,-0.30139962168777856
6520,0,normal,0.23585286736488342,0.3641118773411441,-1.4281022957541154
6521,0,normal,0.269056499004364,0.36047487983268617,-16.551306125490555
6522,0,normal,0.3296875059604645,0.34564954398141906,-16.210898476898365
6523,0,normal,0.2580380141735077,0.3564255537236971,-16.197325449229538
6524,0,normal,0.2602444291114807,0.3554782594940371,-16.04187550103711
6525,0,normal,0.25801098346710205,0.3544111751894015,-15.934147356173298
6526,0,normal,0.22967880964279175,0.3677203484951774,-15.81729748821067
6527,0,normal,0.18258655071258545,0.3374605024457447,-15.722477887856257
6528,0,normal,0.12632456421852112,0.3667240325711711,-15.666757766082355
6529,0,normal,0.11056637763977051,0.3416544146732534,-15.37187635130067
6530,0,normal,0.030790412798523903,0.3447828679557757,-15.192203667701506
6531,0,normal,3.3523101806640625,0.3542353165418261,-15.112128725638286
6532,0,normal,0.0683869794011116,0.34559021046109245,-15.113218013876804
6533,0,normal,3.295779228210449,0.3450563301584052,-15.069483144484593
6534,0,normal,0.19157902896404266,0.35884409829083336,-15.271546244987803
6535,0,normal,0.2500218451023102,0.3462047482031209,-15.271347754663111
6536,0,normal,0.2980647683143616,0.3604339296750466,-15.328222123506748
6537,0,normal,0.317030131816864,0.3478700908360375,-15.204575280002473
6538,0,normal,0.312453955411911,0.36269185032220363,-14.945167956210526
6539,0,normal,0.249113529920578,0.34874282540702056,-14.84987232537901
6540,0,normal,0.25524845719337463,0.36341460827404193,-14.757731817081321
6541,0,normal,0.22220700979232788,0.3570594481517388,-14.619765681331728
6542,0,normal,0.16058854758739471,0.34411569328763164,-14.547934589442775
6543,0,normal,0.11396893858909607,0.3583600279660968,-14.522300076569763
6544,0,normal,0.08446313440799713,0.35183420442741514,-14.60851658673596
6545,0,normal,0.028697462752461433,0.33925431391523964,-14.696045620783252
6546,0,normal,0.03183526545763016,0.34718476769141765,-26.403991084086783
6547,0,normal,0.019321836531162262,0.3358489484839623,-26.397591220247477
6548,0,normal,0.018306953832507133,0.34611635755740355,-26.427723411972238
6549,0,normal,0.016372432932257652,0.3317665631019249,-38.31489714147028
6550,0,normal,0.013466233387589455,0.33522955673240634,-38.23430019469333
6551,0,normal,0.010532892309129238,0.33451047977224807,-38.14070010886212
6552,0,normal,0.008270276710391045,0.3316742342245847,-38.093598113938015
6553,0,normal,0.00797316338866949,0.33145360392815854,-37.86320904252807
6554,0,normal,0.0124577097594738,0.33413969487311523,-37.418253677112034
6555,0,normal,0.005695710889995098,0.33391514127173644,-37.196037376662616
6556,0,normal,0.007582752499729395,0.34345748252641173,-37.08496571832666
6557,0,normal,0.13337500393390656,0.3296232260787385,-37.0291825592999
6558,0,normal,0.0732746571302414,0.34260893359542305,-37.05396130798954
6559,0,normal,0.05900279060006142,0.3248110355701297,-37.16193608178946
6560,0,normal,0.0554656982421875,0.33495849781875814,-37.20972569436276
6561,0,normal,0.031086744740605354,0.32114504800615506,-49.40074860096047
6562,0,normal,0.016455449163913727,0.31823154788613384,-49.6187739412469
6563,0,normal,0.04678216949105263,0.3147669224063403,-61.77365656783627
6564,0,normal,0.007893138565123081,0.3130226854692638,-61.74985769362229
6565,0,normal,0.006459219381213188,0.3139905675705316,-61.65375607116607
6566,0,normal,0.004759209230542183,0.31317102645648676,-61.56096829522721
6567,0,normal,0.010239046066999435,0.3131300881042055,-61.29802188139661
6568,0,normal,0.012257153168320656,0.31351585536572707,-61.2862286684458
6569,0,normal,0.004859523382037878,0.3127598556701204,-61.089562038009035
6570,0,normal,0.008375178091228008,0.3155027073959703,-61.14618893316788
6571,0,normal,0.006723638158291578,0.31448623767218775,-61.282896655442755
6572,0,normal,0.008309977129101753,0.3158846798466876,-61.41889947763866
6573,0,normal,0.006377932615578175,0.3151280422381367,-61.58006544864179
6574,0,normal,0.00675567239522934,0.31274386627931694,-61.81117914201741
6575,0,normal,0.00880967453122139,0.31214163329698724,-61.76556749559427
6576,0,normal,0.025836044922471046,0.3130137357022134,-61.97364277625411
6577,0,normal,0.06521324068307877,0.3139093554489111,-62.11960891312356
6578,0,normal,0.044148653745651245,0.3132879992882349,-62.291882141470296
6579,0,normal,0.03475847840309143,0.31458253719110213,-62.44062492297144
6580,0,normal,0.0322197787463665,0.31424968418450416,-62.56604264431326
6581,0,normal,0.0815497413277626,0.31294397024972853,-62.34027553062651
6582,0,normal,0.010455065406858921,0.31322504243533456,-62.23398793118531
6583,0,normal,0.009364940226078033,0.3129738755642683,-61.99076774087894
6584,0,normal,8.855987548828125,0.3305184063895097,-29.463971739063027
6585,0,normal,0.07216000556945801,0.3384401988939134,-29.18741057233524
6586,0,normal,2.978060483932495,0.35172146547635563,-1.2903949067238045
6587,0,normal,0.20143137872219086,0.374936410361369,-0.6016514749658199
6588,0,normal,3.0249581336975098,0.3865158778956747,11.691447328440972
6589,0,normal,0.8731635808944702,0.3842098384241652,11.08886427628272
6590,0,normal,0.35196059942245483,0.3995860772962313,12.64475042290519
6591,0,normal,0.231376513838768,0.395190858114529,14.364956758390008
6592,0,normal,0.15700630843639374,0.3928917956885589,16.268860224854052
6593,0,normal,0.7580522298812866,0.3965004243443142,16.408589762143947
6594,0,normal,0.496953547000885,0.4060607505218748,18.401069752484545
6595,0,normal,4.014575004577637,0.4274145684146808,43.62885639915362
6596,0,normal,0.5074378252029419,0.43716338829293433,44.8536893250473
6597,0,normal,0.6714577078819275,0.42825031536553543,44.559904776756866
6598,0,normal,1.2217071056365967,0.4275154123869908,50.442413933019225
6599,0,normal,1.3434396982192993,0.44061107216357703,58.5792084114496
6600,0,normal,0.01705784909427166,0.4296554036654558,58.64813845760091
6601,0,normal,0.005636300425976515,0.44134076007375483,58.53709324170654
6602,0,normal,0.0029651920776814222,0.4298661611075635,58.47743432746256
6603,0,normal,0.020383693277835846,0.43311508370613566,58.82494815793552
6604,0,normal,0.0031175140757113695,0.4332468453997473,59.126143830559386
6605,0,normal,0.0033662039786577225,0.4430094609814663,59.46167143959542
6606,0,normal,0.0038765273056924343,0.4149054895409439,59.78382325020084
6607,0,normal,3.5115959644317627,0.4408544323747361,71.10466076652688
6608,0,normal,0.08628088235855103,0.4687151312858189,71.42538551516077
6609,0,normal,0.1321459263563156,0.43451412426642894,71.78479668917407
6610,0,normal,0.17816388607025146,0.4683374413262268,72.26238612861584
6611,0,normal,0.18267446756362915,0.4579814177143969,72.78925074735093
6612,0,normal,0.20209717750549316,0.455394024245918,73.52780436963485
6613,0,normal,0.19721773266792297,0.44135934670031834,74.33390941475727
6614,0,normal,0.16790495812892914,0.43557912646475505,46.28851369407266
6615,0,normal,0.1212952733039856,0.4104081292917363,47.1420872822639
6616,0,normal,0.10245416313409805,0.40436361689465394,20.11110063893034
6617,0,normal,0.03598824515938759,0.40617796976427917,18.177495056405178
6618,0,normal,0.01631195843219757,0.3844688806415466,5.157004402993607
6619,0,normal,0.011722028255462646,0.38572745215008913,5.799733122293901
6620,0,normal,0.01037440076470375,0.37964240046841324,3.7725688133373296
6621,0,normal,0.009888146072626114,0.3617109638090726,1.675571389129118
6622,0,normal,0.0077239228412508965,0.3792374113666996,-0.8136428977288688
6623,0,normal,0.022632939741015434,0.3666712576215776,-0.6133262753014606
6624,0,normal,0.010038526728749275,0.3552671512648983,-3.463591599597976
6625,0,normal,0.0104169100522995,0.34768700027667787,-30.46777768538641
6626,0,normal,0.008233937434852123,0.3357367760892076,-32.8538560172949
6627,0,normal,0.018274996429681778,0.331808190944639,-32.53468706314561
6628,0,normal,0.07330487668514252,0.32660191791320015,-39.0345669358403
6629,0,normal,0.041579633951187134,0.31996467208958673,-48.4095290401865
6630,0,normal,0.03284384310245514,0.32315994501697426,-48.453783052446624
6631,0,normal,0.02877519279718399,0.3242265331893514,-48.5303150573377
6632,0,normal,0.028224412351846695,0.3294547043749368,-48.60927767983185
6633,0,normal,0.06451985985040665,0.315888104979392,-48.58807363152118
6634,0,normal,0.014451012946665287,0.3251031090491889,-48.55647723831612
6635,0,normal,0.008294274099171162,0.3200230212493125,-48.54237657631734
6636,0,normal,0.006633315235376358,0.31815574539062014,-48.5168298126232
6637,0,normal,0.005501486826688051,0.3123116403084496,-60.64821353065918
6638,0,normal,0.0049276528880000114,0.31158398851421665,-60.60943337383924
6639,0,normal,0.005135584622621536,0.3115185672844133,-60.56111148111836
6640,0,normal,0.005551984533667564,0.3128522998692637,-60.50924243372879
6641,0,normal,0.005156862549483776,0.3122922954576265,-60.403847049658225
6642,0,normal,0.011508530005812645,0.3116331951055746,-60.22001869010069
6643,0,normal,0.026536306366324425,0.3138455689027129,-60.31740804918968
6644,0,normal,0.07014686614274979,0.314282216121566,-60.419060610156066
6645,0,normal,0.03965934365987778,0.31340054352121804,-60.57189775528809
6646,0,normal,0.028206491842865944,0.3124188740015714,-60.8566731904109
6647,0,normal,0.03486035764217377,0.3126789394602948,-61.086537866366825
6648,0,normal,0.022563394159078598,0.3125900529759194,-61.336576440618046
6649,0,normal,0.04505137726664543,0.3110681010953932,-61.40050094028811
6650,0,normal,0.009579373523592949,0.31178605811248533,-61.52168756512924
6651,0,normal,0.006506950594484806,0.3128747563428334,-61.61825942276528
6652,0,normal,0.005511038471013308,0.31210916706730846,-61.645293336574696
6653,0,normal,0.00487364549189806,0.3127764232600908,-61.7929697710415
6654,0,normal,0.004556955303996801,0.31261259525379326,-61.84594791173231
6655,0,normal,0.004689804278314114,0.31242494775001994,-61.89401483992492
6656,0,normal,0.00476335734128952,0.3114034767925858,-61.892608074135524
6657,0,normal,0.005104569718241692,0.31264040389759784,-61.957978363220946
6658,0,normal,0.005563659127801657,0.31246698908931636,-61.9303851662462
6659,0,normal,0.0055651068687438965,0.3131705183343858,-61.89924743758934
6660,0,normal,0.015762660652399063,0.3134174680188701,-61.748216692481265
6661,0,normal,0.06892900913953781,0.31490389491684834,-61.91539157786519
6662,0,normal,0.05765426158905029,0.3125184278333774,-62.11901731092712
6663,0,normal,0.03476296365261078,0.31329899901332037,-62.3631262799845
6664,0,normal,0.03319108113646507,0.31233838334604724,-62.53570602957939
6665,0,normal,0.025533488020300865,0.3116539885256245,-62.70335899254974
6666,0,normal,0.08593976497650146,0.31368306018666847,-62.485546020641095
6667,0,normal,0.020073426887392998,0.31205669411672843,-62.323588017650536
6668,0,normal,0.016304023563861847,0.31247918297315025,-62.05314073489512
6669,0,normal,0.010457629337906837,0.3128787419342518,-61.787233259469076
6670,0,normal,0.008054002188146114,0.3137686559053496,-61.53192653353153
6671,0,normal,0.006708694156259298,0.31263850735834825,-61.27751166230996
6672,0,normal,0.009543798863887787,0.3130358761859701,-61.02825928218067
6673,0,normal,0.00930642057210207,0.31277823284300454,-60.68107512865345
6674,0,normal,0.00762278214097023,0.31517714057516316,-60.52716016322597
6675,0,normal,0.007046467624604702,0.3139465446196201,-60.407833209365435
6676,0,normal,0.010991033166646957,0.3150413920416425,-60.24988526972061
6677,0,normal,0.024611862376332283,0.3129816719298213,-60.011850202004325
6678,0,normal,0.01025887206196785,0.3132111375499807,-60.115740115350945
6679,0,normal,0.011085640639066696,0.3120468679068979,-60.04418620082856
6680,0,normal,0.03966216742992401,0.3124055938376436,-60.18611512874577
6681,0,normal,8.743077278137207,0.32898312181042144,-28.015397084793904
6682,0,normal,0.08553489297628403,0.33888570769309406,-28.133390648269824
6683,0,normal,1.9566400051116943,0.33191876818618665,-28.538324258317516
6684,0,normal,1.151205062866211,0.3610839662279461,-1.2823122054801388
6685,0,normal,0.23676344752311707,0.3577360473467032,0.4568893226808086
6686,0,normal,0.13484281301498413,0.3844674179036542,2.6063714550180066
6687,0,normal,14.15703010559082,0.403832767133729,57.36394430237601
6688,0,normal,13.192575454711914,0.4278714538010534,107.38706419991797
6689,0,normal,0.38081151247024536,0.43688708751818267,108.91623969297825
6690,0,normal,0.2747061550617218,0.40717442415996413,110.41759854131908
6691,0,normal,0.7064310312271118,0.4068333616244776,110.29384862451093
6692,0,normal,0.8674957752227783,0.42763043665240463,112.0273250980772
6693,0,normal,2.4813787937164307,0.4559419805197137,136.76243622840957
6694,0,normal,0.42668774724006653,0.465676120231376,135.99526175848825
6695,0,normal,0.7353761196136475,0.46663496476888006,135.67038665145117
6696,0,normal,1.707261562347412,0.46691723274409536,148.26468181376106
6697,0,normal,0.1434551179409027,0.4596290425128075,148.0386235651216
6698,0,normal,0.11125455051660538,0.4645756399843036,147.86673302904728
6699,0,normal,0.06809332221746445,0.4636827905803736,147.50049746943796
6700,0,normal,0.0403149388730526,0.4411966977246882,147.3302931573993
6701,0,normal,0.034714896231889725,0.45578345892096583,147.2210398481817
6702,0,normal,0.03075467422604561,0.4639454704219757,147.18990039854043
6703,0,normal,0.09780460596084595,0.4455893198823774,147.42395830575379
6704,0,normal,0.01062853168696165,0.46469981504668534,147.69551848920185
6705,0,normal,0.008591458201408386,0.4561217776313414,148.09653209386693
6706,0,normal,0.005239279940724373,0.469850775596622,148.65762059109625
6707,0,normal,0.006629277486354113,0.4606110947329336,149.16571680969662
6708,0,normal,0.00473822420462966,0.46914181124511867,150.0949085801194
6709,0,normal,0.0038711458910256624,0.46256156660132336,151.09386219745954
6710,0,normal,0.005768509581685066,0.461436683643757,152.24055435431455
6711,0,normal,0.005675078835338354,0.4386751165933516,126.74666511452574
6712,0,normal,0.007055459078401327,0.46263417084326924,127.8133189100231
6713,0,normal,0.007658367045223713,0.45524346381576536,128.9229230278047
6714,0,normal,0.015821123495697975,0.41505991405082493,104.10266820846869
6715,0,normal,0.005356767680495977,0.42173798633519455,101.76588624275064
6716,0,normal,0.005778511054813862,0.415710557157099,99.26404241672958
6717,0,normal,0.010434805415570736,0.39415504322065553,46.448271383761266
6718,0,normal,0.03413601219654083,0.37765020797987503,-6.587901342878013
6719,0,normal,0.021000627428293228,0.35572892373627973,-8.743112999724417
6720,0,normal,0.018071115016937256,0.36482354762425845,-11.344094904779922
6721,0,normal,0.009620675817131996,0.36394675220132605,-11.479699765823625
6722,0,normal,0.009374294430017471,0.35182046750215534,-14.569213639425016
6723,0,normal,0.04465391859412193,0.3257246680948441,-44.780309947675505
6724,0,normal,0.00830085575580597,0.3254015322479794,-44.504968613208575
6725,0,normal,0.006920083425939083,0.3241703514522657,-44.17803795487157
6726,0,normal,0.005907612387090921,0.3143568424947891,-59.840409780788605
6727,0,normal,0.0054442379623651505,0.31398602455104757,-59.83718189809838
6728,0,normal,0.007058391813188791,0.3135114411352911,-59.92200089788389
6729,0,normal,0.006594555918127298,0.31397821524103114,-60.00539241335764
6730,0,normal,0.017827002331614494,0.31227643599393284,-59.91392784002073
6731,0,normal,0.08183145523071289,0.31377069950890984,-60.21026900058678
6732,0,normal,0.04723731055855751,0.3108817739592222,-60.5493939828234
6733,0,normal,0.03337043523788452,0.3119964381418441,-60.899476502416974
6734,0,normal,0.031249666586518288,0.3115706169588543,-61.13833529259955
6735,0,normal,0.03138931840658188,0.31168509507584274,-61.401845285889294
6736,0,normal,0.03132903203368187,0.3115210449955039,-61.64162888576425
6737,0,normal,0.033706359565258026,0.3120859158842476,-61.8848090286574
6738,0,normal,0.028493134304881096,0.31132936569132225,-62.01152881579037
6739,0,normal,0.010363427922129631,0.31121658565237037,-62.05572515797326
6740,0,normal,0.0060308631509542465,0.3129376118562149,-62.12980547591519
6741,0,normal,0.005258855409920216,0.3119418598484385,-62.18249652927466
6742,0,normal,0.005561876576393843,0.31218906654187606,-62.17407800847036
6743,0,normal,0.004742348100990057,0.3112946828595517,-62.16447469643799
6744,0,normal,0.004381275735795498,0.31240825152112417,-62.22714298457231
6745,0,normal,0.004768135026097298,0.3117164392801277,-62.14979907007023
6746,0,normal,0.012215793132781982,0.31231249682298273,-61.92514586761786
6747,0,normal,0.0958847925066948,0.31365200954996664,-62.00712921373952
6748,0,normal,0.06153997778892517,0.3138841991393141,-62.02843377137333
6749,0,normal,0.040347203612327576,0.3133573624157037,-62.08459609718602
6750,0,normal,0.03538533300161362,0.3138492244870212,-62.169551836586606
6751,0,normal,0.025965716689825058,0.31409138347500837,-62.271129687953135
6752,0,normal,0.059948645532131195,0.31221886870762555,-62.16504993903186
6753,0,normal,0.009842836298048496,0.31257793075140594,-62.33010324137899
6754,0,normal,0.007184344809502363,0.3130281021652095,-62.39837608726839
6755,0,normal,0.011346248909831047,0.31394010132744554,-62.277229051110226
6756,0,normal,0.004976600408554077,0.3133571344583863,-62.20925524124709
6757,0,normal,0.004530785139650106,0.3126296883813076,-62.13412439583635
6758,0,normal,0.004482859279960394,0.31352893373125035,-62.05657425835261
6759,0,normal,0.007187537848949432,0.31275468704774795,-61.870772484084
6760,0,normal,0.006115789525210857,0.31402370802239243,-61.75401629902285
6761,0,normal,0.005356644745916128,0.3136825799350794,-61.585066069659206
6762,0,normal,0.006990225054323673,0.3151611251526836,-61.40283810020264
6763,0,normal,0.007309241220355034,0.3131669187867729,-61.236703409769916
6764,0,normal,0.012585360556840897,0.31340026648546276,-61.03498057562524
6765,0,normal,0.08673600107431412,0.31315234345494114,-61.16887975603345
6766,0,normal,0.04761907458305359,0.3135360293755375,-61.36974950276158
6767,0,normal,0.030375666916370392,0.312371229812415,-61.63901520579748
6768,0,normal,0.0264662504196167,0.312040032854793,-61.77320057142424
6769,0,normal,0.06949049234390259,0.3123698437910798,-61.585297697685974
6770,0,normal,0.018793387338519096,0.31296299081746815,-61.4288070569296
6771,0,normal,0.010933666490018368,0.3118601829000328,-61.25196957310209
6772,0,normal,0.011015810072422028,0.31255833074543454,-61.03975120075893
6773,0,normal,0.0068881940096616745,0.3131503395068205,-60.85216556963337
6774,0,normal,0.009961272589862347,0.31285906442949796,-60.57980729840733
6775,0,normal,0.011818240396678448,0.3143369623405609,-60.26223344099435
6776,0,normal,0.023172549903392792,0.31347197797743453,-59.85951280847871
6777,0,normal,0.014116260223090649,0.3133498007437217,-59.902881799660236
6778,0,normal,0.009106640703976154,0.3129072699545143,-60.00862744228789
6779,0,normal,8.773114204406738,0.3315387439766495,-27.825053102826587
6780,0,normal,0.07090237736701965,0.3354721973459369,-27.880410689164137
6781,0,normal,2.9351935386657715,0.34808261565001425,-0.3439159836414092
6782,0,normal,0.4760633707046509,0.36570261784502894,-1.4661119737556874
6783,0,normal,14.235116958618164,0.38925012647533935,53.38494472628781
6784,0,normal,0.3469287157058716,0.4006551668935856,55.28677566355691
6785,0,normal,0.6718989610671997,0.39087411824664914,55.65365204739055
6786,0,normal,0.24798069894313812,0.39975181003070354,57.83550149835651
6787,0,normal,0.8250484466552734,0.395934516891527,58.36143551250552
6788,0,normal,0.7035812139511108,0.40132455884338625,60.688918211172904
6789,0,normal,2.945952892303467,0.4277882278936461,87.00447585025859
6790,0,normal,0.3490181863307953,0.44663914686701783,87.95949880496323
6791,0,normal,0.6187143921852112,0.4495598118023432,87.70745522289485
6792,0,normal,1.885532021522522,0.44337880215707354,101.26524736992837
6793,0,normal,0.020538723096251488,0.44621201033314617,101.18445636449678
6794,0,normal,0.005298160016536713,0.4417387243071536,101.13983637332672
6795,0,normal,0.002933985786512494,0.43357992868059586,100.83264879811145
6796,0,normal,0.003153978381305933,0.4381557496503689,100.68801813841651
6797,0,normal,0.0030350929591804743,0.43028959416197005,100.61528371209624
6798,0,normal,0.0031404313631355762,0.45737463297145287,100.59668456147779
6799,0,normal,0.003096354426816106,0.4373318004275603,100.51530900267062
6800,0,normal,0.037330787628889084,0.44363704662916015,100.47518608900987
6801,0,normal,0.020808054134249687,0.4238279774021563,100.42927049561808
6802,0,normal,0.01180005632340908,0.4479851968506443,100.59039661467204
6803,0,normal,0.014693931676447392,0.4419770313583163,100.88181169268728
6804,0,normal,0.01180830504745245,0.4461989676194542,101.1012763390354
6805,0,normal,0.06670736521482468,0.437372992608925,101.891424088049
6806,0,normal,0.013395557180047035,0.4582648727721045,102.67818655183441
6807,0,normal,0.012213336303830147,0.43990962723737054,103.71012471580502
6808,0,normal,0.0074138580821454525,0.4365717770436964,104.75480013106085
6809,0,normal,0.004513160791248083,0.43238266910580664,77.56363133208743
6810,0,normal,0.0059021892957389355,0.4205607814543121,78.71646087156591
6811,0,normal,0.00566959660500288,0.4069621466789362,52.60865259677348
6812,0,normal,0.007778252474963665,0.4029240603977128,53.18077846903225
6813,0,normal,0.00740704033523798,0.3844824134632599,-1.9903281393367251
6814,0,normal,0.008536954410374165,0.37677201371110336,-4.695106942605889
6815,0,normal,0.017866075038909912,0.3617034563272172,-4.49821792547209
6816,0,normal,0.09441421926021576,0.3701666988338669,-7.704350621656658
6817,0,normal,0.04841390624642372,0.3631177951719586,-8.379999386040481
6818,0,normal,0.03327262029051781,0.35457514683788827,-11.990797580187973
6819,0,normal,0.030975311994552612,0.33051263180808826,-42.839856587470194
6820,0,normal,0.020734546706080437,0.32322281657990964,-45.75800207366137
6821,0,normal,0.06708641350269318,0.3211679489727989,-45.37708749910689
6822,0,normal,0.015934836119413376,0.31397696898817123,-61.129242890089245
6823,0,normal,0.007555327843874693,0.31230329963234227,-60.966957263929544
6824,0,normal,0.006012091878801584,0.3112110627603049,-60.80888966850557
6825,0,normal,0.005794350989162922,0.31207357754795695,-60.65473265778769
6826,0,normal,0.00845460407435894,0.311647651083018,-60.44278825205811
6827,0,normal,0.006331386510282755,0.3114672259958257,-60.25129270191928
6828,0,normal,0.01938815601170063,0.31172160942477084,-59.87853820410396
6829,0,normal,0.006829615216702223,0.31393195093951387,-59.639229275946036
6830,0,normal,0.005801707971841097,0.312594889192336,-59.5140024075547
6831,0,normal,0.015201830305159092,0.3136003173288825,-59.276869420123376
6832,0,normal,0.026896601542830467,0.3150629606876412,-59.377029702047594
6833,0,normal,0.06838474422693253,0.3133967546981012,-59.522445632788504
6834,0,normal,0.043629083782434464,0.3130607396704244,-59.700118064564094
6835,0,normal,0.049352001398801804,0.3132803299931499,-60.06481725874528
6836,0,normal,0.03775487840175629,0.313259113673538,-60.31810089488704
6837,0,normal,0.03564206883311272,0.31215358271045096,-60.577856447122485
6838,0,normal,0.039471473544836044,0.31622650741134645,-60.77356800928601
6839,0,normal,0.05510244518518448,0.3134088116091136,-60.77768411660304
6840,0,normal,0.024554871022701263,0.31385146444530126,-60.691095973077154
6841,0,normal,93.1506576538086,0.32364047925676354,244.41132308170745
6842,0,normal,0.04448419436812401,0.3285391806157338,244.27950309575613
6843,0,normal,0.010102389380335808,0.3184688397802144,244.21866971304917
6844,0,normal,0.010606726631522179,0.3204900666820075,244.0739292278888
6845,0,normal,0.008909580297768116,0.32275414601673996,243.9714230006448
6846,0,normal,0.00635067792609334,0.33073179072408365,243.95204933470302
6847,0,normal,0.005297331139445305,0.32132993349251177,243.97940152120384
6848,0,normal,0.013563125394284725,0.3328345260406348,244.08364311870423
6849,0,normal,0.11850909888744354,0.32177838191938607,243.9562530181472
6850,0,normal,0.056594111025333405,0.3285358643282009,243.870853329174
6851,0,normal,0.05232894420623779,0.32485177083635586,243.6341794090738
6852,0,normal,0.033453568816185,0.31652860147244277,243.45452734433206
6853,0,normal,0.03213028237223625,0.32538776090088656,243.31578024337875
6854,0,normal,0.07674836367368698,0.322081904174496,243.35699586696455
6855,0,normal,0.028055092319846153,0.3194255933383981,243.4412973262714
6856,0,normal,0.007303952239453793,0.3319238297174204,243.4463716357775
6857,0,normal,0.005089851096272469,0.32087048757883263,243.47548090401358
6858,0,normal,0.005739802028983831,0.3259811351994896,243.45492338421673
6859,0,normal,0.004457452800124884,0.3250983399611577,243.51806789346927
6860,0,normal,0.0058601172640919685,0.3290992884880987,243.67485877875663
6861,0,normal,0.005804127082228661,0.325707142261849,243.80042826461283
6862,0,normal,0.008588427677750587,0.3222957031083135,244.10965017720525
6863,0,normal,0.010224441066384315,0.32069820677631844,244.35438034751598
6864,0,normal,0.00912310741841793,0.3278272495208925,244.59684951688712
6865,0,normal,0.026177069172263145,0.3274547005970581,244.8888566719727
6866,0,normal,0.019296392798423767,0.3334893710514705,245.1376787446162
6867,0,normal,0.028818098828196526,0.32154139637612444,245.00878643819283
6868,0,normal,0.07418743520975113,0.32990297954285386,244.79547139700605
6869,0,normal,0.03997385501861572,0.3242238007115974,244.6545169643972
6870,0,normal,0.024978578090667725,0.3190669789719339,244.48157539752492
6871,0,normal,0.031115461140871048,0.3133586724862275,-60.736886210636385
6872,0,normal,0.06511440128087997,0.3129768015084495,-60.56687394508435
6873,0,normal,0.014104180969297886,0.3148830113992341,-60.45892406286703
6874,0,normal,0.011212815530598164,0.31296266480447626,-60.27232032829693
6875,0,normal,0.008363673463463783,0.31315887444901513,-60.07061459941224
6876,0,normal,0.005603964440524578,0.31290595899236956,-59.91449876357456
6877,0,normal,0.01215136144310236,0.3125238505446269,-59.64229465985318
6878,0,normal,0.004711351357400417,0.31444603184277226,-59.59885203309227
6879,0,normal,0.004906930960714817,0.3126868873140345,-59.612906018410285
6880,0,normal,0.005507153924554586,0.3138725694287526,-59.619390410894994
6881,0,normal,0.005404323805123568,0.3122824660579046,-59.75482737311222
6882,0,normal,0.006571152713149786,0.31407232445069067,-59.85569992381238
6883,0,normal,0.01632242649793625,0.31434357379219996,-59.856577820637995
6884,0,normal,0.007665010169148445,0.3143679346498386,-60.00569376028966
6885,0,normal,0.00691166752949357,0.3110513336738036,-60.1867520319156
6886,0,normal,0.006363974884152412,0.311724365951985,-60.31009654337004
6887,0,normal,0.013937833718955517,0.31171446749636816,-60.27674579432255
6888,0,normal,0.028253091499209404,0.311571375574923,-60.507504966706165
6889,0,normal,0.015815818682312965,0.3118754600085403,-60.713041465997776
6890,0,normal,0.015712587162852287,0.3130720400074777,-60.939373071778164
6891,0,normal,0.02184232510626316,0.31326978428961083,-61.15706471510225
6892,0,normal,0.015322533436119556,0.3126530155102741,-61.38094613887165
6893,0,normal,0.014612856321036816,0.3148977684063368,-61.599663616070984
6894,0,normal,0.031748320907354355,0.31159414983608974,-61.52392707682179
6895,0,normal,0.0071558356285095215,0.31140435723162024,-61.67081594405067
6896,0,normal,0.006484100129455328,0.3118852171217111,-61.74588373125562
6897,0,normal,0.005992230959236622,0.31236916471161713,-61.58000315926847
6898,0,normal,0.005792688112705946,0.3125360258876533,-61.560125801284585
6899,0,normal,0.005300458520650864,0.31205884126527356,-61.56463915515519
6900,0,normal,0.007239201106131077,0.31186128309839817,-61.519181245020945
6901,0,normal,0.00653062853962183,0.3109222884410456,-61.55215689825354
6902,0,normal,0.012413881719112396,0.3105460710856406,-61.491218722325584
6903,0,normal,0.025988126173615456,0.3113719980456497,-61.66197508194546
6904,0,normal,0.021892836317420006,0.3117859947398249,-61.876626975238196
6905,0,normal,0.03283694013953209,0.31126656440842587,-62.101919137862296
6906,0,normal,0.032558925449848175,0.311209900069829,-62.292534843043995
6907,0,normal,0.021625332534313202,0.3112046712141808,-62.56240557292131
6908,0,normal,0.011670637875795364,0.31153570893901417,-62.69051910564576
6909,0,normal,0.023130090907216072,0.31073170429131924,-62.62508199119816
6910,0,normal,0.008067694492638111,0.3112870231326494,-62.60717979038827
6911,0,normal,0.006229158025234938,0.31161862755771363,-62.59882096481192
6912,0,normal,0.006637193262577057,0.3114809073052916,-62.536029846111205
6913,0,normal,0.005384472198784351,0.31176814380530216,-62.55877969892936
6914,0,normal,0.006360590923577547,0.3117673090964797,-62.4139131838549
6915,0,normal,0.00683916499838233,0.31100400540023493,-62.23812514513861
6916,0,normal,0.031697288155555725,0.311292233689539,-61.77215434396521
6917,0,normal,0.00909807812422514,0.31117267245029734,-61.54194833971178
6918,0,normal,0.013520454056560993,0.3117404807162528,-61.49751589855782
6919,0,normal,0.04171772673726082,0.3123397299198535,-61.53028333967359
6920,0,normal,0.028450772166252136,0.31553418103974396,-61.600123445427926
6921,0,normal,0.027437902987003326,0.31229812790792455,-61.719035664850935
6922,0,normal,0.026356227695941925,0.31256584195036613,-61.846212225256295
6923,0,normal,0.023903844878077507,0.312630176021295,-61.994141565097834
6924,0,normal,8.721734046936035,0.3310946147594416,-29.493029854125325
6925,0,normal,0.0975358858704567,0.3384045978212228,-29.28514221300793
6926,0,normal,1.7342839241027832,0.3310920291517618,-29.750570794922623
6927,0,normal,1.8769444227218628,0.3518076129692867,-4.375583859121662
6928,0,normal,0.22509166598320007,0.3497224951386003,-3.1398251618445556
6929,0,normal,0.13347654044628143,0.3692478340712414,-1.3914086101435714
6930,0,normal,0.11180149018764496,0.3744206858594007,0.5779042653571196
6931,0,normal,0.8294872641563416,0.3685726105098568,0.5098946149930725
6932,0,normal,0.167833611369133,0.38682200820436685,2.686593867514148
6933,0,normal,0.7098693251609802,0.37445655417430884,3.667103477705723
6934,0,normal,0.22620511054992676,0.38590526020540755,6.469339556910427
6935,0,normal,3.1549792289733887,0.3872313985189732,24.861710806228984
6936,0,normal,2.7586288452148438,0.4187791219090372,38.31949564254364
6937,0,normal,0.8506702780723572,0.4177540168959461,38.118975664940535
6938,0,normal,1.3916820287704468,0.4250793705488541,44.27311616914949
6939,0,normal,1.2455061674118042,0.4449644425076582,52.53338567884407
6940,0,normal,0.07050815969705582,0.4168211213022103,52.32089815308291
6941,0,normal,0.07518666982650757,0.42347549306081816,52.355670092934815
6942,0,normal,0.019984185695648193,0.42741110191078213,52.30876679317089
6943,0,normal,0.011242492124438286,0.42056879399154906,52.43793186999801
6944,0,normal,0.009315540082752705,0.4439219135790042,52.63645842444066
6945,0,normal,0.008503895252943039,0.4314720030121643,52.89127959469806
6946,0,normal,0.006240910850465298,0.4079728866758401,52.921435216606824
6947,0,normal,0.005610776133835316,0.41964546251437645,53.23803676997795
6948,0,normal,0.0053969318978488445,0.43614037718806786,53.679449702639886
6949,0,normal,0.005807213019579649,0.4323946133611982,54.20060499373676
6950,0,normal,0.014219140633940697,0.43303141773739484,54.79219464959078
6951,0,normal,0.12675558030605316,0.44247772983942335,55.345120105833985
6952,0,normal,0.0670543909072876,0.44372903491220783,55.944767578299434
6953,0,normal,0.04262568801641464,0.42812779078757884,56.514664449980955
6954,0,normal,0.02048868127167225,0.4132937089588149,27.617362209933162
6955,0,normal,0.041014742106199265,0.41458408574774436,28.18157767260891
6956,0,normal,0.025404134765267372,0.40821749421456527,29.08638869506717
6957,0,normal,0.07768507301807404,0.3911966083265143,4.575729354864734
6958,0,normal,0.023523209616541862,0.3978387724145015,2.8081536814222545
6959,0,normal,0.014819459989666939,0.37806858547816957,0.9764437365297454
6960,0,normal,0.011851237155497074,0.3809331929844933,-0.9280456502663128
6961,0,normal,0.011506901122629642,0.371825788754387,0.058944829197798754
6962,0,normal,0.008609975688159466,0.36798165935466187,-1.940678223385703
6963,0,normal,0.009422163479030132,0.37513684562984784,-2.2422636338787925
6964,0,normal,0.008749361149966717,0.3554166820417193,-5.523121969514705
6965,0,normal,0.006740170996636152,0.3523901548815652,-25.922755341447782
6966,0,normal,0.006831682287156582,0.3294305883538628,-41.92313979952701
6967,0,normal,0.008453551679849625,0.3274567474118133,-42.401475233553356
6968,0,normal,0.008868610486388206,0.3216537890483372,-49.38618819294584
6969,0,normal,0.019602103158831596,0.3141693078581944,-59.18458504894875
6970,0,normal,0.022295460104942322,0.31415004985106104,-59.30581640804826
6971,0,normal,0.08014069497585297,0.3149541538726407,-59.59321937594041
6972,0,normal,0.0416385717689991,0.31337167992328774,-59.82014712852174
6973,0,normal,0.036044131964445114,0.31376463713204333,-60.0277461765711
6974,0,normal,0.029241928830742836,0.3129701975537554,-60.22242450729277
6975,0,normal,0.08252675086259842,0.31286916937940457,-60.05650482164151
6976,0,normal,0.021303735673427582,0.31290102763632444,-59.869326985225825
6977,0,normal,0.009926286526024342,0.31249608934767786,-59.69091939994837
6978,0,normal,0.007375926710665226,0.31357112525501574,-59.486641574249916
6979,0,normal,0.006412876304239035,0.31360833974594826,-59.26870451649074
6980,0,normal,0.004908077884465456,0.31403187966104135,-59.15561743607759
6981,0,normal,0.005126760806888342,0.313325532953433,-59.163592824198986
6982,0,normal,0.011020611971616745,0.313304359225829,-59.08826896805931
6983,0,normal,0.012802989222109318,0.3137183707755744,-58.988137348233295
6984,0,normal,0.007709122728556395,0.3145806677544471,-58.873564415342116
6985,0,normal,0.0058820354752242565,0.3132318929501229,-58.96653687495382
6986,0,normal,0.008982251398265362,0.3136844830912423,-58.99016969052468
6987,0,normal,0.012777455151081085,0.3133106781293737,-58.99979148643774
6988,0,normal,0.012041741982102394,0.31268439411159116,-58.987946299090254
6989,0,normal,0.010788381099700928,0.3132657958083746,-59.01043299199341
6990,0,normal,0.010335198603570461,0.3140842916459974,-59.048728962241285
6991,0,normal,0.023519298061728477,0.3135728062484592,-58.93601503672153
6992,0,normal,0.10009321570396423,0.31419965882622397,-59.208514396521196
6993,0,normal,0.06527524441480637,0.313642736529707,-59.467252533670035
6994,0,normal,0.03776763379573822,0.31318691881739325,-59.7125210598374
6995,0,normal,0.031070059165358543,0.31308316899320016,-59.90155610719853
6996,0,normal,0.043415751308202744,0.3140206470587762,-60.00788472784393
6997,0,normal,0.026896176859736443,0.31237915556930784,-60.08859784176548
6998,0,normal,0.010122423060238361,0.3119729240780939,-60.15295813327862
6999,0,normal,0.008581839501857758,0.31287698116816015,-60.28233346036586
7000,0,normal,0.006890316493809223,0.31293043530319575,-60.21314523147271
7001,0,normal,0.005778189282864332,0.31394663591807254,-60.30811807802252
7002,0,normal,0.005898194387555122,0.3121682855878236,-60.42476867841037
7003,0,normal,0.005899134092032909,0.31224824938705026,-60.60062231745792
7004,0,normal,0.005487607792019844,0.31081622329327585,-60.79189261992997
7005,0,normal,0.005036226939409971,0.31179827447500347,-60.99203310992675
7006,0,normal,0.0054690237157046795,0.3114674531467439,-61.09166845309642
7007,0,normal,0.005293377675116062,0.3120950204810387,-61.200400377116694
7008,0,normal,0.00583697110414505,0.3146423775385751,-61.32689325483102
7009,0,normal,0.005386050790548325,0.31242672247493236,-61.43878239235005
7010,0,normal,0.006645082496106625,0.31288450243807936,-61.476752440887594
7011,0,normal,0.005536878481507301,0.31354809758087787,-61.576245422277225
7012,0,normal,0.009931857697665691,0.31277100354645543,-61.62015775043824
7013,0,normal,0.04488328844308853,0.31229626199420396,-61.91341007377355
7014,0,normal,0.019387448206543922,0.3129384633188393,-62.16398269711931
7015,0,normal,0.017305204644799232,0.31257554147758754,-62.377535490199534
7016,0,normal,0.02269860729575157,0.31429298343452483,-62.598276719668775
7017,0,normal,0.010377875529229641,0.31250372153450506,-62.756486310926675
7018,0,normal,0.011149130761623383,0.3125679507342338,-62.80242005169953
7019,0,normal,0.018516987562179565,0.3128338434617891,-62.64875721239014
7020,0,normal,0.00615391181781888,0.3124866672882932,-62.60614817882811
7021,0,normal,8.826984405517578,0.33097416185864625,-30.25992792146667
7022,0,normal,0.07050076127052307,0.33880236979558137,-30.13187895756937
7023,0,normal,1.7384333610534668,0.33198049470816515,-30.60837715839466
7024,0,normal,2.612807035446167,0.34937266946021756,-20.482151945790292
7025,0,normal,0.9099854230880737,0.3560129082532075,7.183423128363984
7026,0,normal,0.42232513427734375,0.3770786484724229,9.609124677395585
7027,0,normal,0.7104905247688293,0.38952580216708155,11.122472664483439
7028,0,normal,0.19679191708564758,0.37626966704744375,14.468174474493253
7029,0,normal,0.1366051584482193,0.3989886352365059,17.829289121750207
7030,0,normal,0.09952487051486969,0.38986141215675574,21.002814788425894
7031,0,normal,192.89195251464844,0.4143179765430849,533.8682009351597
7032,0,normal,193.78611755371094,0.4751023068622623,813.7018639605392
7033,0,normal,0.8185555338859558,0.4693964887072146,813.9913534881771
7034,0,normal,1.3528387546539307,0.4550749201963289,813.8515780423968
7035,0,normal,4.714294910430908,0.45996114745791417,817.8743546020942
7036,0,normal,0.18146002292633057,0.46531260108009764,817.8427604135545
7037,0,normal,0.3966381549835205,0.4693068284903759,817.837833951345
7038,0,normal,0.6330208778381348,0.46556951554304565,817.7638723885763
7039,0,normal,0.8392113447189331,0.46506608083650086,817.7703396919916
7040,0,normal,0.9608262181282043,0.45074201006480674,817.8012774606977
7041,0,normal,0.9786341786384583,0.4769816892349938,817.8658531556914
7042,0,normal,0.8860916495323181,0.4829318458518887,817.8980872120915
7043,0,normal,0.7883106470108032,0.4496922352724498,817.9532905032781
7044,0,normal,0.6214240193367004,0.4522130763598323,818.0298648204198
7045,0,normal,0.41650936007499695,0.4537504158945625,818.0832365299832
7046,0,normal,0.2311268448829651,0.4709293114087274,818.1497588841211
7047,0,normal,0.12863191962242126,0.4959099238771507,818.2746431690495
7048,0,normal,0.06851895153522491,0.46882277410554934,818.4703485195189
7049,0,normal,0.03445246070623398,0.4749087491786149,818.665785192435
7050,0,normal,0.03300907835364342,0.46489034046103367,818.9815721992472
7051,0,normal,0.02600044012069702,0.44024680454785453,810.841672198734
7052,0,normal,0.030811406672000885,0.47167729234259803,811.218854204329
7053,0,normal,0.016413848847150803,0.4548483829972722,811.6319140271571
7054,0,normal,0.012646602466702461,0.4362304964506445,809.057176604641
7055,0,normal,0.012905946932733059,0.41345926172036085,800.9798578711238
7056,0,normal,0.008024083450436592,0.4131822967192389,800.0426648790982
7057,0,normal,0.009350508451461792,0.41277423357496007,799.8379374778688
7058,0,normal,0.00806201621890068,0.4023986843856417,798.7904747567495
7059,0,normal,0.006665988825261593,0.3997466550553161,797.6377880238504
7060,0,normal,0.02519947476685047,0.39561149951325286,796.4915801705205
7061,0,normal,0.09908105432987213,0.37083193511480905,510.2911616292912
7062,0,normal,0.046331752091646194,0.3332577268625538,-42.4075834085711
7063,0,normal,0.035355351865291595,0.3235180024281382,-45.24934986283415
7064,0,normal,0.028379403054714203,0.32370158238542446,-45.323392318957076
7065,0,normal,0.029982060194015503,0.31313171281993907,-61.346406321425775
7066,0,normal,8.720869064331055,0.3306987128896551,-28.648186422335357
7067,0,normal,0.09935165196657181,0.3383637013489631,-28.3228413947013
7068,0,normal,1.73111891746521,0.33106867810332125,-28.64614601645235
7069,0,normal,2.053234338760376,0.3552846426539696,-16.5174668765394
7070,0,normal,1.3493157625198364,0.35768445531940285,9.084398607152025
7071,0,normal,0.24562130868434906,0.38143882608115776,10.328101597270688
7072,0,normal,0.1612980216741562,0.3883618611843018,11.996558224587261
7073,0,normal,0.14463354647159576,0.3814000673107652,13.444120487266446
7074,0,normal,0.13943742215633392,0.40046960897233624,15.074667916473345
7075,0,normal,0.1360524743795395,0.3917855070729923,16.721162740609316
7076,0,normal,7.395540237426758,0.4100570326245003,43.44390821346542
7077,0,normal,0.3728131651878357,0.4264380856775235,43.27151353307727
7078,0,normal,0.8131495118141174,0.4346300957946826,42.91146005444102
7079,0,normal,1.831015706062317,0.4308811731543133,57.15304216197683
7080,0,normal,0.05200892686843872,0.43105856241904555,57.27204412676792
7081,0,normal,0.012771491892635822,0.4408721668642702,57.08248718017876
7082,0,normal,0.010714972391724586,0.42743805267973617,56.548889721412024
7083,0,normal,0.007579002063721418,0.426882388653168,56.30240555454952
7084,0,normal,0.00868750736117363,0.423002733615983,56.15923800626956
7085,0,normal,0.0031618166249245405,0.4395383889958428,56.19469325931277
7086,0,normal,0.032454948872327805,0.4290610792245374,56.512528635310446
7087,0,normal,0.009201276116073132,0.4446111942897829,56.82564324289751
7088,0,normal,0.02564666047692299,0.4139507393935835,57.31455301912524
7089,0,normal,0.006920313462615013,0.43283363386681484,57.80026981142191
7090,0,normal,0.006504487246274948,0.4121460904792629,58.10725918045409
7091,0,normal,0.005180532578378916,0.4380081572262186,58.53280260590964
7092,0,normal,0.008287553675472736,0.4406096903279268,59.10129697781895
7093,0,normal,0.007793118245899677,0.43778841699021526,59.69705407794754
7094,0,normal,0.008226144127547741,0.4352428476092902,60.46434738264361
7095,0,normal,0.008415653370320797,0.4330224654934617,61.39488847406233
7096,0,normal,0.014524649828672409,0.4160028154873231,33.09819925825923
7097,0,normal,0.02970919944345951,0.42015356844501756,33.9110950505999
7098,0,normal,0.01829482428729534,0.428533383862986,35.20827925345634
7099,0,normal,0.012702453881502151,0.3961450284838329,23.161213554069718
7100,0,normal,0.009994076564908028,0.3838195215236203,-2.2654230148325496
7101,0,normal,0.026332905516028404,0.3787640707661215,-3.8310776501477903
7102,0,normal,0.012132661417126656,0.36316353435773163,-5.507896130546669
7103,0,normal,1.7009661197662354,0.36958919636295184,-2.2864883428392204
7104,0,normal,0.07712516188621521,0.3638135157724538,-4.963205444647201
7105,0,normal,0.03555844724178314,0.35930844221221137,-7.65752994694526
7106,0,normal,0.02410016395151615,0.3303891427762646,-37.56160337035135
7107,0,normal,0.027366625145077705,0.33036980901870266,-38.45730078124575
7108,0,normal,0.015328565612435341,0.3368936445246026,-38.40885083695616
7109,0,normal,0.014071316458284855,0.31314902667614164,-54.44100219474535
7110,0,normal,0.010585392825305462,0.317437895911443,-54.67335552192185
7111,0,normal,0.02220761403441429,0.3136004950224835,-54.45601398009421
7112,0,normal,0.015015944838523865,0.3219175190960235,-54.263693547994535
7113,0,normal,0.11659903824329376,0.3192196794090415,-54.33443064792391
7114,0,normal,0.060540683567523956,0.31450283365988363,-54.46376416051521
7115,0,normal,0.053507089614868164,0.3169680616932939,-54.598335675593034
7116,0,normal,0.037185728549957275,0.3135973971075724,-54.936701931222615
7117,0,normal,8.601401329040527,0.33406960975108424,-23.058909858587867
7118,0,normal,0.0720512717962265,0.34134117384061596,-23.277680942649113
7119,0,normal,1.7753416299819946,0.3325734716288427,-23.884748972078114
7120,0,normal,1.247304916381836,0.36045545217823594,3.056682931882051
7121,0,normal,0.2115076184272766,0.3572265087406773,4.35813907784177
7122,0,normal,14.446331977844238,0.40699084604124647,58.95237236817911
7123,0,normal,0.7354149222373962,0.40753820506922245,58.81635951647604
7124,0,normal,0.3172176778316498,0.3870164723590618,60.47909504197537
7125,0,normal,0.2034570872783661,0.4132791660348462,62.467000886372716
7126,0,normal,14.259781837463379,0.41858221901593806,114.50537254796927
7127,0,normal,0.6667654514312744,0.43532200026213497,116.74628904712472
7128,0,normal,3.8753514289855957,0.4454665368045799,142.07868363152568
7129,0,normal,0.3309714198112488,0.4663361110229817,142.99643083779574
7130,0,normal,0.5188294053077698,0.47957493920840916,143.71500261519793
7131,0,normal,1.419598937034607,0.4651750702212736,149.25614962748386
7132,0,normal,1.3479328155517578,0.49338219115140086,156.73194595984683
7133,0,normal,0.12334462255239487,0.4614059099841258,151.98337060125527
7134,0,normal,0.1034730076789856,0.46529719168635303,151.83195081859856
7135,0,normal,0.05022396519780159,0.47041273471627243,151.58406678544793
7136,0,normal,0.10577653348445892,0.459237325139008,151.7463047584256
7137,0,normal,0.030911186710000038,0.4742290383344651,151.78994779724883
7138,0,normal,0.022227060049772263,0.4767255944221569,152.0265097419791
7139,0,normal,0.017347579821944237,0.44924880439769865,152.23874985006296
7140,0,normal,0.014011616818606853,0.4532300619847823,152.57723165910875
7141,0,normal,0.010496499016880989,0.4733616526308935,152.8983415185055
7142,0,normal,0.007710246369242668,0.47276386004065557,153.40755715905937
7143,0,normal,0.005408918485045433,0.49041730095790653,153.8595806446192
7144,0,normal,0.015078529715538025,0.46550686181918854,154.68626935419422
7145,0,normal,0.005990556441247463,0.476624667080916,155.39118169470555
7146,0,normal,0.1140255555510521,0.460990218717793,156.17860481459877
7147,0,normal,0.05733294412493706,0.448561063069487,130.58427004186444
7148,0,normal,0.04171271249651909,0.4593348258131365,131.54203058620487
7149,0,normal,0.02797049470245838,0.44518690618604817,132.70398628911403
7150,0,normal,0.023499205708503723,0.44411120374757107,108.04460306487647
7151,0,normal,0.011369732208549976,0.43725165782171616,106.12784776992828
7152,0,normal,0.05286053940653801,0.40258786118811823,53.92521232436093
7153,0,normal,0.012205646373331547,0.3986328085874839,54.783034264856724
7154,0,normal,0.008916961960494518,0.38789058478122423,53.06209262828588
7155,0,normal,0.008865985088050365,0.39455299942211813,50.971486353145565
7156,0,normal,0.012894959188997746,0.37742284057933856,-4.813612143918363
7157,0,normal,0.020409172400832176,0.35339538206940435,-8.142047312817795
7158,0,normal,0.015246800146996975,0.3396701808632326,-38.910962349684496
7159,0,normal,0.008969351649284363,0.3335812084160231,-41.407678669432016
7160,0,normal,0.0076369126327335835,0.328393959642212,-43.00434934604118
7161,0,normal,0.009734844788908958,0.3216025603120704,-49.95592550017864
7162,0,normal,8.8251314163208,0.3356276290985713,-27.54827402177534
7163,0,normal,0.10297326743602753,0.33769449395714435,-27.51272111326216
7164,0,normal,1.8853576183319092,0.3457838617960035,-15.388918262754487
7165,0,normal,1.3492258787155151,0.38000480931052527,11.627700009349383
7166,0,normal,0.6325708627700806,0.3768856497956875,11.469950816064284
7167,0,normal,0.20885172486305237,0.3869838254248152,13.744875781003884
7168,0,normal,0.13420765101909637,0.38843984944789606,16.242312441990407
7169,0,normal,0.1267077475786209,0.40564761484233514,18.67075960372108
7170,0,normal,0.10590432584285736,0.4054437279789977,21.378851554114817
7171,0,normal,0.14358744025230408,0.3953353804032744,23.085013753747717
7172,0,normal,0.17318706214427948,0.41599153734038236,24.870816179113035
7173,0,normal,1.075188398361206,0.4123394255659043,24.989118033682644
7174,0,normal,2.694443464279175,0.43557179188980455,51.82513969483057
7175,0,normal,0.5044966340065002,0.43748282747796763,51.32564252601651
7176,0,normal,1.2744122743606567,0.4525076786690344,56.985362867976846
7177,0,normal,1.2858726978302002,0.44992775323738626,65.19809997030643
7178,0,normal,0.023533524945378304,0.42517688723124286,65.01552426482499
7179,0,normal,0.009820687584578991,0.4449973418409615,64.81512250135142
7180,0,normal,0.005330628715455532,0.44539441698591326,64.63402657486768
7181,0,normal,0.005278808996081352,0.4319019963560746,64.6682267863182
7182,0,normal,0.005746564362198114,0.44010226653118106,64.64159253285266
7183,0,normal,0.006102323066443205,0.45594388085086957,64.74418906307847
7184,0,normal,0.007300727069377899,0.4126852234608947,64.88647527374883
7185,0,normal,0.007130693178623915,0.4379190358279566,65.21755285768336
7186,0,normal,0.013599641621112823,0.44865835918221014,65.72159534859452
7187,0,normal,0.027715938165783882,0.46177322214489896,66.01354185211108
7188,0,normal,0.017536085098981857,0.4458436599624348,66.32578143412866
7189,0,normal,0.014475695788860321,0.44870935648164884,66.95652477643944
7190,0,normal,0.015638628974556923,0.4411228757401242,67.74993144560972
7191,0,normal,0.013684955425560474,0.44278753955868766,68.59531362333814
7192,0,normal,0.022843491286039352,0.4284738325194599,40.68303869252941
7193,0,normal,0.007621214725077152,0.41959290979471653,41.644507833534135
7194,0,normal,0.00660554738715291,0.40861423796640817,29.654468154158167
7195,0,normal,0.006718682125210762,0.3885726174133421,1.3394977846378424
7196,0,normal,0.015531822107732296,0.3949207343646298,1.5391461413876186
7197,0,normal,0.0056782932952046394,0.38118610129003433,-1.1447779435202392
7198,0,normal,0.007597514893859625,0.3721447982206369,-3.877231671084246
7199,0,normal,0.00873668771237135,0.374040906041316,-6.675383986915222
7200,0,normal,0.009068981744349003,0.357021595314275,-9.692371167339388
7201,0,normal,0.021091584116220474,0.36635173785761616,-11.744348393879136
7202,0,normal,0.015276768244802952,0.34790652228764873,-14.631146913526436
7203,0,normal,0.010118491016328335,0.35331641176110057,-14.871980109961896
7204,0,normal,0.009247125126421452,0.32322648873993465,-45.42800189694435
7205,0,normal,0.008838196285068989,0.32308234247380047,-45.454411056367235
7206,0,normal,0.04371410235762596,0.31720045928974844,-51.61299532179851
7207,0,normal,0.011510839685797691,0.31173237701430684,-60.999119982700904
7208,0,normal,0.010426465421915054,0.31098416459209455,-60.8811348696961
7209,0,normal,0.009049175307154655,0.3119887704369078,-60.76381087247
7210,0,normal,0.00890172366052866,0.31113083229086713,-60.656483182348666
7211,0,normal,0.008792070671916008,0.3113984801105886,-60.5478237291461
7212,0,normal,0.011237598024308681,0.311103174166127,-60.398573767551625
7213,0,normal,0.015799833461642265,0.3120870300789016,-60.17881093212577
7214,0,normal,8.830878257751465,0.3301745694617313,-27.656353475945252
7215,0,normal,0.11922711879014969,0.33737916817958874,-27.33588293690059
7216,0,normal,1.6832207441329956,0.3316788627992734,-27.831961393111214
7217,0,normal,3.6548027992248535,0.341062825855531,-28.658749783330222
7218,0,normal,1.5655710697174072,0.3411519824460482,-2.386739418935349
7219,0,normal,0.4465928077697754,0.35523347272092237,0.33104858585784314
7220,0,normal,0.22666580975055695,0.38752475844110085,3.512405212401063
7221,0,normal,0.14855337142944336,0.36955391756738104,6.709662511225133
7222,0,normal,0.13614745438098907,0.3796356500154906,9.992291383857037
7223,0,normal,0.11920735985040665,0.3954553356406496,13.331419550975397
7224,0,normal,0.08698787540197372,0.38958297798145264,15.899381490720998
7225,0,normal,0.18574310839176178,0.40033838364287255,17.960577958185695
7226,0,normal,4.711634159088135,0.41800319685253945,44.98491043081299
7227,0,normal,0.285918653011322,0.4328394187021482,44.8741228415181
7228,0,normal,1.9629892110824585,0.45149839107507056,58.5719663182806
7229,0,normal,0.04734256491065025,0.4247834349840007,58.49318959588413
7230,0,normal,0.015176565386354923,0.4352643016278744,58.15547162126768
7231,0,normal,0.007231763564050198,0.4448619521485312,57.80677960264734
7232,0,normal,0.004124202765524387,0.4331961197888293,57.83167982594341
7233,0,normal,0.09666858613491058,0.42921937075768246,57.8426619501065
7234,0,normal,0.1259586215019226,0.4331132416192882,58.06660634013929
7235,0,normal,0.10435739904642105,0.45104435564702394,58.30218479578889
7236,0,normal,0.07194032520055771,0.4369192812910399,58.40989958723958
7237,0,normal,0.055079977959394455,0.42558227329022985,58.66641210774128
7238,0,normal,0.04240740090608597,0.4307913627402347,58.77879435811133
7239,0,normal,0.022891970351338387,0.43982649991062167,58.76532184439452
7240,0,normal,0.02802230231463909,0.4479082354662071,58.95508411134256
7241,0,normal,0.019128091633319855,0.4364150786457379,59.17186466897647
7242,0,normal,0.01851874776184559,0.44224769332639596,59.579800872995065
7243,0,normal,0.018821369856595993,0.44985140715014255,60.11374910988843
7244,0,normal,0.011782809160649776,0.41114053935404005,31.61791132681742
7245,0,normal,0.014952055178582668,0.42125984366109154,32.50266341741326
7246,0,normal,0.004943313077092171,0.4344290469781539,33.78699379428622
7247,0,normal,0.004514741711318493,0.41992622791397954,35.26644530882868
7248,0,normal,0.004988489672541618,0.416578808260187,10.625842643307124
7249,0,normal,0.004129774868488312,0.39500569735198793,7.522113494073437
7250,0,normal,0.011566169559955597,0.3878195790423573,4.540133888225682
7251,0,normal,0.008199837058782578,0.39107810437325624,1.3835560785328198
7252,0,normal,0.0883648470044136,0.3661020581689847,-2.475569723114859
7253,0,normal,0.05459129437804222,0.37874849981214126,-6.733628088366004
7254,0,normal,0.037858836352825165,0.3642479541279362,-10.484147212838934
7255,0,normal,0.028405090793967247,0.3523890469815003,-13.776023817965324
7256,0,normal,0.02055549807846546,0.32866943105061575,-44.53206121041649
7257,0,normal,0.08372106403112411,0.3249914650622454,-45.19548188656199
7258,0,normal,0.018718097358942032,0.3142500730271646,-60.779640329342556
7259,0,normal,8.856019020080566,0.33301186967659824,-28.086414370884086
7260,0,normal,0.10788179934024811,0.34229194285128745,-27.60201848795009
7261,0,normal,3.0862936973571777,0.3522385591065398,0.28437955661911474
7262,0,normal,0.4374310374259949,0.375219526030597,-0.8245747934934116
7263,0,normal,0.2083628624677658,0.37143116064570453,0.7438524115161727
7264,0,normal,0.15059325098991394,0.3719039401948554,2.16699372701396
7265,0,normal,0.7774808406829834,0.3762521990484759,1.698605520699175
7266,0,normal,0.2095193862915039,0.38987562920797403,3.2424083660191627
7267,0,normal,0.1444276124238968,0.38477158073374274,4.854515515657113
7268,0,normal,0.173965722322464,0.3798367265666635,6.352571665659752
7269,0,normal,0.523113489151001,0.39713257110433053,8.105074158260777
7270,0,normal,2.0948679447174072,0.39439406330738846,8.386580378069993
7271,0,normal,1.2203707695007324,0.4096718479237354,35.95634077499426
7272,0,normal,0.43999600410461426,0.4169434325832523,35.36438571878807
7273,0,normal,0.7375341057777405,0.4290567621685002,35.29047209219016
7274,0,normal,1.6985000371932983,0.4222410363328347,49.457388613165676
7275,0,normal,0.07249234616756439,0.42415072046958835,49.12337920974596
7276,0,normal,0.05593659728765488,0.43506887071471406,49.35574000761676
7277,0,normal,0.009922973811626434,0.42329464450370635,49.29224293132802
7278,0,normal,0.006230343598872423,0.4306038351781224,49.440654645992936
7279,0,normal,0.00597796868532896,0.42622616811651876,49.714798103040266
7280,0,normal,0.005893840454518795,0.43005221170829067,50.03151916847514
7281,0,normal,0.010074399411678314,0.4216537799201329,50.36446343916168
7282,0,normal,0.005017753224819899,0.4293901206433553,50.86705867721275
7283,0,normal,0.006989752408117056,0.44500373090753814,51.428102368360896
7284,0,normal,0.028931789100170135,0.42679077086803574,52.045956510103
7285,0,normal,0.005339889321476221,0.43502360366953535,52.59456109967505
7286,0,normal,0.006748370360583067,0.4492359184759121,53.41373497407153
7287,0,normal,0.006681077182292938,0.42741408829452665,53.898174096827006
7288,0,normal,0.006875050254166126,0.4388918620155894,54.51342420678907
7289,0,normal,0.007739422842860222,0.41501089650768225,25.74854459132507
7290,0,normal,0.00746139558032155,0.4045742897525255,26.539653337000118
7291,0,normal,0.007196178659796715,0.395196778326752,-1.2882576216177313
7292,0,normal,0.013685665093362331,0.37998817189114903,-0.3652792649852472
7293,0,normal,0.031230054795742035,0.39041522172486226,-2.1702373690352488
7294,0,normal,0.08519059419631958,0.38360169066927713,-4.1618937106163685
7295,0,normal,0.0519300177693367,0.3756935160420578,-3.3337963172732543
7296,0,normal,0.02431003376841545,0.37516188808444817,-5.330002219069229
7297,0,normal,0.025352580472826958,0.3586890106398159,-7.475042774352005
7298,0,normal,0.08712110668420792,0.3577565448801998,-9.505933193700457
7299,0,normal,0.02508489042520523,0.3595653529376481,-11.908860031161112
7300,0,normal,0.013887855224311352,0.3516933174407648,-12.251989497807926
7301,0,normal,0.007894080132246017,0.33075449512960026,-42.82408645405576
7302,0,normal,0.006508964579552412,0.3253654436752165,-42.857152606912905
7303,0,normal,0.00935447495430708,0.3237083805986454,-42.95087702972614
7304,0,normal,0.007990581914782524,0.3140156463253168,-59.04390952337667
7305,0,normal,0.0075101531110703945,0.31256165180354784,-59.004958384411566
7306,0,normal,0.010708947665989399,0.31266087769160045,-59.09992538218353
7307,0,normal,0.00859523843973875,0.31425472701224505,-59.10809229982624
7308,0,normal,0.022744402289390564,0.31264507121501967,-58.94191166314408
7309,0,normal,0.008387219160795212,0.31415385573237364,-58.925485169766944
7310,0,normal,0.013027546927332878,0.3139224597922819,-58.862988489340296
7311,0,normal,8.824348449707031,0.32943086393107673,-26.508017191384624
7312,0,normal,0.10831403732299805,0.3411706155214744,-26.366068723594708
7313,0,normal,3.065809488296509,0.3510636837065641,1.1618446660636437
7314,0,normal,0.2325928807258606,0.372798661702651,1.882720296454636
7315,0,normal,0.6161924004554749,0.3714930387261237,1.897054801491322
7316,0,normal,0.12976524233818054,0.3706399539632472,3.969781251379345
7317,0,normal,0.11729110032320023,0.37823556459023133,6.057616330872406
7318,0,normal,0.10987433791160583,0.3932765804231823,8.231764514117685
7319,0,normal,0.753104031085968,0.39056562483863444,8.692557451423909
7320,0,normal,0.17211413383483887,0.3869626004766277,11.006098080751372
7321,0,normal,0.36023083329200745,0.3948884049471237,12.974785159418616
7322,0,normal,1.6560916900634766,0.39553388956160185,13.11603278795269
7323,0,normal,1.5930355787277222,0.4152542604259905,40.421594728936725
7324,0,normal,0.2578616142272949,0.42137145588355734,40.30431978749789
7325,0,normal,0.6784240007400513,0.43647630884959193,39.97480679287628
7326,0,normal,1.7365723848342896,0.4322597570676882,53.891086416420194
7327,0,normal,0.09551898390054703,0.4202114403915759,53.50584495302837
7328,0,normal,0.07395857572555542,0.4411540985624361,53.16056338351859
7329,0,normal,0.07606513053178787,0.4335313507066535,52.73148380887869
7330,0,normal,0.05404852703213692,0.4319214097066913,52.520322579604
7331,0,normal,0.046821217983961105,0.42444121231250515,52.4178393625848
7332,0,normal,0.043288327753543854,0.450567246125981,52.45118032974278
7333,0,normal,0.06953737139701843,0.42417480288166876,52.5031138861807
7334,0,normal,0.015777526423335075,0.4319709769244659,52.65431709110885
7335,0,normal,0.014588131569325924,0.44301208393129543,52.93720158474821
7336,0,normal,0.004954546689987183,0.44461540411018763,53.12808197520758
7337,0,normal,0.01567155495285988,0.44167149002249034,53.44472270333745
7338,0,normal,0.016034960746765137,0.4571612355246936,53.93396342106598
7339,0,normal,0.0187421515583992,0.42669659609610067,54.54141928197191
7340,0,normal,0.013847139663994312,0.4403652144009917,55.138862652846456
7341,0,normal,0.015524128451943398,0.42489692375052496,26.37350119153325
7342,0,normal,0.01775536872446537,0.4024193617089331,27.117861692694532
7343,0,normal,0.15860366821289062,0.40195384728202016,-0.35777938971182266
7344,0,normal,0.1152152568101883,0.3942239295655959,-2.6193743594831176
7345,0,normal,0.06683392822742462,0.3902190151628318,-2.1686999584135265
7346,0,normal,0.03931860253214836,0.3901840737395789,-4.738595473169198
7347,0,normal,0.029511768370866776,0.38805135622800785,-7.1789223216808296
7348,0,normal,0.02578127756714821,0.3755939539126103,-9.748414664604525
7349,0,normal,0.0644579753279686,0.3627976835639147,-9.398905233709229
7350,0,normal,0.008198621682822704,0.3672164994985097,-12.199305489259132
7351,0,normal,0.00873563438653946,0.36638238012741703,-14.88309798400769
7352,0,normal,0.0068672290071845055,0.356128243797239,-14.941116870047836
7353,0,normal,0.004004326183348894,0.33551702820336543,-45.193927369954054
7354,0,normal,0.0038907260168343782,0.3303201173245077,-46.07399704457839
7355,0,normal,0.0040460494346916676,0.3277526939073955,-45.979019413760625
7356,0,normal,0.004511065315455198,0.3166657587899927,-61.81321043936464
7357,0,normal,0.00929255411028862,0.3168111363848109,-61.55369421609976
7358,0,normal,8.84709358215332,0.33760742055313436,-29.121937845212187
7359,0,normal,0.06770214438438416,0.33998297313213416,-29.09883299050034
7360,0,normal,1.7581117153167725,0.3351266740955173,-29.61973237553957
7361,0,normal,2.075716257095337,0.3556075232200077,-17.700060582685637
7362,0,normal,0.8301374316215515,0.36325751044369486,9.51890975078527
7363,0,normal,0.302906334400177,0.3890217141732138,11.322440141425659
7364,0,normal,0.17793522775173187,0.40266842127430813,13.866659523192538
7365,0,normal,0.7745727896690369,0.388604584129185,14.561300242736252
7366,0,normal,0.145823135972023,0.4099725557393783,17.361787352800093
7367,0,normal,0.11476942151784897,0.4000059665740174,20.27012443135868
7368,0,normal,7.365349769592285,0.4184657799174597,47.59593525274818
7369,0,normal,0.3878532350063324,0.434029985630159,47.779671426510276
7370,0,normal,0.8312397599220276,0.44648891607170094,47.77577728890628
7371,0,normal,1.2471479177474976,0.42985815666973404,53.81428590113683
7372,0,normal,1.3861361742019653,0.44194274843705583,62.33611656461335
7373,0,normal,0.01967114582657814,0.4384204747205093,62.17126449453872
7374,0,normal,0.010517518036067486,0.43783283083763624,61.72902696133724
7375,0,normal,0.027105866000056267,0.43464003804012363,61.53764466304233
7376,0,normal,0.005860763601958752,0.4274217271530588,61.45351737713804
7377,0,normal,0.004973597824573517,0.43104577519075,61.490017268190286
7378,0,normal,0.003698628395795822,0.4402890465685004,61.54168839998306
7379,0,normal,0.007544101215898991,0.43364383052645544,61.75229243316949
7380,0,normal,0.006606027018278837,0.42621607569886155,62.02532819637099
7381,0,normal,0.006739262491464615,0.42754963992231104,62.366925369527735
7382,0,normal,0.007909012958407402,0.41327197584047154,62.69563154502612
7383,0,normal,0.009061119519174099,0.43556804044915326,63.173270036764734
7384,0,normal,0.023737139999866486,0.45279115093046296,63.97368825004651
7385,0,normal,0.07268556207418442,0.43203635765547216,64.48733127214928
7386,0,normal,0.04887142404913902,0.44880260566960806,65.18935331049579
7387,0,normal,0.029065817594528198,0.4406522265004861,66.02879566303841
7388,0,normal,0.05620197951793671,0.4098223580161283,37.931729994406396
7389,0,normal,0.04362591728568077,0.424483860251652,39.003433756992536
7390,0,normal,0.10196390748023987,0.4292040152006744,40.67686452719772
7391,0,normal,0.015086360275745392,0.4026779227475662,29.021181323382052
7392,0,normal,0.0214066319167614,0.3876368739710508,1.2382294268461465
7393,0,normal,0.006404195446521044,0.37808969816706683,-1.3565279077215564
7394,0,normal,0.0060228523798286915,0.3586256050328601,-4.200227847246651
7395,0,normal,0.005129823926836252,0.370287808109874,-4.660101056316307
7396,0,normal,0.00605048518627882,0.36635421343344615,-8.214056247638837
7397,0,normal,0.020689625293016434,0.3418883674472924,-11.910846470752404
7398,0,normal,0.006833477411419153,0.340851179769499,-42.46074075062893
7399,0,normal,0.008841163478791714,0.324041736472381,-43.3691021078796
7400,0,normal,0.016148479655385017,0.3266267578991482,-43.07358560810417
7401,0,normal,0.014815885573625565,0.3220157654134047,-49.27689660679607
7402,0,normal,0.013428743928670883,0.31377323205366076,-58.66033601090567
7403,0,normal,0.011953153647482395,0.3136839368338478,-58.548537839093115
7404,0,normal,0.014947118237614632,0.31369675338830005,-58.43331785488408
7405,0,normal,0.009136462584137917,0.3127207313166805,-58.569300490191154
7406,0,normal,0.018230298534035683,0.3129020131785827,-58.813832394929705
7407,0,normal,0.016629276797175407,0.3140235491348132,-59.05449375775038
7408,0,normal,0.0118331303820014,0.3136381406912184,-59.25337443036801
7409,0,normal,8.708425521850586,0.3298157966063621,-27.15865064023933
7410,0,normal,0.06736989319324493,0.33914628100054917,-27.36119170073107
7411,0,normal,2.7554373741149902,0.34890931268334296,0.25358402708138783
7412,0,normal,0.17184296250343323,0.3739509582243358,0.7521779055653042
7413,0,normal,0.1270151436328888,0.3707929756337118,2.153350994108905
7414,0,normal,14.184394836425781,0.4009265847274545,56.54957724767905
7415,0,normal,0.2933838367462158,0.4063917148869743,57.819943303614764
7416,0,normal,13.71345329284668,0.4270854006867871,109.61176937034679
7417,0,normal,0.3448326587677002,0.4396127506783892,110.807255806939
7418,0,normal,0.3420778214931488,0.419710654898719,112.06174514252723
7419,0,normal,1.4966479539871216,0.4403667171695284,112.80468670886523
7420,0,normal,2.3423056602478027,0.4374322926314236,128.87567142419755
7421,0,normal,2.550415515899658,0.46405099393412,140.85120941478203
7422,0,normal,0.879632830619812,0.4715751287258649,140.4982114473812
7423,0,normal,1.679000973701477,0.48127318900930594,153.30786208029338
7424,0,normal,0.10096962004899979,0.4704369463512662,153.09199369042562
7425,0,normal,0.08799754828214645,0.442556090995092,152.85315436239284
7426,0,normal,0.0207267664372921,0.47745124444780995,152.61192840059755
7427,0,normal,0.006534203886985779,0.4569106983503526,152.40704058616961
7428,0,normal,0.009144870564341545,0.4497246354697531,152.3191937417664
7429,0,normal,0.00891256332397461,0.47344455363453897,152.31586902739184
7430,0,normal,0.007834899239242077,0.4573362650161209,152.24798227051406
7431,0,normal,0.006571550853550434,0.4636307248572652,152.2241994064642
7432,0,normal,0.0052556986920535564,0.44712089061511984,152.45164995299263
7433,0,normal,0.010003358125686646,0.47748451206611814,152.94524608483096
7434,0,normal,0.004911893978714943,0.4542379408724306,153.34323317716598
7435,0,normal,44.89243698120117,0.47773595705839184,283.67433469327636
7436,0,normal,39.30622100830078,0.4796418156408287,396.83406140374893
7437,0,normal,0.13620343804359436,0.4708160311413783,397.59099284652837
7438,0,normal,0.10864174365997314,0.4747673185010077,398.38305194226257
7439,0,normal,0.11060316115617752,0.46375997824574167,379.27516413844216
7440,0,normal,42.63824462890625,0.4644044343025257,479.5863863938704
7441,0,normal,0.38241761922836304,0.43723648214099387,463.4476172027928
7442,0,normal,0.20568272471427917,0.4282913151133634,462.6945922411868
7443,0,normal,0.06690172106027603,0.4460346801998176,461.7590463944282
7444,0,normal,0.038185566663742065,0.4009175383540752,427.74300152343847
7445,0,normal,0.026487236842513084,0.4043038903728618,426.7384882008837
7446,0,normal,0.021031875163316727,0.3804349617917772,391.01989060521305
7447,0,normal,0.03328141197562218,0.37682325259160243,389.9397629446604
7448,0,normal,0.011849679052829742,0.3777339406097643,388.46674702052064
7449,0,normal,0.00981632899492979,0.3569547603970764,387.6918180297821
7450,0,normal,0.0088887894526124,0.3452365932642263,374.6008099705391
7451,0,normal,0.009840228594839573,0.3360237289122686,364.2993387057679
7452,0,normal,0.007421813905239105,0.32871795861605685,364.0407108076399
7453,0,normal,0.0145336352288723,0.3168509139653944,353.48333283792283
7454,0,normal,0.027252808213233948,0.3153801457774312,353.42271727039895
7455,0,normal,0.07511106133460999,0.31635885445917644,353.2672756787737
7456,0,normal,0.04965971037745476,0.3206161107130356,353.18982748293
7457,0,normal,0.03936386480927467,0.3149262381532064,353.1483398524965
7458,0,normal,0.040590111166238785,0.3134662956936385,353.12358621617227
7459,0,normal,0.02858116291463375,0.3175780636958123,353.0934737905918
7460,0,normal,0.05104644224047661,0.317402385033041,353.13824815952023
7461,0,normal,0.011890815570950508,0.31474020674795766,353.2112635179865
7462,0,normal,0.007059712894260883,0.3149511450505446,353.28689669279356
7463,0,normal,0.005758577026426792,0.31469973734798407,353.34575638088813
7464,0,normal,0.005069379229098558,0.31985177623635735,353.4346596422954
7465,0,normal,0.004883499350398779,0.3192105081773648,234.54618308273427
7466,0,normal,53.647361755371094,0.3338750554295145,258.84205806631337
7467,0,normal,0.0521913506090641,0.3436716280962472,258.6420935453365
7468,0,normal,6.804337978363037,0.3519044121987153,279.3698766657932
7469,0,normal,0.41222187876701355,0.3705747365179348,279.8620496337579
7470,0,normal,0.3211613595485687,0.3796972059121431,150.96758114070508
7471,0,normal,0.21374590694904327,0.37561863915040805,152.43593924932247
7472,0,normal,0.6344704031944275,0.38167709290074375,152.38560325194794
7473,0,normal,0.20128457248210907,0.39877522411105254,154.0332620286107
7474,0,normal,0.15658679604530334,0.3907774290614014,156.1969604378976
7475,0,normal,0.8334440588951111,0.39137389817925533,156.75641781627507
7476,0,normal,1.1183029413223267,0.404396653439093,158.91504255429038
7477,0,normal,2.3082165718078613,0.40100764152171964,160.92052545327
7478,0,normal,1.9487566947937012,0.4242186225695415,183.41409173813372
7479,0,normal,0.3997809588909149,0.4262637694210516,184.38973474620013
7480,0,normal,0.579211950302124,0.4312282765178519,184.2090849198313
7481,0,normal,1.8835471868515015,0.4362721471271389,196.66293533840621
7482,0,normal,0.02010997384786606,0.42765896679753485,196.7764066883235
7483,0,normal,0.0063736094161868095,0.4433984136271459,196.83013870937316
7484,0,normal,0.003013774286955595,0.4279661750343222,196.82716219545807
7485,0,normal,0.0028825842309743166,0.4390094345418213,196.84977717024208
7486,0,normal,0.01391780935227871,0.4246434595886283,197.06592182131465
7487,0,normal,0.00549176475033164,0.431261910811682,197.30020896958638
7488,0,normal,0.024716448038816452,0.4266576583178692,197.6068814746268
7489,0,normal,0.004394936840981245,0.43496785483982375,198.00150694635124
7490,0,normal,0.03472352772951126,0.44500709109498043,198.3678914908719
7491,0,normal,0.023212019354104996,0.451428282225367,198.68102000245017
7492,0,normal,0.017529448494315147,0.4366775019940217,199.14144203410456
7493,0,normal,0.01371038518846035,0.463012598748458,199.8005324006309
7494,0,normal,0.0332506000995636,0.43344054089082634,200.64910328719486
7495,0,normal,0.007930407300591469,0.4358506820482222,201.42350223569667
7496,0,normal,0.0066869319416582584,0.42580272937237834,30.78506667172087
7497,0,normal,0.005936155561357737,0.40734982387496954,31.853709611858676
7498,0,normal,0.005697072017937899,0.3890125349203872,4.3065777676360995
7499,0,normal,0.033623941242694855,0.39712445396056134,2.4294703371260766
7500,0,normal,0.009168650954961777,0.3971093973902149,0.5784504325745274
7501,0,normal,0.010008259676396847,0.37972881479647763,-1.4024141516254076
7502,0,normal,0.011005580425262451,0.38169394109472754,-0.7083691140160226
7503,0,normal,0.012305823154747486,0.3711704964135861,-2.49046344729436
7504,0,normal,0.00966928992420435,0.3596875083280896,-5.042084210902431
7505,0,normal,0.023098427802324295,0.3729765083275406,-5.177990725761219
7506,0,normal,0.018334614112973213,0.36019369880639185,-8.663497884709159
7507,0,normal,0.01093925628811121,0.3536395750188409,-12.449071602908361
7508,0,normal,8.74677562713623,0.35140968647322257,-8.945001650894255
7509,0,normal,0.06201223284006119,0.3522601005735118,-11.884440008011552
7510,0,normal,1.925567626953125,0.3438135222701162,-12.47394313497216
7511,0,normal,2.158221483230591,0.3510158679732576,-16.11627992169838
7512,0,normal,1.3829292058944702,0.35497968870514335,8.8982467023161
7513,0,normal,0.24850812554359436,0.37969907566891775,9.958675489482403
7514,0,normal,0.16545818746089935,0.38919993235149264,11.597277129166969
7515,0,normal,0.14001896977424622,0.38006244453429355,13.093479640565874
7516,0,normal,0.1276576966047287,0.4040457291312669,14.698246157172207
7517,0,normal,8.067779541015625,0.406977333966981,41.71916140285839
7518,0,normal,0.4099537432193756,0.4126072324329439,42.481271645597644
7519,0,normal,0.5610706210136414,0.42563756796529495,43.146336073124985
7520,0,normal,0.846699595451355,0.4300212329815359,43.336270647430865
7521,0,normal,1.8963687419891357,0.42594444955605987,57.61145226025383
7522,0,normal,0.10580690205097198,0.43263275090410575,57.60470098582414
7523,0,normal,0.05155753344297409,0.4389806140584155,57.452140702515635
7524,0,normal,0.055282313376665115,0.4331733852935822,57.04034832186471
7525,0,normal,0.08552584797143936,0.42449857071773933,56.90059626642437
7526,0,normal,0.053957581520080566,0.42403186921739017,56.861284995201686
7527,0,normal,0.04403669014573097,0.4357620481933326,56.95166397648177
7528,0,normal,0.0433310940861702,0.42091267260486503,56.956917651197955
7529,0,normal,0.042132675647735596,0.4414689457180036,56.861638247240535
7530,0,normal,0.04911656677722931,0.4142070834200424,57.00282471305081
7531,0,normal,0.026659563183784485,0.4187247632477375,57.16983385344747
7532,0,normal,0.019448190927505493,0.4179137694085775,57.30434149716575
7533,0,normal,0.013938628137111664,0.42970733136501293,57.53923577697583
7534,0,normal,0.03629690781235695,0.45842120401330205,57.8140736301923
7535,0,normal,0.0973619669675827,0.4377323245961163,58.18655921848517
7536,0,normal,0.06555294990539551,0.42772875015719136,58.9734803736294
7537,0,normal,0.04864964261651039,0.4327879944463118,59.9103716389709
7538,0,normal,0.046084240078926086,0.4159611770817645,31.641168063546274
7539,0,normal,0.0519217811524868,0.42685216904079043,32.79239681343279
7540,0,normal,0.0800638496875763,0.4220481157533948,34.08264752552759
7541,0,normal,0.01144408155232668,0.40684520100402605,22.234085855986677
7542,0,normal,0.007607548031955957,0.3923165161978767,-2.4321991853380496
7543,0,normal,0.00755780516192317,0.3672221224588972,-4.072946100021682
7544,0,normal,0.024786602705717087,0.3776824812173052,-5.637478876958312
7545,0,normal,0.00963687989860773,0.3679256609787651,-7.632481877712962
7546,0,normal,0.007783168461173773,0.3612460160372485,-10.003267773244943
7547,0,normal,0.00961532723158598,0.3350050112212592,-39.78165930150021
7548,0,normal,0.00606629578396678,0.33224807612147417,-42.04816094453986
7549,0,normal,0.010654328390955925,0.32617389038413214,-43.36408338477531
7550,0,normal,0.01167208794504404,0.32759486324746345,-43.561423175170376
7551,0,normal,0.011260504834353924,0.31647093451646097,-59.81006934471338
7552,0,normal,0.02536102943122387,0.3152156785395698,-59.575413976495156
7553,0,normal,0.08467648178339005,0.31523526419936165,-59.83415493212897
7554,0,normal,0.05287548899650574,0.31364476409439895,-60.1606603637872
7555,0,normal,0.03839483484625816,0.3132236524588437,-60.28007206069606
7556,0,normal,0.028858983889222145,0.31342751671484703,-60.4059861917392
7557,0,normal,0.02316266857087612,0.3148382820089961,-60.52093897663235
7558,0,normal,0.08950751274824142,0.3135647980645313,-60.19651673843282
7559,0,normal,0.04099476337432861,0.3145318354651249,-59.78129422844768
7560,0,normal,0.010875853709876537,0.31448338739888604,-59.58785009483131
7561,0,normal,0.014400029554963112,0.31645500067059595,-59.21489638696039
7562,0,normal,0.0069237807765603065,0.3143612124793728,-58.90901420346586
7563,0,normal,8.863506317138672,0.33330320346768894,-26.29682497787553
7564,0,normal,0.05819825455546379,0.33997518786115866,-26.12316916677105
7565,0,normal,1.7603044509887695,0.3354418626431771,-26.649952601895166
7566,0,normal,2.0220489501953125,0.35704735052689957,-14.818634439030347
7567,0,normal,2.3978054523468018,0.354014360520295,1.6850289695137235
7568,0,normal,0.37311968207359314,0.3780868531943638,3.0594682756939164
7569,0,normal,0.21477855741977692,0.38496826524456773,4.766833971760661
7570,0,normal,0.1274547427892685,0.38403010379008184,6.499617369010366
7571,0,normal,0.1071959137916565,0.4003835586735041,8.414020130385097
7572,0,normal,0.7538772821426392,0.3803108427146485,9.110388806732544
7573,0,normal,0.34088853001594543,0.390223349754065,11.48730622625385
7574,0,normal,0.7192225456237793,0.38932625742302285,13.638195853041225
7575,0,normal,1.696303129196167,0.40572339197866547,15.850564672177597
7576,0,normal,1.3125324249267578,0.4273206144670985,43.30011794573329
7577,0,normal,0.23908968269824982,0.43409086340749525,43.22568566413838
7578,0,normal,2.05068039894104,0.46962972816361376,56.99793015146406
7579,0,normal,0.02475566416978836,0.4375153343381567,56.923250801505674
7580,0,normal,0.026063790544867516,0.42971361017795434,56.80550263285636
7581,0,normal,0.003003499936312437,0.4516333206204461,56.66346047843422
7582,0,normal,0.00257887807674706,0.43643078706383787,56.65423462309241
7583,0,normal,0.0029029983561486006,0.43132996377048255,56.78050187400254
7584,0,normal,0.0035337924491614103,0.43939566199417135,56.99874292411528
7585,0,normal,0.003445128444582224,0.434359202757455,57.10271448540607
7586,0,normal,0.013768106698989868,0.4429290166435787,57.520334561298796
7587,0,normal,0.02320021763443947,0.42698898637484245,58.0034382416095
7588,0,normal,0.014143481850624084,0.4529857748403148,58.439543106978135
7589,0,normal,0.027503425255417824,0.46159307108559855,58.63802753292475
7590,0,normal,0.016991393640637398,0.4481622931578146,59.06466665339963
7591,0,normal,0.012869538739323616,0.45688195075945864,59.59480117321709
7592,0,normal,0.013275370001792908,0.4338986436601643,60.34664033211743
7593,0,normal,0.011529556475579739,0.4278055310931788,31.943526470588722
7594,0,normal,0.05321405827999115,0.42454264279641307,33.23580011133413
7595,0,normal,0.013818268664181232,0.42377651746652323,34.55006461550397
7596,0,normal,0.008889085613191128,0.4053464869390766,22.75970242460903
7597,0,normal,0.006771369371563196,0.4005759545566984,5.543278306019374
7598,0,normal,0.009118146263062954,0.401222736349539,3.8093979321963616
7599,0,normal,0.0069813537411391735,0.3847959677113592,1.7635796181082242
7600,0,normal,0.005521423649042845,0.38189830213050946,-0.21855182125341344
7601,0,normal,0.009860781021416187,0.3843124683865634,-1.983072513219895
7602,0,normal,0.011037218384444714,0.3618935280538677,-1.9076422917157743
7603,0,normal,0.01116249617189169,0.37642719865079816,-4.731049202000349
7604,0,normal,0.03062308020889759,0.3633202199999243,-7.606668719571189
7605,0,normal,0.015573150478303432,0.35151147447603065,-11.079532192987472
7606,0,normal,0.008665401488542557,0.3262837743052862,-42.22462195627668
7607,0,normal,0.012675673700869083,0.32193936662792977,-43.64334809934758
7608,0,normal,0.015242744237184525,0.3139947552298053,-59.837698733314255
7609,0,normal,0.0437292754650116,0.31095777279959613,-59.66809533636365
7610,0,normal,0.009597918018698692,0.3121300399085954,-59.72307035227118
7611,0,normal,0.00826337281614542,0.3143173077485429,-59.69864009665571
7612,0,normal,0.007782095577567816,0.31273832022300735,-59.6778166423328
7613,0,normal,0.006502025295048952,0.3116694521713333,-59.66452114664958
7614,0,normal,0.006466704420745373,0.31170847439537236,-59.662974858093094
7615,0,normal,0.005648069549351931,0.31249293814723816,-59.70758626660677
7616,0,normal,0.010715814307332039,0.3137661155634185,-59.724390742214155
7617,0,normal,0.10591346770524979,0.3128057191207953,-60.008748274377695
7618,0,normal,0.05813831835985184,0.3110519290588629,-60.2472550614234
7619,0,normal,0.035692665725946426,0.3119497776594289,-60.31044219593559
7620,0,normal,0.033006977289915085,0.3109158312190497,-60.389085199692545
7621,0,normal,0.027116937562823296,0.31337005034235,-60.4963855384201
7622,0,normal,0.03525735065340996,0.31261190695207774,-60.6078395410525
7623,0,normal,0.08005189150571823,0.31104396164659737,-60.44043666834409
7624,0,normal,0.01025147084146738,0.31183389403103534,-60.63468629960789
7625,0,normal,0.007375912740826607,0.31111744652691764,-60.703069866183114
7626,0,normal,0.005736757535487413,0.3122930543925346,-60.74983466721983
7627,0,normal,0.004864593502134085,0.3118432227116981,-60.79335047151085
7628,0,normal,0.005989592522382736,0.3117310986601879,-60.82501887697822
7629,0,normal,0.005167621187865734,0.3119370469794601,-60.84171014380581
7630,0,normal,0.005631978623569012,0.3137000144411047,-60.81827292827984
7631,0,normal,0.005516466684639454,0.31231620939280524,-60.83961330539364
7632,0,normal,0.018892062827944756,0.31289831727528583,-60.68346235045033
7633,0,normal,0.10538274794816971,0.31441570705210165,-60.8588573128734
7634,0,normal,0.06102326139807701,0.3142866468017735,-61.181422650725835
7635,0,normal,0.05191030353307724,0.3136526210727486,-61.22090599877424
7636,0,normal,0.037963707000017166,0.3132381105931765,-61.291208839410274
7637,0,normal,0.038571711629629135,0.3142287856594535,-61.356737176379056
7638,0,normal,0.06163392961025238,0.3122393254608706,-61.309007518764474
7639,0,normal,0.011731813661754131,0.31304389120636184,-61.47988226400025
7640,0,normal,0.008382221683859825,0.31381046615497143,-61.47420816656563
7641,0,normal,0.0056532868184149265,0.31318543079372146,-61.466761624946685
7642,0,normal,0.00497423904016614,0.3136161819712805,-61.45066200857582
7643,0,normal,0.005495644640177488,0.3131726572753335,-61.34569583122607
7644,0,normal,0.004568393807858229,0.3130772610139103,-61.23140979041773
7645,0,normal,0.004705500323325396,0.31268630004521075,-61.059920232469494
7646,0,normal,0.004775350447744131,0.3130693602797242,-60.93031745819644
7647,0,normal,0.005623703356832266,0.31316959261156435,-60.871500468852446
7648,0,normal,0.01903226040303707,0.31459744064281603,-60.643907287562115
7649,0,normal,0.017880523577332497,0.3154841447441458,-60.38231940249693
7650,0,normal,0.10519099980592728,0.3142605432720289,-60.539683998574446
7651,0,normal,0.07153842598199844,0.31303971027263705,-60.709530612384924
7652,0,normal,0.05007321387529373,0.31324228241062313,-60.97264240772324
7653,0,normal,0.03424575924873352,0.31245830656815127,-61.23569135193793
7654,0,normal,0.03325720503926277,0.31256471458138285,-61.37842978869912
7655,0,normal,0.03147335350513458,0.3136290473795655,-61.52584266634631
7656,0,normal,0.046422816812992096,0.31304156263242783,-61.533594862152086
7657,0,normal,0.01193924993276596,0.31327116722998527,-61.52415359203178
7658,0,normal,0.006274914834648371,0.31315887444901513,-61.53190494673345
7659,0,normal,0.005516082979738712,0.31434271529802804,-61.51241688189907
7660,0,normal,0.004999694414436817,0.3127061100395361,-61.47635290125913
7661,0,normal,8.857635498046875,0.33055621525577367,-29.06399403968385
7662,0,normal,0.0613357275724411,0.33875494497437525,-29.03756527451901
7663,0,normal,2.964385509490967,0.3515733555034112,-1.3180137275069228
7664,0,normal,0.1899775266647339,0.37456303957321796,-0.8251558006447794
7665,0,normal,0.13229890167713165,0.37499412317018405,0.45677778230287913
7666,0,normal,0.15376242995262146,0.3758134110843599,1.7552973528681832
7667,0,normal,0.16531270742416382,0.38377818513830514,3.1071798489128923
7668,0,normal,0.15667618811130524,0.39638452903546884,4.679263066099111
7669,0,normal,0.10235513746738434,0.3921751512274488,6.824359526264288
7670,0,normal,0.14892928302288055,0.3948470068911089,8.887093954985858
7671,0,normal,0.4918726086616516,0.4029617364420799,10.944471252954372
7672,0,normal,1.4298298358917236,0.4031658943966664,13.247460293777749
7673,0,normal,1.4089691638946533,0.4241781674995967,40.890839475089024
7674,0,normal,0.45356830954551697,0.429864943034653,40.25064107969979
7675,0,normal,1.298897385597229,0.4470564345461072,46.126211414270074
7676,0,normal,1.2389726638793945,0.4407981912559139,54.43744768315355
7677,0,normal,0.03196002170443535,0.42595603475421284,54.368073807431074
7678,0,normal,0.014719062484800816,0.448485827996221,54.236593764580675
7679,0,normal,0.0068116034381091595,0.4356726955611733,54.15017614074236
7680,0,normal,0.006095840595662594,0.43462034042099384,54.211020016386556
7681,0,normal,0.00761753972619772,0.42804271061728194,54.27181614096207
7682,0,normal,0.007100456394255161,0.4414973164541156,54.39818938769736
7683,0,normal,0.006723498459905386,0.41768696996966787,54.509744901612976
7684,0,normal,0.006334591191262007,0.43727759910619163,54.83422066874027
7685,0,normal,0.013534019701182842,0.4561889459563385,55.39532847717305
7686,0,normal,0.03199358284473419,0.4409033943511481,55.72766973393641
7687,0,normal,0.026064181700348854,0.4454820224294604,56.223778259666915
7688,0,normal,0.08745363354682922,0.4656369095118779,57.05781581362271
7689,0,normal,0.06099943816661835,0.4386756932738184,57.924294487932
7690,0,normal,0.045666228979825974,0.44608595513613314,58.822235433678316
7691,0,normal,0.015749895945191383,0.4315432331018084,30.435240783200697
7692,0,normal,0.014222606085240841,0.41814112347878507,31.46900831997732
7693,0,normal,0.012452472932636738,0.40082797685510285,4.04548971583813
7694,0,normal,0.006815755274146795,0.3986332269190232,2.393744697865486
7695,0,normal,0.006754775531589985,0.4001634054148668,0.8456320788036464
7696,0,normal,0.007639062590897083,0.38439242216152797,-0.7743604245545157
7697,0,normal,0.015271391719579697,0.37860379216375933,-2.398377518999723
7698,0,normal,0.02050117962062359,0.3805435891544476,-3.705117690270299
7699,0,normal,0.024125784635543823,0.3592014473028944,-5.63675404654964
7700,0,normal,0.007147455122321844,0.376216039544104,-8.107843230794288
7701,0,normal,0.007384430151432753,0.355782699508889,-10.932057950833041
7702,0,normal,0.004889172501862049,0.35769496973176795,-14.286823289103722
7703,0,normal,0.006832118146121502,0.3269354221808784,-45.423320063493065
7704,0,normal,0.006033597979694605,0.3247390795103028,-45.507128132765956
7705,0,normal,0.0073569356463849545,0.31958704975081137,-52.108400477687155
7706,0,normal,0.017636867240071297,0.3121178946545968,-61.33785857999965
7707,0,normal,0.0268386360257864,0.3132060717790718,-61.44203214533445
7708,0,normal,0.015107591636478901,0.31245903125534313,-61.54656822306788
7709,0,normal,0.009225540794432163,0.313272059282359,-61.650496071277075
7710,0,normal,0.012842169962823391,0.31265289926190687,-61.608627808488336
7711,0,normal,0.008618157356977463,0.31204575222088854,-61.63408993454709
7712,0,normal,0.03860853984951973,0.31323717551843816,-61.28034086456796
7713,0,normal,0.023054126650094986,0.31330742312710463,-60.89302011385507
7714,0,normal,0.015184137970209122,0.3138364197944787,-60.51551188288295
7715,0,normal,0.007224727421998978,0.3132078966931282,-60.29628044485412
7716,0,normal,0.0052187396213412285,0.3158004917593037,-60.039568686192524
7717,0,normal,0.00565637182444334,0.3135214176531444,-59.82220645385246
7718,0,normal,0.014588198624551296,0.31198022377241497,-59.72640158323884
7719,0,normal,0.02597232162952423,0.3132749563148694,-59.98628367537208
7720,0,normal,0.08474240452051163,0.31477182812255455,-60.245831268039865
7721,0,normal,0.058563824743032455,0.3132440393147,-60.300251438888836
7722,0,normal,0.039598215371370316,0.3132757738515879,-60.3931303913746
7723,0,normal,0.03472946211695671,0.3125881721893805,-60.46142872648397
7724,0,normal,0.03195371851325035,0.3123312312808614,-60.54360208282128
7725,0,normal,0.031105270609259605,0.3111441325451023,-60.64510318739258
7726,0,normal,0.04816737398505211,0.3117567303178201,-60.60544011340494
7727,0,normal,0.01897537335753441,0.3122584150792751,-60.53184347584829
7728,0,normal,0.009005868807435036,0.31123995136110716,-60.56731599034924
7729,0,normal,0.016331136226654053,0.31420285004584264,-60.526036395267965
7730,0,normal,0.004558182787150145,0.3143771977258874,-60.55930344189869
7731,0,normal,0.004673982970416546,0.3120888808578614,-60.57795590908108
7732,0,normal,0.005072649102658033,0.3120203154150114,-60.544064896234204
7733,0,normal,0.013912704773247242,0.3126380899456155,-60.38126548012838
7734,0,normal,0.004903594497591257,0.3132930108547497,-60.39314894732547
7735,0,normal,0.10537689179182053,0.3136587834031822,-60.49409520429458
7736,0,normal,0.0644289180636406,0.31505306455101967,-60.679684141578036
7737,0,normal,0.04723357781767845,0.3151776084752089,-60.72371165323011
7738,0,normal,0.0316818505525589,0.3145118765741625,-60.81791795472486
7739,0,normal,0.029589150100946426,0.3144243566803281,-60.932682550231675
7740,0,normal,0.0420379638671875,0.3157881046886547,-61.06216338839363
7741,0,normal,0.09375829249620438,0.3135241619165266,-60.868896843014454
7742,0,normal,0.015156074427068233,0.3148264042985273,-60.99564522422884
7743,0,normal,0.006369240581989288,0.31412551433339625,-61.12777138329466
7744,0,normal,0.005047313403338194,0.31323686626117847,-61.21313167035032
7745,0,normal,0.006903798785060644,0.31330839961057816,-61.11859583789442
7746,0,normal,0.006545637734234333,0.31409738561164474,-60.92944686495275
7747,0,normal,0.004503070376813412,0.3142229445504351,-60.751491037353844
7748,0,normal,0.005027563776820898,0.31492498613267844,-60.61508771506897
7749,0,normal,0.004974773619323969,0.3146612729612993,-60.35224998953595
7750,0,normal,0.005130863282829523,0.3150305508881748,-60.30043722641972
7751,0,normal,0.0058242990635335445,0.31440826597236204,-60.293878312627385
7752,0,normal,0.017070382833480835,0.3141061252310517,-60.144220037364676
7753,0,normal,0.011532921344041824,0.3136674500024961,-60.05633992628373
7754,0,normal,0.09369619190692902,0.3145128996945058,-60.286448923694934
7755,0,normal,0.03880942240357399,0.31364459522632854,-60.59129286973939
7756,0,normal,0.02083732560276985,0.3123698848787536,-60.81511853869256
7757,0,normal,0.02025924250483513,0.31381802605927195,-61.05047815433727
7758,0,normal,0.01981481909751892,0.3136357344646009,-61.26002722313751
7759,0,normal,0.09323117882013321,0.31548185827397235,-61.01053396315092
7760,0,normal,0.014543887227773666,0.3133542207962516,-60.84159480419362
7761,0,normal,0.015656637027859688,0.3130927179989447,-60.558843824745054
7762,0,normal,0.010385675355792046,0.31467064637885134,-60.27374732972589
7763,0,normal,0.010141393169760704,0.3158965595786571,-60.03544153031112
7764,0,normal,0.021573232486844063,0.3143662101545542,-59.51817791594408
7765,0,normal,0.004691684618592262,0.3147932056027889,-59.41113356153414
7766,0,normal,0.005628715269267559,0.31308840945130595,-59.366996881110936
7767,0,normal,0.007490154821425676,0.31490326671418123,-59.35631383027271
7768,0,normal,0.007999930530786514,0.31271207087792063,-59.334662214517266
7769,0,normal,0.010710121132433414,0.313922447087802,-59.29934299609408
7770,0,normal,0.015401058830320835,0.3123641983736254,-59.30323051023993
7771,0,normal,0.013434301130473614,0.3145577819973956,-59.25267366616822
7772,0,normal,8.813167572021484,0.3295699215147956,-26.837313172331278
7773,0,normal,0.11672204732894897,0.33975325862074274,-26.57518357875938
7774,0,normal,1.8970637321472168,0.34376529974301706,-14.182813868337234
7775,0,normal,1.7872624397277832,0.3708079218788807,10.87099534054937
7776,0,normal,0.1894645094871521,0.3755101515369216,12.093791341081442
7777,0,normal,14.88020133972168,0.3972595894468394,64.6582216131078
7778,0,normal,0.31978997588157654,0.40897423880976436,66.34944735060981
7779,0,normal,13.782352447509766,0.4242262221803294,117.94345966921492
7780,0,normal,0.32074227929115295,0.44772060843777395,119.46378500978437
7781,0,normal,0.7596685290336609,0.4268503282134748,119.49224593441386
7782,0,normal,0.696931004524231,0.44287087215873155,121.18828514424672
7783,0,normal,1.2982134819030762,0.4326636019234054,122.93734183252047
7784,0,normal,1.7435085773468018,0.4758772883122671,147.42513329670476
7785,0,normal,0.3683025538921356,0.4754471314789475,148.3190321894051
7786,0,normal,2.2732608318328857,0.4865852935525599,160.67950579805586
7787,0,normal,0.025956209748983383,0.479046125058752,160.64610345581684
7788,0,normal,0.008336937054991722,0.4652450546199886,160.3293389393251
7789,0,normal,0.051568035036325455,0.47854710941193396,159.77191141657056
7790,0,normal,0.04905044659972191,0.4697157012902649,159.56771245065056
7791,0,normal,0.04691042751073837,0.45671254677411,159.3815864904642
7792,0,normal,0.03402027487754822,0.4882361057217379,159.30361991469044
7793,0,normal,0.02436237782239914,0.4700539371000039,159.1756886398341
7794,0,normal,0.022508934140205383,0.46750032069568137,159.04135107133857
7795,0,normal,0.005343208555132151,0.4510530825731303,159.16090578250305
7796,0,normal,0.0042158071883022785,0.48758905876369607,159.41572969285426
7797,0,normal,0.004953264258801937,0.4959067133079696,159.75592036001547
7798,0,normal,0.0036617598962038755,0.47763743971753303,160.21636916495004
7799,0,normal,0.006346576847136021,0.4775705124917581,160.866763778282
7800,0,normal,0.0075780716724693775,0.4791007756545517,161.7799355337628
7801,0,normal,0.0039049843326210976,0.4688740475440882,162.69861757459182
7802,0,normal,0.004204784519970417,0.47078425055581885,137.16620308097447
7803,0,normal,0.009769324213266373,0.4632401408670932,138.12214778049417
7804,0,normal,0.005743921268731356,0.4419753689984135,127.14938255269908
7805,0,normal,0.008241282775998116,0.4304476717007224,103.9646356839728
7806,0,normal,0.10344520211219788,0.44621780128171923,101.94369605906968
7807,0,normal,0.057446692138910294,0.410115156625636,51.52272763206361
7808,0,normal,0.029502712190151215,0.4034877598840867,49.21569404050251
7809,0,normal,0.02248055674135685,0.3830055962023486,-6.263715957651129
7810,0,normal,0.022564619779586792,0.36462382857585784,-8.666002650483051
7811,0,normal,0.06954426318407059,0.38097198392134207,-8.225742877501716
7812,0,normal,0.020916970446705818,0.3629063701739944,-10.88293768193239
7813,0,normal,0.01946212910115719,0.3533269031276472,-13.683836805201508
7814,0,normal,0.005824223626405001,0.32721735077959035,-44.13499096657324
7815,0,normal,0.006001184228807688,0.3223745114586729,-46.65616896907818
7816,0,normal,0.008503864519298077,0.31248148823057204,-62.34746006925798
7817,0,normal,0.005233365576714277,0.31330456450446814,-62.14169352786416
7818,0,normal,0.005986529402434826,0.3137464340342029,-61.84735662303069
7819,0,normal,0.006274423096328974,0.31509585103901117,-61.63226766389653
7820,0,normal,0.011585038155317307,0.3128762337906424,-61.37802112559507
7821,0,normal,0.013152643106877804,0.3156588994249044,-61.43086778584143
7822,0,normal,0.09500063210725784,0.3140739518505499,-61.50723595401723
7823,0,normal,0.05363665148615837,0.31369443889751725,-61.614046484542314
7824,0,normal,0.041105758398771286,0.3125117775250305,-61.749096678915976
7825,0,normal,0.03178505599498749,0.31327870759183174,-61.79885417438618
7826,0,normal,0.03117942623794079,0.3129064731696611,-61.85205340250468
7827,0,normal,0.014979943633079529,0.31222970759834867,-61.927785501421795
7828,0,normal,0.04941439628601074,0.31220227317717814,-61.67838673426877
7829,0,normal,0.00711467070505023,0.3125417903460137,-61.61387048032407
7830,0,normal,0.00576061150059104,0.3124684908811076,-61.562589323566954
7831,0,normal,0.010759694501757622,0.31317102645648676,-61.32787015872327
7832,0,normal,0.0054717701859772205,0.3130743848594977,-61.247461296850815
7833,0,normal,0.005401067901402712,0.31202687930039646,-61.24221680733149
7834,0,normal,0.005756891332566738,0.3133721449078586,-61.15574520343921
7835,0,normal,0.005567785352468491,0.31398496019426697,-61.11983263706907
7836,0,normal,0.005444597452878952,0.31429469577836733,-61.162541895789445
7837,0,normal,0.016609836369752884,0.3133578610530118,-61.05629293340303
7838,0,normal,0.11855009198188782,0.31580642986769275,-61.156859105378544
7839,0,normal,0.0675920769572258,0.31477686539828964,-61.29168427004902
7840,0,normal,0.04376552626490593,0.31244826331221565,-61.47745094293941
7841,0,normal,0.0255318284034729,0.31301798492592053,-61.77413342779869
7842,0,normal,0.022086452692747116,0.314592019466472,-61.992746843945724
7843,0,normal,0.023776335641741753,0.3136919413996083,-62.19737387446003
7844,0,normal,0.09005433320999146,0.31299965478344927,-61.93142838725612
7845,0,normal,0.010168894194066525,0.3134412721595748,-61.88969624487163
7846,0,normal,0.009200157597661018,0.31246170759178943,-61.79248365248668
7847,0,normal,0.008709556423127651,0.31277826197044367,-61.601463309371866
7848,0,normal,0.009951071813702583,0.3140810096780475,-61.351998135360645
7849,0,normal,0.006694685202091932,0.31347301413011003,-61.119455819643235
7850,0,normal,0.006917075254023075,0.3142416609746795,-60.90948382613328
7851,0,normal,0.00706520164385438,0.31558830735539595,-60.57237508321032
7852,0,normal,0.008600639179348946,0.3154014069254046,-60.428033465139606
7853,0,normal,0.007404965814203024,0.31348193062298374,-60.32858694372976
7854,0,normal,0.007066686172038317,0.31334405948364374,-60.29084949244066
7855,0,normal,8.814361572265625,0.3330682381314262,-27.86386527923719
7856,0,normal,0.10544614493846893,0.338370413831462,-27.7259244875288
7857,0,normal,1.8887972831726074,0.345941871334636,-15.223647499266008
7858,0,normal,1.4778954982757568,0.3822757515021214,12.316598853929236
7859,0,normal,0.6942897439002991,0.3772137157313448,12.535645209629138
7860,0,normal,0.21649229526519775,0.3869011741515474,15.007016288545856
7861,0,normal,0.7703081965446472,0.38455229725379775,15.79174397122324
7862,0,normal,0.18658657371997833,0.39842560844648894,18.355225359094902
7863,0,normal,0.18087007105350494,0.40870567621829573,20.295974809766903
7864,0,normal,0.1412143111228943,0.38926121050453144,22.12246650992938
7865,0,normal,0.17595449090003967,0.41032460582953906,23.922597879051636
7866,0,normal,3.1156156063079834,0.4151356917248756,40.42240575617075
7867,0,normal,2.8098812103271484,0.4431462753565772,52.34718320289926
7868,0,normal,0.8073419332504272,0.45118662750260496,51.72831358411872
7869,0,normal,1.2809323072433472,0.4440421930262099,57.34414881881048
7870,0,normal,1.2576113939285278,0.4459686411199997,65.45792156771722
7871,0,normal,0.0352821908891201,0.41862822442063613,65.54759588039383
7872,0,normal,0.012876985594630241,0.4501748771221488,65.3980751644824
7873,0,normal,0.00814618356525898,0.4388197548335264,65.27013440149221
7874,0,normal,0.007230390794575214,0.43830583097756803,65.17650495914268
7875,0,normal,0.008366089314222336,0.44825165864026667,65.32089106501053
7876,0,normal,0.011271429248154163,0.4572093676461096,65.53483620102702
7877,0,normal,0.01464176457375288,0.40498411194560946,65.76866034561795
7878,0,normal,0.021027671173214912,0.439154066575172,66.27008696401799
7879,0,normal,0.07801555842161179,0.4482626817745505,66.50565330501763
7880,0,normal,0.051629550755023956,0.4583024873814588,66.8523182128381
7881,0,normal,0.03747200593352318,0.4535801896971344,67.20924791518246
7882,0,normal,0.0244410689920187,0.4529390177629899,67.83508454033836
7883,0,normal,0.08472849428653717,0.44429415683700346,68.9137545265105
7884,0,normal,0.023875156417489052,0.4374927083568738,70.01245638723935
7885,0,normal,0.03019978664815426,0.422619841261948,42.28621941544543
7886,0,normal,0.006771991495043039,0.43099931233590283,43.17338321307716
7887,0,normal,0.005640591029077768,0.4000036852050893,31.16000522765671
7888,0,normal,0.0053083635866642,0.3949358562887847,2.115680248570243
7889,0,normal,0.005349939689040184,0.3897360852976802,1.6908964635092616
7890,0,normal,0.005541333928704262,0.38125052916754865,-1.345454906126406
7891,0,normal,0.01964707486331463,0.383679731742196,-1.3717115815711622
7892,0,normal,0.006674029398709536,0.3743216087867946,-4.152898776567554
7893,0,normal,0.019094010815024376,0.370098223490286,-5.833527977428275
7894,0,normal,0.005893328692764044,0.37650950504225905,-8.043584433826254
7895,0,normal,0.007689506746828556,0.35081451549696274,-10.487730167785912
7896,0,normal,0.007818929851055145,0.3464306220505823,-29.120563793851716
7897,0,normal,0.03416970744729042,0.32512968622407096,-43.201836378420694
7898,0,normal,0.012849170714616776,0.32449276082254785,-42.92475540931832
7899,0,normal,0.03022618032991886,0.3193141940542662,-48.96383436022688
7900,0,normal,0.0060891564935445786,0.31329288503577196,-58.47492353270104
7901,0,normal,0.03684527426958084,0.31428325794586054,-58.77270386975579
7902,0,normal,0.024213971570134163,0.3145641521274479,-58.99120211598324
7903,0,normal,0.01742168515920639,0.3149019761280124,-59.21832544613267
7904,0,normal,0.017543086782097816,0.3122825071020566,-59.430860215354414
7905,0,normal,0.01672234758734703,0.3131086952621962,-59.51857311692174
7906,0,normal,0.009161065332591534,0.3123175154713361,-59.616524969721695
7907,0,normal,0.00839956384152174,0.3137477560744671,-59.69131295882289
7908,0,normal,0.00685887411236763,0.3132934108615507,-59.8065959365847
7909,0,normal,0.0061487904749810696,0.3148019071694201,-59.796929825135294
7910,0,normal,0.011310838162899017,0.31366659029687544,-59.72472163001794
7911,0,normal,0.0060844519175589085,0.31456620905806104,-59.84646042211125
7912,0,normal,0.12730148434638977,0.3120806604515881,-59.999330756929794
7913,0,normal,0.08054859936237335,0.3121081700672875,-60.23845886637628
7914,0,normal,0.06020398065447807,0.3135256895083192,-60.40016188714958
7915,0,normal,0.04753216728568077,0.31224651000875636,-60.66727065899249
7916,0,normal,0.03882769122719765,0.31517583712019853,-60.743988329940294
7917,0,normal,0.05380659177899361,0.3127460819009159,-60.756645040027934
7918,0,normal,0.04092923924326897,0.3133780146266197,-60.82179389028124
7919,0,normal,0.03352522477507591,0.31267741907610275,-60.95932380296995
7920,0,normal,0.008479278534650803,0.31284827426841383,-61.11884753733693
7921,0,normal,0.006745459046214819,0.3131570852236654,-61.36541980866991
7922,0,normal,0.008374908939003944,0.31295271916062695,-61.55213037551607
7923,0,normal,0.0075838821940124035,0.311683140094343,-61.834280846674346
7924,0,normal,0.004708943422883749,0.3126492301824027,-61.953252462493765
7925,0,normal,0.00453420402482152,0.31416769490981594,-62.07213601347871
7926,0,normal,0.006060436367988586,0.3135035823457127,-62.19689912434001
7927,0,normal,0.07694538682699203,0.31541387456349407,-62.523768665938405
7928,0,normal,0.04973841831088066,0.3143578124894679,-62.71725238375302
7929,0,normal,0.07838492095470428,0.31602796843271597,-62.90387364816297
7930,0,normal,0.06488365679979324,0.31477882557714126,-62.796759028978386
7931,0,normal,0.05711110681295395,0.31505698069583477,-62.66627822135615
7932,0,normal,0.04495130106806755,0.31423195524573483,-62.58856574752372
7933,0,normal,0.013948497362434864,0.3134155275615636,-62.67942589888298
7934,0,normal,0.01144178956747055,0.3149038123251737,-62.781582053896955
7935,0,normal,0.012910891324281693,0.3157561229146779,-62.77660861887102
7936,0,normal,0.005773287266492844,0.31632507887046457,-62.73640550085929
7937,0,normal,0.005027529317885637,0.31656576733558406,-62.6554917490796
7938,0,normal,0.014440475031733513,0.3146194377339135,-62.33936111383218
7939,0,normal,0.027952872216701508,0.3154917986065026,-61.76983730257234
7940,0,normal,0.00590998400002718,0.3166608043738323,-61.4408479450974
7941,0,normal,0.006037796847522259,0.3175876199118441,-61.015488494901774
7942,0,normal,0.006039798725396395,0.3193709474756501,-60.844526005334046
7943,0,normal,0.006814271677285433,0.32222099119495434,-60.732103463628164
7944,0,normal,0.007069795858114958,0.3164037038890533,-60.68606779484412
7945,0,normal,0.005643982440233231,0.31634904058867497,-60.72095052885766
7946,0,normal,0.013956824317574501,0.31529901969437507,-60.63979921763257
7947,0,normal,0.10023897886276245,0.31806358494531195,-60.96513266625652
7948,0,normal,0.0556919127702713,0.3135231560182433,-61.28036051251411
7949,0,normal,0.03959816321730614,0.3151999751428465,-61.30962482875361
7950,0,normal,0.032679375261068344,0.31398590479236,-61.333669361554485
7951,0,normal,0.028674470260739326,0.3162863001368008,-61.350109870031474
7952,0,normal,0.10580319166183472,0.31378102545397984,-60.91721038277478
7953,0,normal,0.017603926360607147,0.3134663655034553,-60.6279345795067
7954,0,normal,0.008767747320234776,0.31418150293448655,-60.340163691242424
7955,0,normal,0.0060434164479374886,0.3131444387861308,-60.04327265752886
7956,0,normal,0.007560605648905039,0.3168568398228393,-59.66202886403926
7957,0,normal,0.009259868413209915,0.31427273222195434,-59.38484618311804
7958,0,normal,0.010078498162329197,0.31507720914471943,-59.10558719738265
7959,0,normal,0.008701836690306664,0.3148387599811017,-59.05555645858544
7960,0,normal,0.00644548749551177,0.3149004915334642,-59.13739637882031
7961,0,normal,0.008646838366985321,0.3125794642662524,-59.25936198240902
7962,0,normal,0.008423893712460995,0.31404204759230425,-59.39433558521546
7963,0,normal,8.830827713012695,0.330457902392869,-26.815830608998567
7964,0,normal,0.110249824821949,0.3372140579325957,-26.559805293680256
7965,0,normal,1.6905730962753296,0.33309416872736536,-27.039955847476676
7966,0,normal,1.3392064571380615,0.35985425371706486,0.05905609413593993
7967,0,normal,0.2021915167570114,0.35471125178534585,1.26381959379205
7968,0,normal,0.5990896224975586,0.37914911464421824,0.940346788833267
7969,0,normal,0.16195978224277496,0.3813203004594005,2.722539687453036
7970,0,normal,0.14172668755054474,0.3722507891616837,4.4104817901725255
7971,0,normal,0.12241789698600769,0.39680014295764277,6.398478855026951
7972,0,normal,0.7249007821083069,0.3773072001997183,6.286630669862234
7973,0,normal,6.401248931884766,0.40136583565396045,33.478432505534784
7974,0,normal,0.5514832735061646,0.4131020741145535,32.79888041927461
7975,0,normal,0.694525420665741,0.41510118321393114,33.36275884742986
7976,0,normal,1.7788423299789429,0.4132959630392284,47.42803582888314
7977,0,normal,0.04368156939744949,0.4164692269688505,47.1328864752079
7978,0,normal,0.018630733713507652,0.4361343517772732,46.89731652435444
7979,0,normal,0.015214839950203896,0.4231663240068467,46.37228260714869
7980,0,normal,0.013279123231768608,0.41340535948722523,46.01655261247333
7981,0,normal,0.011614884249866009,0.42114954635056556,45.77805740489703
7982,0,normal,0.010554065927863121,0.4216783573181538,45.56981599410483
7983,0,normal,0.01020148117095232,0.425901908534911,45.438396316123544
7984,0,normal,0.010402939282357693,0.42117464933159227,45.38877235760356
7985,0,normal,0.010905743576586246,0.40332632973044547,45.34339228614522
7986,0,normal,0.011482027359306812,0.4192590935565194,45.35367884768834
7987,0,normal,0.011993483640253544,0.4153801306641849,45.37667403529099
7988,0,normal,0.01239741314202547,0.4357295539060985,45.55304300520197
7989,0,normal,0.01271290984004736,0.42106355718188426,45.69388985721935
7990,0,normal,0.01297778356820345,0.4255433567841865,46.043994354811275
7991,0,normal,0.013218927197158337,0.4340550702229354,46.56580587077883
7992,0,normal,0.013442788273096085,0.40472874921173974,47.1865435148859
7993,0,normal,0.013596379198133945,0.40671274228841425,18.061831425690798
7994,0,normal,0.013766569085419178,0.4081192159575023,18.764765273709827
7995,0,normal,0.013878969475626945,0.41100587993697657,19.98682728150402
7996,0,normal,0.013892299495637417,0.3777562715340619,-7.918001146845199
7997,0,normal,0.014018340967595577,0.3755911903106211,-10.27038743734056
7998,0,normal,0.014027987606823444,0.3794822776517085,-9.778746889044669
7999,0,normal,0.014182868413627148,0.362316498861121,-12.22306148048051
8000,0,normal,0.014381608925759792,0.36019647696856044,-15.008777624839013
8001,0,normal,0.04785929620265961,0.3598529521609171,-17.777266729812254
8002,0,normal,0.03713700547814369,0.3529172143261023,-17.350547631813015
8003,0,normal,0.011884214356541634,0.3278422180290702,-47.304562057962585
8004,0,normal,0.006506342440843582,0.32640009370867235,-46.88835227080858
8005,0,normal,0.00500188022851944,0.3212685087196198,-47.77381351347776
8006,0,normal,0.006206968799233437,0.31379100321737924,-63.4425817763879
8007,0,normal,0.006844692397862673,0.312026247388974,-63.19909327272626
8008,0,normal,0.011140095070004463,0.31219769321490465,-62.894951732230766
8009,0,normal,0.021610017865896225,0.31339452037582666,-62.4597042716116
8010,0,normal,0.0896788090467453,0.31497582699139415,-62.429918484780046
8011,0,normal,0.04808774217963219,0.31355936788747585,-62.420024613414625
8012,0,normal,0.02947053126990795,0.3127859001860479,-62.43045577772
8013,0,normal,0.02905513346195221,0.3128065597076706,-62.43995790138024
8014,0,normal,0.0549878291785717,0.3137050153190348,-62.37852983770176
8015,0,normal,0.0541008785367012,0.31257490587221953,-62.29412546153958
8016,0,normal,0.025357604026794434,0.31352744229685564,-62.27777651608221
8017,0,normal,0.01737106405198574,0.31435820831112843,-62.169656385632834
8018,0,normal,0.010001884773373604,0.31341194166237674,-62.13370948434567
8019,0,normal,0.008447272703051567,0.31565146921297116,-62.09243611937541
8020,0,normal,0.011536534875631332,0.3125441679997679,-62.081077542378125
8021,0,normal,0.01207481138408184,0.31248758804433363,-62.083812892073865
8022,0,normal,0.012176507152616978,0.31201549468758827,-62.095342929026174
8023,0,normal,0.007583108264952898,0.31266294685327184,-62.09576337893054
8024,0,normal,0.05396852642297745,0.31254936935735345,-62.112509681379606
8025,0,normal,0.04565844684839249,0.31321665408870275,-62.13351113110048
8026,0,normal,0.11145192384719849,0.3165532992724885,-61.96097076803267
8027,0,normal,0.06118609383702278,0.31477087926132874,-61.882427274988004
8028,0,normal,0.05102720111608505,0.31515773385224954,-61.8407402356147
8029,0,normal,0.04923724755644798,0.3153320928683315,-61.82520435839092
8030,0,normal,0.01620868779718876,0.3144611309750088,-61.999288118858885
8031,0,normal,0.013750242069363594,0.3146232257376627,-62.33493464390017
8032,0,normal,0.01126303430646658,0.3139188905155706,-62.64050460567091
8033,0,normal,0.006568077951669693,0.3166292347073303,-62.77331736853034
8034,0,normal,0.010038968175649643,0.31651269630926815,-62.91387360996555
8035,0,normal,0.007153401616960764,0.31399282061761574,-62.99179716875392
8036,0,normal,0.007708096876740456,0.31487008742993955,-63.061600802608154
8037,0,normal,0.005544766783714294,0.31677611575011755,-63.08011716331271
8038,0,normal,0.004396863281726837,0.31632443609158617,-63.06497165225369
8039,0,normal,0.004601418040692806,0.3173309232713076,-63.09406553326244
8040,0,normal,0.004695475101470947,0.31728904944998554,-62.98957458698237
8041,0,normal,0.005719167646020651,0.3172849543931415,-62.848252047299184
8042,0,normal,0.013917014934122562,0.3153537917340942,-62.56560751850475
8043,0,normal,0.06640869379043579,0.3168624344269507,-62.61824064813118
8044,0,normal,0.04393436759710312,0.3152669799161893,-62.84945507144289
8045,0,normal,0.024919891729950905,0.3136291770654847,-63.175745108332194
8046,0,normal,0.01695214956998825,0.31373614900652413,-63.22065633872876
8047,0,normal,0.02984708547592163,0.3129062977513135,-63.07687135643823
8048,0,normal,0.07191623747348785,0.3146532590144029,-62.43048284875772
8049,0,normal,0.02021344006061554,0.31384795680541966,-61.93863348470245
8050,0,normal,0.007418362889438868,0.3148099007225351,-61.561684479998576
8051,0,normal,0.008895326405763626,0.31494872439914096,-61.14310543831061
8052,0,normal,0.010190054774284363,0.3163617398762799,-60.69718740919143
8053,0,normal,0.008647936396300793,0.3161779590670964,-60.25984681525483
8054,0,normal,0.021543188020586967,0.31479792630640097,-59.79140442142602
8055,0,normal,0.008731993846595287,0.314829977254762,-59.50024404555279
8056,0,normal,0.010755875147879124,0.31777985684331683,-59.56297990108192
8057,0,normal,0.014579339884221554,0.3171372357730321,-59.531612539680054
8058,0,normal,0.009995553642511368,0.31569709769162335,-59.592713552950954
8059,0,normal,0.008828498423099518,0.31372395259482116,-59.74170505378038
8060,0,normal,8.798283576965332,0.3322686723927866,-27.354856620902638
8061,0,normal,0.1116844192147255,0.3365482114390174,-27.02098287255967
8062,0,normal,1.6837700605392456,0.33289608938410753,-27.420272031201648
8063,0,normal,1.9615644216537476,0.35277865825845817,-15.259129689183737
8064,0,normal,0.9819162487983704,0.3636481408446304,13.023192647509859
8065,0,normal,0.3335093855857849,0.3902980671445708,15.003675628524661
8066,0,normal,0.18083609640598297,0.40283842676577275,17.54970161134338
8067,0,normal,0.10979915410280228,0.38998098128596725,19.358357000176056
8068,0,normal,0.13681383430957794,0.4087435556111948,21.10281381638174
8069,0,normal,0.11758384853601456,0.39858827462801766,23.040032715800635
8070,0,normal,0.1086229458451271,0.40334758479396604,24.950838457383497
8071,0,normal,0.21302244067192078,0.409919599277976,26.77556439293994
8072,0,normal,0.6507051587104797,0.417129575535578,28.562059567949973
8073,0,normal,2.455296754837036,0.44171336209765494,55.212059915269265
8074,0,normal,0.45628228783607483,0.447344777315297,54.43148115184704
8075,0,normal,2.0393455028533936,0.46877262461579405,68.30929522314977
8076,0,normal,0.03530440852046013,0.4417951808553467,68.44416639472047
8077,0,normal,0.013114554807543755,0.4395034561041487,68.2648111060007
8078,0,normal,0.01278263796120882,0.4584675105014305,67.97335131978775
8079,0,normal,0.004171757027506828,0.4407460299452912,67.80842908981572
8080,0,normal,0.004220650065690279,0.43710744321518213,67.77411000655002
8081,0,normal,0.004259556066244841,0.4536733387135491,67.83339250458243
8082,0,normal,0.03154488652944565,0.4366532104829169,67.66519428848096
8083,0,normal,0.0617331936955452,0.44684716508567063,67.72390065947934
8084,0,normal,0.04353925213217735,0.4336584511117467,67.66119965580924
8085,0,normal,0.026833878830075264,0.4616805542225258,67.84386705972224
8086,0,normal,0.03116023913025856,0.4764986865226783,68.21971379295451
8087,0,normal,0.011893324553966522,0.45346481337160355,68.65847392902629
8088,0,normal,0.06109151989221573,0.4602220474182473,69.68904081267465
8089,0,normal,0.009708668105304241,0.4484211395227651,70.82145275272637
8090,0,normal,0.009793423116207123,0.4354350802940256,43.15837988945054
8091,0,normal,0.00751420296728611,0.4357005615838022,44.30805675869851
8092,0,normal,0.008363881148397923,0.44176083772577435,45.6762303034734
8093,0,normal,0.007333440240472555,0.41241446871952014,33.82754471664589
8094,0,normal,0.006084152963012457,0.40191693591544503,5.0574747872385615
8095,0,normal,0.007431084290146828,0.40248735404042874,2.497028953564495
8096,0,normal,0.008132634684443474,0.37736194688180896,-0.18376550907009914
8097,0,normal,0.007456326857209206,0.37446236796793925,-2.1181383952850865
8098,0,normal,0.007094059605151415,0.38398820232503594,-3.688453839105023
8099,0,normal,0.007526780478656292,0.36167541688521776,-5.659331915977873
8100,0,normal,0.006920758634805679,0.3738682472713461,-8.105008367998153
8101,0,normal,0.007148914039134979,0.3575964049726311,-10.796733255400568
8102,0,normal,0.02423795498907566,0.34828941668634145,-13.831514046834627
8103,0,normal,0.021137405186891556,0.3241766901101541,-44.511806237805786
8104,0,normal,0.01538652554154396,0.3221939344806741,-44.62594516957506
8105,0,normal,0.011505049653351307,0.31345107037349157,-60.75064444916802
8106,0,normal,0.015780318528413773,0.3124666903866512,-61.03168284081494
8107,0,normal,0.017627082765102386,0.31198415186421097,-61.19498868464734
8108,0,normal,8.724984169006348,0.3309682236001891,-28.82377780994193
8109,0,normal,0.08129633963108063,0.3382516181015511,-28.621447520366473
8110,0,normal,1.739863395690918,0.32985625483545866,-29.007183477385524
8111,0,normal,3.840804100036621,0.34095850708812053,-29.852968416842486
8112,0,normal,1.620530128479004,0.33953355242373173,-3.873888627025053
8113,0,normal,0.3867487907409668,0.3556960576851761,-1.7033035480674243
8114,0,normal,0.7320045828819275,0.3788168161606937,-0.17603583735763095
8115,0,normal,0.2152615636587143,0.3644189216137802,3.109430919577335
8116,0,normal,0.16639059782028198,0.37672369191455835,6.467956044977882
8117,0,normal,8.040929794311523,0.39284074674199715,35.623513873314096
8118,0,normal,0.3518226742744446,0.3957100694071023,35.984500841533645
8119,0,normal,0.8644276857376099,0.41549086211253394,36.20028577767221
8120,0,normal,0.935197114944458,0.40540138188421493,37.17521751543745
8121,0,normal,0.9096803069114685,0.40085055527979474,36.82601804455271
8122,0,normal,1.2733968496322632,0.4150604329076835,42.6574966716762
8123,0,normal,1.4786852598190308,0.41723727466760835,50.6684672270228
8124,0,normal,0.02469327300786972,0.4130875468684151,50.426761943182555
8125,0,normal,0.015764376148581505,0.4250371737228932,50.03496043511814
8126,0,normal,0.019438430666923523,0.4256833421872229,49.70935931020426
8127,0,normal,0.01997256465256214,0.4205941813224993,49.5831562749504
8128,0,normal,0.020084969699382782,0.41086334416355497,49.55846327227414
8129,0,normal,0.017185423523187637,0.4353097878103235,49.59980717059466
8130,0,normal,0.010244500823318958,0.3999410469792367,49.66969535380099
8131,0,normal,0.10534562915563583,0.4202837564370158,50.00697047696917
8132,0,normal,0.06913112103939056,0.4092903837025904,50.256358901765
8133,0,normal,0.05081944540143013,0.40623079926505257,50.51156309951102
8134,0,normal,0.03100195899605751,0.43903382997196605,50.86926545939241
8135,0,normal,0.027900932356715202,0.4309548660254651,51.2253948340217
8136,0,normal,0.06255849450826645,0.40770092233052685,51.865939067535464
8137,0,normal,0.009544560685753822,0.419808061200651,52.62225762989533
8138,0,normal,0.0050148870795965195,0.39718910230707455,23.95914553532907
8139,0,normal,0.029078053310513496,0.42006466083138266,25.255447270046034
8140,0,normal,0.006676468998193741,0.40879727774893976,26.504853275920368
8141,0,normal,0.005583654623478651,0.3972763629747897,27.967988862154243
8142,0,normal,0.005275021772831678,0.389888162650452,3.556419355329126
8143,0,normal,0.006333774887025356,0.3736109585593337,0.8267248311144613
8144,0,normal,0.0052976771257817745,0.377542699438153,-0.3034720987880064
8145,0,normal,0.01936771720647812,0.36633387173790455,-4.149405589074377
8146,0,normal,0.005403453949838877,0.35592250187881536,-8.5326568884268
8147,0,normal,0.009848893620073795,0.34384290754887287,-40.63348794980061
8148,0,normal,0.010809401981532574,0.326694220411254,-42.31082749805114
8149,0,normal,0.024499021470546722,0.33962455460097424,-42.65069425216916
8150,0,normal,0.07593216001987457,0.3293969114087515,-44.65649838035097
8151,0,normal,0.04703771322965622,0.32652157206279214,-44.76692692373649
8152,0,normal,0.02541399374604225,0.32208219877552674,-51.286672298484746
8153,0,normal,0.02070050686597824,0.3153919333452199,-60.858635843402
8154,0,normal,0.020665733143687248,0.31414607793435967,-60.85767497896495
8155,0,normal,0.09382084757089615,0.3146863798976097,-60.32747891912186
8156,0,normal,0.0157709289342165,0.31640023707246145,-60.0051802472251
8157,0,normal,0.011102504096925259,0.3143818220682518,-59.66157192615947
8158,0,normal,8.843324661254883,0.3324403925422355,-27.03103296925974
8159,0,normal,0.09491465240716934,0.34145124669780746,-26.641329252079913
8160,0,normal,3.040249824523926,0.35117107462505925,1.1596665073370787
8161,0,normal,0.19192683696746826,0.3739511183451052,1.530105783278259
8162,0,normal,0.13445545732975006,0.37362182893074586,2.68620245651573
8163,0,normal,0.13512049615383148,0.376082459179416,3.9558159510374935
8164,0,normal,0.14300787448883057,0.38579478703645836,5.4081046552587395
8165,0,normal,0.13540136814117432,0.3957454706804865,6.925580295416694
8166,0,normal,0.7693119049072266,0.3899645485181886,6.842910589501571
8167,0,normal,0.20207709074020386,0.39544966994016767,8.669204839063696
8168,0,normal,0.4081476628780365,0.39163985381420235,10.498697250866599
8169,0,normal,1.7887767553329468,0.3948818458196512,10.312525738519753
8170,0,normal,1.4612919092178345,0.4127921681212642,37.39005918156636
8171,0,normal,3.4129602909088135,0.42931352664880856,50.75136482537232
8172,0,normal,0.023188799619674683,0.44199941026473266,50.47973777928814
8173,0,normal,0.01940733566880226,0.42545895323324456,50.18421529715852
8174,0,normal,0.01184407714754343,0.42100226765226756,49.60643763655571
8175,0,normal,0.009704120457172394,0.4328709456955469,49.33651759566169
8176,0,normal,0.03619490936398506,0.4309950134580636,49.597239953350254
8177,0,normal,0.014599473215639591,0.4259213624895522,49.84172418599087
8178,0,normal,0.028681904077529907,0.4252065142737416,50.255134385486826
8179,0,normal,0.007920562289655209,0.43897475621451665,50.44634242616894
8180,0,normal,0.019880907610058784,0.41778941022829236,50.90530848560161
8181,0,normal,0.006908806506544352,0.42500691941799973,51.40833293348646
8182,0,normal,0.005597294773906469,0.4390652642218174,52.02356071051099
8183,0,normal,0.006702990736812353,0.4299470844926036,52.53930258000014
8184,0,normal,0.00795443169772625,0.43807691743991495,53.18074732854552
8185,0,normal,0.021761534735560417,0.4455391195293672,54.024245616023336
8186,0,normal,0.008149092085659504,0.42855274005540755,54.782550691842744
8187,0,normal,0.019011130556464195,0.4291950647580721,55.48326640672872
8188,0,normal,0.017622757703065872,0.42085103448627975,26.82559953232203
8189,0,normal,0.011301210150122643,0.39672177464674047,27.836726508018046
8190,0,normal,0.046535227447748184,0.40113628814675256,0.6243925823637255
8191,0,normal,0.010488828644156456,0.3964539477768779,-1.0465571245588308
8192,0,normal,0.01219433918595314,0.38396802777531264,-2.535733322716851
8193,0,normal,0.009798204526305199,0.37177183744272596,-4.353967311903716
8194,0,normal,0.02307957224547863,0.36774104704029964,-5.88814885282568
8195,0,normal,0.010281707160174847,0.3743720080690922,-7.682903583906182
8196,0,normal,0.009147096425294876,0.36311880124047646,-7.0469165027882354
8197,0,normal,0.011986033990979195,0.36300790834864644,-9.384935398933067
8198,0,normal,0.012129921466112137,0.3547177319733855,-12.043446542089214
8199,0,normal,0.015471428632736206,0.34157519224447797,-12.053991006758224
8200,0,normal,0.02851986140012741,0.32378023009488,-42.07856222282567
8201,0,normal,0.01947251334786415,0.312952913005005,-58.07322116357932
8202,0,normal,0.018045205622911453,0.31408950977098976,-58.172885240644746
8203,0,normal,0.013874671421945095,0.31268714471628717,-58.29484813385966
8204,0,normal,0.012285380624234676,0.3154274880882572,-58.44600140895659
8205,0,normal,0.011816688813269138,0.31320670504006753,-58.61903436721923
8206,0,normal,0.03353080153465271,0.3127301756826752,-58.69355105924569
8207,0,normal,0.010281074792146683,0.3146658788978785,-58.771640077740585
8208,0,normal,0.007578909397125244,0.3131597999479338,-58.991559014727045
8209,0,normal,0.007783614099025726,0.31163108638740583,-59.00451493850164
8210,0,normal,0.015466284938156605,0.3120389097152851,-59.021332745455084
8211,0,normal,0.028199777007102966,0.31376769897141826,-59.264128732578
8212,0,normal,0.02744162827730179,0.3129014814982098,-59.49734784793668
8213,0,normal,0.10450255125761032,0.31231965359265995,-59.60736526958681
8214,0,normal,0.055081602185964584,0.31240935350626475,-59.754028737927
8215,0,normal,0.04622809588909149,0.31237758308817737,-59.98320648636832
8216,0,normal,0.02571902796626091,0.31365391990152747,-60.09056752141555
8217,0,normal,0.048515286296606064,0.31581926927370507,-60.12998466494355
8218,0,normal,0.03924304619431496,0.3141719761909264,-60.22851205906909
8219,0,normal,0.036949578672647476,0.31256571692015517,-60.33389492177412
8220,0,normal,0.010743777267634869,0.31355881071762826,-60.63209368898083
8221,0,normal,0.006074658595025539,0.3126400221901769,-60.82964203913889
8222,0,normal,0.005401142407208681,0.3128173709294903,-61.045053821609145
8223,0,normal,0.00466564204543829,0.31185072883850684,-61.23214654844264
8224,0,normal,0.004526281263679266,0.3119658213631217,-61.52108501608495
8225,0,normal,0.004378614015877247,0.31240154798990094,-61.666743991977455
8226,0,normal,0.004752675071358681,0.31301180267651285,-61.751779095631264
8227,0,normal,0.004702163860201836,0.313319663719535,-61.83855453334559
8228,0,normal,0.015488012693822384,0.3142400780087055,-61.735971380399405
8229,0,normal,0.11049362272024155,0.3162944735797838,-61.920526643858466
8230,0,normal,0.09712443500757217,0.31392525773609126,-62.129676400437575
8231,0,normal,0.07622524350881577,0.31421955785558675,-62.03517696341146
8232,0,normal,0.05683976039290428,0.3135168483131084,-61.96247967774161
8233,0,normal,0.06006713956594467,0.3141770459365845,-61.85632064982542
8234,0,normal,0.1541421115398407,0.31429490244589664,-61.58337220964586
8235,0,normal,0.047353558242321014,0.3153174279700783,-61.284664972115706
8236,0,normal,0.019502153620123863,0.3160878545222542,-61.0813729452002
8237,0,normal,0.01250214222818613,0.31629784035499364,-60.789079811983356
8238,0,normal,0.010794376023113728,0.31560594679063003,-60.46188594734622
8239,0,normal,0.010886874049901962,0.31395618782175105,-60.12098709478278
8240,0,normal,0.011624631471931934,0.31725630498546037,-59.81567986709706
8241,0,normal,0.012506444938480854,0.31447698483126435,-59.33062325500623
8242,0,normal,0.013314617797732353,0.3163782351511876,-58.8515016146041
8243,0,normal,0.013966208323836327,0.31794057705210826,-58.660090231848244
8244,0,normal,0.01445254497230053,0.3185188028581979,-58.44173654933297
8245,0,normal,0.01479396317154169,0.31791256832534875,-58.271141454529015
8246,0,normal,0.015024382621049881,0.31559774336299456,-58.03094823999504
8247,0,normal,0.015173190273344517,0.3144357367214431,-57.9607884306356
8248,0,normal,0.015267430804669857,0.313945602886225,-57.90560494942042
8249,0,normal,0.01532662007957697,0.31414206716732734,-57.63546599845813
8250,0,normal,0.011446597054600716,0.31389995187983105,-57.66768678019207
8251,0,normal,0.009225886315107346,0.3148052599205414,-57.690727201717436
8252,0,normal,8.740100860595703,0.3345568466239554,-25.415745890690687
8253,0,normal,0.05268898978829384,0.34021631725147594,-25.543897327495415
8254,0,normal,1.9199905395507812,0.33294965518365544,-25.95649080218459
8255,0,normal,1.33555006980896,0.35906956158842573,1.2777520460649612
8256,0,normal,14.639665603637695,0.37874485510472766,55.50031700484806
8257,0,normal,0.2862366735935211,0.4143781501285042,56.757883530086474
8258,0,normal,0.5722227096557617,0.4003007415310193,56.657843652413476
8259,0,normal,0.2505223751068115,0.3937406977137661,58.05755380058622
8260,0,normal,0.19098077714443207,0.4085803204504855,59.643425527978934
8261,0,normal,5.5792622566223145,0.40711183630111347,85.30710733403339
8262,0,normal,0.4233810603618622,0.4260188033968904,85.9175977665468
8263,0,normal,0.5431009531021118,0.4351453403229258,85.82088508565471
8264,0,normal,0.7785465121269226,0.4378654355059179,85.47299025337747
8265,0,normal,1.829700231552124,0.4407133312469474,98.63478178596529
8266,0,normal,0.09407538920640945,0.44102256588135064,98.37265203259017
8267,0,normal,0.03923146054148674,0.44130134615939715,97.99201544477364
8268,0,normal,0.03354819491505623,0.44135011672218866,97.40355476937748
8269,0,normal,0.1036459356546402,0.42298763235981446,97.47116962703717
8270,0,normal,0.017155129462480545,0.4324627987746804,97.45447313649925
8271,0,normal,0.008224444463849068,0.4401196985262901,97.53405365101116
8272,0,normal,0.016608906909823418,0.43769265252501743,97.64891861616843
8273,0,normal,0.004715529270470142,0.4437685300807819,97.71260021258536
8274,0,normal,0.00666441023349762,0.41902042735727835,97.78931095279177
8275,0,normal,0.008501620963215828,0.4334238767589671,97.99343373143392
8276,0,normal,0.008943627588450909,0.42290113105883737,98.24897583736833
8277,0,normal,0.008029133081436157,0.4438657675683903,98.72069399972406
8278,0,normal,0.008430025540292263,0.45047689869440566,99.1885792930043
8279,0,normal,0.006686481647193432,0.4313070792234513,99.83793841181091
8280,0,normal,0.006618224084377289,0.4461242602498413,100.76833262660648
8281,0,normal,0.016617482528090477,0.43058149679353974,101.90082207001569
8282,0,normal,0.005983663722872734,0.42538569680589255,74.84492740933456
8283,0,normal,0.01175572257488966,0.4342492189793033,76.1545278194883
8284,0,normal,0.02515266463160515,0.4133675854780382,77.65068725702167
8285,0,normal,0.021383829414844513,0.40432880172831503,51.34626576670098
8286,0,normal,0.00743531621992588,0.3843030293930941,-3.7121102671696917
8287,0,normal,0.01190163567662239,0.36586751356869457,-5.77621133394905
8288,0,normal,0.009767027571797371,0.3717139813039463,-5.2378907929448815
8289,0,normal,0.04225139692425728,0.36246181155029805,-7.349039097282912
8290,0,normal,0.01145264133810997,0.3563082950661542,-9.840764738263033
8291,0,normal,0.010108474642038345,0.33392316895461055,-39.74740857578263
8292,0,normal,0.009083392098546028,0.3307161534077288,-42.020547791809804
8293,0,normal,0.010354841127991676,0.32285037818391393,-42.84172583949908
8294,0,normal,0.008353260345757008,0.32461588682072823,-42.71977407245208
8295,0,normal,0.011503591202199459,0.3119122973907026,-58.488239079391406
8296,0,normal,0.008255795575678349,0.31369012315041245,-58.464384062489216
8297,0,normal,0.010048286989331245,0.31302247245963327,-58.411261984693965
8298,0,normal,0.021879004314541817,0.3120468789583373,-58.23900561922733
8299,0,normal,0.06184637174010277,0.3122073317710339,-58.687606831853145
8300,0,normal,8.79100513458252,0.3298451726125885,-26.66700495463533
8301,0,normal,0.14971856772899628,0.3401556383443682,-26.718875736823065
8302,0,normal,1.9907773733139038,0.3300706401735559,-27.144359233529713
8303,0,normal,2.762850284576416,0.3487853721836281,-16.864397323589856
8304,0,normal,0.9268283843994141,0.3569565164813975,11.419636025569616
8305,0,normal,0.2962055206298828,0.3825926395983761,13.079670670688529
8306,0,normal,0.15139847993850708,0.4003559173171527,14.767376976449441
8307,0,normal,0.12262444943189621,0.38154006738060714,16.40954931266515
8308,0,normal,0.7671757936477661,0.3958866735475493,16.443823339076516
8309,0,normal,0.1628856360912323,0.39006606999212584,18.514310367316057
8310,0,normal,0.6541606187820435,0.39083904689057725,18.803978486467713
8311,0,normal,0.2781866788864136,0.3989514540743076,20.761595318718946
8312,0,normal,2.7966768741607666,0.40913613139866983,37.52403435731662
8313,0,normal,2.7373404502868652,0.4443491911317362,50.175527629942735
8314,0,normal,90.81067657470703,0.44671182787425723,326.8352896278584
8315,0,normal,4.5229902267456055,0.4751955254725077,337.1964277276388
8316,0,normal,0.11873729526996613,0.44684873478483705,337.0199692499566
8317,0,normal,0.05418557673692703,0.43740557338997316,336.7233949300669
8318,0,normal,0.10451114922761917,0.45328049600917386,336.4784927996976
8319,0,normal,0.1108178123831749,0.44186795754005603,336.22079452914124
8320,0,normal,0.17662079632282257,0.43319678877494117,336.244245550405
8321,0,normal,0.09765098243951797,0.4708608868237669,336.27794885209437
8322,0,normal,0.07721102237701416,0.44597991212249194,336.3182608246685
8323,0,normal,0.062080174684524536,0.4580386683611851,336.47628835865964
8324,0,normal,0.05047336965799332,0.43360976698927295,336.65523482040976
8325,0,normal,0.03555895388126373,0.4555411457584312,336.9100582519907
8326,0,normal,0.026231348514556885,0.4552431953032395,337.3730027086774
8327,0,normal,0.015540776774287224,0.454071804099453,337.90268135323356
8328,0,normal,0.02845708280801773,0.45592740555048344,338.6679960214574
8329,0,normal,0.006959757301956415,0.45601008838151624,339.5495053802614
8330,0,normal,0.010225892066955566,0.4303586191562078,318.784183698034
8331,0,normal,0.02424042485654354,0.43889021193454725,319.446829790277
8332,0,normal,0.12887899577617645,0.4453958875543533,319.82458206744036
8333,0,normal,0.07660537213087082,0.43056631177397575,312.501908952398
8334,0,normal,0.05463623255491257,0.4095314795206972,290.8431049016008
8335,0,normal,0.03383999317884445,0.403250983422798,288.7882962668059
8336,0,normal,0.01548282615840435,0.3858368667308122,287.23746545545794
8337,0,normal,0.050255969166755676,0.3898977231239634,285.8110134701542
8338,0,normal,0.009941840544342995,0.3812135217084613,286.41469484930315
8339,0,normal,0.008461653254926205,0.3911863169227021,284.7466775521966
8340,0,normal,0.007690079510211945,0.38202077849360283,284.80958126306405
8341,0,normal,0.005832351744174957,0.37054606901225823,282.8133885754794
8342,0,normal,0.004913770128041506,0.3547084701387849,268.79103729209294
8343,0,normal,0.004880105145275593,0.3378945853079778,257.41121369093275
8344,0,normal,0.005432110745459795,0.324362032868921,-44.3828462891056
8345,0,normal,0.00517912395298481,0.31693594669076086,-60.76389556737763
8346,0,normal,0.006012523081153631,0.31258477199019163,-60.853455115675615
8347,0,normal,0.006148084532469511,0.3146665216953753,-60.824751908844746
8348,0,normal,0.005427124444395304,0.3143751215114625,-61.060474056348085
8349,0,normal,0.08342715352773666,0.3119964061425413,-61.160802889257866
8350,0,normal,0.07383248955011368,0.31224489231594893,-61.28004373635099
8351,0,normal,0.06058509275317192,0.3124326238997953,-61.33469896059023
8352,0,normal,0.045655202120542526,0.3120976581921006,-61.408846888242806
8353,0,normal,0.04172530025243759,0.3141321114325391,-61.47894101071006
8354,0,normal,0.020516347140073776,0.3139875590713024,-61.65059922451633
8355,0,normal,0.034114159643650055,0.31325501317118465,-61.61234340644796
8356,0,normal,0.007728015072643757,0.3148038990978065,-61.701170867212795
8357,0,normal,0.007149423006922007,0.3125709281500487,-61.76474426204163
8358,0,normal,0.018906408920884132,0.31303034394612056,-61.68949358756049
8359,0,normal,0.0062850420363247395,0.3141434556121518,-61.55407832934088
8360,0,normal,0.00786824245005846,0.31303363835815295,-61.385605190395154
8361,0,normal,0.009377101436257362,0.3133642566993568,-61.26676265535798
8362,0,normal,0.03775634244084358,0.3151165047563683,-60.79070712668204
8363,0,normal,0.010973095893859863,0.3136782437004194,-60.58366031070773
8364,0,normal,0.00901398528367281,0.3144377392460466,-60.48857019619413
8365,0,normal,0.012000762857496738,0.31487942413318537,-60.35864673775245
8366,0,normal,0.014872554689645767,0.31576218295044495,-60.07441652358011
8367,0,normal,0.009629914537072182,0.3123826026610541,-59.95256009091486
8368,0,normal,0.008979246951639652,0.31329841750224013,-59.79209629974207
8369,0,normal,0.007348781917244196,0.3124544669017537,-59.68751840921732
8370,0,normal,0.014283568598330021,0.3138076819824298,-59.48443560794976
8371,0,normal,0.13346165418624878,0.3158769675164435,-59.519563443837114
8372,0,normal,0.07101861387491226,0.3161932611697997,-59.56811301586936
8373,0,normal,0.04171242564916611,0.3169049742382163,-59.62884298636436
8374,0,normal,0.03275810554623604,0.3174701909299577,-59.695699156959336
8375,0,normal,0.03172178938984871,0.31410540213088145,-59.68465790544428
8376,0,normal,0.0551544688642025,0.3124631702819986,-59.33551539154587
8377,0,normal,0.028847437351942062,0.31321636139134096,-58.898588486498284
8378,0,normal,0.007685386575758457,0.31351284276679847,-58.581036373519055
8379,0,normal,0.007447164040058851,0.3161260363595757,-58.378331189986284
8380,0,normal,0.005862185265868902,0.31565416923765827,-58.336284068228906
8381,0,normal,0.01295139268040657,0.3129923278318997,-58.28266555215396
8382,0,normal,0.009110013023018837,0.3147891439510375,-58.29886207779805
8383,0,normal,0.009805467911064625,0.31480553695264757,-58.35405446040704
8384,0,normal,0.010657849721610546,0.31439475879337336,-58.15462274064498
8385,0,normal,0.011619308963418007,0.31435271811099863,-58.006357101542335
8386,0,normal,0.007582592312246561,0.31394523589459616,-57.88772496303113
8387,0,normal,0.008260058239102364,0.3135514051441451,-57.80157255050608
8388,0,normal,0.011417960748076439,0.31289081005129304,-57.833095338248995
8389,0,normal,0.009792337194085121,0.3128231093091372,-57.83845964973216
8390,0,normal,0.016373388469219208,0.3141579993349908,-58.109133979271974
8391,0,normal,0.010421527549624443,0.3151909923074205,-58.39810233380922
8392,0,normal,0.008344965055584908,0.3131301967377877,-58.86439024576953
8393,0,normal,0.007833733223378658,0.3144619561851099,-59.12445889780611
8394,0,normal,0.03606926649808884,0.3159066293026701,-59.00114072812403
8395,0,normal,0.0087832510471344,0.31347421207125137,-59.02527064344895
8396,0,normal,0.0062955343164503574,0.3125866680263915,-59.09832943496531
8397,0,normal,8.795409202575684,0.3296784583579984,-26.822039816525603
8398,0,normal,0.08902416378259659,0.33906622652876384,-26.65242220312234
8399,0,normal,1.7172349691390991,0.3316034066068761,-27.0721780008098
8400,0,normal,3.7860827445983887,0.34176364380556123,-28.00938458401197
8401,0,normal,1.596859335899353,0.34313351055325325,-2.314001539606352
8402,0,normal,0.4951726794242859,0.3569625927251683,0.3981804441930308
8403,0,normal,0.2604791820049286,0.38050615300444024,3.6626495886609973
8404,0,normal,0.14449965953826904,0.3681190218417592,6.72741692247223
8405,0,normal,0.121131032705307,0.3798273053535963,9.89573329065911
8406,0,normal,0.12325619161128998,0.3861458175908655,13.131576156631127
8407,0,normal,14.407708168029785,0.40538633537062985,68.63361478930415
8408,0,normal,190.24388122558594,0.45286012179860735,560.0402199071696
8409,0,normal,3.10770320892334,0.4653993584649447,573.6357383560057
8410,0,normal,0.3339986801147461,0.46087002565271507,573.3922725187201
8411,0,normal,1.3791460990905762,0.4734428444913438,576.0887486682717
8412,0,normal,1.2771539688110352,0.4629979366692514,580.0170959662598
8413,0,normal,0.041646938771009445,0.46011139542559937,579.8533142569042
8414,0,normal,0.01541959960013628,0.4829008461506448,579.6973941015054
8415,0,normal,0.009352127090096474,0.47819757364272797,579.5544478689255
8416,0,normal,0.01162242703139782,0.47985312693705223,579.5284485064589
8417,0,normal,0.0626630038022995,0.4655435168112082,579.5248220896366
8418,0,normal,0.030483784154057503,0.4937660813636626,579.524542137915
8419,0,normal,0.06852520257234573,0.44265663187460064,579.5661595292194
8420,0,normal,0.046941839158535004,0.46492059952493364,579.7195371842963
8421,0,normal,0.03207242116332054,0.46493240720555107,579.7989808917831
8422,0,normal,0.029350880533456802,0.47008651323885225,579.8859356358572
8423,0,normal,0.008634188212454319,0.4869355821601143,580.021635047351
8424,0,normal,0.04111285135149956,0.48360157733122694,580.2052703361791
8425,0,normal,0.005141410510987043,0.4653524343764706,580.4706594772999
8426,0,normal,0.007593166083097458,0.4753526011332405,580.9204855552807
8427,0,normal,0.0053284792229533195,0.44669020630681816,566.4494706509086
8428,0,normal,0.004950248636305332,0.44052513934683474,566.9746338718018
8429,0,normal,0.00459607969969511,0.476032956721817,567.6927964465302
8430,0,normal,0.023193934932351112,0.44896812475101966,568.7015012836871
8431,0,normal,0.005563167855143547,0.44041655549912073,556.5283944891562
8432,0,normal,0.007692060898989439,0.4402571883374699,555.0493744407389
8433,0,normal,0.00934761855751276,0.4322903186209945,553.4971029698673
8434,0,normal,0.006963932421058416,0.4164979905867622,551.9072491838025
8435,0,normal,0.024620261043310165,0.4005447252627669,550.2813792253704
8436,0,normal,0.06231291964650154,0.4159752781481376,548.1002375438882
8437,0,normal,0.02159447968006134,0.37994380312262954,516.8977972196352
8438,0,normal,0.016816910356283188,0.35894890386494716,-13.703534941358612
8439,0,normal,0.015654459595680237,0.3312749397962514,-44.480450030940574
8440,0,normal,0.015237183310091496,0.32413349393068885,-45.695611005420915
8441,0,normal,0.015106836333870888,0.3218551737115558,-52.2348485955506
8442,0,normal,0.015135437250137329,0.3132639434888207,-61.7169325754694
8443,0,normal,0.015172934159636497,0.3131469234504744,-61.722834056895636
8444,0,normal,0.01513045933097601,0.31283998820968034,-61.70511142058763
8445,0,normal,0.015004024840891361,0.3134405774688758,-61.665127986587095
8446,0,normal,0.01482184138149023,0.31420011448793267,-61.60887309196096
8447,0,normal,0.014620698988437653,0.31587226286393855,-61.65402100344454
8448,0,normal,0.014423215761780739,0.31382897102552987,-61.68026712452752
8449,0,normal,0.014247371815145016,0.314631389276904,-61.90729899093094
8450,0,normal,0.014092887751758099,0.3128288769156252,-62.17030526261897
8451,0,normal,0.029860474169254303,0.31240752342067757,-62.157862206508526
8452,0,normal,0.019032727926969528,0.3144066080712092,-62.43980535332321
8453,0,normal,0.025079773738980293,0.3116122757301397,-62.58859333158375
8454,0,normal,0.020003952085971832,0.3119438048500797,-62.84329179343422
8455,0,normal,0.02011432871222496,0.31181370000366215,-63.044291732384636
8456,0,normal,0.015347090549767017,0.3118060721317179,-63.298767742056725
8457,0,normal,0.025564033538103104,0.31141659069860184,-63.32034098025633
8458,0,normal,0.006661327555775642,0.31213242425327337,-63.396300909146476
8459,0,normal,0.006246476899832487,0.311421335387193,-63.42707857017308
8460,0,normal,0.005472906399518251,0.31200766953613507,-63.58825447588174
8461,0,normal,0.005442375782877207,0.31191223857165484,-63.592971038693804
8462,0,normal,0.005090790800750256,0.31148161311644557,-63.59643094790158
8463,0,normal,0.026726851239800453,0.3129115005067905,-63.31321572890852
8464,0,normal,0.01674993336200714,0.3117907314326551,-63.00237678074768
8465,0,normal,0.01556407567113638,0.31188854889275797,-62.78992577416784
8466,0,normal,0.025296539068222046,0.3118779701177669,-62.7846070075575
8467,0,normal,0.014990556985139847,0.31245385154507466,-62.75991500651071
8468,0,normal,0.014061486348509789,0.31260841780604987,-62.75237397788328
8469,0,normal,0.013092916458845139,0.3132723398049323,-62.751171969615825
8470,0,normal,0.03670390322804451,0.3117940426536463,-62.44290595915572
8471,0,normal,0.008496140129864216,0.31338255563281836,-62.26065748407905
8472,0,normal,0.007438585162162781,0.31296480565243995,-62.075179514368756
8473,0,normal,0.00893120002001524,0.31284336689067005,-61.84716475452251
8474,0,normal,0.00698627857491374,0.31208948239637074,-61.64483932801522
8475,0,normal,0.006797065492719412,0.3124649992403936,-61.454106293283985
8476,0,normal,0.03006395883858204,0.31196782073367213,-60.99532574449222
8477,0,normal,0.010470910929143429,0.3118283829598532,-60.690355645446516
8478,0,normal,0.007368362974375486,0.3120066074198094,-60.45313975052704
8479,0,normal,0.0070063211023807526,0.3108738605289501,-60.24883884257474
8480,0,normal,0.02134590968489647,0.31250293962629017,-59.87667357350938
8481,0,normal,0.021397510543465614,0.3141280525805954,-59.97896812468525
8482,0,normal,0.014482615515589714,0.3134367015652108,-59.98630455834791
8483,0,normal,0.01404245663434267,0.3120141395411936,-60.05057076664639
8484,0,normal,0.011153986677527428,0.31310129184930396,-60.14085964117362
8485,0,normal,0.04085870832204819,0.3111417401077112,-59.92896250623858
8486,0,normal,0.009501244872808456,0.31232884904176317,-59.87260937553083
8487,0,normal,0.008094296790659428,0.31156912618686355,-59.861329924905704
8488,0,normal,0.009150907397270203,0.31156418364235394,-59.77806361758189
8489,0,normal,0.0135145029053092,0.3115498317158994,-59.631277059854256
8490,0,normal,8.82968521118164,0.32968704862233705,-27.233367520849924
8491,0,normal,0.09709049761295319,0.339645653570126,-27.07262570502826
8492,0,normal,1.6972603797912598,0.3333105742242097,-27.588820134183607
8493,0,normal,1.2889453172683716,0.35827043151420646,-0.42809417892704005
8494,0,normal,0.31329265236854553,0.35248826725135657,1.579589350960532
8495,0,normal,0.1736103594303131,0.3802472609600699,4.145629678603427
8496,0,normal,0.114104263484478,0.3819955590729915,7.11244219629998
8497,0,normal,0.12089083343744278,0.38068467686452406,9.98775990382137
8498,0,normal,0.11917772144079208,0.3977528091713507,13.24587079967796
8499,0,normal,0.0788058340549469,0.3852013732054355,15.656826909130814
8500,0,normal,0.156717449426651,0.39980650821024855,17.437980914349282
8501,0,normal,5.109011650085449,0.41228521975290966,44.533274107114494
8502,0,normal,0.3275822103023529,0.4331150967050786,44.41433642194147
8503,0,normal,0.8029012084007263,0.4302246570167817,44.047564920314926
8504,0,normal,1.0333925485610962,0.41058451087180536,44.0554133119706
