timestamp_idx,ground_truth,anomaly_class,lstm_score,iforest_score,svm_score
0,0,normal,,,
1,0,normal,,,
2,0,normal,,,
3,0,normal,,,
4,0,normal,,,
5,0,normal,,,
6,0,normal,,,
7,0,normal,,,
8,0,normal,,,
9,0,normal,,,
10,0,normal,,,
11,0,normal,,,
12,0,normal,,,
13,0,normal,,,
14,0,normal,,,
15,0,normal,,,
16,0,normal,,,
17,0,normal,,,
18,0,normal,,,
19,0,normal,,,
20,0,normal,,,
21,0,normal,,,
22,0,normal,,,
23,0,normal,,,
24,0,normal,,,
25,0,normal,,,
26,0,normal,,,
27,0,normal,,,
28,0,normal,,,
29,0,normal,0.004116841591894627,0.3096891847509708,-55.40890760946763
30,0,normal,0.004116841591894627,0.3096891847509708,-55.40890760946763
31,0,normal,0.004116841591894627,0.3096891847509708,-55.40890760946763
32,0,normal,0.004116841591894627,0.3096891847509708,-55.40890760946763
33,0,normal,0.004116841591894627,0.3096891847509708,-55.40890760946763
34,0,normal,0.004116841591894627,0.3096891847509708,-55.40890760946763
35,0,normal,0.004116841591894627,0.3096891847509708,-55.40890760946763
36,0,normal,0.004116841591894627,0.3096891847509708,-55.40890760946763
37,0,normal,0.004116841591894627,0.3096891847509708,-55.40890760946763
38,0,normal,0.004116841591894627,0.3096891847509708,-55.40890760946763
39,0,normal,0.004116841591894627,0.3096891847509708,-55.40890760946763
40,0,normal,0.004116841591894627,0.3096891847509708,-55.40890760946763
41,0,normal,0.004116841591894627,0.3096891847509708,-55.40890760946763
42,0,normal,0.004116841591894627,0.3096891847509708,-55.40890760946763
43,0,normal,0.004116841591894627,0.3096891847509708,-55.40890760946763
44,0,normal,0.004116841591894627,0.3096891847509708,-55.40890760946763
45,0,normal,0.004116841591894627,0.3096891847509708,-55.40890760946763
46,0,normal,0.004116841591894627,0.3096891847509708,-55.40890760946763
47,0,normal,0.004116841591894627,0.3096891847509708,-55.40890760946763
48,0,normal,0.004116841591894627,0.3096891847509708,-55.40890760946763
49,0,normal,0.004116841591894627,0.3096891847509708,-55.40890760946763
50,0,normal,0.004116841591894627,0.3096891847509708,-55.40890760946763
51,0,normal,0.004116841591894627,0.3096891847509708,-55.40890760946763
52,0,normal,0.004116841591894627,0.3096891847509708,-55.40890760946763
53,0,normal,0.004116841591894627,0.3096891847509708,-55.40890760946763
54,0,normal,0.004116841591894627,0.3096891847509708,-55.40890760946763
55,0,normal,0.004116841591894627,0.3096891847509708,-55.40890760946763
56,0,normal,0.004116841591894627,0.3096891847509708,-55.40890760946763
57,0,normal,0.004116841591894627,0.3096891847509708,-55.40890760946763
58,0,normal,0.004116841591894627,0.3096891847509708,-55.40890760946763
59,0,normal,0.004116841591894627,0.3096891847509708,-55.40890760946763
60,0,normal,0.004116841591894627,0.3096891847509708,-55.40890760946763
61,0,normal,0.004116841591894627,0.3096891847509708,-55.40890760946763
62,0,normal,0.004116841591894627,0.3096891847509708,-55.40890760946763
63,0,normal,0.004116841591894627,0.3096891847509708,-55.40890760946763
64,0,normal,0.004116841591894627,0.3096891847509708,-55.40890760946763
65,0,normal,1.4994921684265137,0.3219520281062784,-49.96117635916312
66,0,normal,0.014545698650181293,0.31911826821971384,-50.03465315916765
67,0,normal,0.01020301878452301,0.31581278335948887,-50.02689082724896
68,0,normal,0.006393758114427328,0.3160776814484479,-50.015591135195564
69,0,normal,0.005256967153400183,0.31436064874847036,-50.0044966219516
70,0,normal,0.005189868155866861,0.3121926671339707,-49.99801570763702
71,0,normal,0.005280263721942902,0.3123618835468956,-49.98554650178835
72,0,normal,0.005223559215664864,0.31798441334598176,-49.98338115053639
73,0,normal,0.005021712277084589,0.31301803170065534,-49.97393924039966
74,0,normal,0.004759280942380428,0.31656764205975485,-49.963696870158856
75,0,normal,0.0045084101147949696,0.3115793434299684,-49.960503098569006
76,0,normal,0.004307090770453215,0.31127583855932145,-49.96707775538425
77,0,normal,0.004165115300565958,0.3096891847509708,-49.968008882630556
78,0,normal,0.004076065495610237,0.3125564041904174,-49.97653904081926
79,0,normal,0.004027239046990871,0.32169195107039317,-49.974349615644314
80,0,normal,7.452648639678955,0.32825617732116447,-19.529252324871095
81,0,normal,0.04918090999126434,0.3469342178648255,-19.699506571029133
82,0,normal,0.8747780323028564,0.3366603769635678,-18.408643277326973
83,0,normal,1.908830165863037,0.36713002429017355,4.869151392819958
84,0,normal,0.20716412365436554,0.362493767698025,5.458792948509199
85,0,normal,11.789876937866211,0.39708008603545847,52.30530198690121
86,0,normal,0.3599759340286255,0.3943972213876082,53.5141163584417
87,0,normal,0.5476483106613159,0.3983661909509791,53.34819611773764
88,0,normal,11.279862403869629,0.4204808802738149,99.59201820473231
89,0,normal,0.3510279953479767,0.4265801225259164,100.60969103190564
90,0,normal,0.47404876351356506,0.4526621407938378,101.96873475554503
91,0,normal,2.9359965324401855,0.4685967817768983,125.14830305456485
92,0,normal,0.2174394130706787,0.45115994141316507,125.33904538266427
93,0,normal,0.5523284673690796,0.4686186487106794,125.292944710504
94,0,normal,2.2238612174987793,0.4854434859364192,137.41565028777973
95,0,normal,0.047936614602804184,0.4760044123388683,132.6675189339636
96,0,normal,0.013700851239264011,0.48188898980598943,132.75408216376036
97,0,normal,0.007519360166043043,0.45200997332520426,132.37797534683546
98,0,normal,0.004116763360798359,0.47310908430239274,132.20142664721038
99,0,normal,0.002372514922171831,0.46297974362676697,132.23962203489998
100,0,normal,0.001806131680496037,0.4566139215794861,132.32703613348735
101,0,normal,0.0019038455793634057,0.45540435332648577,132.32115502607644
102,0,normal,0.0022891825065016747,0.48080134962359783,132.41825218429813
103,0,normal,0.0027287870179861784,0.44991761125900676,132.6428436280421
104,0,normal,0.0031043270137161016,0.46375737919981114,132.83656122005482
105,0,normal,0.00337872258387506,0.4666690359702528,133.1208104983299
106,0,normal,0.003561499295756221,0.47962372532552167,133.51219501160767
107,0,normal,0.0036799630615860224,0.4770361211114507,133.89345769356726
108,0,normal,0.003761018393561244,0.49666918655696396,134.8092530764502
109,0,normal,0.00382345006801188,0.45994687915764015,135.52399948205664
110,0,normal,0.003873443463817239,0.4590219124996522,110.80465286751826
111,0,normal,0.003922040108591318,0.440890149821509,111.6739242536886
112,0,normal,0.0039655910804867744,0.43072094063401184,110.25272558586687
113,0,normal,0.003994252998381853,0.44269525354585415,87.65792541201631
114,0,normal,0.004029577597975731,0.4079564767375477,86.4778568258705
115,0,normal,0.004060530103743076,0.3869221858125964,41.56867750483798
116,0,normal,0.004086853936314583,0.3989247034373051,40.641682426896296
117,0,normal,0.004104432184249163,0.3774115859813631,41.89530658878084
118,0,normal,0.004118787590414286,0.3643919752662568,-7.246509298777482
119,0,normal,0.0041254544630646706,0.35954273268294024,-8.993353760483615
120,0,normal,0.0041250381618738174,0.35771976044662446,-10.960190154000202
121,0,normal,0.0040060305036604404,0.3263033962296664,-39.662437315765374
122,0,normal,0.004058622755110264,0.3299586058700084,-40.59510611764813
123,0,normal,0.0040837619453668594,0.32715017041907024,-40.533345638516266
124,0,normal,0.004116841591894627,0.3096891847509708,-55.40890760946763
125,0,normal,0.004116841591894627,0.3096891847509708,-55.40890760946763
126,0,normal,0.004116841591894627,0.3096891847509708,-55.40890760946763
127,0,normal,0.004116841591894627,0.3096891847509708,-55.40890760946763
128,0,normal,0.004116841591894627,0.3096891847509708,-55.40890760946763
129,0,normal,0.004116841591894627,0.3096891847509708,-55.40890760946763
130,0,normal,0.004116841591894627,0.3096891847509708,-55.40890760946763
131,0,normal,0.004116841591894627,0.3096891847509708,-55.40890760946763
132,0,normal,0.004116841591894627,0.3096891847509708,-55.40890760946763
133,0,normal,0.004116841591894627,0.3096891847509708,-55.40890760946763
134,0,normal,0.004116841591894627,0.3096891847509708,-55.40890760946763
135,0,normal,0.004116841591894627,0.3096891847509708,-55.40890760946763
136,0,normal,0.004116841591894627,0.3096891847509708,-55.40890760946763
137,0,normal,0.004116841591894627,0.3096891847509708,-55.40890760946763
138,0,normal,0.004116841591894627,0.3096891847509708,-55.40890760946763
139,0,normal,0.004116841591894627,0.3096891847509708,-55.40890760946763
140,0,normal,0.004116841591894627,0.3096891847509708,-55.40890760946763
141,0,normal,0.004116841591894627,0.3096891847509708,-55.40890760946763
142,0,normal,0.004116841591894627,0.3096891847509708,-55.40890760946763
143,0,normal,0.004116841591894627,0.3096891847509708,-55.40890760946763
144,0,normal,0.004116841591894627,0.3096891847509708,-55.40890760946763
145,0,normal,0.004116841591894627,0.3096891847509708,-55.40890760946763
146,0,normal,0.004116841591894627,0.3096891847509708,-55.40890760946763
147,0,normal,0.004116841591894627,0.3096891847509708,-55.40890760946763
148,0,normal,0.004116841591894627,0.3096891847509708,-55.40890760946763
149,0,normal,0.004116841591894627,0.3096891847509708,-55.40890760946763
150,0,normal,0.004116841591894627,0.3096891847509708,-55.40890760946763
151,0,normal,0.004116841591894627,0.3096891847509708,-55.40890760946763
152,0,normal,0.004116841591894627,0.3096891847509708,-55.40890760946763
153,0,normal,0.004116841591894627,0.3096891847509708,-55.40890760946763
154,0,normal,0.004116841591894627,0.3096891847509708,-55.40890760946763
155,0,normal,0.004116841591894627,0.3096891847509708,-55.40890760946763
156,0,normal,0.004116841591894627,0.3096891847509708,-55.40890760946763
157,0,normal,0.004116841591894627,0.3096891847509708,-55.40890760946763
158,0,normal,0.004116841591894627,0.3096891847509708,-55.40890760946763
159,0,normal,0.004116841591894627,0.3096891847509708,-55.40890760946763
160,0,normal,0.004116841591894627,0.3096891847509708,-55.40890760946763
161,0,normal,0.004116841591894627,0.3096891847509708,-55.40890760946763
162,0,normal,0.004116841591894627,0.3096891847509708,-55.40890760946763
163,0,normal,0.004116841591894627,0.3096891847509708,-55.40890760946763
164,0,normal,0.004116841591894627,0.3096891847509708,-55.40890760946763
165,0,normal,0.004116841591894627,0.3096891847509708,-55.40890760946763
166,0,normal,0.004116841591894627,0.3096891847509708,-55.40890760946763
167,0,normal,0.004116841591894627,0.3096891847509708,-55.40890760946763
168,0,normal,0.004116841591894627,0.3096891847509708,-55.40890760946763
169,0,normal,0.004116841591894627,0.3096891847509708,-55.40890760946763
170,0,normal,0.004116841591894627,0.3096891847509708,-55.40890760946763
171,0,normal,0.004116841591894627,0.3096891847509708,-55.40890760946763
172,0,normal,0.004116841591894627,0.3096891847509708,-55.40890760946763
173,0,normal,0.004116841591894627,0.3096891847509708,-55.40890760946763
174,0,normal,0.004116841591894627,0.3096891847509708,-55.40890760946763
175,0,normal,0.004116841591894627,0.3096891847509708,-55.40890760946763
176,0,normal,0.004116841591894627,0.3096891847509708,-55.40890760946763
177,0,normal,7.44751501083374,0.3243470847605474,-24.826490424591157
178,0,normal,0.04896416887640953,0.34210708507903437,-24.997925597673884
179,0,normal,0.5408746004104614,0.3268881500123117,-25.284586343469755
180,0,normal,1.6049847602844238,0.35822561774273665,-0.27345054139709646
181,0,normal,0.5611042976379395,0.35706942530157704,-1.2770238411956143
182,0,normal,0.2818252444267273,0.37202880599375876,0.05488430781883835
183,0,normal,0.30392006039619446,0.37448405645564664,1.365362203851646
184,0,normal,0.32867518067359924,0.37011541583734847,2.711556072109488
185,0,normal,0.29417091608047485,0.38859747696340824,4.048129437920807
186,0,normal,0.24020147323608398,0.3914260779216395,5.361381201650374
187,0,normal,0.41728606820106506,0.400531275420424,5.184591043670935
188,0,normal,0.5035336017608643,0.40391809634546244,6.571413958398807
189,0,normal,2.3468780517578125,0.4245679663183029,31.97779321003236
190,0,normal,0.43919169902801514,0.4291117371038888,31.670963720733425
191,0,normal,2.296312093734741,0.4359712345239658,44.90427579201514
192,0,normal,0.036965176463127136,0.43563674270780656,44.94328439813489
193,0,normal,0.01595322974026203,0.426386130512739,45.01293449833588
194,0,normal,0.01365555077791214,0.44858137900427364,44.642675729725624
195,0,normal,0.011506619863212109,0.4382038225579316,44.50049873666035
196,0,normal,0.009172473102807999,0.4571197317445722,44.547657503087066
197,0,normal,0.007183203939348459,0.42776331518720423,44.67394624616145
198,0,normal,0.005678381305187941,0.43356567199149826,44.77662885449308
199,0,normal,0.004648348316550255,0.43119505326861046,44.92274571122175
200,0,normal,0.004021397791802883,0.4257915824393219,45.142269017647095
201,0,normal,0.0036994207184761763,0.43156522043023304,45.34843987130239
202,0,normal,0.003581498982384801,0.4246136810578178,45.60945647831977
203,0,normal,0.003581448458135128,0.427331326152195,45.98429786018414
204,0,normal,0.003636835375800729,0.4392686060003415,46.27462046131291
205,0,normal,0.003709350945428014,0.4490141129371355,47.105163341905836
206,0,normal,0.0037797200493514538,0.4351638532825605,47.79442763372117
207,0,normal,0.003832878777757287,0.40026180732721744,20.595706291286433
208,0,normal,0.0038842426147311926,0.41672590785820585,21.386018080877193
209,0,normal,0.003927684389054775,0.4120791097619609,22.238574768807666
210,0,normal,0.003958698827773333,0.39385134049771847,-4.8664297657555835
211,0,normal,0.003992525860667229,0.3966197398583705,-3.6803839589329073
212,0,normal,0.004024306777864695,0.37605372576569346,-4.910819352454837
213,0,normal,0.004054132383316755,0.3679955700218818,-6.29901840952266
214,0,normal,0.004081762861460447,0.378616204566449,-7.210941070256467
215,0,normal,0.004104700405150652,0.35763018908450817,-8.589790543286654
216,0,normal,0.004119743127375841,0.35071218986381864,-10.203006049823443
217,0,normal,0.00412721699103713,0.35809531393063854,-9.653542799064326
218,0,normal,0.004130373243242502,0.35076260935478903,-11.772842569680506
219,0,normal,0.004058622755110264,0.3299586058700084,-40.59510611764813
220,0,normal,0.0040837619453668594,0.32715017041907024,-40.533345638516266
221,0,normal,0.004116841591894627,0.3096891847509708,-55.40890760946763
222,0,normal,0.004116841591894627,0.3096891847509708,-55.40890760946763
223,0,normal,0.004116841591894627,0.3096891847509708,-55.40890760946763
224,0,normal,0.004116841591894627,0.3096891847509708,-55.40890760946763
225,0,normal,0.004116841591894627,0.3096891847509708,-55.40890760946763
226,0,normal,0.004116841591894627,0.3096891847509708,-55.40890760946763
227,0,normal,0.004116841591894627,0.3096891847509708,-55.40890760946763
228,0,normal,0.004116841591894627,0.3096891847509708,-55.40890760946763
229,0,normal,0.004116841591894627,0.3096891847509708,-55.40890760946763
230,0,normal,0.004116841591894627,0.3096891847509708,-55.40890760946763
231,0,normal,0.004116841591894627,0.3096891847509708,-55.40890760946763
232,0,normal,0.004116841591894627,0.3096891847509708,-55.40890760946763
233,0,normal,0.004116841591894627,0.3096891847509708,-55.40890760946763
234,0,normal,0.004116841591894627,0.3096891847509708,-55.40890760946763
235,0,normal,0.004116841591894627,0.3096891847509708,-55.40890760946763
236,0,normal,0.004116841591894627,0.3096891847509708,-55.40890760946763
237,0,normal,0.004116841591894627,0.3096891847509708,-55.40890760946763
238,0,normal,0.004116841591894627,0.3096891847509708,-55.40890760946763
239,0,normal,0.004116841591894627,0.3096891847509708,-55.40890760946763
240,0,normal,0.004116841591894627,0.3096891847509708,-55.40890760946763
241,0,normal,0.004116841591894627,0.3096891847509708,-55.40890760946763
242,0,normal,0.004116841591894627,0.3096891847509708,-55.40890760946763
243,0,normal,0.004116841591894627,0.3096891847509708,-55.40890760946763
244,0,normal,0.004116841591894627,0.3096891847509708,-55.40890760946763
245,0,normal,0.004116841591894627,0.3096891847509708,-55.40890760946763
246,0,normal,0.004116841591894627,0.3096891847509708,-55.40890760946763
247,0,normal,0.004116841591894627,0.3096891847509708,-55.40890760946763
248,0,normal,0.004116841591894627,0.3096891847509708,-55.40890760946763
249,0,normal,0.004116841591894627,0.3096891847509708,-55.40890760946763
250,0,normal,0.004116841591894627,0.3096891847509708,-55.40890760946763
251,0,normal,0.004116841591894627,0.3096891847509708,-55.40890760946763
252,0,normal,0.004116841591894627,0.3096891847509708,-55.40890760946763
253,0,normal,0.004116841591894627,0.3096891847509708,-55.40890760946763
254,0,normal,0.004116841591894627,0.3096891847509708,-55.40890760946763
255,0,normal,0.004116841591894627,0.3096891847509708,-55.40890760946763
256,0,normal,0.004116841591894627,0.3096891847509708,-55.40890760946763
257,0,normal,0.004116841591894627,0.3096891847509708,-55.40890760946763
258,0,normal,0.004116841591894627,0.3096891847509708,-55.40890760946763
259,0,normal,0.004116841591894627,0.3096891847509708,-55.40890760946763
260,0,normal,0.004116841591894627,0.3096891847509708,-55.40890760946763
261,0,normal,0.004116841591894627,0.3096891847509708,-55.40890760946763
262,0,normal,0.004116841591894627,0.3096891847509708,-55.40890760946763
263,0,normal,0.004116841591894627,0.3096891847509708,-55.40890760946763
264,0,normal,0.004116841591894627,0.3096891847509708,-55.40890760946763
265,0,normal,0.004116841591894627,0.3096891847509708,-55.40890760946763
266,0,normal,0.004116841591894627,0.3096891847509708,-55.40890760946763
267,0,normal,0.004116841591894627,0.3096891847509708,-55.40890760946763
268,0,normal,0.004116841591894627,0.3096891847509708,-55.40890760946763
269,0,normal,0.004116841591894627,0.3096891847509708,-55.40890760946763
270,0,normal,0.004116841591894627,0.3096891847509708,-55.40890760946763
271,0,normal,0.004116841591894627,0.3096891847509708,-55.40890760946763
272,0,normal,0.004116841591894627,0.3096891847509708,-55.40890760946763
273,0,normal,0.004116841591894627,0.3096891847509708,-55.40890760946763
274,0,normal,0.004116841591894627,0.3096891847509708,-55.40890760946763
275,0,normal,0.004116841591894627,0.3096891847509708,-55.40890760946763
276,0,normal,7.44751501083374,0.3243470847605474,-24.826490424591157
277,0,normal,0.04896416887640953,0.34210708507903437,-24.997925597673884
278,0,normal,0.5408746004104614,0.3268881500123117,-25.284586343469755
279,0,normal,1.6049847602844238,0.35822561774273665,-0.27345054139709646
280,0,normal,0.17567051947116852,0.3612279444692819,0.25389278290822404
281,0,normal,0.6451266407966614,0.37172933124897,0.012279541422913098
282,0,normal,0.3649750053882599,0.36844477641154155,1.381318243085616
283,0,normal,0.33632558584213257,0.37523019296744725,2.677141661888072
284,0,normal,0.30782976746559143,0.38785567917007724,4.039682082993522
285,0,normal,7.413408279418945,0.42696854745582363,29.55403632445291
286,0,normal,0.37957751750946045,0.42391654533545214,29.1971034252947
287,0,normal,0.6468957662582397,0.426199546925805,30.574337861399044
288,0,normal,0.40130120515823364,0.4150261149251523,31.041262136837986
289,0,normal,2.688157558441162,0.44106902445519036,44.37026402355741
290,0,normal,0.05583339184522629,0.4520469735807749,44.38933631943064
291,0,normal,0.0088623883202672,0.4217343269655684,44.40442917513519
292,0,normal,0.005617168731987476,0.4306935148673649,44.006502650431
293,0,normal,0.007492223754525185,0.43859821020607925,43.87449730683261
294,0,normal,0.010754979215562344,0.43533877093470547,43.97153587793491
295,0,normal,0.013122430071234703,0.4402501689901724,44.020337908391184
296,0,normal,0.01375911757349968,0.43101187286685755,44.076255764152165
297,0,normal,0.012757914140820503,0.42182037418335494,44.121161182124524
298,0,normal,0.0107530253008008,0.4242480898097433,44.24296069323373
299,0,normal,0.00851485226303339,0.4175194841012291,44.49956716262568
300,0,normal,0.00660852761939168,0.44612791555462933,44.69400458750579
301,0,normal,0.005270602181553841,0.4288752755164557,44.96639330837684
302,0,normal,0.004480802919715643,0.42836527267982744,45.31748004099836
303,0,normal,0.004097895696759224,0.41922431665200227,45.59876125789765
304,0,normal,0.003964673727750778,0.451229383607934,46.433116068803656
305,0,normal,0.003958273213356733,0.42412090342281344,47.224660478512305
306,0,normal,0.003995255567133427,0.4047154619553365,19.99323405281143
307,0,normal,0.004043318331241608,0.4139788920746958,20.885889004609453
308,0,normal,0.00408194400370121,0.3990461614749408,21.905504855630397
309,0,normal,0.004074587021023035,0.38683293957059994,-5.094690962454251
310,0,normal,0.0041022030636668205,0.388177643363273,-6.078956499638707
311,0,normal,0.004115321673452854,0.37105206829062737,-4.80440301628073
312,0,normal,0.0041229259222745895,0.3689325520832706,-5.893740994137261
313,0,normal,0.004119787830859423,0.3640217192641146,-7.398309604202495
314,0,normal,0.00410806480795145,0.3580246037473193,-9.183217810542374
315,0,normal,0.003925477620214224,0.3414052817371474,-37.58845052896913
316,0,normal,0.00397418113425374,0.3342736405005943,-37.247884704653416
317,0,normal,0.004043907858431339,0.33463341102624644,-39.55360901164272
318,0,normal,0.0040837619453668594,0.32715017041907024,-40.533345638516266
319,0,normal,0.004116841591894627,0.3096891847509708,-55.40890760946763
320,0,normal,0.004116841591894627,0.3096891847509708,-55.40890760946763
321,0,normal,0.004116841591894627,0.3096891847509708,-55.40890760946763
322,0,normal,0.004116841591894627,0.3096891847509708,-55.40890760946763
323,0,normal,0.004116841591894627,0.3096891847509708,-55.40890760946763
324,0,normal,0.004116841591894627,0.3096891847509708,-55.40890760946763
325,0,normal,0.004116841591894627,0.3096891847509708,-55.40890760946763
326,0,normal,0.004116841591894627,0.3096891847509708,-55.40890760946763
327,0,normal,0.004116841591894627,0.3096891847509708,-55.40890760946763
328,0,normal,0.004116841591894627,0.3096891847509708,-55.40890760946763
329,0,normal,0.004116841591894627,0.3096891847509708,-55.40890760946763
330,0,normal,0.004116841591894627,0.3096891847509708,-55.40890760946763
331,0,normal,0.004116841591894627,0.3096891847509708,-55.40890760946763
332,0,normal,0.004116841591894627,0.3096891847509708,-55.40890760946763
333,0,normal,0.004116841591894627,0.3096891847509708,-55.40890760946763
334,0,normal,0.004116841591894627,0.3096891847509708,-55.40890760946763
335,0,normal,7.44751501083374,0.3243470847605474,-24.826490424591157
336,0,normal,0.04896416887640953,0.34210708507903437,-24.997925597673884
337,0,normal,0.5408746004104614,0.3268881500123117,-25.284586343469755
338,0,normal,1.8649646043777466,0.3450033399838432,-14.36305776876543
339,0,normal,1.0143094062805176,0.3937537658275302,10.804788809117326
340,0,normal,0.15816393494606018,0.3821423792306985,11.86813838960461
341,0,normal,0.2239530086517334,0.39611827941412786,13.186763813864445
342,0,normal,0.2675068974494934,0.3877618318842615,14.488958555000409
343,0,normal,0.2845062017440796,0.3882079350278218,15.822286487837346
344,0,normal,0.2607960104942322,0.41561925960299145,17.169959341819776
345,0,normal,0.2356354147195816,0.4182249697342283,18.512048562018208
346,0,normal,5.166216850280762,0.45874363507960486,43.7020800652856
347,0,normal,0.2382490634918213,0.43711432080680696,43.9779009448971
348,0,normal,1.2770262956619263,0.44244074796121924,49.477784831046165
349,0,normal,1.5169212818145752,0.45178619699292183,57.04078410294392
350,0,normal,0.04282058775424957,0.4483493517890648,57.027157293700384
351,0,normal,0.01637490838766098,0.44358710422675024,56.93040217326484
352,0,normal,0.00850619375705719,0.45441717380405783,56.643625917517056
353,0,normal,0.004670409020036459,0.4508985640948884,56.60414640027284
354,0,normal,0.002767466939985752,0.45478255792022,56.66902383844081
355,0,normal,0.0020745526999235153,0.4537779621635968,56.8284569366831
356,0,normal,0.002071010647341609,0.4532633036693202,56.85401671079353
357,0,normal,0.0023896172642707825,0.44416166231336984,56.92093430979003
358,0,normal,0.002793422434478998,0.4173162372703293,57.183500553067915
359,0,normal,0.003153597004711628,0.4443859136417981,57.347954058190226
360,0,normal,0.0034227590076625347,0.4390081232260346,57.566564667489956
361,0,normal,0.0036035010125488043,0.4491376536118166,57.97649692974028
362,0,normal,0.0037197209894657135,0.45024507622368587,58.42406954542298
363,0,normal,40.05072021484375,0.44866630085438247,202.4894039016259
364,0,normal,37.045166015625,0.45106263953255105,327.5618497881271
365,0,normal,0.051837071776390076,0.42295334822661074,307.5716669778983
366,0,normal,0.028695454820990562,0.4377820986539353,308.3998093064158
367,0,normal,0.01799999363720417,0.4225270747263092,309.1880727312167
368,0,normal,39.642234802246094,0.41761292769028097,411.38129076844166
369,0,normal,0.10181283205747604,0.3851128242429894,394.14184264587686
370,0,normal,0.022128215059638023,0.38171130591592767,393.3447208532682
371,0,normal,0.014359403401613235,0.38926411938292965,392.8405743383461
372,0,normal,0.012189731933176517,0.37135136913918615,392.1405164771943
373,0,normal,0.011324307881295681,0.3705948944582246,391.3175787633471
374,0,normal,0.010454819537699223,0.35832938019221944,390.17028427262164
375,0,normal,0.009310341440141201,0.3578249292721869,388.8770760296301
376,0,normal,0.0079184016212821,0.3295352300397309,370.2162440781548
377,0,normal,0.006725941319018602,0.3418978626384761,369.59427419410474
378,0,normal,0.005684322211891413,0.3269867652753567,365.74067636065627
379,0,normal,0.004895550664514303,0.3096891847509708,359.9627250262845
380,0,normal,0.004350309260189533,0.3096891847509708,359.94679874602525
381,0,normal,0.004020344465970993,0.3172829508212971,359.9508284701367
382,0,normal,0.003849264234304428,0.31356726398938634,359.94504605370855
383,0,normal,7.9570770263671875,0.33057060372084435,380.45319579725435
384,0,normal,0.05619358271360397,0.35039506145499455,380.3183356392984
385,0,normal,0.6416035294532776,0.3298184380926519,380.1354759777453
386,0,normal,1.8964362144470215,0.3595143789474335,387.2340318457626
387,0,normal,0.980722963809967,0.4034787330131855,403.5863465344453
388,0,normal,12.331931114196777,0.4239309372022359,434.6710273753739
389,0,normal,0.325326532125473,0.4225808087361563,435.41993893596316
390,0,normal,10.881656646728516,0.44745759935148216,465.2842483594304
391,0,normal,0.32167938351631165,0.43696199549027404,465.89834163992555
392,0,normal,0.3858093321323395,0.45729894851059866,466.66052513971533
393,0,normal,0.66661536693573,0.45589119177451115,364.8308166921428
394,0,normal,121.60963439941406,0.48455806675495033,556.9433702483486
395,0,normal,3.293635845184326,0.490549480555699,564.757031929229
396,0,normal,3.101921796798706,0.4861307881055188,570.7248899748593
397,0,normal,0.5024067163467407,0.47842241158091425,570.6069849958116
398,0,normal,2.19983172416687,0.5004500955349812,491.92875865229075
399,0,normal,0.059371788054704666,0.492034081920607,491.991345338363
400,0,normal,0.02250799536705017,0.4861028186677144,492.00492335203865
401,0,normal,0.016989417374134064,0.4821716836067646,491.74036148326206
402,0,normal,0.013011183589696884,0.48739469944476776,491.6397891096972
403,0,normal,0.009568757377564907,0.49842993558825166,491.6779810301399
404,0,normal,0.006980892736464739,0.49915707219586897,491.7313389800428
405,0,normal,0.005224982742220163,0.48966710487601844,491.81177146536186
406,0,normal,0.004155455157160759,0.48473109934776387,491.9496477608998
407,0,normal,0.0035969146993011236,0.49065349125130986,492.05085477304124
408,0,normal,0.0033811968751251698,0.4898079081542613,492.2257359824872
409,0,normal,0.0033663390204310417,0.489862533590363,492.50791289572464
410,0,normal,0.00344756874255836,0.4818692244043977,492.8700037108023
411,0,normal,0.003558875061571598,0.5125897429215768,493.42575680874825
412,0,normal,0.0036663466598838568,0.4957884044544676,494.17909997846357
413,0,normal,0.003754272125661373,0.4548769325391349,477.73036248882556
414,0,normal,0.0038285222835838795,0.47215462906104805,478.4535487979973
415,0,normal,0.0038889129646122456,0.4777481743236107,479.2405544774342
416,0,normal,0.003938878420740366,0.457789094284219,472.1973593591264
417,0,normal,0.003981461748480797,0.4318244570917129,456.27134783474855
418,0,normal,0.004017682746052742,0.4221606579321261,425.9465480849925
419,0,normal,0.004049196839332581,0.3971260346750299,425.19994974866165
420,0,normal,0.00407698517665267,0.3822718429828543,393.52696729959223
421,0,normal,0.004099065903574228,0.3697154594804936,392.96847045633285
422,0,normal,0.004115009680390358,0.3727596282612658,392.1673938351071
423,0,normal,0.00412434758618474,0.35797651665984986,391.00269419495817
424,0,normal,0.004128588363528252,0.36378867288312966,-9.614527334872037
425,0,normal,0.004094742704182863,0.33833570174863253,-26.89514342525058
426,0,normal,0.004058622755110264,0.3299586058700084,-40.59510611764813
427,0,normal,0.0040837619453668594,0.32715017041907024,-40.533345638516266
428,0,normal,0.004116841591894627,0.3096891847509708,-55.40890760946763
429,0,normal,0.004116841591894627,0.3096891847509708,-55.40890760946763
430,0,normal,0.004116841591894627,0.3096891847509708,-55.40890760946763
431,0,normal,0.004116841591894627,0.3096891847509708,-55.40890760946763
432,0,normal,0.004116841591894627,0.3096891847509708,-55.40890760946763
433,0,normal,7.44751501083374,0.3243470847605474,-24.826490424591157
434,0,normal,0.04896416887640953,0.34210708507903437,-24.997925597673884
435,0,normal,0.5408746004104614,0.3268881500123117,-25.284586343469755
436,0,normal,1.6049847602844238,0.35822561774273665,-0.27345054139709646
437,0,normal,0.17567051947116852,0.3612279444692819,0.25389278290822404
438,0,normal,0.2324112206697464,0.3753750367969496,1.5383614713643965
439,0,normal,0.2631765604019165,0.37515987021619873,2.860084655726723
440,0,normal,0.5726982951164246,0.37433771565955737,2.6521114820416187
441,0,normal,0.36742541193962097,0.38549558602849177,4.022700204987132
442,0,normal,0.26763051748275757,0.39644092442129836,5.339729606234869
443,0,normal,0.3374653458595276,0.4047575174691509,5.210823607739712
444,0,normal,5.050839424133301,0.43406793021114176,30.748240643610416
445,0,normal,0.37683314085006714,0.41154724034617735,30.421087378396805
446,0,normal,0.5996136665344238,0.43565457443237166,31.852533501137714
447,0,normal,1.3452553749084473,0.4347141987858766,37.2862523951967
448,0,normal,1.6463218927383423,0.42524323227211097,44.98343269999941
449,0,normal,0.04240754246711731,0.45673101649879033,44.980099231107715
450,0,normal,0.011171018704771996,0.4329321845550673,44.822221247642574
451,0,normal,0.003639086615294218,0.45900020404507436,44.51726061253021
452,0,normal,0.0016123970272019506,0.4404525845436819,44.42681474760684
453,0,normal,0.0017756933812052011,0.4257820885313719,44.56215506589092
454,0,normal,0.002721698023378849,0.4405792521715905,44.636922340061574
455,0,normal,0.0036905573215335608,0.4354060246491832,44.75832344843866
456,0,normal,0.004331578034907579,0.4170108532098716,45.01536391497393
457,0,normal,0.004577526357024908,0.43640941583209264,45.206018636901035
458,0,normal,0.0045309108681976795,0.445181915632646,45.50803158249619
459,0,normal,0.004346888046711683,0.432212058340446,45.911978887240366
460,0,normal,0.004150792956352234,0.43130366050090646,46.24849099372955
461,0,normal,0.004008768126368523,0.46596639166969617,47.09728013238646
462,0,normal,0.00393659807741642,0.4309596063257726,47.89604753447111
463,0,normal,0.003905955236405134,0.4178502671231405,20.77542283818184
464,0,normal,0.00393346231430769,0.4233419492915204,21.631775277623547
465,0,normal,0.003970954101532698,0.41640647958887334,22.507816810572876
466,0,normal,0.003995226696133614,0.3919189767283504,-4.509112408514284
467,0,normal,0.004033478442579508,0.3836069391951357,-5.894447448303708
468,0,normal,0.004068193957209587,0.3816796893227302,-7.422852530172804
469,0,normal,0.0040979511104524136,0.38449503026785864,-8.567596452408225
470,0,normal,0.004114280454814434,0.3639751696062992,-7.418419684903483
471,0,normal,0.004123876336961985,0.3663255093912252,-8.769072504265068
472,0,normal,0.004121006466448307,0.3541213835674033,-10.511543420668204
473,0,normal,0.0041163284331560135,0.3553630976246527,-9.980007034424489
474,0,normal,0.00393151817843318,0.3370015452808682,-38.489713556056586
475,0,normal,0.003988049924373627,0.3329630714964199,-38.22017714601043
476,0,normal,0.004059651866555214,0.3320478452954331,-40.59494995578734
477,0,normal,0.004091324750334024,0.32236526858684955,-46.53047152461568
478,0,normal,0.004116841591894627,0.3096891847509708,-55.40890760946763
479,0,normal,0.004116841591894627,0.3096891847509708,-55.40890760946763
480,0,normal,0.004116841591894627,0.3096891847509708,-55.40890760946763
481,0,normal,7.44751501083374,0.3243470847605474,-24.826490424591157
482,0,normal,0.04896416887640953,0.34210708507903437,-24.997925597673884
483,0,normal,0.5408746004104614,0.3268881500123117,-25.284586343469755
484,0,normal,1.6049847602844238,0.35822561774273665,-0.27345054139709646
485,0,normal,0.17567051947116852,0.3612279444692819,0.25389278290822404
486,0,normal,0.2324112206697464,0.3753750367969496,1.5383614713643965
487,0,normal,0.6419821381568909,0.369127011356316,1.3394934005659707
488,0,normal,0.4001721739768982,0.376573855088405,2.6937025456932133
489,0,normal,0.31460559368133545,0.3888966915608265,4.006078203958623
490,0,normal,0.2648395299911499,0.39411660813785154,5.37308671216806
491,0,normal,0.24689452350139618,0.4113903362931852,6.734931090280497
492,0,normal,2.8117222785949707,0.4277280631144547,21.92532388378754
493,0,normal,3.249525308609009,0.4101658436629271,32.008734278146676
494,0,normal,0.5258207321166992,0.4360591874058303,33.25104774825695
495,0,normal,0.5111806988716125,0.4425824768270945,33.06443129338345
496,0,normal,2.3331823348999023,0.426455502017782,46.357249443999535
497,0,normal,0.05735393986105919,0.46327705379675777,46.40800059598132
498,0,normal,0.01796840690076351,0.43387388610814714,46.43885650284551
499,0,normal,0.01043434627354145,0.44118231241968714,46.064587328630296
500,0,normal,0.005837042350322008,0.441377197331509,45.87989883664318
501,0,normal,0.0031950047705322504,0.43493369394214954,46.00978023345715
502,0,normal,0.0020962292328476906,0.4456610431075824,46.10319260828783
503,0,normal,0.0019292538054287434,0.44795630333296543,46.239989066390535
504,0,normal,0.0022129076533019543,0.4254310071616721,46.49414201508284
505,0,normal,0.0026350487023591995,0.4338932458510371,46.69255650163518
506,0,normal,0.003026815364137292,0.4333085595892662,46.970487891853736
507,0,normal,0.003324163379147649,0.4478708672956343,47.369994410008985
508,0,normal,0.003525896230712533,0.43115581470814146,47.70513588216318
509,0,normal,0.0036573586985468864,0.4529745111224307,48.52897743881795
510,0,normal,0.003746790112927556,0.4299781792715135,49.30476995549179
511,0,normal,0.0038045039400458336,0.4205910395223679,22.203829498050936
512,0,normal,0.0038653877563774586,0.42772673853275933,23.016171185982103
513,0,normal,0.003917667083442211,0.41464876300585984,23.895199954952204
514,0,normal,0.0039503672160208225,0.40519339670388155,-3.043124415729153
515,0,normal,0.003993867430835962,0.38419745076707784,-4.467979315427101
516,0,normal,0.0040336716920137405,0.3895194183841442,-5.76624154541787
517,0,normal,0.004065150395035744,0.3818708453536017,-4.48279234179563
518,0,normal,0.004094241186976433,0.37051174321169367,-5.504550477481416
519,0,normal,0.004114157520234585,0.36632033789847107,-6.642735796477382
520,0,normal,0.004122363869100809,0.3581060650910351,-8.133298121460712
521,0,normal,0.004120164550840855,0.3593252813283139,-9.977138184832484
522,0,normal,0.004059037193655968,0.34597874215170965,-27.164132824657372
523,0,normal,0.003999398089945316,0.3305387656213625,-38.223657479460826
524,0,normal,0.004058622755110264,0.3299586058700084,-40.59510611764813
525,0,normal,0.0040837619453668594,0.32715017041907024,-40.533345638516266
526,0,normal,0.004116841591894627,0.3096891847509708,-55.40890760946763
527,0,normal,0.004116841591894627,0.3096891847509708,-55.40890760946763
528,0,normal,0.004116841591894627,0.3096891847509708,-55.40890760946763
529,0,normal,0.004116841591894627,0.3096891847509708,-55.40890760946763
530,0,normal,0.004116841591894627,0.3096891847509708,-55.40890760946763
531,0,normal,7.44751501083374,0.3243470847605474,-24.826490424591157
532,0,normal,0.04896416887640953,0.34210708507903437,-24.997925597673884
533,0,normal,0.5408746004104614,0.3268881500123117,-25.284586343469755
534,0,normal,1.6049847602844238,0.35822561774273665,-0.27345054139709646
535,0,normal,0.17567051947116852,0.3612279444692819,0.25389278290822404
536,0,normal,0.2324112206697464,0.3753750367969496,1.5383614713643965
537,0,normal,0.2631765604019165,0.37515987021619873,2.860084655726723
538,0,normal,0.5726982951164246,0.37433771565955737,2.6521114820416187
539,0,normal,0.36742541193962097,0.38549558602849177,4.022700204987132
540,0,normal,0.26763051748275757,0.39644092442129836,5.339729606234869
541,0,normal,0.2514873743057251,0.4088993158881279,6.7273577595362894
542,0,normal,0.6654113531112671,0.4026144218893241,6.579299248508505
543,0,normal,2.8611414432525635,0.41342766493452704,32.04603377855892
544,0,normal,0.22528775036334991,0.4327324424413178,33.17219759109321
545,0,normal,0.5566391348838806,0.4349767075809965,33.032860385005506
546,0,normal,2.2347524166107178,0.4411536202384735,46.27924494288641
547,0,normal,0.048539865761995316,0.4499842332894195,46.30120863808611
548,0,normal,0.014909803867340088,0.44849243887410856,46.35056875346913
549,0,normal,0.00879158265888691,0.43905800760703967,45.96365520473523
550,0,normal,0.005264790263026953,0.441017434718544,45.78754533179335
551,0,normal,0.0032000835053622723,0.4474977775892068,45.90023982802245
552,0,normal,0.002313411794602871,0.4322304303314712,46.01686751491843
553,0,normal,0.0021541996393352747,0.4470609315037331,46.18560947970718
554,0,normal,0.0023642948362976313,0.43437758386060665,46.395538487950716
555,0,normal,0.0027062350418418646,0.4323610097238969,46.614816033448506
556,0,normal,0.003044120967388153,0.4287294266032367,46.89386850546657
557,0,normal,0.0033181628677994013,0.44265516704955993,47.309294208373785
558,0,normal,0.0035174994263798,0.4389010823705618,47.63589740790326
559,0,normal,0.00365545810200274,0.46336514956503444,48.51736806858048
560,0,normal,0.0037517945747822523,0.4321007169347108,49.30217939461636
561,0,normal,0.003815170843154192,0.42072762220140614,22.215208796903653
562,0,normal,0.00387414637953043,0.42835109535512317,23.07472207763317
563,0,normal,0.003923581913113594,0.413913671718802,23.973172550934123
564,0,normal,0.003959978930652142,0.3904041640274471,-3.0418143704584963
565,0,normal,0.003999238833785057,0.3987658920939917,-4.490865573953215
566,0,normal,0.00403451407328248,0.38104080024856524,-5.777452934157282
567,0,normal,0.004066220950335264,0.3732973869377193,-7.278335945239405
568,0,normal,0.004090092610567808,0.3902329559300654,-5.853158297090431
569,0,normal,0.004112141206860542,0.364798679774965,-6.966491128851203
570,0,normal,0.004125277977436781,0.35941726731203893,-8.355361582509659
571,0,normal,0.004129268229007721,0.34849847189272787,-10.165410687551912
572,0,normal,0.004129489418119192,0.3611610043267739,-9.639359488568516
573,0,normal,0.003999398089945316,0.3305387656213625,-38.223657479460826
574,0,normal,0.004058622755110264,0.3299586058700084,-40.59510611764813
575,0,normal,0.0040837619453668594,0.32715017041907024,-40.533345638516266
576,0,normal,0.004116841591894627,0.3096891847509708,-55.40890760946763
577,0,normal,0.004116841591894627,0.3096891847509708,-55.40890760946763
578,0,normal,0.004116841591894627,0.3096891847509708,-55.40890760946763
579,0,normal,0.004116841591894627,0.3096891847509708,-55.40890760946763
580,0,normal,0.004116841591894627,0.3096891847509708,-55.40890760946763
581,0,normal,0.004116841591894627,0.3096891847509708,-55.40890760946763
582,0,normal,0.004116841591894627,0.3096891847509708,-55.40890760946763
583,0,normal,0.004116841591894627,0.3096891847509708,-55.40890760946763
584,0,normal,0.004116841591894627,0.3096891847509708,-55.40890760946763
585,0,normal,0.004116841591894627,0.3096891847509708,-55.40890760946763
586,0,normal,0.004116841591894627,0.3096891847509708,-55.40890760946763
587,0,normal,0.004116841591894627,0.3096891847509708,-55.40890760946763
588,0,normal,0.004116841591894627,0.3096891847509708,-55.40890760946763
589,0,normal,0.004116841591894627,0.3096891847509708,-55.40890760946763
590,0,normal,0.004116841591894627,0.3096891847509708,-55.40890760946763
591,0,normal,0.004116841591894627,0.3096891847509708,-55.40890760946763
592,0,normal,0.004116841591894627,0.3096891847509708,-55.40890760946763
593,0,normal,0.004116841591894627,0.3096891847509708,-55.40890760946763
594,0,normal,0.004116841591894627,0.3096891847509708,-55.40890760946763
595,0,normal,0.004116841591894627,0.3096891847509708,-55.40890760946763
596,0,normal,0.004116841591894627,0.3096891847509708,-55.40890760946763
597,0,normal,0.004116841591894627,0.3096891847509708,-55.40890760946763
598,0,normal,0.004116841591894627,0.3096891847509708,-55.40890760946763
599,0,normal,0.004116841591894627,0.3096891847509708,-55.40890760946763
600,0,normal,0.004116841591894627,0.3096891847509708,-55.40890760946763
601,0,normal,0.004116841591894627,0.3096891847509708,-55.40890760946763
602,0,normal,0.004116841591894627,0.3096891847509708,-55.40890760946763
603,0,normal,0.004116841591894627,0.3096891847509708,-55.40890760946763
604,0,normal,0.004116841591894627,0.3096891847509708,-55.40890760946763
605,0,normal,0.004116841591894627,0.3096891847509708,-55.40890760946763
606,0,normal,0.004116841591894627,0.3096891847509708,-55.40890760946763
607,0,normal,0.004116841591894627,0.3096891847509708,-55.40890760946763
608,0,normal,0.004116841591894627,0.3096891847509708,-55.40890760946763
609,0,normal,0.004116841591894627,0.3096891847509708,-55.40890760946763
610,0,normal,0.004116841591894627,0.3096891847509708,-55.40890760946763
611,0,normal,0.004116841591894627,0.3096891847509708,-55.40890760946763
612,0,normal,0.004116841591894627,0.3096891847509708,-55.40890760946763
613,0,normal,0.004116841591894627,0.3096891847509708,-55.40890760946763
614,0,normal,0.004116841591894627,0.3096891847509708,-55.40890760946763
615,0,normal,0.004116841591894627,0.3096891847509708,-55.40890760946763
616,0,normal,0.004116841591894627,0.3096891847509708,-55.40890760946763
617,0,normal,0.004116841591894627,0.3096891847509708,-55.40890760946763
618,0,normal,0.004116841591894627,0.3096891847509708,-55.40890760946763
619,0,normal,0.004116841591894627,0.3096891847509708,-55.40890760946763
620,0,normal,0.004116841591894627,0.3096891847509708,-55.40890760946763
621,0,normal,0.004116841591894627,0.3096891847509708,-55.40890760946763
622,0,normal,0.004116841591894627,0.3096891847509708,-55.40890760946763
623,0,normal,0.004116841591894627,0.3096891847509708,-55.40890760946763
624,0,normal,0.004116841591894627,0.3096891847509708,-55.40890760946763
625,0,normal,0.004116841591894627,0.3096891847509708,-55.40890760946763
626,0,normal,0.004116841591894627,0.3096891847509708,-55.40890760946763
627,0,normal,0.004116841591894627,0.3096891847509708,-55.40890760946763
628,0,normal,7.44751501083374,0.3243470847605474,-24.826490424591157
629,0,normal,0.04896416887640953,0.34210708507903437,-24.997925597673884
630,0,normal,0.8746205568313599,0.33289516574164235,-23.693920639084126
631,0,normal,1.4477405548095703,0.36849878713585593,1.2302097148397024
632,0,normal,0.6009873747825623,0.35958713531526043,0.24790783362846014
633,0,normal,0.2706771194934845,0.37732351891166954,1.5402370676151804
634,0,normal,0.2865820825099945,0.37959526154046447,2.8374608094347877
635,0,normal,0.31495022773742676,0.3792192700720709,4.198470447892532
636,0,normal,0.28639376163482666,0.3981997984956013,5.54731335755946
637,0,normal,0.23720915615558624,0.3948286224457169,6.871843369597173
638,0,normal,0.24486038088798523,0.4087969041714785,8.220572353878197
639,0,normal,0.5453956127166748,0.4111268625461387,9.573873803363767
640,0,normal,2.1352128982543945,0.42782098237704247,34.933846785014566
641,0,normal,0.45374181866645813,0.4426891892125602,34.600371910951026
642,0,normal,0.3614664375782013,0.43976041035113805,35.05224639100766
643,0,normal,2.230231761932373,0.43459789325930187,48.244489059230546
644,0,normal,0.0415194109082222,0.44480397970837104,48.329960137627495
645,0,normal,0.010859396308660507,0.4625890272892325,48.36194070240026
646,0,normal,0.006138174794614315,0.44012603681390133,47.96005770831903
647,0,normal,0.0034885769709944725,0.45303598571337544,47.789243011181725
648,0,normal,0.00212774146348238,0.4491921942848909,47.90077302881036
649,0,normal,0.0017313288990408182,0.44159186065279266,48.01655201194649
650,0,normal,0.0018838482210412621,0.44841143364318203,48.18698634911971
651,0,normal,0.0022703916765749454,0.4330547568164719,48.40688473307796
652,0,normal,0.0026953357737511396,0.4366111560910382,48.64192207739984
653,0,normal,0.003060138551518321,0.43150682896565473,48.955044877620594
654,0,normal,0.003334052860736847,0.44524979861652714,49.39191718963707
655,0,normal,0.003524755360558629,0.43379039769525574,49.79042792480368
656,0,normal,0.0036546802148222923,0.4655881379872183,50.73827754438321
657,0,normal,0.003746351459994912,0.44608539590772045,51.553082754169736
658,0,normal,0.00380832445807755,0.4185322838792007,24.594819498016705
659,0,normal,0.0038670003414154053,0.4337273374150438,25.520716928671845
660,0,normal,0.003916737157851458,0.41807155969950865,24.06784180584873
661,0,normal,0.003952242434024811,0.396523820474536,-2.9119983050177325
662,0,normal,0.003990837372839451,0.3976019468661629,-1.7937129631575317
663,0,normal,0.004025991540402174,0.3849641679160955,-2.8722224063717476
664,0,normal,0.004057294689118862,0.3825861719102039,-4.131551426650276
665,0,normal,0.004084380809217691,0.38489499231699037,-4.962727096928802
666,0,normal,0.004105988424271345,0.3675422766824446,-6.00758020820399
667,0,normal,0.00411992846056819,0.3647450642116027,-7.313072073244939
668,0,normal,0.0041254302486777306,0.35887693351349337,-9.054329995267153
669,0,normal,0.004123678430914879,0.35962797463827323,-11.029773404543448
670,0,normal,0.004007570445537567,0.32603027791959455,-39.72343667256837
671,0,normal,0.004043907858431339,0.33463341102624644,-39.55360901164272
672,0,normal,0.0040837619453668594,0.32715017041907024,-40.533345638516266
673,0,normal,0.004116841591894627,0.3096891847509708,-55.40890760946763
674,0,normal,0.004116841591894627,0.3096891847509708,-55.40890760946763
675,0,normal,0.004116841591894627,0.3096891847509708,-55.40890760946763
676,0,normal,7.44751501083374,0.3243470847605474,-24.826490424591157
677,0,normal,0.04896416887640953,0.34210708507903437,-24.997925597673884
678,0,normal,4.476324081420898,0.3662029327502714,1.1192849961255433
679,0,normal,0.22226375341415405,0.35619342100915213,1.093101289923652
680,0,normal,0.270473450422287,0.36968359579287186,1.863123701055656
681,0,normal,0.3074735999107361,0.3742962659384501,3.117133230575064
682,0,normal,0.3121332824230194,0.3756316808795814,4.436589379712359
683,0,normal,0.267274409532547,0.39192794058154706,5.748564217651165
684,0,normal,0.22069573402404785,0.3947903373977837,7.074942808726291
685,0,normal,0.24155741930007935,0.4095776466368512,8.411541589317494
686,0,normal,0.5140682458877563,0.4141449620095003,9.775721673494672
687,0,normal,1.9953128099441528,0.4346841041189567,24.958197186847883
688,0,normal,2.5443332195281982,0.42036640464442604,36.49076755632154
689,0,normal,1.5717271566390991,0.45140128934311907,41.78080899026895
690,0,normal,1.3734848499298096,0.44307880381878123,49.42134107195784
691,0,normal,0.05617190897464752,0.4417652290334825,49.43360570829191
692,0,normal,0.03073793277144432,0.4538527122141078,49.3583611682875
693,0,normal,0.02540009282529354,0.45067927347323705,49.07891350725936
694,0,normal,0.020617714151740074,0.44702226438722675,49.05840896147447
695,0,normal,0.016014881432056427,0.44695861415985966,49.06677661909657
696,0,normal,0.012021570466458797,0.4464058812777877,49.2154473237274
697,0,normal,0.008884814567863941,0.45267246900187363,49.317327963231264
698,0,normal,0.006630279589444399,0.44121665645134356,49.42971839129609
699,0,normal,0.005152652971446514,0.4213846606947215,49.68640982581974
700,0,normal,0.004285348579287529,0.4390854495675804,49.995545592738154
701,0,normal,0.003848114050924778,0.4190564943862141,50.35346158192874
702,0,normal,0.003680224996060133,0.4533511862636587,50.69541651060922
703,0,normal,0.003658812493085861,0.4752623163071058,51.53471974752483
704,0,normal,0.0037028288934379816,0.4430897804463586,52.33353010167207
705,0,normal,0.003766660112887621,0.43320144587829795,53.24453037751505
706,0,normal,0.003821343183517456,0.44541860696664914,26.234991857887735
707,0,normal,0.0038761566393077374,0.4313208460830256,27.258535087723658
708,0,normal,0.003914074972271919,0.3928444107538671,0.4797143170517302
709,0,normal,0.003955968655645847,0.4161089638231222,-0.7664047232829034
710,0,normal,0.003993897698819637,0.3856253157438794,-1.8602435468128533
711,0,normal,0.004029096104204655,0.38278802844084814,-2.9964218579923454
712,0,normal,0.004061850253492594,0.37968861243455954,-3.973723705204975
713,0,normal,0.004091006703674793,0.37363228135782955,-4.873200941613277
714,0,normal,0.004113504663109779,0.36648229651045183,-6.12673722986483
715,0,normal,0.004126953426748514,0.35499784230827885,-7.729371832968582
716,0,normal,0.004132440779358149,0.36538787435111764,-9.60968492264874
717,0,normal,0.004098108969628811,0.3403383766304134,-26.891186817242442
718,0,normal,0.004059651866555214,0.3320478452954331,-40.59494995578734
719,0,normal,0.004091324750334024,0.32236526858684955,-46.53047152461568
720,0,normal,0.004116841591894627,0.3096891847509708,-55.40890760946763
721,0,normal,0.004116841591894627,0.3096891847509708,-55.40890760946763
722,0,normal,0.004116841591894627,0.3096891847509708,-55.40890760946763
723,0,normal,0.004116841591894627,0.3096891847509708,-55.40890760946763
724,0,normal,0.004116841591894627,0.3096891847509708,-55.40890760946763
725,0,normal,0.004116841591894627,0.3096891847509708,-55.40890760946763
726,0,normal,7.44751501083374,0.3243470847605474,-24.826490424591157
727,0,normal,0.04896416887640953,0.34210708507903437,-24.997925597673884
728,0,normal,4.476324081420898,0.3662029327502714,1.1192849961255433
729,0,normal,0.22226375341415405,0.35619342100915213,1.093101289923652
730,0,normal,0.270473450422287,0.36968359579287186,1.863123701055656
731,0,normal,0.3074735999107361,0.3742962659384501,3.117133230575064
732,0,normal,11.715335845947266,0.40106447433446657,51.56522259391636
733,0,normal,0.3219773471355438,0.4155491572584442,52.70079878667707
734,0,normal,10.456619262695312,0.44204094606169414,99.02134188180139
735,0,normal,0.4486147463321686,0.4500559285045289,99.96748423854228
736,0,normal,0.8331646919250488,0.4540332750207448,101.13925597072443
737,0,normal,2.0125691890716553,0.47336340673882876,124.26514819663726
738,0,normal,0.21247179806232452,0.463171284993632,125.27677955999343
739,0,normal,0.36899352073669434,0.49082901113444494,125.6793739177582
740,0,normal,2.16988468170166,0.4839120129013033,137.86522859201023
741,0,normal,0.04474687948822975,0.4850648610226461,137.9338596640954
742,0,normal,0.010080406442284584,0.4983208506116121,138.04856156913786
743,0,normal,0.005320378579199314,0.4720132674728765,137.70888142927015
744,0,normal,0.002973097376525402,0.47815807014943584,137.5598083313705
745,0,normal,0.0018100576708093286,0.47235082450185645,137.50288940543317
746,0,normal,0.0015511097153648734,0.4831508586170405,137.60859518179916
747,0,normal,0.0018028629710897803,0.48643959939482034,137.63126387174225
748,0,normal,0.002256307750940323,0.4792473289462321,137.73000829611215
749,0,normal,0.0027190782129764557,0.46147530619214083,137.95784021379404
750,0,normal,0.003098574699833989,0.4762926370161276,138.21766834815048
751,0,normal,0.0033723157830536366,0.45918132706690296,138.54410050155707
752,0,normal,0.0035560810938477516,0.4912982942653071,138.8659769332436
753,0,normal,0.0036781919188797474,0.5133275687221578,139.6401051994311
754,0,normal,0.0037642228417098522,0.48998937279197713,140.44927042307359
755,0,normal,0.0038312922697514296,0.47186863589872524,141.44639636851423
756,0,normal,0.0038835816085338593,0.464263591630959,116.79689399677977
757,0,normal,0.003932806197553873,0.4573101078622929,118.07536159767267
758,0,normal,0.003962586168199778,0.43175056220759167,93.67088487986985
759,0,normal,0.004001343622803688,0.44058187134749144,92.81229184827566
760,0,normal,0.004036246798932552,0.43390718121839633,91.93338384884555
761,0,normal,0.0040666949935257435,0.40656319802461477,90.86331064184583
762,0,normal,0.004093238618224859,0.4080660016955178,44.46982366634688
763,0,normal,0.004113161936402321,0.3835830975556854,43.55835139092892
764,0,normal,0.004126196727156639,0.36728476218482964,-5.358841937598754
765,0,normal,0.004131666850298643,0.361607648713802,-6.954652441874941
766,0,normal,0.00413028709590435,0.36507636998652165,-8.763895594578571
767,0,normal,0.00397418113425374,0.3342736405005943,-37.247884704653416
768,0,normal,0.004043907858431339,0.33463341102624644,-39.55360901164272
769,0,normal,0.0040837619453668594,0.32715017041907024,-40.533345638516266
770,0,normal,0.004116841591894627,0.3096891847509708,-55.40890760946763
771,0,normal,0.004116841591894627,0.3096891847509708,-55.40890760946763
772,0,normal,0.004116841591894627,0.3096891847509708,-55.40890760946763
773,0,normal,7.44751501083374,0.3243470847605474,-24.826490424591157
774,0,normal,0.04896416887640953,0.34210708507903437,-24.997925597673884
775,0,normal,2.345215320587158,0.3498820157064526,-12.98388830209501
776,0,normal,1.80845046043396,0.3859434245463734,11.559114419312664
777,0,normal,0.18545030057430267,0.379317840733877,12.105962410665825
778,0,normal,0.2519851326942444,0.3931846453605112,13.357199117747996
779,0,normal,0.29473698139190674,0.38791420289554074,14.672089380701436
780,0,normal,0.3070722222328186,0.3917770177366998,15.99229679856353
781,0,normal,0.26934775710105896,0.41026783677767215,17.337956064513264
782,0,normal,0.22422242164611816,0.4131418437546315,18.66769412278859
783,0,normal,0.24477845430374146,0.4256070378502607,20.032978738023303
784,0,normal,0.5561552047729492,0.42323132755849113,21.404940327894337
785,0,normal,2.1167566776275635,0.4347109061436176,46.518215686665826
786,0,normal,0.45816051959991455,0.4500084208705266,46.190544632015644
787,0,normal,2.2935471534729004,0.45471474250626637,59.23707027543469
788,0,normal,0.03587765246629715,0.4554777850392586,59.28084487522642
789,0,normal,0.014661777764558792,0.446024038865978,59.369895522276465
790,0,normal,0.012838765047490597,0.4614468452919296,59.01925132311089
791,0,normal,0.011219463311135769,0.44780037482470936,58.89158685455982
792,0,normal,0.009196045808494091,0.45742954192097884,58.921429839710754
793,0,normal,0.007344996556639671,0.4559470754813728,59.02791759744582
794,0,normal,0.005873864516615868,0.4512864928491329,59.11908199262484
795,0,normal,0.004822924733161926,0.44187329147735643,59.25901071248177
796,0,normal,0.004153192508965731,0.44208887630490495,59.46904488397536
797,0,normal,0.0037863319739699364,0.4435563748172433,59.74004693839993
798,0,normal,0.0036315214820206165,0.4390022512747718,60.112981490241964
799,0,normal,0.003605780191719532,0.4398235912554099,60.570718311718565
800,0,normal,0.003645683638751507,0.46355833495326343,61.19955637476596
801,0,normal,0.0037101448979228735,0.47679584224640537,62.28891349785431
802,0,normal,0.003776991507038474,0.4477981103841939,63.28238402106126
803,0,normal,0.0038315104320645332,0.42906264234903546,36.796486419080566
804,0,normal,0.003882913151755929,0.43337717201480747,37.838208825569154
805,0,normal,0.0039255982264876366,0.4246153259092848,25.908978082826707
806,0,normal,0.003953563515096903,0.400838559269955,-0.8993419766395618
807,0,normal,0.003988173790276051,0.40115014513735464,-2.013027616262889
808,0,normal,0.004020055290311575,0.3776826066032285,-3.115524344728783
809,0,normal,0.004049734212458134,0.37265300705101917,-4.35433754558926
810,0,normal,0.004076957702636719,0.38214792398177483,-5.119515713257897
811,0,normal,0.004100363701581955,0.3625805003984339,-6.331287381260381
812,0,normal,0.004117521457374096,0.35985420912333166,-7.8003756416890155
813,0,normal,0.00412721699103713,0.35809531393063854,-9.653542799064326
814,0,normal,0.004130373243242502,0.35076260935478903,-11.772842569680506
815,0,normal,0.004058622755110264,0.3299586058700084,-40.59510611764813
816,0,normal,0.0040837619453668594,0.32715017041907024,-40.533345638516266
817,0,normal,0.004116841591894627,0.3096891847509708,-55.40890760946763
818,0,normal,0.004116841591894627,0.3096891847509708,-55.40890760946763
819,0,normal,0.004116841591894627,0.3096891847509708,-55.40890760946763
820,0,normal,0.004116841591894627,0.3096891847509708,-55.40890760946763
821,0,normal,0.004116841591894627,0.3096891847509708,-55.40890760946763
822,0,normal,0.004116841591894627,0.3096891847509708,-55.40890760946763
823,0,normal,7.44751501083374,0.3243470847605474,-24.826490424591157
824,0,normal,0.04896416887640953,0.34210708507903437,-24.997925597673884
825,0,normal,4.476324081420898,0.3662029327502714,1.1192849961255433
826,0,normal,0.22226375341415405,0.35619342100915213,1.093101289923652
827,0,normal,0.270473450422287,0.36968359579287186,1.863123701055656
828,0,normal,0.3074735999107361,0.3742962659384501,3.117133230575064
829,0,normal,0.5926042199134827,0.37075727241250467,2.9205543992118237
830,0,normal,0.3659015893936157,0.3884686013583898,4.279498811374879
831,0,normal,0.26020726561546326,0.39411602748247593,5.594577623322266
832,0,normal,0.23615720868110657,0.4066613757405403,6.9698592555480445
833,0,normal,0.4060131907463074,0.411864213317664,8.346799530301496
834,0,normal,1.1740540266036987,0.40875256186567377,9.717215848974547
835,0,normal,1.1501551866531372,0.4293088930091561,35.08714352228935
836,0,normal,0.25819894671440125,0.44618028803219806,35.28122616324936
837,0,normal,2.249591827392578,0.4441229784586254,48.48193635087682
838,0,normal,0.03290912136435509,0.45893493858360707,48.501960476806744
839,0,normal,0.010649636387825012,0.44153013778727496,48.563498139510784
840,0,normal,0.008884166367352009,0.4527110721571088,48.18219894258277
841,0,normal,0.007966971024870872,0.4407475564893605,48.0569031443506
842,0,normal,0.006745149381458759,0.44928220370903904,48.07273300647239
843,0,normal,0.005605202633887529,0.4521847490891606,48.21826243920896
844,0,normal,0.00470711849629879,0.4554556060288953,48.34815995142321
845,0,normal,0.004086838569492102,0.4338331844108428,48.48928643700674
846,0,normal,0.003720150562003255,0.43727125420125984,48.721369063945986
847,0,normal,0.0035522340331226587,0.4347102720504662,49.058784549767324
848,0,normal,0.003518363693729043,0.42348499302824066,49.42720276629666
849,0,normal,0.0035599847324192524,0.4448131496215497,49.76866218004261
850,0,normal,0.003633716842159629,0.4680923547707513,50.59974337862354
851,0,normal,0.003713073441758752,0.45127629763958405,51.39302518054569
852,0,normal,0.0037852940149605274,0.43982052764197266,52.24613400889757
853,0,normal,0.003839218057692051,0.4199536990814774,25.155166699312304
854,0,normal,0.0038901260122656822,0.4202564126159492,26.06022736006912
855,0,normal,0.003927807789295912,0.40271697376015486,-0.9254138277947277
856,0,normal,0.003965276759117842,0.3976171203477892,-2.4113752139182907
857,0,normal,0.003999108448624611,0.39652943838553273,-3.6818421173456954
858,0,normal,0.004030547104775906,0.37567123273263664,-4.900668470240589
859,0,normal,0.0040570637211203575,0.3732331269814962,-3.7331721671150717
860,0,normal,0.0040834685787558556,0.384890368334205,-4.446540674843391
861,0,normal,0.0041061402298510075,0.36516318644982887,-5.592185359174437
862,0,normal,0.004122532904148102,0.36291807371110846,-6.990005400347627
863,0,normal,0.004131544381380081,0.3624675938017179,-8.777800585042087
864,0,normal,0.00413413904607296,0.35456603486654986,-10.823259040708763
865,0,normal,0.004043907858431339,0.33463341102624644,-39.55360901164272
866,0,normal,0.0040837619453668594,0.32715017041907024,-40.533345638516266
867,0,normal,0.004116841591894627,0.3096891847509708,-55.40890760946763
868,0,normal,0.004116841591894627,0.3096891847509708,-55.40890760946763
869,0,normal,0.004116841591894627,0.3096891847509708,-55.40890760946763
870,0,normal,0.004116841591894627,0.3096891847509708,-55.40890760946763
871,0,normal,0.004116841591894627,0.3096891847509708,-55.40890760946763
872,0,normal,0.004116841591894627,0.3096891847509708,-55.40890760946763
873,0,normal,0.004116841591894627,0.3096891847509708,-55.40890760946763
874,0,normal,0.004116841591894627,0.3096891847509708,-55.40890760946763
875,0,normal,0.004116841591894627,0.3096891847509708,-55.40890760946763
876,0,normal,0.004116841591894627,0.3096891847509708,-55.40890760946763
877,0,normal,0.004116841591894627,0.3096891847509708,-55.40890760946763
878,0,normal,0.004116841591894627,0.3096891847509708,-55.40890760946763
879,0,normal,0.004116841591894627,0.3096891847509708,-55.40890760946763
880,0,normal,0.004116841591894627,0.3096891847509708,-55.40890760946763
881,0,normal,7.44751501083374,0.3243470847605474,-24.826490424591157
882,0,normal,0.04896416887640953,0.34210708507903437,-24.997925597673884
883,0,normal,0.5408746004104614,0.3268881500123117,-25.284586343469755
884,0,normal,1.6049847602844238,0.35822561774273665,-0.27345054139709646
885,0,normal,0.17567051947116852,0.3612279444692819,0.25389278290822404
886,0,normal,0.2324112206697464,0.3753750367969496,1.5383614713643965
887,0,normal,0.2631765604019165,0.37515987021619873,2.860084655726723
888,0,normal,0.2771281599998474,0.3774803647306848,4.167176486189646
889,0,normal,0.24832507967948914,0.38927946687622145,5.490942210747562
890,0,normal,7.015247344970703,0.4318651911186744,30.95819397988953
891,0,normal,0.3481951951980591,0.43336031988328927,32.08717009943439
892,0,normal,0.42036840319633484,0.4302502230533198,32.528695314367724
893,0,normal,2.39353346824646,0.4262601052836225,45.82920082809983
894,0,normal,0.05953644961118698,0.4491891294101113,45.91116425823884
895,0,normal,0.013222161680459976,0.4413596537618082,45.923534872527625
896,0,normal,0.005297857336699963,0.421636842727241,45.56165517713907
897,0,normal,0.0022028456442058086,0.44263970043731005,45.44855940440948
898,0,normal,0.0013365228660404682,0.4405095454215627,45.549685164598486
899,0,normal,0.0016654259525239468,0.43027498931212177,45.6651030058656
900,0,normal,0.002414617221802473,0.43809040977716845,45.69907049841072
901,0,normal,0.0031312829814851284,0.43134653709454673,45.72926118463465
902,0,normal,0.003619362600147724,0.4217450373170162,45.774229809022245
903,0,normal,0.0038602156564593315,0.4246548122943526,45.885680014458785
904,0,normal,0.003927137702703476,0.4171149437035757,46.12389754121
905,0,normal,0.003911834675818682,0.427202025020158,46.307062786736424
906,0,normal,0.0038822931237518787,0.4381708472454763,46.57593689605369
907,0,normal,0.0038722034078091383,0.4252399207645538,46.93512175361866
908,0,normal,0.003888716222718358,0.4219267231536836,47.227738677855314
909,0,normal,0.003925020340830088,0.45279577243498154,48.119671957531864
910,0,normal,0.003970383200794458,0.4257743620061896,48.95892203345443
911,0,normal,0.00401104474440217,0.40667163708501175,21.908692033322723
912,0,normal,0.004049409180879593,0.4180620859776338,22.921276755823328
913,0,normal,0.004079253412783146,0.4047559721996311,24.23027396205657
914,0,normal,0.0040635522454977036,0.3814178125076421,-2.5262133342689594
915,0,normal,0.004090607166290283,0.38858434505717554,-3.2871431205603585
916,0,normal,0.004112349823117256,0.3708132448301712,-4.203137463881603
917,0,normal,0.004126196727156639,0.36728476218482964,-5.358841937598754
918,0,normal,0.004131666850298643,0.361607648713802,-6.954652441874941
919,0,normal,0.00413028709590435,0.36507636998652165,-8.763895594578571
920,0,normal,0.00397418113425374,0.3342736405005943,-37.247884704653416
921,0,normal,0.004043907858431339,0.33463341102624644,-39.55360901164272
922,0,normal,0.0040837619453668594,0.32715017041907024,-40.533345638516266
923,0,normal,0.004116841591894627,0.3096891847509708,-55.40890760946763
924,0,normal,0.004116841591894627,0.3096891847509708,-55.40890760946763
925,0,normal,0.004116841591894627,0.3096891847509708,-55.40890760946763
926,0,normal,0.004116841591894627,0.3096891847509708,-55.40890760946763
927,0,normal,0.004116841591894627,0.3096891847509708,-55.40890760946763
928,0,normal,0.004116841591894627,0.3096891847509708,-55.40890760946763
929,0,normal,0.004116841591894627,0.3096891847509708,-55.40890760946763
930,0,normal,0.004116841591894627,0.3096891847509708,-55.40890760946763
931,0,normal,0.004116841591894627,0.3096891847509708,-55.40890760946763
932,0,normal,0.004116841591894627,0.3096891847509708,-55.40890760946763
933,0,normal,0.004116841591894627,0.3096891847509708,-55.40890760946763
934,0,normal,0.004116841591894627,0.3096891847509708,-55.40890760946763
935,0,normal,0.004116841591894627,0.3096891847509708,-55.40890760946763
936,0,normal,0.004116841591894627,0.3096891847509708,-55.40890760946763
937,0,normal,0.004116841591894627,0.3096891847509708,-55.40890760946763
938,0,normal,0.004116841591894627,0.3096891847509708,-55.40890760946763
939,0,normal,0.004116841591894627,0.3096891847509708,-55.40890760946763
940,0,normal,0.004116841591894627,0.3096891847509708,-55.40890760946763
941,0,normal,0.004116841591894627,0.3096891847509708,-55.40890760946763
942,0,normal,0.004116841591894627,0.3096891847509708,-55.40890760946763
943,0,normal,0.004116841591894627,0.3096891847509708,-55.40890760946763
944,0,normal,0.004116841591894627,0.3096891847509708,-55.40890760946763
945,0,normal,0.004116841591894627,0.3096891847509708,-55.40890760946763
946,0,normal,0.004116841591894627,0.3096891847509708,-55.40890760946763
947,0,normal,0.004116841591894627,0.3096891847509708,-55.40890760946763
948,0,normal,0.004116841591894627,0.3096891847509708,-55.40890760946763
949,0,normal,0.004116841591894627,0.3096891847509708,-55.40890760946763
950,0,normal,0.004116841591894627,0.3096891847509708,-55.40890760946763
951,0,normal,0.004116841591894627,0.3096891847509708,-55.40890760946763
952,0,normal,0.004116841591894627,0.3096891847509708,-55.40890760946763
953,0,normal,0.004116841591894627,0.3096891847509708,-55.40890760946763
954,0,normal,0.004116841591894627,0.3096891847509708,-55.40890760946763
955,0,normal,0.004116841591894627,0.3096891847509708,-55.40890760946763
956,0,normal,0.004116841591894627,0.3096891847509708,-55.40890760946763
957,0,normal,0.004116841591894627,0.3096891847509708,-55.40890760946763
958,0,normal,0.004116841591894627,0.3096891847509708,-55.40890760946763
959,0,normal,0.004116841591894627,0.3096891847509708,-55.40890760946763
960,0,normal,0.004116841591894627,0.3096891847509708,-55.40890760946763
961,0,normal,0.004116841591894627,0.3096891847509708,-55.40890760946763
962,0,normal,0.004116841591894627,0.3096891847509708,-55.40890760946763
963,0,normal,0.004116841591894627,0.3096891847509708,-55.40890760946763
964,0,normal,0.004116841591894627,0.3096891847509708,-55.40890760946763
965,0,normal,0.004116841591894627,0.3096891847509708,-55.40890760946763
966,0,normal,0.004116841591894627,0.3096891847509708,-55.40890760946763
967,0,normal,0.004116841591894627,0.3096891847509708,-55.40890760946763
968,0,normal,0.004116841591894627,0.3096891847509708,-55.40890760946763
969,0,normal,0.004116841591894627,0.3096891847509708,-55.40890760946763
970,0,normal,0.004116841591894627,0.3096891847509708,-55.40890760946763
971,0,normal,0.004116841591894627,0.3096891847509708,-55.40890760946763
972,0,normal,0.004116841591894627,0.3096891847509708,-55.40890760946763
973,0,normal,0.004116841591894627,0.3096891847509708,-55.40890760946763
974,0,normal,0.004116841591894627,0.3096891847509708,-55.40890760946763
975,0,normal,0.004116841591894627,0.3096891847509708,-55.40890760946763
976,0,normal,0.004116841591894627,0.3096891847509708,-55.40890760946763
977,0,normal,0.004116841591894627,0.3096891847509708,-55.40890760946763
978,0,normal,7.44751501083374,0.3243470847605474,-24.826490424591157
979,0,normal,0.04896416887640953,0.34210708507903437,-24.997925597673884
980,0,normal,0.5408746004104614,0.3268881500123117,-25.284586343469755
981,0,normal,1.6049847602844238,0.35822561774273665,-0.27345054139709646
982,0,normal,0.17567051947116852,0.3612279444692819,0.25389278290822404
983,0,normal,0.2324112206697464,0.3753750367969496,1.5383614713643965
984,0,normal,0.2631765604019165,0.37515987021619873,2.860084655726723
985,0,normal,0.2771281599998474,0.3774803647306848,4.167176486189646
986,0,normal,0.24832507967948914,0.38927946687622145,5.490942210747562
987,0,normal,0.21444465219974518,0.3969772627305264,6.819156061209014
988,0,normal,0.24913769960403442,0.41356138528176073,8.168167201029974
989,0,normal,4.0061821937561035,0.444865200948963,33.573048645507015
990,0,normal,0.24280741810798645,0.4194039850628218,34.753950242086376
991,0,normal,0.5443965196609497,0.4403050494655136,34.63836356230786
992,0,normal,0.5453929305076599,0.43574364639470187,34.527793641589824
993,0,normal,2.387442111968994,0.4303692196273322,47.776926848347784
994,0,normal,0.05285605415701866,0.4604162984032451,47.84869481190185
995,0,normal,0.01170353963971138,0.4396175480069479,47.91762019271869
996,0,normal,0.004625476896762848,0.44396185661449217,47.524089158176594
997,0,normal,0.001825804472900927,0.4467249266738994,47.351681060549026
998,0,normal,0.0012586006196215749,0.43630614521815214,47.47971209464754
999,0,normal,0.0017746202647686005,0.43715592173647666,47.555624758139174
1000,0,normal,0.002595597645267844,0.45384309617817875,47.66674128190334
1001,0,normal,0.0032997739035636187,0.41838263534088665,47.91901393058447
1002,0,normal,0.003734132507815957,0.43529755836050477,48.096753366501844
1003,0,normal,0.003916964400559664,0.4481117470232363,48.38678004018766
1004,0,normal,0.003941513132303953,0.4383151539736003,48.78705583203009
1005,0,normal,0.0039030942134559155,0.42959961346133385,49.1199696215358
1006,0,normal,0.0038643446750938892,0.46165187039662736,49.95828724321609
1007,0,normal,0.0038519548252224922,0.43661134147582986,50.771350009785465
1008,0,normal,0.003857474774122238,0.4175500210457932,23.7851971202997
1009,0,normal,0.0038977237418293953,0.42627449546314433,24.70747039138905
1010,0,normal,0.003942567389458418,0.42066762243567524,25.73673440511675
1011,0,normal,0.003973653074353933,0.4016479499563413,-0.9790840536204541
1012,0,normal,0.0040152897126972675,0.3891833938273061,-2.168114304063465
1013,0,normal,0.0040518492460250854,0.3868481393951512,-3.3810358136247487
1014,0,normal,0.004082034807652235,0.39660092127276936,-4.232173600596525
1015,0,normal,0.004104623571038246,0.3707638149630365,-5.312904227387662
1016,0,normal,0.004117907956242561,0.36540271794812573,-6.4316789094245905
1017,0,normal,0.004121540579944849,0.36017715366649333,-8.00610521720887
1018,0,normal,0.004117116332054138,0.3563945218239794,-9.841314300911108
1019,0,normal,0.003966330550611019,0.337474329650543,-38.35526496135594
1020,0,normal,0.004029604606330395,0.3221757075250239,-40.70338728409274
1021,0,normal,0.004058622755110264,0.3299586058700084,-40.59510611764813
1022,0,normal,0.0040837619453668594,0.32715017041907024,-40.533345638516266
1023,0,normal,0.004116841591894627,0.3096891847509708,-55.40890760946763
1024,0,normal,0.004116841591894627,0.3096891847509708,-55.40890760946763
1025,0,normal,0.004116841591894627,0.3096891847509708,-55.40890760946763
1026,0,normal,0.004116841591894627,0.3096891847509708,-55.40890760946763
1027,0,normal,0.004116841591894627,0.3096891847509708,-55.40890760946763
1028,0,normal,0.004116841591894627,0.3096891847509708,-55.40890760946763
1029,0,normal,0.004116841591894627,0.3096891847509708,-55.40890760946763
1030,0,normal,0.004116841591894627,0.3096891847509708,-55.40890760946763
1031,0,normal,0.004116841591894627,0.3096891847509708,-55.40890760946763
1032,0,normal,0.004116841591894627,0.3096891847509708,-55.40890760946763
1033,0,normal,0.004116841591894627,0.3096891847509708,-55.40890760946763
1034,0,normal,0.004116841591894627,0.3096891847509708,-55.40890760946763
1035,0,normal,0.004116841591894627,0.3096891847509708,-55.40890760946763
1036,0,normal,0.004116841591894627,0.3096891847509708,-55.40890760946763
1037,0,normal,0.004116841591894627,0.3096891847509708,-55.40890760946763
1038,0,normal,0.004116841591894627,0.3096891847509708,-55.40890760946763
1039,0,normal,0.004116841591894627,0.3096891847509708,-55.40890760946763
1040,0,normal,0.004116841591894627,0.3096891847509708,-55.40890760946763
1041,0,normal,0.004116841591894627,0.3096891847509708,-55.40890760946763
1042,0,normal,0.004116841591894627,0.3096891847509708,-55.40890760946763
1043,0,normal,0.004116841591894627,0.3096891847509708,-55.40890760946763
1044,0,normal,0.004116841591894627,0.3096891847509708,-55.40890760946763
1045,0,normal,0.004116841591894627,0.3096891847509708,-55.40890760946763
1046,0,normal,0.004116841591894627,0.3096891847509708,-55.40890760946763
1047,0,normal,0.004116841591894627,0.3096891847509708,-55.40890760946763
1048,0,normal,0.004116841591894627,0.3096891847509708,-55.40890760946763
1049,0,normal,0.004116841591894627,0.3096891847509708,-55.40890760946763
1050,0,normal,0.004116841591894627,0.3096891847509708,-55.40890760946763
1051,0,normal,0.004116841591894627,0.3096891847509708,-55.40890760946763
1052,0,normal,0.004116841591894627,0.3096891847509708,-55.40890760946763
1053,0,normal,0.004116841591894627,0.3096891847509708,-55.40890760946763
1054,0,normal,0.004116841591894627,0.3096891847509708,-55.40890760946763
1055,0,normal,0.004116841591894627,0.3096891847509708,-55.40890760946763
1056,0,normal,0.004116841591894627,0.3096891847509708,-55.40890760946763
1057,0,normal,0.004116841591894627,0.3096891847509708,-55.40890760946763
1058,0,normal,0.004116841591894627,0.3096891847509708,-55.40890760946763
1059,0,normal,0.004116841591894627,0.3096891847509708,-55.40890760946763
1060,0,normal,0.004116841591894627,0.3096891847509708,-55.40890760946763
1061,0,normal,0.004116841591894627,0.3096891847509708,-55.40890760946763
1062,0,normal,0.004116841591894627,0.3096891847509708,-55.40890760946763
1063,0,normal,0.004116841591894627,0.3096891847509708,-55.40890760946763
1064,0,normal,0.004116841591894627,0.3096891847509708,-55.40890760946763
1065,0,normal,0.004116841591894627,0.3096891847509708,-55.40890760946763
1066,0,normal,0.004116841591894627,0.3096891847509708,-55.40890760946763
1067,0,normal,0.004116841591894627,0.3096891847509708,-55.40890760946763
1068,0,normal,0.004116841591894627,0.3096891847509708,-55.40890760946763
1069,0,normal,0.004116841591894627,0.3096891847509708,-55.40890760946763
1070,0,normal,0.004116841591894627,0.3096891847509708,-55.40890760946763
1071,0,normal,0.004116841591894627,0.3096891847509708,-55.40890760946763
1072,0,normal,0.004116841591894627,0.3096891847509708,-55.40890760946763
1073,0,normal,0.004116841591894627,0.3096891847509708,-55.40890760946763
1074,0,normal,0.004116841591894627,0.3096891847509708,-55.40890760946763
1075,0,normal,1.5001893043518066,0.31375725224013873,-49.317900458861004
1076,0,normal,5.994288921356201,0.3303074356465061,-24.813872250905888
1077,0,normal,0.05886055901646614,0.3358419994572769,-25.009519325666815
1078,0,normal,4.206125259399414,0.36845624100642954,0.9005859584849532
1079,0,normal,0.21335165202617645,0.3637495204438598,0.9903236111329079
1080,0,normal,0.26252612471580505,0.36725941022692093,1.86669068074616
1081,0,normal,11.599193572998047,0.39438699188500465,50.325920568945094
1082,0,normal,10.653777122497559,0.42483292552459906,96.61785455650079
1083,0,normal,0.3731687366962433,0.4364251517187736,97.707445719838
1084,0,normal,0.4760793149471283,0.4354034862069698,98.75828570756994
1085,0,normal,0.8214713931083679,0.44735940640169014,99.73935967220405
1086,0,normal,1.4818700551986694,0.445036018526851,100.91975468637861
1087,0,normal,1.3890495300292969,0.4661700836357466,124.25369315706462
1088,0,normal,0.21886946260929108,0.4614175708094802,124.52290424727403
1089,0,normal,0.5719824433326721,0.48650240901299907,124.46546292185315
1090,0,normal,2.1484487056732178,0.47566833949437115,136.66841278142795
1091,0,normal,0.04045677185058594,0.47377552821861413,136.7249579033372
1092,0,normal,0.010753053240478039,0.4896501724102572,136.80360818625843
1093,0,normal,0.006341989152133465,0.4629954477881518,136.4028659723499
1094,0,normal,0.0037722091656178236,0.4605291894955978,136.15014050969876
1095,0,normal,0.002382696606218815,0.4848320343601888,136.13443034923614
1096,0,normal,0.0019138130592182279,0.4844653101702172,136.2724728350355
1097,0,normal,0.0019911862909793854,0.4838030348150041,136.3644935233716
1098,0,normal,0.0023192812222987413,0.46632008056994634,136.46879475362357
1099,0,normal,0.0027077202685177326,0.4526364651978303,136.6420800154101
1100,0,normal,0.0030547636561095715,0.476800698078716,136.8683965091244
1101,0,normal,0.003323022276163101,0.4713854751865741,137.22657937489623
1102,0,normal,0.0035138907842338085,0.48361505326005233,137.57544442092706
1103,0,normal,0.0036457048263400793,0.504556492014417,138.43526815929647
1104,0,normal,0.0037391541991382837,0.46621178214382597,139.36726233205763
1105,0,normal,0.003809745889157057,0.45728206033241586,135.35232519324825
1106,0,normal,0.003865404287353158,0.4695050061874432,115.83649285499428
1107,0,normal,0.003915748558938503,0.4700019970407613,117.05491442437926
1108,0,normal,0.003951902501285076,0.423261425191375,92.67697502360716
1109,0,normal,0.003991381265223026,0.43557205468844534,91.5995013564941
1110,0,normal,0.004026269074529409,0.42803219308532625,90.5908351876651
1111,0,normal,0.004055796656757593,0.3953378960455241,43.662688126095645
1112,0,normal,0.004082184750586748,0.3862420360840055,-4.916623631055245
1113,0,normal,0.004104113206267357,0.36484718885178125,-5.946497211263704
1114,0,normal,0.004118787590414286,0.3643919752662568,-7.246509298777482
1115,0,normal,0.0041254544630646706,0.35954273268294024,-8.993353760483615
1116,0,normal,0.0041250381618738174,0.35771976044662446,-10.960190154000202
1117,0,normal,0.0040060305036604404,0.3263033962296664,-39.662437315765374
1118,0,normal,0.004058622755110264,0.3299586058700084,-40.59510611764813
1119,0,normal,0.0040837619453668594,0.32715017041907024,-40.533345638516266
1120,0,normal,0.004116841591894627,0.3096891847509708,-55.40890760946763
1121,0,normal,0.004116841591894627,0.3096891847509708,-55.40890760946763
1122,0,normal,0.004116841591894627,0.3096891847509708,-55.40890760946763
1123,0,normal,0.004116841591894627,0.3096891847509708,-55.40890760946763
1124,0,normal,0.004116841591894627,0.3096891847509708,-55.40890760946763
1125,0,normal,0.004116841591894627,0.3096891847509708,-55.40890760946763
1126,0,normal,0.004116841591894627,0.3096891847509708,-55.40890760946763
1127,0,normal,0.004116841591894627,0.3096891847509708,-55.40890760946763
1128,0,normal,0.004116841591894627,0.3096891847509708,-55.40890760946763
1129,0,normal,0.004116841591894627,0.3096891847509708,-55.40890760946763
1130,0,normal,0.004116841591894627,0.3096891847509708,-55.40890760946763
1131,0,normal,0.004116841591894627,0.3096891847509708,-55.40890760946763
1132,0,normal,0.004116841591894627,0.3096891847509708,-55.40890760946763
1133,0,normal,0.004116841591894627,0.3096891847509708,-55.40890760946763
1134,0,normal,0.004116841591894627,0.3096891847509708,-55.40890760946763
1135,0,normal,0.004116841591894627,0.3096891847509708,-55.40890760946763
1136,0,normal,0.004116841591894627,0.3096891847509708,-55.40890760946763
1137,0,normal,0.004116841591894627,0.3096891847509708,-55.40890760946763
1138,0,normal,0.004116841591894627,0.3096891847509708,-55.40890760946763
1139,0,normal,0.004116841591894627,0.3096891847509708,-55.40890760946763
1140,0,normal,0.004116841591894627,0.3096891847509708,-55.40890760946763
1141,0,normal,0.004116841591894627,0.3096891847509708,-55.40890760946763
1142,0,normal,0.004116841591894627,0.3096891847509708,-55.40890760946763
1143,0,normal,0.004116841591894627,0.3096891847509708,-55.40890760946763
1144,0,normal,0.004116841591894627,0.3096891847509708,-55.40890760946763
1145,0,normal,0.004116841591894627,0.3096891847509708,-55.40890760946763
1146,0,normal,0.004116841591894627,0.3096891847509708,-55.40890760946763
1147,0,normal,0.004116841591894627,0.3096891847509708,-55.40890760946763
1148,0,normal,0.004116841591894627,0.3096891847509708,-55.40890760946763
1149,0,normal,0.004116841591894627,0.3096891847509708,-55.40890760946763
1150,0,normal,0.004116841591894627,0.3096891847509708,-55.40890760946763
1151,0,normal,0.004116841591894627,0.3096891847509708,-55.40890760946763
1152,0,normal,0.004116841591894627,0.3096891847509708,-55.40890760946763
1153,0,normal,0.004116841591894627,0.3096891847509708,-55.40890760946763
1154,0,normal,0.004116841591894627,0.3096891847509708,-55.40890760946763
1155,0,normal,0.004116841591894627,0.3096891847509708,-55.40890760946763
1156,0,normal,0.004116841591894627,0.3096891847509708,-55.40890760946763
1157,0,normal,0.004116841591894627,0.3096891847509708,-55.40890760946763
1158,0,normal,0.004116841591894627,0.3096891847509708,-55.40890760946763
1159,0,normal,0.004116841591894627,0.3096891847509708,-55.40890760946763
1160,0,normal,0.004116841591894627,0.3096891847509708,-55.40890760946763
1161,0,normal,0.004116841591894627,0.3096891847509708,-55.40890760946763
1162,0,normal,0.004116841591894627,0.3096891847509708,-55.40890760946763
1163,0,normal,0.004116841591894627,0.3096891847509708,-55.40890760946763
1164,0,normal,0.004116841591894627,0.3096891847509708,-55.40890760946763
1165,0,normal,0.004116841591894627,0.3096891847509708,-55.40890760946763
1166,0,normal,0.004116841591894627,0.3096891847509708,-55.40890760946763
1167,0,normal,0.004116841591894627,0.3096891847509708,-55.40890760946763
1168,0,normal,0.004116841591894627,0.3096891847509708,-55.40890760946763
1169,0,normal,0.004116841591894627,0.3096891847509708,-55.40890760946763
1170,0,normal,0.004116841591894627,0.3096891847509708,-55.40890760946763
1171,0,normal,0.004116841591894627,0.3096891847509708,-55.40890760946763
1172,0,normal,0.004116841591894627,0.3096891847509708,-55.40890760946763
1173,0,normal,7.44751501083374,0.3243470847605474,-24.826490424591157
1174,0,normal,0.04896416887640953,0.34210708507903437,-24.997925597673884
1175,0,normal,0.5408746004104614,0.3268881500123117,-25.284586343469755
1176,0,normal,1.6049847602844238,0.35822561774273665,-0.27345054139709646
1177,0,normal,0.17567051947116852,0.3612279444692819,0.25389278290822404
1178,0,normal,11.500432968139648,0.40005546427365396,48.81689928140236
1179,0,normal,0.32154110074043274,0.4003834420174703,49.96025710329627
1180,0,normal,0.24432724714279175,0.39889328779738137,51.21316600220962
1181,0,normal,0.23529952764511108,0.4080932934735297,52.30620820112563
1182,0,normal,5.331803798675537,0.4530366616496613,76.62852486387033
1183,0,normal,0.2994091212749481,0.45472353508570024,77.72257035926987
1184,0,normal,0.5350295305252075,0.4519640067606255,77.63809071637138
1185,0,normal,2.275448799133301,0.4451466214441181,90.4180225535456
1186,0,normal,0.05613775551319122,0.4592685791192551,90.54210300330578
1187,0,normal,0.01654718816280365,0.45719195577771177,90.61532137027189
1188,0,normal,0.008946007117629051,0.43786429050636533,90.29705543217074
1189,0,normal,0.004870553035289049,0.4581156562413286,90.17179746628926
1190,0,normal,0.0026949408929795027,0.44524206074567746,90.21373765956264
1191,0,normal,0.0019075000891461968,0.44755724524546053,90.25430184180527
1192,0,normal,0.0019170190207660198,0.46475954111330586,90.2879182956076
1193,0,normal,0.0022841175086796284,0.45495302209677474,90.31182964837694
1194,0,normal,0.002733166329562664,0.4316269731211339,90.3541463608858
1195,0,normal,0.0031218898948282003,0.4409154815166263,90.44090089864676
1196,0,normal,0.0034034817945212126,0.4379231491459072,90.65163048324075
1197,0,normal,0.0035866694524884224,0.4425357280747085,90.81839946709715
1198,0,normal,0.0037016691640019417,0.4655277127478913,91.10386349231408
1199,0,normal,0.0037784846499562263,0.44447775889979674,91.47606106536568
1200,0,normal,0.003837734926491976,0.4350258893093914,91.82999017422867
1201,0,normal,0.0038899232167750597,0.4550507863990261,92.84092572005738
1202,0,normal,0.003938441630452871,0.4377592898278615,93.68505676027326
1203,0,normal,0.003978094086050987,0.42742620402810816,67.96675479330634
1204,0,normal,0.004017259459942579,0.43302922226296053,69.01548324541182
1205,0,normal,0.0040500652976334095,0.4147870280452993,70.32804578880996
1206,0,normal,0.0040565114468336105,0.4041293935908963,44.666871365635416
1207,0,normal,0.0040832627564668655,0.3999869338212209,43.86291450651106
1208,0,normal,0.004105777479708195,0.3682015097767124,-4.876393983087837
1209,0,normal,0.0041214642114937305,0.3641939200572124,-6.098089311175727
1210,0,normal,0.004128976725041866,0.3580699886488516,-7.764881266104567
1211,0,normal,0.004129489418119192,0.3611610043267739,-9.639359488568516
1212,0,normal,0.003999398089945316,0.3305387656213625,-38.223657479460826
1213,0,normal,0.004058622755110264,0.3299586058700084,-40.59510611764813
1214,0,normal,0.0040837619453668594,0.32715017041907024,-40.533345638516266
1215,0,normal,0.004116841591894627,0.3096891847509708,-55.40890760946763
1216,0,normal,0.004116841591894627,0.3096891847509708,-55.40890760946763
1217,0,normal,0.004116841591894627,0.3096891847509708,-55.40890760946763
1218,0,normal,0.004116841591894627,0.3096891847509708,-55.40890760946763
1219,0,normal,0.004116841591894627,0.3096891847509708,-55.40890760946763
1220,0,normal,0.004116841591894627,0.3096891847509708,-55.40890760946763
1221,0,normal,7.44751501083374,0.3243470847605474,-24.826490424591157
1222,0,normal,0.04896416887640953,0.34210708507903437,-24.997925597673884
1223,0,normal,0.5408746004104614,0.3268881500123117,-25.284586343469755
1224,0,normal,1.6049847602844238,0.35822561774273665,-0.27345054139709646
1225,0,normal,0.17567051947116852,0.3612279444692819,0.25389278290822404
1226,0,normal,0.2324112206697464,0.3753750367969496,1.5383614713643965
1227,0,normal,0.2631765604019165,0.37515987021619873,2.860084655726723
1228,0,normal,0.2771281599998474,0.3774803647306848,4.167176486189646
1229,0,normal,0.24832507967948914,0.38927946687622145,5.490942210747562
1230,0,normal,0.21444465219974518,0.3969772627305264,6.819156061209014
1231,0,normal,0.24913769960403442,0.41356138528176073,8.168167201029974
1232,0,normal,0.5917154550552368,0.41112070450431387,9.519722358176068
1233,0,normal,2.014023780822754,0.4276538305690519,34.880455229915924
1234,0,normal,0.19363471865653992,0.4387235563041674,36.03081274234978
1235,0,normal,83.49554443359375,0.4469981384529101,317.36148280089503
1236,0,normal,3.5084304809570312,0.4510878455704948,327.13268143936034
1237,0,normal,0.024083249270915985,0.46209387282763176,327.15612021336483
1238,0,normal,0.010119382292032242,0.4665704416142291,327.0699384408988
1239,0,normal,0.010466939769685268,0.45584454710032957,326.72930146048634
1240,0,normal,0.008401990868151188,0.4592035142250063,326.6103567104585
1241,0,normal,0.006468379870057106,0.45244865304463877,326.71443291171386
1242,0,normal,0.005029790569096804,0.4538823121407494,326.80531213083225
1243,0,normal,0.004124579951167107,0.4544923245988182,326.9353285701825
1244,0,normal,0.003628520993515849,0.45808560354431965,327.1008813646872
1245,0,normal,0.0034052629489451647,0.4417401143652226,327.2612648905016
1246,0,normal,0.0033495540264993906,0.4408095949321569,327.44679162077125
1247,0,normal,0.003388458164408803,0.44769460601121586,327.7418046707884
1248,0,normal,0.0034735591616481543,0.4468083884366957,327.97814655301636
1249,0,normal,0.003574271220713854,0.48580628376302704,328.6213068543582
1250,0,normal,0.0036728556733578444,0.45251434335865715,329.21626203574544
1251,0,normal,0.0037605538964271545,0.4281829462173042,309.1812049020191
1252,0,normal,0.003833551425486803,0.4460687271231893,309.8475678278206
1253,0,normal,0.003892433363944292,0.4350586163674386,310.58990161728946
1254,0,normal,0.003938019275665283,0.4141742278801727,290.70078259254603
1255,0,normal,0.003974528051912785,0.41257283888528856,289.7960307823298
1256,0,normal,0.004005942493677139,0.4022950489445735,289.0293947995855
1257,0,normal,0.004033575765788555,0.3913364675823052,288.16670825926485
1258,0,normal,0.0040575917810201645,0.39644141918406267,287.6730804966803
1259,0,normal,0.004077490884810686,0.37537543178327604,286.9938938565962
1260,0,normal,0.0040924460627138615,0.3761834069153809,286.18361165357055
1261,0,normal,0.0041016265749931335,0.3655586442108305,284.98005731121157
1262,0,normal,0.004105686210095882,0.36806849252259005,283.6192747997645
1263,0,normal,0.004075569100677967,0.34285365278770114,262.3860804465377
1264,0,normal,0.004077360033988953,0.3434131139328352,260.615870401031
1265,0,normal,0.0040837619453668594,0.32715017041907024,-40.533345638516266
1266,0,normal,0.004116841591894627,0.3096891847509708,-55.40890760946763
1267,0,normal,0.004116841591894627,0.3096891847509708,-55.40890760946763
1268,0,normal,0.004116841591894627,0.3096891847509708,-55.40890760946763
1269,0,normal,0.004116841591894627,0.3096891847509708,-55.40890760946763
1270,0,normal,0.004116841591894627,0.3096891847509708,-55.40890760946763
1271,0,normal,0.004116841591894627,0.3096891847509708,-55.40890760946763
1272,0,normal,0.004116841591894627,0.3096891847509708,-55.40890760946763
1273,0,normal,0.004116841591894627,0.3096891847509708,-55.40890760946763
1274,0,normal,0.004116841591894627,0.3096891847509708,-55.40890760946763
1275,0,normal,0.004116841591894627,0.3096891847509708,-55.40890760946763
1276,0,normal,0.004116841591894627,0.3096891847509708,-55.40890760946763
1277,0,normal,0.004116841591894627,0.3096891847509708,-55.40890760946763
1278,0,normal,0.004116841591894627,0.3096891847509708,-55.40890760946763
1279,0,normal,0.004116841591894627,0.3096891847509708,-55.40890760946763
1280,0,normal,0.004116841591894627,0.3096891847509708,-55.40890760946763
1281,0,normal,0.004116841591894627,0.3096891847509708,-55.40890760946763
1282,0,normal,0.004116841591894627,0.3096891847509708,-55.40890760946763
1283,0,normal,0.004116841591894627,0.3096891847509708,-55.40890760946763
1284,0,normal,0.004116841591894627,0.3096891847509708,-55.40890760946763
1285,0,normal,0.004116841591894627,0.3096891847509708,-55.40890760946763
1286,0,normal,0.004116841591894627,0.3096891847509708,-55.40890760946763
1287,0,normal,0.004116841591894627,0.3096891847509708,-55.40890760946763
1288,0,normal,0.004116841591894627,0.3096891847509708,-55.40890760946763
1289,0,normal,0.004116841591894627,0.3096891847509708,-55.40890760946763
1290,0,normal,0.004116841591894627,0.3096891847509708,-55.40890760946763
1291,0,normal,0.004116841591894627,0.3096891847509708,-55.40890760946763
1292,0,normal,0.004116841591894627,0.3096891847509708,-55.40890760946763
1293,0,normal,0.004116841591894627,0.3096891847509708,-55.40890760946763
1294,0,normal,0.004116841591894627,0.3096891847509708,-55.40890760946763
1295,0,normal,0.004116841591894627,0.3096891847509708,-55.40890760946763
1296,0,normal,0.004116841591894627,0.3096891847509708,-55.40890760946763
1297,0,normal,0.004116841591894627,0.3096891847509708,-55.40890760946763
1298,0,normal,0.004116841591894627,0.3096891847509708,-55.40890760946763
1299,0,normal,0.004116841591894627,0.3096891847509708,-55.40890760946763
1300,0,normal,0.004116841591894627,0.3096891847509708,-55.40890760946763
1301,0,normal,0.004116841591894627,0.3096891847509708,-55.40890760946763
1302,0,normal,0.004116841591894627,0.3096891847509708,-55.40890760946763
1303,0,normal,0.004116841591894627,0.3096891847509708,-55.40890760946763
1304,0,normal,0.004116841591894627,0.3096891847509708,-55.40890760946763
1305,0,normal,0.004116841591894627,0.3096891847509708,-55.40890760946763
1306,0,normal,0.004116841591894627,0.3096891847509708,-55.40890760946763
1307,0,normal,0.004116841591894627,0.3096891847509708,-55.40890760946763
1308,0,normal,0.004116841591894627,0.3096891847509708,-55.40890760946763
1309,0,normal,0.004116841591894627,0.3096891847509708,-55.40890760946763
1310,0,normal,0.004116841591894627,0.3096891847509708,-55.40890760946763
1311,0,normal,0.004116841591894627,0.3096891847509708,-55.40890760946763
1312,0,normal,0.004116841591894627,0.3096891847509708,-55.40890760946763
1313,0,normal,0.004116841591894627,0.3096891847509708,-55.40890760946763
1314,0,normal,0.004116841591894627,0.3096891847509708,-55.40890760946763
1315,0,normal,0.004116841591894627,0.3096891847509708,-55.40890760946763
1316,0,normal,0.004116841591894627,0.3096891847509708,-55.40890760946763
1317,0,normal,0.004116841591894627,0.3096891847509708,-55.40890760946763
1318,0,normal,7.44751501083374,0.3243470847605474,-24.826490424591157
1319,0,normal,0.04896416887640953,0.34210708507903437,-24.997925597673884
1320,0,normal,0.5408746004104614,0.3268881500123117,-25.284586343469755
1321,0,normal,2.1515727043151855,0.33987657422246015,-15.92726792227154
1322,0,normal,1.74891996383667,0.38241943645683296,7.813971971171441
1323,0,normal,0.1895708441734314,0.37444590653025533,8.912543547332007
1324,0,normal,0.2359764575958252,0.3882234056198499,10.259062850978808
1325,0,normal,0.5623342990875244,0.3767738682490417,10.103104117371004
1326,0,normal,3.7682483196258545,0.39181227439329597,21.860289954915743
1327,0,normal,0.3398226201534271,0.4056450906375312,21.521041414650654
1328,0,normal,0.5883820652961731,0.41100886573379414,22.92199800664298
1329,0,normal,8.26410961151123,0.4527857645627903,46.564912527514934
1330,0,normal,0.46865442395210266,0.4319854267570723,47.781592568105
1331,0,normal,0.3852962255477905,0.4274748683181711,48.233466961401746
1332,0,normal,2.6006104946136475,0.4361674439687866,61.295211666496925
1333,0,normal,0.060768358409404755,0.4576991516067449,61.298322893647764
1334,0,normal,0.012594317086040974,0.4480584733548495,61.32023047299458
1335,0,normal,0.004589291755110025,0.442418617561234,60.91194860415408
1336,0,normal,0.002029879717156291,0.45415799975680404,60.77745465486555
1337,0,normal,0.002015157602727413,0.4415239492706982,60.816251930699764
1338,0,normal,0.00301941717043519,0.44001445290397295,60.98260909778014
1339,0,normal,0.004098663106560707,0.4277125666597376,61.014368910713756
1340,0,normal,0.004796725697815418,0.4430234859315998,61.10914804196432
1341,0,normal,0.005015397910028696,0.4211625681685271,61.37406643512463
1342,0,normal,0.004876259248703718,0.43429263300432,61.54658921683745
1343,0,normal,2.9643783569335938,0.45568509251190525,72.13731446615247
1344,0,normal,0.04169708117842674,0.4562111287473271,72.40770092293428
1345,0,normal,0.02197948843240738,0.45345481499938994,72.72671857631667
1346,0,normal,0.02662471868097782,0.4538404769866242,73.00548678614314
1347,0,normal,0.02746761031448841,0.4725701362641848,73.70443496469397
1348,0,normal,0.023310093209147453,0.4306637856009061,47.083024828162706
1349,0,normal,0.017036931589245796,0.4187150815801468,47.87978886501105
1350,0,normal,0.011323532089591026,0.4280129060359617,48.48383264748736
1351,0,normal,0.007348824758082628,0.42184700770151295,38.8796943946179
1352,0,normal,0.0051668668165802956,0.40454798627121497,14.742317859302602
1353,0,normal,0.004127325490117073,0.3814159503826541,13.28418105015794
1354,0,normal,0.0038126292638480663,0.3941532848145847,12.136771659668284
1355,0,normal,0.003823201172053814,0.3682967066771787,13.269381623453228
1356,0,normal,0.003930170089006424,0.36601224093793877,0.9004974960896561
1357,0,normal,0.004036812577396631,0.3765795954991796,1.5344014622296527
1358,0,normal,0.004105378407984972,0.3713348973326097,-0.4032085039184494
1359,0,normal,0.003982432186603546,0.34171220572403016,-26.245146724411597
1360,0,normal,0.004070600029081106,0.3417802400288142,-28.541833779908075
1361,0,normal,0.004116672556847334,0.336419891488718,-29.5252626531817
1362,0,normal,0.004149878863245249,0.31933997567671035,-44.270558861567
1363,0,normal,0.004139121156185865,0.3193007970963716,-44.23691329590065
1364,0,normal,0.004129242617636919,0.31840668061925326,-44.20343771777834
1365,0,normal,0.004121831152588129,0.31663443498949473,-44.13309183398678
1366,0,normal,0.004117285832762718,0.3134334095703669,-43.996222810816334
1367,0,normal,0.004115333314985037,0.3144698663156163,-43.94164081728172
1368,0,normal,0.004115356132388115,0.31916899340723104,-43.80955489489611
1369,0,normal,0.004116603173315525,0.31890623930866263,-43.74803488552652
1370,0,normal,0.004118336830288172,0.31478485232493086,-43.70566703454074
1371,0,normal,0.004120002966374159,0.3164201825402279,-43.70123884801205
1372,0,normal,0.004121413454413414,0.3211854799197478,-43.70631654645945
1373,0,normal,0.004116841591894627,0.3096891847509708,-55.40890760946763
1374,0,normal,0.004116841591894627,0.3096891847509708,-55.40890760946763
1375,0,normal,0.004116841591894627,0.3096891847509708,-55.40890760946763
1376,0,normal,0.004116841591894627,0.3096891847509708,-55.40890760946763
1377,0,normal,0.004116841591894627,0.3096891847509708,-55.40890760946763
1378,0,normal,0.004116841591894627,0.3096891847509708,-55.40890760946763
1379,0,normal,0.004116841591894627,0.3096891847509708,-55.40890760946763
1380,0,normal,0.004116841591894627,0.3096891847509708,-55.40890760946763
1381,0,normal,0.004116841591894627,0.3096891847509708,-55.40890760946763
1382,0,normal,0.004116841591894627,0.3096891847509708,-55.40890760946763
1383,0,normal,0.004116841591894627,0.3096891847509708,-55.40890760946763
1384,0,normal,0.004116841591894627,0.3096891847509708,-55.40890760946763
1385,0,normal,0.004116841591894627,0.3096891847509708,-55.40890760946763
1386,0,normal,0.004116841591894627,0.3096891847509708,-55.40890760946763
1387,0,normal,0.004116841591894627,0.3096891847509708,-55.40890760946763
1388,0,normal,0.004116841591894627,0.3096891847509708,-55.40890760946763
1389,0,normal,0.004116841591894627,0.3096891847509708,-55.40890760946763
1390,0,normal,0.004116841591894627,0.3096891847509708,-55.40890760946763
1391,0,normal,0.004116841591894627,0.3096891847509708,-55.40890760946763
1392,0,normal,0.004116841591894627,0.3096891847509708,-55.40890760946763
1393,0,normal,0.004116841591894627,0.3096891847509708,-55.40890760946763
1394,0,normal,0.004116841591894627,0.3096891847509708,-55.40890760946763
1395,0,normal,0.004116841591894627,0.3096891847509708,-55.40890760946763
1396,0,normal,0.004116841591894627,0.3096891847509708,-55.40890760946763
1397,0,normal,0.004116841591894627,0.3096891847509708,-55.40890760946763
1398,0,normal,0.004116841591894627,0.3096891847509708,-55.40890760946763
1399,0,normal,0.004116841591894627,0.3096891847509708,-55.40890760946763
1400,0,normal,0.004116841591894627,0.3096891847509708,-55.40890760946763
1401,0,normal,0.004116841591894627,0.3096891847509708,-55.40890760946763
1402,0,normal,0.004116841591894627,0.3096891847509708,-55.40890760946763
1403,0,normal,0.004116841591894627,0.3096891847509708,-55.40890760946763
1404,0,normal,0.004116841591894627,0.3096891847509708,-55.40890760946763
1405,0,normal,0.004116841591894627,0.3096891847509708,-55.40890760946763
1406,0,normal,0.004116841591894627,0.3096891847509708,-55.40890760946763
1407,0,normal,0.004116841591894627,0.3096891847509708,-55.40890760946763
1408,0,normal,0.004116841591894627,0.3096891847509708,-55.40890760946763
1409,0,normal,0.004116841591894627,0.3096891847509708,-55.40890760946763
1410,0,normal,0.004116841591894627,0.3096891847509708,-55.40890760946763
1411,0,normal,0.004116841591894627,0.3096891847509708,-55.40890760946763
1412,0,normal,0.004116841591894627,0.3096891847509708,-55.40890760946763
1413,0,normal,0.004116841591894627,0.3096891847509708,-55.40890760946763
1414,0,normal,0.004116841591894627,0.3096891847509708,-55.40890760946763
1415,0,normal,7.44751501083374,0.3243470847605474,-24.826490424591157
1416,0,normal,0.04896416887640953,0.34210708507903437,-24.997925597673884
1417,0,normal,0.5408746004104614,0.3268881500123117,-25.284586343469755
1418,0,normal,1.6049847602844238,0.35822561774273665,-0.27345054139709646
1419,0,normal,0.17567051947116852,0.3612279444692819,0.25389278290822404
1420,0,normal,0.2324112206697464,0.3753750367969496,1.5383614713643965
1421,0,normal,0.2631765604019165,0.37515987021619873,2.860084655726723
1422,0,normal,0.2771281599998474,0.3774803647306848,4.167176486189646
1423,0,normal,170.29554748535156,0.41320091860578373,523.8463894646516
1424,0,normal,172.47816467285156,0.44250597405141406,803.9044013332323
1425,0,normal,1.0532727241516113,0.47101539106722995,804.2759577438883
1426,0,normal,2.163876533508301,0.47984295747309286,811.3481694140487
1427,0,normal,0.21052227914333344,0.44952664473916426,811.3658762481625
1428,0,normal,0.5446861982345581,0.48833865053574127,811.3261676865707
1429,0,normal,2.222170352935791,0.48279417759753496,815.1785265315866
1430,0,normal,0.0432729572057724,0.4914133776551284,815.2046621857548
1431,0,normal,0.011223368346691132,0.48506077423598165,815.5611286579667
1432,0,normal,0.005889232270419598,0.47416675031438993,815.7919303994395
1433,0,normal,0.0031435685232281685,0.47769004621922984,815.7587499050128
1434,0,normal,0.001865091035142541,0.479868429803349,815.7726781725788
1435,0,normal,0.001590412575751543,0.4587049677410618,815.7924645156268
1436,0,normal,0.00184988125693053,0.45833950649010236,815.770175696695
1437,0,normal,0.0023088182788342237,0.482814563154929,815.7788072441404
1438,0,normal,0.002769012935459614,0.45038569077277923,815.8552590624081
1439,0,normal,0.0031394539400935173,0.46996644319550807,815.9075900632706
1440,0,normal,0.0034012170508503914,0.4645710037890717,815.9845777989308
1441,0,normal,0.0035731445532292128,0.4567279749950055,816.0905657995272
1442,0,normal,0.003685377538204193,0.4913711373850236,816.1784751551158
1443,0,normal,0.003764181397855282,0.4943013870156574,816.419480211195
1444,0,normal,0.0038266191259026527,0.47966624411668074,816.6595941136662
1445,0,normal,1.4904437065124512,0.46534638448430854,810.3282163948958
1446,0,normal,0.01544004026800394,0.4559449420370977,810.6425349285739
1447,0,normal,0.010576048865914345,0.4444258693554442,811.0011455413166
1448,0,normal,0.0064364587888121605,0.4351707871093586,803.3451489445434
1449,0,normal,0.005174020305275917,0.43035689266592453,803.1262507203046
1450,0,normal,0.005118954461067915,0.413477370006018,802.8115591453009
1451,0,normal,0.005255385302007198,0.4204186026644899,802.5804384897131
1452,0,normal,0.0052350671030581,0.40890606760165427,802.2495182420543
1453,0,normal,0.005049580708146095,0.37854298395691216,519.931682325617
1454,0,normal,0.0048014922067523,0.3637222799367991,-5.066569115501579
1455,0,normal,0.0045402031391859055,0.35650863220436285,-7.102267405127577
1456,0,normal,0.004244879819452763,0.3279751708727553,-34.29034923987615
1457,0,normal,0.004124931991100311,0.3299586058700084,-35.22044965965188
1458,0,normal,0.0040507265366613865,0.3301790502587008,-35.167685420442695
1459,0,normal,0.004027239046990871,0.32169195107039317,-49.974349615644314
1460,0,normal,7.452648639678955,0.32825617732116447,-19.529252324871095
1461,0,normal,0.04918090999126434,0.3469342178648255,-19.699506571029133
1462,0,normal,0.5415496826171875,0.33187428594390617,-19.993638807796742
1463,0,normal,1.8652316331863403,0.34754921933640204,-9.132695991927676
1464,0,normal,1.0146793127059937,0.3985623223220658,15.926303738332763
1465,0,normal,0.15816956758499146,0.3835755966846818,16.98449999571676
1466,0,normal,11.534571647644043,0.4219588377050005,64.8369919153231
1467,0,normal,0.30964571237564087,0.4127166330768226,65.97846110763157
1468,0,normal,0.2393435388803482,0.4122920734416844,67.28792374129557
1469,0,normal,10.952579498291016,0.4485148812950199,112.85806350061932
1470,0,normal,5.375858783721924,0.49805034734994624,135.8167229441732
1471,0,normal,0.3261643350124359,0.4968815133044617,136.9083412017486
1472,0,normal,0.38449627161026,0.4846726133709964,137.2618541173689
1473,0,normal,2.285738468170166,0.4948658807338303,149.22904612344996
1474,0,normal,0.05530625581741333,0.49457035839125496,149.35659078223466
1475,0,normal,0.012562443502247334,0.48048719599735124,144.66479414236858
1476,0,normal,0.005713858641684055,0.4673557974232214,144.36625184794445
1477,0,normal,0.002703780075535178,0.4862328372770557,144.2833982416172
1478,0,normal,0.001483691274188459,0.4739302323560712,144.34961004181469
1479,0,normal,0.00139459571801126,0.47959465594744444,144.38391793223934
1480,0,normal,0.0018495728727430105,0.4937188878060734,144.49162517736772
1481,0,normal,0.0024499099235981703,0.4782331194754708,144.40174508281666
1482,0,normal,0.002975691109895706,0.4579182374382911,144.44906001465893
1483,0,normal,0.0033460448030382395,0.46304342552957767,144.64614818417647
1484,0,normal,0.0035687312483787537,0.4916585139121594,144.79710205635672
1485,0,normal,0.003689930774271488,0.46502192472950443,144.98941503359254
1486,0,normal,0.0037580993957817554,0.496525106185438,145.36685607988954
1487,0,normal,0.003806974273175001,0.47159623541410345,145.74621753184147
1488,0,normal,0.0038532970938831568,0.4825413475228569,146.3886594917575
1489,0,normal,0.0039016008377075195,0.5005998339562037,147.5826716327141
1490,0,normal,0.003949671983718872,0.4618454214849077,123.1508763697052
1491,0,normal,0.003995498176664114,0.46401856452084767,124.44938609942278
1492,0,normal,0.0040349578484892845,0.45649435996202453,125.71800347723843
1493,0,normal,0.004066260531544685,0.4287959257964907,115.12492705986449
1494,0,normal,0.004067483823746443,0.4249700307503364,90.79765632866884
1495,0,normal,0.004091956187039614,0.416457925195307,90.150464925719
1496,0,normal,0.004114134702831507,0.38456619850821483,43.634064950317
1497,0,normal,0.004127109423279762,0.38892946665658307,42.524453139142224
1498,0,normal,0.004132196307182312,0.3753978889024972,40.963564847899306
1499,0,normal,0.00413028709590435,0.36507636998652165,-8.763895594578571
1500,0,normal,0.00397418113425374,0.3342736405005943,-37.247884704653416
1501,0,normal,0.004043907858431339,0.33463341102624644,-39.55360901164272
1502,0,normal,0.0040837619453668594,0.32715017041907024,-40.533345638516266
1503,0,normal,0.004116841591894627,0.3096891847509708,-55.40890760946763
1504,0,normal,0.004116841591894627,0.3096891847509708,-55.40890760946763
1505,0,normal,0.004116841591894627,0.3096891847509708,-55.40890760946763
1506,0,normal,0.004116841591894627,0.3096891847509708,-55.40890760946763
1507,0,normal,0.004116841591894627,0.3096891847509708,-55.40890760946763
1508,0,normal,0.004116841591894627,0.3096891847509708,-55.40890760946763
1509,0,normal,0.004116841591894627,0.3096891847509708,-55.40890760946763
1510,0,normal,0.004116841591894627,0.3096891847509708,-55.40890760946763
1511,0,normal,0.004116841591894627,0.3096891847509708,-55.40890760946763
1512,0,normal,0.004116841591894627,0.3096891847509708,-55.40890760946763
1513,0,normal,0.004116841591894627,0.3096891847509708,-55.40890760946763
1514,0,normal,0.004116841591894627,0.3096891847509708,-55.40890760946763
1515,0,normal,0.004116841591894627,0.3096891847509708,-55.40890760946763
1516,0,normal,0.004116841591894627,0.3096891847509708,-55.40890760946763
1517,0,normal,0.004116841591894627,0.3096891847509708,-55.40890760946763
1518,0,normal,0.004116841591894627,0.3096891847509708,-55.40890760946763
1519,0,normal,0.004116841591894627,0.3096891847509708,-55.40890760946763
1520,0,normal,0.004116841591894627,0.3096891847509708,-55.40890760946763
1521,0,normal,0.004116841591894627,0.3096891847509708,-55.40890760946763
1522,0,normal,0.004116841591894627,0.3096891847509708,-55.40890760946763
1523,0,normal,0.004116841591894627,0.3096891847509708,-55.40890760946763
1524,0,normal,0.004116841591894627,0.3096891847509708,-55.40890760946763
1525,0,normal,0.004116841591894627,0.3096891847509708,-55.40890760946763
1526,0,normal,0.004116841591894627,0.3096891847509708,-55.40890760946763
1527,0,normal,0.004116841591894627,0.3096891847509708,-55.40890760946763
1528,0,normal,0.004116841591894627,0.3096891847509708,-55.40890760946763
1529,0,normal,0.004116841591894627,0.3096891847509708,-55.40890760946763
1530,0,normal,0.004116841591894627,0.3096891847509708,-55.40890760946763
1531,0,normal,0.004116841591894627,0.3096891847509708,-55.40890760946763
1532,0,normal,0.004116841591894627,0.3096891847509708,-55.40890760946763
1533,0,normal,0.004116841591894627,0.3096891847509708,-55.40890760946763
1534,0,normal,0.004116841591894627,0.3096891847509708,-55.40890760946763
1535,0,normal,0.004116841591894627,0.3096891847509708,-55.40890760946763
1536,0,normal,0.004116841591894627,0.3096891847509708,-55.40890760946763
1537,0,normal,0.004116841591894627,0.3096891847509708,-55.40890760946763
1538,0,normal,0.004116841591894627,0.3096891847509708,-55.40890760946763
1539,0,normal,0.004116841591894627,0.3096891847509708,-55.40890760946763
1540,0,normal,0.004116841591894627,0.3096891847509708,-55.40890760946763
1541,0,normal,0.004116841591894627,0.3096891847509708,-55.40890760946763
1542,0,normal,0.004116841591894627,0.3096891847509708,-55.40890760946763
1543,0,normal,0.004116841591894627,0.3096891847509708,-55.40890760946763
1544,0,normal,0.004116841591894627,0.3096891847509708,-55.40890760946763
1545,0,normal,0.004116841591894627,0.3096891847509708,-55.40890760946763
1546,0,normal,0.004116841591894627,0.3096891847509708,-55.40890760946763
1547,0,normal,0.004116841591894627,0.3096891847509708,-55.40890760946763
1548,0,normal,0.004116841591894627,0.3096891847509708,-55.40890760946763
1549,0,normal,0.004116841591894627,0.3096891847509708,-55.40890760946763
1550,0,normal,0.004116841591894627,0.3096891847509708,-55.40890760946763
1551,0,normal,0.004116841591894627,0.3096891847509708,-55.40890760946763
1552,0,normal,0.004116841591894627,0.3096891847509708,-55.40890760946763
1553,0,normal,0.004116841591894627,0.3096891847509708,-55.40890760946763
1554,0,normal,0.004116841591894627,0.3096891847509708,-55.40890760946763
1555,0,normal,0.004116841591894627,0.3096891847509708,-55.40890760946763
1556,0,normal,7.44751501083374,0.3243470847605474,-24.826490424591157
1557,0,normal,0.04896416887640953,0.34210708507903437,-24.997925597673884
1558,0,normal,0.5408746004104614,0.3268881500123117,-25.284586343469755
1559,0,normal,1.6049847602844238,0.35822561774273665,-0.27345054139709646
1560,0,normal,0.17567051947116852,0.3612279444692819,0.25389278290822404
1561,0,normal,0.2324112206697464,0.3753750367969496,1.5383614713643965
1562,0,normal,0.2631765604019165,0.37515987021619873,2.860084655726723
1563,0,normal,0.2771281599998474,0.3774803647306848,4.167176486189646
1564,0,normal,0.24832507967948914,0.38927946687622145,5.490942210747562
1565,0,normal,0.21444465219974518,0.3969772627305264,6.819156061209014
1566,0,normal,0.24913769960403442,0.41356138528176073,8.168167201029974
1567,0,normal,0.5917154550552368,0.41112070450431387,9.519722358176068
1568,0,normal,2.014023780822754,0.4276538305690519,34.880455229915924
1569,0,normal,0.19363471865653992,0.4387235563041674,36.03081274234978
1570,0,normal,2.603055715560913,0.4479577697734455,49.16474814257322
1571,0,normal,0.04286724328994751,0.44827457018567823,49.24453214972618
1572,0,normal,0.01501678116619587,0.43553170236649064,49.30335497404144
1573,0,normal,0.011472541838884354,0.4536367839767213,48.944880137972405
1574,0,normal,0.009670574218034744,0.4428194327499766,48.83404916293648
1575,0,normal,0.007838297635316849,0.45806550103973337,48.90554764097374
1576,0,normal,0.006267284508794546,0.4433581421502768,49.05062822360924
1577,0,normal,0.005078572779893875,0.44422487984056813,49.158543677210446
1578,0,normal,0.004276251886039972,0.440371304060962,49.31160433913465
1579,0,normal,0.0038054585456848145,0.4391220990522312,49.528934415367075
1580,0,normal,0.0035845760721713305,0.43748992176531293,49.73831433439773
1581,0,normal,0.0035278606228530407,0.433930582486179,49.99725988640489
1582,0,normal,0.0035621251445263624,0.4338317516760508,50.398668486557426
1583,0,normal,0.0036351324524730444,0.44725536779178743,50.72416900484268
1584,0,normal,0.003715838771313429,0.46565946833006094,51.597722164088054
1585,0,normal,0.003789609996601939,0.43745328630740166,52.38943021342129
1586,0,normal,0.0038435673341155052,0.41311241567554174,25.452760819238392
1587,0,normal,0.003894966561347246,0.42865415186745154,26.363889602654353
1588,0,normal,0.0039377277716994286,0.426391044254372,27.386708165570553
1589,0,normal,0.003961759153753519,0.4031609429221519,0.62055971905761
1590,0,normal,0.003995831124484539,0.4055726969919197,-0.48975627627123686
1591,0,normal,0.004027314018458128,0.3823225583087186,-1.5586522857595355
1592,0,normal,0.004056851379573345,0.3741093072692175,-2.7420821257924217
1593,0,normal,0.004084296524524689,0.38500396518311397,-3.4372499153657827
1594,0,normal,0.0041080666705966,0.3680981985354292,-4.520729503481107
1595,0,normal,0.004125159699469805,0.3627547522286344,-5.8403426339903035
1596,0,normal,0.004134471528232098,0.3623091651374943,-7.54827591076014
1597,0,normal,0.004137334879487753,0.35890572901766277,-9.501466422819476
1598,0,normal,0.004039168823510408,0.33973794570518256,-38.1138729395318
1599,0,normal,0.0040837619453668594,0.32715017041907024,-40.533345638516266
1600,0,normal,0.004116841591894627,0.3096891847509708,-55.40890760946763
1601,0,normal,0.004116841591894627,0.3096891847509708,-55.40890760946763
1602,0,normal,0.004116841591894627,0.3096891847509708,-55.40890760946763
1603,0,normal,0.004116841591894627,0.3096891847509708,-55.40890760946763
1604,0,normal,0.004116841591894627,0.3096891847509708,-55.40890760946763
1605,0,normal,0.004116841591894627,0.3096891847509708,-55.40890760946763
1606,0,normal,0.004116841591894627,0.3096891847509708,-55.40890760946763
1607,0,normal,0.004116841591894627,0.3096891847509708,-55.40890760946763
1608,0,normal,0.004116841591894627,0.3096891847509708,-55.40890760946763
1609,0,normal,0.004116841591894627,0.3096891847509708,-55.40890760946763
1610,0,normal,0.004116841591894627,0.3096891847509708,-55.40890760946763
1611,0,normal,0.004116841591894627,0.3096891847509708,-55.40890760946763
1612,0,normal,0.004116841591894627,0.3096891847509708,-55.40890760946763
1613,0,normal,0.004116841591894627,0.3096891847509708,-55.40890760946763
1614,0,normal,0.004116841591894627,0.3096891847509708,-55.40890760946763
1615,0,normal,0.004116841591894627,0.3096891847509708,-55.40890760946763
1616,0,normal,0.004116841591894627,0.3096891847509708,-55.40890760946763
1617,0,normal,0.004116841591894627,0.3096891847509708,-55.40890760946763
1618,0,normal,0.004116841591894627,0.3096891847509708,-55.40890760946763
1619,0,normal,0.004116841591894627,0.3096891847509708,-55.40890760946763
1620,0,normal,0.004116841591894627,0.3096891847509708,-55.40890760946763
1621,0,normal,0.004116841591894627,0.3096891847509708,-55.40890760946763
1622,0,normal,0.004116841591894627,0.3096891847509708,-55.40890760946763
1623,0,normal,0.004116841591894627,0.3096891847509708,-55.40890760946763
1624,0,normal,0.004116841591894627,0.3096891847509708,-55.40890760946763
1625,0,normal,0.004116841591894627,0.3096891847509708,-55.40890760946763
1626,0,normal,0.004116841591894627,0.3096891847509708,-55.40890760946763
1627,0,normal,0.004116841591894627,0.3096891847509708,-55.40890760946763
1628,0,normal,0.004116841591894627,0.3096891847509708,-55.40890760946763
1629,0,normal,0.004116841591894627,0.3096891847509708,-55.40890760946763
1630,0,normal,0.004116841591894627,0.3096891847509708,-55.40890760946763
1631,0,normal,0.004116841591894627,0.3096891847509708,-55.40890760946763
1632,0,normal,0.004116841591894627,0.3096891847509708,-55.40890760946763
1633,0,normal,0.004116841591894627,0.3096891847509708,-55.40890760946763
1634,0,normal,0.004116841591894627,0.3096891847509708,-55.40890760946763
1635,0,normal,0.004116841591894627,0.3096891847509708,-55.40890760946763
1636,0,normal,0.004116841591894627,0.3096891847509708,-55.40890760946763
1637,0,normal,0.004116841591894627,0.3096891847509708,-55.40890760946763
1638,0,normal,0.004116841591894627,0.3096891847509708,-55.40890760946763
1639,0,normal,0.004116841591894627,0.3096891847509708,-55.40890760946763
1640,0,normal,0.004116841591894627,0.3096891847509708,-55.40890760946763
1641,0,normal,0.004116841591894627,0.3096891847509708,-55.40890760946763
1642,0,normal,0.004116841591894627,0.3096891847509708,-55.40890760946763
1643,0,normal,0.004116841591894627,0.3096891847509708,-55.40890760946763
1644,0,normal,0.004116841591894627,0.3096891847509708,-55.40890760946763
1645,0,normal,0.004116841591894627,0.3096891847509708,-55.40890760946763
1646,0,normal,0.004116841591894627,0.3096891847509708,-55.40890760946763
1647,0,normal,0.004116841591894627,0.3096891847509708,-55.40890760946763
1648,0,normal,0.004116841591894627,0.3096891847509708,-55.40890760946763
1649,0,normal,0.004116841591894627,0.3096891847509708,-55.40890760946763
1650,0,normal,0.004116841591894627,0.3096891847509708,-55.40890760946763
1651,0,normal,0.004116841591894627,0.3096891847509708,-55.40890760946763
1652,0,normal,0.004116841591894627,0.3096891847509708,-55.40890760946763
1653,0,normal,0.004116841591894627,0.3096891847509708,-55.40890760946763
1654,0,normal,7.44751501083374,0.3243470847605474,-24.826490424591157
1655,0,normal,0.04896416887640953,0.34210708507903437,-24.997925597673884
1656,0,normal,4.476324081420898,0.3662029327502714,1.1192849961255433
1657,0,normal,0.22226375341415405,0.35619342100915213,1.093101289923652
1658,0,normal,0.270473450422287,0.36968359579287186,1.863123701055656
1659,0,normal,0.3074735999107361,0.3742962659384501,3.117133230575064
1660,0,normal,0.3121332824230194,0.3756316808795814,4.436589379712359
1661,0,normal,0.267274409532547,0.39192794058154706,5.748564217651165
1662,0,normal,0.22069573402404785,0.3947903373977837,7.074942808726291
1663,0,normal,0.24155741930007935,0.4095776466368512,8.411541589317494
1664,0,normal,0.5140682458877563,0.4141449620095003,9.775721673494672
1665,0,normal,2.3173155784606934,0.44627663722499106,35.14899568632313
1666,0,normal,0.2458248883485794,0.42070482315069613,35.40137210742091
1667,0,normal,0.5734936594963074,0.44705652355877495,35.26842750764445
1668,0,normal,2.1742560863494873,0.4393219691123702,48.485133359333076
1669,0,normal,0.042578306049108505,0.4446573845954872,48.50760847647712
1670,0,normal,0.011746197007596493,0.45881051784673577,48.59374537614235
1671,0,normal,0.006955408491194248,0.4358420214333021,48.21204807064328
1672,0,normal,0.004219493363052607,0.4446340499781382,48.068494804865395
1673,0,normal,0.002682114951312542,0.44497904700569885,48.0727248287194
1674,0,normal,0.0020951677579432726,0.4415097700095871,48.21866278062362
1675,0,normal,0.0020818368066102266,0.45272083391237355,48.30168225913849
1676,0,normal,0.0023467373102903366,0.43765849926233974,48.39267349325041
1677,0,normal,0.0026982647832483053,0.42087425514539917,48.6580036329965
1678,0,normal,0.0030300533398985863,0.4385926924049071,48.95622650488622
1679,0,normal,0.0032976455986499786,0.4332528048745121,49.34131056854653
1680,0,normal,0.0034952303394675255,0.43835443229616783,49.68523665153862
1681,0,normal,0.0036355936899781227,0.4672517362767867,50.51997969292643
1682,0,normal,0.003736196318641305,0.44530903831589913,51.30546524719762
1683,0,normal,0.003811831586062908,0.43815272456758614,52.217419500195774
1684,0,normal,0.003865019418299198,0.4299443553832107,25.20213623446989
1685,0,normal,0.003915432840585709,0.4237551333586775,26.219971170840154
1686,0,normal,0.003949752543121576,0.3991403313643802,-0.5458754171124838
1687,0,normal,0.003988824784755707,0.3965939134759557,-1.7920866251135976
1688,0,normal,0.004023823421448469,0.3876555649650589,-2.8515359788882506
1689,0,normal,0.0040550436824560165,0.3815581574607767,-4.097495112865545
1690,0,normal,0.004082184750586748,0.3862420360840055,-4.916623631055245
1691,0,normal,0.004104113206267357,0.36484718885178125,-5.946497211263704
1692,0,normal,0.004118787590414286,0.3643919752662568,-7.246509298777482
1693,0,normal,0.0041254544630646706,0.35954273268294024,-8.993353760483615
1694,0,normal,0.0041250381618738174,0.35771976044662446,-10.960190154000202
1695,0,normal,0.0040060305036604404,0.3263033962296664,-39.662437315765374
1696,0,normal,0.004058622755110264,0.3299586058700084,-40.59510611764813
1697,0,normal,0.0040837619453668594,0.32715017041907024,-40.533345638516266
1698,0,normal,0.004116841591894627,0.3096891847509708,-55.40890760946763
1699,0,normal,0.004116841591894627,0.3096891847509708,-55.40890760946763
1700,0,normal,0.004116841591894627,0.3096891847509708,-55.40890760946763
1701,0,normal,0.004116841591894627,0.3096891847509708,-55.40890760946763
1702,0,normal,0.004116841591894627,0.3096891847509708,-55.40890760946763
1703,0,normal,0.004116841591894627,0.3096891847509708,-55.40890760946763
1704,0,normal,0.004116841591894627,0.3096891847509708,-55.40890760946763
1705,0,normal,7.44751501083374,0.3243470847605474,-24.826490424591157
1706,0,normal,0.04896416887640953,0.34210708507903437,-24.997925597673884
1707,0,normal,0.5408746004104614,0.3268881500123117,-25.284586343469755
1708,0,normal,1.6049847602844238,0.35822561774273665,-0.27345054139709646
1709,0,normal,0.17567051947116852,0.3612279444692819,0.25389278290822404
1710,0,normal,0.2324112206697464,0.3753750367969496,1.5383614713643965
1711,0,normal,0.2631765604019165,0.37515987021619873,2.860084655726723
1712,0,normal,0.5726982951164246,0.37433771565955737,2.6521114820416187
1713,0,normal,0.36742541193962097,0.38549558602849177,4.022700204987132
1714,0,normal,0.3127792775630951,0.3911368992401584,3.8235031604626784
1715,0,normal,0.34219324588775635,0.401901088547482,5.258110407980666
1716,0,normal,0.4078202247619629,0.4079298430068446,6.611491687006264
1717,0,normal,3.2947678565979004,0.4163840227872242,30.592826391008202
1718,0,normal,0.24964576959609985,0.4270277427956344,31.787759388985023
1719,0,normal,0.49705156683921814,0.434096186737885,31.580336300743966
1720,0,normal,2.2706284523010254,0.431120279669307,44.85713782588846
1721,0,normal,0.04646723344922066,0.45036562587882156,44.89029025072978
1722,0,normal,0.013979272916913033,0.4483661620680436,44.922983127563384
1723,0,normal,0.00816951785236597,0.43889635493522106,44.519139748672615
1724,0,normal,0.004772779997438192,0.4360502968476876,44.33601240506391
1725,0,normal,0.002866632305085659,0.4396156512458552,44.44762274115487
1726,0,normal,0.0021139588207006454,0.43031698904128296,44.55497659686944
1727,0,normal,0.0020506696309894323,0.44013744294932994,44.72022211266017
1728,0,normal,0.0023201373405754566,0.4351699422811442,44.93405459308019
1729,0,normal,0.0026927466969937086,0.42841859047966496,45.1559684997203
1730,0,normal,0.003042408963665366,0.42825518017903763,45.43291310938275
1731,0,normal,0.0033181575126945972,0.43905857455871644,45.855456291490555
1732,0,normal,0.003515333868563175,0.4305603704412716,46.1946570824382
1733,0,normal,0.003650657832622528,0.4628717198015302,47.07556074866943
1734,0,normal,0.0037451928947120905,0.42600225736643527,47.85792893128814
1735,0,normal,0.0038068965077400208,0.40983691064632216,20.73145816243118
1736,0,normal,0.0038671179208904505,0.42135970098119724,21.574263957037374
1737,0,normal,0.0039175208657979965,0.4182883031938443,22.421107761458188
1738,0,normal,0.003954590763896704,0.3881816848837888,-4.6732165243222425
1739,0,normal,0.003994481638073921,0.38899902590295343,-6.229093584668362
1740,0,normal,0.004030545707792044,0.383816683331631,-7.650863350395184
1741,0,normal,0.004062579479068518,0.36649637604133867,-9.238705062155532
1742,0,normal,0.004086102358996868,0.384058709519457,-7.950327505969881
1743,0,normal,0.004106597509235144,0.35458220395960816,-9.212857518928331
1744,0,normal,0.004117464181035757,0.35936088132619715,-8.190410606425303
1745,0,normal,0.004122842103242874,0.3536362748119621,-10.023377248340694
1746,0,normal,0.004119928926229477,0.35752219732108326,-12.041856583121216
1747,0,normal,0.003999398089945316,0.3305387656213625,-38.223657479460826
1748,0,normal,0.004058622755110264,0.3299586058700084,-40.59510611764813
1749,0,normal,0.0040837619453668594,0.32715017041907024,-40.533345638516266
1750,0,normal,0.004116841591894627,0.3096891847509708,-55.40890760946763
1751,0,normal,0.004116841591894627,0.3096891847509708,-55.40890760946763
1752,0,normal,0.004116841591894627,0.3096891847509708,-55.40890760946763
1753,0,normal,0.004116841591894627,0.3096891847509708,-55.40890760946763
1754,0,normal,0.004116841591894627,0.3096891847509708,-55.40890760946763
1755,0,normal,0.004116841591894627,0.3096891847509708,-55.40890760946763
1756,0,normal,0.004116841591894627,0.3096891847509708,-55.40890760946763
1757,0,normal,0.004116841591894627,0.3096891847509708,-55.40890760946763
1758,0,normal,0.004116841591894627,0.3096891847509708,-55.40890760946763
1759,0,normal,0.004116841591894627,0.3096891847509708,-55.40890760946763
1760,0,normal,0.004116841591894627,0.3096891847509708,-55.40890760946763
1761,0,normal,0.004116841591894627,0.3096891847509708,-55.40890760946763
1762,0,normal,7.44751501083374,0.3243470847605474,-24.826490424591157
1763,0,normal,0.04896416887640953,0.34210708507903437,-24.997925597673884
1764,0,normal,0.5408746004104614,0.3268881500123117,-25.284586343469755
1765,0,normal,1.6049847602844238,0.35822561774273665,-0.27345054139709646
1766,0,normal,0.17567051947116852,0.3612279444692819,0.25389278290822404
1767,0,normal,0.2324112206697464,0.3753750367969496,1.5383614713643965
1768,0,normal,0.2631765604019165,0.37515987021619873,2.860084655726723
1769,0,normal,0.2771281599998474,0.3774803647306848,4.167176486189646
1770,0,normal,0.46430689096450806,0.38488216989499907,3.977427093197548
1771,0,normal,0.3084186911582947,0.39346813836548733,5.352505062513501
1772,0,normal,0.25521838665008545,0.4151374909217389,6.690343675850727
1773,0,normal,0.47073227167129517,0.40686492859838436,8.080382829278733
1774,0,normal,2.4711763858795166,0.4275696574566129,33.48783047748748
1775,0,normal,0.23043566942214966,0.43290973787048664,33.71399306544595
1776,0,normal,0.5538813471794128,0.434088742380019,33.56351092281443
1777,0,normal,2.2169551849365234,0.43668551568186537,46.782632089165645
1778,0,normal,0.042869683355093,0.44538215702956074,46.81189291203191
1779,0,normal,0.011852583847939968,0.4592240414919766,46.859260230663494
1780,0,normal,0.006686877924948931,0.4341930262508207,46.47157318213726
1781,0,normal,0.00379773392342031,0.44287244907946527,46.301295685157584
1782,0,normal,0.0023046275600790977,0.4400505639710103,46.417507224940664
1783,0,normal,0.0018338856752961874,0.43888004350868914,46.52983136528064
1784,0,normal,0.0019428639207035303,0.4498638740818743,46.6914816578701
1785,0,normal,0.002304003806784749,0.43949760778686503,46.90617957693871
1786,0,normal,0.0027148628141731024,0.4346960016148318,47.11583565753881
1787,0,normal,0.0030723416712135077,0.4339603307148918,47.393044080924255
1788,0,normal,0.0033424843568354845,0.43858416806433775,47.80580859478755
1789,0,normal,0.003530985675752163,0.43306681486235893,48.14571355422231
1790,0,normal,0.0036593053955584764,0.47170167992732676,49.017002663275434
1791,0,normal,0.00374964508228004,0.4371840453382969,49.82096908758581
1792,0,normal,0.003809879533946514,0.41776538796876495,22.7718110185956
1793,0,normal,0.0038682371377944946,0.43169438890771294,23.65285747848111
1794,0,normal,0.003917779307812452,0.4196903355348864,24.610141486347402
1795,0,normal,0.003952009603381157,0.3953699776204361,-2.3256180134924307
1796,0,normal,0.00399135472252965,0.3931769712567388,-3.7192137409249426
1797,0,normal,0.0040269289165735245,0.3838600353349036,-4.92234716548478
1798,0,normal,0.00405886210501194,0.37628882914057055,-6.332854390805551
1799,0,normal,0.004086398519575596,0.3817446533791028,-7.296626649251266
1800,0,normal,0.004104113206267357,0.36484718885178125,-5.946497211263704
1801,0,normal,0.004118787590414286,0.3643919752662568,-7.246509298777482
1802,0,normal,0.0041254544630646706,0.35954273268294024,-8.993353760483615
1803,0,normal,47.51047134399414,0.3726353913319574,167.33521009066283
1804,0,normal,38.16938400268555,0.3594467548538325,275.18163221533575
1805,0,normal,0.12581367790699005,0.34776410159757437,274.2985881958773
1806,0,normal,7.834214210510254,0.3835023218411035,292.88765951657933
1807,0,normal,0.5819976329803467,0.3612279444692819,282.6336025915949
1808,0,normal,121.01515197753906,0.3777828884690487,580.266058353098
1809,0,normal,11.61435317993164,0.4012555390226809,604.073481885919
1810,0,normal,0.545971691608429,0.40025505250514615,604.6409132986262
1811,0,normal,0.9350234270095825,0.41693716138189846,605.2605519826782
1812,0,normal,1.7399400472640991,0.4154957880139877,605.8065477714624
1813,0,normal,2.6412482261657715,0.4422593350430398,606.4886291287266
1814,0,normal,3.320807456970215,0.426623227335029,607.1271445317659
1815,0,normal,0.6447088718414307,0.44046369722188083,618.9925523860078
1816,0,normal,0.26426494121551514,0.45947209370818276,619.1127918178753
1817,0,normal,2.1767892837524414,0.4740388751025832,625.2775646462018
1818,0,normal,0.02749343030154705,0.4639741411727672,625.3241847981545
1819,0,normal,0.008362550288438797,0.4565983073965354,625.3466585678582
1820,0,normal,0.00757444417104125,0.4699057295320678,625.1605711819554
1821,0,normal,0.007088779471814632,0.4618948185260857,625.0834980766538
1822,0,normal,0.006148152984678745,0.4702034910191086,625.0787346995862
1823,0,normal,0.005199438892304897,0.4757560453778359,625.1469622475001
1824,0,normal,0.004435876850038767,0.46222134162468936,625.1887215306347
1825,0,normal,0.0039100851863622665,0.46120091177400435,625.2545626187657
1826,0,normal,0.003608038881793618,0.4588843349678338,625.3437921666884
1827,0,normal,0.003482433268800378,0.4585737189515431,625.4356285844332
1828,0,normal,0.0034747542813420296,0.4556232172046222,625.5275634826189
1829,0,normal,0.0035315798595547676,0.45918180223864635,625.719597085368
1830,0,normal,0.0036135604605078697,0.47414094425200454,625.8859915854736
1831,0,normal,0.003697142470628023,0.48135808392970925,626.3289518489571
1832,0,normal,0.0037715823855251074,0.4458295372102795,626.776701174717
1833,0,normal,0.003834323026239872,0.4304168605336418,534.2899806421001
1834,0,normal,40.01630783081055,0.4456712849236569,534.8824118089351
1835,0,normal,0.04383862763643265,0.446140867210297,535.4685983890035
1836,0,normal,0.025596147403120995,0.41194724465008453,521.0725486745861
1837,0,normal,0.013744334690272808,0.42708607173725455,520.4537045019828
1838,0,normal,0.008904803544282913,0.3923080501816036,190.44850673059148
1839,0,normal,0.006939011160284281,0.3743883848693761,148.08807118271773
1840,0,normal,0.005910880398005247,0.3881815154019801,147.46580363647638
1841,0,normal,0.005180514417588711,0.36778137609616757,146.47310980661678
1842,0,normal,0.004603158682584763,0.36291807371110846,145.26357485814344
1843,0,normal,0.004168742801994085,0.3624675938017179,143.71201325843379
1844,0,normal,0.0038797573652118444,0.35456603486654986,141.9391287800512
1845,0,normal,0.003671330399811268,0.33463341102624644,117.04952211793784
1846,0,normal,0.0036377673968672752,0.3289958449657692,116.20027787546769
1847,0,normal,0.0036551347002387047,0.3166099170934036,103.31333333417524
1848,0,normal,0.003695549676194787,0.3096891847509708,103.32006075212189
1849,0,normal,0.0037473340053111315,0.3096891847509708,103.31779467545607
1850,0,normal,0.0037989967968314886,0.3096891847509708,103.31304517510239
1851,0,normal,0.0038458099588751793,0.31339938667832323,103.31987172301842
1852,0,normal,0.0038869099225848913,0.3120647913348182,103.31938601211414
1853,0,normal,0.003923005424439907,0.3096891847509708,103.31964964684357
1854,0,normal,0.003955034539103508,0.3133820724853394,103.31990524276034
1855,0,normal,0.003983599599450827,0.3114677086209973,103.32015280486848
1856,0,normal,0.004008918069303036,0.3109916732547836,103.31964914249329
1857,0,normal,0.004031014628708363,0.3130848381573301,103.3204569806403
1858,0,normal,0.004049915354698896,0.3155736047096703,103.3214435501036
1859,0,normal,0.004065767861902714,0.3096891847509708,103.3155106383806
1860,0,normal,7.4479498863220215,0.3243470847605474,129.81394429531292
1861,0,normal,0.048910535871982574,0.34210708507903437,129.66382588058195
1862,0,normal,0.5413521528244019,0.33169476601712483,129.41896622058835
1863,0,normal,2.19779634475708,0.342438209720828,139.47067967787189
1864,0,normal,1.4592405557632446,0.34793959954707376,-13.896293875901165
1865,0,normal,1.9652639627456665,0.34980010067424666,-13.542289597759464
1866,0,normal,2.316577196121216,0.35812232194215493,-13.162969677007595
1867,0,normal,2.5917439460754395,0.3546941861919581,-12.80967373431531
1868,0,normal,2.860051155090332,0.360040499643354,-12.443482279025602
1869,0,normal,3.0587475299835205,0.37024368126753043,-12.072449045384701
1870,0,normal,3.423607349395752,0.3755856647457643,-12.287794283532776
1871,0,normal,3.0691678524017334,0.3811904546193482,-11.888467310958276
1872,0,normal,2.365880012512207,0.38693277186732206,0.771616258340373
1873,0,normal,1.2002086639404297,0.3990800612959219,1.106375840749024
1874,0,normal,1.375658392906189,0.3953736928483981,1.5018192081022335
1875,0,normal,4.479883670806885,0.3980884912086557,15.037082697003825
1876,0,normal,0.3532625436782837,0.4068598968703219,15.00670391035419
1877,0,normal,0.3354438841342926,0.41241924774054517,14.95442670020816
1878,0,normal,0.34003376960754395,0.40261116812304654,14.488892700710494
1879,0,normal,0.29612430930137634,0.41419306238149384,14.28241032367987
1880,0,normal,0.23497718572616577,0.4125765130939766,14.408038938886193
1881,0,normal,0.1690538227558136,0.41287589053846735,14.520641900074452
1882,0,normal,0.10967656970024109,0.40847663502967163,14.69346309261914
1883,0,normal,0.06436978280544281,0.3902426668571352,14.954789702876951
1884,0,normal,0.0347793810069561,0.39823348604054876,15.19094567693287
1885,0,normal,0.017999162897467613,0.39819507325671133,15.448391285381149
1886,0,normal,0.00962407048791647,0.41396583493098743,15.789449704090885
1887,0,normal,0.00592717295512557,0.39754014998776493,16.105966723309393
1888,0,normal,0.004500505048781633,0.42425020622931164,16.716406546420558
1889,0,normal,0.00403810478746891,0.39499964446231417,17.29973372808945
1890,0,normal,0.003972054459154606,0.38726576614572333,-10.96726764178311
1891,0,normal,0.003930163104087114,0.3939235709418292,-10.36405449969584
1892,0,normal,0.003916452173143625,0.37619099108386533,-9.745032854708825
1893,0,normal,0.003889512736350298,0.377309470577373,-23.168369696864147
1894,0,normal,0.003884374164044857,0.3675031450345294,-23.54941773112273
1895,0,normal,0.0038951693568378687,0.3737462187211611,-23.786065861675297
1896,0,normal,0.003927059471607208,0.3605862025391263,-24.11678141799598
1897,0,normal,0.003986171446740627,0.3597054733939649,-24.20519710123017
1898,0,normal,0.004050565883517265,0.3509274317834533,-24.33427270507991
1899,0,normal,0.004083829000592232,0.34689252496379863,-24.62194816618944
1900,0,normal,0.004091599024832249,0.3435356694266913,-24.0847875881052
1901,0,normal,0.004097716882824898,0.3493370774771514,-24.691461459761285
1902,0,normal,0.003980235196650028,0.3302661383973548,-38.68427566700552
1903,0,normal,0.004043907858431339,0.33463341102624644,-39.55360901164272
1904,0,normal,0.0040837619453668594,0.32715017041907024,-40.533345638516266
1905,0,normal,0.004116841591894627,0.3096891847509708,-55.40890760946763
1906,0,normal,0.004116841591894627,0.3096891847509708,-55.40890760946763
1907,0,normal,0.004116841591894627,0.3096891847509708,-55.40890760946763
1908,0,normal,0.004116841591894627,0.3096891847509708,-55.40890760946763
1909,0,normal,0.004116841591894627,0.3096891847509708,-55.40890760946763
1910,0,normal,0.004116841591894627,0.3096891847509708,-55.40890760946763
1911,0,normal,0.004116841591894627,0.3096891847509708,-55.40890760946763
1912,0,normal,0.004116841591894627,0.3096891847509708,-55.40890760946763
1913,0,normal,0.004116841591894627,0.3096891847509708,-55.40890760946763
1914,0,normal,0.004116841591894627,0.3096891847509708,-55.40890760946763
1915,0,normal,0.004116841591894627,0.3096891847509708,-55.40890760946763
1916,0,normal,0.004116841591894627,0.3096891847509708,-55.40890760946763
1917,0,normal,0.004116841591894627,0.3096891847509708,-55.40890760946763
1918,0,normal,0.004116841591894627,0.3096891847509708,-55.40890760946763
1919,0,normal,0.004116841591894627,0.3096891847509708,-55.40890760946763
1920,0,normal,0.004116841591894627,0.3096891847509708,-55.40890760946763
1921,0,normal,0.004116841591894627,0.3096891847509708,-55.40890760946763
1922,0,normal,0.004116841591894627,0.3096891847509708,-55.40890760946763
1923,0,normal,0.004116841591894627,0.3096891847509708,-55.40890760946763
1924,0,normal,0.004116841591894627,0.3096891847509708,-55.40890760946763
1925,0,normal,0.004116841591894627,0.3096891847509708,-55.40890760946763
1926,0,normal,0.004116841591894627,0.3096891847509708,-55.40890760946763
1927,0,normal,0.004116841591894627,0.3096891847509708,-55.40890760946763
1928,0,normal,0.004116841591894627,0.3096891847509708,-55.40890760946763
1929,0,normal,0.004116841591894627,0.3096891847509708,-55.40890760946763
1930,0,normal,0.004116841591894627,0.3096891847509708,-55.40890760946763
1931,0,normal,0.004116841591894627,0.3096891847509708,-55.40890760946763
1932,0,normal,0.004116841591894627,0.3096891847509708,-55.40890760946763
1933,0,normal,0.004116841591894627,0.3096891847509708,-55.40890760946763
1934,0,normal,0.004116841591894627,0.3096891847509708,-55.40890760946763
1935,0,normal,0.004116841591894627,0.3096891847509708,-55.40890760946763
1936,0,normal,0.004116841591894627,0.3096891847509708,-55.40890760946763
1937,0,normal,0.004116841591894627,0.3096891847509708,-55.40890760946763
1938,0,normal,0.004116841591894627,0.3096891847509708,-55.40890760946763
1939,0,normal,0.004116841591894627,0.3096891847509708,-55.40890760946763
1940,0,normal,0.004116841591894627,0.3096891847509708,-55.40890760946763
1941,0,normal,0.004116841591894627,0.3096891847509708,-55.40890760946763
1942,0,normal,0.004116841591894627,0.3096891847509708,-55.40890760946763
1943,0,normal,0.004116841591894627,0.3096891847509708,-55.40890760946763
1944,0,normal,0.004116841591894627,0.3096891847509708,-55.40890760946763
1945,0,normal,0.004116841591894627,0.3096891847509708,-55.40890760946763
1946,0,normal,0.004116841591894627,0.3096891847509708,-55.40890760946763
1947,0,normal,0.004116841591894627,0.3096891847509708,-55.40890760946763
1948,0,normal,0.004116841591894627,0.3096891847509708,-55.40890760946763
1949,0,normal,0.004116841591894627,0.3096891847509708,-55.40890760946763
1950,0,normal,0.004116841591894627,0.3096891847509708,-55.40890760946763
1951,0,normal,0.004116841591894627,0.3096891847509708,-55.40890760946763
1952,0,normal,0.004116841591894627,0.3096891847509708,-55.40890760946763
1953,0,normal,0.004116841591894627,0.3096891847509708,-55.40890760946763
1954,0,normal,0.004116841591894627,0.3096891847509708,-55.40890760946763
1955,0,normal,0.004116841591894627,0.3096891847509708,-55.40890760946763
1956,0,normal,0.004116841591894627,0.3096891847509708,-55.40890760946763
1957,0,normal,0.004116841591894627,0.3096891847509708,-55.40890760946763
1958,0,normal,7.44751501083374,0.3243470847605474,-24.826490424591157
1959,0,normal,0.04896416887640953,0.34210708507903437,-24.997925597673884
1960,0,normal,2.345215320587158,0.3498820157064526,-12.98388830209501
1961,0,normal,1.80845046043396,0.3859434245463734,11.559114419312664
1962,0,normal,0.18545030057430267,0.379317840733877,12.105962410665825
1963,0,normal,0.2519851326942444,0.3931846453605112,13.357199117747996
1964,0,normal,0.29473698139190674,0.38791420289554074,14.672089380701436
1965,0,normal,0.3070722222328186,0.3917770177366998,15.99229679856353
1966,0,normal,0.26934775710105896,0.41026783677767215,17.337956064513264
1967,0,normal,0.22422242164611816,0.4131418437546315,18.66769412278859
1968,0,normal,0.24477845430374146,0.4256070378502607,20.032978738023303
1969,0,normal,0.5561552047729492,0.42323132755849113,21.404940327894337
1970,0,normal,2.1167566776275635,0.4347109061436176,46.518215686665826
1971,0,normal,0.45816051959991455,0.4500084208705266,46.190544632015644
1972,0,normal,2.2935471534729004,0.45471474250626637,59.23707027543469
1973,0,normal,0.03587765246629715,0.4554777850392586,59.28084487522642
1974,0,normal,0.014661777764558792,0.446024038865978,59.369895522276465
1975,0,normal,0.012838765047490597,0.4614468452919296,59.01925132311089
1976,0,normal,0.011219463311135769,0.44780037482470936,58.89158685455982
1977,0,normal,0.009196045808494091,0.45742954192097884,58.921429839710754
1978,0,normal,0.007344996556639671,0.4559470754813728,59.02791759744582
1979,0,normal,0.005873864516615868,0.4512864928491329,59.11908199262484
1980,0,normal,0.004822924733161926,0.44187329147735643,59.25901071248177
1981,0,normal,0.004153192508965731,0.44208887630490495,59.46904488397536
1982,0,normal,0.0037863319739699364,0.4435563748172433,59.74004693839993
1983,0,normal,0.0036315214820206165,0.4390022512747718,60.112981490241964
1984,0,normal,0.003605780191719532,0.4398235912554099,60.570718311718565
1985,0,normal,0.003645683638751507,0.46355833495326343,61.19955637476596
1986,0,normal,0.0037101448979228735,0.47679584224640537,62.28891349785431
1987,0,normal,0.003776991507038474,0.4477981103841939,63.28238402106126
1988,0,normal,0.0038315104320645332,0.42906264234903546,36.796486419080566
1989,0,normal,0.003882913151755929,0.43337717201480747,37.838208825569154
1990,0,normal,0.0039255982264876366,0.4246153259092848,25.908978082826707
1991,0,normal,0.003953563515096903,0.400838559269955,-0.8993419766395618
1992,0,normal,0.003988173790276051,0.40115014513735464,-2.013027616262889
1993,0,normal,0.004020055290311575,0.3776826066032285,-3.115524344728783
1994,0,normal,0.004049734212458134,0.37265300705101917,-4.35433754558926
1995,0,normal,0.004076957702636719,0.38214792398177483,-5.119515713257897
1996,0,normal,0.004100363701581955,0.3625805003984339,-6.331287381260381
1997,0,normal,0.004117521457374096,0.35985420912333166,-7.8003756416890155
1998,0,normal,0.00412721699103713,0.35809531393063854,-9.653542799064326
1999,0,normal,0.004130373243242502,0.35076260935478903,-11.772842569680506
2000,0,normal,0.004058622755110264,0.3299586058700084,-40.59510611764813
2001,0,normal,0.0040837619453668594,0.32715017041907024,-40.533345638516266
2002,0,normal,0.004116841591894627,0.3096891847509708,-55.40890760946763
2003,0,normal,0.004116841591894627,0.3096891847509708,-55.40890760946763
2004,0,normal,0.004116841591894627,0.3096891847509708,-55.40890760946763
2005,0,normal,0.004116841591894627,0.3096891847509708,-55.40890760946763
2006,0,normal,0.004116841591894627,0.3096891847509708,-55.40890760946763
2007,0,normal,0.004116841591894627,0.3096891847509708,-55.40890760946763
2008,0,normal,0.004116841591894627,0.3096891847509708,-55.40890760946763
2009,0,normal,0.004116841591894627,0.3096891847509708,-55.40890760946763
2010,0,normal,0.004116841591894627,0.3096891847509708,-55.40890760946763
2011,0,normal,0.004116841591894627,0.3096891847509708,-55.40890760946763
2012,0,normal,0.004116841591894627,0.3096891847509708,-55.40890760946763
2013,0,normal,0.004116841591894627,0.3096891847509708,-55.40890760946763
2014,0,normal,0.004116841591894627,0.3096891847509708,-55.40890760946763
2015,0,normal,0.004116841591894627,0.3096891847509708,-55.40890760946763
2016,0,normal,0.004116841591894627,0.3096891847509708,-55.40890760946763
2017,0,normal,0.004116841591894627,0.3096891847509708,-55.40890760946763
2018,0,normal,0.004116841591894627,0.3096891847509708,-55.40890760946763
2019,0,normal,0.004116841591894627,0.3096891847509708,-55.40890760946763
2020,0,normal,0.004116841591894627,0.3096891847509708,-55.40890760946763
2021,0,normal,0.004116841126233339,0.3096891847509708,-55.40890760946763
2022,0,normal,0.004116841126233339,0.3096891847509708,-55.40890760946763
2023,0,normal,0.004116841591894627,0.3096891847509708,-55.40890760946763
2024,0,normal,0.004116841591894627,0.3096891847509708,-55.40890760946763
2025,0,normal,0.004116841591894627,0.3096891847509708,-55.40890760946763
2026,0,normal,0.004116841591894627,0.3096891847509708,-55.40890760946763
2027,0,normal,0.004116841591894627,0.3096891847509708,-55.40890760946763
2028,0,normal,0.004116841591894627,0.3096891847509708,-55.40890760946763
2029,0,normal,0.004116841591894627,0.3096891847509708,-55.40890760946763
2030,0,normal,0.004116841591894627,0.3096891847509708,-55.40890760946763
2031,0,normal,0.004116841591894627,0.3096891847509708,-55.40890760946763
2032,0,normal,0.004116841591894627,0.3096891847509708,-55.40890760946763
2033,0,normal,0.004116841591894627,0.3096891847509708,-55.40890760946763
2034,0,normal,0.004116841591894627,0.3096891847509708,-55.40890760946763
2035,0,normal,0.004116841591894627,0.3096891847509708,-55.40890760946763
2036,0,normal,0.004116841591894627,0.3096891847509708,-55.40890760946763
2037,0,normal,0.004116841591894627,0.3096891847509708,-55.40890760946763
2038,0,normal,0.004116841591894627,0.3096891847509708,-55.40890760946763
2039,0,normal,0.004116841591894627,0.3096891847509708,-55.40890760946763
2040,0,normal,0.004116841591894627,0.3096891847509708,-55.40890760946763
2041,0,normal,0.004116841591894627,0.3096891847509708,-55.40890760946763
2042,0,normal,0.004116841591894627,0.3096891847509708,-55.40890760946763
2043,0,normal,0.004116841591894627,0.3096891847509708,-55.40890760946763
2044,0,normal,0.004116841591894627,0.3096891847509708,-55.40890760946763
2045,0,normal,0.004116841591894627,0.3096891847509708,-55.40890760946763
2046,0,normal,0.004116841591894627,0.3096891847509708,-55.40890760946763
2047,0,normal,0.004116841591894627,0.3096891847509708,-55.40890760946763
2048,0,normal,0.004116841591894627,0.3096891847509708,-55.40890760946763
2049,0,normal,0.004116841591894627,0.3096891847509708,-55.40890760946763
2050,0,normal,0.004116841591894627,0.3096891847509708,-55.40890760946763
2051,0,normal,0.004116841591894627,0.3096891847509708,-55.40890760946763
2052,0,normal,0.004116841591894627,0.3096891847509708,-55.40890760946763
2053,0,normal,0.004116841591894627,0.3096891847509708,-55.40890760946763
2054,0,normal,0.004116841591894627,0.3096891847509708,-55.40890760946763
2055,0,normal,0.004116841591894627,0.3096891847509708,-55.40890760946763
2056,0,normal,0.004116841591894627,0.3096891847509708,-55.40890760946763
2057,0,normal,0.004116841591894627,0.3096891847509708,-55.40890760946763
2058,0,normal,0.004116841591894627,0.3096891847509708,-55.40890760946763
2059,0,normal,0.004116841591894627,0.3096891847509708,-55.40890760946763
2060,0,normal,0.004116841591894627,0.3096891847509708,-55.40890760946763
2061,0,normal,0.004116841591894627,0.3096891847509708,-55.40890760946763
2062,0,normal,0.004116841591894627,0.3096891847509708,-55.40890760946763
2063,0,normal,0.004116841591894627,0.3096891847509708,-55.40890760946763
2064,0,normal,0.004116841591894627,0.3096891847509708,-55.40890760946763
2065,0,normal,0.004116841591894627,0.3096891847509708,-55.40890760946763
2066,0,normal,0.004116841591894627,0.3096891847509708,-55.40890760946763
2067,0,normal,0.004116841591894627,0.3096891847509708,-55.40890760946763
2068,0,normal,0.004116841591894627,0.3096891847509708,-55.40890760946763
2069,0,normal,7.44751501083374,0.3243470847605474,-24.826490424591157
2070,0,normal,0.04896416887640953,0.34210708507903437,-24.997925597673884
2071,0,normal,0.5408746004104614,0.3268881500123117,-25.284586343469755
2072,0,normal,2.2752444744110107,0.3307940450144778,-25.06248108425757
2073,0,normal,0.6903460025787354,0.37750676631809316,0.49618947071326147
2074,0,normal,2.6418821811676025,0.38599295602164835,12.033853548082789
2075,0,normal,0.2571028470993042,0.3933735341642139,13.187377224839793
2076,0,normal,0.30562907457351685,0.39286614033884965,14.481414425491721
2077,0,normal,0.36355146765708923,0.3920644023619413,15.821609246989055
2078,0,normal,0.3585856556892395,0.41218458083786835,17.165716506685612
2079,0,normal,0.31112125515937805,0.41323457747420783,18.51549999737881
2080,0,normal,7.042511940002441,0.46346395833248566,43.71464195806152
2081,0,normal,0.3574714958667755,0.44518327559883125,44.86647640735987
2082,0,normal,0.5043466091156006,0.44837628536839846,44.80097696744201
2083,0,normal,2.3799657821655273,0.45274216579258214,57.92936441002598
2084,0,normal,0.0598042793571949,0.4566362852944467,57.957922921263844
2085,0,normal,0.017018694430589676,0.44770380550652306,58.05458401640976
2086,0,normal,0.008371321484446526,0.4384160510955496,57.671975672954886
2087,0,normal,0.004046794027090073,0.4537245735114232,57.52774698148255
2088,0,normal,0.0020282375626266003,0.46123850709021846,57.59285547062973
2089,0,normal,0.0015276302583515644,0.44665167000850575,57.78191464031761
2090,0,normal,0.0018040458671748638,0.45832276778562503,57.83209241114105
2091,0,normal,0.0023535951040685177,0.44710177216080366,57.87971469250283
2092,0,normal,2.9863579273223877,0.4417382652586183,68.56847789044286
2093,0,normal,0.042943909764289856,0.452252811890603,68.67891181483856
2094,0,normal,0.022259868681430817,0.44511327244621546,68.84817166552989
2095,0,normal,0.02765890583395958,0.45506920809945367,68.99598302253298
2096,0,normal,0.0295728612691164,0.46419687161769063,69.37901464299466
2097,0,normal,0.025742027908563614,0.44788167651744054,69.8882449471821
2098,0,normal,0.0190993994474411,0.4527977829311153,70.87465097003155
2099,0,normal,0.012689884752035141,0.44451182455596133,44.57922639923618
2100,0,normal,0.00814213976264,0.4323868936401302,45.752364249822676
2101,0,normal,0.005500205792486668,0.43911531135584075,46.89235565702438
2102,0,normal,0.004266547039151192,0.43924377692713096,45.742516278040284
2103,0,normal,0.0038433712907135487,0.40304659255565456,19.661924764746118
2104,0,normal,0.003806754481047392,0.3831330934284348,7.5914079901567675
2105,0,normal,0.003907252103090286,0.39627680433500045,6.7817581043973405
2106,0,normal,0.004025917034596205,0.3889760912294378,5.823594276065478
2107,0,normal,0.004114318173378706,0.3760727861437027,4.609312358772968
2108,0,normal,0.004161226097494364,0.3654061374825932,2.957754791568732
2109,0,normal,0.004173525609076023,0.36691620685044096,1.088035710635495
2110,0,normal,0.0040083713829517365,0.3365097152443489,-27.237669205953125
2111,0,normal,0.004075543489307165,0.3390392933670956,-29.59670528272477
2112,0,normal,0.004096535500138998,0.3380688914116473,-29.502068704684234
2113,0,normal,0.004129242617636919,0.31840668061925326,-44.20343771777834
2114,0,normal,0.004121831152588129,0.31663443498949473,-44.13309183398678
2115,0,normal,0.004117285832762718,0.3134334095703669,-43.996222810816334
2116,0,normal,0.004115333314985037,0.3144698663156163,-43.94164081728172
2117,0,normal,0.004115356132388115,0.31916899340723104,-43.80955489489611
2118,0,normal,0.004116603173315525,0.31890623930866263,-43.74803488552652
2119,0,normal,0.004118336830288172,0.31478485232493086,-43.70566703454074
2120,0,normal,0.004120002966374159,0.3164201825402279,-43.70123884801205
2121,0,normal,0.004121413454413414,0.3211854799197478,-43.70631654645945
2122,0,normal,0.004116841591894627,0.3096891847509708,-55.40890760946763
2123,0,normal,0.004116841591894627,0.3096891847509708,-55.40890760946763
2124,0,normal,0.004116841591894627,0.3096891847509708,-55.40890760946763
2125,0,normal,0.004116841591894627,0.3096891847509708,-55.40890760946763
2126,0,normal,0.004116841591894627,0.3096891847509708,-55.40890760946763
2127,0,normal,0.004116841591894627,0.3096891847509708,-55.40890760946763
2128,0,normal,0.004116841591894627,0.3096891847509708,-55.40890760946763
2129,0,normal,0.004116841591894627,0.3096891847509708,-55.40890760946763
2130,0,normal,0.004116841591894627,0.3096891847509708,-55.40890760946763
2131,0,normal,0.004116841591894627,0.3096891847509708,-55.40890760946763
2132,0,normal,0.004116841591894627,0.3096891847509708,-55.40890760946763
2133,0,normal,0.004116841591894627,0.3096891847509708,-55.40890760946763
2134,0,normal,0.004116841591894627,0.3096891847509708,-55.40890760946763
2135,0,normal,0.004116841591894627,0.3096891847509708,-55.40890760946763
2136,0,normal,0.004116841591894627,0.3096891847509708,-55.40890760946763
2137,0,normal,0.004116841591894627,0.3096891847509708,-55.40890760946763
2138,0,normal,0.004116841591894627,0.3096891847509708,-55.40890760946763
2139,0,normal,0.004116841591894627,0.3096891847509708,-55.40890760946763
2140,0,normal,0.004116841591894627,0.3096891847509708,-55.40890760946763
2141,0,normal,0.004116841591894627,0.3096891847509708,-55.40890760946763
2142,0,normal,0.004116841591894627,0.3096891847509708,-55.40890760946763
2143,0,normal,0.004116841591894627,0.3096891847509708,-55.40890760946763
2144,0,normal,0.004116841591894627,0.3096891847509708,-55.40890760946763
2145,0,normal,0.004116841591894627,0.3096891847509708,-55.40890760946763
2146,0,normal,0.004116841591894627,0.3096891847509708,-55.40890760946763
2147,0,normal,0.004116841591894627,0.3096891847509708,-55.40890760946763
2148,0,normal,0.004116841591894627,0.3096891847509708,-55.40890760946763
2149,0,normal,0.004116841591894627,0.3096891847509708,-55.40890760946763
2150,0,normal,0.004116841591894627,0.3096891847509708,-55.40890760946763
2151,0,normal,0.004116841591894627,0.3096891847509708,-55.40890760946763
2152,0,normal,0.004116841591894627,0.3096891847509708,-55.40890760946763
2153,0,normal,0.004116841591894627,0.3096891847509708,-55.40890760946763
2154,0,normal,0.004116841591894627,0.3096891847509708,-55.40890760946763
2155,0,normal,0.004116841591894627,0.3096891847509708,-55.40890760946763
2156,0,normal,0.004116841591894627,0.3096891847509708,-55.40890760946763
2157,0,normal,0.004116841591894627,0.3096891847509708,-55.40890760946763
2158,0,normal,0.004116841591894627,0.3096891847509708,-55.40890760946763
2159,0,normal,0.004116841591894627,0.3096891847509708,-55.40890760946763
2160,0,normal,0.004116841591894627,0.3096891847509708,-55.40890760946763
2161,0,normal,0.004116841591894627,0.3096891847509708,-55.40890760946763
2162,0,normal,0.004116841591894627,0.3096891847509708,-55.40890760946763
2163,0,normal,0.004116841591894627,0.3096891847509708,-55.40890760946763
2164,0,normal,0.004116841591894627,0.3096891847509708,-55.40890760946763
2165,0,normal,0.004116841591894627,0.3096891847509708,-55.40890760946763
2166,0,normal,0.004116841591894627,0.3096891847509708,-55.40890760946763
2167,0,normal,7.44751501083374,0.3243470847605474,-24.826490424591157
2168,0,normal,0.04896416887640953,0.34210708507903437,-24.997925597673884
2169,0,normal,2.011469602584839,0.3442166527567483,-14.55255021806579
2170,0,normal,2.125216484069824,0.37518392596744393,10.076385075808957
2171,0,normal,0.19717912375926971,0.37686717013220766,10.609946485122691
2172,0,normal,0.26238009333610535,0.38822003262362165,11.899977132989306
2173,0,normal,0.31072089076042175,0.38363231970873596,13.227820448136754
2174,0,normal,0.3209760785102844,0.38513535853291764,14.53316299750395
2175,0,normal,0.27800673246383667,0.4011967465795151,15.86663049674894
2176,0,normal,0.22792315483093262,0.41044551479906277,17.18522401314158
2177,0,normal,0.24167625606060028,0.4261415230358968,18.538564817965607
2178,0,normal,4.235870361328125,0.45705852345568143,43.71162185612434
2179,0,normal,0.2404157817363739,0.4215987233915975,43.99290110897209
2180,0,normal,2.26037859916687,0.46483561918477656,57.091523207181126
2181,0,normal,0.04943404346704483,0.45480016195788725,57.12063102286629
2182,0,normal,0.016784165054559708,0.43256987280718984,57.16360719836052
2183,0,normal,0.011608734726905823,0.45242125548852885,56.80603795580123
2184,0,normal,0.008774830959737301,0.4411159429889411,56.69510271100398
2185,0,normal,0.006590884178876877,0.45185210251365343,56.78348978380086
2186,0,normal,0.005077700596302748,0.4574991497823858,56.83784870453292
2187,0,normal,0.004125523846596479,0.4436084966388427,56.94942776977041
2188,0,normal,0.0036006479058414698,0.4392170692223701,56.99535849726817
2189,0,normal,0.003376471344381571,0.43934922768804924,57.09149708238101
2190,0,normal,0.0033421579282730818,0.4255841570862336,57.34357406362551
2191,0,normal,0.0034092431887984276,0.4464741038230763,57.546184129558924
2192,0,normal,0.0035159464459866285,0.44514844467003883,57.89409784880763
2193,0,normal,0.0036260129418224096,0.44389256809928596,58.28535744914848
2194,0,normal,0.003722922643646598,0.4510247666119942,58.80752189515215
2195,0,normal,0.0038024489767849445,0.4634154330777267,59.71905280887677
2196,0,normal,0.0038662797305732965,0.43048023032560334,60.61544240451667
2197,0,normal,0.00390937365591526,0.42789876437750535,33.89200980556393
2198,0,normal,0.003952039405703545,0.42901016481952636,34.80887427336097
2199,0,normal,0.003987500444054604,0.4163092969543769,25.157742994537102
2200,0,normal,0.003997492138296366,0.40015881885897014,-1.4578576815731594
2201,0,normal,0.0040283361449837685,0.37976116305865176,-2.5339699852897866
2202,0,normal,0.0040570637211203575,0.3732331269814962,-3.7331721671150717
2203,0,normal,0.0040834685787558556,0.384890368334205,-4.446540674843391
2204,0,normal,0.0041061402298510075,0.36516318644982887,-5.592185359174437
2205,0,normal,0.004122532904148102,0.36291807371110846,-6.990005400347627
2206,0,normal,0.004131544381380081,0.3624675938017179,-8.777800585042087
2207,0,normal,0.00413413904607296,0.35456603486654986,-10.823259040708763
2208,0,normal,0.004043907858431339,0.33463341102624644,-39.55360901164272
2209,0,normal,0.0040837619453668594,0.32715017041907024,-40.533345638516266
2210,0,normal,0.004116841591894627,0.3096891847509708,-55.40890760946763
2211,0,normal,0.004116841591894627,0.3096891847509708,-55.40890760946763
2212,0,normal,0.004116841591894627,0.3096891847509708,-55.40890760946763
2213,0,normal,0.004116841591894627,0.3096891847509708,-55.40890760946763
2214,0,normal,0.004116841591894627,0.3096891847509708,-55.40890760946763
2215,0,normal,0.004116841591894627,0.3096891847509708,-55.40890760946763
2216,0,normal,0.004116841591894627,0.3096891847509708,-55.40890760946763
2217,0,normal,0.004116841591894627,0.3096891847509708,-55.40890760946763
2218,0,normal,0.004116841591894627,0.3096891847509708,-55.40890760946763
2219,0,normal,0.004116841591894627,0.3096891847509708,-55.40890760946763
2220,0,normal,0.004116841591894627,0.3096891847509708,-55.40890760946763
2221,0,normal,0.004116841591894627,0.3096891847509708,-55.40890760946763
2222,0,normal,0.004116841591894627,0.3096891847509708,-55.40890760946763
2223,0,normal,0.004116841591894627,0.3096891847509708,-55.40890760946763
2224,0,normal,0.004116841591894627,0.3096891847509708,-55.40890760946763
2225,0,normal,0.004116841591894627,0.3096891847509708,-55.40890760946763
2226,0,normal,0.004116841591894627,0.3096891847509708,-55.40890760946763
2227,0,normal,0.004116841591894627,0.3096891847509708,-55.40890760946763
2228,0,normal,0.004116841591894627,0.3096891847509708,-55.40890760946763
2229,0,normal,0.004116841591894627,0.3096891847509708,-55.40890760946763
2230,0,normal,0.004116841591894627,0.3096891847509708,-55.40890760946763
2231,0,normal,0.004116841591894627,0.3096891847509708,-55.40890760946763
2232,0,normal,0.004116841591894627,0.3096891847509708,-55.40890760946763
2233,0,normal,0.004116841591894627,0.3096891847509708,-55.40890760946763
2234,0,normal,0.004116841591894627,0.3096891847509708,-55.40890760946763
2235,0,normal,0.004116841591894627,0.3096891847509708,-55.40890760946763
2236,0,normal,0.004116841591894627,0.3096891847509708,-55.40890760946763
2237,0,normal,0.004116841591894627,0.3096891847509708,-55.40890760946763
2238,0,normal,0.004116841591894627,0.3096891847509708,-55.40890760946763
2239,0,normal,0.004116841591894627,0.3096891847509708,-55.40890760946763
2240,0,normal,0.004116841591894627,0.3096891847509708,-55.40890760946763
2241,0,normal,0.004116841591894627,0.3096891847509708,-55.40890760946763
2242,0,normal,0.004116841591894627,0.3096891847509708,-55.40890760946763
2243,0,normal,0.004116841591894627,0.3096891847509708,-55.40890760946763
2244,0,normal,0.004116841591894627,0.3096891847509708,-55.40890760946763
2245,0,normal,0.004116841591894627,0.3096891847509708,-55.40890760946763
2246,0,normal,0.004116841591894627,0.3096891847509708,-55.40890760946763
2247,0,normal,0.004116841591894627,0.3096891847509708,-55.40890760946763
2248,0,normal,0.004116841591894627,0.3096891847509708,-55.40890760946763
2249,0,normal,7.44751501083374,0.3243470847605474,-24.826490424591157
2250,0,normal,0.04896416887640953,0.34210708507903437,-24.997925597673884
2251,0,normal,1.450823426246643,0.34174769100187036,-19.363433448446813
2252,0,normal,2.389169216156006,0.34110438523367764,-13.06949216365797
2253,0,normal,1.819287657737732,0.3437542530188063,-13.26788251722678
2254,0,normal,2.6553783416748047,0.3548730677054448,-12.956977987926393
2255,0,normal,3.2125556468963623,0.35809391284969666,-12.596975238048117
2256,0,normal,3.5406501293182373,0.3558130203309913,-12.24042833009662
2257,0,normal,3.687662363052368,0.3688352499061251,-11.86107357100218
2258,0,normal,3.7333199977874756,0.37713505179335494,-11.493625201706209
2259,0,normal,3.739156484603882,0.3770864810251828,-11.094252467879642
2260,0,normal,3.733283042907715,0.38832025020639543,-10.705634309004154
2261,0,normal,2.5528459548950195,0.384305722383309,1.9481418427023982
2262,0,normal,1.8342955112457275,0.40513816259276025,1.6357453122063816
2263,0,normal,1.5538030862808228,0.3929664765468436,2.03862649456687
2264,0,normal,4.596156120300293,0.40358960003686983,15.570283403491658
2265,0,normal,0.43145596981048584,0.41210236434865266,15.600467141986428
2266,0,normal,0.3743250072002411,0.40922256811933344,15.568820326614969
2267,0,normal,0.3505297899246216,0.40938477721298294,15.10076436533268
2268,0,normal,0.2856179475784302,0.419434898337578,14.879928296078333
2269,0,normal,0.21319669485092163,0.413142578932047,14.99481914594594
2270,0,normal,0.14472782611846924,0.4131207232000564,15.11398343434098
2271,0,normal,0.08902282267808914,0.4018055505204357,15.286620838592171
2272,0,normal,0.05000559985637665,0.39086023515477386,15.552760579839969
2273,0,normal,0.026292357593774796,0.39804106768276926,15.830420980179042
2274,0,normal,0.0136270085349679,0.3989755226100673,16.13722955632238
2275,0,normal,0.007628630381077528,0.42025129321356214,16.487361404661442
2276,0,normal,0.0051168715581297874,0.40565245762475005,16.95979095543703
2277,0,normal,0.0042075966484844685,0.42523355569050647,17.578281717599793
2278,0,normal,0.003938721492886543,0.39392871248743655,18.213460082830352
2279,0,normal,0.003903321921825409,0.38976564214637405,-9.997884723849893
2280,0,normal,0.0038900217041373253,0.3929619154753196,-9.331592539093435
2281,0,normal,0.003883246798068285,0.37574550774205073,-15.172599381276768
2282,0,normal,0.0038673330564051867,0.37774144538944626,-23.099187013006485
2283,0,normal,0.0038684867322444916,0.3710827282493012,-23.437407365026502
2284,0,normal,0.003881799289956689,0.37111326949863654,-23.635327192148225
2285,0,normal,0.003910492639988661,0.3636469822054276,-23.935233199886397
2286,0,normal,0.003963998518884182,0.3620111654068424,-24.01013717266096
2287,0,normal,0.004034135024994612,0.3516634630311935,-24.131676177165446
2288,0,normal,0.004079852718859911,0.3482722845701923,-24.42693258954182
2289,0,normal,0.00409729452803731,0.3395448763941297,-24.974996633415913
2290,0,normal,0.004101136699318886,0.34714396756544974,-25.654233357692874
2291,0,normal,0.004007570445537567,0.32603027791959455,-39.72343667256837
2292,0,normal,0.004043907858431339,0.33463341102624644,-39.55360901164272
2293,0,normal,0.0040837619453668594,0.32715017041907024,-40.533345638516266
2294,0,normal,0.004116841591894627,0.3096891847509708,-55.40890760946763
2295,0,normal,0.004116841591894627,0.3096891847509708,-55.40890760946763
2296,0,normal,0.004116841591894627,0.3096891847509708,-55.40890760946763
2297,0,normal,0.004116841591894627,0.3096891847509708,-55.40890760946763
2298,0,normal,0.004116841591894627,0.3096891847509708,-55.40890760946763
2299,0,normal,0.004116841591894627,0.3096891847509708,-55.40890760946763
2300,0,normal,0.004116841591894627,0.3096891847509708,-55.40890760946763
2301,0,normal,0.004116841591894627,0.3096891847509708,-55.40890760946763
2302,0,normal,0.004116841591894627,0.3096891847509708,-55.40890760946763
2303,0,normal,0.004116841591894627,0.3096891847509708,-55.40890760946763
2304,0,normal,0.004116841591894627,0.3096891847509708,-55.40890760946763
2305,0,normal,0.004116841591894627,0.3096891847509708,-55.40890760946763
2306,0,normal,0.004116841591894627,0.3096891847509708,-55.40890760946763
2307,0,normal,0.004116841591894627,0.3096891847509708,-55.40890760946763
2308,0,normal,0.004116841591894627,0.3096891847509708,-55.40890760946763
2309,0,normal,0.004116841591894627,0.3096891847509708,-55.40890760946763
2310,0,normal,0.004116841591894627,0.3096891847509708,-55.40890760946763
2311,0,normal,0.004116841591894627,0.3096891847509708,-55.40890760946763
2312,0,normal,0.004116841591894627,0.3096891847509708,-55.40890760946763
2313,0,normal,0.004116841591894627,0.3096891847509708,-55.40890760946763
2314,0,normal,0.004116841591894627,0.3096891847509708,-55.40890760946763
2315,0,normal,0.004116841591894627,0.3096891847509708,-55.40890760946763
2316,0,normal,0.004116841591894627,0.3096891847509708,-55.40890760946763
2317,0,normal,0.004116841591894627,0.3096891847509708,-55.40890760946763
2318,0,normal,0.004116841591894627,0.3096891847509708,-55.40890760946763
2319,0,normal,0.004116841591894627,0.3096891847509708,-55.40890760946763
2320,0,normal,0.004116841591894627,0.3096891847509708,-55.40890760946763
2321,0,normal,0.004116841591894627,0.3096891847509708,-55.40890760946763
2322,0,normal,0.004116841591894627,0.3096891847509708,-55.40890760946763
2323,0,normal,0.004116841591894627,0.3096891847509708,-55.40890760946763
2324,0,normal,0.004116841591894627,0.3096891847509708,-55.40890760946763
2325,0,normal,0.004116841591894627,0.3096891847509708,-55.40890760946763
2326,0,normal,0.004116841591894627,0.3096891847509708,-55.40890760946763
2327,0,normal,0.004116841591894627,0.3096891847509708,-55.40890760946763
2328,0,normal,0.004116841591894627,0.3096891847509708,-55.40890760946763
2329,0,normal,0.004116841591894627,0.3096891847509708,-55.40890760946763
2330,0,normal,0.004116841591894627,0.3096891847509708,-55.40890760946763
2331,0,normal,0.004116841591894627,0.3096891847509708,-55.40890760946763
2332,0,normal,0.004116841591894627,0.3096891847509708,-55.40890760946763
2333,0,normal,0.004116841591894627,0.3096891847509708,-55.40890760946763
2334,0,normal,0.004116841591894627,0.3096891847509708,-55.40890760946763
2335,0,normal,0.004116841591894627,0.3096891847509708,-55.40890760946763
2336,0,normal,0.004116841591894627,0.3096891847509708,-55.40890760946763
2337,0,normal,0.004116841591894627,0.3096891847509708,-55.40890760946763
2338,0,normal,0.004116841591894627,0.3096891847509708,-55.40890760946763
2339,0,normal,0.004116841591894627,0.3096891847509708,-55.40890760946763
2340,0,normal,0.004116841591894627,0.3096891847509708,-55.40890760946763
2341,0,normal,0.004116841591894627,0.3096891847509708,-55.40890760946763
2342,0,normal,0.004116841591894627,0.3096891847509708,-55.40890760946763
2343,0,normal,0.004116841591894627,0.3096891847509708,-55.40890760946763
2344,0,normal,0.004116841591894627,0.3096891847509708,-55.40890760946763
2345,0,normal,0.004116841591894627,0.3096891847509708,-55.40890760946763
2346,0,normal,0.004116841591894627,0.3096891847509708,-55.40890760946763
2347,0,normal,0.004116841591894627,0.3096891847509708,-55.40890760946763
2348,0,normal,0.004116841591894627,0.3096891847509708,-55.40890760946763
2349,0,normal,0.004116841591894627,0.3096891847509708,-55.40890760946763
2350,0,normal,0.004116841591894627,0.3096891847509708,-55.40890760946763
2351,0,normal,0.004116841591894627,0.3096891847509708,-55.40890760946763
2352,0,normal,0.004116841591894627,0.3096891847509708,-55.40890760946763
2353,0,normal,0.004116841591894627,0.3096891847509708,-55.40890760946763
2354,0,normal,0.004116841591894627,0.3096891847509708,-55.40890760946763
2355,0,normal,0.004116841591894627,0.3096891847509708,-55.40890760946763
2356,0,normal,0.004116841591894627,0.3096891847509708,-55.40890760946763
2357,0,normal,7.44751501083374,0.3243470847605474,-24.826490424591157
2358,0,normal,0.04896416887640953,0.34210708507903437,-24.997925597673884
2359,0,normal,0.5408746004104614,0.3268881500123117,-25.284586343469755
2360,0,normal,1.8649646043777466,0.3450033399838432,-14.36305776876543
2361,0,normal,1.0143094062805176,0.3937537658275302,10.804788809117326
2362,0,normal,0.15816393494606018,0.3821423792306985,11.86813838960461
2363,0,normal,0.2239530086517334,0.39611827941412786,13.186763813864445
2364,0,normal,0.2675068974494934,0.3877618318842615,14.488958555000409
2365,0,normal,0.2845062017440796,0.3882079350278218,15.822286487837346
2366,0,normal,0.2607960104942322,0.41561925960299145,17.169959341819776
2367,0,normal,0.2356354147195816,0.4182249697342283,18.512048562018208
2368,0,normal,5.166216850280762,0.45874363507960486,43.7020800652856
2369,0,normal,0.29075318574905396,0.44094642138875545,44.87111857268087
2370,0,normal,0.5121524333953857,0.44073808150483423,44.794147904515285
2371,0,normal,2.307213306427002,0.4494962752422065,57.88711236950962
2372,0,normal,0.05350571498274803,0.45571308673544786,57.907780335713596
2373,0,normal,0.015424155630171299,0.4479458772296776,58.00050083932365
2374,0,normal,0.008149441331624985,0.44565591332166954,57.62378585690021
2375,0,normal,0.004314749501645565,0.45589834723388334,57.49770837575147
2376,0,normal,0.0023599385749548674,0.45921417205285464,57.55849178127278
2377,0,normal,0.0017411994049325585,0.446826546816074,57.7276857494428
2378,0,normal,0.0018601386109367013,0.4571114769617737,57.76089631295645
2379,0,normal,0.002285103313624859,0.44710729848146136,57.82951968159887
2380,0,normal,0.002755129477009177,0.423947221422349,58.08999660125801
2381,0,normal,0.003143902402371168,0.44558348333676145,58.25705735245583
2382,0,normal,0.003417589236050844,0.4504947019188699,58.47978577867207
2383,0,normal,0.0035927454009652138,0.4442514957389568,58.889212196304015
2384,0,normal,0.003702620742842555,0.44680173185425887,59.32799291023662
2385,0,normal,0.003777202218770981,0.45481185021196074,59.96377729365781
2386,0,normal,0.0038359048776328564,0.4601285079287057,61.032549863671875
2387,0,normal,0.0038849152624607086,0.4195553613001275,34.40720649480568
2388,0,normal,0.003935059532523155,0.4313806985879717,35.504162807987086
2389,0,normal,0.003979202825576067,0.4244579959071935,36.55929353249121
2390,0,normal,0.004016170743852854,0.42092871008970567,24.703541476907958
2391,0,normal,0.00402270071208477,0.3906589763292708,-1.8786383531669344
2392,0,normal,0.004054599441587925,0.38035695126708025,-3.1086304452849163
2393,0,normal,0.004082717001438141,0.38858434505717554,-3.9091647775308047
2394,0,normal,0.004105777479708195,0.3682015097767124,-4.876393983087837
2395,0,normal,0.0041214642114937305,0.3641939200572124,-6.098089311175727
2396,0,normal,0.004128976725041866,0.3580699886488516,-7.764881266104567
2397,0,normal,0.004129489418119192,0.3611610043267739,-9.639359488568516
2398,0,normal,0.003999398089945316,0.3305387656213625,-38.223657479460826
2399,0,normal,0.004058622755110264,0.3299586058700084,-40.59510611764813
2400,0,normal,0.0040837619453668594,0.32715017041907024,-40.533345638516266
2401,0,normal,0.004116841591894627,0.3096891847509708,-55.40890760946763
2402,0,normal,0.004116841591894627,0.3096891847509708,-55.40890760946763
2403,0,normal,0.004116841591894627,0.3096891847509708,-55.40890760946763
2404,0,normal,0.004116841591894627,0.3096891847509708,-55.40890760946763
2405,0,normal,0.004116841591894627,0.3096891847509708,-55.40890760946763
2406,0,normal,0.004116841591894627,0.3096891847509708,-55.40890760946763
2407,0,normal,0.004116841591894627,0.3096891847509708,-55.40890760946763
2408,0,normal,0.004116841591894627,0.3096891847509708,-55.40890760946763
2409,0,normal,0.004116841591894627,0.3096891847509708,-55.40890760946763
2410,0,normal,0.004116841591894627,0.3096891847509708,-55.40890760946763
2411,0,normal,0.004116841591894627,0.3096891847509708,-55.40890760946763
2412,0,normal,0.004116841591894627,0.3096891847509708,-55.40890760946763
2413,0,normal,0.004116841591894627,0.3096891847509708,-55.40890760946763
2414,0,normal,0.004116841591894627,0.3096891847509708,-55.40890760946763
2415,0,normal,0.004116841591894627,0.3096891847509708,-55.40890760946763
2416,0,normal,0.004116841591894627,0.3096891847509708,-55.40890760946763
2417,0,normal,0.004116841591894627,0.3096891847509708,-55.40890760946763
2418,0,normal,0.004116841591894627,0.3096891847509708,-55.40890760946763
2419,0,normal,0.004116841591894627,0.3096891847509708,-55.40890760946763
2420,0,normal,0.004116841591894627,0.3096891847509708,-55.40890760946763
2421,0,normal,0.004116841591894627,0.3096891847509708,-55.40890760946763
2422,0,normal,0.004116841591894627,0.3096891847509708,-55.40890760946763
2423,0,normal,0.004116841591894627,0.3096891847509708,-55.40890760946763
2424,0,normal,0.004116841591894627,0.3096891847509708,-55.40890760946763
2425,0,normal,0.004116841591894627,0.3096891847509708,-55.40890760946763
2426,0,normal,0.004116841591894627,0.3096891847509708,-55.40890760946763
2427,0,normal,0.004116841591894627,0.3096891847509708,-55.40890760946763
2428,0,normal,0.004116841591894627,0.3096891847509708,-55.40890760946763
2429,0,normal,0.004116841591894627,0.3096891847509708,-55.40890760946763
2430,0,normal,0.004116841591894627,0.3096891847509708,-55.40890760946763
2431,0,normal,0.004116841591894627,0.3096891847509708,-55.40890760946763
2432,0,normal,0.004116841591894627,0.3096891847509708,-55.40890760946763
2433,0,normal,0.004116841591894627,0.3096891847509708,-55.40890760946763
2434,0,normal,0.004116841591894627,0.3096891847509708,-55.40890760946763
2435,0,normal,0.004116841591894627,0.3096891847509708,-55.40890760946763
2436,0,normal,0.004116841591894627,0.3096891847509708,-55.40890760946763
2437,0,normal,0.004116841591894627,0.3096891847509708,-55.40890760946763
2438,0,normal,0.004116841591894627,0.3096891847509708,-55.40890760946763
2439,0,normal,0.004116841591894627,0.3096891847509708,-55.40890760946763
2440,0,normal,0.004116841591894627,0.3096891847509708,-55.40890760946763
2441,0,normal,0.004116841591894627,0.3096891847509708,-55.40890760946763
2442,0,normal,0.004116841591894627,0.3096891847509708,-55.40890760946763
2443,0,normal,0.004116841591894627,0.3096891847509708,-55.40890760946763
2444,0,normal,0.004116841591894627,0.3096891847509708,-55.40890760946763
2445,0,normal,0.004116841591894627,0.3096891847509708,-55.40890760946763
2446,0,normal,0.004116841591894627,0.3096891847509708,-55.40890760946763
2447,0,normal,0.004116841591894627,0.3096891847509708,-55.40890760946763
2448,0,normal,0.004116841591894627,0.3096891847509708,-55.40890760946763
2449,0,normal,0.004116841591894627,0.3096891847509708,-55.40890760946763
2450,0,normal,0.004116841591894627,0.3096891847509708,-55.40890760946763
2451,0,normal,0.004116841591894627,0.3096891847509708,-55.40890760946763
2452,0,normal,0.004116841591894627,0.3096891847509708,-55.40890760946763
2453,0,normal,0.004116841591894627,0.3096891847509708,-55.40890760946763
2454,0,normal,0.004116841591894627,0.3096891847509708,-55.40890760946763
2455,0,normal,7.44751501083374,0.3243470847605474,-24.826490424591157
2456,0,normal,0.04896416887640953,0.34210708507903437,-24.997925597673884
2457,0,normal,2.345215320587158,0.3498820157064526,-12.98388830209501
2458,0,normal,1.80845046043396,0.3859434245463734,11.559114419312664
2459,0,normal,0.18545030057430267,0.379317840733877,12.105962410665825
2460,0,normal,0.2519851326942444,0.3931846453605112,13.357199117747996
2461,0,normal,0.29473698139190674,0.38791420289554074,14.672089380701436
2462,0,normal,0.3070722222328186,0.3917770177366998,15.99229679856353
2463,0,normal,0.26934775710105896,0.41026783677767215,17.337956064513264
2464,0,normal,0.22422242164611816,0.4131418437546315,18.66769412278859
2465,0,normal,0.24477845430374146,0.4256070378502607,20.032978738023303
2466,0,normal,0.5561552047729492,0.42323132755849113,21.404940327894337
2467,0,normal,2.1167566776275635,0.4347109061436176,46.518215686665826
2468,0,normal,0.24063488841056824,0.4508787737865444,46.75196229501512
2469,0,normal,2.2341630458831787,0.455155395993647,59.77452136751367
2470,0,normal,0.03825657069683075,0.4558172312823322,59.824750790628286
2471,0,normal,0.012725163251161575,0.44768470437098207,59.87350612601426
2472,0,normal,0.009883386082947254,0.4595274073243822,59.507337662476175
2473,0,normal,0.008375491946935654,0.4513027924373509,59.38814426784484
2474,0,normal,0.006839735433459282,0.45781432643795095,59.42568793807595
2475,0,normal,0.005557013209909201,0.45948589465865086,59.53843316049347
2476,0,normal,0.004612230695784092,0.4537188089445832,59.63477383157738
2477,0,normal,0.003994392696768045,0.4442426519093446,59.78066254916075
2478,0,normal,0.003650280414149165,0.445604575443419,59.99350713163949
2479,0,normal,0.0035083401016891003,0.4447944644470797,60.2652631739204
2480,0,normal,0.0034958438482135534,0.43745698621206985,60.63935173956975
2481,0,normal,0.003551929257810116,0.44226550480871946,61.09692292351201
2482,0,normal,0.003634007880464196,0.4639534223415178,61.72415315760759
2483,0,normal,0.0037174741737544537,0.47679584224640537,62.80982558948517
2484,0,normal,0.003791392780840397,0.4464391908020976,63.80234219018075
2485,0,normal,0.0038466390687972307,0.430964077513155,37.325897120088484
2486,0,normal,0.0038978452794253826,0.43378644978129927,38.3630711932949
2487,0,normal,0.003939327318221331,0.42619876072615887,26.434805652353816
2488,0,normal,0.003963985480368137,0.4006835352851794,-0.3516419484508333
2489,0,normal,0.003997492138296366,0.40015881885897014,-1.4578576815731594
2490,0,normal,0.0040283361449837685,0.37976116305865176,-2.5339699852897866
2491,0,normal,0.0040570637211203575,0.3732331269814962,-3.7331721671150717
2492,0,normal,0.0040834685787558556,0.384890368334205,-4.446540674843391
2493,0,normal,0.0041061402298510075,0.36516318644982887,-5.592185359174437
2494,0,normal,0.004122532904148102,0.36291807371110846,-6.990005400347627
2495,0,normal,0.004131544381380081,0.3624675938017179,-8.777800585042087
2496,0,normal,0.00413413904607296,0.35456603486654986,-10.823259040708763
2497,0,normal,0.004043907858431339,0.33463341102624644,-39.55360901164272
2498,0,normal,0.0040837619453668594,0.32715017041907024,-40.533345638516266
2499,0,normal,0.004116841591894627,0.3096891847509708,-55.40890760946763
2500,0,normal,0.004116841591894627,0.3096891847509708,-55.40890760946763
2501,0,normal,0.004116841591894627,0.3096891847509708,-55.40890760946763
2502,0,normal,7.44751501083374,0.3243470847605474,-24.826490424591157
2503,0,normal,0.04896416887640953,0.34210708507903437,-24.997925597673884
2504,0,normal,0.5408746004104614,0.3268881500123117,-25.284586343469755
2505,0,normal,1.6049847602844238,0.35822561774273665,-0.27345054139709646
2506,0,normal,0.5611042976379395,0.35706942530157704,-1.2770238411956143
2507,0,normal,0.2818252444267273,0.37202880599375876,0.05488430781883835
2508,0,normal,0.4996129274368286,0.3684620652001017,-0.16312039309377724
2509,0,normal,0.4660889804363251,0.36794407992902034,1.2305057930254861
2510,0,normal,0.3877738416194916,0.3873157842487687,2.555778276969704
2511,0,normal,0.31611329317092896,0.3867297688398306,3.9079977379174125
2512,0,normal,0.26474857330322266,0.4029547183652855,5.257586435096073
2513,0,normal,0.44836413860321045,0.4032881686739278,6.582806488495635
2514,0,normal,2.5235750675201416,0.41847801074492397,31.986346560110405
2515,0,normal,0.24186809360980988,0.42876559259748215,32.203140271619986
2516,0,normal,0.5490604639053345,0.43355034351933536,32.04858848118215
2517,0,normal,2.226407051086426,0.42743304163075174,45.2830163545832
2518,0,normal,0.04298337921500206,0.44596968594142883,45.31738775619465
2519,0,normal,0.01232707779854536,0.45168056526772327,45.37626787706154
2520,0,normal,0.007183526176959276,0.4314551258833389,44.99323023761872
2521,0,normal,0.004196880850940943,0.442804226723612,44.828317799532215
2522,0,normal,0.002572184195742011,0.43903791672439385,44.94855158608107
2523,0,normal,0.0019853468984365463,0.4341050067984152,45.07333913645198
2524,0,normal,0.0020080390386283398,0.4416645763504209,45.238600741226264
2525,0,normal,0.0023144357837736607,0.43469175807972715,45.462462105765326
2526,0,normal,0.0026976121589541435,0.43043526294084755,45.6741976943988
2527,0,normal,0.0030466613825410604,0.4275099767773974,45.94684894249281
2528,0,normal,0.003319244598969817,0.4381665781368534,46.318362048032895
2529,0,normal,0.0035143180284649134,0.42538940301487144,46.60326244522321
2530,0,normal,0.0036491916980594397,0.4592187535074587,47.391436945861415
2531,0,normal,0.003744284389540553,0.43966355356393916,48.03706205879712
2532,0,normal,0.0038080562371760607,0.413956287367284,20.765684201606064
2533,0,normal,0.0038668056949973106,0.42739554249064854,21.449551564645162
2534,0,normal,0.003916410729289055,0.41501044399817194,22.182037790086724
2535,0,normal,0.0039520710706710815,0.3908172897418963,-4.979078161245525
2536,0,normal,0.003990564029663801,0.3938992772148729,-4.017120295494806
2537,0,normal,0.004025951959192753,0.3821445114787105,-5.2189085790419085
2538,0,normal,0.0040550436824560165,0.3815581574607767,-4.097495112865545
2539,0,normal,0.004082184750586748,0.3862420360840055,-4.916623631055245
2540,0,normal,0.004104113206267357,0.36484718885178125,-5.946497211263704
2541,0,normal,0.004118787590414286,0.3643919752662568,-7.246509298777482
2542,0,normal,0.0041254544630646706,0.35954273268294024,-8.993353760483615
2543,0,normal,0.0041250381618738174,0.35771976044662446,-10.960190154000202
2544,0,normal,0.0040060305036604404,0.3263033962296664,-39.662437315765374
2545,0,normal,0.004058622755110264,0.3299586058700084,-40.59510611764813
2546,0,normal,0.0040837619453668594,0.32715017041907024,-40.533345638516266
2547,0,normal,0.004116841591894627,0.3096891847509708,-55.40890760946763
2548,0,normal,0.004116841591894627,0.3096891847509708,-55.40890760946763
2549,0,normal,0.004116841591894627,0.3096891847509708,-55.40890760946763
2550,0,normal,0.004116841591894627,0.3096891847509708,-55.40890760946763
2551,0,normal,0.004116841591894627,0.3096891847509708,-55.40890760946763
2552,0,normal,7.44751501083374,0.3243470847605474,-24.826490424591157
2553,0,normal,0.04896416887640953,0.34210708507903437,-24.997925597673884
2554,0,normal,0.5408746004104614,0.3268881500123117,-25.284586343469755
2555,0,normal,1.6049847602844238,0.35822561774273665,-0.27345054139709646
2556,0,normal,0.17567051947116852,0.3612279444692819,0.25389278290822404
2557,0,normal,0.2324112206697464,0.3753750367969496,1.5383614713643965
2558,0,normal,0.2631765604019165,0.37515987021619873,2.860084655726723
2559,0,normal,0.2771281599998474,0.3774803647306848,4.167176486189646
2560,0,normal,0.24832507967948914,0.38927946687622145,5.490942210747562
2561,0,normal,0.21444465219974518,0.3969772627305264,6.819156061209014
2562,0,normal,0.24913769960403442,0.41356138528176073,8.168167201029974
2563,0,normal,4.0061821937561035,0.444865200948963,33.573048645507015
2564,0,normal,0.23523028194904327,0.41646272883292285,33.85071437804504
2565,0,normal,0.553249180316925,0.4405036971768702,33.75633149253758
2566,0,normal,2.235038995742798,0.4458356535938881,46.945844918557896
2567,0,normal,0.04804515466094017,0.4357248086902759,47.001565114586356
2568,0,normal,0.01299686636775732,0.4476623990428983,47.06676065320653
2569,0,normal,0.006846725009381771,0.4381198371335478,46.693145584555396
2570,0,normal,0.003662991803139448,0.44550148521560123,46.55019088884001
2571,0,normal,0.002117718104273081,0.44940839858867604,46.602590858681424
2572,0,normal,0.001693139667622745,0.4362021036773287,46.74384086842747
2573,0,normal,0.0018710257718339562,0.44216858940821746,46.80205828953012
2574,0,normal,0.002289353869855404,0.44077917562931795,46.89796466494022
2575,0,normal,0.0027341675013303757,0.4128699856179344,47.155385501609544
2576,0,normal,0.0031040008179843426,0.43051139758303836,47.332656392106855
2577,0,normal,0.0033725148532539606,0.4411591998760634,47.614492590116924
2578,0,normal,0.003553550224751234,0.4264300647726293,48.01500611611527
2579,0,normal,0.003674244275316596,0.4447530128227547,48.344551177433004
2580,0,normal,0.0037593927700072527,0.45606610311400203,49.18689700426103
2581,0,normal,0.003825679887086153,0.4310144239044663,49.99360676801439
2582,0,normal,0.0038740907330065966,0.4121355244912406,23.008566597832214
2583,0,normal,0.003924509044736624,0.4234236101680922,23.921980104243175
2584,0,normal,0.003967868629842997,0.41926287009840785,24.96398093765697
2585,0,normal,0.003988824784755707,0.3965939134759557,-1.7920866251135976
2586,0,normal,0.004023823421448469,0.3876555649650589,-2.8515359788882506
2587,0,normal,0.0040550436824560165,0.3815581574607767,-4.097495112865545
2588,0,normal,0.004082184750586748,0.3862420360840055,-4.916623631055245
2589,0,normal,0.004104113206267357,0.36484718885178125,-5.946497211263704
2590,0,normal,0.004118787590414286,0.3643919752662568,-7.246509298777482
2591,0,normal,0.0041254544630646706,0.35954273268294024,-8.993353760483615
2592,0,normal,0.0041250381618738174,0.35771976044662446,-10.960190154000202
2593,0,normal,0.0040060305036604404,0.3263033962296664,-39.662437315765374
2594,0,normal,0.004058622755110264,0.3299586058700084,-40.59510611764813
2595,0,normal,0.0040837619453668594,0.32715017041907024,-40.533345638516266
2596,0,normal,0.004116841591894627,0.3096891847509708,-55.40890760946763
2597,0,normal,0.004116841591894627,0.3096891847509708,-55.40890760946763
2598,0,normal,0.004116841591894627,0.3096891847509708,-55.40890760946763
2599,0,normal,0.004116841591894627,0.3096891847509708,-55.40890760946763
2600,0,normal,7.44751501083374,0.3243470847605474,-24.826490424591157
2601,0,normal,0.04896416887640953,0.34210708507903437,-24.997925597673884
2602,0,normal,0.5408746004104614,0.3268881500123117,-25.284586343469755
2603,0,normal,1.6049847602844238,0.35822561774273665,-0.27345054139709646
2604,0,normal,0.17567051947116852,0.3612279444692819,0.25389278290822404
2605,0,normal,0.2324112206697464,0.3753750367969496,1.5383614713643965
2606,0,normal,11.542596817016602,0.39860557290710985,50.04586080908484
2607,0,normal,0.3163720667362213,0.39761541094977765,51.175883982237565
2608,0,normal,0.24989700317382812,0.4095833603022613,52.44533111627311
2609,0,normal,0.3004060983657837,0.413680618697251,53.54361899590003
2610,0,normal,0.5346052646636963,0.43270901441940945,54.75071871846262
2611,0,normal,1.2516283988952637,0.426623227335029,56.058550516619334
2612,0,normal,1.8700417280197144,0.4296030957222859,70.6430736091263
2613,0,normal,2.500506639480591,0.4615496260670849,81.72230307411314
2614,0,normal,1.5239007472991943,0.45779660426448654,86.83378441463447
2615,0,normal,1.3361964225769043,0.4635384500769027,94.17044950626678
2616,0,normal,0.045118700712919235,0.4676704771382897,94.21362794901574
2617,0,normal,0.025235727429389954,0.4708792683849627,94.10839879363857
2618,0,normal,0.021516358479857445,0.45511115511702727,93.79541531165455
2619,0,normal,0.01776355504989624,0.4638456899251597,93.68968910577814
2620,0,normal,0.013897325843572617,0.4686385573815072,93.81246838963966
2621,0,normal,0.010493404231965542,0.45691256660752033,93.92268140168858
2622,0,normal,0.007826004177331924,0.4607404428216692,94.09507152221067
2623,0,normal,0.005930896382778883,0.4550543019692053,94.29617180279047
2624,0,normal,0.004715676419436932,0.4552726861502704,94.47333050172892
2625,0,normal,0.004029418341815472,0.45542690484549964,94.73231550049354
2626,0,normal,0.0037089060060679913,0.4547414700233783,95.1196241973073
2627,0,normal,0.003610379993915558,0.4669122151694319,95.46172611839324
2628,0,normal,0.0036263316869735718,0.4864394788930038,96.3778969175205
2629,0,normal,0.0036881756968796253,0.4454119590437297,97.31207033401233
2630,0,normal,0.0037556523457169533,0.4281948032304437,71.52662953417985
2631,0,normal,0.003820710815489292,0.46921423730914585,72.59983081421115
2632,0,normal,0.0038763252086937428,0.45112041752766807,73.66567294337847
2633,0,normal,0.003915606997907162,0.4066228220708918,48.103511399299805
2634,0,normal,0.003957615699619055,0.4417084987496007,46.906851276272846
2635,0,normal,0.003995399922132492,0.3978922753948597,45.825292976829815
2636,0,normal,0.004029096104204655,0.38278802844084814,-2.9964218579923454
2637,0,normal,0.004061850253492594,0.37968861243455954,-3.973723705204975
2638,0,normal,0.004091006703674793,0.37363228135782955,-4.873200941613277
2639,0,normal,0.004113504663109779,0.36648229651045183,-6.12673722986483
2640,0,normal,0.004126953426748514,0.35499784230827885,-7.729371832968582
2641,0,normal,0.004132440779358149,0.36538787435111764,-9.60968492264874
2642,0,normal,0.004098108969628811,0.3403383766304134,-26.891186817242442
2643,0,normal,0.004059651866555214,0.3320478452954331,-40.59494995578734
2644,0,normal,0.004091324750334024,0.32236526858684955,-46.53047152461568
2645,0,normal,0.004116841591894627,0.3096891847509708,-55.40890760946763
2646,0,normal,0.004116841591894627,0.3096891847509708,-55.40890760946763
2647,0,normal,0.004116841591894627,0.3096891847509708,-55.40890760946763
2648,0,normal,0.004116841591894627,0.3096891847509708,-55.40890760946763
2649,0,normal,0.004116841591894627,0.3096891847509708,-55.40890760946763
2650,0,normal,0.004116841591894627,0.3096891847509708,-55.40890760946763
2651,0,normal,0.004116841591894627,0.3096891847509708,-55.40890760946763
2652,0,normal,0.004116841591894627,0.3096891847509708,-55.40890760946763
2653,0,normal,0.004116841591894627,0.3096891847509708,-55.40890760946763
2654,0,normal,0.004116841591894627,0.3096891847509708,-55.40890760946763
2655,0,normal,0.004116841591894627,0.3096891847509708,-55.40890760946763
2656,0,normal,0.004116841591894627,0.3096891847509708,-55.40890760946763
2657,0,normal,0.004116841591894627,0.3096891847509708,-55.40890760946763
2658,0,normal,0.004116841591894627,0.3096891847509708,-55.40890760946763
2659,0,normal,0.004116841591894627,0.3096891847509708,-55.40890760946763
2660,0,normal,0.004116841591894627,0.3096891847509708,-55.40890760946763
2661,0,normal,0.004116841591894627,0.3096891847509708,-55.40890760946763
2662,0,normal,82.9832992553711,0.3261811799239759,249.56548643129986
2663,0,normal,0.009786773473024368,0.3276865845404365,249.51461211771698
2664,0,normal,0.004688012879341841,0.32017343786888414,249.4945722543988
2665,0,normal,0.0028040141332894564,0.31978684189147616,249.3352610826454
2666,0,normal,0.0027073051314800978,0.3253250295259748,249.25855787329976
2667,0,normal,0.002988499589264393,0.3202857872924395,249.2576054006753
2668,0,normal,0.0032482289243489504,0.3156366923986595,249.27039715185617
2669,0,normal,0.003417236963286996,0.32596542226572467,249.273260616156
2670,0,normal,0.003512128023430705,0.3188942287791619,249.281881400977
2671,0,normal,0.0035667100455611944,0.32249425547319793,249.2919729067446
2672,0,normal,0.0036074949894100428,0.318309767605982,249.29727375425546
2673,0,normal,0.0036486638709902763,0.3178097389111041,249.28247827381574
2674,0,normal,0.003694663057103753,0.3139084875202001,249.278250583047
2675,0,normal,0.003744475543498993,0.3192204404118653,249.268240910602
2676,0,normal,0.003795086406171322,0.3286752680113473,249.26511549959162
2677,0,normal,0.003843538463115692,0.3202197100448001,249.26509494048958
2678,0,normal,0.0038877734914422035,0.3165806740000571,249.2669895375259
2679,0,normal,0.003926771227270365,0.31783547818404495,249.24791026983655
2680,0,normal,0.003960323054343462,0.32149856537971216,249.23770159285345
2681,0,normal,0.003988751210272312,0.3235315153094812,249.22979210016786
2682,0,normal,0.004012643825262785,0.3208055984007139,249.25326129202438
2683,0,normal,0.004032680299133062,0.3218300110562399,249.2665175802316
2684,0,normal,0.004049507901072502,0.3209102496913084,249.31743749328575
2685,0,normal,0.004063697531819344,0.3134334095703669,249.41821588328128
2686,0,normal,0.004075711593031883,0.3144698663156163,249.4573028947749
2687,0,normal,0.004085903521627188,0.3229618759020138,249.55447963827487
2688,0,normal,0.004094522912055254,0.31890623930866263,249.58818756731466
2689,0,normal,0.004101748112589121,0.31704590982398945,249.6180474427723
2690,0,normal,0.004107726272195578,0.3203347483644089,249.6202248765992
2691,0,normal,0.00411258963868022,0.3211854799197478,249.60974303228886
2692,0,normal,0.004116841591894627,0.3096891847509708,-55.40890760946763
2693,0,normal,0.004116841591894627,0.3096891847509708,-55.40890760946763
2694,0,normal,0.004116841591894627,0.3096891847509708,-55.40890760946763
2695,0,normal,0.004116841591894627,0.3096891847509708,-55.40890760946763
2696,0,normal,0.004116841591894627,0.3096891847509708,-55.40890760946763
2697,0,normal,0.004116841591894627,0.3096891847509708,-55.40890760946763
2698,0,normal,7.44751501083374,0.3243470847605474,-24.826490424591157
2699,0,normal,0.04896416887640953,0.34210708507903437,-24.997925597673884
2700,0,normal,4.476324081420898,0.3662029327502714,1.1192849961255433
2701,0,normal,0.43577811121940613,0.35174246949854077,-0.43929403788524723
2702,0,normal,0.31728023290634155,0.36427501187987843,0.3791486223292395
2703,0,normal,0.3443739414215088,0.37238246755163523,1.6217843908993927
2704,0,normal,0.3541742265224457,0.367567200461471,2.980331596033693
2705,0,normal,0.30125099420547485,0.3906582507564444,4.305285053904072
2706,0,normal,0.2371641993522644,0.38940416813722945,5.616584708862547
2707,0,normal,0.4685230255126953,0.3953506547317084,5.428947991665154
2708,0,normal,0.48109108209609985,0.40670404238388747,6.828472683606606
2709,0,normal,2.4935429096221924,0.4246541561467301,20.535204370007705
2710,0,normal,2.520833730697632,0.4116287996977888,32.18564637492068
2711,0,normal,0.514174222946167,0.4353029641479116,31.86145040308861
2712,0,normal,2.174767017364502,0.4228531744601249,45.14484090728115
2713,0,normal,0.04607205092906952,0.44086075729796914,45.166360819951024
2714,0,normal,0.019003087654709816,0.44315664673906585,45.23854440024229
2715,0,normal,0.015997592359781265,0.43066947887056434,44.82605232822857
2716,0,normal,0.013050493784248829,0.45152379233506945,44.68618500877824
2717,0,normal,0.009994890540838242,0.43431326262557485,44.664019839966386
2718,0,normal,0.007505421992391348,0.4359547938639008,44.80957999720977
2719,0,normal,0.0057125031016767025,0.43549471292606784,44.91225834521674
2720,0,normal,0.004547532182186842,0.4350462736043298,45.02971071753882
2721,0,normal,0.0038798062596470118,0.4145729373426483,45.28106657437638
2722,0,normal,0.003566170809790492,0.4282119409713033,45.597732289572605
2723,0,normal,0.003475802717730403,0.4150097859206291,45.93638266447306
2724,0,normal,0.0035055470652878284,0.4347322739634745,46.2470540432098
2725,0,normal,0.0035854701418429613,0.46055271441265855,47.03211614195766
2726,0,normal,0.0036756503395736217,0.43736202780902106,47.7406078987467
2727,0,normal,0.003757945029065013,0.4253679370294098,48.5245679015095
2728,0,normal,0.003821408608928323,0.4315704376456344,21.259186671274165
2729,0,normal,0.0038782197516411543,0.41373176586810273,22.097571746970743
2730,0,normal,0.003920944407582283,0.38637579487584245,-5.0071403846236535
2731,0,normal,7.44964599609375,0.41580165373741346,25.255951988566494
2732,0,normal,0.048874881118535995,0.4175388335591343,23.854312502948005
2733,0,normal,0.5434955954551697,0.3942650132155374,22.248996025214183
2734,0,normal,1.6009471416473389,0.42426856945717706,45.07513820634176
2735,0,normal,0.1756165325641632,0.41810615643935717,44.47671842430259
2736,0,normal,0.23238679766654968,0.4166082937247803,44.26286313802825
2737,0,normal,0.263194739818573,0.41335458066712283,46.152657734281775
2738,0,normal,0.27727529406547546,0.4268041275614873,45.488605001226006
2739,0,normal,0.2492934614419937,0.41246344555896125,32.6386859075003
2740,0,normal,0.40328872203826904,0.40687090046604896,19.411077186447756
2741,0,normal,6.22943639755249,0.44712606454069265,44.689310024184806
2742,0,normal,0.3281104266643524,0.4295939136320846,31.971487001178275
2743,0,normal,0.41678687930107117,0.42334368814515216,32.49078878974433
2744,0,normal,2.3695123195648193,0.4483635322472034,45.75283651090513
2745,0,normal,0.05935108661651611,0.4456656827745147,45.77209011842251
2746,0,normal,0.013288388028740883,0.4294161668544451,45.803836661327296
2747,0,normal,0.005307698622345924,0.4340374892475148,45.41566522741368
2748,0,normal,0.0021991217508912086,0.4507841404597008,45.283322910753895
2749,0,normal,0.0013265392044559121,0.44585241057219926,45.3633820493294
2750,0,normal,0.0016358838183805346,0.43784353315888563,45.44722100381068
2751,0,normal,0.0023612582590430975,0.43721676747800886,45.5458629930115
2752,0,normal,0.0030616875737905502,0.42742150764515113,45.543818558070825
2753,0,normal,0.0035469019785523415,0.42543358308181445,45.69139183282027
2754,0,normal,0.0037970351986587048,0.4174666958669005,45.91994293565267
2755,0,normal,0.003879987169057131,0.43725517426714855,46.11538953442323
2756,0,normal,0.003881614189594984,0.42551101914860295,46.390232779864164
2757,0,normal,0.0038659439887851477,0.4334602193433274,46.791753650791634
2758,0,normal,0.003865106962621212,0.4251114401659307,47.091601860340006
2759,0,normal,0.003886466147378087,0.4512605519353852,47.93945017711576
2760,0,normal,0.003924360498785973,0.4369010743058282,48.78900641617929
2761,0,normal,0.003962187096476555,0.41190065678052556,21.71932746642824
2762,0,normal,0.004005353432148695,0.4093801138494772,22.62024633125634
2763,0,normal,0.004042072221636772,0.42072431133664956,23.689177081497064
2764,0,normal,0.004043906927108765,0.3852410740103404,-2.9845188816218524
2765,0,normal,0.004073721822351217,0.37884677500560654,-4.315878149536047
2766,0,normal,0.004099702462553978,0.3902329559300654,-5.227493375137101
2767,0,normal,0.004119975958019495,0.36738627779975724,-6.289475635690678
2768,0,normal,0.004130668006837368,0.36336768600516384,-7.612270736222172
2769,0,normal,0.004132093396037817,0.3529430459025347,-9.351312041150095
2770,0,normal,0.00413028709590435,0.36507636998652165,-8.763895594578571
2771,0,normal,0.00397418113425374,0.3342736405005943,-37.247884704653416
2772,0,normal,0.004043907858431339,0.33463341102624644,-39.55360901164272
2773,0,normal,0.0040837619453668594,0.32715017041907024,-40.533345638516266
2774,0,normal,0.004116841591894627,0.3096891847509708,-55.40890760946763
2775,0,normal,0.004116841591894627,0.3096891847509708,-55.40890760946763
2776,0,normal,0.004116841591894627,0.3096891847509708,-55.40890760946763
2777,0,normal,0.004116841591894627,0.3096891847509708,-55.40890760946763
2778,0,normal,0.004116841591894627,0.3096891847509708,-55.40890760946763
2779,0,normal,0.004116841591894627,0.3096891847509708,-55.40890760946763
2780,0,normal,0.004116841591894627,0.3096891847509708,-55.40890760946763
2781,0,normal,0.004116841591894627,0.3096891847509708,-55.40890760946763
2782,0,normal,0.004116841591894627,0.3096891847509708,-55.40890760946763
2783,0,normal,0.004116841591894627,0.3096891847509708,-55.40890760946763
2784,0,normal,0.004116841591894627,0.3096891847509708,-55.40890760946763
2785,0,normal,0.004116841591894627,0.3096891847509708,-55.40890760946763
2786,0,normal,0.004116841591894627,0.3096891847509708,-55.40890760946763
2787,0,normal,0.004116841591894627,0.3096891847509708,-55.40890760946763
2788,0,normal,0.004116841591894627,0.3096891847509708,-55.40890760946763
2789,0,normal,0.004116841591894627,0.3096891847509708,-55.40890760946763
2790,0,normal,0.004116841591894627,0.3096891847509708,-55.40890760946763
2791,0,normal,0.004116841591894627,0.3096891847509708,-55.40890760946763
2792,0,normal,0.004116841591894627,0.3096891847509708,-55.40890760946763
2793,0,normal,0.004116841591894627,0.3096891847509708,-55.40890760946763
2794,0,normal,7.44751501083374,0.3243470847605474,-24.826490424591157
2795,0,normal,0.04896416887640953,0.34210708507903437,-24.997925597673884
2796,0,normal,0.5408746004104614,0.3268881500123117,-25.284586343469755
2797,0,normal,2.56185245513916,0.32587843004063705,-26.6487208404144
2798,0,normal,1.3616145849227905,0.36596945789705143,-2.535202256834282
2799,0,normal,0.19558417797088623,0.35782526667108,-1.436669656540289
2800,0,normal,0.22619573771953583,0.37571708540679744,-0.09549391433483834
2801,0,normal,0.24751169979572296,0.3730213083129514,1.2527377166773022
2802,0,normal,0.26312384009361267,0.37122471714674526,2.5856491784400077
2803,0,normal,0.24093389511108398,0.3862415341242507,3.896375992626645
2804,0,normal,0.21507912874221802,0.39423114666866715,5.224855799799116
2805,0,normal,5.610515117645264,0.4482997670066413,30.67775530374047
2806,0,normal,0.2982098162174225,0.4256776929897338,31.8112861977595
2807,0,normal,0.39992374181747437,0.4314898119159948,32.27415169974461
2808,0,normal,2.3321456909179688,0.4311310190424149,45.510061887456686
2809,0,normal,0.05498909950256348,0.44527955912325834,45.53541338932996
2810,0,normal,0.012108701281249523,0.4311778513749146,45.60207805881305
2811,0,normal,0.005085587035864592,0.43288718100796025,45.2005218284437
2812,0,normal,0.0022391530219465494,0.45042484631835283,45.08503755180277
2813,0,normal,0.0013247027527540922,0.4502993750106795,45.157813443710666
2814,0,normal,0.0015102499164640903,0.43497977776862773,45.361002836355965
2815,0,normal,0.002133832545951009,0.43561431765748115,45.432370279645056
2816,0,normal,0.002789893187582493,0.42567444816530464,45.51866181765058
2817,0,normal,0.003286852268502116,0.41966592112131645,45.79026249213234
2818,0,normal,0.0035850219428539276,0.4275005666048781,45.95468029330482
2819,0,normal,0.0037284409627318382,0.43043158454771663,46.113298115363705
2820,0,normal,0.0037850169464945793,0.431362683443986,46.378508170039595
2821,0,normal,0.0038101475220173597,0.43861581603395816,46.71314252897264
2822,0,normal,0.0038350000977516174,0.4318315099939677,46.986217620216166
2823,0,normal,0.003870123764500022,0.44986467293302956,47.73245127884911
2824,0,normal,0.0039040306583046913,0.40991875991476096,20.36964833393472
2825,0,normal,0.003952011466026306,0.4067484851391943,21.17534774690762
2826,0,normal,0.003994909580796957,0.4134628807339726,21.95442822183054
2827,0,normal,0.004030984360724688,0.41577391168919287,22.943100925569297
2828,0,normal,7.448591232299805,0.40569493005613017,27.90437165168896
2829,0,normal,0.048810962587594986,0.41012577251880317,26.573535025932642
2830,0,normal,0.5416237115859985,0.40399439738282605,25.561347953923814
2831,0,normal,1.604660987854004,0.41034927399799526,48.68605617626213
2832,0,normal,0.1756400167942047,0.42141887297120667,48.10242312838841
2833,0,normal,0.23260106146335602,0.42359245061931283,47.810294802008
2834,0,normal,0.263743132352829,0.4249551950385243,47.34743521070823
2835,0,normal,169.78131103515625,0.4308043541303508,532.5230528810489
2836,0,normal,0.8939731121063232,0.43839786912231815,531.9700890865623
2837,0,normal,2.198439359664917,0.4271573664021149,531.3901347333693
2838,0,normal,1.938742756843567,0.4383010476679563,531.8945394498974
2839,0,normal,3.102215528488159,0.44647349192960845,537.2997610776207
2840,0,normal,0.5402336120605469,0.42931122977389335,538.0288338264917
2841,0,normal,0.4858945608139038,0.4518976051687877,537.979676742522
2842,0,normal,2.3377628326416016,0.45384771660785295,545.1464133326743
2843,0,normal,0.05084238946437836,0.4647115781109039,545.7953720496687
2844,0,normal,0.014768845401704311,0.4477545024765594,545.8205414018797
2845,0,normal,0.008049184456467628,0.46403548498269853,545.6242123025238
2846,0,normal,0.004177425522357225,0.4611292733342136,545.5264485368813
2847,0,normal,0.0022055720910429955,0.4391595804048454,545.529811273996
2848,0,normal,0.0016091261059045792,0.4552875547478576,545.5552530926292
2849,0,normal,0.0017750465776771307,0.45995562794513956,545.5770254345387
2850,0,normal,0.00224883365444839,0.44615812086240325,545.6488111420321
2851,0,normal,0.002753922948613763,0.43280933494162027,545.7800155820441
2852,0,normal,0.003159270156174898,0.43181862951648137,545.8690086420569
2853,0,normal,0.0034344419836997986,0.4586308592964068,546.0112414835536
2854,0,normal,0.0036027049645781517,0.4417139356371103,546.2282907570627
2855,0,normal,0.0037035043351352215,0.46949530099185766,546.3952898662334
2856,0,normal,0.0037707143928855658,0.4670828579612239,546.8758138149942
2857,0,normal,0.003825271734967828,0.4537427807803811,547.3569934875621
2858,0,normal,0.0038748672232031822,0.4235783522027838,532.860074529155
2859,0,normal,0.003924465738236904,0.4233087597782989,533.3490905519391
2860,0,normal,0.0039707375690341,0.45595406885265,534.0215400373735
2861,0,normal,0.004007316194474697,0.40043711298001955,519.5823509310509
2862,0,normal,0.004043576307594776,0.4020945993265117,518.9322206278588
2863,0,normal,0.004073440097272396,0.3971344214996389,518.2645812970477
2864,0,normal,0.004096648655831814,0.38227730512664293,517.6163573536304
2865,0,normal,0.004117203410714865,0.36180867456651933,-8.899282593190492
2866,0,normal,0.004120964556932449,0.351641394354054,-10.534162657635534
2867,0,normal,0.004120164550840855,0.3593252813283139,-9.977138184832484
2868,0,normal,0.004059037193655968,0.34597874215170965,-27.164132824657372
2869,0,normal,0.003999398089945316,0.3305387656213625,-38.223657479460826
2870,0,normal,0.004058622755110264,0.3299586058700084,-40.59510611764813
2871,0,normal,0.0040837619453668594,0.32715017041907024,-40.533345638516266
2872,0,normal,0.004116841591894627,0.3096891847509708,-55.40890760946763
2873,0,normal,0.004116841591894627,0.3096891847509708,-55.40890760946763
2874,0,normal,0.004116841591894627,0.3096891847509708,-55.40890760946763
2875,0,normal,0.004116841591894627,0.3096891847509708,-55.40890760946763
2876,0,normal,0.004116841591894627,0.3096891847509708,-55.40890760946763
2877,0,normal,0.004116841591894627,0.3096891847509708,-55.40890760946763
2878,0,normal,0.004116841591894627,0.3096891847509708,-55.40890760946763
2879,0,normal,0.004116841591894627,0.3096891847509708,-55.40890760946763
2880,0,normal,0.004116841591894627,0.3096891847509708,-55.40890760946763
2881,0,normal,0.004116841591894627,0.3096891847509708,-55.40890760946763
2882,0,normal,0.004116841591894627,0.3096891847509708,-55.40890760946763
2883,0,normal,0.004116841591894627,0.3096891847509708,-55.40890760946763
2884,0,normal,0.004116841591894627,0.3096891847509708,-55.40890760946763
2885,0,normal,0.004116841591894627,0.3096891847509708,-55.40890760946763
2886,0,normal,0.004116841591894627,0.3096891847509708,-55.40890760946763
2887,0,normal,0.004116841591894627,0.3096891847509708,-55.40890760946763
2888,0,normal,0.004116841591894627,0.3096891847509708,-55.40890760946763
2889,0,normal,0.004116841591894627,0.3096891847509708,-55.40890760946763
2890,0,normal,0.004116841591894627,0.3096891847509708,-55.40890760946763
2891,0,normal,0.004116841591894627,0.3096891847509708,-55.40890760946763
2892,0,normal,0.004116841591894627,0.3096891847509708,-55.40890760946763
2893,0,normal,0.004116841591894627,0.3096891847509708,-55.40890760946763
2894,0,normal,0.004116841591894627,0.3096891847509708,-55.40890760946763
2895,0,normal,0.004116841591894627,0.3096891847509708,-55.40890760946763
2896,0,normal,0.004116841591894627,0.3096891847509708,-55.40890760946763
2897,0,normal,0.004116841591894627,0.3096891847509708,-55.40890760946763
2898,0,normal,0.004116841591894627,0.3096891847509708,-55.40890760946763
2899,0,normal,0.004116841591894627,0.3096891847509708,-55.40890760946763
2900,0,normal,0.004116841591894627,0.3096891847509708,-55.40890760946763
2901,0,normal,0.004116841591894627,0.3096891847509708,-55.40890760946763
2902,0,normal,0.004116841591894627,0.3096891847509708,-55.40890760946763
2903,0,normal,0.004116841591894627,0.3096891847509708,-55.40890760946763
2904,0,normal,0.004116841591894627,0.3096891847509708,-55.40890760946763
2905,0,normal,0.004116841591894627,0.3096891847509708,-55.40890760946763
2906,0,normal,0.004116841591894627,0.3096891847509708,-55.40890760946763
2907,0,normal,0.004116841591894627,0.3096891847509708,-55.40890760946763
2908,0,normal,0.004116841591894627,0.3096891847509708,-55.40890760946763
2909,0,normal,0.004116841591894627,0.3096891847509708,-55.40890760946763
2910,0,normal,0.004116841591894627,0.3096891847509708,-55.40890760946763
2911,0,normal,0.004116841591894627,0.3096891847509708,-55.40890760946763
2912,0,normal,0.004116841591894627,0.3096891847509708,-55.40890760946763
2913,0,normal,0.004116841591894627,0.3096891847509708,-55.40890760946763
2914,0,normal,0.004116841591894627,0.3096891847509708,-55.40890760946763
2915,0,normal,0.004116841591894627,0.3096891847509708,-55.40890760946763
2916,0,normal,0.004116841591894627,0.3096891847509708,-55.40890760946763
2917,0,normal,0.004116841591894627,0.3096891847509708,-55.40890760946763
2918,0,normal,0.004116841591894627,0.3096891847509708,-55.40890760946763
2919,0,normal,0.004116841591894627,0.3096891847509708,-55.40890760946763
2920,0,normal,0.004116841591894627,0.3096891847509708,-55.40890760946763
2921,0,normal,1.4994921684265137,0.3219520281062784,-49.96117635916312
2922,0,normal,0.014545698650181293,0.31911826821971384,-50.03465315916765
2923,0,normal,0.01020301878452301,0.31581278335948887,-50.02689082724896
2924,0,normal,0.006393758114427328,0.3160776814484479,-50.015591135195564
2925,0,normal,0.005256967153400183,0.31436064874847036,-50.0044966219516
2926,0,normal,0.005189868155866861,0.3121926671339707,-49.99801570763702
2927,0,normal,0.005280263721942902,0.3123618835468956,-49.98554650178835
2928,0,normal,0.005223559215664864,0.31798441334598176,-49.98338115053639
2929,0,normal,0.005021712277084589,0.31301803170065534,-49.97393924039966
2930,0,normal,0.004759280942380428,0.31656764205975485,-49.963696870158856
2931,0,normal,0.0045084101147949696,0.3115793434299684,-49.960503098569006
2932,0,normal,0.004307090770453215,0.31127583855932145,-49.96707775538425
2933,0,normal,0.004165115300565958,0.3096891847509708,-49.968008882630556
2934,0,normal,0.004076065495610237,0.3125564041904174,-49.97653904081926
2935,0,normal,0.004027239046990871,0.32169195107039317,-49.974349615644314
2936,0,normal,7.452648639678955,0.32825617732116447,-19.529252324871095
2937,0,normal,0.04918090999126434,0.3469342178648255,-19.699506571029133
2938,0,normal,0.5415496826171875,0.33187428594390617,-19.993638807796742
2939,0,normal,1.6041160821914673,0.36086906810414937,4.893816986701495
2940,0,normal,0.17574149370193481,0.3656392927004157,5.422140783698751
2941,0,normal,0.6450381278991699,0.37312349477193774,5.179628952671237
2942,0,normal,0.3656637370586395,0.3729013445434124,6.5434846261971416
2943,0,normal,0.33692866563796997,0.37763966270074995,7.854327719617004
2944,0,normal,0.3082425892353058,0.392544957749373,9.249458818165749
2945,0,normal,0.2540319561958313,0.39286715884232454,10.586701680006854
2946,0,normal,6.174648761749268,0.4437472488410443,36.04425428382933
2947,0,normal,0.3798774182796478,0.42393138904935806,35.74324834678737
2948,0,normal,0.6100371479988098,0.42456283793123883,37.20600795877999
2949,0,normal,1.3603081703186035,0.4422839127535259,42.664100058983195
2950,0,normal,1.6507891416549683,0.4507334039281125,50.3069442796218
2951,0,normal,0.04276973754167557,0.4346864247530318,45.120882979851785
2952,0,normal,0.01113501749932766,0.44017733152794536,44.98674845101323
2953,0,normal,0.0036367555148899555,0.4495136635418936,44.702414481335154
2954,0,normal,0.0017000262159854174,0.4377351506044038,44.653103700068186
2955,0,normal,0.001972121186554432,0.4397612443888876,44.72982371328112
2956,0,normal,0.003003242425620556,0.43884902387094,44.837601207198986
2957,0,normal,0.004008354619145393,0.43248884422011397,44.851344865822966
2958,0,normal,0.004633218981325626,0.4183610398997987,45.002238480647065
2959,0,normal,0.004824531730264425,0.4137508942378902,45.23627975149725
2960,0,normal,0.004707216750830412,0.43684281521430346,45.440112100479155
2961,0,normal,0.004456616938114166,0.42795767166857,45.70831472625537
2962,0,normal,0.00420962180942297,0.4225764320906577,46.10656916856965
2963,0,normal,0.004035060293972492,0.44145268405918914,46.371365835157576
2964,0,normal,0.003945676609873772,0.449330687683399,47.18185236477643
2965,0,normal,0.0039239549078047276,0.43516116199392424,47.96947183945895
2966,0,normal,0.003935110289603472,0.4115489880674694,20.773106728968514
2967,0,normal,0.003973536193370819,0.41293968150843313,21.553726431508267
2968,0,normal,0.004013387486338615,0.4157565375762388,22.54799324843634
2969,0,normal,0.004023339133709669,0.38648671085796793,-4.379553149533194
2970,0,normal,0.004058448597788811,0.38175219245955466,-5.758123336127255
2971,0,normal,0.0040842765010893345,0.3897263777871017,-4.237886560229754
2972,0,normal,0.004106973763555288,0.36797182361422087,-5.328882928916755
2973,0,normal,0.004120125435292721,0.3704167373978139,-6.512378061698655
2974,0,normal,0.004122710786759853,0.3616815577370894,-8.11112098845615
2975,0,normal,0.0041163284331560135,0.3553630976246527,-9.980007034424489
2976,0,normal,0.00393151817843318,0.3370015452808682,-38.489713556056586
2977,0,normal,0.003988049924373627,0.3329630714964199,-38.22017714601043
2978,0,normal,0.004059651866555214,0.3320478452954331,-40.59494995578734
2979,0,normal,0.004091324750334024,0.32236526858684955,-46.53047152461568
2980,0,normal,0.004116841591894627,0.3096891847509708,-55.40890760946763
2981,0,normal,0.004116841591894627,0.3096891847509708,-55.40890760946763
2982,0,normal,0.004116841591894627,0.3096891847509708,-55.40890760946763
2983,0,normal,0.004116841591894627,0.3096891847509708,-55.40890760946763
2984,0,normal,0.004116841591894627,0.3096891847509708,-55.40890760946763
2985,0,normal,0.004116841591894627,0.3096891847509708,-55.40890760946763
2986,0,normal,0.004116841591894627,0.3096891847509708,-55.40890760946763
2987,0,normal,7.44751501083374,0.3243470847605474,-24.826490424591157
2988,0,normal,0.04896416887640953,0.34210708507903437,-24.997925597673884
2989,0,normal,0.5408746004104614,0.3268881500123117,-25.284586343469755
2990,0,normal,1.8649646043777466,0.3450033399838432,-14.36305776876543
2991,0,normal,1.0143094062805176,0.3937537658275302,10.804788809117326
2992,0,normal,0.15816393494606018,0.3821423792306985,11.86813838960461
2993,0,normal,0.2239530086517334,0.39611827941412786,13.186763813864445
2994,0,normal,0.2675068974494934,0.3877618318842615,14.488958555000409
2995,0,normal,0.2845062017440796,0.3882079350278218,15.822286487837346
2996,0,normal,0.2607960104942322,0.41561925960299145,17.169959341819776
2997,0,normal,0.2356354147195816,0.4182249697342283,18.512048562018208
2998,0,normal,0.3447594940662384,0.42677488250041784,19.864706285760576
2999,0,normal,3.1416776180267334,0.45015160229881457,45.003993783023816
3000,0,normal,0.2249675840139389,0.43665846259143665,45.28310946551983
3001,0,normal,1.2801203727722168,0.4458577770731734,50.71611786992412
3002,0,normal,1.4616639614105225,0.4598627870057529,58.23045644672197
3003,0,normal,0.03693227097392082,0.4437204117168124,58.26845328363834
3004,0,normal,0.014960016123950481,0.4620199769597582,58.13095580046388
3005,0,normal,0.008752204477787018,0.454280249215044,57.863031394166455
3006,0,normal,0.005424489267170429,0.44867458354470446,57.79346736272805
3007,0,normal,0.003526110202074051,0.4576641640945748,57.94328514217386
3008,0,normal,0.0026381504721939564,0.4586303420850044,58.02015900251763
3009,0,normal,0.0023987500462681055,0.44388221877681966,58.149071276458244
3010,0,normal,0.002519417554140091,0.4417383237367022,58.362398277492275
3011,0,normal,0.0027933584060519934,0.44397608929377896,58.56395773653662
3012,0,normal,0.003090250538662076,0.44057388196674235,58.77219702057755
3013,0,normal,0.0033442771527916193,0.45577930496595914,59.18318122505957
3014,0,normal,0.0035357512533664703,0.4402445668618758,59.62656888544825
3015,0,normal,0.003670878242701292,0.47623129385582574,60.301895365832024
3016,0,normal,0.0037653569597750902,0.4613298042835662,61.368875943305056
3017,0,normal,0.003829025896266103,0.41690350356809425,34.73750693551233
3018,0,normal,0.00388696463778615,0.4383067648521753,35.849313020238014
3019,0,normal,0.0039344485849142075,0.4356510576411922,36.88683154638875
3020,0,normal,0.003973873797804117,0.41726812342910435,24.96987426811711
3021,0,normal,0.003991985693573952,0.40168533739294204,-1.7401907517098607
3022,0,normal,0.004024960566312075,0.38157944082236706,-2.800263684128595
3023,0,normal,0.004054941236972809,0.37702966192930054,-4.031187053472422
3024,0,normal,0.004081870894879103,0.3839782130020568,-4.803973038404138
3025,0,normal,0.00410463148728013,0.36871243552874516,-5.880571498773861
3026,0,normal,0.004120608791708946,0.36553057102995723,-7.210421389783278
3027,0,normal,0.004128533881157637,0.35832938019221944,-8.970684823990041
3028,0,normal,0.004129307810217142,0.3578249292721869,-10.954855341189841
3029,0,normal,0.003996783867478371,0.3276865295298865,-39.65923343764871
3030,0,normal,0.004059651866555214,0.3320478452954331,-40.59494995578734
3031,0,normal,0.004091324750334024,0.32236526858684955,-46.53047152461568
3032,0,normal,7.44751501083374,0.3243470847605474,-24.826490424591157
3033,0,normal,0.04896416887640953,0.34210708507903437,-24.997925597673884
3034,0,normal,0.5408746004104614,0.3268881500123117,-25.284586343469755
3035,0,normal,1.6049847602844238,0.35822561774273665,-0.27345054139709646
3036,0,normal,0.17567051947116852,0.3612279444692819,0.25389278290822404
3037,0,normal,0.2324112206697464,0.3753750367969496,1.5383614713643965
3038,0,normal,0.2631765604019165,0.37515987021619873,2.860084655726723
3039,0,normal,0.2771281599998474,0.3774803647306848,4.167176486189646
3040,0,normal,0.24832507967948914,0.38927946687622145,5.490942210747562
3041,0,normal,0.21444465219974518,0.3969772627305264,6.819156061209014
3042,0,normal,0.4828777313232422,0.40937236410917816,6.658809525745937
3043,0,normal,0.531518816947937,0.4062326007977509,8.056899740141944
3044,0,normal,1.9200655221939087,0.4159848992643777,23.247753388771116
3045,0,normal,2.600048542022705,0.43628606528255887,34.8505505674359
3046,0,normal,0.34022003412246704,0.4343981634886286,35.12305184429806
3047,0,normal,2.1356701850891113,0.4377169332822051,48.30745191095434
3048,0,normal,0.04696757346391678,0.45259355067698065,48.35243383760917
3049,0,normal,0.015787506476044655,0.45377067531989107,48.377367001939774
3050,0,normal,0.01206754706799984,0.43968017373511237,47.96677366668246
3051,0,normal,0.009633124805986881,0.45762834585532075,47.82155284147984
3052,0,normal,0.00733308307826519,0.4420911398659592,47.934743367246256
3053,0,normal,0.00557186221703887,0.43619480973718744,48.05699434770008
3054,0,normal,0.00439578527584672,0.4473095718678853,48.23865201823128
3055,0,normal,0.003711450845003128,0.442489639044226,48.47622280193559
3056,0,normal,0.0033903708681464195,0.44083251818003105,48.681625143427254
3057,0,normal,0.0033070039935410023,0.4372460676178692,48.96980872861582
3058,0,normal,0.0033562341704964638,0.42416616439079363,49.35465264368827
3059,0,normal,0.0034622284583747387,0.4383684322616946,49.69700691358821
3060,0,normal,0.0035789678804576397,0.4754177858749799,50.577393643740606
3061,0,normal,0.0036842930130660534,0.43916098145866467,51.40260125384907
3062,0,normal,0.003764363704249263,0.41561528795161845,24.395102434451474
3063,0,normal,0.0038331886753439903,0.4371035603533474,25.292411106705003
3064,0,normal,0.0038891653530299664,0.4228569963780321,26.280256581168032
3065,0,normal,0.003924081102013588,0.3973558421648797,-0.5737499779531845
3066,0,normal,0.003966604825109243,0.40573681489164554,-1.9288464234414278
3067,0,normal,0.004005356691777706,0.38788749694313573,-3.1405414433234
3068,0,normal,0.004041544161736965,0.3818199440306122,-4.413349902381469
3069,0,normal,0.004074937663972378,0.37913145727848196,-5.5421296035087835
3070,0,normal,0.004102700389921665,0.3677177561661418,-6.509748402281275
3071,0,normal,0.004120761528611183,0.3606672364551431,-7.811941900487682
3072,0,normal,0.004128512926399708,0.35899350244268696,-6.941080282381563
3073,0,normal,0.004132070578634739,0.36773252523747485,-8.738898138386276
3074,0,normal,0.004092392977327108,0.34200437852674564,-25.931005954966622
3075,0,normal,0.004043907858431339,0.33463341102624644,-39.55360901164272
3076,0,normal,0.0040837619453668594,0.32715017041907024,-40.533345638516266
3077,0,normal,0.004116841591894627,0.3096891847509708,-55.40890760946763
3078,0,normal,0.004116841591894627,0.3096891847509708,-55.40890760946763
3079,0,normal,0.004116841591894627,0.3096891847509708,-55.40890760946763
3080,0,normal,0.004116841591894627,0.3096891847509708,-55.40890760946763
3081,0,normal,0.004116841591894627,0.3096891847509708,-55.40890760946763
3082,0,normal,0.004116841591894627,0.3096891847509708,-55.40890760946763
3083,0,normal,0.004116841591894627,0.3096891847509708,-55.40890760946763
3084,0,normal,7.44751501083374,0.3243470847605474,-24.826490424591157
3085,0,normal,0.04896416887640953,0.34210708507903437,-24.997925597673884
3086,0,normal,0.5408746004104614,0.3268881500123117,-25.284586343469755
3087,0,normal,1.6049847602844238,0.35822561774273665,-0.27345054139709646
3088,0,normal,0.5611042976379395,0.35706942530157704,-1.2770238411956143
3089,0,normal,0.2818252444267273,0.37202880599375876,0.05488430781883835
3090,0,normal,0.4996129274368286,0.3684620652001017,-0.16312039309377724
3091,0,normal,0.4660889804363251,0.36794407992902034,1.2305057930254861
3092,0,normal,0.3877738416194916,0.3873157842487687,2.555778276969704
3093,0,normal,0.31611329317092896,0.3867297688398306,3.9079977379174125
3094,0,normal,0.26474857330322266,0.4029547183652855,5.257586435096073
3095,0,normal,0.44836413860321045,0.4032881686739278,6.582806488495635
3096,0,normal,2.5235750675201416,0.41847801074492397,31.986346560110405
3097,0,normal,0.4443575143814087,0.4275520506344127,31.635157763717416
3098,0,normal,0.3593236804008484,0.4334783733155042,32.07106022430912
3099,0,normal,2.2607076168060303,0.42930930249214266,45.28446869522941
3100,0,normal,0.04314260929822922,0.4444757333496529,45.366454980723574
3101,0,normal,0.011575368233025074,0.45793202273132566,45.4006308894559
3102,0,normal,0.006444989237934351,0.4305817354525503,44.992645967000044
3103,0,normal,0.0035918275825679302,0.4459060184907306,44.82822624660321
3104,0,normal,0.0021419061813503504,0.43920308113252643,44.949793831786565
3105,0,normal,0.0017171616200357676,0.4352085448649211,45.075693987954764
3106,0,normal,0.0018690326251089573,0.4404490354905189,45.2401353828709
3107,0,normal,0.002264498732984066,0.42696740215628004,45.467089416107
3108,0,normal,0.0026985788717865944,0.4319013985513154,45.680953684129236
3109,0,normal,0.0030689595732837915,0.4304117167242549,45.95296337038462
3110,0,normal,0.0033445453736931086,0.4392517270965819,46.32573812468286
3111,0,normal,0.003534276969730854,0.4252110288988698,46.61186478050831
3112,0,normal,0.003662112634629011,0.46161275795219264,47.40149736504395
3113,0,normal,0.00375167652964592,0.441409764369674,48.044312703621245
3114,0,normal,0.0038114571943879128,0.4115645471628679,20.776620854832572
3115,0,normal,0.0038691817317157984,0.4254971600300909,21.459281580790275
3116,0,normal,0.003918554168194532,0.41639362329872404,22.192035625835842
3117,0,normal,0.003953916952013969,0.39304105203692397,-4.982405510861554
3118,0,normal,0.003992608282715082,0.3949004615758,-4.019194567297063
3119,0,normal,0.004028201103210449,0.37949137631589136,-5.240011123333488
3120,0,normal,0.004057294689118862,0.3825861719102039,-4.131551426650276
3121,0,normal,0.004084380809217691,0.38489499231699037,-4.962727096928802
3122,0,normal,0.004105988424271345,0.3675422766824446,-6.00758020820399
3123,0,normal,0.00411992846056819,0.3647450642116027,-7.313072073244939
3124,0,normal,0.0041254302486777306,0.35887693351349337,-9.054329995267153
3125,0,normal,0.004123678430914879,0.35962797463827323,-11.029773404543448
3126,0,normal,0.004007570445537567,0.32603027791959455,-39.72343667256837
3127,0,normal,0.004043907858431339,0.33463341102624644,-39.55360901164272
3128,0,normal,0.0040837619453668594,0.32715017041907024,-40.533345638516266
3129,0,normal,0.004116841591894627,0.3096891847509708,-55.40890760946763
3130,0,normal,0.004116841591894627,0.3096891847509708,-55.40890760946763
3131,0,normal,7.44751501083374,0.3243470847605474,-24.826490424591157
3132,0,normal,0.04896416887640953,0.34210708507903437,-24.997925597673884
3133,0,normal,0.5408746004104614,0.3268881500123117,-25.284586343469755
3134,0,normal,1.6049847602844238,0.35822561774273665,-0.27345054139709646
3135,0,normal,0.17567051947116852,0.3612279444692819,0.25389278290822404
3136,0,normal,0.6451266407966614,0.37172933124897,0.012279541422913098
3137,0,normal,0.3649750053882599,0.36844477641154155,1.381318243085616
3138,0,normal,0.33632558584213257,0.37523019296744725,2.677141661888072
3139,0,normal,0.37883007526397705,0.38330153523397875,2.518966474792478
3140,0,normal,0.3727389872074127,0.389394366194618,3.9071235341280044
3141,0,normal,0.2513270378112793,0.40591091578794974,3.7077889048671295
3142,0,normal,5.487870216369629,0.42934312275317654,29.297946430848924
3143,0,normal,0.3149036169052124,0.41375143016398896,30.467720384655195
3144,0,normal,1.2977328300476074,0.434378845228815,36.54709219835968
3145,0,normal,1.4682438373565674,0.44246274614477876,43.58163606449557
3146,0,normal,0.05388346686959267,0.42379824276956607,43.60895038097442
3147,0,normal,0.022613750770688057,0.4381406982698248,43.422970847174156
3148,0,normal,0.013534692116081715,0.4343073740259054,43.15628493859754
3149,0,normal,0.008839884772896767,0.44087354771282145,43.12302809944572
3150,0,normal,0.005979125387966633,0.4482116302750345,43.18104769697766
3151,0,normal,0.004295765422284603,0.42516406560705844,43.323639159594904
3152,0,normal,0.0034196190536022186,0.4308705445116391,43.385393425889106
3153,0,normal,0.003075778018683195,0.42490806108371787,43.49438895409344
3154,0,normal,0.003048454411327839,0.4150748238507159,43.76444702850813
3155,0,normal,0.0031763375736773014,0.4286592486996756,43.94504711678633
3156,0,normal,0.0033528474159538746,0.4334317941569867,44.22911553157019
3157,0,normal,0.003520086407661438,0.4315337159985073,44.63077803709689
3158,0,normal,0.0036559072323143482,0.4360434762762517,44.94880839802204
3159,0,normal,0.0037588912528008223,0.44757388808447446,45.744211744298354
3160,0,normal,0.003836146555840969,0.42068270470795677,46.50146955347964
3161,0,normal,0.003886527381837368,0.4112286445723646,19.241319018186232
3162,0,normal,0.00393504137173295,0.40936105220193514,19.971061629166798
3163,0,normal,0.003975292667746544,0.4076831490777846,20.77734711108201
3164,0,normal,0.003991960547864437,0.39596625427660215,-6.386502543472034
3165,0,normal,0.004026611801236868,0.3670554342678768,-7.80165132189768
3166,0,normal,0.004055838566273451,0.37239571267022414,-6.890107340528857
3167,0,normal,0.004085418302565813,0.3826227040262777,-7.948975506254783
3168,0,normal,0.004108804743736982,0.3637668772183171,-9.242490387198359
3169,0,normal,0.004121262114495039,0.3604448308027885,-8.256560035483062
3170,0,normal,0.004128903150558472,0.3506968922410412,-10.07514748690005
3171,0,normal,0.0041316174902021885,0.36511384167099653,-9.572974176166781
3172,0,normal,0.003988053184002638,0.33283704048619506,-38.149081041574846
3173,0,normal,0.004062023479491472,0.3341915993621645,-40.5338605788304
3174,0,normal,0.004100759979337454,0.3174588320091446,-47.57847394452074
3175,0,normal,0.004116841591894627,0.3096891847509708,-55.40890760946763
3176,0,normal,0.004116841591894627,0.3096891847509708,-55.40890760946763
3177,0,normal,0.004116841591894627,0.3096891847509708,-55.40890760946763
3178,0,normal,0.004116841591894627,0.3096891847509708,-55.40890760946763
3179,0,normal,0.004116841591894627,0.3096891847509708,-55.40890760946763
3180,0,normal,0.004116841591894627,0.3096891847509708,-55.40890760946763
3181,0,normal,0.004116841591894627,0.3096891847509708,-55.40890760946763
3182,0,normal,0.004116841591894627,0.3096891847509708,-55.40890760946763
3183,0,normal,0.004116841591894627,0.3096891847509708,-55.40890760946763
3184,0,normal,0.004116841591894627,0.3096891847509708,-55.40890760946763
3185,0,normal,0.004116841591894627,0.3096891847509708,-55.40890760946763
3186,0,normal,0.004116841591894627,0.3096891847509708,-55.40890760946763
3187,0,normal,0.004116841591894627,0.3096891847509708,-55.40890760946763
3188,0,normal,0.004116841591894627,0.3096891847509708,-55.40890760946763
3189,0,normal,0.004116841591894627,0.3096891847509708,-55.40890760946763
3190,0,normal,7.44751501083374,0.3243470847605474,-24.826490424591157
3191,0,normal,0.04896416887640953,0.34210708507903437,-24.997925597673884
3192,0,normal,0.5408746004104614,0.3268881500123117,-25.284586343469755
3193,0,normal,2.2752444744110107,0.3307940450144778,-25.06248108425757
3194,0,normal,1.4748930931091309,0.3740417036366507,-1.0311319878967424
3195,0,normal,0.20427896082401276,0.3616471005041586,0.0790114512431046
3196,0,normal,0.22924892604351044,0.38312326159634974,1.3806526146477154
3197,0,normal,0.23800066113471985,0.376691011257012,2.7155257156466632
3198,0,normal,0.25238433480262756,0.37897088113410016,4.063521936728193
3199,0,normal,0.44949251413345337,0.39383825865820543,3.8717404660617376
3200,0,normal,4.328915596008301,0.41080121680837134,19.168233806983153
3201,0,normal,3.5530896186828613,0.43691704814226534,30.719449267906157
3202,0,normal,0.34173113107681274,0.4233775736480085,31.05434513526734
3203,0,normal,0.5562094449996948,0.43199410067396776,30.98533725555285
3204,0,normal,2.4301321506500244,0.4302169439476695,44.257041537485975
3205,0,normal,0.06188046932220459,0.4524825748864952,44.245808280577194
3206,0,normal,0.015802256762981415,0.4213242639799497,44.31001986662409
3207,0,normal,0.007105763535946608,0.4361784749596413,43.91259441983311
3208,0,normal,0.002952400827780366,0.4475442464922575,43.75237402082098
3209,0,normal,0.001373486826196313,0.43745049117359486,43.82021214435554
3210,0,normal,0.001331960316747427,0.4453069509666535,43.98333515031004
3211,0,normal,0.001959017477929592,0.44052160998384005,44.009238482809224
3212,0,normal,0.0027011537458747625,0.41734300221896165,44.11760293416228
3213,0,normal,0.003281240351498127,0.4225654508715449,44.377425242339086
3214,0,normal,0.0036254178266972303,0.42465204019177005,44.55031179029129
3215,0,normal,0.0037775433156639338,0.4343321454686473,44.73429233900197
3216,0,normal,0.0038203513249754906,0.43315943597624995,45.057548570162226
3217,0,normal,0.0038249848876148462,0.43542380647045276,45.4415962847238
3218,0,normal,0.0038326866924762726,0.4260936074094403,45.84509415804405
3219,0,normal,0.0038578356616199017,0.45821215539622945,46.73714109957814
3220,0,normal,0.0038915276527404785,0.4032619695823858,19.47507317430609
3221,0,normal,0.00394092733040452,0.39723226607916434,20.415884357847744
3222,0,normal,0.0039880299009382725,0.4285760508981474,21.337640809663753
3223,0,normal,0.0040277051739394665,0.39692914417864067,19.96443074885292
3224,0,normal,0.004038633778691292,0.39261690858510034,-4.561612969553607
3225,0,normal,0.0040732561610639095,0.38386161346486325,-5.744115574253556
3226,0,normal,0.004101552069187164,0.36949554462256234,-6.8015189478790035
3227,0,normal,0.004119476303458214,0.36311992862480924,-8.018647182936093
3228,0,normal,0.004125405568629503,0.35432811596799385,-9.585802462212314
3229,0,normal,0.004125651437789202,0.3648571539395717,-8.946677039399674
3230,0,normal,0.004066674038767815,0.3455459193504699,-26.065365326776828
3231,0,normal,0.0040060305036604404,0.3263033962296664,-39.662437315765374
3232,0,normal,0.004058622755110264,0.3299586058700084,-40.59510611764813
3233,0,normal,0.0040837619453668594,0.32715017041907024,-40.533345638516266
3234,0,normal,0.004116841591894627,0.3096891847509708,-55.40890760946763
3235,0,normal,0.004116841591894627,0.3096891847509708,-55.40890760946763
3236,0,normal,0.004116841591894627,0.3096891847509708,-55.40890760946763
3237,0,normal,0.004116841591894627,0.3096891847509708,-55.40890760946763
3238,0,normal,0.004116841591894627,0.3096891847509708,-55.40890760946763
3239,0,normal,7.44751501083374,0.3243470847605474,-24.826490424591157
3240,0,normal,0.04896416887640953,0.34210708507903437,-24.997925597673884
3241,0,normal,0.5408746004104614,0.3268881500123117,-25.284586343469755
3242,0,normal,1.6049847602844238,0.35822561774273665,-0.27345054139709646
3243,0,normal,0.17567051947116852,0.3612279444692819,0.25389278290822404
3244,0,normal,0.2324112206697464,0.3753750367969496,1.5383614713643965
3245,0,normal,0.6419821381568909,0.369127011356316,1.3394934005659707
3246,0,normal,0.4001721739768982,0.376573855088405,2.6937025456932133
3247,0,normal,0.31460559368133545,0.3888966915608265,4.006078203958623
3248,0,normal,0.2648395299911499,0.39411660813785154,5.37308671216806
3249,0,normal,0.24689452350139618,0.4113903362931852,6.734931090280497
3250,0,normal,0.4708900451660156,0.4078572045639802,8.071581373792924
3251,0,normal,2.415984630584717,0.4240001744865558,33.454231857010654
3252,0,normal,0.1998850703239441,0.4372893899533378,34.5928637634438
3253,0,normal,2.6330227851867676,0.449058530938914,47.7342629071627
3254,0,normal,0.044910185039043427,0.44678670374065926,47.800666789101115
3255,0,normal,0.016432996839284897,0.4321360003516061,47.85347597963437
3256,0,normal,0.012440877966582775,0.45214609247596604,47.49178360816609
3257,0,normal,0.010197628289461136,0.4383078435982176,47.37823206780786
3258,0,normal,0.008069559931755066,0.45481858794484,47.44991592767178
3259,0,normal,0.006329680792987347,0.4436095744614447,47.59804135941681
3260,0,normal,0.0050589642487466335,0.4434046066050449,47.71070710745903
3261,0,normal,0.004227721597999334,0.438495106867981,47.8632963179075
3262,0,normal,0.0037564788945019245,0.4374581153569558,48.08922779499562
3263,0,normal,0.0035471480805426836,0.4339881407022428,48.30584793185949
3264,0,normal,0.003504193853586912,0.4344287320041264,48.57075248701881
3265,0,normal,0.003549742279574275,0.4363611347393492,48.967115275203014
3266,0,normal,0.0036302469670772552,0.44315809470124745,49.29104500548942
3267,0,normal,0.003715145867317915,0.4637584697041283,50.13722556872381
3268,0,normal,0.003790871938690543,0.4374308602489767,50.88251693384632
3269,0,normal,0.00384507910348475,0.4115337522214561,23.83950400675394
3270,0,normal,0.003896561684086919,0.422418491171887,24.635393082465043
3271,0,normal,0.003939293324947357,0.42489974549931414,25.523351151099632
3272,0,normal,0.003963221795856953,0.39987932177168845,-1.4366868350709865
3273,0,normal,0.003997649531811476,0.40189421345576004,-2.7109883391885887
3274,0,normal,0.004029758274555206,0.37719444713464234,-3.9223368500122433
3275,0,normal,0.004056851379573345,0.3741093072692175,-2.7420821257924217
3276,0,normal,0.004084296524524689,0.38500396518311397,-3.4372499153657827
3277,0,normal,0.0041080666705966,0.3680981985354292,-4.520729503481107
3278,0,normal,0.004125159699469805,0.3627547522286344,-5.8403426339903035
3279,0,normal,0.004134471528232098,0.3623091651374943,-7.54827591076014
3280,0,normal,0.004137334879487753,0.35890572901766277,-9.501466422819476
3281,0,normal,0.004039168823510408,0.33973794570518256,-38.1138729395318
3282,0,normal,0.0040837619453668594,0.32715017041907024,-40.533345638516266
3283,0,normal,0.004116841591894627,0.3096891847509708,-55.40890760946763
3284,0,normal,0.004116841591894627,0.3096891847509708,-55.40890760946763
3285,0,normal,0.004116841591894627,0.3096891847509708,-55.40890760946763
3286,0,normal,0.004116841591894627,0.3096891847509708,-55.40890760946763
3287,0,normal,0.004116841591894627,0.3096891847509708,-55.40890760946763
3288,0,normal,7.44751501083374,0.3243470847605474,-24.826490424591157
3289,0,normal,0.04896416887640953,0.34210708507903437,-24.997925597673884
3290,0,normal,0.5408746004104614,0.3268881500123117,-25.284586343469755
3291,0,normal,2.2752444744110107,0.3307940450144778,-25.06248108425757
3292,0,normal,0.6903460025787354,0.37750676631809316,0.49618947071326147
3293,0,normal,0.18253953754901886,0.3673799634679798,1.559061030688099
3294,0,normal,0.22173267602920532,0.38381466612402193,2.8719337125146467
3295,0,normal,0.23745577037334442,0.3805438549390106,4.167693454777691
3296,0,normal,0.2532501220703125,0.3811637487625614,5.503007362980497
3297,0,normal,0.23762136697769165,0.40483151733828604,6.841154469418825
3298,0,normal,0.2221323400735855,0.4058084362002693,8.19311687736058
3299,0,normal,3.1795601844787598,0.44199160677028526,23.380218959469858
3300,0,normal,3.1367263793945312,0.42882321506779225,34.92554810575689
3301,0,normal,0.32825130224227905,0.4351937825844992,35.25737406403755
3302,0,normal,0.5929972529411316,0.4355106140968428,35.16399594462996
3303,0,normal,2.2962167263031006,0.44503950643899715,48.356004959963
3304,0,normal,0.05668310448527336,0.45328724795656783,48.42943372610489
3305,0,normal,0.015411200001835823,0.4344940959273288,48.44733657699976
3306,0,normal,0.008127284236252308,0.45416677116253407,48.087709193303226
3307,0,normal,0.004092162474989891,0.4421373172371845,47.91142241208536
3308,0,normal,0.002071845345199108,0.44572061469289936,48.08455678742098
3309,0,normal,0.0014969961484894156,0.44859563033514005,48.1646111176949
3310,0,normal,0.0017061717808246613,0.45002762623040926,48.270535090875
3311,0,normal,0.0022168231662362814,0.4275901820285445,48.52554937475679
3312,0,normal,0.0027426639571785927,0.43384491959156907,48.71202433545068
3313,0,normal,0.003154739271849394,0.4264788464365537,48.89031057825605
3314,0,normal,0.003429493634030223,0.45063458729338135,49.236079896068304
3315,0,normal,0.003596346825361252,0.4345273671526199,49.6852963579106
3316,0,normal,0.0036977471318095922,0.44133753785627394,50.1436319848342
3317,0,normal,0.003767784219235182,0.44757568818606125,51.144562539371464
3318,0,normal,0.0038156856317073107,0.4240356866761468,24.128060639420482
3319,0,normal,0.0038752357941120863,0.41542279664774023,25.234239503924528
3320,0,normal,0.003928459249436855,0.41935490156101823,26.27933086144526
3321,0,normal,0.003975324798375368,0.4317189227570046,25.071472480611874
3322,0,normal,0.003992257174104452,0.38847614589450674,-1.664552255796707
3323,0,normal,0.004031640011817217,0.39472765874286186,-2.7719979765142853
3324,0,normal,0.004066565539687872,0.3879895952493235,-3.804626559698363
3325,0,normal,0.004095444455742836,0.37294218682403435,-4.716110654900831
3326,0,normal,0.004115548450499773,0.36706867015708133,-5.766007586394153
3327,0,normal,0.004125151317566633,0.36241956787162627,-7.188964333138983
3328,0,normal,0.004125651437789202,0.3648571539395717,-8.946677039399674
3329,0,normal,0.004066674038767815,0.3455459193504699,-26.065365326776828
3330,0,normal,0.0040060305036604404,0.3263033962296664,-39.662437315765374
3331,0,normal,0.004058622755110264,0.3299586058700084,-40.59510611764813
3332,0,normal,0.0040837619453668594,0.32715017041907024,-40.533345638516266
3333,0,normal,0.004116841591894627,0.3096891847509708,-55.40890760946763
3334,0,normal,0.004116841591894627,0.3096891847509708,-55.40890760946763
3335,0,normal,0.004116841591894627,0.3096891847509708,-55.40890760946763
3336,0,normal,0.004116841591894627,0.3096891847509708,-55.40890760946763
3337,0,normal,0.004116841591894627,0.3096891847509708,-55.40890760946763
3338,0,normal,0.004116841591894627,0.3096891847509708,-55.40890760946763
3339,0,normal,0.004116841591894627,0.3096891847509708,-55.40890760946763
3340,0,normal,0.004116841591894627,0.3096891847509708,-55.40890760946763
3341,0,normal,0.004116841591894627,0.3096891847509708,-55.40890760946763
3342,0,normal,0.004116841591894627,0.3096891847509708,-55.40890760946763
3343,0,normal,0.004116841591894627,0.3096891847509708,-55.40890760946763
3344,0,normal,0.004116841591894627,0.3096891847509708,-55.40890760946763
3345,0,normal,0.004116841591894627,0.3096891847509708,-55.40890760946763
3346,0,normal,0.004116841591894627,0.3096891847509708,-55.40890760946763
3347,0,normal,0.004116841591894627,0.3096891847509708,-55.40890760946763
3348,0,normal,0.004116841591894627,0.3096891847509708,-55.40890760946763
3349,0,normal,0.004116841591894627,0.3096891847509708,-55.40890760946763
3350,0,normal,0.004116841591894627,0.3096891847509708,-55.40890760946763
3351,0,normal,0.004116841591894627,0.3096891847509708,-55.40890760946763
3352,0,normal,0.004116841591894627,0.3096891847509708,-55.40890760946763
3353,0,normal,0.004116841591894627,0.3096891847509708,-55.40890760946763
3354,0,normal,0.004116841591894627,0.3096891847509708,-55.40890760946763
3355,0,normal,0.004116841591894627,0.3096891847509708,-55.40890760946763
3356,0,normal,0.004116841591894627,0.3096891847509708,-55.40890760946763
3357,0,normal,0.004116841591894627,0.3096891847509708,-55.40890760946763
3358,0,normal,0.004116841591894627,0.3096891847509708,-55.40890760946763
3359,0,normal,0.004116841591894627,0.3096891847509708,-55.40890760946763
3360,0,normal,0.004116841591894627,0.3096891847509708,-55.40890760946763
3361,0,normal,0.004116841591894627,0.3096891847509708,-55.40890760946763
3362,0,normal,0.004116841591894627,0.3096891847509708,-55.40890760946763
3363,0,normal,0.004116841591894627,0.3096891847509708,-55.40890760946763
3364,0,normal,0.004116841591894627,0.3096891847509708,-55.40890760946763
3365,0,normal,0.004116841591894627,0.3096891847509708,-55.40890760946763
3366,0,normal,0.004116841591894627,0.3096891847509708,-55.40890760946763
3367,0,normal,0.004116841591894627,0.3096891847509708,-55.40890760946763
3368,0,normal,0.004116841591894627,0.3096891847509708,-55.40890760946763
3369,0,normal,0.004116841591894627,0.3096891847509708,-55.40890760946763
3370,0,normal,0.004116841591894627,0.3096891847509708,-55.40890760946763
3371,0,normal,0.004116841591894627,0.3096891847509708,-55.40890760946763
3372,0,normal,0.004116841591894627,0.3096891847509708,-55.40890760946763
3373,0,normal,0.004116841591894627,0.3096891847509708,-55.40890760946763
3374,0,normal,0.004116841591894627,0.3096891847509708,-55.40890760946763
3375,0,normal,0.004116841591894627,0.3096891847509708,-55.40890760946763
3376,0,normal,0.004116841591894627,0.3096891847509708,-55.40890760946763
3377,0,normal,0.004116841591894627,0.3096891847509708,-55.40890760946763
3378,0,normal,0.004116841591894627,0.3096891847509708,-55.40890760946763
3379,0,normal,0.004116841591894627,0.3096891847509708,-55.40890760946763
3380,0,normal,0.004116841591894627,0.3096891847509708,-55.40890760946763
3381,0,normal,0.004116841591894627,0.3096891847509708,-55.40890760946763
3382,0,normal,0.004116841591894627,0.3096891847509708,-55.40890760946763
3383,0,normal,0.004116841591894627,0.3096891847509708,-55.40890760946763
3384,0,normal,0.004116841591894627,0.3096891847509708,-55.40890760946763
3385,0,normal,0.004116841591894627,0.3096891847509708,-55.40890760946763
3386,0,normal,7.44751501083374,0.3243470847605474,-24.826490424591157
3387,0,normal,0.04896416887640953,0.34210708507903437,-24.997925597673884
3388,0,normal,0.5408746004104614,0.3268881500123117,-25.284586343469755
3389,0,normal,1.8649646043777466,0.3450033399838432,-14.36305776876543
3390,0,normal,1.0143094062805176,0.3937537658275302,10.804788809117326
3391,0,normal,0.15816393494606018,0.3821423792306985,11.86813838960461
3392,0,normal,0.2239530086517334,0.39611827941412786,13.186763813864445
3393,0,normal,0.2675068974494934,0.3877618318842615,14.488958555000409
3394,0,normal,0.2845062017440796,0.3882079350278218,15.822286487837346
3395,0,normal,0.2607960104942322,0.41561925960299145,17.169959341819776
3396,0,normal,0.2356354147195816,0.4182249697342283,18.512048562018208
3397,0,normal,0.3447594940662384,0.42677488250041784,19.864706285760576
3398,0,normal,0.9483833312988281,0.4229645944044618,21.251274862572473
3399,0,normal,1.3967853784561157,0.4476046423776289,46.41365013313816
3400,0,normal,0.24071389436721802,0.4384959440010232,46.64634931003684
3401,0,normal,2.230999231338501,0.45409602495160617,59.66288990523253
3402,0,normal,0.03277098387479782,0.4622407312061248,59.733540439598755
3403,0,normal,0.010844708420336246,0.44889536417576664,59.756420335903385
3404,0,normal,0.009059542790055275,0.4620188478215321,59.39093803268565
3405,0,normal,0.00794785562902689,0.4475482853163997,59.24773770511342
3406,0,normal,0.006593747064471245,0.4573149837564393,59.39733965184473
3407,0,normal,0.005405979696661234,0.4588835777081071,59.473676368388624
3408,0,normal,0.004516832996159792,0.4472686882312906,59.64430460217227
3409,0,normal,0.003933281637728214,0.44167611988633415,59.906989754265624
3410,0,normal,0.0036106365732848644,0.45805150529004396,60.06528836279472
3411,0,normal,0.0034821468871086836,0.44505712384882556,60.30770389898453
3412,0,normal,0.003477984806522727,0.44742147871663906,60.70115542675717
3413,0,normal,0.0035391103010624647,0.44281460337196615,61.148557541218
3414,0,normal,0.0036241253837943077,0.46892673659709155,61.81498372399483
3415,0,normal,0.003709249198436737,0.46915082523187523,62.91895539559141
3416,0,normal,0.0037845587357878685,0.42633332902989635,36.2568087147597
3417,0,normal,0.0038466390687972307,0.430964077513155,37.325897120088484
3418,0,normal,0.0038978452794253826,0.43378644978129927,38.3630711932949
3419,0,normal,0.003939327318221331,0.42619876072615887,26.434805652353816
3420,0,normal,0.003963985480368137,0.4006835352851794,-0.3516419484508333
3421,0,normal,0.003997492138296366,0.40015881885897014,-1.4578576815731594
3422,0,normal,0.0040283361449837685,0.37976116305865176,-2.5339699852897866
3423,0,normal,0.0040570637211203575,0.3732331269814962,-3.7331721671150717
3424,0,normal,0.0040834685787558556,0.384890368334205,-4.446540674843391
3425,0,normal,0.0041061402298510075,0.36516318644982887,-5.592185359174437
3426,0,normal,0.004122532904148102,0.36291807371110846,-6.990005400347627
3427,0,normal,0.004131544381380081,0.3624675938017179,-8.777800585042087
3428,0,normal,0.00413413904607296,0.35456603486654986,-10.823259040708763
3429,0,normal,0.004043907858431339,0.33463341102624644,-39.55360901164272
3430,0,normal,0.0040837619453668594,0.32715017041907024,-40.533345638516266
3431,0,normal,0.004116841591894627,0.3096891847509708,-55.40890760946763
3432,0,normal,0.004116841591894627,0.3096891847509708,-55.40890760946763
3433,0,normal,0.004116841591894627,0.3096891847509708,-55.40890760946763
3434,0,normal,0.004116841591894627,0.3096891847509708,-55.40890760946763
3435,0,normal,0.004116841591894627,0.3096891847509708,-55.40890760946763
3436,0,normal,0.004116841591894627,0.3096891847509708,-55.40890760946763
3437,0,normal,0.004116841591894627,0.3096891847509708,-55.40890760946763
3438,0,normal,0.004116841591894627,0.3096891847509708,-55.40890760946763
3439,0,normal,0.004116841591894627,0.3096891847509708,-55.40890760946763
3440,0,normal,0.004116841591894627,0.3096891847509708,-55.40890760946763
3441,0,normal,0.004116841591894627,0.3096891847509708,-55.40890760946763
3442,0,normal,0.004116841591894627,0.3096891847509708,-55.40890760946763
3443,0,normal,0.004116841591894627,0.3096891847509708,-55.40890760946763
3444,0,normal,0.004116841591894627,0.3096891847509708,-55.40890760946763
3445,0,normal,0.004116841591894627,0.3096891847509708,-55.40890760946763
3446,0,normal,0.004116841591894627,0.3096891847509708,-55.40890760946763
3447,0,normal,0.004116841591894627,0.3096891847509708,-55.40890760946763
3448,0,normal,0.004116841591894627,0.3096891847509708,-55.40890760946763
3449,0,normal,0.004116841591894627,0.3096891847509708,-55.40890760946763
3450,0,normal,0.004116841591894627,0.3096891847509708,-55.40890760946763
3451,0,normal,0.004116841591894627,0.3096891847509708,-55.40890760946763
3452,0,normal,0.004116841591894627,0.3096891847509708,-55.40890760946763
3453,0,normal,0.004116841591894627,0.3096891847509708,-55.40890760946763
3454,0,normal,0.004116841591894627,0.3096891847509708,-55.40890760946763
3455,0,normal,0.004116841591894627,0.3096891847509708,-55.40890760946763
3456,0,normal,0.004116841591894627,0.3096891847509708,-55.40890760946763
3457,0,normal,0.004116841591894627,0.3096891847509708,-55.40890760946763
3458,0,normal,0.004116841591894627,0.3096891847509708,-55.40890760946763
3459,0,normal,0.004116841591894627,0.3096891847509708,-55.40890760946763
3460,0,normal,0.004116841591894627,0.3096891847509708,-55.40890760946763
3461,0,normal,0.004116841591894627,0.3096891847509708,-55.40890760946763
3462,0,normal,0.004116841591894627,0.3096891847509708,-55.40890760946763
3463,0,normal,0.004116841591894627,0.3096891847509708,-55.40890760946763
3464,0,normal,0.004116841591894627,0.3096891847509708,-55.40890760946763
3465,0,normal,0.004116841591894627,0.3096891847509708,-55.40890760946763
3466,0,normal,0.004116841591894627,0.3096891847509708,-55.40890760946763
3467,0,normal,0.004116841591894627,0.3096891847509708,-55.40890760946763
3468,0,normal,0.004116841591894627,0.3096891847509708,-55.40890760946763
3469,0,normal,0.004116841591894627,0.3096891847509708,-55.40890760946763
3470,0,normal,0.004116841591894627,0.3096891847509708,-55.40890760946763
3471,0,normal,0.004116841591894627,0.3096891847509708,-55.40890760946763
3472,0,normal,0.004116841591894627,0.3096891847509708,-55.40890760946763
3473,0,normal,0.004116841591894627,0.3096891847509708,-55.40890760946763
3474,0,normal,0.004116841591894627,0.3096891847509708,-55.40890760946763
3475,0,normal,0.004116841591894627,0.3096891847509708,-55.40890760946763
3476,0,normal,0.004116841591894627,0.3096891847509708,-55.40890760946763
3477,0,normal,0.004116841591894627,0.3096891847509708,-55.40890760946763
3478,0,normal,0.004116841591894627,0.3096891847509708,-55.40890760946763
3479,0,normal,0.004116841591894627,0.3096891847509708,-55.40890760946763
3480,0,normal,0.004116841591894627,0.3096891847509708,-55.40890760946763
3481,0,normal,0.004116841591894627,0.3096891847509708,-55.40890760946763
3482,0,normal,0.004116841591894627,0.3096891847509708,-55.40890760946763
3483,0,normal,0.004116841591894627,0.3096891847509708,-55.40890760946763
3484,0,normal,7.44751501083374,0.3243470847605474,-24.826490424591157
3485,0,normal,0.04896416887640953,0.34210708507903437,-24.997925597673884
3486,0,normal,0.5408746004104614,0.3268881500123117,-25.284586343469755
3487,0,normal,1.6049847602844238,0.35822561774273665,-0.27345054139709646
3488,0,normal,0.17567051947116852,0.3612279444692819,0.25389278290822404
3489,0,normal,0.2324112206697464,0.3753750367969496,1.5383614713643965
3490,0,normal,0.2631765604019165,0.37515987021619873,2.860084655726723
3491,0,normal,0.2771281599998474,0.3774803647306848,4.167176486189646
3492,0,normal,0.24832507967948914,0.38927946687622145,5.490942210747562
3493,0,normal,0.21444465219974518,0.3969772627305264,6.819156061209014
3494,0,normal,0.24913769960403442,0.41356138528176073,8.168167201029974
3495,0,normal,0.5917154550552368,0.41112070450431387,9.519722358176068
3496,0,normal,2.014023780822754,0.4276538305690519,34.880455229915924
3497,0,normal,0.19363471865653992,0.4387235563041674,36.03081274234978
3498,0,normal,0.3709867298603058,0.4400849649239725,36.445079584804716
3499,0,normal,2.207531452178955,0.4399789437004107,49.63100857652557
3500,0,normal,0.04149780794978142,0.4511008883293852,49.69239767521549
3501,0,normal,0.009191911667585373,0.4599073439637548,49.722840274770306
3502,0,normal,0.004770647268742323,0.4398068789179183,49.338288612461156
3503,0,normal,0.0026193170342594385,0.45021973266001464,49.187296647721496
3504,0,normal,0.001620535273104906,0.4477030827063075,49.319655674353044
3505,0,normal,0.0014771795831620693,0.44286264251864055,49.444919985432534
3506,0,normal,0.00179577455855906,0.4495190328425218,49.61525284945151
3507,0,normal,0.002277481136843562,0.4446459536809365,49.83235814256841
3508,0,normal,0.0027441633865237236,0.44028079776371615,50.04532578787371
3509,0,normal,0.003116707317531109,0.43693490328345985,50.31432876697886
3510,0,normal,0.0033819866366684437,0.4411600476870398,50.719101614306055
3511,0,normal,0.003560070414096117,0.43704644011829713,51.050562392139
3512,0,normal,0.0036797518841922283,0.4714773512299603,51.91973781944807
3513,0,normal,0.003765302710235119,0.441658177762614,52.71908199956442
3514,0,normal,0.003822940867394209,0.42211707313938174,25.77368625015356
3515,0,normal,0.0038807739038020372,0.43305502784944766,26.691890432613718
3516,0,normal,0.003929921425879002,0.42419500399464066,27.701124484893626
3517,0,normal,0.003959581255912781,0.40243244342796947,0.964024336686407
3518,0,normal,0.003998104482889175,0.40164978159498027,-0.27793722869319026
3519,0,normal,0.004032630007714033,0.38969357593289444,-1.3225691731711322
3520,0,normal,0.0040635522454977036,0.3814178125076421,-2.5262133342689594
3521,0,normal,0.004090607166290283,0.38858434505717554,-3.2871431205603585
3522,0,normal,0.004112349823117256,0.3708132448301712,-4.203137463881603
3523,0,normal,0.004126196727156639,0.36728476218482964,-5.358841937598754
3524,0,normal,0.004131666850298643,0.361607648713802,-6.954652441874941
3525,0,normal,0.00413028709590435,0.36507636998652165,-8.763895594578571
3526,0,normal,0.00397418113425374,0.3342736405005943,-37.247884704653416
3527,0,normal,0.004043907858431339,0.33463341102624644,-39.55360901164272
3528,0,normal,0.0040837619453668594,0.32715017041907024,-40.533345638516266
3529,0,normal,0.004116841591894627,0.3096891847509708,-55.40890760946763
3530,0,normal,0.004116841591894627,0.3096891847509708,-55.40890760946763
3531,0,normal,0.004116841591894627,0.3096891847509708,-55.40890760946763
3532,0,normal,0.004116841591894627,0.3096891847509708,-55.40890760946763
3533,0,normal,0.004116841591894627,0.3096891847509708,-55.40890760946763
3534,0,normal,0.004116841591894627,0.3096891847509708,-55.40890760946763
3535,0,normal,0.004116841591894627,0.3096891847509708,-55.40890760946763
3536,0,normal,0.004116841591894627,0.3096891847509708,-55.40890760946763
3537,0,normal,0.004116841591894627,0.3096891847509708,-55.40890760946763
3538,0,normal,0.004116841591894627,0.3096891847509708,-55.40890760946763
3539,0,normal,0.004116841591894627,0.3096891847509708,-55.40890760946763
3540,0,normal,0.004116841591894627,0.3096891847509708,-55.40890760946763
3541,0,normal,0.004116841591894627,0.3096891847509708,-55.40890760946763
3542,0,normal,0.004116841591894627,0.3096891847509708,-55.40890760946763
3543,0,normal,0.004116841591894627,0.3096891847509708,-55.40890760946763
3544,0,normal,0.004116841591894627,0.3096891847509708,-55.40890760946763
3545,0,normal,0.004116841591894627,0.3096891847509708,-55.40890760946763
3546,0,normal,0.004116841591894627,0.3096891847509708,-55.40890760946763
3547,0,normal,0.004116841591894627,0.3096891847509708,-55.40890760946763
3548,0,normal,0.004116841591894627,0.3096891847509708,-55.40890760946763
3549,0,normal,0.004116841591894627,0.3096891847509708,-55.40890760946763
3550,0,normal,0.004116841591894627,0.3096891847509708,-55.40890760946763
3551,0,normal,0.004116841591894627,0.3096891847509708,-55.40890760946763
3552,0,normal,0.004116841591894627,0.3096891847509708,-55.40890760946763
3553,0,normal,0.004116841591894627,0.3096891847509708,-55.40890760946763
3554,0,normal,0.004116841591894627,0.3096891847509708,-55.40890760946763
3555,0,normal,0.004116841591894627,0.3096891847509708,-55.40890760946763
3556,0,normal,0.004116841591894627,0.3096891847509708,-55.40890760946763
3557,0,normal,0.004116841591894627,0.3096891847509708,-55.40890760946763
3558,0,normal,0.004116841591894627,0.3096891847509708,-55.40890760946763
3559,0,normal,0.004116841591894627,0.3096891847509708,-55.40890760946763
3560,0,normal,0.004116841591894627,0.3096891847509708,-55.40890760946763
3561,0,normal,0.004116841591894627,0.3096891847509708,-55.40890760946763
3562,0,normal,0.004116841591894627,0.3096891847509708,-55.40890760946763
3563,0,normal,0.004116841591894627,0.3096891847509708,-55.40890760946763
3564,0,normal,0.004116841591894627,0.3096891847509708,-55.40890760946763
3565,0,normal,0.004116841591894627,0.3096891847509708,-55.40890760946763
3566,0,normal,0.004116841591894627,0.3096891847509708,-55.40890760946763
3567,0,normal,0.004116841591894627,0.3096891847509708,-55.40890760946763
3568,0,normal,0.004116841591894627,0.3096891847509708,-55.40890760946763
3569,0,normal,0.004116841591894627,0.3096891847509708,-55.40890760946763
3570,0,normal,0.004116841591894627,0.3096891847509708,-55.40890760946763
3571,0,normal,0.004116841591894627,0.3096891847509708,-55.40890760946763
3572,0,normal,0.004116841591894627,0.3096891847509708,-55.40890760946763
3573,0,normal,0.004116841591894627,0.3096891847509708,-55.40890760946763
3574,0,normal,0.004116841591894627,0.3096891847509708,-55.40890760946763
3575,0,normal,0.004116841591894627,0.3096891847509708,-55.40890760946763
3576,0,normal,0.004116841591894627,0.3096891847509708,-55.40890760946763
3577,0,normal,0.004116841591894627,0.3096891847509708,-55.40890760946763
3578,0,normal,0.004116841591894627,0.3096891847509708,-55.40890760946763
3579,0,normal,0.004116841591894627,0.3096891847509708,-55.40890760946763
3580,0,normal,0.004116841591894627,0.3096891847509708,-55.40890760946763
3581,0,normal,7.44751501083374,0.3243470847605474,-24.826490424591157
3582,0,normal,0.04896416887640953,0.34210708507903437,-24.997925597673884
3583,0,normal,0.5408746004104614,0.3268881500123117,-25.284586343469755
3584,0,normal,1.6049847602844238,0.35822561774273665,-0.27345054139709646
3585,0,normal,0.17567051947116852,0.3612279444692819,0.25389278290822404
3586,0,normal,0.2324112206697464,0.3753750367969496,1.5383614713643965
3587,0,normal,0.2631765604019165,0.37515987021619873,2.860084655726723
3588,0,normal,0.2771281599998474,0.3774803647306848,4.167176486189646
3589,0,normal,0.24832507967948914,0.38927946687622145,5.490942210747562
3590,0,normal,0.21444465219974518,0.3969772627305264,6.819156061209014
3591,0,normal,0.4828777313232422,0.40937236410917816,6.658809525745937
3592,0,normal,0.531518816947937,0.4062326007977509,8.056899740141944
3593,0,normal,2.2425167560577393,0.4270787457396402,33.442490970278186
3594,0,normal,0.2327212691307068,0.4312840838792244,33.71930095750895
3595,0,normal,0.5638458728790283,0.43176199444474184,33.591249866648695
3596,0,normal,2.2055325508117676,0.43118120242794317,46.80636090229177
3597,0,normal,0.0430571548640728,0.44707191918892764,46.833126381626926
3598,0,normal,0.01194815244525671,0.4546301991577739,46.880125879562684
3599,0,normal,0.006800591479986906,0.44008710457349615,46.48525529811627
3600,0,normal,0.003912399988621473,0.4442102172959466,46.303700474817106
3601,0,normal,0.002395481104031205,0.4316772852626991,46.416347128782945
3602,0,normal,0.0018930919468402863,0.4377540997081317,46.52700310842647
3603,0,normal,0.0019724746234714985,0.4427558341947173,46.684183088946156
3604,0,normal,0.002311405725777149,0.4375660939611816,46.89486667897927
3605,0,normal,0.002709047170355916,0.4347305224231398,47.107946568969055
3606,0,normal,0.003061163704842329,0.431443405360872,47.38169233820622
3607,0,normal,0.0033312547020614147,0.43645565292507305,47.78716120905824
3608,0,normal,0.0035223376471549273,0.42945421305792436,48.1295805626462
3609,0,normal,0.0036538606509566307,0.4672813356944161,49.013535747993956
3610,0,normal,0.0037469123490154743,0.4386794884133399,49.82528101121329
3611,0,normal,0.003808986395597458,0.41918601211464085,22.801926344920275
3612,0,normal,0.0038685468025505543,0.42772078547765346,23.731093811331675
3613,0,normal,0.0039186030626297,0.41645711801293217,24.720731882574
3614,0,normal,0.003954784013330936,0.3991927262655361,-2.140360912713504
3615,0,normal,0.0039937254041433334,0.3926459225778379,-3.4555516362854632
3616,0,normal,0.004028621129691601,0.3866963609476507,-4.64252977982278
3617,0,normal,0.004059983417391777,0.37594061234783543,-6.03768333148264
3618,0,normal,0.004087449051439762,0.38267247986703157,-7.003013041806071
3619,0,normal,0.004108653403818607,0.36092234490654546,-8.20012364563081
3620,0,normal,0.004120899364352226,0.3555459031520749,-9.644857036392295
3621,0,normal,0.0041254544630646706,0.35954273268294024,-8.993353760483615
3622,0,normal,0.0041250381618738174,0.35771976044662446,-10.960190154000202
3623,0,normal,0.0040060305036604404,0.3263033962296664,-39.662437315765374
3624,0,normal,0.004058622755110264,0.3299586058700084,-40.59510611764813
3625,0,normal,0.0040837619453668594,0.32715017041907024,-40.533345638516266
3626,0,normal,0.004116841591894627,0.3096891847509708,-55.40890760946763
3627,0,normal,0.004116841591894627,0.3096891847509708,-55.40890760946763
3628,0,normal,7.44751501083374,0.3243470847605474,-24.826490424591157
3629,0,normal,0.04896416887640953,0.34210708507903437,-24.997925597673884
3630,0,normal,0.5408746004104614,0.3268881500123117,-25.284586343469755
3631,0,normal,1.6049847602844238,0.35822561774273665,-0.27345054139709646
3632,0,normal,0.17567051947116852,0.3612279444692819,0.25389278290822404
3633,0,normal,0.2324112206697464,0.3753750367969496,1.5383614713643965
3634,0,normal,0.2631765604019165,0.37515987021619873,2.860084655726723
3635,0,normal,0.2771281599998474,0.3774803647306848,4.167176486189646
3636,0,normal,0.24832507967948914,0.38927946687622145,5.490942210747562
3637,0,normal,0.21444465219974518,0.3969772627305264,6.819156061209014
3638,0,normal,0.4828777313232422,0.40937236410917816,6.658809525745937
3639,0,normal,0.531518816947937,0.4062326007977509,8.056899740141944
3640,0,normal,2.2425167560577393,0.4270787457396402,33.442490970278186
3641,0,normal,0.20450128614902496,0.43586133057354287,34.629508199313705
3642,0,normal,0.5612286925315857,0.43394410275015005,34.480330729516254
3643,0,normal,2.204817295074463,0.4309675100381251,47.69353272460603
3644,0,normal,0.04452860355377197,0.44888875775124665,47.73241364932278
3645,0,normal,0.013467892073094845,0.45539961135254126,47.79011013920558
3646,0,normal,0.008300700224936008,0.44053094220474814,47.40679154305758
3647,0,normal,0.0051935408264398575,0.4481828865395368,47.23356490247443
3648,0,normal,0.003285682527348399,0.43447374357447144,47.35306593075666
3649,0,normal,0.0024261565413326025,0.4375047531907242,47.47099120556072
3650,0,normal,0.002240452216938138,0.4431554311266072,47.63452985754179
3651,0,normal,0.0024105017073452473,0.44443200836945024,47.846977949765915
3652,0,normal,0.0027184784412384033,0.43699415294769295,48.060129974105166
3653,0,normal,0.0030353867914527655,0.4334415986214051,48.333599817695585
3654,0,normal,0.003300698474049568,0.4392653503576998,48.737618511738674
3655,0,normal,0.003499450860545039,0.43073295356786917,49.07779796410887
3656,0,normal,0.0036405851133167744,0.46744842408482573,49.9581944397828
3657,0,normal,0.0037407667841762304,0.440469097298488,50.76877839278745
3658,0,normal,0.003806881606578827,0.42204979335515563,23.764277281303066
3659,0,normal,0.003867645747959614,0.430735278907811,24.68809944053669
3660,0,normal,0.003917882218956947,0.4162693142466944,25.67379048132375
3661,0,normal,0.003953551407903433,0.40062836124728607,-1.166853343089997
3662,0,normal,0.003992647863924503,0.39726737648434635,-2.485918809900568
3663,0,normal,0.004027936141937971,0.3895166067214941,-3.6653114288067172
3664,0,normal,0.004060003906488419,0.3747570910859143,-5.0442669140022645
3665,0,normal,0.004088474437594414,0.38539210177648187,-5.990732948867617
3666,0,normal,0.004110759124159813,0.36393649376718396,-7.125030867284067
3667,0,normal,0.004123967606574297,0.3575954208555603,-8.491381622002336
3668,0,normal,0.004128976725041866,0.3580699886488516,-7.764881266104567
3669,0,normal,0.004129489418119192,0.3611610043267739,-9.639359488568516
3670,0,normal,0.003999398089945316,0.3305387656213625,-38.223657479460826
3671,0,normal,0.004058622755110264,0.3299586058700084,-40.59510611764813
3672,0,normal,0.0040837619453668594,0.32715017041907024,-40.533345638516266
3673,0,normal,0.004116841591894627,0.3096891847509708,-55.40890760946763
3674,0,normal,0.004116841591894627,0.3096891847509708,-55.40890760946763
3675,0,normal,0.004116841591894627,0.3096891847509708,-55.40890760946763
3676,0,normal,0.004116841591894627,0.3096891847509708,-55.40890760946763
3677,0,normal,0.004116841591894627,0.3096891847509708,-55.40890760946763
3678,0,normal,0.004116841591894627,0.3096891847509708,-55.40890760946763
3679,0,normal,0.004116841591894627,0.3096891847509708,-55.40890760946763
3680,0,normal,0.004116841591894627,0.3096891847509708,-55.40890760946763
3681,0,normal,0.004116841591894627,0.3096891847509708,-55.40890760946763
3682,0,normal,0.004116841591894627,0.3096891847509708,-55.40890760946763
3683,0,normal,0.004116841591894627,0.3096891847509708,-55.40890760946763
3684,0,normal,0.004116841591894627,0.3096891847509708,-55.40890760946763
3685,0,normal,0.004116841591894627,0.3096891847509708,-55.40890760946763
3686,0,normal,0.004116841591894627,0.3096891847509708,-55.40890760946763
3687,0,normal,0.004116841591894627,0.3096891847509708,-55.40890760946763
3688,0,normal,0.004116841591894627,0.3096891847509708,-55.40890760946763
3689,0,normal,0.004116841591894627,0.3096891847509708,-55.40890760946763
3690,0,normal,0.004116841591894627,0.3096891847509708,-55.40890760946763
3691,0,normal,0.004116841591894627,0.3096891847509708,-55.40890760946763
3692,0,normal,0.004116841591894627,0.3096891847509708,-55.40890760946763
3693,0,normal,0.004116841591894627,0.3096891847509708,-55.40890760946763
3694,0,normal,0.004116841591894627,0.3096891847509708,-55.40890760946763
3695,0,normal,0.004116841591894627,0.3096891847509708,-55.40890760946763
3696,0,normal,0.004116841591894627,0.3096891847509708,-55.40890760946763
3697,0,normal,0.004116841591894627,0.3096891847509708,-55.40890760946763
3698,0,normal,0.004116841591894627,0.3096891847509708,-55.40890760946763
3699,0,normal,0.004116841591894627,0.3096891847509708,-55.40890760946763
3700,0,normal,0.004116841591894627,0.3096891847509708,-55.40890760946763
3701,0,normal,0.004116841591894627,0.3096891847509708,-55.40890760946763
3702,0,normal,0.004116841591894627,0.3096891847509708,-55.40890760946763
3703,0,normal,0.004116841591894627,0.3096891847509708,-55.40890760946763
3704,0,normal,0.004116841591894627,0.3096891847509708,-55.40890760946763
3705,0,normal,0.004116841591894627,0.3096891847509708,-55.40890760946763
3706,0,normal,0.004116841591894627,0.3096891847509708,-55.40890760946763
3707,0,normal,0.004116841591894627,0.3096891847509708,-55.40890760946763
3708,0,normal,0.004116841591894627,0.3096891847509708,-55.40890760946763
3709,0,normal,0.004116841591894627,0.3096891847509708,-55.40890760946763
3710,0,normal,0.004116841591894627,0.3096891847509708,-55.40890760946763
3711,0,normal,0.004116841591894627,0.3096891847509708,-55.40890760946763
3712,0,normal,0.004116841591894627,0.3096891847509708,-55.40890760946763
3713,0,normal,0.004116841591894627,0.3096891847509708,-55.40890760946763
3714,0,normal,0.004116841591894627,0.3096891847509708,-55.40890760946763
3715,0,normal,0.004116841591894627,0.3096891847509708,-55.40890760946763
3716,0,normal,0.004116841591894627,0.3096891847509708,-55.40890760946763
3717,0,normal,0.004116841591894627,0.3096891847509708,-55.40890760946763
3718,0,normal,0.004116841591894627,0.3096891847509708,-55.40890760946763
3719,0,normal,0.004116841591894627,0.3096891847509708,-55.40890760946763
3720,0,normal,0.004116841591894627,0.3096891847509708,-55.40890760946763
3721,0,normal,0.004116841591894627,0.3096891847509708,-55.40890760946763
3722,0,normal,0.004116841591894627,0.3096891847509708,-55.40890760946763
3723,0,normal,0.004116841591894627,0.3096891847509708,-55.40890760946763
3724,0,normal,0.004116841591894627,0.3096891847509708,-55.40890760946763
3725,0,normal,0.004116841591894627,0.3096891847509708,-55.40890760946763
3726,0,normal,7.44751501083374,0.3243470847605474,-24.826490424591157
3727,0,normal,0.04896416887640953,0.34210708507903437,-24.997925597673884
3728,0,normal,0.5408746004104614,0.3268881500123117,-25.284586343469755
3729,0,normal,1.6049847602844238,0.35822561774273665,-0.27345054139709646
3730,0,normal,0.5611042976379395,0.35706942530157704,-1.2770238411956143
3731,0,normal,0.2818252444267273,0.37202880599375876,0.05488430781883835
3732,0,normal,0.30392006039619446,0.37448405645564664,1.365362203851646
3733,0,normal,0.32867518067359924,0.37011541583734847,2.711556072109488
3734,0,normal,0.29417091608047485,0.38859747696340824,4.048129437920807
3735,0,normal,0.24020147323608398,0.3914260779216395,5.361381201650374
3736,0,normal,0.2472204566001892,0.40581894549014913,6.698086157332
3737,0,normal,0.5567848682403564,0.40855578866831765,8.038234323770439
3738,0,normal,2.097163677215576,0.4251396702462542,33.419704503703315
3739,0,normal,0.24259215593338013,0.4331264773201873,33.64958307251845
3740,0,normal,2.254121780395508,0.44241370065434066,46.83001642734598
3741,0,normal,0.03736771643161774,0.43938641880976603,46.895199169124
3742,0,normal,0.012752939946949482,0.43212541834107054,46.939670284547674
3743,0,normal,0.01005558017641306,0.45056025991232196,46.56850304547265
3744,0,normal,0.008499640971422195,0.4425508528103589,46.44852395511816
3745,0,normal,0.006898403167724609,0.4557800018288555,46.51642110485909
3746,0,normal,0.005569829605519772,0.4401484029721132,46.654173017962876
3747,0,normal,0.0046006422489881516,0.4381696791610114,46.76314351020687
3748,0,normal,0.003973826300352812,0.43764736747475397,46.916845586992395
3749,0,normal,0.0036298807244747877,0.4315427728686358,47.13806484915585
3750,0,normal,0.0034923339262604713,0.4321840811008814,47.341965164651356
3751,0,normal,0.0034851778764277697,0.4247667537957874,47.599236855186064
3752,0,normal,0.00354580907151103,0.42877824937267567,47.973699145668206
3753,0,normal,0.003631055820733309,0.44503368557636247,48.254326338199235
3754,0,normal,0.0037164229433983564,0.45520829941595053,49.07251646278928
3755,0,normal,0.0037913424894213676,0.43561120392845365,49.753804021745964
3756,0,normal,0.0038444267120212317,0.4064101322333108,22.611534825062336
3757,0,normal,0.003895527683198452,0.42203129388750527,23.39811789099349
3758,0,normal,0.0039380681701004505,0.4217503417343057,24.274700624171828
3759,0,normal,0.003964534029364586,0.3938617850554755,-2.7123851135984296
3760,0,normal,0.003997492138296366,0.40015881885897014,-1.4578576815731594
3761,0,normal,0.0040283361449837685,0.37976116305865176,-2.5339699852897866
3762,0,normal,0.0040570637211203575,0.3732331269814962,-3.7331721671150717
3763,0,normal,0.0040834685787558556,0.384890368334205,-4.446540674843391
3764,0,normal,0.0041061402298510075,0.36516318644982887,-5.592185359174437
3765,0,normal,0.004122532904148102,0.36291807371110846,-6.990005400347627
3766,0,normal,0.004131544381380081,0.3624675938017179,-8.777800585042087
3767,0,normal,0.00413413904607296,0.35456603486654986,-10.823259040708763
3768,0,normal,0.004043907858431339,0.33463341102624644,-39.55360901164272
3769,0,normal,0.0040837619453668594,0.32715017041907024,-40.533345638516266
3770,0,normal,0.004116841591894627,0.3096891847509708,-55.40890760946763
3771,0,normal,0.004116841591894627,0.3096891847509708,-55.40890760946763
3772,0,normal,0.004116841591894627,0.3096891847509708,-55.40890760946763
3773,0,normal,0.004116841591894627,0.3096891847509708,-55.40890760946763
3774,0,normal,0.004116841591894627,0.3096891847509708,-55.40890760946763
3775,0,normal,0.004116841591894627,0.3096891847509708,-55.40890760946763
3776,0,normal,0.004116841591894627,0.3096891847509708,-55.40890760946763
3777,0,normal,0.004116841591894627,0.3096891847509708,-55.40890760946763
3778,0,normal,0.004116841591894627,0.3096891847509708,-55.40890760946763
3779,0,normal,0.004116841591894627,0.3096891847509708,-55.40890760946763
3780,0,normal,0.004116841591894627,0.3096891847509708,-55.40890760946763
3781,0,normal,0.004116841591894627,0.3096891847509708,-55.40890760946763
3782,0,normal,0.004116841591894627,0.3096891847509708,-55.40890760946763
3783,0,normal,0.004116841591894627,0.3096891847509708,-55.40890760946763
3784,0,normal,0.004116841591894627,0.3096891847509708,-55.40890760946763
3785,0,normal,0.004116841591894627,0.3096891847509708,-55.40890760946763
3786,0,normal,0.004116841591894627,0.3096891847509708,-55.40890760946763
3787,0,normal,0.004116841591894627,0.3096891847509708,-55.40890760946763
3788,0,normal,0.004116841591894627,0.3096891847509708,-55.40890760946763
3789,0,normal,0.004116841591894627,0.3096891847509708,-55.40890760946763
3790,0,normal,0.004116841591894627,0.3096891847509708,-55.40890760946763
3791,0,normal,0.004116841591894627,0.3096891847509708,-55.40890760946763
3792,0,normal,0.004116841591894627,0.3096891847509708,-55.40890760946763
3793,0,normal,0.004116841591894627,0.3096891847509708,-55.40890760946763
3794,0,normal,0.004116841591894627,0.3096891847509708,-55.40890760946763
3795,0,normal,0.004116841591894627,0.3096891847509708,-55.40890760946763
3796,0,normal,0.004116841591894627,0.3096891847509708,-55.40890760946763
3797,0,normal,0.004116841591894627,0.3096891847509708,-55.40890760946763
3798,0,normal,0.004116841591894627,0.3096891847509708,-55.40890760946763
3799,0,normal,0.004116841591894627,0.3096891847509708,-55.40890760946763
3800,0,normal,0.004116841591894627,0.3096891847509708,-55.40890760946763
3801,0,normal,0.004116841591894627,0.3096891847509708,-55.40890760946763
3802,0,normal,0.004116841591894627,0.3096891847509708,-55.40890760946763
3803,0,normal,0.004116841591894627,0.3096891847509708,-55.40890760946763
3804,0,normal,0.004116841591894627,0.3096891847509708,-55.40890760946763
3805,0,normal,0.004116841591894627,0.3096891847509708,-55.40890760946763
3806,0,normal,0.004116841591894627,0.3096891847509708,-55.40890760946763
3807,0,normal,0.004116841591894627,0.3096891847509708,-55.40890760946763
3808,0,normal,0.004116841591894627,0.3096891847509708,-55.40890760946763
3809,0,normal,0.004116841591894627,0.3096891847509708,-55.40890760946763
3810,0,normal,0.004116841591894627,0.3096891847509708,-55.40890760946763
3811,0,normal,0.004116841591894627,0.3096891847509708,-55.40890760946763
3812,0,normal,0.004116841591894627,0.3096891847509708,-55.40890760946763
3813,0,normal,0.004116841591894627,0.3096891847509708,-55.40890760946763
3814,0,normal,0.004116841591894627,0.3096891847509708,-55.40890760946763
3815,0,normal,0.004116841591894627,0.3096891847509708,-55.40890760946763
3816,0,normal,0.004116841591894627,0.3096891847509708,-55.40890760946763
3817,0,normal,0.004116841591894627,0.3096891847509708,-55.40890760946763
3818,0,normal,0.004116841591894627,0.3096891847509708,-55.40890760946763
3819,0,normal,0.004116841591894627,0.3096891847509708,-55.40890760946763
3820,0,normal,0.004116841591894627,0.3096891847509708,-55.40890760946763
3821,0,normal,0.004116841591894627,0.3096891847509708,-55.40890760946763
3822,0,normal,0.004116841591894627,0.3096891847509708,-55.40890760946763
3823,0,normal,0.004116841591894627,0.3096891847509708,-55.40890760946763
3824,0,normal,0.004116841591894627,0.3096891847509708,-55.40890760946763
3825,0,normal,0.004116841591894627,0.3096891847509708,-55.40890760946763
3826,0,normal,0.004116841591894627,0.3096891847509708,-55.40890760946763
3827,0,normal,0.004116841591894627,0.3096891847509708,-55.40890760946763
3828,0,normal,0.004116841591894627,0.3096891847509708,-55.40890760946763
3829,0,normal,0.004116841591894627,0.3096891847509708,-55.40890760946763
3830,0,normal,0.004116841591894627,0.3096891847509708,-55.40890760946763
3831,0,normal,0.004116841591894627,0.3096891847509708,-55.40890760946763
3832,0,normal,0.004116841591894627,0.3096891847509708,-55.40890760946763
3833,0,normal,0.004116841591894627,0.3096891847509708,-55.40890760946763
3834,0,normal,7.44751501083374,0.3243470847605474,-24.826490424591157
3835,0,normal,0.04896416887640953,0.34210708507903437,-24.997925597673884
3836,0,normal,0.5408746004104614,0.3268881500123117,-25.284586343469755
3837,0,normal,1.6049847602844238,0.35822561774273665,-0.27345054139709646
3838,0,normal,0.17567051947116852,0.3612279444692819,0.25389278290822404
3839,0,normal,0.6451266407966614,0.37172933124897,0.012279541422913098
3840,0,normal,0.3649750053882599,0.36844477641154155,1.381318243085616
3841,0,normal,0.33632558584213257,0.37523019296744725,2.677141661888072
3842,0,normal,0.30782976746559143,0.38785567917007724,4.039682082993522
3843,0,normal,0.2537926435470581,0.39286715884232454,5.3808363451742025
3844,0,normal,0.3802572190761566,0.40436983964403994,5.200538943598758
3845,0,normal,4.769990921020508,0.43179918706432824,30.713063226898157
3846,0,normal,0.38664236664772034,0.41110345049039004,30.391357857517278
3847,0,normal,0.39763686060905457,0.43851411618165,30.9046364897697
3848,0,normal,2.3358616828918457,0.44246647848163895,44.10820469121359
3849,0,normal,0.053309403359889984,0.4230446183683903,44.18577759180016
3850,0,normal,0.013541472144424915,0.446732574516633,44.208414715010576
3851,0,normal,0.006210133899003267,0.42567207793579886,43.7910106429872
3852,0,normal,0.002835846971720457,0.44577001051785375,43.6344381910676
3853,0,normal,0.0015125523786991835,0.452523502107667,43.6776863840812
3854,0,normal,0.0014018843648955226,0.4288216942938501,43.81969428871821
3855,0,normal,0.0018464172026142478,0.43460473710890585,43.875037218866055
3856,0,normal,0.0024335661437362432,0.4237214998882634,43.98096554413928
3857,0,normal,0.002947567729279399,0.4140366512789492,44.24889277515081
3858,0,normal,0.0033128277864307165,0.4330430316250572,44.43415119484371
3859,0,normal,0.0035379554610699415,0.43712997106743595,44.71678273345742
3860,0,normal,0.00366629334166646,0.4250988946948317,45.11744395256642
3861,0,normal,0.0037424517795443535,0.4403931262678511,45.42847295309366
3862,0,normal,0.0037973588332533836,0.4497865393638865,46.2308491341505
3863,0,normal,0.003846664447337389,0.42288532983855937,46.99182307049614
3864,0,normal,0.0038854251615703106,0.41141064150433393,19.79543811603685
3865,0,normal,0.0039339493960142136,0.4122128078162518,20.573464384495992
3866,0,normal,0.00397698488086462,0.4120171234853695,21.444856819636698
3867,0,normal,0.004001619294285774,0.39340561031023635,-5.626221510170808
3868,0,normal,0.004036516882479191,0.37508676524041246,-6.917381518637512
3869,0,normal,0.004064882639795542,0.38000725880367026,-5.929490148347213
3870,0,normal,0.004091233015060425,0.38652795071412116,-6.9116540047223225
3871,0,normal,0.004111757967621088,0.3631739388847172,-8.102661558751151
3872,0,normal,0.004122869577258825,0.36085507380150517,-9.575408134207237
3873,0,normal,0.0041244314052164555,0.34917162989114636,-11.460086254672888
3874,0,normal,0.004123678430914879,0.35962797463827323,-11.029773404543448
3875,0,normal,0.004007570445537567,0.32603027791959455,-39.72343667256837
3876,0,normal,0.004043907858431339,0.33463341102624644,-39.55360901164272
3877,0,normal,0.0040837619453668594,0.32715017041907024,-40.533345638516266
3878,0,normal,0.004116841591894627,0.3096891847509708,-55.40890760946763
3879,0,normal,0.004116841591894627,0.3096891847509708,-55.40890760946763
3880,0,normal,0.004116841591894627,0.3096891847509708,-55.40890760946763
3881,0,normal,0.004116841591894627,0.3096891847509708,-55.40890760946763
3882,0,normal,0.004116841591894627,0.3096891847509708,-55.40890760946763
3883,0,normal,0.004116841591894627,0.3096891847509708,-55.40890760946763
3884,0,normal,0.004116841591894627,0.3096891847509708,-55.40890760946763
3885,0,normal,0.004116841591894627,0.3096891847509708,-55.40890760946763
3886,0,normal,0.004116841591894627,0.3096891847509708,-55.40890760946763
3887,0,normal,0.004116841591894627,0.3096891847509708,-55.40890760946763
3888,0,normal,0.004116841591894627,0.3096891847509708,-55.40890760946763
3889,0,normal,0.004116841591894627,0.3096891847509708,-55.40890760946763
3890,0,normal,0.004116841591894627,0.3096891847509708,-55.40890760946763
3891,0,normal,0.004116841591894627,0.3096891847509708,-55.40890760946763
3892,0,normal,0.004116841591894627,0.3096891847509708,-55.40890760946763
3893,0,normal,0.004116841591894627,0.3096891847509708,-55.40890760946763
3894,0,normal,0.004116841591894627,0.3096891847509708,-55.40890760946763
3895,0,normal,0.004116841591894627,0.3096891847509708,-55.40890760946763
3896,0,normal,0.004116841591894627,0.3096891847509708,-55.40890760946763
3897,0,normal,0.004116841591894627,0.3096891847509708,-55.40890760946763
3898,0,normal,0.004116841591894627,0.3096891847509708,-55.40890760946763
3899,0,normal,0.004116841591894627,0.3096891847509708,-55.40890760946763
3900,0,normal,0.004116841591894627,0.3096891847509708,-55.40890760946763
3901,0,normal,0.004116841591894627,0.3096891847509708,-55.40890760946763
3902,0,normal,0.004116841591894627,0.3096891847509708,-55.40890760946763
3903,0,normal,0.004116841591894627,0.3096891847509708,-55.40890760946763
3904,0,normal,0.004116841591894627,0.3096891847509708,-55.40890760946763
3905,0,normal,0.004116841591894627,0.3096891847509708,-55.40890760946763
3906,0,normal,0.004116841591894627,0.3096891847509708,-55.40890760946763
3907,0,normal,0.004116841591894627,0.3096891847509708,-55.40890760946763
3908,0,normal,0.004116841591894627,0.3096891847509708,-55.40890760946763
3909,0,normal,0.004116841591894627,0.3096891847509708,-55.40890760946763
3910,0,normal,0.004116841591894627,0.3096891847509708,-55.40890760946763
3911,0,normal,0.004116841591894627,0.3096891847509708,-55.40890760946763
3912,0,normal,0.004116841591894627,0.3096891847509708,-55.40890760946763
3913,0,normal,0.004116841591894627,0.3096891847509708,-55.40890760946763
3914,0,normal,0.004116841591894627,0.3096891847509708,-55.40890760946763
3915,0,normal,0.004116841591894627,0.3096891847509708,-55.40890760946763
3916,0,normal,0.004116841591894627,0.3096891847509708,-55.40890760946763
3917,0,normal,0.004116841591894627,0.3096891847509708,-55.40890760946763
3918,0,normal,0.004116841591894627,0.3096891847509708,-55.40890760946763
3919,0,normal,0.004116841591894627,0.3096891847509708,-55.40890760946763
3920,0,normal,0.004116841591894627,0.3096891847509708,-55.40890760946763
3921,0,normal,0.004116841591894627,0.3096891847509708,-55.40890760946763
3922,0,normal,0.004116841591894627,0.3096891847509708,-55.40890760946763
3923,0,normal,0.004116841591894627,0.3096891847509708,-55.40890760946763
3924,0,normal,0.004116841591894627,0.3096891847509708,-55.40890760946763
3925,0,normal,0.004116841591894627,0.3096891847509708,-55.40890760946763
3926,0,normal,0.004116841591894627,0.3096891847509708,-55.40890760946763
3927,0,normal,0.004116841591894627,0.3096891847509708,-55.40890760946763
3928,0,normal,0.004116841591894627,0.3096891847509708,-55.40890760946763
3929,0,normal,0.004116841591894627,0.3096891847509708,-55.40890760946763
3930,0,normal,0.004116841591894627,0.3096891847509708,-55.40890760946763
3931,0,normal,7.44751501083374,0.3243470847605474,-24.826490424591157
3932,0,normal,0.04896416887640953,0.34210708507903437,-24.997925597673884
3933,0,normal,2.345215320587158,0.3498820157064526,-12.98388830209501
3934,0,normal,2.2989706993103027,0.38260923696027344,10.050101937027875
3935,0,normal,0.20628543198108673,0.3735901043921845,10.644660774064505
3936,0,normal,0.24724668264389038,0.391387362470269,11.884604748621996
3937,0,normal,0.2836669385433197,0.3833927048348715,13.238139200444493
3938,0,normal,0.2965574264526367,0.39091374415749663,14.571057188474697
3939,0,normal,0.459436297416687,0.39942337159254365,14.403668714928926
3940,0,normal,0.3137053847312927,0.4001175074133148,15.76755569412262
3941,0,normal,0.34804898500442505,0.41824671763457966,15.608060839943619
3942,0,normal,0.4414766728878021,0.40976284506923716,17.05237406461879
3943,0,normal,2.943385362625122,0.4348562018398766,42.25609386229735
3944,0,normal,0.22403642535209656,0.4467246903085369,43.404117207935315
3945,0,normal,0.5437703728675842,0.43541469240399217,43.23935547696624
3946,0,normal,2.245694875717163,0.4335783702038724,56.32424599893375
3947,0,normal,0.047618597745895386,0.45412911358309266,56.35165713607512
3948,0,normal,0.014531491324305534,0.4566535588850447,56.396329816337584
3949,0,normal,0.008497927337884903,0.4466172879695259,56.01492260043983
3950,0,normal,0.005011074710637331,0.45637740508068264,55.81501834132996
3951,0,normal,0.003010755404829979,0.4430716104661799,55.91562041371026
3952,0,normal,0.0021922150626778603,0.44644591116186516,56.036589632398545
3953,0,normal,0.00209124106913805,0.44808499148330977,56.20734793766496
3954,0,normal,0.0023428488057106733,0.4535625072232827,56.41701799661291
3955,0,normal,0.002708657644689083,0.4440634894769791,56.69104178971611
3956,0,normal,0.003056144341826439,0.4355498455855883,57.05949332354976
3957,0,normal,0.0033308076672255993,0.45316795321743025,57.479336712011445
3958,0,normal,0.0035267083439975977,0.4427671375368426,58.0684152701981
3959,0,normal,0.003660468151792884,0.4776125257118074,59.04408551434085
3960,0,normal,0.0037534029688686132,0.44236232065711045,59.92608884215724
3961,0,normal,0.003812120296061039,0.43583753851485457,33.1463627370174
3962,0,normal,0.0038704934995621443,0.43586409740135684,33.99484277546526
3963,0,normal,0.003919066861271858,0.4095416853616342,21.749800549773454
3964,0,normal,0.003956278786063194,0.3965895206472091,-2.951722959055587
3965,0,normal,0.003995710518211126,0.39484785567619507,-4.4181866279427595
3966,0,normal,0.004031699616461992,0.38532159899815044,-5.741184984000938
3967,0,normal,0.004064766224473715,0.3694495795292017,-7.284568519963841
3968,0,normal,0.004093470051884651,0.37997100110597365,-8.375618427385461
3969,0,normal,0.004110759124159813,0.36393649376718396,-7.125030867284067
3970,0,normal,0.004123967606574297,0.3575954208555603,-8.491381622002336
3971,0,normal,0.004128976725041866,0.3580699886488516,-7.764881266104567
3972,0,normal,0.004129489418119192,0.3611610043267739,-9.639359488568516
3973,0,normal,0.003999398089945316,0.3305387656213625,-38.223657479460826
3974,0,normal,0.004058622755110264,0.3299586058700084,-40.59510611764813
3975,0,normal,0.0040837619453668594,0.32715017041907024,-40.533345638516266
3976,0,normal,0.004116841591894627,0.3096891847509708,-55.40890760946763
3977,0,normal,0.004116841591894627,0.3096891847509708,-55.40890760946763
3978,0,normal,0.004116841591894627,0.3096891847509708,-55.40890760946763
3979,0,normal,7.44751501083374,0.3243470847605474,-24.826490424591157
3980,0,normal,0.04896416887640953,0.34210708507903437,-24.997925597673884
3981,0,normal,0.5408746004104614,0.3268881500123117,-25.284586343469755
3982,0,normal,1.6049847602844238,0.35822561774273665,-0.27345054139709646
3983,0,normal,0.17567051947116852,0.3612279444692819,0.25389278290822404
3984,0,normal,0.2324112206697464,0.3753750367969496,1.5383614713643965
3985,0,normal,0.2631765604019165,0.37515987021619873,2.860084655726723
3986,0,normal,0.2771281599998474,0.3774803647306848,4.167176486189646
3987,0,normal,0.24832507967948914,0.38927946687622145,5.490942210747562
3988,0,normal,0.21444465219974518,0.3969772627305264,6.819156061209014
3989,0,normal,0.24913769960403442,0.41356138528176073,8.168167201029974
3990,0,normal,0.5917154550552368,0.41112070450431387,9.519722358176068
3991,0,normal,2.014023780822754,0.4276538305690519,34.880455229915924
3992,0,normal,0.19363471865653992,0.4387235563041674,36.03081274234978
3993,0,normal,0.5674630403518677,0.43923544781474955,35.87529214966162
3994,0,normal,2.1884965896606445,0.4380351047077067,49.08553277675492
3995,0,normal,0.04212171584367752,0.450561679253004,49.14044584232488
3996,0,normal,0.012495631352066994,0.457003212237404,49.21160429602719
3997,0,normal,0.007962376810610294,0.43935827517450715,48.84276337306528
3998,0,normal,0.005164986941963434,0.4472386433004839,48.68318754659276
3999,0,normal,0.003371300408616662,0.4465821999639229,48.807893614162595
4000,0,normal,0.002527226461097598,0.4389564357693912,48.92679157664452
4001,0,normal,0.002316198544576764,0.44794487228079466,49.09193316605638
4002,0,normal,0.0024513383395969868,0.44605209877678526,49.30313299926047
4003,0,normal,0.002730288542807102,0.43754124185374155,49.51312847890972
4004,0,normal,0.0030293939635157585,0.43552220093217764,49.781445061932345
4005,0,normal,0.0032872799783945084,0.4425187469348908,50.185031352012174
4006,0,normal,0.0034854284022003412,0.43448985645327864,50.516478515224435
4007,0,normal,0.003629096318036318,0.4696529674538841,51.38762123149786
4008,0,normal,0.003732389770448208,0.4410609421771425,52.190379845823145
4009,0,normal,0.0038023879751563072,0.4225234242170898,25.2315995775557
4010,0,normal,0.0038638433907181025,0.433224198625018,26.15542261304131
4011,0,normal,0.003914431668817997,0.423373029836371,27.169255322556637
4012,0,normal,0.003948153927922249,0.40057577791596094,0.4236621737013593
4013,0,normal,0.003987339790910482,0.4016239830302319,-0.8265777930068907
4014,0,normal,0.00402270071208477,0.3906589763292708,-1.8786383531669344
4015,0,normal,0.004054599441587925,0.38035695126708025,-3.1086304452849163
4016,0,normal,0.004082717001438141,0.38858434505717554,-3.9091647775308047
4017,0,normal,0.004105777479708195,0.3682015097767124,-4.876393983087837
4018,0,normal,0.0041214642114937305,0.3641939200572124,-6.098089311175727
4019,0,normal,0.004128976725041866,0.3580699886488516,-7.764881266104567
4020,0,normal,0.004129489418119192,0.3611610043267739,-9.639359488568516
4021,0,normal,0.003999398089945316,0.3305387656213625,-38.223657479460826
4022,0,normal,0.004058622755110264,0.3299586058700084,-40.59510611764813
4023,0,normal,0.0040837619453668594,0.32715017041907024,-40.533345638516266
4024,0,normal,0.004116841591894627,0.3096891847509708,-55.40890760946763
4025,0,normal,0.004116841591894627,0.3096891847509708,-55.40890760946763
4026,0,normal,0.004116841591894627,0.3096891847509708,-55.40890760946763
4027,0,normal,0.004116841591894627,0.3096891847509708,-55.40890760946763
4028,0,normal,7.44751501083374,0.3243470847605474,-24.826490424591157
4029,0,normal,0.04896416887640953,0.34210708507903437,-24.997925597673884
4030,0,normal,0.5408746004104614,0.3268881500123117,-25.284586343469755
4031,0,normal,2.56185245513916,0.32587843004063705,-26.6487208404144
4032,0,normal,0.7207207083702087,0.3693597405815156,-0.9995802382559305
4033,0,normal,12.25584888458252,0.39053538573103597,47.41593361784271
4034,0,normal,0.5016367435455322,0.395705772541118,47.13141996561103
4035,0,normal,0.30969783663749695,0.38985156266093907,48.43091130033622
4036,0,normal,0.2587023675441742,0.38698777259109085,49.507250267268546
4037,0,normal,0.4080345034599304,0.4069144370215798,49.27606360792811
4038,0,normal,0.37132835388183594,0.4150254990324332,50.629738627203324
4039,0,normal,4.916353225708008,0.461099724057028,75.07999397175831
4040,0,normal,0.23080450296401978,0.43932414766455763,75.34126468239515
4041,0,normal,0.5167955160140991,0.4420272208277888,75.31903709847279
4042,0,normal,2.358168363571167,0.43916449473821634,88.05070947022978
4043,0,normal,0.05208595097064972,0.4566106429389487,88.0424114619484
4044,0,normal,0.013766178861260414,0.44891172984951894,88.10970863266743
4045,0,normal,0.006313210353255272,0.42724670026483136,87.66651901422892
4046,0,normal,0.00283299433067441,0.45838207896190597,87.45939302702527
4047,0,normal,0.0014933482743799686,0.4469987552907798,87.51180847039996
4048,0,normal,0.001409980934113264,0.45429682855930476,87.69623185772457
4049,0,normal,0.0018949498189613223,0.44640387969781903,87.7507322157146
4050,0,normal,0.002514687366783619,0.43622684162810293,87.79868962138517
4051,0,normal,0.003043391276150942,0.43258712383888537,88.04587703954553
4052,0,normal,0.0034050061367452145,0.4396552624103433,88.21108495935141
4053,0,normal,0.0036136959679424763,0.45496974152075664,88.39509925990842
4054,0,normal,0.0037202010862529278,0.45403457380094225,88.70659925503696
4055,0,normal,0.0037753309588879347,0.44156070423389826,89.15578342195818
4056,0,normal,0.003813698887825012,0.44282623301680335,89.60615459903374
4057,0,normal,0.0038521476089954376,0.4553739619186445,90.4221177577549
4058,0,normal,0.003889271756634116,0.4315497032299787,64.42072850628915
4059,0,normal,0.003935317043215036,0.41415735013438315,65.2736352575248
4060,0,normal,0.003978682681918144,0.41422007678112155,66.06016386398437
4061,0,normal,0.004016953054815531,0.42989616014336895,66.93636341594697
4062,0,normal,0.0040323808789253235,0.39642765265569213,41.03730477273666
4063,0,normal,0.004063896369189024,0.36943910333932733,-8.41853071725177
4064,0,normal,0.004087449051439762,0.38267247986703157,-7.003013041806071
4065,0,normal,0.004108653403818607,0.36092234490654546,-8.20012364563081
4066,0,normal,0.004120899364352226,0.3555459031520749,-9.644857036392295
4067,0,normal,0.0041254544630646706,0.35954273268294024,-8.993353760483615
4068,0,normal,0.0041250381618738174,0.35771976044662446,-10.960190154000202
4069,0,normal,0.0040060305036604404,0.3263033962296664,-39.662437315765374
4070,0,normal,0.004058622755110264,0.3299586058700084,-40.59510611764813
4071,0,normal,0.0040837619453668594,0.32715017041907024,-40.533345638516266
4072,0,normal,0.004116841591894627,0.3096891847509708,-55.40890760946763
4073,0,normal,0.004116841591894627,0.3096891847509708,-55.40890760946763
4074,0,normal,0.004116841591894627,0.3096891847509708,-55.40890760946763
4075,0,normal,0.004116841591894627,0.3096891847509708,-55.40890760946763
4076,0,normal,0.004116841591894627,0.3096891847509708,-55.40890760946763
4077,0,normal,7.44751501083374,0.3243470847605474,-24.826490424591157
4078,0,normal,0.04896416887640953,0.34210708507903437,-24.997925597673884
4079,0,normal,0.5408746004104614,0.3268881500123117,-25.284586343469755
4080,0,normal,1.6049847602844238,0.35822561774273665,-0.27345054139709646
4081,0,normal,0.17567051947116852,0.3612279444692819,0.25389278290822404
4082,0,normal,0.2324112206697464,0.3753750367969496,1.5383614713643965
4083,0,normal,0.2631765604019165,0.37515987021619873,2.860084655726723
4084,0,normal,0.2771281599998474,0.3774803647306848,4.167176486189646
4085,0,normal,0.24832507967948914,0.38927946687622145,5.490942210747562
4086,0,normal,0.21444465219974518,0.3969772627305264,6.819156061209014
4087,0,normal,0.24913769960403442,0.41356138528176073,8.168167201029974
4088,0,normal,0.591715395450592,0.41112070450431387,9.519722358176068
4089,0,normal,2.014024019241333,0.4276538305690519,34.880455229915924
4090,0,normal,0.19363471865653992,0.4387235563041674,36.03081274234978
4091,0,normal,83.49554443359375,0.4469981384529101,317.36148280089503
4092,0,normal,1.9702763557434082,0.4477036025532614,323.0151834628656
4093,0,normal,0.02290179580450058,0.4545419474794901,323.0345577947593
4094,0,normal,0.013469157740473747,0.46520268249368546,322.9604679304383
4095,0,normal,0.009136959910392761,0.4530457867699363,322.7674144366233
4096,0,normal,0.006144506391137838,0.4523930616236953,322.72234938680697
4097,0,normal,0.004396954085677862,0.45063654481448295,322.830552100727
4098,0,normal,0.0035047170240432024,0.4531645436408878,322.9171673901976
4099,0,normal,0.00314967124722898,0.4486668600370144,323.0450937860943
4100,0,normal,0.003088739700615406,0.4524636990845776,323.20921093436846
4101,0,normal,0.0031647500582039356,0.4390017258737025,323.3678475096965
4102,0,normal,0.0032897356431931257,0.43575778404843796,323.5501577559951
4103,0,normal,0.0034205338452011347,0.44311235093067913,323.84456643011333
4104,0,normal,0.003539090044796467,0.4455149527109225,324.0839343984894
4105,0,normal,0.003639952279627323,0.4827832191887187,324.73357775907357
4106,0,normal,0.003723310073837638,0.44207403093259184,325.33017707112015
4107,0,normal,0.003792012808844447,0.4224364602360658,305.1960035666025
4108,0,normal,0.003846868872642517,0.4440738179514374,305.86452342400025
4109,0,normal,0.0038919812068343163,0.4314032999381093,306.6121368040946
4110,0,normal,0.003927862737327814,0.40843326295116433,286.6215489796126
4111,0,normal,0.003959266934543848,0.4092892156524167,285.72087270542033
4112,0,normal,0.00398849043995142,0.39026993776493474,284.9227714971929
4113,0,normal,0.004016174003481865,0.3855415477599074,284.02936126373856
4114,0,normal,0.004041943233460188,0.3934833659727511,283.49389625916604
4115,0,normal,0.004064715001732111,0.37426436612787056,282.7362166285527
4116,0,normal,0.004083159379661083,0.37214802883255815,281.87997574552855
4117,0,normal,0.004096059128642082,0.3604770485153234,280.6509324931144
4118,0,normal,0.004103751853108406,0.36462988570502275,279.27341791330446
4119,0,normal,0.00408952496945858,0.33973575430310476,257.93140541800994
4120,0,normal,0.004092049319297075,0.3387220136171014,256.15454104456626
4121,0,normal,0.004091324750334024,0.32236526858684955,-46.53047152461568
4122,0,normal,0.004116841591894627,0.3096891847509708,-55.40890760946763
4123,0,normal,0.004116841591894627,0.3096891847509708,-55.40890760946763
4124,0,normal,0.004116841591894627,0.3096891847509708,-55.40890760946763
4125,0,normal,0.004116841591894627,0.3096891847509708,-55.40890760946763
4126,0,normal,0.004116841591894627,0.3096891847509708,-55.40890760946763
4127,0,normal,0.004116841591894627,0.3096891847509708,-55.40890760946763
4128,0,normal,0.004116841591894627,0.3096891847509708,-55.40890760946763
4129,0,normal,0.004116841591894627,0.3096891847509708,-55.40890760946763
4130,0,normal,0.004116841591894627,0.3096891847509708,-55.40890760946763
4131,0,normal,0.004116841591894627,0.3096891847509708,-55.40890760946763
4132,0,normal,0.004116841591894627,0.3096891847509708,-55.40890760946763
4133,0,normal,0.004116841591894627,0.3096891847509708,-55.40890760946763
4134,0,normal,0.004116841591894627,0.3096891847509708,-55.40890760946763
4135,0,normal,0.004116841591894627,0.3096891847509708,-55.40890760946763
4136,0,normal,0.004116841591894627,0.3096891847509708,-55.40890760946763
4137,0,normal,0.004116841591894627,0.3096891847509708,-55.40890760946763
4138,0,normal,0.004116841591894627,0.3096891847509708,-55.40890760946763
4139,0,normal,0.004116841591894627,0.3096891847509708,-55.40890760946763
4140,0,normal,0.004116841591894627,0.3096891847509708,-55.40890760946763
4141,0,normal,0.004116841591894627,0.3096891847509708,-55.40890760946763
4142,0,normal,0.004116841591894627,0.3096891847509708,-55.40890760946763
4143,0,normal,0.004116841591894627,0.3096891847509708,-55.40890760946763
4144,0,normal,0.004116841591894627,0.3096891847509708,-55.40890760946763
4145,0,normal,0.004116841591894627,0.3096891847509708,-55.40890760946763
4146,0,normal,0.004116841591894627,0.3096891847509708,-55.40890760946763
4147,0,normal,0.004116841591894627,0.3096891847509708,-55.40890760946763
4148,0,normal,0.004116841591894627,0.3096891847509708,-55.40890760946763
4149,0,normal,0.004116841591894627,0.3096891847509708,-55.40890760946763
4150,0,normal,0.004116841591894627,0.3096891847509708,-55.40890760946763
4151,0,normal,0.004116841591894627,0.3096891847509708,-55.40890760946763
4152,0,normal,0.004116841591894627,0.3096891847509708,-55.40890760946763
4153,0,normal,0.004116841591894627,0.3096891847509708,-55.40890760946763
4154,0,normal,0.004116841591894627,0.3096891847509708,-55.40890760946763
4155,0,normal,0.004116841591894627,0.3096891847509708,-55.40890760946763
4156,0,normal,0.004116841591894627,0.3096891847509708,-55.40890760946763
4157,0,normal,0.004116841591894627,0.3096891847509708,-55.40890760946763
4158,0,normal,0.004116841591894627,0.3096891847509708,-55.40890760946763
4159,0,normal,0.004116841591894627,0.3096891847509708,-55.40890760946763
4160,0,normal,0.004116841591894627,0.3096891847509708,-55.40890760946763
4161,0,normal,0.004116841591894627,0.3096891847509708,-55.40890760946763
4162,0,normal,0.004116841126233339,0.3096891847509708,-55.40890760946763
4163,0,normal,0.004116841591894627,0.3096891847509708,-55.40890760946763
4164,0,normal,0.004116841591894627,0.3096891847509708,-55.40890760946763
4165,0,normal,0.004116841591894627,0.3096891847509708,-55.40890760946763
4166,0,normal,0.004116841591894627,0.3096891847509708,-55.40890760946763
4167,0,normal,0.004116841591894627,0.3096891847509708,-55.40890760946763
4168,0,normal,0.004116841591894627,0.3096891847509708,-55.40890760946763
4169,0,normal,0.004116841591894627,0.3096891847509708,-55.40890760946763
4170,0,normal,0.004116841591894627,0.3096891847509708,-55.40890760946763
4171,0,normal,0.004116841591894627,0.3096891847509708,-55.40890760946763
4172,0,normal,0.004116841591894627,0.3096891847509708,-55.40890760946763
4173,0,normal,0.004116841591894627,0.3096891847509708,-55.40890760946763
4174,0,normal,7.44751501083374,0.3243470847605474,-24.826490424591157
4175,0,normal,0.04896416887640953,0.34210708507903437,-24.997925597673884
4176,0,normal,0.5408746004104614,0.3268881500123117,-25.284586343469755
4177,0,normal,1.8915928602218628,0.3542806743785081,-1.8102560307258955
4178,0,normal,0.20344100892543793,0.35561292924824783,-1.234451128486171
4179,0,normal,0.234665185213089,0.3722815293623226,0.038843952100933166
4180,0,normal,0.2576259672641754,0.37132384835988225,1.3999214732639302
4181,0,normal,0.27128514647483826,0.37441557884700044,2.719958234000387
4182,0,normal,0.2441587746143341,0.38170591450726554,4.028555117689621
4183,0,normal,0.2116342931985855,0.38732819411229347,5.344408412589246
4184,0,normal,0.24451234936714172,0.40960630759661376,6.682122964770542
4185,0,normal,4.073559284210205,0.4419377844754127,32.10776113827137
4186,0,normal,0.243662491440773,0.4200212519782776,33.27501146629379
4187,0,normal,0.5442287921905518,0.4370714365934526,33.15265962445369
4188,0,normal,2.238286018371582,0.44107425226208946,46.356511754254825
4189,0,normal,0.05062035471200943,0.43408691021522733,46.4220744096574
4190,0,normal,0.014811543747782707,0.4458954259413746,46.49813753681474
4191,0,normal,0.008403883315622807,0.4374222826585847,46.13712514323811
4192,0,normal,0.0048929015174508095,0.44629947000695214,46.00614528052938
4193,0,normal,0.0029135444201529026,0.4458208705063346,46.0647335114777
4194,0,normal,0.0021251810248941183,0.43399370432792034,46.221544467790864
4195,0,normal,0.0020506407599896193,0.43542636698235676,46.29335492696555
4196,0,normal,0.002320757834240794,0.4374872473510413,46.396466818026056
4197,0,normal,0.0026972563937306404,0.413554030467195,46.648655437773186
4198,0,normal,0.0030497051775455475,0.42925584817167795,46.82401774494929
4199,0,normal,0.0033261652570217848,0.4428207967901893,47.075452612237086
4200,0,normal,0.0035227802582085133,0.4261512437998384,47.42614335387452
4201,0,normal,0.003657405497506261,0.4360745606650814,47.69451330592324
4202,0,normal,0.0037517743185162544,0.4600477766358658,48.42371877034975
4203,0,normal,0.0038228812627494335,0.4290035907932487,49.09492884479596
4204,0,normal,0.00387054355815053,0.4144471207802357,21.94384817144578
4205,0,normal,0.003920934163033962,0.41620421311817524,22.7033200259541
4206,0,normal,0.003963848575949669,0.4194100421623383,23.613576998345025
4207,0,normal,7.449188232421875,0.4178142522195294,28.38315069309533
4208,0,normal,0.048782672733068466,0.42035426672506604,27.20054267610135
4209,0,normal,0.5427872538566589,0.40114581056399107,25.733694445877063
4210,0,normal,1.6024091243743896,0.43228517307826564,48.97406175036235
4211,0,normal,0.17560964822769165,0.42467970623193213,48.57343023267617
4212,0,normal,0.23249109089374542,0.42322289440842537,48.63558589123818
4213,0,normal,0.26348286867141724,0.41824083954366276,48.30870112363141
4214,0,normal,0.27755430340766907,0.4315746074356021,47.76791154486068
4215,0,normal,0.25275012850761414,0.40335557898415575,21.869110173685613
4216,0,normal,0.21591299772262573,0.4136489930752586,20.904194122757872
4217,0,normal,0.2501165568828583,0.4239474783909458,22.289686587876304
4218,0,normal,2.9162588119506836,0.42572065018875416,21.87320339526491
4219,0,normal,2.7278225421905518,0.41534846004304826,33.487908645053494
4220,0,normal,0.47870689630508423,0.43340997760330585,33.20280057525383
4221,0,normal,2.1876766681671143,0.44199522325498164,46.440201703269395
4222,0,normal,0.05052759870886803,0.4404710890983495,46.51366157361508
4223,0,normal,0.01998981460928917,0.44547204509638244,46.578512978586105
4224,0,normal,0.015810199081897736,0.4385351055498814,46.18775796413888
4225,0,normal,0.012235820293426514,0.4445133822125248,46.05844756625379
4226,0,normal,0.008981003426015377,0.4479711642187731,46.09091300819682
4227,0,normal,0.006552475038915873,0.434126125687587,46.22495819469168
4228,0,normal,0.0049413759261369705,0.4405710873825443,46.29758041233049
4229,0,normal,0.003989620134234428,0.44280519645256744,46.413853735640714
4230,0,normal,0.0035154575016349554,0.4151799116230938,46.65927816998169
4231,0,normal,0.003352126805111766,0.43321289669739915,46.85132848722583
4232,0,normal,0.0033642537891864777,0.4300829213571091,47.114856977407726
4233,0,normal,0.003455616068094969,0.4313760680323086,47.520648615218306
4234,0,normal,0.0035679717548191547,0.44898181676669474,47.84978821156233
4235,0,normal,0.0036728600971400738,0.44825323847680176,48.719413104439354
4236,0,normal,0.003760810475796461,0.4278251263069997,49.53100219670614
4237,0,normal,0.0038250116631388664,0.4217946862375532,22.525660741186584
4238,0,normal,0.0038827243261039257,0.42341733002281984,23.438570727338174
4239,0,normal,0.003930710256099701,0.41530910422261846,24.474288276519474
4240,0,normal,0.003959421534091234,0.40518633340954086,-2.366196846858884
4241,0,normal,0.003998014610260725,0.38968775888266266,-3.513740979376962
4242,0,normal,0.004033078905194998,0.3787613787604395,-4.733822054273787
4243,0,normal,0.00406422046944499,0.38095608436836387,-5.885299254136271
4244,0,normal,0.004090250004082918,0.3699275777384147,-6.888370060941725
4245,0,normal,0.004109347704797983,0.3608835195713542,-8.258359646461713
4246,0,normal,0.004119947552680969,0.351746658839102,-10.013637798961554
4247,0,normal,0.004123118706047535,0.35587594170221126,-12.020661155959715
4248,0,normal,0.004094742704182863,0.33833570174863253,-26.89514342525058
4249,0,normal,0.004058622755110264,0.3299586058700084,-40.59510611764813
4250,0,normal,0.0040837619453668594,0.32715017041907024,-40.533345638516266
4251,0,normal,0.004116841591894627,0.3096891847509708,-55.40890760946763
4252,0,normal,0.004116841591894627,0.3096891847509708,-55.40890760946763
4253,0,normal,0.004116841591894627,0.3096891847509708,-55.40890760946763
4254,0,normal,0.004116841591894627,0.3096891847509708,-55.40890760946763
4255,0,normal,0.004116841591894627,0.3096891847509708,-55.40890760946763
4256,0,normal,0.004116841591894627,0.3096891847509708,-55.40890760946763
4257,0,normal,0.004116841591894627,0.3096891847509708,-55.40890760946763
4258,0,normal,0.004116841591894627,0.3096891847509708,-55.40890760946763
4259,0,normal,0.004116841591894627,0.3096891847509708,-55.40890760946763
4260,0,normal,0.004116841591894627,0.3096891847509708,-55.40890760946763
4261,0,normal,0.004116841591894627,0.3096891847509708,-55.40890760946763
4262,0,normal,0.004116841591894627,0.3096891847509708,-55.40890760946763
4263,0,normal,0.004116841591894627,0.3096891847509708,-55.40890760946763
4264,0,normal,0.004116841591894627,0.3096891847509708,-55.40890760946763
4265,0,normal,0.004116841591894627,0.3096891847509708,-55.40890760946763
4266,0,normal,0.004116841591894627,0.3096891847509708,-55.40890760946763
4267,0,normal,0.004116841591894627,0.3096891847509708,-55.40890760946763
4268,0,normal,0.004116841591894627,0.3096891847509708,-55.40890760946763
4269,0,normal,0.004116841591894627,0.3096891847509708,-55.40890760946763
4270,0,normal,0.004116841591894627,0.3096891847509708,-55.40890760946763
4271,0,normal,0.004116841591894627,0.3096891847509708,-55.40890760946763
4272,0,normal,0.004116841591894627,0.3096891847509708,-55.40890760946763
4273,0,normal,0.004116841591894627,0.3096891847509708,-55.40890760946763
4274,0,normal,0.004116841591894627,0.3096891847509708,-55.40890760946763
4275,0,normal,0.004116841591894627,0.3096891847509708,-55.40890760946763
4276,0,normal,0.004116841591894627,0.3096891847509708,-55.40890760946763
4277,0,normal,0.004116841591894627,0.3096891847509708,-55.40890760946763
4278,0,normal,0.004116841591894627,0.3096891847509708,-55.40890760946763
4279,0,normal,0.004116841591894627,0.3096891847509708,-55.40890760946763
4280,0,normal,0.004116841591894627,0.3096891847509708,-55.40890760946763
4281,0,normal,0.004116841591894627,0.3096891847509708,-55.40890760946763
4282,0,normal,0.004116841591894627,0.3096891847509708,-55.40890760946763
4283,0,normal,0.004116841591894627,0.3096891847509708,-55.40890760946763
4284,0,normal,0.004116841591894627,0.3096891847509708,-55.40890760946763
4285,0,normal,0.004116841591894627,0.3096891847509708,-55.40890760946763
4286,0,normal,0.004116841591894627,0.3096891847509708,-55.40890760946763
4287,0,normal,0.004116841591894627,0.3096891847509708,-55.40890760946763
4288,0,normal,0.004116841591894627,0.3096891847509708,-55.40890760946763
4289,0,normal,0.004116841591894627,0.3096891847509708,-55.40890760946763
4290,0,normal,0.004116841591894627,0.3096891847509708,-55.40890760946763
4291,0,normal,0.004116841591894627,0.3096891847509708,-55.40890760946763
4292,0,normal,0.004116841591894627,0.3096891847509708,-55.40890760946763
4293,0,normal,0.004116841591894627,0.3096891847509708,-55.40890760946763
4294,0,normal,0.004116841591894627,0.3096891847509708,-55.40890760946763
4295,0,normal,0.004116841591894627,0.3096891847509708,-55.40890760946763
4296,0,normal,0.004116841591894627,0.3096891847509708,-55.40890760946763
4297,0,normal,0.004116841591894627,0.3096891847509708,-55.40890760946763
4298,0,normal,0.004116841591894627,0.3096891847509708,-55.40890760946763
4299,0,normal,0.004116841591894627,0.3096891847509708,-55.40890760946763
4300,0,normal,0.004116841591894627,0.3096891847509708,-55.40890760946763
4301,0,normal,0.004116841591894627,0.3096891847509708,-55.40890760946763
4302,0,normal,0.004116841591894627,0.3096891847509708,-55.40890760946763
4303,0,normal,0.004116841591894627,0.3096891847509708,-55.40890760946763
4304,0,normal,0.004116841591894627,0.3096891847509708,-55.40890760946763
4305,0,normal,7.44751501083374,0.3243470847605474,-24.826490424591157
4306,0,normal,0.04896416887640953,0.34210708507903437,-24.997925597673884
4307,0,normal,0.5408746004104614,0.3268881500123117,-25.284586343469755
4308,0,normal,2.2752444744110107,0.3307940450144778,-25.06248108425757
4309,0,normal,1.4748930931091309,0.3740417036366507,-1.0311319878967424
4310,0,normal,0.20427896082401276,0.3616471005041586,0.0790114512431046
4311,0,normal,0.22924892604351044,0.38312326159634974,1.3806526146477154
4312,0,normal,0.650291919708252,0.3728420993184993,1.194606392019523
4313,0,normal,169.96487426757812,0.40594926923277885,522.277514297736
4314,0,normal,173.89300537109375,0.45831032121392445,807.0959684229119
4315,0,normal,0.5893401503562927,0.45992416346060333,807.4570284987847
4316,0,normal,1.1076716184616089,0.4606738055630108,807.5441088982958
4317,0,normal,1.4606810808181763,0.4404849045180446,807.4398683266007
4318,0,normal,4.3445611000061035,0.46598295468140705,812.794046331876
4319,0,normal,0.41476091742515564,0.48728602367198287,812.7994566904624
4320,0,normal,0.4613734781742096,0.4736311122856417,812.8108304660055
4321,0,normal,0.4981447458267212,0.45536014389810764,813.0882298287361
4322,0,normal,0.43930327892303467,0.46328410448281787,813.362873510373
4323,0,normal,0.3403362035751343,0.4638415575589867,813.3985541367479
4324,0,normal,0.23137420415878296,0.4632998772849026,813.4155134771073
4325,0,normal,0.13746774196624756,0.4645142269577693,813.4264830274255
4326,0,normal,0.07180049270391464,0.4390811605940808,813.398136067201
4327,0,normal,0.033839866518974304,0.46633907921477363,813.415308025124
4328,0,normal,0.01530124619603157,0.4480667458602096,813.4937210798174
4329,0,normal,0.007550234440714121,0.4633223047826208,813.5450196523997
4330,0,normal,0.0048272875137627125,0.4326780373787715,813.593829805096
4331,0,normal,0.004099010024219751,0.46420794142174143,813.6663144586106
4332,0,normal,0.004008822608739138,0.45347046451543527,813.7714944231291
4333,0,normal,0.00404238561168313,0.4711498286010785,813.8899780873928
4334,0,normal,0.004051635041832924,0.47652849660864255,814.1592070446007
4335,0,normal,0.004020334221422672,0.43558369682408593,806.1964432935699
4336,0,normal,0.00397156598046422,0.4277716312652254,806.5503180530181
4337,0,normal,0.003926532343029976,0.425615479615657,806.8554081779756
4338,0,normal,0.0038964508567005396,0.43764942718303135,806.5102329646008
4339,0,normal,0.003854291280731559,0.4220622053260759,799.4615756276213
4340,0,normal,0.0038760872557759285,0.39113955989223237,799.1399828897315
4341,0,normal,0.003906900063157082,0.39176163802462866,798.7961045107127
4342,0,normal,0.003924822434782982,0.3934450221574829,799.0326631445664
4343,0,normal,0.003956753760576248,0.37808963665037326,513.7788744724935
4344,0,normal,0.003899004776030779,0.34329309896153387,-31.846242874134305
4345,0,normal,0.003956099972128868,0.3288643559957295,-34.06930223117979
4346,0,normal,0.004021430388092995,0.3322250390969975,-34.98821156665099
4347,0,normal,0.0040619950741529465,0.33023635373086935,-34.92430522338532
4348,0,normal,0.004116841591894627,0.3096891847509708,-55.40890760946763
4349,0,normal,0.004116841591894627,0.3096891847509708,-55.40890760946763
4350,0,normal,0.004116841591894627,0.3096891847509708,-55.40890760946763
4351,0,normal,0.004116841591894627,0.3096891847509708,-55.40890760946763
4352,0,normal,0.004116841591894627,0.3096891847509708,-55.40890760946763
4353,0,normal,0.004116841591894627,0.3096891847509708,-55.40890760946763
4354,0,normal,0.004116841591894627,0.3096891847509708,-55.40890760946763
4355,0,normal,0.004116841591894627,0.3096891847509708,-55.40890760946763
4356,0,normal,0.004116841591894627,0.3096891847509708,-55.40890760946763
4357,0,normal,0.004116841591894627,0.3096891847509708,-55.40890760946763
4358,0,normal,0.004116841591894627,0.3096891847509708,-55.40890760946763
4359,0,normal,0.004116841591894627,0.3096891847509708,-55.40890760946763
4360,0,normal,0.004116841591894627,0.3096891847509708,-55.40890760946763
4361,0,normal,0.004116841591894627,0.3096891847509708,-55.40890760946763
4362,0,normal,0.004116841591894627,0.3096891847509708,-55.40890760946763
4363,0,normal,0.004116841591894627,0.3096891847509708,-55.40890760946763
4364,0,normal,0.004116841591894627,0.3096891847509708,-55.40890760946763
4365,0,normal,0.004116841591894627,0.3096891847509708,-55.40890760946763
4366,0,normal,0.004116841591894627,0.3096891847509708,-55.40890760946763
4367,0,normal,0.004116841591894627,0.3096891847509708,-55.40890760946763
4368,0,normal,0.004116841591894627,0.3096891847509708,-55.40890760946763
4369,0,normal,0.004116841591894627,0.3096891847509708,-55.40890760946763
4370,0,normal,0.004116841591894627,0.3096891847509708,-55.40890760946763
4371,0,normal,0.004116841591894627,0.3096891847509708,-55.40890760946763
4372,0,normal,0.004116841591894627,0.3096891847509708,-55.40890760946763
4373,0,normal,0.004116841591894627,0.3096891847509708,-55.40890760946763
4374,0,normal,0.004116841591894627,0.3096891847509708,-55.40890760946763
4375,0,normal,0.004116841591894627,0.3096891847509708,-55.40890760946763
4376,0,normal,0.004116841591894627,0.3096891847509708,-55.40890760946763
4377,0,normal,0.004116841591894627,0.3096891847509708,-55.40890760946763
4378,0,normal,0.004116841591894627,0.3096891847509708,-55.40890760946763
4379,0,normal,0.004116841591894627,0.3096891847509708,-55.40890760946763
4380,0,normal,0.004116841591894627,0.3096891847509708,-55.40890760946763
4381,0,normal,0.004116841591894627,0.3096891847509708,-55.40890760946763
4382,0,normal,0.004116841591894627,0.3096891847509708,-55.40890760946763
4383,0,normal,0.004116841591894627,0.3096891847509708,-55.40890760946763
4384,0,normal,0.004116841591894627,0.3096891847509708,-55.40890760946763
4385,0,normal,0.004116841591894627,0.3096891847509708,-55.40890760946763
4386,0,normal,0.004116841591894627,0.3096891847509708,-55.40890760946763
4387,0,normal,0.004116841591894627,0.3096891847509708,-55.40890760946763
4388,0,normal,0.004116841591894627,0.3096891847509708,-55.40890760946763
4389,0,normal,0.004116841591894627,0.3096891847509708,-55.40890760946763
4390,0,normal,0.004116841591894627,0.3096891847509708,-55.40890760946763
4391,0,normal,0.004116841591894627,0.3096891847509708,-55.40890760946763
4392,0,normal,0.004116841591894627,0.3096891847509708,-55.40890760946763
4393,0,normal,0.004116841591894627,0.3096891847509708,-55.40890760946763
4394,0,normal,0.004116841591894627,0.3096891847509708,-55.40890760946763
4395,0,normal,0.004116841591894627,0.3096891847509708,-55.40890760946763
4396,0,normal,0.004116841591894627,0.3096891847509708,-55.40890760946763
4397,0,normal,0.004116841591894627,0.3096891847509708,-55.40890760946763
4398,0,normal,0.004116841591894627,0.3096891847509708,-55.40890760946763
4399,0,normal,0.004116841591894627,0.3096891847509708,-55.40890760946763
4400,0,normal,0.004116841591894627,0.3096891847509708,-55.40890760946763
4401,0,normal,0.004116841591894627,0.3096891847509708,-55.40890760946763
4402,0,normal,0.004116841591894627,0.3096891847509708,-55.40890760946763
4403,0,normal,0.004116841591894627,0.3096891847509708,-55.40890760946763
4404,0,normal,0.004116841591894627,0.3096891847509708,-55.40890760946763
4405,0,normal,0.004116841591894627,0.3096891847509708,-55.40890760946763
4406,0,normal,0.004116841591894627,0.3096891847509708,-55.40890760946763
4407,0,normal,0.004116841591894627,0.3096891847509708,-55.40890760946763
4408,0,normal,0.004116841591894627,0.3096891847509708,-55.40890760946763
4409,0,normal,0.004116841591894627,0.3096891847509708,-55.40890760946763
4410,0,normal,0.004116841591894627,0.3096891847509708,-55.40890760946763
4411,0,normal,0.004116841591894627,0.3096891847509708,-55.40890760946763
4412,0,normal,7.44751501083374,0.3243470847605474,-24.826490424591157
4413,0,normal,0.04896416887640953,0.34210708507903437,-24.997925597673884
4414,0,normal,0.5408746004104614,0.3268881500123117,-25.284586343469755
4415,0,normal,1.6049847602844238,0.35822561774273665,-0.27345054139709646
4416,0,normal,0.17567051947116852,0.3612279444692819,0.25389278290822404
4417,0,normal,0.6451266407966614,0.37172933124897,0.012279541422913098
4418,0,normal,0.3649750053882599,0.36844477641154155,1.381318243085616
4419,0,normal,0.33632558584213257,0.37523019296744725,2.677141661888072
4420,0,normal,0.30782976746559143,0.38785567917007724,4.039682082993522
4421,0,normal,0.3214567303657532,0.38761094744996044,3.866361277859596
4422,0,normal,0.3101040720939636,0.40047271477604635,5.247276745308
4423,0,normal,0.4326241612434387,0.40512335029508373,6.575321597242237
4424,0,normal,2.7037668228149414,0.42534656522197234,32.03522109572123
4425,0,normal,0.2308758646249771,0.4286680242261819,32.274789581551204
4426,0,normal,2.251617193222046,0.4467653728428408,45.45080403190491
4427,0,normal,0.03984711691737175,0.441165807327303,45.495397550284224
4428,0,normal,0.014273513108491898,0.43387508330830665,45.52655662612983
4429,0,normal,0.010865289717912674,0.44923788302997425,45.138311028299086
4430,0,normal,0.008703040890395641,0.44174666530214307,45.00241917369567
4431,0,normal,0.0067657167091965675,0.4466558818795881,45.06274500638801
4432,0,normal,0.005306808277964592,0.4427660812623984,45.20477595035072
4433,0,normal,0.004327630158513784,0.4319310700711805,45.30307118813539
4434,0,normal,0.0037488180678337812,0.4324765549385982,45.458752221334635
4435,0,normal,0.0034707607701420784,0.4242798422640779,45.684987834150206
4436,0,normal,0.0033941285219043493,0.4296198924610677,45.90496674659494
4437,0,normal,0.003432906698435545,0.424539608535737,46.15855747595947
4438,0,normal,0.003523077815771103,0.4275329002637521,46.56890590397279
4439,0,normal,0.003624620148912072,0.4438164207162152,46.87556857164759
4440,0,normal,0.003717553336173296,0.46260604544458306,47.71433394937617
4441,0,normal,0.003795250318944454,0.42980445578021914,48.44531239176945
4442,0,normal,0.0038489997386932373,0.4107642769910577,21.282348593618053
4443,0,normal,0.003900078823789954,0.4130637332554726,22.035290945444103
4444,0,normal,0.003942498471587896,0.4231307992228452,22.883748532542313
4445,0,normal,0.003968378063291311,0.39359745202121654,-4.234104994963673
4446,0,normal,0.004002226050943136,0.3909896435636556,-5.60946026041529
4447,0,normal,0.0040319208055734634,0.37777669566932365,-4.463798268356868
4448,0,normal,0.004061318933963776,0.37033399913819987,-5.807711029000302
4449,0,normal,0.0040884437039494514,0.38172161935706017,-6.688459888766147
4450,0,normal,0.004110551439225674,0.35879548660094973,-7.978546982950547
4451,0,normal,0.004122532904148102,0.36291807371110846,-6.990005400347627
4452,0,normal,0.004131544381380081,0.3624675938017179,-8.777800585042087
4453,0,normal,0.00413413904607296,0.35456603486654986,-10.823259040708763
4454,0,normal,0.004043907858431339,0.33463341102624644,-39.55360901164272
4455,0,normal,0.0040837619453668594,0.32715017041907024,-40.533345638516266
4456,0,normal,0.004116841591894627,0.3096891847509708,-55.40890760946763
4457,0,normal,0.004116841591894627,0.3096891847509708,-55.40890760946763
4458,0,normal,0.004116841591894627,0.3096891847509708,-55.40890760946763
4459,0,normal,0.004116841591894627,0.3096891847509708,-55.40890760946763
4460,0,normal,0.004116841591894627,0.3096891847509708,-55.40890760946763
4461,0,normal,0.004116841591894627,0.3096891847509708,-55.40890760946763
4462,0,normal,0.004116841591894627,0.3096891847509708,-55.40890760946763
4463,0,normal,0.004116841591894627,0.3096891847509708,-55.40890760946763
4464,0,normal,0.004116841591894627,0.3096891847509708,-55.40890760946763
4465,0,normal,0.004116841591894627,0.3096891847509708,-55.40890760946763
4466,0,normal,0.004116841591894627,0.3096891847509708,-55.40890760946763
4467,0,normal,0.004116841591894627,0.3096891847509708,-55.40890760946763
4468,0,normal,0.004116841591894627,0.3096891847509708,-55.40890760946763
4469,0,normal,0.004116841591894627,0.3096891847509708,-55.40890760946763
4470,0,normal,0.004116841591894627,0.3096891847509708,-55.40890760946763
4471,0,normal,0.004116841591894627,0.3096891847509708,-55.40890760946763
4472,0,normal,0.004116841591894627,0.3096891847509708,-55.40890760946763
4473,0,normal,0.004116841591894627,0.3096891847509708,-55.40890760946763
4474,0,normal,0.004116841591894627,0.3096891847509708,-55.40890760946763
4475,0,normal,0.004116841591894627,0.3096891847509708,-55.40890760946763
4476,0,normal,0.004116841591894627,0.3096891847509708,-55.40890760946763
4477,0,normal,0.004116841591894627,0.3096891847509708,-55.40890760946763
4478,0,normal,0.004116841591894627,0.3096891847509708,-55.40890760946763
4479,0,normal,0.004116841591894627,0.3096891847509708,-55.40890760946763
4480,0,normal,0.004116841591894627,0.3096891847509708,-55.40890760946763
4481,0,normal,0.004116841591894627,0.3096891847509708,-55.40890760946763
4482,0,normal,0.004116841591894627,0.3096891847509708,-55.40890760946763
4483,0,normal,0.004116841591894627,0.3096891847509708,-55.40890760946763
4484,0,normal,0.004116841591894627,0.3096891847509708,-55.40890760946763
4485,0,normal,0.004116841591894627,0.3096891847509708,-55.40890760946763
4486,0,normal,0.004116841591894627,0.3096891847509708,-55.40890760946763
4487,0,normal,0.004116841591894627,0.3096891847509708,-55.40890760946763
4488,0,normal,0.004116841591894627,0.3096891847509708,-55.40890760946763
4489,0,normal,0.004116841591894627,0.3096891847509708,-55.40890760946763
4490,0,normal,0.004116841591894627,0.3096891847509708,-55.40890760946763
4491,0,normal,0.004116841591894627,0.3096891847509708,-55.40890760946763
4492,0,normal,0.004116841591894627,0.3096891847509708,-55.40890760946763
4493,0,normal,0.004116841591894627,0.3096891847509708,-55.40890760946763
4494,0,normal,0.004116841591894627,0.3096891847509708,-55.40890760946763
4495,0,normal,0.004116841591894627,0.3096891847509708,-55.40890760946763
4496,0,normal,0.004116841591894627,0.3096891847509708,-55.40890760946763
4497,0,normal,0.004116841591894627,0.3096891847509708,-55.40890760946763
4498,0,normal,0.004116841591894627,0.3096891847509708,-55.40890760946763
4499,0,normal,0.004116841591894627,0.3096891847509708,-55.40890760946763
4500,0,normal,0.004116841591894627,0.3096891847509708,-55.40890760946763
4501,0,normal,0.004116841591894627,0.3096891847509708,-55.40890760946763
4502,0,normal,0.004116841591894627,0.3096891847509708,-55.40890760946763
4503,0,normal,0.004116841591894627,0.3096891847509708,-55.40890760946763
4504,0,normal,0.004116841591894627,0.3096891847509708,-55.40890760946763
4505,0,normal,0.004116841591894627,0.3096891847509708,-55.40890760946763
4506,0,normal,0.004116841591894627,0.3096891847509708,-55.40890760946763
4507,0,normal,0.004116841591894627,0.3096891847509708,-55.40890760946763
4508,0,normal,0.004116841591894627,0.3096891847509708,-55.40890760946763
4509,0,normal,7.44751501083374,0.3243470847605474,-24.826490424591157
4510,0,normal,0.04896416887640953,0.34210708507903437,-24.997925597673884
4511,0,normal,0.5408746004104614,0.3268881500123117,-25.284586343469755
4512,0,normal,1.6049847602844238,0.35822561774273665,-0.27345054139709646
4513,0,normal,0.17567051947116852,0.3612279444692819,0.25389278290822404
4514,0,normal,0.2324112206697464,0.3753750367969496,1.5383614713643965
4515,0,normal,0.6419821381568909,0.369127011356316,1.3394934005659707
4516,0,normal,0.4001721739768982,0.376573855088405,2.6937025456932133
4517,0,normal,0.31460559368133545,0.3888966915608265,4.006078203958623
4518,0,normal,0.2648395299911499,0.39411660813785154,5.37308671216806
4519,0,normal,0.24689452350139618,0.4113903362931852,6.734931090280497
4520,0,normal,0.4708900451660156,0.4078572045639802,8.071581373792924
4521,0,normal,2.415984630584717,0.4240001744865558,33.454231857010654
4522,0,normal,0.1998850703239441,0.4372893899533378,34.5928637634438
4523,0,normal,1.2664570808410645,0.4436999482992568,40.583956721089635
4524,0,normal,1.396751880645752,0.4422013125243176,47.629120872081785
4525,0,normal,0.042737629264593124,0.44364207823971125,47.67713868703413
4526,0,normal,0.019236136227846146,0.4617257810982088,47.517827710637675
4527,0,normal,0.0136540737003088,0.43672884264746,47.27271618044051
4528,0,normal,0.010373931378126144,0.45000334821652077,47.23332832254323
4529,0,normal,0.00783588271588087,0.44554010627781,47.37166226641398
4530,0,normal,0.005957506597042084,0.4416550505896591,47.491513352931406
4531,0,normal,0.004687955603003502,0.44315543109388633,47.65513749791444
4532,0,normal,0.003926937468349934,0.43715706430502405,47.87626909615551
4533,0,normal,0.0035482815001159906,0.43411414339406995,48.0926366672586
4534,0,normal,0.00342427846044302,0.429012188630197,48.362086526260555
4535,0,normal,0.003445317968726158,0.43796796779711034,48.75596538428135
4536,0,normal,0.003531313966959715,0.4380526001745335,49.08273130072439
4537,0,normal,0.003633153159171343,0.4739949425319887,49.93137792505331
4538,0,normal,0.00372678367421031,0.43462558079479885,50.68266712082368
4539,0,normal,0.003795584896579385,0.4180731234109431,23.628104250997694
4540,0,normal,0.0038579681422561407,0.42980284431924587,24.42853958556225
4541,0,normal,0.003908354323357344,0.42518287517609366,25.311669840279365
4542,0,normal,0.003939327783882618,0.39860691073292265,-1.6388809665754707
4543,0,normal,0.0039777979254722595,0.39978857769110193,-2.9909194350298094
4544,0,normal,0.004012942314147949,0.37680286165571575,-4.186683600517199
4545,0,normal,0.004042922984808683,0.37829417071712346,-3.019026183284268
4546,0,normal,0.004072231240570545,0.3836504303396506,-3.759842264685858
4547,0,normal,0.0040976908057928085,0.37483491083016546,-4.762745682104878
4548,0,normal,0.004116484895348549,0.36433039882437973,-5.999983601634767
4549,0,normal,0.004127438645809889,0.35826388707219964,-7.6751446177668186
4550,0,normal,0.0041316174902021885,0.36511384167099653,-9.572974176166781
4551,0,normal,0.003988053184002638,0.33283704048619506,-38.149081041574846
4552,0,normal,0.004062023479491472,0.3341915993621645,-40.5338605788304
4553,0,normal,0.004100759979337454,0.3174588320091446,-47.57847394452074
4554,0,normal,0.004116841591894627,0.3096891847509708,-55.40890760946763
4555,0,normal,0.004116841591894627,0.3096891847509708,-55.40890760946763
4556,0,normal,0.004116841591894627,0.3096891847509708,-55.40890760946763
4557,0,normal,0.004116841591894627,0.3096891847509708,-55.40890760946763
4558,0,normal,0.004116841591894627,0.3096891847509708,-55.40890760946763
4559,0,normal,0.004116841591894627,0.3096891847509708,-55.40890760946763
4560,0,normal,7.44751501083374,0.3243470847605474,-24.826490424591157
4561,0,normal,0.04896416887640953,0.34210708507903437,-24.997925597673884
4562,0,normal,0.5408746004104614,0.3268881500123117,-25.284586343469755
4563,0,normal,1.6049847602844238,0.35822561774273665,-0.27345054139709646
4564,0,normal,0.17567051947116852,0.3612279444692819,0.25389278290822404
4565,0,normal,0.2324112206697464,0.3753750367969496,1.5383614713643965
4566,0,normal,0.2631765604019165,0.37515987021619873,2.860084655726723
4567,0,normal,0.2771281599998474,0.3774803647306848,4.167176486189646
4568,0,normal,0.24832507967948914,0.38927946687622145,5.490942210747562
4569,0,normal,0.21444465219974518,0.3969772627305264,6.819156061209014
4570,0,normal,0.24913769960403442,0.41356138528176073,8.168167201029974
4571,0,normal,0.5917154550552368,0.41112070450431387,9.519722358176068
4572,0,normal,1.689924716949463,0.40168987167527054,10.920471999912934
4573,0,normal,0.8891152143478394,0.4435826660823858,36.31868491521823
4574,0,normal,0.26552003622055054,0.4373806090614194,36.52555623015769
4575,0,normal,2.2392830848693848,0.442348361660866,49.71349084832127
4576,0,normal,0.030506333336234093,0.4650632750715673,49.76657371490569
4577,0,normal,0.009330105036497116,0.4456502430563763,49.80827355220663
4578,0,normal,0.007971911691129208,0.4523551789693097,49.43118653932561
4579,0,normal,0.0073584881611168385,0.44226461332980377,49.28436381909137
4580,0,normal,0.0063711185939610004,0.44810464762513535,49.413160584415664
4581,0,normal,0.0053935181349515915,0.4466848364797012,49.52145540436936
4582,0,normal,0.004599554464221001,0.4471140009883729,49.72193025694219
4583,0,normal,0.004040248692035675,0.43647989011082355,49.981589167605534
4584,0,normal,0.003705105511471629,0.4489547094885594,50.14984512074511
4585,0,normal,0.003550569526851177,0.4356508620026564,50.45008460889153
4586,0,normal,0.0035203066654503345,0.4285244361499009,50.83216742155173
4587,0,normal,0.0035613039508461952,0.44126776438320997,51.16841099660928
4588,0,normal,0.003633293090388179,0.4682455980087534,52.03954124954112
4589,0,normal,0.003711158176884055,0.4446753404783442,52.87819411046962
4590,0,normal,0.0037779260892421007,0.422160042989153,25.878263734110533
4591,0,normal,0.0038383586797863245,0.42445533778886,26.762192043521736
4592,0,normal,0.0038891148287802935,0.4240643255112915,27.782369692091606
4593,0,normal,0.0039267223328351974,0.4052256139327848,0.9916698366148466
4594,0,normal,0.003963985480368137,0.4006835352851794,-0.3516419484508333
4595,0,normal,0.003997492138296366,0.40015881885897014,-1.4578576815731594
4596,0,normal,0.0040283361449837685,0.37976116305865176,-2.5339699852897866
4597,0,normal,0.0040570637211203575,0.3732331269814962,-3.7331721671150717
4598,0,normal,0.0040834685787558556,0.384890368334205,-4.446540674843391
4599,0,normal,0.0041061402298510075,0.36516318644982887,-5.592185359174437
4600,0,normal,0.004122532904148102,0.36291807371110846,-6.990005400347627
4601,0,normal,0.004131544381380081,0.3624675938017179,-8.777800585042087
4602,0,normal,0.00413413904607296,0.35456603486654986,-10.823259040708763
4603,0,normal,0.004043907858431339,0.33463341102624644,-39.55360901164272
4604,0,normal,0.0040837619453668594,0.32715017041907024,-40.533345638516266
4605,0,normal,0.004116841591894627,0.3096891847509708,-55.40890760946763
4606,0,normal,0.004116841591894627,0.3096891847509708,-55.40890760946763
4607,0,normal,0.004116841591894627,0.3096891847509708,-55.40890760946763
4608,0,normal,7.44751501083374,0.3243470847605474,-24.826490424591157
4609,0,normal,0.04896416887640953,0.34210708507903437,-24.997925597673884
4610,0,normal,0.5408746004104614,0.3268881500123117,-25.284586343469755
4611,0,normal,2.2752444744110107,0.3307940450144778,-25.06248108425757
4612,0,normal,0.6903460025787354,0.37750676631809316,0.49618947071326147
4613,0,normal,0.18253953754901886,0.3673799634679798,1.559061030688099
4614,0,normal,0.22173267602920532,0.38381466612402193,2.8719337125146467
4615,0,normal,0.23745577037334442,0.3805438549390106,4.167693454777691
4616,0,normal,0.2532501220703125,0.3811637487625614,5.503007362980497
4617,0,normal,4.398786544799805,0.42137551857744615,20.72515823691856
4618,0,normal,3.5551559925079346,0.42518489899390377,32.28943944913976
4619,0,normal,0.3380969762802124,0.44046360627763936,32.57542357687703
4620,0,normal,0.5477144718170166,0.42733412499862594,32.49861251083507
4621,0,normal,2.4252512454986572,0.43662015872219967,45.820149890129414
4622,0,normal,0.059557702392339706,0.4468704735833756,45.87691653767092
4623,0,normal,0.015227766707539558,0.4257135279975282,45.89068354928031
4624,0,normal,0.007029180880635977,0.43748950544244175,45.57464107624082
4625,0,normal,0.0029792615678161383,0.43860256097449646,45.40522288323268
4626,0,normal,0.0013904925435781479,0.44118824260826967,45.503334425085995
4627,0,normal,0.0013209714088588953,0.44689596930938963,45.563766126809014
4628,0,normal,0.001931235659867525,0.4492274462196581,45.66967953833637
4629,0,normal,0.002670546993613243,0.42748633072292336,45.68131994227883
4630,0,normal,0.003256461815908551,0.4182441559943407,45.77710750181154
4631,0,normal,0.003609134815633297,0.4111682798357637,46.01509281204653
4632,0,normal,0.0037684866692870855,0.4418137186387864,46.19648719460929
4633,0,normal,0.003815795760601759,0.42505261247009984,46.37999616302841
4634,0,normal,0.003822448430582881,0.43498281323151655,46.69779792237546
4635,0,normal,0.003830664325505495,0.4184962875297582,47.11876303023223
4636,0,normal,0.003855764865875244,0.44208542988923016,47.579013620850446
4637,0,normal,0.003896601963788271,0.4395153964144844,48.627092338126204
4638,0,normal,0.00394333153963089,0.40149467569219827,21.535479544448435
4639,0,normal,0.0039923954755067825,0.418662599056993,22.71252540771934
4640,0,normal,0.00403524748980999,0.4101552522319505,23.87443679598573
4641,0,normal,0.004069674294441938,0.40951621922732573,22.819728199997826
4642,0,normal,0.004066565539687872,0.3879895952493235,-3.804626559698363
4643,0,normal,0.004095444455742836,0.37294218682403435,-4.716110654900831
4644,0,normal,0.004115548450499773,0.36706867015708133,-5.766007586394153
4645,0,normal,0.004125151317566633,0.36241956787162627,-7.188964333138983
4646,0,normal,0.004125651437789202,0.3648571539395717,-8.946677039399674
4647,0,normal,0.004066674038767815,0.3455459193504699,-26.065365326776828
4648,0,normal,0.0040060305036604404,0.3263033962296664,-39.662437315765374
4649,0,normal,0.004058622755110264,0.3299586058700084,-40.59510611764813
4650,0,normal,0.0040837619453668594,0.32715017041907024,-40.533345638516266
4651,0,normal,0.004116841591894627,0.3096891847509708,-55.40890760946763
4652,0,normal,0.004116841591894627,0.3096891847509708,-55.40890760946763
4653,0,normal,0.004116841591894627,0.3096891847509708,-55.40890760946763
4654,0,normal,0.004116841591894627,0.3096891847509708,-55.40890760946763
4655,0,normal,0.004116841591894627,0.3096891847509708,-55.40890760946763
4656,0,normal,0.004116841591894627,0.3096891847509708,-55.40890760946763
4657,0,normal,0.004116841591894627,0.3096891847509708,-55.40890760946763
4658,0,normal,0.004116841591894627,0.3096891847509708,-55.40890760946763
4659,0,normal,0.004116841591894627,0.3096891847509708,-55.40890760946763
4660,0,normal,0.004116841591894627,0.3096891847509708,-55.40890760946763
4661,0,normal,0.004116841591894627,0.3096891847509708,-55.40890760946763
4662,0,normal,0.004116841591894627,0.3096891847509708,-55.40890760946763
4663,0,normal,0.004116841591894627,0.3096891847509708,-55.40890760946763
4664,0,normal,0.004116841591894627,0.3096891847509708,-55.40890760946763
4665,0,normal,0.004116841591894627,0.3096891847509708,-55.40890760946763
4666,0,normal,0.004116841591894627,0.3096891847509708,-55.40890760946763
4667,0,normal,7.44751501083374,0.3243470847605474,-24.826490424591157
4668,0,normal,0.04896416887640953,0.34210708507903437,-24.997925597673884
4669,0,normal,0.8746205568313599,0.33289516574164235,-23.693920639084126
4670,0,normal,2.9464993476867676,0.3314879021300815,-25.09603253881528
4671,0,normal,0.684084415435791,0.3724745762514698,0.5280529302922332
4672,0,normal,12.22608470916748,0.3965866501733204,48.83497157953707
4673,0,normal,10.93007755279541,0.4297801457998775,95.20967470943606
4674,0,normal,0.33722013235092163,0.42952793062530353,96.3083889915049
4675,0,normal,0.36732426285743713,0.42253167819652115,97.3645026351096
4676,0,normal,0.4878467321395874,0.43563459702019175,98.34374502433161
4677,0,normal,2.3966898918151855,0.4638404939170496,112.250796009645
4678,0,normal,2.9454879760742188,0.47484853560654344,122.8929743767768
4679,0,normal,0.4890420138835907,0.4759824870090042,122.69809845299358
4680,0,normal,0.5456774234771729,0.47504729602343176,122.7108130095645
4681,0,normal,2.286217212677002,0.4658752889235687,134.95419337319026
4682,0,normal,0.052454233169555664,0.48649456447626027,135.02871720211692
4683,0,normal,0.01656537875533104,0.46612108914918676,135.1181731844074
4684,0,normal,0.009944533929228783,0.4593713443094787,134.70415878886558
4685,0,normal,0.005723447073251009,0.4734536058145262,134.4543992813857
4686,0,normal,0.003257537493482232,0.4781533514047914,134.4492828393751
4687,0,normal,0.00219688075594604,0.497886751214518,134.60301876572157
4688,0,normal,0.0020049060694873333,0.4899216278879723,134.61973364887558
4689,0,normal,0.00224829139187932,0.44383221556037855,134.70259054836276
4690,0,normal,0.0026386305689811707,0.4558403892458396,134.89486950593857
4691,0,normal,0.003013731213286519,0.4656720780453772,135.054085174894
4692,0,normal,0.0033065909519791603,0.480933437085202,135.2578500515972
4693,0,normal,0.003510071663185954,0.49191587079554844,135.63333377419508
4694,0,normal,0.003644767217338085,0.4647811352007596,136.16650118719224
4695,0,normal,0.003736622631549835,0.45993287221721113,136.81544298679876
4696,0,normal,0.0038058410864323378,0.4736560111727146,137.91842016035548
4697,0,normal,0.0038606177549809217,0.44905058732949016,113.35913166743342
4698,0,normal,0.003913219552487135,0.45091375401232753,114.63713539731236
4699,0,normal,0.003960045054554939,0.45011638291707107,113.56605830179353
4700,0,normal,0.004001999739557505,0.4404951638368718,114.65722347476401
4701,0,normal,0.004026707261800766,0.43303919445400507,90.13258765559408
4702,0,normal,0.004059491213411093,0.39739723470362587,43.35672239876135
4703,0,normal,0.004088577814400196,0.3715046121061314,-5.388092670923243
4704,0,normal,0.004109966102987528,0.366394070174748,-6.50424433784292
4705,0,normal,0.00412098690867424,0.35955567376384306,-7.998558093514021
4706,0,normal,0.004122748970985413,0.36017868010817355,-9.821679811445847
4707,0,normal,0.004074724856764078,0.34319879754698696,-27.028946045104476
4708,0,normal,0.004029604606330395,0.3221757075250239,-40.70338728409274
4709,0,normal,0.004058622755110264,0.3299586058700084,-40.59510611764813
4710,0,normal,0.0040837619453668594,0.32715017041907024,-40.533345638516266
4711,0,normal,0.004116841591894627,0.3096891847509708,-55.40890760946763
4712,0,normal,0.004116841591894627,0.3096891847509708,-55.40890760946763
4713,0,normal,0.004116841591894627,0.3096891847509708,-55.40890760946763
4714,0,normal,0.004116841591894627,0.3096891847509708,-55.40890760946763
4715,0,normal,0.004116841591894627,0.3096891847509708,-55.40890760946763
4716,0,normal,7.44751501083374,0.3243470847605474,-24.826490424591157
4717,0,normal,0.04896416887640953,0.34210708507903437,-24.997925597673884
4718,0,normal,4.476324081420898,0.3662029327502714,1.1192849961255433
4719,0,normal,0.22226375341415405,0.35619342100915213,1.093101289923652
4720,0,normal,0.270473450422287,0.36968359579287186,1.863123701055656
4721,0,normal,0.3074735999107361,0.3742962659384501,3.117133230575064
4722,0,normal,0.3121332824230194,0.3756316808795814,4.436589379712359
4723,0,normal,0.267274409532547,0.39192794058154706,5.748564217651165
4724,0,normal,0.22069573402404785,0.3947903373977837,7.074942808726291
4725,0,normal,0.24155741930007935,0.4095776466368512,8.411541589317494
4726,0,normal,0.5140682458877563,0.4141449620095003,9.775721673494672
4727,0,normal,1.4602373838424683,0.413958603750674,11.161082394490904
4728,0,normal,1.00409734249115,0.4292570628510545,36.50920151143055
4729,0,normal,0.5117175579071045,0.4477324733604505,36.14892054982079
4730,0,normal,2.3069963455200195,0.4431460820841576,49.36645393754088
4731,0,normal,0.030837364494800568,0.4581125298921773,49.393274825553135
4732,0,normal,0.011858981102705002,0.4404508984199283,49.50163920107889
4733,0,normal,0.011104126460850239,0.4528727703726628,49.1392366140999
4734,0,normal,0.010362610220909119,0.4433314800613363,49.008121446711584
4735,0,normal,0.008882253430783749,0.4494315711845421,49.01584204581695
4736,0,normal,0.007316028233617544,0.4477332588640225,49.15228577899302
4737,0,normal,0.005967155564576387,0.45360492718104684,49.27220633938782
4738,0,normal,0.004946138709783554,0.4338761272561991,49.40778049172059
4739,0,normal,0.004261059686541557,0.4338870213441944,49.62841731545632
4740,0,normal,0.003862998215481639,0.43531113647309483,49.957515774079866
4741,0,normal,0.003677383530884981,0.4241996787749027,50.31852311600278
4742,0,normal,0.003628167789429426,0.4436362735411663,50.66498021080656
4743,0,normal,0.0036530569195747375,0.46653578489217146,51.49819536262089
4744,0,normal,0.0037092987913638353,0.4526174659120887,52.3218325846135
4745,0,normal,0.0037723290733993053,0.44120326388732906,53.221265897528156
4746,0,normal,0.003825063118711114,0.4246211491386214,26.22647600406117
4747,0,normal,0.0038759401068091393,0.4232426045722613,27.25123386654309
4748,0,normal,0.003915165085345507,0.40353803965969476,0.45210824806326855
4749,0,normal,0.003953563515096903,0.400838559269955,-0.8993419766395618
4750,0,normal,0.003988173790276051,0.40115014513735464,-2.013027616262889
4751,0,normal,0.004020055290311575,0.3776826066032285,-3.115524344728783
4752,0,normal,0.004049734212458134,0.37265300705101917,-4.35433754558926
4753,0,normal,0.004076957702636719,0.38214792398177483,-5.119515713257897
4754,0,normal,0.004100363701581955,0.3625805003984339,-6.331287381260381
4755,0,normal,0.004117521457374096,0.35985420912333166,-7.8003756416890155
4756,0,normal,0.00412721699103713,0.35809531393063854,-9.653542799064326
4757,0,normal,0.004130373243242502,0.35076260935478903,-11.772842569680506
4758,0,normal,0.004058622755110264,0.3299586058700084,-40.59510611764813
4759,0,normal,0.0040837619453668594,0.32715017041907024,-40.533345638516266
4760,0,normal,0.004116841591894627,0.3096891847509708,-55.40890760946763
4761,0,normal,0.004116841591894627,0.3096891847509708,-55.40890760946763
4762,0,normal,0.004116841591894627,0.3096891847509708,-55.40890760946763
4763,0,normal,0.004116841591894627,0.3096891847509708,-55.40890760946763
4764,0,normal,0.004116841591894627,0.3096891847509708,-55.40890760946763
4765,0,normal,0.004116841591894627,0.3096891847509708,-55.40890760946763
4766,0,normal,0.004116841591894627,0.3096891847509708,-55.40890760946763
4767,0,normal,0.004116841591894627,0.3096891847509708,-55.40890760946763
4768,0,normal,0.004116841591894627,0.3096891847509708,-55.40890760946763
4769,0,normal,0.004116841591894627,0.3096891847509708,-55.40890760946763
4770,0,normal,0.004116841591894627,0.3096891847509708,-55.40890760946763
4771,0,normal,0.004116841591894627,0.3096891847509708,-55.40890760946763
4772,0,normal,0.004116841591894627,0.3096891847509708,-55.40890760946763
4773,0,normal,0.004116841591894627,0.3096891847509708,-55.40890760946763
4774,0,normal,0.004116841591894627,0.3096891847509708,-55.40890760946763
4775,0,normal,0.004116841591894627,0.3096891847509708,-55.40890760946763
4776,0,normal,0.004116841591894627,0.3096891847509708,-55.40890760946763
4777,0,normal,0.004116841591894627,0.3096891847509708,-55.40890760946763
4778,0,normal,0.004116841591894627,0.3096891847509708,-55.40890760946763
4779,0,normal,0.004116841591894627,0.3096891847509708,-55.40890760946763
4780,0,normal,0.004116841591894627,0.3096891847509708,-55.40890760946763
4781,0,normal,0.004116841591894627,0.3096891847509708,-55.40890760946763
4782,0,normal,0.004116841591894627,0.3096891847509708,-55.40890760946763
4783,0,normal,0.004116841591894627,0.3096891847509708,-55.40890760946763
4784,0,normal,0.004116841591894627,0.3096891847509708,-55.40890760946763
4785,0,normal,0.004116841591894627,0.3096891847509708,-55.40890760946763
4786,0,normal,0.004116841591894627,0.3096891847509708,-55.40890760946763
4787,0,normal,0.004116841591894627,0.3096891847509708,-55.40890760946763
4788,0,normal,0.004116841591894627,0.3096891847509708,-55.40890760946763
4789,0,normal,0.004116841591894627,0.3096891847509708,-55.40890760946763
4790,0,normal,0.004116841591894627,0.3096891847509708,-55.40890760946763
4791,0,normal,0.004116841591894627,0.3096891847509708,-55.40890760946763
4792,0,normal,0.004116841591894627,0.3096891847509708,-55.40890760946763
4793,0,normal,0.004116841591894627,0.3096891847509708,-55.40890760946763
4794,0,normal,0.004116841591894627,0.3096891847509708,-55.40890760946763
4795,0,normal,0.004116841591894627,0.3096891847509708,-55.40890760946763
4796,0,normal,0.004116841591894627,0.3096891847509708,-55.40890760946763
4797,0,normal,0.004116841591894627,0.3096891847509708,-55.40890760946763
4798,0,normal,0.004116841591894627,0.3096891847509708,-55.40890760946763
4799,0,normal,0.004116841591894627,0.3096891847509708,-55.40890760946763
4800,0,normal,0.004116841591894627,0.3096891847509708,-55.40890760946763
4801,0,normal,0.004116841591894627,0.3096891847509708,-55.40890760946763
4802,0,normal,0.004116841591894627,0.3096891847509708,-55.40890760946763
4803,0,normal,0.004116841591894627,0.3096891847509708,-55.40890760946763
4804,0,normal,0.004116841591894627,0.3096891847509708,-55.40890760946763
4805,0,normal,0.004116841591894627,0.3096891847509708,-55.40890760946763
4806,0,normal,0.004116841591894627,0.3096891847509708,-55.40890760946763
4807,0,normal,0.004116841591894627,0.3096891847509708,-55.40890760946763
4808,0,normal,0.004116841591894627,0.3096891847509708,-55.40890760946763
4809,0,normal,0.004116841591894627,0.3096891847509708,-55.40890760946763
4810,0,normal,0.004116841591894627,0.3096891847509708,-55.40890760946763
4811,0,normal,0.004116841591894627,0.3096891847509708,-55.40890760946763
4812,0,normal,0.004116841591894627,0.3096891847509708,-55.40890760946763
4813,0,normal,7.44751501083374,0.3243470847605474,-24.826490424591157
4814,0,normal,0.04896416887640953,0.34210708507903437,-24.997925597673884
4815,0,normal,0.5408746004104614,0.3268881500123117,-25.284586343469755
4816,0,normal,1.6049847602844238,0.35822561774273665,-0.27345054139709646
4817,0,normal,0.17567051947116852,0.3612279444692819,0.25389278290822404
4818,0,normal,0.6451266407966614,0.37172933124897,0.012279541422913098
4819,0,normal,0.3649750053882599,0.36844477641154155,1.381318243085616
4820,0,normal,0.4671381413936615,0.3721062773215845,1.15418721549986
4821,0,normal,0.4500349462032318,0.382631451949487,2.563864569950283
4822,0,normal,0.3420291244983673,0.3923363735115089,3.893923282970036
4823,0,normal,0.28268668055534363,0.40137393933341703,5.266781636176347
4824,0,normal,0.40431204438209534,0.40334272906195984,6.618814922216416
4825,0,normal,2.832115888595581,0.42037197194648096,32.022386669835896
4826,0,normal,0.2360682189464569,0.42724014949554473,32.23814161102291
4827,0,normal,0.5446189045906067,0.4393218029734358,32.07603117007807
4828,0,normal,2.2397942543029785,0.43297929410189856,45.30919275904671
4829,0,normal,0.04414306581020355,0.44123370528079203,45.33680575758012
4830,0,normal,0.012580908834934235,0.4487044291388645,45.38909754280917
4831,0,normal,0.007114278618246317,0.43592642738775317,45.00419989648822
4832,0,normal,0.004030982032418251,0.4360456974995526,44.835159665163474
4833,0,normal,0.0024158863816410303,0.446100668328152,44.95845400134158
4834,0,normal,0.0018766141729429364,0.43264798186130426,45.07241226702968
4835,0,normal,0.0019510959973558784,0.4423612466053121,45.24404976912297
4836,0,normal,0.002298169070854783,0.4297464330337676,45.46079943147106
4837,0,normal,0.002706066705286503,0.4318978742241023,45.68485635041225
4838,0,normal,0.0030654764268547297,0.430577794493459,45.955342945216216
4839,0,normal,0.003338742069900036,0.4390266079274287,46.3652313735588
4840,0,normal,0.003529807785525918,0.4282950622230987,46.66528867388297
4841,0,normal,0.003659652778878808,0.4683079938033914,47.493592598918895
4842,0,normal,0.003750632284209132,0.429939042479575,48.21199708605309
4843,0,normal,0.003811535658314824,0.41576356502758843,20.97740842260214
4844,0,normal,0.003869357518851757,0.42166483188048676,21.711125316099015
4845,0,normal,0.00391854764893651,0.4151748108834775,22.483358456373253
4846,0,normal,0.003952914848923683,0.39199038510212103,-4.697455352361885
4847,0,normal,0.003992561716586351,0.3888763096175838,-6.228829643388963
4848,0,normal,0.004026517271995544,0.38334726783953244,-5.080448313470697
4849,0,normal,0.004058333579450846,0.37789801318513905,-6.469431841609548
4850,0,normal,0.004082184750586748,0.3862420360840055,-4.916623631055245
4851,0,normal,0.004104113206267357,0.36484718885178125,-5.946497211263704
4852,0,normal,0.004118787590414286,0.3643919752662568,-7.246509298777482
4853,0,normal,0.0041254544630646706,0.35954273268294024,-8.993353760483615
4854,0,normal,0.0041250381618738174,0.35771976044662446,-10.960190154000202
4855,0,normal,0.0040060305036604404,0.3263033962296664,-39.662437315765374
4856,0,normal,0.004058622755110264,0.3299586058700084,-40.59510611764813
4857,0,normal,0.0040837619453668594,0.32715017041907024,-40.533345638516266
4858,0,normal,0.004116841591894627,0.3096891847509708,-55.40890760946763
4859,0,normal,0.004116841591894627,0.3096891847509708,-55.40890760946763
4860,0,normal,0.004116841591894627,0.3096891847509708,-55.40890760946763
4861,0,normal,0.004116841591894627,0.3096891847509708,-55.40890760946763
4862,0,normal,0.004116841591894627,0.3096891847509708,-55.40890760946763
4863,0,normal,0.004116841591894627,0.3096891847509708,-55.40890760946763
4864,0,normal,0.004116841591894627,0.3096891847509708,-55.40890760946763
4865,0,normal,0.004116841591894627,0.3096891847509708,-55.40890760946763
4866,0,normal,0.004116841591894627,0.3096891847509708,-55.40890760946763
4867,0,normal,0.004116841591894627,0.3096891847509708,-55.40890760946763
4868,0,normal,0.004116841591894627,0.3096891847509708,-55.40890760946763
4869,0,normal,0.004116841591894627,0.3096891847509708,-55.40890760946763
4870,0,normal,0.004116841591894627,0.3096891847509708,-55.40890760946763
4871,0,normal,0.004116841591894627,0.3096891847509708,-55.40890760946763
4872,0,normal,0.004116841591894627,0.3096891847509708,-55.40890760946763
4873,0,normal,0.004116841591894627,0.3096891847509708,-55.40890760946763
4874,0,normal,0.004116841591894627,0.3096891847509708,-55.40890760946763
4875,0,normal,0.004116841591894627,0.3096891847509708,-55.40890760946763
4876,0,normal,0.004116841591894627,0.3096891847509708,-55.40890760946763
4877,0,normal,0.004116841591894627,0.3096891847509708,-55.40890760946763
4878,0,normal,0.004116841591894627,0.3096891847509708,-55.40890760946763
4879,0,normal,0.004116841591894627,0.3096891847509708,-55.40890760946763
4880,0,normal,0.004116841591894627,0.3096891847509708,-55.40890760946763
4881,0,normal,0.004116841591894627,0.3096891847509708,-55.40890760946763
4882,0,normal,0.004116841591894627,0.3096891847509708,-55.40890760946763
4883,0,normal,0.004116841591894627,0.3096891847509708,-55.40890760946763
4884,0,normal,0.004116841591894627,0.3096891847509708,-55.40890760946763
4885,0,normal,0.004116841591894627,0.3096891847509708,-55.40890760946763
4886,0,normal,0.004116841591894627,0.3096891847509708,-55.40890760946763
4887,0,normal,0.004116841591894627,0.3096891847509708,-55.40890760946763
4888,0,normal,0.004116841591894627,0.3096891847509708,-55.40890760946763
4889,0,normal,0.004116841591894627,0.3096891847509708,-55.40890760946763
4890,0,normal,0.004116841591894627,0.3096891847509708,-55.40890760946763
4891,0,normal,0.004116841591894627,0.3096891847509708,-55.40890760946763
4892,0,normal,0.004116841591894627,0.3096891847509708,-55.40890760946763
4893,0,normal,0.004116841591894627,0.3096891847509708,-55.40890760946763
4894,0,normal,0.004116841591894627,0.3096891847509708,-55.40890760946763
4895,0,normal,0.004116841591894627,0.3096891847509708,-55.40890760946763
4896,0,normal,0.004116841591894627,0.3096891847509708,-55.40890760946763
4897,0,normal,0.004116841591894627,0.3096891847509708,-55.40890760946763
4898,0,normal,0.004116841591894627,0.3096891847509708,-55.40890760946763
4899,0,normal,0.004116841591894627,0.3096891847509708,-55.40890760946763
4900,0,normal,0.004116841591894627,0.3096891847509708,-55.40890760946763
4901,0,normal,0.004116841591894627,0.3096891847509708,-55.40890760946763
4902,0,normal,0.004116841591894627,0.3096891847509708,-55.40890760946763
4903,0,normal,0.004116841591894627,0.3096891847509708,-55.40890760946763
4904,0,normal,0.004116841591894627,0.3096891847509708,-55.40890760946763
4905,0,normal,0.004116841591894627,0.3096891847509708,-55.40890760946763
4906,0,normal,0.004116841591894627,0.3096891847509708,-55.40890760946763
4907,0,normal,0.004116841591894627,0.3096891847509708,-55.40890760946763
4908,0,normal,0.004116841591894627,0.3096891847509708,-55.40890760946763
4909,0,normal,0.004116841591894627,0.3096891847509708,-55.40890760946763
4910,0,normal,7.44751501083374,0.3243470847605474,-24.826490424591157
4911,0,normal,0.04896416887640953,0.34210708507903437,-24.997925597673884
4912,0,normal,0.5408746004104614,0.3268881500123117,-25.284586343469755
4913,0,normal,1.8649646043777466,0.3450033399838432,-14.36305776876543
4914,0,normal,1.0143094062805176,0.3937537658275302,10.804788809117326
4915,0,normal,0.15816393494606018,0.3821423792306985,11.86813838960461
4916,0,normal,0.2239530086517334,0.39611827941412786,13.186763813864445
4917,0,normal,0.2675068974494934,0.3877618318842615,14.488958555000409
4918,0,normal,0.2845062017440796,0.3882079350278218,15.822286487837346
4919,0,normal,0.2607960104942322,0.41561925960299145,17.169959341819776
4920,0,normal,0.2356354147195816,0.4182249697342283,18.512048562018208
4921,0,normal,0.3447594940662384,0.42677488250041784,19.864706285760576
4922,0,normal,3.1416776180267334,0.45015160229881457,45.003993783023816
4923,0,normal,0.22469347715377808,0.4414918412455068,46.18093436162985
4924,0,normal,0.5367241501808167,0.44436231318454045,46.05491468030823
4925,0,normal,2.2338175773620605,0.4547142974901499,59.09297619671588
4926,0,normal,0.04627155512571335,0.45058062684923,59.164974002881536
4927,0,normal,0.013793638907372952,0.46166699105134307,59.21682321692151
4928,0,normal,0.00819775927811861,0.44824801094380134,58.85924416611192
4929,0,normal,0.004924167413264513,0.45240007736077226,58.70342535539521
4930,0,normal,0.0030022254213690758,0.459459424259805,58.84901249225891
4931,0,normal,0.0022021112963557243,0.4494507599950081,58.9356733916552
4932,0,normal,0.002097179414704442,0.44665042858761683,59.07108646971233
4933,0,normal,0.002339370083063841,0.4477721191496193,59.285838448970026
4934,0,normal,0.0026976047083735466,0.4458558149674056,59.48541478163793
4935,0,normal,0.0030415509827435017,0.44401447198831473,59.69617354967727
4936,0,normal,0.003316182643175125,0.4611014763514077,60.11091882061487
4937,0,normal,0.0035140838008373976,0.43528257209548343,60.553740566079796
4938,0,normal,0.003650541417300701,0.4713119539484871,61.219899491242586
4939,0,normal,0.003746099304407835,0.4654317529387983,62.2887723262138
4940,0,normal,0.0038121093530207872,0.42353605139744593,35.66855604548118
4941,0,normal,0.0038734236732125282,0.43639799069687124,36.77801627030453
4942,0,normal,0.003924513701349497,0.43562365664417935,37.808592314617954
4943,0,normal,0.00396729726344347,0.4209211415701354,25.910510049798404
4944,0,normal,0.003987339790910482,0.4016239830302319,-0.8265777930068907
4945,0,normal,0.00402270071208477,0.3906589763292708,-1.8786383531669344
4946,0,normal,0.004054599441587925,0.38035695126708025,-3.1086304452849163
4947,0,normal,0.004082717001438141,0.38858434505717554,-3.9091647775308047
4948,0,normal,0.004105777479708195,0.3682015097767124,-4.876393983087837
4949,0,normal,0.0041214642114937305,0.3641939200572124,-6.098089311175727
4950,0,normal,0.004128976725041866,0.3580699886488516,-7.764881266104567
4951,0,normal,0.004129489418119192,0.3611610043267739,-9.639359488568516
4952,0,normal,0.003999398089945316,0.3305387656213625,-38.223657479460826
4953,0,normal,0.004058622755110264,0.3299586058700084,-40.59510611764813
4954,0,normal,0.0040837619453668594,0.32715017041907024,-40.533345638516266
4955,0,normal,0.004116841591894627,0.3096891847509708,-55.40890760946763
4956,0,normal,0.004116841591894627,0.3096891847509708,-55.40890760946763
4957,0,normal,0.004116841591894627,0.3096891847509708,-55.40890760946763
4958,0,normal,0.004116841591894627,0.3096891847509708,-55.40890760946763
4959,0,normal,0.004116841591894627,0.3096891847509708,-55.40890760946763
4960,0,normal,0.004116841591894627,0.3096891847509708,-55.40890760946763
4961,0,normal,0.004116841591894627,0.3096891847509708,-55.40890760946763
4962,0,normal,0.004116841591894627,0.3096891847509708,-55.40890760946763
4963,0,normal,0.004116841591894627,0.3096891847509708,-55.40890760946763
4964,0,normal,0.004116841591894627,0.3096891847509708,-55.40890760946763
4965,0,normal,0.004116841591894627,0.3096891847509708,-55.40890760946763
4966,0,normal,0.004116841591894627,0.3096891847509708,-55.40890760946763
4967,0,normal,0.004116841591894627,0.3096891847509708,-55.40890760946763
4968,0,normal,0.004116841591894627,0.3096891847509708,-55.40890760946763
4969,0,normal,0.004116841591894627,0.3096891847509708,-55.40890760946763
4970,0,normal,0.004116841591894627,0.3096891847509708,-55.40890760946763
4971,0,normal,0.004116841591894627,0.3096891847509708,-55.40890760946763
4972,0,normal,0.004116841591894627,0.3096891847509708,-55.40890760946763
4973,0,normal,0.004116841591894627,0.3096891847509708,-55.40890760946763
4974,0,normal,0.004116841591894627,0.3096891847509708,-55.40890760946763
4975,0,normal,0.004116841591894627,0.3096891847509708,-55.40890760946763
4976,0,normal,0.004116841591894627,0.3096891847509708,-55.40890760946763
4977,0,normal,0.004116841591894627,0.3096891847509708,-55.40890760946763
4978,0,normal,0.004116841591894627,0.3096891847509708,-55.40890760946763
4979,0,normal,0.004116841591894627,0.3096891847509708,-55.40890760946763
4980,0,normal,0.004116841591894627,0.3096891847509708,-55.40890760946763
4981,0,normal,0.004116841591894627,0.3096891847509708,-55.40890760946763
4982,0,normal,0.004116841591894627,0.3096891847509708,-55.40890760946763
4983,0,normal,0.004116841591894627,0.3096891847509708,-55.40890760946763
4984,0,normal,0.004116841591894627,0.3096891847509708,-55.40890760946763
4985,0,normal,0.004116841591894627,0.3096891847509708,-55.40890760946763
4986,0,normal,0.004116841591894627,0.3096891847509708,-55.40890760946763
4987,0,normal,0.004116841591894627,0.3096891847509708,-55.40890760946763
4988,0,normal,0.004116841591894627,0.3096891847509708,-55.40890760946763
4989,0,normal,0.004116841591894627,0.3096891847509708,-55.40890760946763
4990,0,normal,0.004116841591894627,0.3096891847509708,-55.40890760946763
4991,0,normal,0.004116841591894627,0.3096891847509708,-55.40890760946763
4992,0,normal,0.004116841591894627,0.3096891847509708,-55.40890760946763
4993,0,normal,0.004116841591894627,0.3096891847509708,-55.40890760946763
4994,0,normal,0.004116841591894627,0.3096891847509708,-55.40890760946763
4995,0,normal,0.004116841591894627,0.3096891847509708,-55.40890760946763
4996,0,normal,0.004116841591894627,0.3096891847509708,-55.40890760946763
4997,0,normal,0.004116841591894627,0.3096891847509708,-55.40890760946763
4998,0,normal,0.004116841591894627,0.3096891847509708,-55.40890760946763
4999,0,normal,0.004116841591894627,0.3096891847509708,-55.40890760946763
5000,0,normal,0.004116841591894627,0.3096891847509708,-55.40890760946763
5001,0,normal,0.004116841591894627,0.3096891847509708,-55.40890760946763
5002,0,normal,0.004116841591894627,0.3096891847509708,-55.40890760946763
5003,0,normal,0.004116841591894627,0.3096891847509708,-55.40890760946763
5004,0,normal,0.004116841591894627,0.3096891847509708,-55.40890760946763
5005,0,normal,0.004116841591894627,0.3096891847509708,-55.40890760946763
5006,0,normal,0.004116841591894627,0.3096891847509708,-55.40890760946763
5007,0,normal,0.004116841591894627,0.3096891847509708,-55.40890760946763
5008,0,normal,7.44751501083374,0.3243470847605474,-24.826490424591157
5009,0,normal,0.04896416887640953,0.34210708507903437,-24.997925597673884
5010,0,normal,0.8746205568313599,0.33289516574164235,-23.693920639084126
5011,0,normal,1.4477405548095703,0.36849878713585593,1.2302097148397024
5012,0,normal,0.18300436437129974,0.36377497635879325,1.7709490237257342
5013,0,normal,0.23267632722854614,0.38062862632086997,3.016153846634552
5014,0,normal,0.25232312083244324,0.3793990987226043,4.32471162150614
5015,0,normal,0.26616185903549194,0.3843367091036023,5.646792819415623
5016,0,normal,0.2415919005870819,0.39889864051583357,6.98287845841287
5017,0,normal,0.21184700727462769,0.39873011243870154,8.322346759721995
5018,0,normal,0.2483520209789276,0.4130426786506644,9.683377409238119
5019,0,normal,2.572430372238159,0.4315989520091157,24.8622359063138
5020,0,normal,2.8429644107818604,0.4206716116292785,36.409435438780974
5021,0,normal,0.5260041356086731,0.443340658607933,36.14624469438513
5022,0,normal,6.0325398445129395,0.4557475461178075,64.16524619422444
5023,0,normal,0.0655609518289566,0.4483283388335276,64.07863250545688
5024,0,normal,0.24289661645889282,0.4529662202779496,63.93442010170952
5025,0,normal,3.2852044105529785,0.4771024602420489,87.25026981115388
5026,0,normal,0.25659483671188354,0.4728447412784015,87.92529927226633
5027,0,normal,0.43556854128837585,0.4901672866072612,89.20286647292892
5028,0,normal,0.4804297983646393,0.48477014621289816,90.5947222951811
5029,0,normal,0.4272465109825134,0.48899655206853204,91.92352166077899
5030,0,normal,0.3336384892463684,0.5079711587881383,93.32610672015585
5031,0,normal,0.26006075739860535,0.4870621474402949,94.84880803571059
5032,0,normal,0.3262139558792114,0.4949245699474868,96.36303214040595
5033,0,normal,0.8438759446144104,0.4919083684118203,97.96802815755814
5034,0,normal,1.5285860300064087,0.5213230920827733,121.9302770627313
5035,0,normal,0.19210325181484222,0.5353406437544304,123.46593243875384
5036,0,normal,2.621184825897217,0.5447972191821954,136.50009284346845
5037,0,normal,0.042749274522066116,0.519435465165301,137.3995264045384
5038,0,normal,0.014787990599870682,0.5147257493240396,112.6525912653475
5039,0,normal,0.011648882180452347,0.5412399620728421,113.24876281432728
5040,0,normal,0.010111138224601746,0.49727543535502466,111.89185333913747
5041,0,normal,0.008232961408793926,0.5168998020337859,87.12973652705796
5042,0,normal,0.006658059544861317,0.4904061545944623,86.07949913793868
5043,0,normal,0.00539418263360858,0.5017825109359593,84.95996465592793
5044,0,normal,0.00449809804558754,0.4903306394782252,83.95284679933866
5045,0,normal,0.003942109644412994,0.4772076315979468,83.06189344949962
5046,0,normal,0.0036572383251041174,0.4736541154475912,81.91498232079812
5047,0,normal,0.003560671815648675,0.4754114017357479,80.5555437033272
5048,0,normal,0.0035744463093578815,0.4711968703124861,79.1076457663919
5049,0,normal,0.0036358418874442577,0.4608524225368025,63.42516642047167
5050,0,normal,0.003715428989380598,0.46860052390430573,51.607113575675385
5051,0,normal,0.0037895701825618744,0.43757879189041415,52.40801404135914
5052,0,normal,0.0038435673341155052,0.41311241567554174,25.452760819238392
5053,0,normal,0.003894966561347246,0.42865415186745154,26.363889602654353
5054,0,normal,0.0039377277716994286,0.426391044254372,27.386708165570553
5055,0,normal,0.003961759153753519,0.4031609429221519,0.62055971905761
5056,0,normal,0.003995831124484539,0.4055726969919197,-0.48975627627123686
5057,0,normal,0.004027314018458128,0.3823225583087186,-1.5586522857595355
5058,0,normal,0.004056851379573345,0.3741093072692175,-2.7420821257924217
5059,0,normal,0.004084296524524689,0.38500396518311397,-3.4372499153657827
5060,0,normal,0.0041080666705966,0.3680981985354292,-4.520729503481107
5061,0,normal,0.004125159699469805,0.3627547522286344,-5.8403426339903035
5062,0,normal,0.004134471528232098,0.3623091651374943,-7.54827591076014
5063,0,normal,0.004137334879487753,0.35890572901766277,-9.501466422819476
5064,0,normal,0.004039168823510408,0.33973794570518256,-38.1138729395318
5065,0,normal,0.0040837619453668594,0.32715017041907024,-40.533345638516266
5066,0,normal,0.004116841591894627,0.3096891847509708,-55.40890760946763
5067,0,normal,0.004116841591894627,0.3096891847509708,-55.40890760946763
5068,0,normal,0.004116841591894627,0.3096891847509708,-55.40890760946763
5069,0,normal,0.004116841591894627,0.3096891847509708,-55.40890760946763
5070,0,normal,0.004116841591894627,0.3096891847509708,-55.40890760946763
5071,0,normal,0.004116841591894627,0.3096891847509708,-55.40890760946763
5072,0,normal,0.004116841591894627,0.3096891847509708,-55.40890760946763
5073,0,normal,0.004116841591894627,0.3096891847509708,-55.40890760946763
5074,0,normal,0.004116841591894627,0.3096891847509708,-55.40890760946763
5075,0,normal,0.004116841591894627,0.3096891847509708,-55.40890760946763
5076,0,normal,0.004116841591894627,0.3096891847509708,-55.40890760946763
5077,0,normal,0.004116841591894627,0.3096891847509708,-55.40890760946763
5078,0,normal,0.004116841591894627,0.3096891847509708,-55.40890760946763
5079,0,normal,0.004116841591894627,0.3096891847509708,-55.40890760946763
5080,0,normal,0.004116841591894627,0.3096891847509708,-55.40890760946763
5081,0,normal,0.004116841591894627,0.3096891847509708,-55.40890760946763
5082,0,normal,0.004116841591894627,0.3096891847509708,-55.40890760946763
5083,0,normal,0.004116841591894627,0.3096891847509708,-55.40890760946763
5084,0,normal,0.004116841591894627,0.3096891847509708,-55.40890760946763
5085,0,normal,0.004116841591894627,0.3096891847509708,-55.40890760946763
5086,0,normal,0.004116841591894627,0.3096891847509708,-55.40890760946763
5087,0,normal,0.004116841591894627,0.3096891847509708,-55.40890760946763
5088,0,normal,0.004116841591894627,0.3096891847509708,-55.40890760946763
5089,0,normal,0.004116841591894627,0.3096891847509708,-55.40890760946763
5090,0,normal,0.004116841591894627,0.3096891847509708,-55.40890760946763
5091,0,normal,0.004116841591894627,0.3096891847509708,-55.40890760946763
5092,0,normal,0.004116841591894627,0.3096891847509708,-55.40890760946763
5093,0,normal,0.004116841591894627,0.3096891847509708,-55.40890760946763
5094,0,normal,0.004116841591894627,0.3096891847509708,-55.40890760946763
5095,0,normal,0.004116841591894627,0.3096891847509708,-55.40890760946763
5096,0,normal,0.004116841591894627,0.3096891847509708,-55.40890760946763
5097,0,normal,0.004116841591894627,0.3096891847509708,-55.40890760946763
5098,0,normal,0.004116841591894627,0.3096891847509708,-55.40890760946763
5099,0,normal,0.004116841591894627,0.3096891847509708,-55.40890760946763
5100,0,normal,0.004116841591894627,0.3096891847509708,-55.40890760946763
5101,0,normal,0.004116841591894627,0.3096891847509708,-55.40890760946763
5102,0,normal,0.004116841591894627,0.3096891847509708,-55.40890760946763
5103,0,normal,0.004116841591894627,0.3096891847509708,-55.40890760946763
5104,0,normal,0.004116841591894627,0.3096891847509708,-55.40890760946763
5105,0,normal,7.44751501083374,0.3243470847605474,-24.826490424591157
5106,0,normal,0.04896416887640953,0.34210708507903437,-24.997925597673884
5107,0,normal,0.5408746004104614,0.3268881500123117,-25.284586343469755
5108,0,normal,1.6049847602844238,0.35822561774273665,-0.27345054139709646
5109,0,normal,0.5611042976379395,0.35706942530157704,-1.2770238411956143
5110,0,normal,0.2818252444267273,0.37202880599375876,0.05488430781883835
5111,0,normal,0.30392006039619446,0.37448405645564664,1.365362203851646
5112,0,normal,0.32867518067359924,0.37011541583734847,2.711556072109488
5113,0,normal,0.38860246539115906,0.38420788373344933,2.5284869749493737
5114,0,normal,0.34821808338165283,0.3858134903284734,3.8887827824623855
5115,0,normal,0.2716904878616333,0.40736554425773286,5.214285318850443
5116,0,normal,0.586172342300415,0.39678118666505247,5.07665301880138
5117,0,normal,3.038050889968872,0.4195622296040335,30.590771482015953
5118,0,normal,0.40913835167884827,0.4267930329756779,30.21498245346129
5119,0,normal,2.308861017227173,0.43239172604504345,43.478918152903816
5120,0,normal,0.04119585454463959,0.4394041449908679,43.52923419978697
5121,0,normal,0.017889734357595444,0.42643200209699167,43.58189786871594
5122,0,normal,0.01436193473637104,0.45258539324778924,43.19457746624971
5123,0,normal,0.01146385446190834,0.4322934660224148,43.045520414492785
5124,0,normal,0.008800406940281391,0.45312765257634463,43.09099123449232
5125,0,normal,0.00672935089096427,0.42668309109695307,43.2081904707627
5126,0,normal,0.005266913212835789,0.42921834794008007,43.30722669976717
5127,0,normal,0.00432927580550313,0.43224652310281203,43.45680189876339
5128,0,normal,0.0038021947257220745,0.42097082296011823,43.67917281494215
5129,0,normal,0.0035654446110129356,0.4262850359198218,43.8827498663361
5130,0,normal,0.0035098439548164606,0.42303493503768336,44.15047857866057
5131,0,normal,0.0035496901255100965,0.42255546096760993,44.53807017935196
5132,0,normal,0.0036274190060794353,0.44181994622152426,44.82595593043038
5133,0,normal,0.0037106843665242195,0.44886144565592334,45.65408751447035
5134,0,normal,0.003785277483984828,0.4280777556228277,46.34451634047514
5135,0,normal,0.0038389447145164013,0.39974588571530306,19.083908532460555
5136,0,normal,0.003890484571456909,0.41878696447932195,19.821945620312817
5137,0,normal,0.003933818079531193,0.41291127443284675,20.641834250808643
5138,0,normal,0.00396497780457139,0.3846242178565614,-6.612718493307057
5139,0,normal,0.0039986129850149155,0.3961095821217801,-5.553893950589099
5140,0,normal,0.004030417185276747,0.3669158661931315,-6.871278652661431
5141,0,normal,0.004060195758938789,0.36514610107208373,-8.403530011182283
5142,0,normal,0.004087467677891254,0.3782295128251766,-9.46530990350061
5143,0,normal,0.004105573520064354,0.3588487493303945,-8.430414906179294
5144,0,normal,0.004120567813515663,0.35604968489812383,-10.066526344580552
5145,0,normal,0.004127270542085171,0.3500139634804298,-12.063457384960657
5146,0,normal,0.004130373243242502,0.35076260935478903,-11.772842569680506
5147,0,normal,0.004058622755110264,0.3299586058700084,-40.59510611764813
5148,0,normal,0.0040837619453668594,0.32715017041907024,-40.533345638516266
5149,0,normal,0.004116841591894627,0.3096891847509708,-55.40890760946763
5150,0,normal,0.004116841591894627,0.3096891847509708,-55.40890760946763
5151,0,normal,0.004116841591894627,0.3096891847509708,-55.40890760946763
5152,0,normal,0.004116841591894627,0.3096891847509708,-55.40890760946763
5153,0,normal,0.004116841591894627,0.3096891847509708,-55.40890760946763
5154,0,normal,0.004116841591894627,0.3096891847509708,-55.40890760946763
5155,0,normal,0.004116841591894627,0.3096891847509708,-55.40890760946763
5156,0,normal,0.004116841591894627,0.3096891847509708,-55.40890760946763
5157,0,normal,0.004116841591894627,0.3096891847509708,-55.40890760946763
5158,0,normal,0.004116841591894627,0.3096891847509708,-55.40890760946763
5159,0,normal,0.004116841591894627,0.3096891847509708,-55.40890760946763
5160,0,normal,0.004116841591894627,0.3096891847509708,-55.40890760946763
5161,0,normal,0.004116841591894627,0.3096891847509708,-55.40890760946763
5162,0,normal,0.004116841591894627,0.3096891847509708,-55.40890760946763
5163,0,normal,0.004116841591894627,0.3096891847509708,-55.40890760946763
5164,0,normal,0.004116841591894627,0.3096891847509708,-55.40890760946763
5165,0,normal,0.004116841591894627,0.3096891847509708,-55.40890760946763
5166,0,normal,0.004116841591894627,0.3096891847509708,-55.40890760946763
5167,0,normal,0.004116841591894627,0.3096891847509708,-55.40890760946763
5168,0,normal,0.004116841591894627,0.3096891847509708,-55.40890760946763
5169,0,normal,0.004116841591894627,0.3096891847509708,-55.40890760946763
5170,0,normal,0.004116841591894627,0.3096891847509708,-55.40890760946763
5171,0,normal,0.004116841591894627,0.3096891847509708,-55.40890760946763
5172,0,normal,0.004116841591894627,0.3096891847509708,-55.40890760946763
5173,0,normal,0.004116841591894627,0.3096891847509708,-55.40890760946763
5174,0,normal,0.004116841591894627,0.3096891847509708,-55.40890760946763
5175,0,normal,0.004116841591894627,0.3096891847509708,-55.40890760946763
5176,0,normal,0.004116841591894627,0.3096891847509708,-55.40890760946763
5177,0,normal,0.004116841591894627,0.3096891847509708,-55.40890760946763
5178,0,normal,0.004116841591894627,0.3096891847509708,-55.40890760946763
5179,0,normal,0.004116841591894627,0.3096891847509708,-55.40890760946763
5180,0,normal,0.004116841591894627,0.3096891847509708,-55.40890760946763
5181,0,normal,0.004116841591894627,0.3096891847509708,-55.40890760946763
5182,0,normal,0.004116841591894627,0.3096891847509708,-55.40890760946763
5183,0,normal,0.004116841591894627,0.3096891847509708,-55.40890760946763
5184,0,normal,0.004116841591894627,0.3096891847509708,-55.40890760946763
5185,0,normal,0.004116841591894627,0.3096891847509708,-55.40890760946763
5186,0,normal,0.004116841591894627,0.3096891847509708,-55.40890760946763
5187,0,normal,0.004116841591894627,0.3096891847509708,-55.40890760946763
5188,0,normal,0.004116841591894627,0.3096891847509708,-55.40890760946763
5189,0,normal,0.004116841591894627,0.3096891847509708,-55.40890760946763
5190,0,normal,0.004116841591894627,0.3096891847509708,-55.40890760946763
5191,0,normal,0.004116841591894627,0.3096891847509708,-55.40890760946763
5192,0,normal,0.004116841591894627,0.3096891847509708,-55.40890760946763
5193,0,normal,0.004116841591894627,0.3096891847509708,-55.40890760946763
5194,0,normal,0.004116841591894627,0.3096891847509708,-55.40890760946763
5195,0,normal,0.004116841591894627,0.3096891847509708,-55.40890760946763
5196,0,normal,0.004116841591894627,0.3096891847509708,-55.40890760946763
5197,0,normal,0.004116841591894627,0.3096891847509708,-55.40890760946763
5198,0,normal,0.004116841591894627,0.3096891847509708,-55.40890760946763
5199,0,normal,0.004116841591894627,0.3096891847509708,-55.40890760946763
5200,0,normal,0.004116841591894627,0.3096891847509708,-55.40890760946763
5201,0,normal,0.004116841591894627,0.3096891847509708,-55.40890760946763
5202,0,normal,7.44751501083374,0.3243470847605474,-24.826490424591157
5203,0,normal,0.04896416887640953,0.34210708507903437,-24.997925597673884
5204,0,normal,0.5408746004104614,0.3268881500123117,-25.284586343469755
5205,0,normal,1.6049847602844238,0.35822561774273665,-0.27345054139709646
5206,0,normal,0.17567051947116852,0.3612279444692819,0.25389278290822404
5207,0,normal,0.2324112206697464,0.3753750367969496,1.5383614713643965
5208,0,normal,0.2631765604019165,0.37515987021619873,2.860084655726723
5209,0,normal,0.2771281599998474,0.3774803647306848,4.167176486189646
5210,0,normal,0.24832507967948914,0.38927946687622145,5.490942210747562
5211,0,normal,0.21444465219974518,0.3969772627305264,6.819156061209014
5212,0,normal,0.24913769960403442,0.41356138528176073,8.168167201029974
5213,0,normal,0.5917154550552368,0.41112070450431387,9.519722358176068
5214,0,normal,2.014023780822754,0.4276538305690519,34.880455229915924
5215,0,normal,0.19363471865653992,0.4387235563041674,36.03081274234978
5216,0,normal,0.3709867298603058,0.4400849649239725,36.445079584804716
5217,0,normal,2.207531452178955,0.4399789437004107,49.63100857652557
5218,0,normal,0.04149780794978142,0.4511008883293852,49.69239767521549
5219,0,normal,0.009191911667585373,0.4599073439637548,49.722840274770306
5220,0,normal,0.004770647268742323,0.4398068789179183,49.338288612461156
5221,0,normal,0.0026193170342594385,0.45021973266001464,49.187296647721496
5222,0,normal,0.001620535273104906,0.4477030827063075,49.319655674353044
5223,0,normal,0.0014771795831620693,0.44286264251864055,49.444919985432534
5224,0,normal,0.00179577455855906,0.4495190328425218,49.61525284945151
5225,0,normal,0.002277481136843562,0.4446459536809365,49.83235814256841
5226,0,normal,0.0027441633865237236,0.44028079776371615,50.04532578787371
5227,0,normal,0.003116707317531109,0.43693490328345985,50.31432876697886
5228,0,normal,0.0033819866366684437,0.4411600476870398,50.719101614306055
5229,0,normal,0.003560070414096117,0.43704644011829713,51.050562392139
5230,0,normal,0.0036797518841922283,0.4714773512299603,51.91973781944807
5231,0,normal,0.003765302710235119,0.441658177762614,52.71908199956442
5232,0,normal,0.003822940867394209,0.42211707313938174,25.77368625015356
5233,0,normal,0.0038807739038020372,0.43305502784944766,26.691890432613718
5234,0,normal,0.003929921425879002,0.42419500399464066,27.701124484893626
5235,0,normal,0.003959581255912781,0.40243244342796947,0.964024336686407
5236,0,normal,0.003998104482889175,0.40164978159498027,-0.27793722869319026
5237,0,normal,0.004032630007714033,0.38969357593289444,-1.3225691731711322
5238,0,normal,0.0040635522454977036,0.3814178125076421,-2.5262133342689594
5239,0,normal,0.004090607166290283,0.38858434505717554,-3.2871431205603585
5240,0,normal,0.004112349823117256,0.3708132448301712,-4.203137463881603
5241,0,normal,0.004126196727156639,0.36728476218482964,-5.358841937598754
5242,0,normal,0.004131666850298643,0.361607648713802,-6.954652441874941
5243,0,normal,0.00413028709590435,0.36507636998652165,-8.763895594578571
5244,0,normal,0.00397418113425374,0.3342736405005943,-37.247884704653416
5245,0,normal,0.004043907858431339,0.33463341102624644,-39.55360901164272
5246,0,normal,0.0040837619453668594,0.32715017041907024,-40.533345638516266
5247,0,normal,0.004116841591894627,0.3096891847509708,-55.40890760946763
5248,0,normal,0.004116841591894627,0.3096891847509708,-55.40890760946763
5249,0,normal,0.004116841591894627,0.3096891847509708,-55.40890760946763
5250,0,normal,0.004116841591894627,0.3096891847509708,-55.40890760946763
5251,0,normal,0.004116841591894627,0.3096891847509708,-55.40890760946763
5252,0,normal,0.004116841591894627,0.3096891847509708,-55.40890760946763
5253,0,normal,0.004116841591894627,0.3096891847509708,-55.40890760946763
5254,0,normal,0.004116841591894627,0.3096891847509708,-55.40890760946763
5255,0,normal,0.004116841591894627,0.3096891847509708,-55.40890760946763
5256,0,normal,0.004116841591894627,0.3096891847509708,-55.40890760946763
5257,0,normal,0.004116841591894627,0.3096891847509708,-55.40890760946763
5258,0,normal,0.004116841591894627,0.3096891847509708,-55.40890760946763
5259,0,normal,0.004116841591894627,0.3096891847509708,-55.40890760946763
5260,0,normal,0.004116841591894627,0.3096891847509708,-55.40890760946763
5261,0,normal,0.004116841591894627,0.3096891847509708,-55.40890760946763
5262,0,normal,0.004116841591894627,0.3096891847509708,-55.40890760946763
5263,0,normal,0.004116841591894627,0.3096891847509708,-55.40890760946763
5264,0,normal,0.004116841591894627,0.3096891847509708,-55.40890760946763
5265,0,normal,0.004116841591894627,0.3096891847509708,-55.40890760946763
5266,0,normal,0.004116841591894627,0.3096891847509708,-55.40890760946763
5267,0,normal,0.004116841591894627,0.3096891847509708,-55.40890760946763
5268,0,normal,0.004116841591894627,0.3096891847509708,-55.40890760946763
5269,0,normal,0.004116841591894627,0.3096891847509708,-55.40890760946763
5270,0,normal,0.004116841591894627,0.3096891847509708,-55.40890760946763
5271,0,normal,0.004116841591894627,0.3096891847509708,-55.40890760946763
5272,0,normal,0.004116841591894627,0.3096891847509708,-55.40890760946763
5273,0,normal,0.004116841591894627,0.3096891847509708,-55.40890760946763
5274,0,normal,0.004116841591894627,0.3096891847509708,-55.40890760946763
5275,0,normal,0.004116841591894627,0.3096891847509708,-55.40890760946763
5276,0,normal,0.004116841591894627,0.3096891847509708,-55.40890760946763
5277,0,normal,0.004116841591894627,0.3096891847509708,-55.40890760946763
5278,0,normal,0.004116841591894627,0.3096891847509708,-55.40890760946763
5279,0,normal,0.004116841591894627,0.3096891847509708,-55.40890760946763
5280,0,normal,0.004116841591894627,0.3096891847509708,-55.40890760946763
5281,0,normal,0.004116841591894627,0.3096891847509708,-55.40890760946763
5282,0,normal,0.004116841591894627,0.3096891847509708,-55.40890760946763
5283,0,normal,0.004116841591894627,0.3096891847509708,-55.40890760946763
5284,0,normal,0.004116841591894627,0.3096891847509708,-55.40890760946763
5285,0,normal,0.004116841591894627,0.3096891847509708,-55.40890760946763
5286,0,normal,0.004116841591894627,0.3096891847509708,-55.40890760946763
5287,0,normal,0.004116841591894627,0.3096891847509708,-55.40890760946763
5288,0,normal,0.004116841591894627,0.3096891847509708,-55.40890760946763
5289,0,normal,0.004116841591894627,0.3096891847509708,-55.40890760946763
5290,0,normal,0.004116841591894627,0.3096891847509708,-55.40890760946763
5291,0,normal,0.004116841591894627,0.3096891847509708,-55.40890760946763
5292,0,normal,0.004116841591894627,0.3096891847509708,-55.40890760946763
5293,0,normal,0.004116841591894627,0.3096891847509708,-55.40890760946763
5294,0,normal,0.004116841591894627,0.3096891847509708,-55.40890760946763
5295,0,normal,0.004116841591894627,0.3096891847509708,-55.40890760946763
5296,0,normal,0.004116841591894627,0.3096891847509708,-55.40890760946763
5297,0,normal,0.004116841591894627,0.3096891847509708,-55.40890760946763
5298,0,normal,0.004116841591894627,0.3096891847509708,-55.40890760946763
5299,0,normal,0.004116841591894627,0.3096891847509708,-55.40890760946763
5300,0,normal,0.004116841591894627,0.3096891847509708,-55.40890760946763
5301,0,normal,0.004116841591894627,0.3096891847509708,-55.40890760946763
5302,0,normal,0.004116841591894627,0.3096891847509708,-55.40890760946763
5303,0,normal,0.004116841591894627,0.3096891847509708,-55.40890760946763
5304,0,normal,0.004116841591894627,0.3096891847509708,-55.40890760946763
5305,0,normal,0.004116841591894627,0.3096891847509708,-55.40890760946763
5306,0,normal,0.004116841591894627,0.3096891847509708,-55.40890760946763
5307,0,normal,0.004116841591894627,0.3096891847509708,-55.40890760946763
5308,0,normal,0.004116841591894627,0.3096891847509708,-55.40890760946763
5309,0,normal,0.004116841591894627,0.3096891847509708,-55.40890760946763
5310,0,normal,7.44751501083374,0.3243470847605474,-24.826490424591157
5311,0,normal,0.04896416887640953,0.34210708507903437,-24.997925597673884
5312,0,normal,2.345215320587158,0.3498820157064526,-12.98388830209501
5313,0,normal,130.43881225585938,0.39776250154179316,427.5392236313103
5314,0,normal,0.8464583158493042,0.3863635585059372,426.9839793648039
5315,0,normal,0.7799952626228333,0.40805748197812197,427.7941329354402
5316,0,normal,1.0883504152297974,0.38945309075985424,428.4959995114791
5317,0,normal,1.3840910196304321,0.40531783537621613,429.28324545606006
5318,0,normal,1.6559033393859863,0.42175677735205114,430.1493313036069
5319,0,normal,2.0549724102020264,0.4217840282488858,430.9821441922526
5320,0,normal,2.600158929824829,0.43459632856820984,431.8374691617943
5321,0,normal,3.126431465148926,0.42413472972702765,432.7218639189008
5322,0,normal,1.5358344316482544,0.43406949632471886,447.6144704559284
5323,0,normal,0.21471863985061646,0.46703937090622405,448.353623555706
5324,0,normal,0.5343017578125,0.45461885221052084,448.24475985398954
5325,0,normal,2.1785154342651367,0.43696378567151895,456.4706991480733
5326,0,normal,0.03574468195438385,0.4781828404594721,456.47496174564435
5327,0,normal,0.009557073935866356,0.46887257562344214,456.5118527292651
5328,0,normal,0.006090821698307991,0.45975169028835455,456.2724518222374
5329,0,normal,0.003863947233185172,0.4701389641496617,456.15008593953564
5330,0,normal,0.00255673099309206,0.46500914531532617,456.2077052473111
5331,0,normal,0.0020644860342144966,0.46052703756257646,456.2771037803898
5332,0,normal,0.0020854154136031866,0.4557328843255123,456.3751834049681
5333,0,normal,0.0023589199408888817,0.468497965958855,456.52895686220324
5334,0,normal,0.0027094436809420586,0.4620344639596118,456.7129097622063
5335,0,normal,0.0030374315101653337,0.4427604495108045,456.9768551694831
5336,0,normal,0.003300786018371582,0.4565348070497414,457.3013095448255
5337,0,normal,0.003494296222925186,0.46728705676925714,457.6856812206398
5338,0,normal,0.0036309610586613417,0.47760995684264906,458.32925616503144
5339,0,normal,0.0037284770514816046,0.4567728846764758,458.8958064120184
5340,0,normal,0.0037961096968501806,0.43119470982115804,442.09902015289754
5341,0,normal,0.003857416333630681,0.4534676265840125,442.65495481344954
5342,0,normal,0.003908214624971151,0.4259895600194662,434.87316370531937
5343,0,normal,0.003949972800910473,0.39410897995485006,-3.448579111006893
5344,0,normal,0.003988585434854031,0.3974030755624975,-2.367286384547242
5345,0,normal,0.004023783840239048,0.3899597851642327,-3.475253833086299
5346,0,normal,0.00405510701239109,0.37514155577107783,-4.774967387413881
5347,0,normal,0.004081972409039736,0.386923564306005,-5.704339039135903
5348,0,normal,0.00410331878811121,0.3644052216572881,-6.822360195521924
5349,0,normal,0.004117464181035757,0.35936088132619715,-8.190410606425303
5350,0,normal,0.004122842103242874,0.3536362748119621,-10.023377248340694
5351,0,normal,0.004119928926229477,0.35752219732108326,-12.041856583121216
5352,0,normal,0.003999398089945316,0.3305387656213625,-38.223657479460826
5353,0,normal,0.004058622755110264,0.3299586058700084,-40.59510611764813
5354,0,normal,0.0040837619453668594,0.32715017041907024,-40.533345638516266
5355,0,normal,0.004116841591894627,0.3096891847509708,-55.40890760946763
5356,0,normal,0.004116841591894627,0.3096891847509708,-55.40890760946763
5357,0,normal,0.004116841591894627,0.3096891847509708,-55.40890760946763
5358,0,normal,7.44751501083374,0.3243470847605474,-24.826490424591157
5359,0,normal,0.04896416887640953,0.34210708507903437,-24.997925597673884
5360,0,normal,0.5408746004104614,0.3268881500123117,-25.284586343469755
5361,0,normal,2.56185245513916,0.32587843004063705,-26.6487208404144
5362,0,normal,0.7207207083702087,0.3693597405815156,-0.9995802382559305
5363,0,normal,0.1670732945203781,0.363333624236727,0.051472572709826636
5364,0,normal,0.6724029779434204,0.3732409837192731,-0.12360141956241932
5365,0,normal,0.37042054533958435,0.36994936961190633,1.2326018089991067
5366,0,normal,0.4335475564002991,0.36868918728248523,1.017023214739993
5367,0,normal,6.695936679840088,0.4099130922734651,21.46959824384453
5368,0,normal,0.33681172132492065,0.405820143277592,21.180215864927504
5369,0,normal,0.39440643787384033,0.41412686544862826,21.660381109112222
5370,0,normal,0.4121309220790863,0.409555292486379,22.118367003907906
5371,0,normal,1.4559507369995117,0.4081182612929205,28.303153133402475
5372,0,normal,1.608412265777588,0.4261467884245712,35.41461211806677
5373,0,normal,0.030002441257238388,0.42492392699537324,35.33146575130877
5374,0,normal,0.016515493392944336,0.4182489760706618,35.13836425393265
5375,0,normal,0.03351474553346634,0.42206432180723835,34.81820880768532
5376,0,normal,0.048126645386219025,0.4211990601867006,34.7863729048363
5377,0,normal,0.05517379939556122,0.4208527246323027,34.812216435226446
5378,0,normal,0.053958624601364136,0.42342554051571407,34.92307406093937
5379,0,normal,0.04607208073139191,0.41162014123148516,34.97876355244034
5380,0,normal,0.034757159650325775,0.40766041043430506,35.07389888789294
5381,0,normal,0.023580487817525864,0.4104548424755808,35.34125157602057
5382,0,normal,0.014857279136776924,0.4156197061845928,35.53441417390968
5383,0,normal,0.009192227385938168,0.4191132066380753,35.70429996499524
5384,0,normal,0.0060651893727481365,0.4244597034275462,35.97060124886275
5385,0,normal,0.0046082171611487865,0.4097297264319373,36.3521511419558
5386,0,normal,0.004070562776178122,0.41998799354306104,36.70149427825595
5387,0,normal,0.0039567104540765285,0.4392411808641004,37.566184243627504
5388,0,normal,0.004001632332801819,0.3908970643832416,9.95096793960397
5389,0,normal,0.004064229782670736,0.39400561242489124,10.828338482191839
5390,0,normal,0.004106948617845774,0.38352814652414696,11.655413410848496
5391,0,normal,0.0041243345476686954,0.39246468624771824,12.469438290538392
5392,0,normal,0.004086532164365053,0.38446782763090265,-14.655998698015765
5393,0,normal,0.004099054262042046,0.35692428968791085,-16.135982318265633
5394,0,normal,0.004089942201972008,0.35422103834531926,-15.153015484447906
5395,0,normal,0.004065454006195068,0.3538376815062568,-16.821987007149573
5396,0,normal,0.004050168674439192,0.3579951808776418,-16.206092890016862
5397,0,normal,0.003859439631924033,0.33292648972551914,-39.07059020003999
5398,0,normal,0.003900006879121065,0.3368319610195033,-38.751102723507756
5399,0,normal,0.00399567699059844,0.32783619134033426,-39.588060196982724
5400,0,normal,0.004062023479491472,0.3341915993621645,-40.5338605788304
5401,0,normal,0.004100759979337454,0.3174588320091446,-47.57847394452074
5402,0,normal,0.004116841591894627,0.3096891847509708,-55.40890760946763
5403,0,normal,0.004116841591894627,0.3096891847509708,-55.40890760946763
5404,0,normal,0.004116841591894627,0.3096891847509708,-55.40890760946763
5405,0,normal,0.004116841591894627,0.3096891847509708,-55.40890760946763
5406,0,normal,0.004116841591894627,0.3096891847509708,-55.40890760946763
5407,0,normal,0.004116841591894627,0.3096891847509708,-55.40890760946763
5408,0,normal,7.44751501083374,0.3243470847605474,-24.826490424591157
5409,0,normal,0.04896416887640953,0.34210708507903437,-24.997925597673884
5410,0,normal,2.345215320587158,0.3498820157064526,-12.98388830209501
5411,0,normal,1.80845046043396,0.3859434245463734,11.559114419312664
5412,0,normal,0.18545030057430267,0.379317840733877,12.105962410665825
5413,0,normal,0.6033479571342468,0.3887820953623932,11.856103009060007
5414,0,normal,0.3959258198738098,0.38423768160379274,13.217628455665363
5415,0,normal,0.4649865925312042,0.38602523381819775,13.02467550547226
5416,0,normal,0.4682967960834503,0.40608157171857323,14.455018952389537
5417,0,normal,0.3524307906627655,0.40924010994712745,15.786556123784067
5418,0,normal,0.24124230444431305,0.4101229345172125,15.671336983636365
5419,0,normal,5.56267786026001,0.44498095824079037,40.97749882478365
5420,0,normal,0.24576841294765472,0.41761968538655897,41.21974903644468
5421,0,normal,0.5320718288421631,0.4462422549117045,41.11754209305104
5422,0,normal,2.364081859588623,0.4501046508936524,54.204202081200265
5423,0,normal,0.05632268637418747,0.4376663778845292,54.204153057191434
5424,0,normal,0.015207497403025627,0.4621676639154112,54.240394568350894
5425,0,normal,0.006873541045933962,0.4282145301155855,53.84454541623927
5426,0,normal,0.003056582994759083,0.4483261050100233,53.68833415055633
5427,0,normal,0.0015661370707675815,0.44981579941953914,53.70230243660217
5428,0,normal,0.0014137078542262316,0.431952191274588,53.81830480191752
5429,0,normal,0.0018632403807714581,0.4450781316682292,53.873467713836135
5430,0,normal,0.0024651698768138885,0.43790982066082,53.98099658536398
5431,0,normal,0.002988596446812153,0.4238690685383779,54.243441963093574
5432,0,normal,0.0033544362522661686,0.4394165946135823,54.501283874340515
5433,0,normal,0.0035734495613723993,0.4443094801213656,54.905907818726064
5434,0,normal,0.0036927175242453814,0.43826568833147744,55.36726538882749
5435,0,normal,0.0037599627394229174,0.45669172435674465,55.975015396227036
5436,0,normal,0.0038078022189438343,0.4632134295821413,56.99195021724495
5437,0,normal,0.003852307330816984,0.4370074340873767,57.92343580562374
5438,0,normal,0.0038906324189156294,0.4290972303284701,31.11863464708449
5439,0,normal,0.003937637433409691,0.4204492016175977,31.959258157683053
5440,0,normal,0.003979231230914593,0.40580477711554935,19.700206547025573
5441,0,normal,0.004002398811280727,0.38900130678281064,-7.5682099709306385
5442,0,normal,0.0040379539132118225,0.3727085015870722,-8.984572861826337
5443,0,normal,0.004066474735736847,0.3728265253206343,-8.139510438442812
5444,0,normal,0.004093479830771685,0.38095986448254693,-9.254377103541856
5445,0,normal,0.004109944682568312,0.3614753586791376,-8.041548833786464
5446,0,normal,0.004122050479054451,0.359612724891343,-9.50884288008615
5447,0,normal,0.004125050734728575,0.34950057696326287,-11.399052456008576
5448,0,normal,0.0041250381618738174,0.35771976044662446,-10.960190154000202
5449,0,normal,0.0040060305036604404,0.3263033962296664,-39.662437315765374
5450,0,normal,0.004058622755110264,0.3299586058700084,-40.59510611764813
5451,0,normal,0.0040837619453668594,0.32715017041907024,-40.533345638516266
5452,0,normal,0.004116841591894627,0.3096891847509708,-55.40890760946763
5453,0,normal,0.004116841591894627,0.3096891847509708,-55.40890760946763
5454,0,normal,0.004116841591894627,0.3096891847509708,-55.40890760946763
5455,0,normal,0.004116841591894627,0.3096891847509708,-55.40890760946763
5456,0,normal,7.44751501083374,0.3243470847605474,-24.826490424591157
5457,0,normal,0.04896416887640953,0.34210708507903437,-24.997925597673884
5458,0,normal,2.011469602584839,0.3442166527567483,-14.55255021806579
5459,0,normal,11.846813201904297,0.3836535479635443,46.97086549104097
5460,0,normal,12.047054290771484,0.41921589404572085,92.8636563807786
5461,0,normal,0.4457550644874573,0.4168409440215188,92.54246414538784
5462,0,normal,10.755699157714844,0.4336177509728365,136.99028017428873
5463,0,normal,0.35063499212265015,0.42830860471790155,137.76974474351778
5464,0,normal,0.41926437616348267,0.4543041692727587,138.91241284483465
5465,0,normal,0.7081043720245361,0.45127327732363726,139.9556182306461
5466,0,normal,1.3378714323043823,0.4706610828180492,141.1003188180914
5467,0,normal,2.2936513423919678,0.45603762074301746,142.348222118031
5468,0,normal,0.9000735878944397,0.4677787943561522,164.78832382378903
5469,0,normal,0.18430191278457642,0.494622527516457,165.81873476887677
5470,0,normal,1.4082187414169312,0.48803555588295305,170.64820915182622
5471,0,normal,1.3802775144577026,0.47497675554195457,177.33375123379074
5472,0,normal,0.03145875036716461,0.48209180209470687,177.28684786565987
5473,0,normal,0.01301687490195036,0.49380505386577966,177.12761951090567
5474,0,normal,0.008398312143981457,0.4856689822766241,176.856691218415
5475,0,normal,0.005674394778907299,0.4894482777092744,176.73176369733733
5476,0,normal,0.003912194166332483,0.49185243811892526,176.84647884500168
5477,0,normal,0.0029721283353865147,0.4817928847348628,176.9334402581054
5478,0,normal,0.002626732923090458,0.48969939284941066,177.06028637343888
5479,0,normal,0.002648082794621587,0.49258424754485364,177.2522926806272
5480,0,normal,0.002851345809176564,0.49377362374379596,177.50862416848202
5481,0,normal,0.003107526572421193,0.48783075894844335,177.84780748673302
5482,0,normal,0.003342890413478017,0.4818582631077347,178.35900649458813
5483,0,normal,0.003528154455125332,0.49689107838312996,178.98652399808282
5484,0,normal,0.003662262111902237,0.5153508903102891,179.90705225917725
5485,0,normal,0.0037569445557892323,0.47980306677731027,180.95224741481422
5486,0,normal,0.0038234060630202293,0.4570930484046673,157.23679472582523
5487,0,normal,0.003878011368215084,0.4846623885405557,158.15966079480904
5488,0,normal,0.003924110904335976,0.47374400014958823,149.50022752918505
5489,0,normal,0.0039601922035217285,0.41673138480549055,91.5892861049324
5490,0,normal,0.003996704705059528,0.4261359789377997,44.64301956158579
5491,0,normal,0.004029217641800642,0.3954119576847793,45.85632169910809
5492,0,normal,0.00405904371291399,0.3780852544912927,-3.0415579729481124
5493,0,normal,0.0040865736082196236,0.386306793347519,-3.7959311548322603
5494,0,normal,0.004109863191843033,0.3721022926403449,-4.810052130102804
5495,0,normal,0.004125955980271101,0.3653660738635865,-6.061622687232557
5496,0,normal,0.004133676178753376,0.3568616062422947,-7.741913062682897
5497,0,normal,0.00413436908274889,0.3622045105066651,-9.633750456204552
5498,0,normal,0.003988049924373627,0.3329630714964199,-38.22017714601043
5499,0,normal,0.004059651866555214,0.3320478452954331,-40.59494995578734
5500,0,normal,0.004091324750334024,0.32236526858684955,-46.53047152461568
5501,0,normal,0.004116841591894627,0.3096891847509708,-55.40890760946763
5502,0,normal,0.004116841591894627,0.3096891847509708,-55.40890760946763
5503,0,normal,0.004116841591894627,0.3096891847509708,-55.40890760946763
5504,0,normal,0.004116841591894627,0.3096891847509708,-55.40890760946763
5505,0,normal,7.44751501083374,0.3243470847605474,-24.826490424591157
5506,0,normal,0.04896416887640953,0.34210708507903437,-24.997925597673884
5507,0,normal,0.5408746004104614,0.3268881500123117,-25.284586343469755
5508,0,normal,1.6049847602844238,0.35822561774273665,-0.27345054139709646
5509,0,normal,0.5611042976379395,0.35706942530157704,-1.2770238411956143
5510,0,normal,0.2818252444267273,0.37202880599375876,0.05488430781883835
5511,0,normal,11.889190673828125,0.3980670346604824,48.621396814266745
5512,0,normal,0.41841578483581543,0.3853348252078875,48.33702990255415
5513,0,normal,0.32459601759910583,0.4059049281154362,49.663380561877375
5514,0,normal,6.122641086578369,0.4368440974369372,73.91911665811972
5515,0,normal,0.34887179732322693,0.43766363702203703,74.9394021969324
5516,0,normal,0.4168548882007599,0.43884316258529116,75.37414374067544
5517,0,normal,2.3863513469696045,0.43184937203982665,88.15949367897952
5518,0,normal,0.06012747064232826,0.46660702963189604,88.2199001694139
5519,0,normal,0.014319409616291523,0.4584108809456465,88.2645072378491
5520,0,normal,0.006044836714863777,0.43284113492558934,87.92334558935522
5521,0,normal,0.002531057456508279,0.46264815672301834,87.81151503513706
5522,0,normal,0.0013312596129253507,0.4441219559516787,87.89441803497948
5523,0,normal,0.0014621397713199258,0.4356167087161863,87.9586308868652
5524,0,normal,0.002137651899829507,0.4477348027600988,87.93012247700744
5525,0,normal,0.002868175506591797,0.454773061039635,87.9654748770522
5526,0,normal,0.0034160511568188667,0.42926163062226236,88.02006092817419
5527,0,normal,0.0037273159250617027,0.4330757792917256,88.1398617758075
5528,0,normal,0.0038530330639332533,0.42113515607501983,88.35441965080645
5529,0,normal,0.003876614384353161,0.4369354683488022,88.51657786147052
5530,0,normal,0.0038675640244036913,0.4483205760378177,88.77035528771489
5531,0,normal,0.0038653251249343157,0.4534026793394191,89.11859961140203
5532,0,normal,0.0038829664699733257,0.4425508825056798,89.3734744306455
5533,0,normal,0.003917946945875883,0.4665141412853779,90.24557169306445
5534,0,normal,0.003961876966059208,0.4228056188769657,91.06861621167673
5535,0,normal,0.004002104047685862,0.41434664378235725,64.93497773896979
5536,0,normal,0.004041359759867191,0.4313044738037496,65.93371929547743
5537,0,normal,0.004073005635291338,0.4186185343453399,67.01539259238439
5538,0,normal,0.004077104385942221,0.3809226260003562,41.091754767955535
5539,0,normal,0.004099058918654919,0.4054194036729206,42.486999471940635
5540,0,normal,0.004117605742067099,0.3800750309974656,41.415846673913165
5541,0,normal,0.004128997679799795,0.36107526771184695,-7.748561320979206
5542,0,normal,0.004131666850298643,0.361607648713802,-6.954652441874941
5543,0,normal,0.00413028709590435,0.36507636998652165,-8.763895594578571
5544,0,normal,0.00397418113425374,0.3342736405005943,-37.247884704653416
5545,0,normal,0.004043907858431339,0.33463341102624644,-39.55360901164272
5546,0,normal,0.0040837619453668594,0.32715017041907024,-40.533345638516266
5547,0,normal,0.004116841591894627,0.3096891847509708,-55.40890760946763
5548,0,normal,0.004116841591894627,0.3096891847509708,-55.40890760946763
5549,0,normal,0.004116841591894627,0.3096891847509708,-55.40890760946763
5550,0,normal,0.004116841591894627,0.3096891847509708,-55.40890760946763
5551,0,normal,0.004116841591894627,0.3096891847509708,-55.40890760946763
5552,0,normal,0.004116841591894627,0.3096891847509708,-55.40890760946763
5553,0,normal,7.44751501083374,0.3243470847605474,-24.826490424591157
5554,0,normal,0.04896416887640953,0.34210708507903437,-24.997925597673884
5555,0,normal,0.5408746004104614,0.3268881500123117,-25.284586343469755
5556,0,normal,1.6049847602844238,0.35822561774273665,-0.27345054139709646
5557,0,normal,0.17567051947116852,0.3612279444692819,0.25389278290822404
5558,0,normal,0.2324112206697464,0.3753750367969496,1.5383614713643965
5559,0,normal,0.2631765604019165,0.37515987021619873,2.860084655726723
5560,0,normal,0.2771281599998474,0.3774803647306848,4.167176486189646
5561,0,normal,0.46430689096450806,0.38488216989499907,3.977427093197548
5562,0,normal,0.3084186911582947,0.39346813836548733,5.352505062513501
5563,0,normal,0.34863340854644775,0.4109325051544647,5.173130377366078
5564,0,normal,0.4564908444881439,0.4011124831558306,6.610015312910491
5565,0,normal,2.861008882522583,0.4264466968001689,32.04257307440071
5566,0,normal,0.22628886997699738,0.42858598514378216,32.30191508561916
5567,0,normal,0.5501193404197693,0.42866600157160595,32.157872012090365
5568,0,normal,2.250857353210449,0.42961094934754096,45.38003825775263
5569,0,normal,0.04562694951891899,0.44293490414788383,45.39322310763396
5570,0,normal,0.012669142335653305,0.4553252171506573,45.427084994487586
5571,0,normal,0.006771808490157127,0.43456569642084586,45.02488069455808
5572,0,normal,0.003631716826930642,0.4405996400306433,44.84092765539185
5573,0,normal,0.002111653797328472,0.42718997082182225,44.951909248866286
5574,0,normal,0.0016988596180453897,0.43683709744301646,45.06324363924159
5575,0,normal,0.0018822555430233479,0.4450539148979698,45.223269805780774
5576,0,normal,0.002303270623087883,0.4372861125242082,45.43919853328043
5577,0,normal,0.0027490619104355574,0.4339484187719065,45.65201648154243
5578,0,normal,0.003118438646197319,0.43188718986251623,45.934382098760125
5579,0,normal,0.0033852558117359877,0.43544427872465674,46.347610638823426
5580,0,normal,0.003563676495105028,0.42833247871744473,46.69627837293456
5581,0,normal,0.003681276459246874,0.4678002738554774,47.57683162151443
5582,0,normal,0.003763302229344845,0.43659740273742254,48.38860762221134
5583,0,normal,0.0038160542026162148,0.41729709066393134,21.293371096331384
5584,0,normal,0.003873016219586134,0.42820790186800983,22.174238172345213
5585,0,normal,0.003921920899301767,0.4120904044357084,23.103088612310785
5586,0,normal,0.003957170527428389,0.39542187758961894,-3.9283637984506186
5587,0,normal,0.003996437415480614,0.3892629951438269,-5.391242087730461
5588,0,normal,0.004032021388411522,0.3820577182287402,-6.722072994234395
5589,0,normal,0.004064394626766443,0.37061633912623454,-8.281940329587542
5590,0,normal,0.004092157818377018,0.37728963463582504,-9.392095808603926
5591,0,normal,0.004108653403818607,0.36092234490654546,-8.20012364563081
5592,0,normal,0.004120899364352226,0.3555459031520749,-9.644857036392295
5593,0,normal,0.0041254544630646706,0.35954273268294024,-8.993353760483615
5594,0,normal,0.0041250381618738174,0.35771976044662446,-10.960190154000202
5595,0,normal,0.0040060305036604404,0.3263033962296664,-39.662437315765374
5596,0,normal,0.004058622755110264,0.3299586058700084,-40.59510611764813
5597,0,normal,0.0040837619453668594,0.32715017041907024,-40.533345638516266
5598,0,normal,0.004116841591894627,0.3096891847509708,-55.40890760946763
5599,0,normal,0.004116841591894627,0.3096891847509708,-55.40890760946763
5600,1,point,0.004116841591894627,0.3096891847509708,-55.40890760946763
5601,1,point,0.004116841591894627,0.3096891847509708,-55.40890760946763
5602,1,point,0.004116841591894627,0.3096891847509708,-55.40890760946763
5603,1,point,0.004116841591894627,0.3096891847509708,-55.40890760946763
5604,1,point,0.004116841591894627,0.3096891847509708,-55.40890760946763
5605,1,point,0.004116841591894627,0.3096891847509708,-55.40890760946763
5606,1,point,0.004116841591894627,0.3096891847509708,-55.40890760946763
5607,1,point,0.004116841591894627,0.3096891847509708,-55.40890760946763
5608,1,point,0.004116841591894627,0.3096891847509708,-55.40890760946763
5609,1,point,0.004116841591894627,0.3096891847509708,-55.40890760946763
5610,1,point,1.5001893043518066,0.31375725224013873,-49.317900458861004
5611,1,point,3.2445287704467773,0.33512850028966346,-38.51461991246879
5612,1,point,0.6754060387611389,0.3344623682299488,-37.27575392297922
5613,1,point,15.67862319946289,0.37472551032763574,28.058088254575296
5614,1,point,173.96063232421875,0.42271490382507,540.5740491331013
5615,1,point,11.413030624389648,0.4383605167743537,565.3429380530729
5616,1,point,12.950065612792969,0.4506717508724815,592.5503492075935
5617,1,point,1.0774550437927246,0.4582966361735866,592.063552179718
5618,1,point,1.4477503299713135,0.4605755232097009,591.8751013256939
5619,1,point,1.5593819618225098,0.45624200480532107,591.6829742088398
5620,1,point,1.3733556270599365,0.4602762099854776,591.6597510571545
5621,1,point,1.1004223823547363,0.44392644731459147,591.7673493754417
5622,1,point,7.963150978088379,0.44974372818371094,606.252855968859
5623,1,point,0.1257012039422989,0.4676709561775691,606.2543729492113
5624,1,point,1.101710557937622,0.4541883090201299,606.17852391611
5625,1,point,1.8496665954589844,0.46751625957121495,611.1801676659721
5626,1,point,11.68294906616211,0.48611337762920614,633.2178724565185
5627,1,point,11.048051834106445,0.5057463160628921,654.5362239383575
5628,1,point,129.8472900390625,0.5259422774968501,834.6937743502111
5629,1,point,0.8568868041038513,0.5342368360697091,834.9606928463547
5630,1,point,1.507667064666748,0.5441032056886977,834.8484859165592
5631,1,point,1.9922739267349243,0.5223033836538382,834.7467341404177
5632,1,point,2.1875078678131104,0.5507876540830973,834.6995291929269
5633,1,point,2.275456428527832,0.5309346838118847,834.7241303105168
5634,1,point,2.328653335571289,0.5389563082402695,834.7936585773737
5635,1,point,2.3667385578155518,0.5333855078787293,834.8736520919742
5636,1,point,2.3971753120422363,0.5258440175407366,835.0944245545579
5637,1,point,2.533811330795288,0.5105369669264606,835.3433446885819
5638,1,point,2.1671316623687744,0.5292400721040417,835.6545533918771
5639,1,point,1.7940796613693237,0.5313691103184621,835.958776293073
5640,1,point,1.434088945388794,0.5375714984716669,834.7362265290833
5641,1,point,1.0906776189804077,0.5530022305149923,832.0943882424199
5642,1,point,0.7866647243499756,0.5299652480450078,831.6536437192929
5643,1,point,0.5499492883682251,0.4912409256230599,813.7854760115516
5644,1,point,0.36516454815864563,0.47328409466089977,536.9970906231265
5645,1,point,0.2192562073469162,0.4465206402232341,510.5978110938414
5646,1,point,0.11300260573625565,0.4502740603128513,478.10410221254756
5647,1,point,0.045696921646595,0.44005417478689723,478.2697223974085
5648,1,point,0.017238741740584373,0.43394220283307944,478.5528972173131
5649,1,point,0.007559848949313164,0.4152012752823976,478.9035732965491
5650,1,point,0.005049673840403557,0.4187393520922216,479.4699893753876
5651,1,point,0.004631355404853821,0.4294225997982755,480.14562182943655
5652,1,point,0.00422693183645606,0.4196532525977581,463.9783620587185
5653,1,point,0.0040555354207754135,0.4123046173456784,464.69408850261834
5654,1,point,0.003930692095309496,0.4033699020969789,465.31565953708287
5655,1,point,0.003865437814965844,0.3938152439391883,457.90578999707463
5656,1,point,0.0038378483150154352,0.3868799634407282,427.23610964665215
5657,1,point,0.0038379644975066185,0.3529550813304359,394.9239846617629
5658,1,point,0.003871533088386059,0.3304296036370293,-53.61395978634755
5659,1,point,0.003872786182910204,0.3204002634158689,-55.92836500599333
5660,1,point,0.0039277952164411545,0.31709327097082535,-55.75633808697262
5661,1,point,0.003988189622759819,0.3157997530261211,-55.614841737610504
5662,1,point,0.004039037507027388,0.31513966836338114,-55.50569753304535
5663,1,point,0.004074950236827135,0.3135944758673188,-55.4306215865754
5664,1,point,0.004097163211554289,0.3131782027124244,-55.389469188460225
5665,1,point,0.004109857603907585,0.31216567409056023,-55.38223200357788
5666,1,point,0.004116841591894627,0.3096891847509708,-55.40890760946763
5667,1,point,0.004116841591894627,0.3096891847509708,-55.40890760946763
5668,1,point,0.004116841591894627,0.3096891847509708,-55.40890760946763
5669,1,point,0.004116841591894627,0.3096891847509708,-55.40890760946763
5670,1,point,0.004116841591894627,0.3096891847509708,-55.40890760946763
5671,1,point,0.004116841591894627,0.3096891847509708,-55.40890760946763
5672,1,point,0.004116841591894627,0.3096891847509708,-55.40890760946763
5673,1,point,0.004116841591894627,0.3096891847509708,-55.40890760946763
5674,1,point,0.004116841591894627,0.3096891847509708,-55.40890760946763
5675,1,point,0.004116841591894627,0.3096891847509708,-55.40890760946763
5676,1,point,0.004116841591894627,0.3096891847509708,-55.40890760946763
5677,1,point,0.004116841591894627,0.3096891847509708,-55.40890760946763
5678,1,point,0.004116841591894627,0.3096891847509708,-55.40890760946763
5679,1,point,0.004116841591894627,0.3096891847509708,-55.40890760946763
5680,1,point,0.004116841591894627,0.3096891847509708,-55.40890760946763
5681,1,point,0.004116841591894627,0.3096891847509708,-55.40890760946763
5682,1,point,0.004116841591894627,0.3096891847509708,-55.40890760946763
5683,1,point,0.004116841591894627,0.3096891847509708,-55.40890760946763
5684,1,point,0.004116841591894627,0.3096891847509708,-55.40890760946763
5685,1,point,0.004116841591894627,0.3096891847509708,-55.40890760946763
5686,1,point,0.004116841591894627,0.3096891847509708,-55.40890760946763
5687,1,point,0.004116841591894627,0.3096891847509708,-55.40890760946763
5688,1,point,0.004116841591894627,0.3096891847509708,-55.40890760946763
5689,1,point,0.004116841591894627,0.3096891847509708,-55.40890760946763
5690,1,point,0.004116841591894627,0.3096891847509708,-55.40890760946763
5691,1,point,0.004116841591894627,0.3096891847509708,-55.40890760946763
5692,1,point,0.004116841591894627,0.3096891847509708,-55.40890760946763
5693,1,point,0.004116841591894627,0.3096891847509708,-55.40890760946763
5694,1,point,0.004116841591894627,0.3096891847509708,-55.40890760946763
5695,1,point,0.004116841591894627,0.3096891847509708,-55.40890760946763
5696,1,point,0.004116841591894627,0.3096891847509708,-55.40890760946763
5697,1,point,0.004116841591894627,0.3096891847509708,-55.40890760946763
5698,1,point,0.004116841591894627,0.3096891847509708,-55.40890760946763
5699,1,point,0.004116841591894627,0.3096891847509708,-55.40890760946763
5700,1,point,0.004116841591894627,0.3096891847509708,-55.40890760946763
5701,1,point,0.004116841591894627,0.3096891847509708,-55.40890760946763
5702,1,point,0.004116841591894627,0.3096891847509708,-55.40890760946763
5703,1,point,0.004116841591894627,0.3096891847509708,-55.40890760946763
5704,1,point,0.004116841591894627,0.3096891847509708,-55.40890760946763
5705,1,point,0.004116841591894627,0.3096891847509708,-55.40890760946763
5706,1,point,0.004116841591894627,0.3096891847509708,-55.40890760946763
5707,1,point,0.004116841591894627,0.3096891847509708,-55.40890760946763
5708,1,point,0.004116841591894627,0.3096891847509708,-55.40890760946763
5709,1,point,0.004116841591894627,0.3096891847509708,-55.40890760946763
5710,1,point,0.004116841591894627,0.3096891847509708,-55.40890760946763
5711,1,point,0.004116841591894627,0.3096891847509708,-55.40890760946763
5712,1,point,0.004116841591894627,0.3096891847509708,-55.40890760946763
5713,1,point,0.004116841591894627,0.3096891847509708,-55.40890760946763
5714,1,point,0.004116841591894627,0.3096891847509708,-55.40890760946763
5715,1,point,0.004116841591894627,0.3096891847509708,-55.40890760946763
5716,1,point,0.004116841591894627,0.3096891847509708,-55.40890760946763
5717,1,point,0.004116841591894627,0.3096891847509708,-55.40890760946763
5718,1,point,0.004116841591894627,0.3096891847509708,-55.40890760946763
5719,1,point,0.004116841591894627,0.3096891847509708,-55.40890760946763
5720,1,point,0.004116841591894627,0.3096891847509708,-55.40890760946763
5721,1,point,0.004116841591894627,0.3096891847509708,-55.40890760946763
5722,1,point,0.004116841591894627,0.3096891847509708,-55.40890760946763
5723,1,point,0.004116841591894627,0.3096891847509708,-55.40890760946763
5724,1,point,0.004116841591894627,0.3096891847509708,-55.40890760946763
5725,1,point,0.004116841591894627,0.3096891847509708,-55.40890760946763
5726,1,point,0.004116841591894627,0.3096891847509708,-55.40890760946763
5727,1,point,0.004116841591894627,0.3096891847509708,-55.40890760946763
5728,1,point,0.004116841591894627,0.3096891847509708,-55.40890760946763
5729,1,point,0.004116841591894627,0.3096891847509708,-55.40890760946763
5730,1,point,0.004116841591894627,0.3096891847509708,-55.40890760946763
5731,1,point,0.004116841591894627,0.3096891847509708,-55.40890760946763
5732,1,point,0.004116841591894627,0.3096891847509708,-55.40890760946763
5733,1,point,0.004116841591894627,0.3096891847509708,-55.40890760946763
5734,1,point,0.004116841591894627,0.3096891847509708,-55.40890760946763
5735,1,point,0.004116841591894627,0.3096891847509708,-55.40890760946763
5736,1,point,0.004116841591894627,0.3096891847509708,-55.40890760946763
5737,1,point,0.004116841591894627,0.3096891847509708,-55.40890760946763
5738,1,point,0.004116841591894627,0.3096891847509708,-55.40890760946763
5739,1,point,0.004116841591894627,0.3096891847509708,-55.40890760946763
5740,1,point,0.004116841591894627,0.3096891847509708,-55.40890760946763
5741,1,point,0.004116841591894627,0.3096891847509708,-55.40890760946763
5742,1,point,0.004116841591894627,0.3096891847509708,-55.40890760946763
5743,1,point,0.004116841591894627,0.3096891847509708,-55.40890760946763
5744,1,point,0.004116841591894627,0.3096891847509708,-55.40890760946763
5745,1,point,0.004116841591894627,0.3096891847509708,-55.40890760946763
5746,1,point,0.004116841591894627,0.3096891847509708,-55.40890760946763
5747,1,point,0.004116841591894627,0.3096891847509708,-55.40890760946763
5748,1,point,0.004116841591894627,0.3096891847509708,-55.40890760946763
5749,1,point,0.004116841591894627,0.3096891847509708,-55.40890760946763
5750,1,point,0.004116841591894627,0.3096891847509708,-55.40890760946763
5751,1,point,0.004116841591894627,0.3096891847509708,-55.40890760946763
5752,1,point,0.004116841591894627,0.3096891847509708,-55.40890760946763
5753,1,point,0.004116841591894627,0.3096891847509708,-55.40890760946763
5754,1,point,0.004116841591894627,0.3096891847509708,-55.40890760946763
5755,1,point,0.004116841591894627,0.3096891847509708,-55.40890760946763
5756,1,point,0.004116841591894627,0.3096891847509708,-55.40890760946763
5757,1,point,0.004116841591894627,0.3096891847509708,-55.40890760946763
5758,1,point,0.004116841591894627,0.3096891847509708,-55.40890760946763
5759,1,point,0.004116841591894627,0.3096891847509708,-55.40890760946763
5760,1,point,0.004116841591894627,0.3096891847509708,-55.40890760946763
5761,1,point,0.004116841591894627,0.3096891847509708,-55.40890760946763
5762,1,point,0.004116841591894627,0.3096891847509708,-55.40890760946763
5763,1,point,0.004116841591894627,0.3096891847509708,-55.40890760946763
5764,1,point,0.004116841591894627,0.3096891847509708,-55.40890760946763
5765,1,point,0.004116841591894627,0.3096891847509708,-55.40890760946763
5766,1,point,0.004116841591894627,0.3096891847509708,-55.40890760946763
5767,1,point,0.004116841591894627,0.3096891847509708,-55.40890760946763
5768,1,point,0.004116841591894627,0.3096891847509708,-55.40890760946763
5769,1,point,0.09212487190961838,0.3110812271947419,-55.574767084423684
5770,1,point,0.07325764000415802,0.3120715961366356,-55.77629135786901
5771,1,point,0.08820948004722595,0.31294708393057136,-56.01123930347171
5772,1,point,0.16344791650772095,0.31294708393057136,-56.253608731808754
5773,1,point,0.32904210686683655,0.31315323024705394,-56.49124662019449
5774,1,point,0.6029776930809021,0.3147416793005074,-56.723314880733824
5775,1,point,0.9704865217208862,0.31723885043820393,-56.950434657749156
5776,1,point,1.3764320611953735,0.3194622542674544,-57.172731219763136
5777,1,point,1.7538377046585083,0.3210167674251918,-57.39192714114847
5778,1,point,2.062516212463379,0.32292052035436003,-57.60840639305525
5779,1,point,2.2919068336486816,0.3237934800087867,-57.82279990139068
5780,1,point,2.4523508548736572,0.32330793483593573,-58.035451992566095
5781,1,point,2.562777280807495,0.3261365793425345,-58.247071497984734
5782,1,point,2.7364609241485596,0.32567355335741327,-58.29045390912688
5783,1,point,2.4213175773620605,0.3263171367900656,-58.298632160941
5784,1,point,2.0851669311523438,0.3282295982463324,-58.27463224446183
5785,1,point,1.7487422227859497,0.33020679386294055,-58.24504351953783
5786,1,point,1.425346851348877,0.3287463874026431,-58.22229755662397
5787,1,point,1.122485637664795,0.32793108124010134,-58.20709449031733
5788,1,point,0.8442587852478027,0.32490978871244547,-58.1998108061905
5789,1,point,0.5954676866531372,0.32371878590371495,-58.19518617577728
5790,1,point,0.3844573199748993,0.3249461949132652,-58.185863588515076
5791,1,point,0.22157055139541626,0.32343849388602053,-58.165841017534376
5792,1,point,0.1122528687119484,0.3259305644087795,-58.12377323406622
5793,1,point,0.05042094364762306,0.3274901792223351,-58.05315226299581
5794,1,point,0.021106237545609474,0.32632963047124974,-57.951385452338855
5795,1,point,0.009417827241122723,0.327208404855193,-57.81619770732482
5796,1,point,0.005593172740191221,0.32848612874615685,-57.647398159108434
5797,1,point,0.0046510398387908936,0.32465540381544594,-57.44419587236166
5798,1,point,0.004477465990930796,0.32539868405344025,-57.20582840311522
5799,1,point,0.004359343554824591,0.325175517457142,-56.99035328758919
5800,1,point,0.0041900333017110825,0.325175517457142,-56.77299538854618
5801,1,point,0.004017195664346218,0.325175517457142,-56.55273945635054
5802,1,point,0.0038966930005699396,0.32440558553230975,-56.334781593398475
5803,1,point,0.0038520731031894684,0.32181099546612046,-56.12477298903491
5804,1,point,0.003872786182910204,0.3204002634158689,-55.92836500599333
5805,1,point,0.0039277952164411545,0.31709327097082535,-55.75633808697262
5806,1,point,0.003988189622759819,0.3157997530261211,-55.614841737610504
5807,1,point,0.004039037507027388,0.31513966836338114,-55.50569753304535
5808,1,point,0.004074950236827135,0.3135944758673188,-55.4306215865754
5809,1,point,0.004097163211554289,0.3131782027124244,-55.389469188460225
5810,1,point,0.004109857603907585,0.31216567409056023,-55.38223200357788
5811,1,point,0.004116841591894627,0.3096891847509708,-55.40890760946763
5812,1,point,0.004116841591894627,0.3096891847509708,-55.40890760946763
5813,1,point,0.004116841591894627,0.3096891847509708,-55.40890760946763
5814,1,point,0.004116841591894627,0.3096891847509708,-55.40890760946763
5815,1,point,0.004116841591894627,0.3096891847509708,-55.40890760946763
5816,1,point,0.004116841591894627,0.3096891847509708,-55.40890760946763
5817,1,point,0.004116841591894627,0.3096891847509708,-55.40890760946763
5818,1,point,0.004116841591894627,0.3096891847509708,-55.40890760946763
5819,1,point,0.004116841591894627,0.3096891847509708,-55.40890760946763
5820,1,point,0.004116841591894627,0.3096891847509708,-55.40890760946763
5821,1,point,0.004116841591894627,0.3096891847509708,-55.40890760946763
5822,1,point,0.004116841591894627,0.3096891847509708,-55.40890760946763
5823,1,point,0.004116841591894627,0.3096891847509708,-55.40890760946763
5824,1,point,0.004116841591894627,0.3096891847509708,-55.40890760946763
5825,1,point,0.004116841591894627,0.3096891847509708,-55.40890760946763
5826,1,point,0.004116841591894627,0.3096891847509708,-55.40890760946763
5827,1,point,0.004116841591894627,0.3096891847509708,-55.40890760946763
5828,1,point,0.004116841591894627,0.3096891847509708,-55.40890760946763
5829,1,point,0.004116841591894627,0.3096891847509708,-55.40890760946763
5830,1,point,0.004116841591894627,0.3096891847509708,-55.40890760946763
5831,1,point,0.004116841591894627,0.3096891847509708,-55.40890760946763
5832,1,point,0.004116841591894627,0.3096891847509708,-55.40890760946763
5833,1,point,0.004116841591894627,0.3096891847509708,-55.40890760946763
5834,1,point,0.004116841591894627,0.3096891847509708,-55.40890760946763
5835,1,point,0.004116841591894627,0.3096891847509708,-55.40890760946763
5836,1,point,0.004116841591894627,0.3096891847509708,-55.40890760946763
5837,1,point,0.004116841591894627,0.3096891847509708,-55.40890760946763
5838,1,point,0.004116841591894627,0.3096891847509708,-55.40890760946763
5839,1,point,0.004116841591894627,0.3096891847509708,-55.40890760946763
5840,1,point,0.004116841591894627,0.3096891847509708,-55.40890760946763
5841,1,point,0.004116841591894627,0.3096891847509708,-55.40890760946763
5842,1,point,0.004116841591894627,0.3096891847509708,-55.40890760946763
5843,1,point,0.004116841591894627,0.3096891847509708,-55.40890760946763
5844,1,point,0.004116841591894627,0.3096891847509708,-55.40890760946763
5845,1,point,0.004116841591894627,0.3096891847509708,-55.40890760946763
5846,1,point,0.004116841591894627,0.3096891847509708,-55.40890760946763
5847,1,point,0.004116841591894627,0.3096891847509708,-55.40890760946763
5848,1,point,0.004116841591894627,0.3096891847509708,-55.40890760946763
5849,1,point,0.004116841591894627,0.3096891847509708,-55.40890760946763
5850,1,point,0.004116841591894627,0.3096891847509708,-55.40890760946763
5851,1,point,0.004116841591894627,0.3096891847509708,-55.40890760946763
5852,1,point,0.004116841591894627,0.3096891847509708,-55.40890760946763
5853,1,point,0.004116841591894627,0.3096891847509708,-55.40890760946763
5854,1,point,0.004116841591894627,0.3096891847509708,-55.40890760946763
5855,1,point,0.004116841591894627,0.3096891847509708,-55.40890760946763
5856,1,point,0.004116841591894627,0.3096891847509708,-55.40890760946763
5857,1,point,0.004116841591894627,0.3096891847509708,-55.40890760946763
5858,1,point,0.09212487190961838,0.3110812271947419,-55.574767084423684
5859,1,point,0.07325764000415802,0.3120715961366356,-55.77629135786901
5860,1,point,0.08820948004722595,0.31294708393057136,-56.01123930347171
5861,1,point,0.16344791650772095,0.31294708393057136,-56.253608731808754
5862,1,point,0.32904210686683655,0.31315323024705394,-56.49124662019449
5863,1,point,0.6029776930809021,0.3147416793005074,-56.723314880733824
5864,1,point,0.9704865217208862,0.31723885043820393,-56.950434657749156
5865,1,point,1.3764320611953735,0.3194622542674544,-57.172731219763136
5866,1,point,1.7538377046585083,0.3210167674251918,-57.39192714114847
5867,1,point,2.062516212463379,0.32292052035436003,-57.60840639305525
5868,1,point,2.2919068336486816,0.3237934800087867,-57.82279990139068
5869,1,point,2.4523508548736572,0.32330793483593573,-58.035451992566095
5870,1,point,2.562777280807495,0.3261365793425345,-58.247071497984734
5871,1,point,2.6410305500030518,0.3268633596170344,-58.458147785496976
5872,1,point,2.8009464740753174,0.32567355335741327,-58.50144601785064
5873,1,point,2.472519874572754,0.3297407291264241,-58.51030278702888
5874,1,point,2.1295342445373535,0.32923878707620763,-58.48772041842108
5875,1,point,1.789814829826355,0.33020679386294055,-58.4599612228692
5876,1,point,1.4647787809371948,0.32959448996554497,-58.43897413891159
5877,1,point,1.1603666543960571,0.32793108124010134,-58.4265821683814
5878,1,point,0.8796175122261047,0.3259876050826536,-58.41703132271641
5879,1,point,0.6265383362770081,0.32465571727691367,-58.404571209066944
5880,1,point,0.4090844988822937,0.3263769428373905,-58.38185072024203
5881,1,point,0.23822256922721863,0.32681166119557137,-58.33777000617488
5882,1,point,0.12132182717323303,0.3274901792223351,-58.26553840693987
5883,1,point,0.0542331337928772,0.3281761329952297,-58.162921350650095
5884,1,point,0.02229081653058529,0.32793757364324716,-58.02742505046717
5885,1,point,0.00965555477887392,0.32848612874615685,-57.85861832889714
5886,1,point,0.005607989151030779,0.3292544343610682,-57.65617518304816
5887,1,point,0.00465119443833828,0.32585073734262276,-57.419298382267016
5888,1,point,0.004477465990930796,0.32539868405344025,-57.20582840311522
5889,1,point,0.004359343554824591,0.325175517457142,-56.99035328758919
5890,1,point,0.0041900333017110825,0.325175517457142,-56.77299538854618
5891,1,point,0.004017195664346218,0.325175517457142,-56.55273945635054
5892,1,point,0.0038966930005699396,0.32440558553230975,-56.334781593398475
5893,1,point,0.0038520731031894684,0.32181099546612046,-56.12477298903491
5894,1,point,0.003872786182910204,0.3204002634158689,-55.92836500599333
5895,1,point,0.0039277952164411545,0.31709327097082535,-55.75633808697262
5896,1,point,0.003988189622759819,0.3157997530261211,-55.614841737610504
5897,1,point,0.004039037507027388,0.31513966836338114,-55.50569753304535
5898,1,point,0.004074950236827135,0.3135944758673188,-55.4306215865754
5899,1,point,0.004097163211554289,0.3131782027124244,-55.389469188460225
5900,1,point,0.004109857603907585,0.31216567409056023,-55.38223200357788
5901,1,point,0.004116841591894627,0.3096891847509708,-55.40890760946763
5902,1,point,0.004116841591894627,0.3096891847509708,-55.40890760946763
5903,1,point,0.004116841591894627,0.3096891847509708,-55.40890760946763
5904,1,point,0.004116841591894627,0.3096891847509708,-55.40890760946763
5905,1,point,0.09212487190961838,0.3110812271947419,-55.574767084423684
5906,1,point,0.07325764000415802,0.3120715961366356,-55.77629135786901
5907,1,point,0.08820948004722595,0.31294708393057136,-56.01123930347171
5908,1,point,0.16344791650772095,0.31294708393057136,-56.253608731808754
5909,1,point,0.32904210686683655,0.31315323024705394,-56.49124662019449
5910,1,point,0.6029776930809021,0.3147416793005074,-56.723314880733824
5911,1,point,0.9704865217208862,0.31723885043820393,-56.950434657749156
5912,1,point,1.3764320611953735,0.3194622542674544,-57.172731219763136
5913,1,point,1.7538377046585083,0.3210167674251918,-57.39192714114847
5914,1,point,2.062516212463379,0.32292052035436003,-57.60840639305525
5915,1,point,2.2919068336486816,0.3237934800087867,-57.82279990139068
5916,1,point,2.4523508548736572,0.32330793483593573,-58.035451992566095
5917,1,point,2.562777280807495,0.3261365793425345,-58.247071497984734
5918,1,point,2.6410305500030518,0.3268633596170344,-58.458147785496976
5919,1,point,2.700345039367676,0.3268633596170344,-58.66893590294808
5920,1,point,2.8545024394989014,0.3290903934669978,-58.71290173372108
5921,0,normal,2.517791748046875,0.33019881451055116,-58.72316559970341
5922,0,normal,2.17032527923584,0.32923878707620763,-58.702410068361814
5923,0,normal,1.828166127204895,0.331058663994124,-58.67641074642893
5924,0,normal,1.5014078617095947,0.32959448996554497,-58.65823566637232
5925,0,normal,1.1949626207351685,0.32901892008011074,-58.643578784419105
5926,0,normal,0.9112082719802856,0.32693110304377193,-58.62619634813359
5927,0,normal,0.6536253094673157,0.3260851862192206,-58.60034337693264
5928,0,normal,0.4299394190311432,0.3297807554786842,-58.5535729072119
5929,0,normal,0.2517460584640503,0.32837549215744477,-58.479338194875254
5930,0,normal,0.12815792858600616,0.3281761329952297,-58.375120766701
5931,0,normal,0.05669873207807541,0.32979317454766294,-58.23878477682524
5932,0,normal,0.02280685305595398,0.32921814488277296,-58.06967986021618
5933,0,normal,0.009629230946302414,0.3292544343610682,-57.86723981986597
5934,0,normal,0.0055458382703363895,0.330466700843431,-57.63113284797714
5935,0,normal,0.00465119443833828,0.32585073734262276,-57.419298382267016
5936,0,normal,0.004477465990930796,0.32539868405344025,-57.20582840311522
5937,0,normal,0.004359343554824591,0.325175517457142,-56.99035328758919
5938,0,normal,0.0041900333017110825,0.325175517457142,-56.77299538854618
5939,0,normal,0.004017195664346218,0.325175517457142,-56.55273945635054
5940,0,normal,0.0038966930005699396,0.32440558553230975,-56.334781593398475
5941,0,normal,0.0038520731031894684,0.32181099546612046,-56.12477298903491
5942,0,normal,0.003872786182910204,0.3204002634158689,-55.92836500599333
5943,0,normal,0.0039277952164411545,0.31709327097082535,-55.75633808697262
5944,0,normal,0.003988189622759819,0.3157997530261211,-55.614841737610504
5945,0,normal,0.004039037507027388,0.31513966836338114,-55.50569753304535
5946,0,normal,0.004074950236827135,0.3135944758673188,-55.4306215865754
5947,0,normal,0.09202298521995544,0.31458592817429426,-55.55508046535283
5948,0,normal,0.07325977087020874,0.3135155520644707,-55.74936701689444
5949,0,normal,0.08820948004722595,0.31294708393057136,-56.01123930347171
5950,0,normal,0.16344791650772095,0.31294708393057136,-56.253608731808754
5951,0,normal,0.32904210686683655,0.31315323024705394,-56.49124662019449
5952,0,normal,0.6029776930809021,0.3147416793005074,-56.723314880733824
5953,0,normal,0.9704865217208862,0.31723885043820393,-56.950434657749156
5954,0,normal,1.3764320611953735,0.3194622542674544,-57.172731219763136
5955,0,normal,1.7538377046585083,0.3210167674251918,-57.39192714114847
5956,0,normal,2.062516212463379,0.32292052035436003,-57.60840639305525
5957,0,normal,2.2919068336486816,0.3237934800087867,-57.82279990139068
5958,0,normal,2.4523508548736572,0.32330793483593573,-58.035451992566095
5959,0,normal,2.562777280807495,0.3261365793425345,-58.247071497984734
5960,0,normal,2.6410305500030518,0.3268633596170344,-58.458147785496976
5961,0,normal,2.700345039367676,0.3268633596170344,-58.66893590294808
5962,0,normal,2.8545024394989014,0.3290903934669978,-58.71290173372108
5963,0,normal,2.517791748046875,0.33019881451055116,-58.72316559970341
5964,0,normal,2.17032527923584,0.32923878707620763,-58.702410068361814
5965,0,normal,1.828166127204895,0.331058663994124,-58.67641074642893
5966,0,normal,1.5014078617095947,0.32959448996554497,-58.65823566637232
5967,0,normal,1.1949626207351685,0.32901892008011074,-58.643578784419105
5968,0,normal,0.9112082719802856,0.32693110304377193,-58.62619634813359
5969,0,normal,0.6536253094673157,0.3260851862192206,-58.60034337693264
5970,0,normal,0.4299394190311432,0.3297807554786842,-58.5535729072119
5971,0,normal,0.2517460584640503,0.32837549215744477,-58.479338194875254
5972,0,normal,0.12815792858600616,0.3281761329952297,-58.375120766701
5973,0,normal,0.05669873207807541,0.32979317454766294,-58.23878477682524
5974,0,normal,0.02280685305595398,0.32921814488277296,-58.06967986021618
5975,0,normal,0.009629230946302414,0.3292544343610682,-57.86723981986597
5976,0,normal,0.0055458382703363895,0.330466700843431,-57.63113284797714
5977,0,normal,0.00465119443833828,0.32585073734262276,-57.419298382267016
5978,0,normal,0.004477465990930796,0.32539868405344025,-57.20582840311522
5979,0,normal,0.004359343554824591,0.325175517457142,-56.99035328758919
5980,0,normal,0.0041900333017110825,0.325175517457142,-56.77299538854618
5981,0,normal,0.004017195664346218,0.325175517457142,-56.55273945635054
5982,0,normal,0.0038966930005699396,0.32440558553230975,-56.334781593398475
5983,0,normal,0.0038520731031894684,0.32181099546612046,-56.12477298903491
5984,0,normal,0.003872786182910204,0.3204002634158689,-55.92836500599333
5985,0,normal,0.0039277952164411545,0.31709327097082535,-55.75633808697262
5986,0,normal,0.003988189622759819,0.3157997530261211,-55.614841737610504
5987,0,normal,0.004039037507027388,0.31513966836338114,-55.50569753304535
5988,0,normal,0.004074950236827135,0.3135944758673188,-55.4306215865754
5989,0,normal,0.004097163211554289,0.3131782027124244,-55.389469188460225
5990,0,normal,0.004109857603907585,0.31216567409056023,-55.38223200357788
5991,0,normal,0.004116841591894627,0.3096891847509708,-55.40890760946763
5992,0,normal,0.004116841591894627,0.3096891847509708,-55.40890760946763
5993,0,normal,0.004116841591894627,0.3096891847509708,-55.40890760946763
5994,0,normal,0.004116841591894627,0.3096891847509708,-55.40890760946763
5995,0,normal,0.004116841591894627,0.3096891847509708,-55.40890760946763
5996,0,normal,0.004116841591894627,0.3096891847509708,-55.40890760946763
5997,0,normal,0.004116841591894627,0.3096891847509708,-55.40890760946763
5998,0,normal,0.004116841591894627,0.3096891847509708,-55.40890760946763
5999,0,normal,0.004116841591894627,0.3096891847509708,-55.40890760946763
6000,0,normal,0.004116841591894627,0.3096891847509708,-55.40890760946763
6001,0,normal,0.004116841591894627,0.3096891847509708,-55.40890760946763
6002,0,normal,0.004116841591894627,0.3096891847509708,-55.40890760946763
6003,0,normal,0.004116841591894627,0.3096891847509708,-55.40890760946763
6004,0,normal,0.004116841591894627,0.3096891847509708,-55.40890760946763
6005,0,normal,0.004116841591894627,0.3096891847509708,-55.40890760946763
6006,0,normal,0.004116841591894627,0.3096891847509708,-55.40890760946763
6007,0,normal,0.004116841591894627,0.3096891847509708,-55.40890760946763
6008,0,normal,0.004116841591894627,0.3096891847509708,-55.40890760946763
6009,0,normal,0.004116841591894627,0.3096891847509708,-55.40890760946763
6010,0,normal,0.004116841591894627,0.3096891847509708,-55.40890760946763
6011,0,normal,0.004116841591894627,0.3096891847509708,-55.40890760946763
6012,0,normal,0.004116841591894627,0.3096891847509708,-55.40890760946763
6013,0,normal,0.004116841591894627,0.3096891847509708,-55.40890760946763
6014,0,normal,0.004116841591894627,0.3096891847509708,-55.40890760946763
6015,0,normal,0.004116841591894627,0.3096891847509708,-55.40890760946763
6016,0,normal,0.004116841591894627,0.3096891847509708,-55.40890760946763
6017,0,normal,0.004116841591894627,0.3096891847509708,-55.40890760946763
6018,0,normal,0.004116841591894627,0.3096891847509708,-55.40890760946763
6019,0,normal,0.004116841591894627,0.3096891847509708,-55.40890760946763
6020,0,normal,0.004116841591894627,0.3096891847509708,-55.40890760946763
6021,0,normal,0.004116841591894627,0.3096891847509708,-55.40890760946763
6022,0,normal,0.004116841591894627,0.3096891847509708,-55.40890760946763
6023,0,normal,0.004116841591894627,0.3096891847509708,-55.40890760946763
6024,0,normal,0.004116841591894627,0.3096891847509708,-55.40890760946763
6025,0,normal,0.004116841591894627,0.3096891847509708,-55.40890760946763
6026,0,normal,0.004116841591894627,0.3096891847509708,-55.40890760946763
6027,0,normal,0.004116841591894627,0.3096891847509708,-55.40890760946763
6028,0,normal,0.004116841591894627,0.3096891847509708,-55.40890760946763
6029,0,normal,0.004116841591894627,0.3096891847509708,-55.40890760946763
6030,0,normal,0.004116841591894627,0.3096891847509708,-55.40890760946763
6031,0,normal,0.004116841591894627,0.3096891847509708,-55.40890760946763
6032,0,normal,0.004116841591894627,0.3096891847509708,-55.40890760946763
6033,0,normal,0.004116841591894627,0.3096891847509708,-55.40890760946763
6034,0,normal,0.004116841591894627,0.3096891847509708,-55.40890760946763
6035,0,normal,0.004116841591894627,0.3096891847509708,-55.40890760946763
6036,0,normal,0.004116841591894627,0.3096891847509708,-55.40890760946763
6037,0,normal,0.09212487190961838,0.3110812271947419,-55.574767084423684
6038,0,normal,0.07325764000415802,0.3120715961366356,-55.77629135786901
6039,0,normal,0.08820948004722595,0.31294708393057136,-56.01123930347171
6040,0,normal,0.16344791650772095,0.31294708393057136,-56.253608731808754
6041,0,normal,0.32904210686683655,0.31315323024705394,-56.49124662019449
6042,0,normal,0.6029776930809021,0.3147416793005074,-56.723314880733824
6043,0,normal,0.9704865217208862,0.31723885043820393,-56.950434657749156
6044,0,normal,1.3764320611953735,0.3194622542674544,-57.172731219763136
6045,0,normal,1.7538377046585083,0.3210167674251918,-57.39192714114847
6046,0,normal,2.062516212463379,0.32292052035436003,-57.60840639305525
6047,0,normal,2.2919068336486816,0.3237934800087867,-57.82279990139068
6048,0,normal,2.4523508548736572,0.32330793483593573,-58.035451992566095
6049,0,normal,2.562777280807495,0.3261365793425345,-58.247071497984734
6050,0,normal,2.6410305500030518,0.3268633596170344,-58.458147785496976
6051,0,normal,2.8009464740753174,0.32567355335741327,-58.50144601785064
6052,0,normal,2.472519874572754,0.3297407291264241,-58.51030278702888
6053,0,normal,2.1295342445373535,0.32923878707620763,-58.48772041842108
6054,0,normal,1.789814829826355,0.33020679386294055,-58.4599612228692
6055,0,normal,1.4647787809371948,0.32959448996554497,-58.43897413891159
6056,0,normal,1.1603666543960571,0.32793108124010134,-58.4265821683814
6057,0,normal,0.8796175122261047,0.3259876050826536,-58.41703132271641
6058,0,normal,0.6265383362770081,0.32465571727691367,-58.404571209066944
6059,0,normal,0.4090844988822937,0.3263769428373905,-58.38185072024203
6060,0,normal,0.23822256922721863,0.32681166119557137,-58.33777000617488
6061,0,normal,0.12132182717323303,0.3274901792223351,-58.26553840693987
6062,0,normal,0.0542331337928772,0.3281761329952297,-58.162921350650095
6063,0,normal,0.02229081653058529,0.32793757364324716,-58.02742505046717
6064,0,normal,0.00965555477887392,0.32848612874615685,-57.85861832889714
6065,0,normal,0.005607989151030779,0.3292544343610682,-57.65617518304816
6066,0,normal,0.00465119443833828,0.32585073734262276,-57.419298382267016
6067,0,normal,0.004477465990930796,0.32539868405344025,-57.20582840311522
6068,0,normal,0.004359343554824591,0.325175517457142,-56.99035328758919
6069,0,normal,0.0041900333017110825,0.325175517457142,-56.77299538854618
6070,0,normal,0.004017195664346218,0.325175517457142,-56.55273945635054
6071,0,normal,0.0038966930005699396,0.32440558553230975,-56.334781593398475
6072,0,normal,0.0038520731031894684,0.32181099546612046,-56.12477298903491
6073,0,normal,0.003872786182910204,0.3204002634158689,-55.92836500599333
6074,0,normal,0.0039277952164411545,0.31709327097082535,-55.75633808697262
6075,0,normal,0.003988189622759819,0.3157997530261211,-55.614841737610504
6076,0,normal,0.004039037507027388,0.31513966836338114,-55.50569753304535
6077,0,normal,0.004074950236827135,0.3135944758673188,-55.4306215865754
6078,0,normal,0.004097163211554289,0.3131782027124244,-55.389469188460225
6079,0,normal,0.004109857603907585,0.31216567409056023,-55.38223200357788
6080,0,normal,0.004116841591894627,0.3096891847509708,-55.40890760946763
6081,0,normal,0.004116841591894627,0.3096891847509708,-55.40890760946763
6082,0,normal,0.004116841591894627,0.3096891847509708,-55.40890760946763
6083,0,normal,0.004116841591894627,0.3096891847509708,-55.40890760946763
6084,0,normal,0.004116841591894627,0.3096891847509708,-55.40890760946763
6085,0,normal,0.004116841591894627,0.3096891847509708,-55.40890760946763
6086,0,normal,0.004116841591894627,0.3096891847509708,-55.40890760946763
6087,0,normal,0.004116841591894627,0.3096891847509708,-55.40890760946763
6088,0,normal,0.09212487190961838,0.3110812271947419,-55.574767084423684
6089,0,normal,0.07325764000415802,0.3120715961366356,-55.77629135786901
6090,0,normal,0.08820948004722595,0.31294708393057136,-56.01123930347171
6091,0,normal,0.16344791650772095,0.31294708393057136,-56.253608731808754
6092,0,normal,0.32904210686683655,0.31315323024705394,-56.49124662019449
6093,0,normal,0.6029776930809021,0.3147416793005074,-56.723314880733824
6094,0,normal,0.9704865217208862,0.31723885043820393,-56.950434657749156
6095,0,normal,1.3764320611953735,0.3194622542674544,-57.172731219763136
6096,0,normal,1.7538377046585083,0.3210167674251918,-57.39192714114847
6097,0,normal,2.062516212463379,0.32292052035436003,-57.60840639305525
6098,0,normal,2.2919068336486816,0.3237934800087867,-57.82279990139068
6099,0,normal,2.4523508548736572,0.32330793483593573,-58.035451992566095
6100,0,normal,2.562777280807495,0.3261365793425345,-58.247071497984734
6101,0,normal,2.6410305500030518,0.3268633596170344,-58.458147785496976
6102,0,normal,2.8009464740753174,0.32567355335741327,-58.50144601785064
6103,0,normal,2.472519874572754,0.3297407291264241,-58.51030278702888
6104,0,normal,2.1295342445373535,0.32923878707620763,-58.48772041842108
6105,0,normal,1.789814829826355,0.33020679386294055,-58.4599612228692
6106,0,normal,1.4647787809371948,0.32959448996554497,-58.43897413891159
6107,0,normal,1.1603666543960571,0.32793108124010134,-58.4265821683814
6108,0,normal,0.8796175122261047,0.3259876050826536,-58.41703132271641
6109,0,normal,0.6265383362770081,0.32465571727691367,-58.404571209066944
6110,0,normal,0.4090844988822937,0.3263769428373905,-58.38185072024203
6111,0,normal,0.23822256922721863,0.32681166119557137,-58.33777000617488
6112,0,normal,0.12132182717323303,0.3274901792223351,-58.26553840693987
6113,0,normal,0.0542331337928772,0.3281761329952297,-58.162921350650095
6114,0,normal,0.02229081653058529,0.32793757364324716,-58.02742505046717
6115,0,normal,0.00965555477887392,0.32848612874615685,-57.85861832889714
6116,0,normal,0.005607989151030779,0.3292544343610682,-57.65617518304816
6117,0,normal,0.08993664383888245,0.3284551989730107,-57.58247130940913
6118,0,normal,0.07241283357143402,0.32799953250972225,-57.568113140622245
6119,0,normal,0.08261388540267944,0.32829146439691675,-57.585495468975296
6120,0,normal,0.1516525149345398,0.32829146439691675,-57.60886229236439
6121,0,normal,0.32134419679641724,0.3285077184526124,-57.62509621988124
6122,0,normal,0.6263247728347778,0.32836512933554224,-57.638547737333056
6123,0,normal,1.0503216981887817,0.32778493511448886,-57.65546981055104
6124,0,normal,1.504408597946167,0.32706322016247535,-57.68161454798587
6125,0,normal,1.8897310495376587,0.3263728322928955,-57.729435259706634
6126,0,normal,2.1699628829956055,0.32688100332700576,-57.805419834335
6127,0,normal,2.3601272106170654,0.32619775663422146,-57.91198232741908
6128,0,normal,2.488995313644409,0.32498777153292924,-58.051143944563364
6129,0,normal,2.5794761180877686,0.32791635675238795,-58.223431769408535
6130,0,normal,2.6466634273529053,0.3275288840329337,-58.429290267606575
6131,0,normal,2.700345039367676,0.3268633596170344,-58.66893590294808
6132,0,normal,2.8545024394989014,0.3290903934669978,-58.71290173372108
6133,0,normal,2.517791748046875,0.33019881451055116,-58.72316559970341
6134,0,normal,2.17032527923584,0.32923878707620763,-58.702410068361814
6135,0,normal,1.828166127204895,0.331058663994124,-58.67641074642893
6136,0,normal,1.5014078617095947,0.32959448996554497,-58.65823566637232
6137,0,normal,1.1949626207351685,0.32901892008011074,-58.643578784419105
6138,0,normal,0.9112082719802856,0.32693110304377193,-58.62619634813359
6139,0,normal,0.6536253094673157,0.3260851862192206,-58.60034337693264
6140,0,normal,0.4299394190311432,0.3297807554786842,-58.5535729072119
6141,0,normal,0.2517460584640503,0.32837549215744477,-58.479338194875254
6142,0,normal,0.12815792858600616,0.3281761329952297,-58.375120766701
6143,0,normal,0.05669873207807541,0.32979317454766294,-58.23878477682524
6144,0,normal,0.02280685305595398,0.32921814488277296,-58.06967986021618
6145,0,normal,0.009629230946302414,0.3292544343610682,-57.86723981986597
6146,0,normal,0.0055458382703363895,0.330466700843431,-57.63113284797714
6147,0,normal,0.00465119443833828,0.32585073734262276,-57.419298382267016
6148,0,normal,0.004477465990930796,0.32539868405344025,-57.20582840311522
6149,0,normal,0.004359343554824591,0.325175517457142,-56.99035328758919
6150,0,normal,0.0041900333017110825,0.325175517457142,-56.77299538854618
6151,0,normal,0.004017195664346218,0.325175517457142,-56.55273945635054
6152,0,normal,0.0038966930005699396,0.32440558553230975,-56.334781593398475
6153,0,normal,0.0038520731031894684,0.32181099546612046,-56.12477298903491
6154,0,normal,0.003872786182910204,0.3204002634158689,-55.92836500599333
6155,0,normal,0.003927796147763729,0.31709327097082535,-55.75633808697262
6156,0,normal,0.003988189622759819,0.3157997530261211,-55.614841737610504
6157,0,normal,0.004039037507027388,0.31513966836338114,-55.50569753304535
6158,0,normal,0.004074950236827135,0.3135944758673188,-55.4306215865754
6159,0,normal,0.004097163211554289,0.3131782027124244,-55.389469188460225
6160,0,normal,0.004109857603907585,0.31216567409056023,-55.38223200357788
6161,0,normal,0.004116841591894627,0.3096891847509708,-55.40890760946763
6162,0,normal,0.004116841591894627,0.3096891847509708,-55.40890760946763
6163,0,normal,0.004116841591894627,0.3096891847509708,-55.40890760946763
6164,0,normal,0.004116841591894627,0.3096891847509708,-55.40890760946763
6165,0,normal,0.004116841591894627,0.3096891847509708,-55.40890760946763
6166,0,normal,0.004116841591894627,0.3096891847509708,-55.40890760946763
6167,0,normal,0.004116841591894627,0.3096891847509708,-55.40890760946763
6168,0,normal,0.004116841591894627,0.3096891847509708,-55.40890760946763
6169,0,normal,0.004116841591894627,0.3096891847509708,-55.40890760946763
6170,0,normal,0.004116841591894627,0.3096891847509708,-55.40890760946763
6171,0,normal,0.004116841591894627,0.3096891847509708,-55.40890760946763
6172,0,normal,0.004116841591894627,0.3096891847509708,-55.40890760946763
6173,0,normal,0.004116841591894627,0.3096891847509708,-55.40890760946763
6174,0,normal,0.004116841591894627,0.3096891847509708,-55.40890760946763
6175,0,normal,0.004116841591894627,0.3096891847509708,-55.40890760946763
6176,0,normal,0.09212487190961838,0.3110812271947419,-55.574767084423684
6177,0,normal,0.07325764000415802,0.3120715961366356,-55.77629135786901
6178,0,normal,0.08820948004722595,0.31294708393057136,-56.01123930347171
6179,0,normal,0.16344791650772095,0.31294708393057136,-56.253608731808754
6180,0,normal,0.32904210686683655,0.31315323024705394,-56.49124662019449
6181,0,normal,0.6029776930809021,0.3147416793005074,-56.723314880733824
6182,0,normal,0.9704865217208862,0.31723885043820393,-56.950434657749156
6183,0,normal,1.3764320611953735,0.3194622542674544,-57.172731219763136
6184,0,normal,1.7538377046585083,0.3210167674251918,-57.39192714114847
6185,0,normal,2.062516212463379,0.32292052035436003,-57.60840639305525
6186,0,normal,2.2919068336486816,0.3237934800087867,-57.82279990139068
6187,0,normal,2.4523508548736572,0.32330793483593573,-58.035451992566095
6188,0,normal,2.562777280807495,0.3261365793425345,-58.247071497984734
6189,0,normal,2.7364609241485596,0.32567355335741327,-58.29045390912688
6190,0,normal,2.4213175773620605,0.3263171367900656,-58.298632160941
6191,0,normal,2.0851669311523438,0.3282295982463324,-58.27463224446183
6192,0,normal,1.7487422227859497,0.33020679386294055,-58.24504351953783
6193,0,normal,1.425346851348877,0.3287463874026431,-58.22229755662397
6194,0,normal,1.122485637664795,0.32793108124010134,-58.20709449031733
6195,0,normal,0.8442587852478027,0.32490978871244547,-58.1998108061905
6196,0,normal,0.5954676866531372,0.32371878590371495,-58.19518617577728
6197,0,normal,0.3844573199748993,0.3249461949132652,-58.185863588515076
6198,0,normal,0.22157055139541626,0.32343849388602053,-58.165841017534376
6199,0,normal,0.1122528687119484,0.3259305644087795,-58.12377323406622
6200,0,normal,0.05042094364762306,0.3274901792223351,-58.05315226299581
6201,0,normal,0.021106237545609474,0.32632963047124974,-57.951385452338855
6202,0,normal,0.009417827241122723,0.327208404855193,-57.81619770732482
6203,0,normal,0.005593172740191221,0.32848612874615685,-57.647398159108434
6204,0,normal,0.0046510398387908936,0.32465540381544594,-57.44419587236166
6205,0,normal,0.004477465990930796,0.32539868405344025,-57.20582840311522
6206,0,normal,0.004359343554824591,0.325175517457142,-56.99035328758919
6207,0,normal,0.0041900333017110825,0.325175517457142,-56.77299538854618
6208,0,normal,0.004017195664346218,0.325175517457142,-56.55273945635054
6209,0,normal,0.0038966930005699396,0.32440558553230975,-56.334781593398475
6210,0,normal,0.0038520731031894684,0.32181099546612046,-56.12477298903491
6211,0,normal,0.09005387127399445,0.3218404517970969,-56.093100495991166
6212,0,normal,0.0727221816778183,0.31851859453251363,-56.121788334888834
6213,0,normal,0.08976650983095169,0.3178099155503774,-56.21475420720276
6214,0,normal,0.16716057062149048,0.3171456292458085,-56.34785034700258
6215,0,normal,0.33416154980659485,0.31579848879386796,-56.51062548007462
6216,0,normal,0.607984721660614,0.31697903057129767,-56.702061713813464
6217,0,normal,0.9735638499259949,0.3178847784519337,-56.922734792556184
6218,0,normal,1.3764320611953735,0.3194622542674544,-57.172731219763136
6219,0,normal,1.7538377046585083,0.3210167674251918,-57.39192714114847
6220,0,normal,2.062516212463379,0.32292052035436003,-57.60840639305525
6221,0,normal,2.2919068336486816,0.3237934800087867,-57.82279990139068
6222,0,normal,2.4523508548736572,0.32330793483593573,-58.035451992566095
6223,0,normal,2.562777280807495,0.3261365793425345,-58.247071497984734
6224,0,normal,2.6410305500030518,0.3268633596170344,-58.458147785496976
6225,0,normal,2.700345039367676,0.3268633596170344,-58.66893590294808
6226,0,normal,2.8545024394989014,0.3290903934669978,-58.71290173372108
6227,0,normal,2.517791748046875,0.33019881451055116,-58.72316559970341
6228,0,normal,2.17032527923584,0.32923878707620763,-58.702410068361814
6229,0,normal,1.828165888786316,0.331058663994124,-58.67641074642893
6230,0,normal,1.5014078617095947,0.32959448996554497,-58.65823566637232
6231,0,normal,1.1949626207351685,0.32901892008011074,-58.643578784419105
6232,0,normal,0.9112082719802856,0.32693110304377193,-58.62619634813359
6233,0,normal,0.6536253094673157,0.3260851862192206,-58.60034337693264
6234,0,normal,0.4299394190311432,0.3297807554786842,-58.5535729072119
6235,0,normal,0.2517460584640503,0.32837549215744477,-58.479338194875254
6236,0,normal,0.12815792858600616,0.3281761329952297,-58.375120766701
6237,0,normal,0.05669873207807541,0.32979317454766294,-58.23878477682524
6238,0,normal,0.02280685305595398,0.32921814488277296,-58.06967986021618
6239,0,normal,0.009629230946302414,0.3292544343610682,-57.86723981986597
6240,0,normal,0.0055458382703363895,0.330466700843431,-57.63113284797714
6241,0,normal,0.00465119443833828,0.32585073734262276,-57.419298382267016
6242,0,normal,0.004477465990930796,0.32539868405344025,-57.20582840311522
6243,0,normal,0.004359343554824591,0.325175517457142,-56.99035328758919
6244,0,normal,0.0041900333017110825,0.325175517457142,-56.77299538854618
6245,0,normal,0.004017195664346218,0.325175517457142,-56.55273945635054
6246,0,normal,0.0038966930005699396,0.32440558553230975,-56.334781593398475
6247,0,normal,0.0038520731031894684,0.32181099546612046,-56.12477298903491
6248,0,normal,0.003872786182910204,0.3204002634158689,-55.92836500599333
6249,0,normal,0.0039277952164411545,0.31709327097082535,-55.75633808697262
6250,0,normal,0.003988189622759819,0.3157997530261211,-55.614841737610504
6251,0,normal,0.004039037507027388,0.31513966836338114,-55.50569753304535
6252,0,normal,0.004074950236827135,0.3135944758673188,-55.4306215865754
6253,0,normal,0.004097163211554289,0.3131782027124244,-55.389469188460225
6254,0,normal,0.09209004789590836,0.31356884827041387,-55.54797498610128
6255,0,normal,0.07325764000415802,0.3120715961366356,-55.77629135786901
6256,0,normal,0.08820948004722595,0.31294708393057136,-56.01123930347171
6257,0,normal,0.16344791650772095,0.31294708393057136,-56.253608731808754
6258,0,normal,0.32904210686683655,0.31315323024705394,-56.49124662019449
6259,0,normal,0.6029776930809021,0.3147416793005074,-56.723314880733824
6260,0,normal,0.9704865217208862,0.31723885043820393,-56.950434657749156
6261,0,normal,1.3764320611953735,0.3194622542674544,-57.172731219763136
6262,0,normal,1.7538377046585083,0.3210167674251918,-57.39192714114847
6263,0,normal,2.062516212463379,0.32292052035436003,-57.60840639305525
6264,0,normal,2.2919068336486816,0.3237934800087867,-57.82279990139068
6265,0,normal,2.4523508548736572,0.32330793483593573,-58.035451992566095
6266,0,normal,2.562777280807495,0.3261365793425345,-58.247071497984734
6267,0,normal,2.6410305500030518,0.3268633596170344,-58.458147785496976
6268,0,normal,2.700345039367676,0.3268633596170344,-58.66893590294808
6269,0,normal,2.8545024394989014,0.3290903934669978,-58.71290173372108
6270,0,normal,2.517791748046875,0.33019881451055116,-58.72316559970341
6271,0,normal,2.17032527923584,0.32923878707620763,-58.702410068361814
6272,0,normal,1.828166127204895,0.331058663994124,-58.67641074642893
6273,0,normal,1.5014078617095947,0.32959448996554497,-58.65823566637232
6274,0,normal,1.1949626207351685,0.32901892008011074,-58.643578784419105
6275,0,normal,0.9112082719802856,0.32693110304377193,-58.62619634813359
6276,0,normal,0.6536253094673157,0.3260851862192206,-58.60034337693264
6277,0,normal,0.4299394190311432,0.3297807554786842,-58.5535729072119
6278,0,normal,0.2517460584640503,0.32837549215744477,-58.479338194875254
6279,0,normal,0.12815792858600616,0.3281761329952297,-58.375120766701
6280,0,normal,0.05669873207807541,0.32979317454766294,-58.23878477682524
6281,0,normal,0.02280685305595398,0.32921814488277296,-58.06967986021618
6282,0,normal,0.009629230946302414,0.3292544343610682,-57.86723981986597
6283,0,normal,0.0055458382703363895,0.330466700843431,-57.63113284797714
6284,0,normal,0.00465119443833828,0.32585073734262276,-57.419298382267016
6285,0,normal,0.004477465990930796,0.32539868405344025,-57.20582840311522
6286,0,normal,0.004359343554824591,0.325175517457142,-56.99035328758919
6287,0,normal,0.0041900333017110825,0.325175517457142,-56.77299538854618
6288,0,normal,0.004017195664346218,0.325175517457142,-56.55273945635054
6289,0,normal,0.0038966930005699396,0.32440558553230975,-56.334781593398475
6290,0,normal,0.0038520731031894684,0.32181099546612046,-56.12477298903491
6291,0,normal,0.003872786182910204,0.3204002634158689,-55.92836500599333
6292,0,normal,0.0039277952164411545,0.31709327097082535,-55.75633808697262
6293,0,normal,0.003988189622759819,0.3157997530261211,-55.614841737610504
6294,0,normal,0.004039037507027388,0.31513966836338114,-55.50569753304535
6295,0,normal,0.004074950236827135,0.3135944758673188,-55.4306215865754
6296,0,normal,0.004097163211554289,0.3131782027124244,-55.389469188460225
6297,0,normal,0.004109857603907585,0.31216567409056023,-55.38223200357788
6298,0,normal,0.004116841591894627,0.3096891847509708,-55.40890760946763
6299,0,normal,0.004116841591894627,0.3096891847509708,-55.40890760946763
6300,0,normal,0.004116841591894627,0.3096891847509708,-55.40890760946763
6301,0,normal,0.004116841591894627,0.3096891847509708,-55.40890760946763
6302,0,normal,0.004116841591894627,0.3096891847509708,-55.40890760946763
6303,0,normal,0.004116841591894627,0.3096891847509708,-55.40890760946763
6304,0,normal,0.004116841591894627,0.3096891847509708,-55.40890760946763
6305,0,normal,0.004116841591894627,0.3096891847509708,-55.40890760946763
6306,0,normal,0.004116841591894627,0.3096891847509708,-55.40890760946763
6307,0,normal,0.004116841591894627,0.3096891847509708,-55.40890760946763
6308,0,normal,0.004116841591894627,0.3096891847509708,-55.40890760946763
6309,0,normal,0.004116841591894627,0.3096891847509708,-55.40890760946763
6310,0,normal,0.004116841591894627,0.3096891847509708,-55.40890760946763
6311,0,normal,0.004116841591894627,0.3096891847509708,-55.40890760946763
6312,0,normal,0.004116841591894627,0.3096891847509708,-55.40890760946763
6313,0,normal,0.004116841591894627,0.3096891847509708,-55.40890760946763
6314,0,normal,0.004116841591894627,0.3096891847509708,-55.40890760946763
6315,0,normal,0.004116841591894627,0.3096891847509708,-55.40890760946763
6316,0,normal,0.004116841591894627,0.3096891847509708,-55.40890760946763
6317,0,normal,0.004116841591894627,0.3096891847509708,-55.40890760946763
6318,0,normal,0.004116841591894627,0.3096891847509708,-55.40890760946763
6319,0,normal,0.004116841591894627,0.3096891847509708,-55.40890760946763
6320,0,normal,0.004116841591894627,0.3096891847509708,-55.40890760946763
6321,0,normal,0.004116841591894627,0.3096891847509708,-55.40890760946763
6322,0,normal,0.004116841591894627,0.3096891847509708,-55.40890760946763
6323,0,normal,0.004116841591894627,0.3096891847509708,-55.40890760946763
6324,0,normal,0.004116841591894627,0.3096891847509708,-55.40890760946763
6325,0,normal,0.004116841591894627,0.3096891847509708,-55.40890760946763
6326,0,normal,0.004116841591894627,0.3096891847509708,-55.40890760946763
6327,0,normal,0.004116841591894627,0.3096891847509708,-55.40890760946763
6328,0,normal,0.004116841591894627,0.3096891847509708,-55.40890760946763
6329,0,normal,0.004116841591894627,0.3096891847509708,-55.40890760946763
6330,0,normal,0.004116841591894627,0.3096891847509708,-55.40890760946763
6331,0,normal,0.004116841591894627,0.3096891847509708,-55.40890760946763
6332,0,normal,0.004116841591894627,0.3096891847509708,-55.40890760946763
6333,0,normal,0.004116841591894627,0.3096891847509708,-55.40890760946763
6334,0,normal,0.004116841591894627,0.3096891847509708,-55.40890760946763
6335,0,normal,0.004116841591894627,0.3096891847509708,-55.40890760946763
6336,0,normal,0.004116841591894627,0.3096891847509708,-55.40890760946763
6337,0,normal,0.004116841591894627,0.3096891847509708,-55.40890760946763
6338,0,normal,0.004116841591894627,0.3096891847509708,-55.40890760946763
6339,0,normal,0.004116841591894627,0.3096891847509708,-55.40890760946763
6340,0,normal,0.004116841591894627,0.3096891847509708,-55.40890760946763
6341,0,normal,0.004116841591894627,0.3096891847509708,-55.40890760946763
6342,0,normal,0.004116841591894627,0.3096891847509708,-55.40890760946763
6343,0,normal,0.004116841591894627,0.3096891847509708,-55.40890760946763
6344,0,normal,0.004116841591894627,0.3096891847509708,-55.40890760946763
6345,0,normal,0.004116841591894627,0.3096891847509708,-55.40890760946763
6346,0,normal,0.004116841591894627,0.3096891847509708,-55.40890760946763
6347,0,normal,0.004116841591894627,0.3096891847509708,-55.40890760946763
6348,0,normal,0.004116841591894627,0.3096891847509708,-55.40890760946763
6349,0,normal,0.004116841591894627,0.3096891847509708,-55.40890760946763
6350,0,normal,0.004116841591894627,0.3096891847509708,-55.40890760946763
6351,0,normal,0.004116841591894627,0.3096891847509708,-55.40890760946763
6352,0,normal,0.004116841591894627,0.3096891847509708,-55.40890760946763
6353,0,normal,0.004116841591894627,0.3096891847509708,-55.40890760946763
6354,0,normal,0.09212487190961838,0.3110812271947419,-55.574767084423684
6355,0,normal,0.07325764000415802,0.3120715961366356,-55.77629135786901
6356,0,normal,0.08820948004722595,0.31294708393057136,-56.01123930347171
6357,0,normal,0.16344791650772095,0.31294708393057136,-56.253608731808754
6358,0,normal,0.32904210686683655,0.31315323024705394,-56.49124662019449
6359,0,normal,0.6029776930809021,0.3147416793005074,-56.723314880733824
6360,0,normal,0.9704865217208862,0.31723885043820393,-56.950434657749156
6361,0,normal,1.3764320611953735,0.3194622542674544,-57.172731219763136
6362,0,normal,1.7538377046585083,0.3210167674251918,-57.39192714114847
6363,0,normal,2.062516212463379,0.32292052035436003,-57.60840639305525
6364,0,normal,2.2919068336486816,0.3237934800087867,-57.82279990139068
6365,0,normal,2.4523508548736572,0.32330793483593573,-58.035451992566095
6366,0,normal,2.562777280807495,0.3261365793425345,-58.247071497984734
6367,0,normal,2.7364609241485596,0.32567355335741327,-58.29045390912688
6368,0,normal,2.4213175773620605,0.3263171367900656,-58.298632160941
6369,0,normal,2.0851669311523438,0.3282295982463324,-58.27463224446183
6370,0,normal,1.7487422227859497,0.33020679386294055,-58.24504351953783
6371,0,normal,1.425346851348877,0.3287463874026431,-58.22229755662397
6372,0,normal,1.122485637664795,0.32793108124010134,-58.20709449031733
6373,0,normal,0.8442587852478027,0.32490978871244547,-58.1998108061905
6374,0,normal,0.5954676866531372,0.32371878590371495,-58.19518617577728
6375,0,normal,0.3844573199748993,0.3249461949132652,-58.185863588515076
6376,0,normal,0.22157055139541626,0.32343849388602053,-58.165841017534376
6377,0,normal,0.1122528687119484,0.3259305644087795,-58.12377323406622
6378,0,normal,0.05042094364762306,0.3274901792223351,-58.05315226299581
6379,0,normal,0.021106237545609474,0.32632963047124974,-57.951385452338855
6380,0,normal,0.009417827241122723,0.327208404855193,-57.81619770732482
6381,0,normal,0.005593172740191221,0.32848612874615685,-57.647398159108434
6382,0,normal,0.0046510398387908936,0.32465540381544594,-57.44419587236166
6383,0,normal,0.004477465990930796,0.32539868405344025,-57.20582840311522
6384,0,normal,0.004359343554824591,0.325175517457142,-56.99035328758919
6385,0,normal,0.0041900333017110825,0.325175517457142,-56.77299538854618
6386,0,normal,0.004017195664346218,0.325175517457142,-56.55273945635054
6387,0,normal,0.0038966930005699396,0.32440558553230975,-56.334781593398475
6388,0,normal,0.0038520731031894684,0.32181099546612046,-56.12477298903491
6389,0,normal,0.003872786182910204,0.3204002634158689,-55.92836500599333
6390,0,normal,0.0039277952164411545,0.31709327097082535,-55.75633808697262
6391,0,normal,0.003988189622759819,0.3157997530261211,-55.614841737610504
6392,0,normal,0.004039037507027388,0.31513966836338114,-55.50569753304535
6393,0,normal,0.004074950236827135,0.3135944758673188,-55.4306215865754
6394,0,normal,0.004097163211554289,0.3131782027124244,-55.389469188460225
6395,0,normal,0.004109857603907585,0.31216567409056023,-55.38223200357788
6396,0,normal,0.004116841591894627,0.3096891847509708,-55.40890760946763
6397,0,normal,0.004116841591894627,0.3096891847509708,-55.40890760946763
6398,0,normal,0.004116841591894627,0.3096891847509708,-55.40890760946763
6399,0,normal,0.004116841591894627,0.3096891847509708,-55.40890760946763
6400,0,normal,0.004116841591894627,0.3096891847509708,-55.40890760946763
6401,0,normal,0.004116841591894627,0.3096891847509708,-55.40890760946763
6402,0,normal,0.004116841591894627,0.3096891847509708,-55.40890760946763
6403,0,normal,0.004116841591894627,0.3096891847509708,-55.40890760946763
6404,0,normal,0.004116841591894627,0.3096891847509708,-55.40890760946763
6405,0,normal,0.004116841591894627,0.3096891847509708,-55.40890760946763
6406,0,normal,0.004116841591894627,0.3096891847509708,-55.40890760946763
6407,0,normal,0.004116841591894627,0.3096891847509708,-55.40890760946763
6408,0,normal,0.004116841591894627,0.3096891847509708,-55.40890760946763
6409,0,normal,0.004116841591894627,0.3096891847509708,-55.40890760946763
6410,0,normal,0.004116841591894627,0.3096891847509708,-55.40890760946763
6411,0,normal,0.004116841591894627,0.3096891847509708,-55.40890760946763
6412,0,normal,0.004116841591894627,0.3096891847509708,-55.40890760946763
6413,0,normal,0.004116841591894627,0.3096891847509708,-55.40890760946763
6414,0,normal,0.004116841591894627,0.3096891847509708,-55.40890760946763
6415,0,normal,0.004116841591894627,0.3096891847509708,-55.40890760946763
6416,0,normal,0.004116841591894627,0.3096891847509708,-55.40890760946763
6417,0,normal,0.004116841591894627,0.3096891847509708,-55.40890760946763
6418,0,normal,0.004116841591894627,0.3096891847509708,-55.40890760946763
6419,0,normal,0.004116841591894627,0.3096891847509708,-55.40890760946763
6420,0,normal,0.004116841591894627,0.3096891847509708,-55.40890760946763
6421,0,normal,0.004116841591894627,0.3096891847509708,-55.40890760946763
6422,0,normal,0.004116841591894627,0.3096891847509708,-55.40890760946763
6423,0,normal,0.004116841591894627,0.3096891847509708,-55.40890760946763
6424,0,normal,0.004116841591894627,0.3096891847509708,-55.40890760946763
6425,0,normal,0.004116841591894627,0.3096891847509708,-55.40890760946763
6426,0,normal,0.004116841591894627,0.3096891847509708,-55.40890760946763
6427,0,normal,0.004116841591894627,0.3096891847509708,-55.40890760946763
6428,0,normal,0.004116841591894627,0.3096891847509708,-55.40890760946763
6429,0,normal,0.004116841591894627,0.3096891847509708,-55.40890760946763
6430,0,normal,0.004116841591894627,0.3096891847509708,-55.40890760946763
6431,0,normal,0.004116841591894627,0.3096891847509708,-55.40890760946763
6432,0,normal,0.004116841591894627,0.3096891847509708,-55.40890760946763
6433,0,normal,0.09212487190961838,0.3110812271947419,-55.574767084423684
6434,0,normal,0.07325764000415802,0.3120715961366356,-55.77629135786901
6435,0,normal,0.08820948004722595,0.31294708393057136,-56.01123930347171
6436,0,normal,0.16344791650772095,0.31294708393057136,-56.253608731808754
6437,0,normal,0.32904210686683655,0.31315323024705394,-56.49124662019449
6438,0,normal,0.6029776930809021,0.3147416793005074,-56.723314880733824
6439,0,normal,0.9704865217208862,0.31723885043820393,-56.950434657749156
6440,0,normal,1.3764320611953735,0.3194622542674544,-57.172731219763136
6441,0,normal,1.7538377046585083,0.3210167674251918,-57.39192714114847
6442,0,normal,2.062516212463379,0.32292052035436003,-57.60840639305525
6443,0,normal,2.2919068336486816,0.3237934800087867,-57.82279990139068
6444,0,normal,2.4523508548736572,0.32330793483593573,-58.035451992566095
6445,0,normal,2.562777280807495,0.3261365793425345,-58.247071497984734
6446,0,normal,2.6410305500030518,0.3268633596170344,-58.458147785496976
6447,0,normal,2.8009464740753174,0.32567355335741327,-58.50144601785064
6448,0,normal,2.472519874572754,0.3297407291264241,-58.51030278702888
6449,0,normal,2.1295342445373535,0.32923878707620763,-58.48772041842108
6450,0,normal,1.789814829826355,0.33020679386294055,-58.4599612228692
6451,0,normal,1.4647787809371948,0.32959448996554497,-58.43897413891159
6452,0,normal,1.1603666543960571,0.32793108124010134,-58.4265821683814
6453,0,normal,0.8796175122261047,0.3259876050826536,-58.41703132271641
6454,0,normal,0.6265383362770081,0.32465571727691367,-58.404571209066944
6455,0,normal,0.4090844988822937,0.3263769428373905,-58.38185072024203
6456,0,normal,0.23822256922721863,0.32681166119557137,-58.33777000617488
6457,0,normal,0.12132182717323303,0.3274901792223351,-58.26553840693987
6458,0,normal,0.0542331337928772,0.3281761329952297,-58.162921350650095
6459,0,normal,0.02229081653058529,0.32793757364324716,-58.02742505046717
6460,0,normal,0.00965555477887392,0.32848612874615685,-57.85861832889714
6461,0,normal,0.005607989151030779,0.3292544343610682,-57.65617518304816
6462,0,normal,0.00465119443833828,0.32585073734262276,-57.419298382267016
6463,0,normal,0.004477465990930796,0.32539868405344025,-57.20582840311522
6464,0,normal,0.004359343554824591,0.325175517457142,-56.99035328758919
6465,0,normal,0.0041900333017110825,0.325175517457142,-56.77299538854618
6466,0,normal,0.004017195664346218,0.325175517457142,-56.55273945635054
6467,0,normal,0.0038966930005699396,0.32440558553230975,-56.334781593398475
6468,0,normal,0.0038520731031894684,0.32181099546612046,-56.12477298903491
6469,0,normal,0.003872786182910204,0.3204002634158689,-55.92836500599333
6470,0,normal,0.0039277952164411545,0.31709327097082535,-55.75633808697262
6471,0,normal,0.003988189622759819,0.3157997530261211,-55.614841737610504
6472,0,normal,0.004039037507027388,0.31513966836338114,-55.50569753304535
6473,0,normal,0.004074950236827135,0.3135944758673188,-55.4306215865754
6474,0,normal,0.004097163211554289,0.3131782027124244,-55.389469188460225
6475,0,normal,0.004109857603907585,0.31216567409056023,-55.38223200357788
6476,0,normal,0.004116841591894627,0.3096891847509708,-55.40890760946763
6477,0,normal,0.004116841591894627,0.3096891847509708,-55.40890760946763
6478,0,normal,0.004116841591894627,0.3096891847509708,-55.40890760946763
6479,0,normal,0.004116841591894627,0.3096891847509708,-55.40890760946763
6480,0,normal,0.004116841591894627,0.3096891847509708,-55.40890760946763
6481,0,normal,0.004116841591894627,0.3096891847509708,-55.40890760946763
6482,0,normal,0.004116841591894627,0.3096891847509708,-55.40890760946763
6483,0,normal,0.004116841591894627,0.3096891847509708,-55.40890760946763
6484,0,normal,0.004116841591894627,0.3096891847509708,-55.40890760946763
6485,0,normal,0.004116841591894627,0.3096891847509708,-55.40890760946763
6486,0,normal,0.004116841591894627,0.3096891847509708,-55.40890760946763
6487,0,normal,0.004116841591894627,0.3096891847509708,-55.40890760946763
6488,0,normal,0.004116841591894627,0.3096891847509708,-55.40890760946763
6489,0,normal,0.004116841591894627,0.3096891847509708,-55.40890760946763
6490,0,normal,0.004116841591894627,0.3096891847509708,-55.40890760946763
6491,0,normal,0.004116841591894627,0.3096891847509708,-55.40890760946763
6492,0,normal,0.004116841591894627,0.3096891847509708,-55.40890760946763
6493,0,normal,0.004116841591894627,0.3096891847509708,-55.40890760946763
6494,0,normal,0.004116841591894627,0.3096891847509708,-55.40890760946763
6495,0,normal,0.004116841591894627,0.3096891847509708,-55.40890760946763
6496,0,normal,0.004116841591894627,0.3096891847509708,-55.40890760946763
6497,0,normal,0.004116841591894627,0.3096891847509708,-55.40890760946763
6498,0,normal,0.004116841591894627,0.3096891847509708,-55.40890760946763
6499,0,normal,0.004116841591894627,0.3096891847509708,-55.40890760946763
6500,0,normal,0.004116841591894627,0.3096891847509708,-55.40890760946763
6501,0,normal,0.004116841591894627,0.3096891847509708,-55.40890760946763
6502,0,normal,0.004116841591894627,0.3096891847509708,-55.40890760946763
6503,0,normal,0.004116841591894627,0.3096891847509708,-55.40890760946763
6504,0,normal,0.004116841591894627,0.3096891847509708,-55.40890760946763
6505,0,normal,0.004116841591894627,0.3096891847509708,-55.40890760946763
6506,0,normal,0.004116841591894627,0.3096891847509708,-55.40890760946763
6507,0,normal,0.004116841591894627,0.3096891847509708,-55.40890760946763
6508,0,normal,0.004116841591894627,0.3096891847509708,-55.40890760946763
6509,0,normal,0.004116841591894627,0.3096891847509708,-55.40890760946763
6510,0,normal,0.004116841591894627,0.3096891847509708,-55.40890760946763
6511,0,normal,0.004116841591894627,0.3096891847509708,-55.40890760946763
6512,0,normal,0.004116841591894627,0.3096891847509708,-55.40890760946763
6513,0,normal,0.004116841591894627,0.3096891847509708,-55.40890760946763
6514,0,normal,0.004116841591894627,0.3096891847509708,-55.40890760946763
6515,0,normal,0.004116841591894627,0.3096891847509708,-55.40890760946763
6516,0,normal,0.004116841591894627,0.3096891847509708,-55.40890760946763
6517,0,normal,0.004116841591894627,0.3096891847509708,-55.40890760946763
6518,0,normal,0.004116841591894627,0.3096891847509708,-55.40890760946763
6519,0,normal,0.004116841591894627,0.3096891847509708,-55.40890760946763
6520,0,normal,0.004116841591894627,0.3096891847509708,-55.40890760946763
6521,0,normal,0.004116841591894627,0.3096891847509708,-55.40890760946763
6522,0,normal,0.004116841591894627,0.3096891847509708,-55.40890760946763
6523,0,normal,0.004116841591894627,0.3096891847509708,-55.40890760946763
6524,0,normal,0.004116841591894627,0.3096891847509708,-55.40890760946763
6525,0,normal,0.004116841591894627,0.3096891847509708,-55.40890760946763
6526,0,normal,0.004116841591894627,0.3096891847509708,-55.40890760946763
6527,0,normal,0.004116841591894627,0.3096891847509708,-55.40890760946763
6528,0,normal,0.004116841591894627,0.3096891847509708,-55.40890760946763
6529,0,normal,0.004116841591894627,0.3096891847509708,-55.40890760946763
6530,0,normal,0.004116841591894627,0.3096891847509708,-55.40890760946763
6531,0,normal,0.004116841591894627,0.3096891847509708,-55.40890760946763
6532,0,normal,0.004116841591894627,0.3096891847509708,-55.40890760946763
6533,0,normal,0.004116841591894627,0.3096891847509708,-55.40890760946763
6534,0,normal,0.004116841591894627,0.3096891847509708,-55.40890760946763
6535,0,normal,0.004116841591894627,0.3096891847509708,-55.40890760946763
6536,0,normal,0.004116841591894627,0.3096891847509708,-55.40890760946763
6537,0,normal,0.004116841591894627,0.3096891847509708,-55.40890760946763
6538,0,normal,0.004116841591894627,0.3096891847509708,-55.40890760946763
6539,0,normal,0.09212487190961838,0.3110812271947419,-55.574767084423684
6540,0,normal,0.07325764000415802,0.3120715961366356,-55.77629135786901
6541,0,normal,0.08820948004722595,0.31294708393057136,-56.01123930347171
6542,0,normal,0.16344791650772095,0.31294708393057136,-56.253608731808754
6543,0,normal,0.32904210686683655,0.31315323024705394,-56.49124662019449
6544,0,normal,0.6029776930809021,0.3147416793005074,-56.723314880733824
6545,0,normal,0.9704865217208862,0.31723885043820393,-56.950434657749156
6546,0,normal,1.3764320611953735,0.3194622542674544,-57.172731219763136
6547,0,normal,1.7538377046585083,0.3210167674251918,-57.39192714114847
6548,0,normal,2.062516212463379,0.32292052035436003,-57.60840639305525
6549,0,normal,2.2919068336486816,0.3237934800087867,-57.82279990139068
6550,0,normal,2.4523508548736572,0.32330793483593573,-58.035451992566095
6551,0,normal,2.562777280807495,0.3261365793425345,-58.247071497984734
6552,0,normal,2.6410305500030518,0.3268633596170344,-58.458147785496976
6553,0,normal,2.8009464740753174,0.32567355335741327,-58.50144601785064
6554,0,normal,2.472519874572754,0.3297407291264241,-58.51030278702888
6555,0,normal,2.1295342445373535,0.32923878707620763,-58.48772041842108
6556,0,normal,1.789814829826355,0.33020679386294055,-58.4599612228692
6557,0,normal,1.4647787809371948,0.32959448996554497,-58.43897413891159
6558,0,normal,1.1603666543960571,0.32793108124010134,-58.4265821683814
6559,0,normal,0.8796175122261047,0.3259876050826536,-58.41703132271641
6560,0,normal,0.6265383362770081,0.32465571727691367,-58.404571209066944
6561,0,normal,0.4090844988822937,0.3263769428373905,-58.38185072024203
6562,0,normal,0.23822256922721863,0.32681166119557137,-58.33777000617488
6563,0,normal,0.12132182717323303,0.3274901792223351,-58.26553840693987
6564,0,normal,0.0542331337928772,0.3281761329952297,-58.162921350650095
6565,0,normal,0.02229081653058529,0.32793757364324716,-58.02742505046717
6566,0,normal,0.00965555477887392,0.32848612874615685,-57.85861832889714
6567,0,normal,0.005607989151030779,0.3292544343610682,-57.65617518304816
6568,0,normal,0.00465119443833828,0.32585073734262276,-57.419298382267016
6569,0,normal,0.004477465990930796,0.32539868405344025,-57.20582840311522
6570,0,normal,0.004359343554824591,0.325175517457142,-56.99035328758919
6571,0,normal,0.0041900333017110825,0.325175517457142,-56.77299538854618
6572,0,normal,0.004017195664346218,0.325175517457142,-56.55273945635054
6573,0,normal,0.0038966930005699396,0.32440558553230975,-56.334781593398475
6574,0,normal,0.0038520731031894684,0.32181099546612046,-56.12477298903491
6575,0,normal,0.003872786182910204,0.3204002634158689,-55.92836500599333
6576,0,normal,0.0039277952164411545,0.31709327097082535,-55.75633808697262
6577,0,normal,0.003988189622759819,0.3157997530261211,-55.614841737610504
6578,0,normal,0.004039037507027388,0.31513966836338114,-55.50569753304535
6579,0,normal,0.004074950236827135,0.3135944758673188,-55.4306215865754
6580,0,normal,0.004097163211554289,0.3131782027124244,-55.389469188460225
6581,0,normal,0.004109857603907585,0.31216567409056023,-55.38223200357788
6582,0,normal,0.004116841591894627,0.3096891847509708,-55.40890760946763
6583,0,normal,0.004116841591894627,0.3096891847509708,-55.40890760946763
6584,0,normal,0.004116841591894627,0.3096891847509708,-55.40890760946763
6585,0,normal,0.004116841591894627,0.3096891847509708,-55.40890760946763
6586,0,normal,0.004116841591894627,0.3096891847509708,-55.40890760946763
6587,0,normal,0.09212487190961838,0.3110812271947419,-55.574767084423684
6588,0,normal,0.07325764000415802,0.3120715961366356,-55.77629135786901
6589,0,normal,0.08820948004722595,0.31294708393057136,-56.01123930347171
6590,0,normal,0.16344791650772095,0.31294708393057136,-56.253608731808754
6591,0,normal,0.32904210686683655,0.31315323024705394,-56.49124662019449
6592,0,normal,0.6029776930809021,0.3147416793005074,-56.723314880733824
6593,0,normal,0.9704865217208862,0.31723885043820393,-56.950434657749156
6594,0,normal,1.3764320611953735,0.3194622542674544,-57.172731219763136
6595,0,normal,1.7538377046585083,0.3210167674251918,-57.39192714114847
6596,0,normal,2.062516212463379,0.32292052035436003,-57.60840639305525
6597,0,normal,2.2919068336486816,0.3237934800087867,-57.82279990139068
6598,0,normal,2.4523508548736572,0.32330793483593573,-58.035451992566095
6599,0,normal,2.562777280807495,0.3261365793425345,-58.247071497984734
6600,0,normal,2.6410305500030518,0.3268633596170344,-58.458147785496976
6601,0,normal,2.700345039367676,0.3268633596170344,-58.66893590294808
6602,0,normal,2.8545024394989014,0.3290903934669978,-58.71290173372108
6603,0,normal,2.517791748046875,0.33019881451055116,-58.72316559970341
6604,0,normal,2.17032527923584,0.32923878707620763,-58.702410068361814
6605,0,normal,1.828166127204895,0.331058663994124,-58.67641074642893
6606,0,normal,1.5014078617095947,0.32959448996554497,-58.65823566637232
6607,0,normal,1.1949626207351685,0.32901892008011074,-58.643578784419105
6608,0,normal,0.9112082719802856,0.32693110304377193,-58.62619634813359
6609,0,normal,0.6536253094673157,0.3260851862192206,-58.60034337693264
6610,0,normal,0.4299394190311432,0.3297807554786842,-58.5535729072119
6611,0,normal,0.2517460584640503,0.32837549215744477,-58.479338194875254
6612,0,normal,0.12815792858600616,0.3281761329952297,-58.375120766701
6613,0,normal,0.05669873207807541,0.32979317454766294,-58.23878477682524
6614,0,normal,0.02280685305595398,0.32921814488277296,-58.06967986021618
6615,0,normal,0.009629230946302414,0.3292544343610682,-57.86723981986597
6616,0,normal,0.0055458382703363895,0.330466700843431,-57.63113284797714
6617,0,normal,0.00465119443833828,0.32585073734262276,-57.419298382267016
6618,0,normal,0.004477465990930796,0.32539868405344025,-57.20582840311522
6619,0,normal,0.004359343554824591,0.325175517457142,-56.99035328758919
6620,0,normal,0.0041900333017110825,0.325175517457142,-56.77299538854618
6621,0,normal,0.004017195664346218,0.325175517457142,-56.55273945635054
6622,0,normal,0.0038966930005699396,0.32440558553230975,-56.334781593398475
6623,0,normal,0.0038520731031894684,0.32181099546612046,-56.12477298903491
6624,0,normal,0.003872786182910204,0.3204002634158689,-55.92836500599333
6625,0,normal,0.0039277952164411545,0.31709327097082535,-55.75633808697262
6626,0,normal,0.003988189622759819,0.3157997530261211,-55.614841737610504
6627,0,normal,0.004039037507027388,0.31513966836338114,-55.50569753304535
6628,0,normal,0.004074950236827135,0.3135944758673188,-55.4306215865754
6629,0,normal,0.004097163211554289,0.3131782027124244,-55.389469188460225
6630,0,normal,0.004109857603907585,0.31216567409056023,-55.38223200357788
6631,0,normal,0.004116841591894627,0.3096891847509708,-55.40890760946763
6632,0,normal,0.004116841591894627,0.3096891847509708,-55.40890760946763
6633,0,normal,0.004116841591894627,0.3096891847509708,-55.40890760946763
6634,0,normal,0.004116841591894627,0.3096891847509708,-55.40890760946763
6635,0,normal,0.004116841591894627,0.3096891847509708,-55.40890760946763
6636,0,normal,0.004116841591894627,0.3096891847509708,-55.40890760946763
6637,0,normal,0.004116841591894627,0.3096891847509708,-55.40890760946763
6638,0,normal,0.004116841591894627,0.3096891847509708,-55.40890760946763
6639,0,normal,0.004116841591894627,0.3096891847509708,-55.40890760946763
6640,0,normal,0.004116841591894627,0.3096891847509708,-55.40890760946763
6641,0,normal,0.004116841591894627,0.3096891847509708,-55.40890760946763
6642,0,normal,0.004116841591894627,0.3096891847509708,-55.40890760946763
6643,0,normal,0.004116841591894627,0.3096891847509708,-55.40890760946763
6644,0,normal,0.004116841591894627,0.3096891847509708,-55.40890760946763
6645,0,normal,0.004116841591894627,0.3096891847509708,-55.40890760946763
6646,0,normal,0.004116841591894627,0.3096891847509708,-55.40890760946763
6647,0,normal,0.004116841591894627,0.3096891847509708,-55.40890760946763
6648,0,normal,0.004116841591894627,0.3096891847509708,-55.40890760946763
6649,0,normal,0.004116841591894627,0.3096891847509708,-55.40890760946763
6650,0,normal,0.004116841591894627,0.3096891847509708,-55.40890760946763
6651,0,normal,0.004116841591894627,0.3096891847509708,-55.40890760946763
6652,0,normal,0.004116841591894627,0.3096891847509708,-55.40890760946763
6653,0,normal,0.004116841591894627,0.3096891847509708,-55.40890760946763
6654,0,normal,0.004116841591894627,0.3096891847509708,-55.40890760946763
6655,0,normal,0.004116841591894627,0.3096891847509708,-55.40890760946763
6656,0,normal,0.004116841591894627,0.3096891847509708,-55.40890760946763
6657,0,normal,0.004116841591894627,0.3096891847509708,-55.40890760946763
6658,0,normal,0.004116841591894627,0.3096891847509708,-55.40890760946763
6659,0,normal,0.004116841591894627,0.3096891847509708,-55.40890760946763
6660,0,normal,0.004116841591894627,0.3096891847509708,-55.40890760946763
6661,0,normal,0.004116841591894627,0.3096891847509708,-55.40890760946763
6662,0,normal,0.004116841591894627,0.3096891847509708,-55.40890760946763
6663,0,normal,0.004116841591894627,0.3096891847509708,-55.40890760946763
6664,0,normal,0.004116841591894627,0.3096891847509708,-55.40890760946763
6665,0,normal,0.004116841591894627,0.3096891847509708,-55.40890760946763
6666,0,normal,0.004116841591894627,0.3096891847509708,-55.40890760946763
6667,0,normal,0.004116841591894627,0.3096891847509708,-55.40890760946763
6668,0,normal,0.004116841591894627,0.3096891847509708,-55.40890760946763
6669,0,normal,0.004116841591894627,0.3096891847509708,-55.40890760946763
6670,0,normal,0.004116841591894627,0.3096891847509708,-55.40890760946763
6671,0,normal,0.004116841591894627,0.3096891847509708,-55.40890760946763
6672,0,normal,0.004116841591894627,0.3096891847509708,-55.40890760946763
6673,0,normal,0.004116841591894627,0.3096891847509708,-55.40890760946763
6674,0,normal,0.004116841591894627,0.3096891847509708,-55.40890760946763
6675,0,normal,0.004116841591894627,0.3096891847509708,-55.40890760946763
6676,0,normal,0.004116841591894627,0.3096891847509708,-55.40890760946763
6677,0,normal,0.004116841591894627,0.3096891847509708,-55.40890760946763
6678,0,normal,0.004116841591894627,0.3096891847509708,-55.40890760946763
6679,0,normal,0.004116841591894627,0.3096891847509708,-55.40890760946763
6680,0,normal,0.004116841591894627,0.3096891847509708,-55.40890760946763
6681,0,normal,0.004116841591894627,0.3096891847509708,-55.40890760946763
6682,0,normal,0.004116841591894627,0.3096891847509708,-55.40890760946763
6683,0,normal,0.004116841591894627,0.3096891847509708,-55.40890760946763
6684,0,normal,0.004116841591894627,0.3096891847509708,-55.40890760946763
6685,0,normal,0.09212487190961838,0.3110812271947419,-55.574767084423684
6686,0,normal,0.07325764000415802,0.3120715961366356,-55.77629135786901
6687,0,normal,0.08820948004722595,0.31294708393057136,-56.01123930347171
6688,0,normal,0.16344791650772095,0.31294708393057136,-56.253608731808754
6689,0,normal,0.32904210686683655,0.31315323024705394,-56.49124662019449
6690,0,normal,0.6029776930809021,0.3147416793005074,-56.723314880733824
6691,0,normal,0.9704865217208862,0.31723885043820393,-56.950434657749156
6692,0,normal,1.3764320611953735,0.3194622542674544,-57.172731219763136
6693,0,normal,1.7538377046585083,0.3210167674251918,-57.39192714114847
6694,0,normal,2.062516212463379,0.32292052035436003,-57.60840639305525
6695,0,normal,2.2919068336486816,0.3237934800087867,-57.82279990139068
6696,0,normal,2.4523508548736572,0.32330793483593573,-58.035451992566095
6697,0,normal,2.562777280807495,0.3261365793425345,-58.247071497984734
6698,0,normal,2.6410305500030518,0.3268633596170344,-58.458147785496976
6699,0,normal,2.8009464740753174,0.32567355335741327,-58.50144601785064
6700,0,normal,2.472519874572754,0.3297407291264241,-58.51030278702888
6701,0,normal,2.1295342445373535,0.32923878707620763,-58.48772041842108
6702,0,normal,1.789814829826355,0.33020679386294055,-58.4599612228692
6703,0,normal,1.4647787809371948,0.32959448996554497,-58.43897413891159
6704,0,normal,1.1603666543960571,0.32793108124010134,-58.4265821683814
6705,0,normal,0.8796175122261047,0.3259876050826536,-58.41703132271641
6706,0,normal,0.6265383362770081,0.32465571727691367,-58.404571209066944
6707,0,normal,0.4090844988822937,0.3263769428373905,-58.38185072024203
6708,0,normal,0.23822256922721863,0.32681166119557137,-58.33777000617488
6709,0,normal,0.12132182717323303,0.3274901792223351,-58.26553840693987
6710,0,normal,0.0542331337928772,0.3281761329952297,-58.162921350650095
6711,0,normal,0.02229081653058529,0.32793757364324716,-58.02742505046717
6712,0,normal,0.00965555477887392,0.32848612874615685,-57.85861832889714
6713,0,normal,0.005607989151030779,0.3292544343610682,-57.65617518304816
6714,0,normal,0.00465119443833828,0.32585073734262276,-57.419298382267016
6715,0,normal,0.004477465990930796,0.32539868405344025,-57.20582840311522
6716,0,normal,0.004359343554824591,0.325175517457142,-56.99035328758919
6717,0,normal,0.0041900333017110825,0.325175517457142,-56.77299538854618
6718,0,normal,0.08922497183084488,0.32777458218618133,-56.71681849892502
6719,0,normal,0.07062090933322906,0.32699849634507255,-56.69892214301581
6720,0,normal,0.08816904574632645,0.3249871604967283,-56.722749893966466
6721,0,normal,0.171758770942688,0.3224397096032354,-56.768024622176426
6722,0,normal,0.35128629207611084,0.31932187422095765,-56.83337509223384
6723,0,normal,0.6372839212417603,0.31963239683316513,-56.92407619784444
6724,0,normal,1.0065711736679077,0.32096781226563537,-57.04253308379407
6725,0,normal,1.4040188789367676,0.32163255195840856,-57.19054884886532
6726,0,normal,1.769690990447998,0.32276860523498097,-57.36966311193737
6727,0,normal,2.0687038898468018,0.3235780167802137,-57.58021580006175
6728,0,normal,2.2919068336486816,0.3237934800087867,-57.82279990139068
6729,0,normal,2.4523508548736572,0.32330793483593573,-58.035451992566095
6730,0,normal,2.562777280807495,0.3261365793425345,-58.247071497984734
6731,0,normal,2.6410305500030518,0.3268633596170344,-58.458147785496976
6732,0,normal,2.8009464740753174,0.32567355335741327,-58.50144601785064
6733,0,normal,2.472519874572754,0.3297407291264241,-58.51030278702888
6734,0,normal,2.1295342445373535,0.32923878707620763,-58.48772041842108
6735,0,normal,1.789814829826355,0.33020679386294055,-58.4599612228692
6736,0,normal,1.4647787809371948,0.32959448996554497,-58.43897413891159
6737,0,normal,1.1603666543960571,0.32793108124010134,-58.4265821683814
6738,0,normal,0.8796175122261047,0.3259876050826536,-58.41703132271641
6739,0,normal,0.6265383362770081,0.32465571727691367,-58.404571209066944
6740,0,normal,0.4090844988822937,0.3263769428373905,-58.38185072024203
6741,0,normal,0.23822256922721863,0.32681166119557137,-58.33777000617488
6742,0,normal,0.12132182717323303,0.3274901792223351,-58.26553840693987
6743,0,normal,0.0542331337928772,0.3281761329952297,-58.162921350650095
6744,0,normal,0.02229081653058529,0.32793757364324716,-58.02742505046717
6745,0,normal,0.00965555477887392,0.32848612874615685,-57.85861832889714
6746,0,normal,0.005607989151030779,0.3292544343610682,-57.65617518304816
6747,0,normal,0.00465119443833828,0.32585073734262276,-57.419298382267016
6748,0,normal,0.004477465990930796,0.32539868405344025,-57.20582840311522
6749,0,normal,0.004359343554824591,0.325175517457142,-56.99035328758919
6750,0,normal,0.0041900333017110825,0.325175517457142,-56.77299538854618
6751,0,normal,0.004017195664346218,0.325175517457142,-56.55273945635054
6752,0,normal,0.0038966930005699396,0.32440558553230975,-56.334781593398475
6753,0,normal,0.0038520731031894684,0.32181099546612046,-56.12477298903491
6754,0,normal,0.003872786182910204,0.3204002634158689,-55.92836500599333
6755,0,normal,0.0039277952164411545,0.31709327097082535,-55.75633808697262
6756,0,normal,0.003988189622759819,0.3157997530261211,-55.614841737610504
6757,0,normal,0.004039037507027388,0.31513966836338114,-55.50569753304535
6758,0,normal,0.004074950236827135,0.3135944758673188,-55.4306215865754
6759,0,normal,0.004097163211554289,0.3131782027124244,-55.389469188460225
6760,0,normal,0.004109857603907585,0.31216567409056023,-55.38223200357788
6761,0,normal,0.004116841591894627,0.3096891847509708,-55.40890760946763
6762,0,normal,0.004116841591894627,0.3096891847509708,-55.40890760946763
6763,0,normal,0.004116841591894627,0.3096891847509708,-55.40890760946763
6764,0,normal,0.004116841591894627,0.3096891847509708,-55.40890760946763
6765,0,normal,0.004116841591894627,0.3096891847509708,-55.40890760946763
6766,0,normal,0.004116841591894627,0.3096891847509708,-55.40890760946763
6767,0,normal,0.004116841591894627,0.3096891847509708,-55.40890760946763
6768,0,normal,0.004116841591894627,0.3096891847509708,-55.40890760946763
6769,0,normal,0.004116841591894627,0.3096891847509708,-55.40890760946763
6770,0,normal,0.004116841591894627,0.3096891847509708,-55.40890760946763
6771,0,normal,0.004116841591894627,0.3096891847509708,-55.40890760946763
6772,0,normal,0.004116841591894627,0.3096891847509708,-55.40890760946763
6773,0,normal,0.004116841591894627,0.3096891847509708,-55.40890760946763
6774,0,normal,0.004116841591894627,0.3096891847509708,-55.40890760946763
6775,0,normal,0.004116841591894627,0.3096891847509708,-55.40890760946763
6776,0,normal,0.004116841591894627,0.3096891847509708,-55.40890760946763
6777,0,normal,0.004116841591894627,0.3096891847509708,-55.40890760946763
6778,0,normal,0.004116841591894627,0.3096891847509708,-55.40890760946763
6779,0,normal,0.004116841591894627,0.3096891847509708,-55.40890760946763
6780,0,normal,0.004116841591894627,0.3096891847509708,-55.40890760946763
6781,0,normal,0.004116841591894627,0.3096891847509708,-55.40890760946763
6782,0,normal,0.004116841591894627,0.3096891847509708,-55.40890760946763
6783,0,normal,0.004116841591894627,0.3096891847509708,-55.40890760946763
6784,0,normal,0.004116841591894627,0.3096891847509708,-55.40890760946763
6785,0,normal,0.004116841591894627,0.3096891847509708,-55.40890760946763
6786,0,normal,0.004116841591894627,0.3096891847509708,-55.40890760946763
6787,0,normal,0.004116841591894627,0.3096891847509708,-55.40890760946763
6788,0,normal,0.004116841591894627,0.3096891847509708,-55.40890760946763
6789,0,normal,0.004116841591894627,0.3096891847509708,-55.40890760946763
6790,0,normal,0.004116841591894627,0.3096891847509708,-55.40890760946763
6791,0,normal,0.004116841591894627,0.3096891847509708,-55.40890760946763
6792,0,normal,0.004116841591894627,0.3096891847509708,-55.40890760946763
6793,0,normal,0.004116841591894627,0.3096891847509708,-55.40890760946763
6794,0,normal,0.004116841591894627,0.3096891847509708,-55.40890760946763
6795,0,normal,0.004116841591894627,0.3096891847509708,-55.40890760946763
6796,0,normal,0.004116841591894627,0.3096891847509708,-55.40890760946763
6797,0,normal,0.004116841591894627,0.3096891847509708,-55.40890760946763
6798,0,normal,0.004116841591894627,0.3096891847509708,-55.40890760946763
6799,0,normal,0.004116841591894627,0.3096891847509708,-55.40890760946763
6800,0,normal,0.004116841591894627,0.3096891847509708,-55.40890760946763
6801,0,normal,0.004116841591894627,0.3096891847509708,-55.40890760946763
6802,0,normal,0.004116841591894627,0.3096891847509708,-55.40890760946763
6803,0,normal,0.004116841591894627,0.3096891847509708,-55.40890760946763
6804,0,normal,0.004116841591894627,0.3096891847509708,-55.40890760946763
6805,0,normal,0.004116841591894627,0.3096891847509708,-55.40890760946763
6806,0,normal,0.004116841591894627,0.3096891847509708,-55.40890760946763
6807,0,normal,0.004116841591894627,0.3096891847509708,-55.40890760946763
6808,0,normal,0.004116841591894627,0.3096891847509708,-55.40890760946763
6809,0,normal,0.004116841591894627,0.3096891847509708,-55.40890760946763
6810,0,normal,0.004116841591894627,0.3096891847509708,-55.40890760946763
6811,0,normal,0.004116841591894627,0.3096891847509708,-55.40890760946763
6812,0,normal,0.004116841591894627,0.3096891847509708,-55.40890760946763
6813,0,normal,0.004116841591894627,0.3096891847509708,-55.40890760946763
6814,0,normal,0.004116841591894627,0.3096891847509708,-55.40890760946763
6815,0,normal,0.09212487190961838,0.3110812271947419,-55.574767084423684
6816,0,normal,0.07325764000415802,0.3120715961366356,-55.77629135786901
6817,0,normal,0.08820948004722595,0.31294708393057136,-56.01123930347171
6818,0,normal,0.16344791650772095,0.31294708393057136,-56.253608731808754
6819,0,normal,0.32904210686683655,0.31315323024705394,-56.49124662019449
6820,0,normal,0.6029776930809021,0.3147416793005074,-56.723314880733824
6821,0,normal,0.9704865217208862,0.31723885043820393,-56.950434657749156
6822,0,normal,1.3764320611953735,0.3194622542674544,-57.172731219763136
6823,0,normal,1.7538377046585083,0.3210167674251918,-57.39192714114847
6824,0,normal,2.062516212463379,0.32292052035436003,-57.60840639305525
6825,0,normal,2.2919068336486816,0.3237934800087867,-57.82279990139068
6826,0,normal,2.4523508548736572,0.32330793483593573,-58.035451992566095
6827,0,normal,2.562777280807495,0.3261365793425345,-58.247071497984734
6828,0,normal,2.6410305500030518,0.3268633596170344,-58.458147785496976
6829,0,normal,2.8009464740753174,0.32567355335741327,-58.50144601785064
6830,0,normal,2.472519874572754,0.3297407291264241,-58.51030278702888
6831,0,normal,2.1295342445373535,0.32923878707620763,-58.48772041842108
6832,0,normal,1.789814829826355,0.33020679386294055,-58.4599612228692
6833,0,normal,1.4647787809371948,0.32959448996554497,-58.43897413891159
6834,0,normal,1.1603666543960571,0.32793108124010134,-58.4265821683814
6835,0,normal,0.8796175122261047,0.3259876050826536,-58.41703132271641
6836,0,normal,0.6265383362770081,0.32465571727691367,-58.404571209066944
6837,0,normal,0.4090844988822937,0.3263769428373905,-58.38185072024203
6838,0,normal,0.23822256922721863,0.32681166119557137,-58.33777000617488
6839,0,normal,0.12132182717323303,0.3274901792223351,-58.26553840693987
6840,0,normal,0.0542331337928772,0.3281761329952297,-58.162921350650095
6841,0,normal,0.02229081653058529,0.32793757364324716,-58.02742505046717
6842,0,normal,0.00965555477887392,0.32848612874615685,-57.85861832889714
6843,0,normal,0.005607989151030779,0.3292544343610682,-57.65617518304816
6844,0,normal,0.00465119443833828,0.32585073734262276,-57.419298382267016
6845,0,normal,0.004477465990930796,0.32539868405344025,-57.20582840311522
6846,0,normal,0.004359343554824591,0.325175517457142,-56.99035328758919
6847,0,normal,0.0041900333017110825,0.325175517457142,-56.77299538854618
6848,0,normal,0.004017195664346218,0.325175517457142,-56.55273945635054
6849,0,normal,0.0038966930005699396,0.32440558553230975,-56.334781593398475
6850,0,normal,0.0038520731031894684,0.32181099546612046,-56.12477298903491
6851,0,normal,0.003872786182910204,0.3204002634158689,-55.92836500599333
6852,0,normal,0.0039277952164411545,0.31709327097082535,-55.75633808697262
6853,0,normal,0.003988189622759819,0.3157997530261211,-55.614841737610504
6854,0,normal,0.004039037507027388,0.31513966836338114,-55.50569753304535
6855,0,normal,0.004074950236827135,0.3135944758673188,-55.4306215865754
6856,0,normal,0.004097163211554289,0.3131782027124244,-55.389469188460225
6857,0,normal,0.004109857603907585,0.31216567409056023,-55.38223200357788
6858,0,normal,0.004116841591894627,0.3096891847509708,-55.40890760946763
6859,0,normal,0.004116841591894627,0.3096891847509708,-55.40890760946763
6860,0,normal,0.004116841591894627,0.3096891847509708,-55.40890760946763
6861,0,normal,0.004116841591894627,0.3096891847509708,-55.40890760946763
6862,0,normal,0.004116841591894627,0.3096891847509708,-55.40890760946763
6863,0,normal,0.004116841591894627,0.3096891847509708,-55.40890760946763
6864,0,normal,0.004116841591894627,0.3096891847509708,-55.40890760946763
6865,0,normal,0.004116841591894627,0.3096891847509708,-55.40890760946763
6866,0,normal,0.004116841591894627,0.3096891847509708,-55.40890760946763
6867,0,normal,0.004116841591894627,0.3096891847509708,-55.40890760946763
6868,0,normal,0.004116841591894627,0.3096891847509708,-55.40890760946763
6869,0,normal,0.004116841591894627,0.3096891847509708,-55.40890760946763
6870,0,normal,0.004116841591894627,0.3096891847509708,-55.40890760946763
6871,0,normal,0.004116841591894627,0.3096891847509708,-55.40890760946763
6872,0,normal,0.004116841591894627,0.3096891847509708,-55.40890760946763
6873,0,normal,0.004116841591894627,0.3096891847509708,-55.40890760946763
6874,0,normal,0.004116841591894627,0.3096891847509708,-55.40890760946763
6875,0,normal,0.004116841591894627,0.3096891847509708,-55.40890760946763
6876,0,normal,0.004116841591894627,0.3096891847509708,-55.40890760946763
6877,0,normal,0.004116841591894627,0.3096891847509708,-55.40890760946763
6878,0,normal,0.004116841591894627,0.3096891847509708,-55.40890760946763
6879,0,normal,0.004116841591894627,0.3096891847509708,-55.40890760946763
6880,0,normal,0.004116841591894627,0.3096891847509708,-55.40890760946763
6881,0,normal,0.004116841591894627,0.3096891847509708,-55.40890760946763
6882,0,normal,0.004116841591894627,0.3096891847509708,-55.40890760946763
6883,0,normal,0.004116841591894627,0.3096891847509708,-55.40890760946763
6884,0,normal,0.004116841591894627,0.3096891847509708,-55.40890760946763
6885,0,normal,0.004116841591894627,0.3096891847509708,-55.40890760946763
6886,0,normal,0.004116841591894627,0.3096891847509708,-55.40890760946763
6887,0,normal,0.004116841591894627,0.3096891847509708,-55.40890760946763
6888,0,normal,0.004116841591894627,0.3096891847509708,-55.40890760946763
6889,0,normal,0.004116841591894627,0.3096891847509708,-55.40890760946763
6890,0,normal,0.004116841591894627,0.3096891847509708,-55.40890760946763
6891,0,normal,0.004116841591894627,0.3096891847509708,-55.40890760946763
6892,0,normal,0.004116841591894627,0.3096891847509708,-55.40890760946763
6893,0,normal,0.004116841591894627,0.3096891847509708,-55.40890760946763
6894,0,normal,0.004116841591894627,0.3096891847509708,-55.40890760946763
6895,0,normal,0.004116841591894627,0.3096891847509708,-55.40890760946763
6896,0,normal,0.004116841591894627,0.3096891847509708,-55.40890760946763
6897,0,normal,0.004116841591894627,0.3096891847509708,-55.40890760946763
6898,0,normal,0.004116841591894627,0.3096891847509708,-55.40890760946763
6899,0,normal,0.004116841591894627,0.3096891847509708,-55.40890760946763
6900,0,normal,0.004116841591894627,0.3096891847509708,-55.40890760946763
6901,0,normal,0.004116841591894627,0.3096891847509708,-55.40890760946763
6902,0,normal,0.004116841591894627,0.3096891847509708,-55.40890760946763
6903,0,normal,0.004116841591894627,0.3096891847509708,-55.40890760946763
6904,0,normal,0.004116841591894627,0.3096891847509708,-55.40890760946763
6905,0,normal,0.004116841591894627,0.3096891847509708,-55.40890760946763
6906,0,normal,0.004116841591894627,0.3096891847509708,-55.40890760946763
6907,0,normal,0.004116841591894627,0.3096891847509708,-55.40890760946763
6908,0,normal,0.004116841591894627,0.3096891847509708,-55.40890760946763
6909,0,normal,0.004116841591894627,0.3096891847509708,-55.40890760946763
6910,0,normal,0.004116841591894627,0.3096891847509708,-55.40890760946763
6911,0,normal,0.004116841591894627,0.3096891847509708,-55.40890760946763
6912,0,normal,0.004116841591894627,0.3096891847509708,-55.40890760946763
6913,0,normal,0.004116841591894627,0.3096891847509708,-55.40890760946763
6914,0,normal,0.004116841591894627,0.3096891847509708,-55.40890760946763
6915,0,normal,0.004116841591894627,0.3096891847509708,-55.40890760946763
6916,0,normal,0.004116841591894627,0.3096891847509708,-55.40890760946763
6917,0,normal,0.004116841591894627,0.3096891847509708,-55.40890760946763
6918,0,normal,0.004116841591894627,0.3096891847509708,-55.40890760946763
6919,0,normal,0.004116841591894627,0.3096891847509708,-55.40890760946763
6920,0,normal,0.004116841591894627,0.3096891847509708,-55.40890760946763
6921,0,normal,0.004116841591894627,0.3096891847509708,-55.40890760946763
6922,0,normal,0.004116841591894627,0.3096891847509708,-55.40890760946763
6923,0,normal,0.09212487190961838,0.3110812271947419,-55.574767084423684
6924,0,normal,0.07325764000415802,0.3120715961366356,-55.77629135786901
6925,0,normal,0.08820948004722595,0.31294708393057136,-56.01123930347171
6926,0,normal,0.16344791650772095,0.31294708393057136,-56.253608731808754
6927,0,normal,0.32904210686683655,0.31315323024705394,-56.49124662019449
6928,0,normal,0.6029776930809021,0.3147416793005074,-56.723314880733824
6929,0,normal,0.9704865217208862,0.31723885043820393,-56.950434657749156
6930,0,normal,1.3764320611953735,0.3194622542674544,-57.172731219763136
6931,0,normal,1.7538377046585083,0.3210167674251918,-57.39192714114847
6932,0,normal,2.062516212463379,0.32292052035436003,-57.60840639305525
6933,0,normal,2.2919068336486816,0.3237934800087867,-57.82279990139068
6934,0,normal,2.4523508548736572,0.32330793483593573,-58.035451992566095
6935,0,normal,2.562777280807495,0.3261365793425345,-58.247071497984734
6936,0,normal,2.6410305500030518,0.3268633596170344,-58.458147785496976
6937,0,normal,2.8009464740753174,0.32567355335741327,-58.50144601785064
6938,0,normal,2.472519874572754,0.3297407291264241,-58.51030278702888
6939,0,normal,2.1295342445373535,0.32923878707620763,-58.48772041842108
6940,0,normal,1.789814829826355,0.33020679386294055,-58.4599612228692
6941,0,normal,1.4647787809371948,0.32959448996554497,-58.43897413891159
6942,0,normal,1.1603666543960571,0.32793108124010134,-58.4265821683814
6943,0,normal,0.8796175122261047,0.3259876050826536,-58.41703132271641
6944,0,normal,0.6265383362770081,0.32465571727691367,-58.404571209066944
6945,0,normal,0.4090844988822937,0.3263769428373905,-58.38185072024203
6946,0,normal,0.23822256922721863,0.32681166119557137,-58.33777000617488
6947,0,normal,0.12132182717323303,0.3274901792223351,-58.26553840693987
6948,0,normal,0.0542331337928772,0.3281761329952297,-58.162921350650095
6949,0,normal,0.02229081653058529,0.32793757364324716,-58.02742505046717
6950,0,normal,0.00965555477887392,0.32848612874615685,-57.85861832889714
6951,0,normal,0.005607989151030779,0.3292544343610682,-57.65617518304816
6952,0,normal,0.00465119443833828,0.32585073734262276,-57.419298382267016
6953,0,normal,0.004477465990930796,0.32539868405344025,-57.20582840311522
6954,0,normal,0.004359343554824591,0.325175517457142,-56.99035328758919
6955,0,normal,0.0041900333017110825,0.325175517457142,-56.77299538854618
6956,0,normal,0.004017195664346218,0.325175517457142,-56.55273945635054
6957,0,normal,0.0038966930005699396,0.32440558553230975,-56.334781593398475
6958,0,normal,0.0038520731031894684,0.32181099546612046,-56.12477298903491
6959,0,normal,0.003872786182910204,0.3204002634158689,-55.92836500599333
6960,0,normal,0.0039277952164411545,0.31709327097082535,-55.75633808697262
6961,0,normal,0.003988189622759819,0.3157997530261211,-55.614841737610504
6962,0,normal,0.004039037507027388,0.31513966836338114,-55.50569753304535
6963,0,normal,0.004074950236827135,0.3135944758673188,-55.4306215865754
6964,0,normal,0.004097163211554289,0.3131782027124244,-55.389469188460225
6965,0,normal,0.004109857603907585,0.31216567409056023,-55.38223200357788
6966,0,normal,0.004116841591894627,0.3096891847509708,-55.40890760946763
6967,0,normal,0.004116841591894627,0.3096891847509708,-55.40890760946763
6968,0,normal,0.004116841591894627,0.3096891847509708,-55.40890760946763
6969,0,normal,0.004116841591894627,0.3096891847509708,-55.40890760946763
6970,0,normal,0.004116841591894627,0.3096891847509708,-55.40890760946763
6971,0,normal,0.004116841591894627,0.3096891847509708,-55.40890760946763
6972,0,normal,0.004116841591894627,0.3096891847509708,-55.40890760946763
6973,0,normal,0.004116841591894627,0.3096891847509708,-55.40890760946763
6974,0,normal,0.09212487190961838,0.3110812271947419,-55.574767084423684
6975,0,normal,0.07325764000415802,0.3120715961366356,-55.77629135786901
6976,0,normal,0.08820948004722595,0.31294708393057136,-56.01123930347171
6977,0,normal,0.16344791650772095,0.31294708393057136,-56.253608731808754
6978,0,normal,0.32904210686683655,0.31315323024705394,-56.49124662019449
6979,0,normal,0.6029776930809021,0.3147416793005074,-56.723314880733824
6980,0,normal,0.9704865217208862,0.31723885043820393,-56.950434657749156
6981,0,normal,1.3764320611953735,0.3194622542674544,-57.172731219763136
6982,0,normal,1.7538377046585083,0.3210167674251918,-57.39192714114847
6983,0,normal,2.062516212463379,0.32292052035436003,-57.60840639305525
6984,0,normal,2.2919068336486816,0.3237934800087867,-57.82279990139068
6985,0,normal,2.4523508548736572,0.32330793483593573,-58.035451992566095
6986,0,normal,2.562777280807495,0.3261365793425345,-58.247071497984734
6987,0,normal,2.6410305500030518,0.3268633596170344,-58.458147785496976
6988,0,normal,2.700345039367676,0.3268633596170344,-58.66893590294808
6989,0,normal,2.8545024394989014,0.3290903934669978,-58.71290173372108
6990,0,normal,2.517791748046875,0.33019881451055116,-58.72316559970341
6991,0,normal,2.17032527923584,0.32923878707620763,-58.702410068361814
6992,0,normal,1.828166127204895,0.331058663994124,-58.67641074642893
6993,0,normal,1.5014078617095947,0.32959448996554497,-58.65823566637232
6994,0,normal,1.1949626207351685,0.32901892008011074,-58.643578784419105
6995,0,normal,0.9112082719802856,0.32693110304377193,-58.62619634813359
6996,0,normal,0.6536253094673157,0.3260851862192206,-58.60034337693264
6997,0,normal,0.4299394190311432,0.3297807554786842,-58.5535729072119
6998,0,normal,0.2517460584640503,0.32837549215744477,-58.479338194875254
6999,0,normal,0.12815792858600616,0.3281761329952297,-58.375120766701
7000,0,normal,0.05669873207807541,0.32979317454766294,-58.23878477682524
7001,0,normal,0.02280685305595398,0.32921814488277296,-58.06967986021618
7002,0,normal,0.009629230946302414,0.3292544343610682,-57.86723981986597
7003,0,normal,0.0055458382703363895,0.330466700843431,-57.63113284797714
7004,0,normal,0.00465119443833828,0.32585073734262276,-57.419298382267016
7005,0,normal,0.004477465990930796,0.32539868405344025,-57.20582840311522
7006,0,normal,0.004359343554824591,0.325175517457142,-56.99035328758919
7007,0,normal,0.0041900333017110825,0.325175517457142,-56.77299538854618
7008,0,normal,0.004017195664346218,0.325175517457142,-56.55273945635054
7009,0,normal,0.0038966930005699396,0.32440558553230975,-56.334781593398475
7010,0,normal,0.0038520731031894684,0.32181099546612046,-56.12477298903491
7011,0,normal,0.003872786182910204,0.3204002634158689,-55.92836500599333
7012,0,normal,0.0039277952164411545,0.31709327097082535,-55.75633808697262
7013,0,normal,0.003988189622759819,0.3157997530261211,-55.614841737610504
7014,0,normal,0.004039037507027388,0.31513966836338114,-55.50569753304535
7015,0,normal,0.004074950236827135,0.3135944758673188,-55.4306215865754
7016,0,normal,0.004097163211554289,0.3131782027124244,-55.389469188460225
7017,0,normal,0.004109857603907585,0.31216567409056023,-55.38223200357788
7018,0,normal,0.004116841591894627,0.3096891847509708,-55.40890760946763
7019,0,normal,0.09212487190961838,0.3110812271947419,-55.574767084423684
7020,0,normal,0.07325764000415802,0.3120715961366356,-55.77629135786901
7021,0,normal,0.08820948004722595,0.31294708393057136,-56.01123930347171
7022,0,normal,0.16344791650772095,0.31294708393057136,-56.253608731808754
7023,0,normal,0.32904210686683655,0.31315323024705394,-56.49124662019449
7024,0,normal,0.6029776930809021,0.3147416793005074,-56.723314880733824
7025,0,normal,0.9704865217208862,0.31723885043820393,-56.950434657749156
7026,0,normal,1.3764320611953735,0.3194622542674544,-57.172731219763136
7027,0,normal,1.7538377046585083,0.3210167674251918,-57.39192714114847
7028,0,normal,2.062516212463379,0.32292052035436003,-57.60840639305525
7029,0,normal,2.2919068336486816,0.3237934800087867,-57.82279990139068
7030,0,normal,2.4523508548736572,0.32330793483593573,-58.035451992566095
7031,0,normal,2.562777280807495,0.3261365793425345,-58.247071497984734
7032,0,normal,2.6410305500030518,0.3268633596170344,-58.458147785496976
7033,0,normal,2.700345039367676,0.3268633596170344,-58.66893590294808
7034,0,normal,2.8545024394989014,0.3290903934669978,-58.71290173372108
7035,0,normal,2.517791748046875,0.33019881451055116,-58.72316559970341
7036,0,normal,2.17032527923584,0.32923878707620763,-58.702410068361814
7037,0,normal,1.828166127204895,0.331058663994124,-58.67641074642893
7038,0,normal,1.5014078617095947,0.32959448996554497,-58.65823566637232
7039,0,normal,1.1949626207351685,0.32901892008011074,-58.643578784419105
7040,0,normal,0.9112082719802856,0.32693110304377193,-58.62619634813359
7041,0,normal,0.6536253094673157,0.3260851862192206,-58.60034337693264
7042,0,normal,0.4299394190311432,0.3297807554786842,-58.5535729072119
7043,0,normal,0.2517460584640503,0.32837549215744477,-58.479338194875254
7044,0,normal,0.12815792858600616,0.3281761329952297,-58.375120766701
7045,0,normal,0.05669873207807541,0.32979317454766294,-58.23878477682524
7046,0,normal,0.02280685305595398,0.32921814488277296,-58.06967986021618
7047,0,normal,0.009629230946302414,0.3292544343610682,-57.86723981986597
7048,0,normal,0.0055458382703363895,0.330466700843431,-57.63113284797714
7049,0,normal,0.00465119443833828,0.32585073734262276,-57.419298382267016
7050,0,normal,0.004477465990930796,0.32539868405344025,-57.20582840311522
7051,0,normal,0.004359343554824591,0.325175517457142,-56.99035328758919
7052,0,normal,0.0041900333017110825,0.325175517457142,-56.77299538854618
7053,0,normal,0.004017195664346218,0.325175517457142,-56.55273945635054
7054,0,normal,0.0038966930005699396,0.32440558553230975,-56.334781593398475
7055,0,normal,0.0038520731031894684,0.32181099546612046,-56.12477298903491
7056,0,normal,0.003872786182910204,0.3204002634158689,-55.92836500599333
7057,0,normal,0.0039277952164411545,0.31709327097082535,-55.75633808697262
7058,0,normal,0.003988189622759819,0.3157997530261211,-55.614841737610504
7059,0,normal,0.004039037507027388,0.31513966836338114,-55.50569753304535
7060,0,normal,0.004074950236827135,0.3135944758673188,-55.4306215865754
7061,0,normal,0.004097163211554289,0.3131782027124244,-55.389469188460225
7062,0,normal,0.004109857603907585,0.31216567409056023,-55.38223200357788
7063,0,normal,0.004116841591894627,0.3096891847509708,-55.40890760946763
7064,0,normal,0.004116841591894627,0.3096891847509708,-55.40890760946763
7065,0,normal,0.004116841591894627,0.3096891847509708,-55.40890760946763
7066,0,normal,0.004116841591894627,0.3096891847509708,-55.40890760946763
7067,0,normal,0.004116841591894627,0.3096891847509708,-55.40890760946763
7068,0,normal,0.004116841591894627,0.3096891847509708,-55.40890760946763
7069,0,normal,0.004116841591894627,0.3096891847509708,-55.40890760946763
7070,0,normal,0.004116841591894627,0.3096891847509708,-55.40890760946763
7071,0,normal,0.004116841591894627,0.3096891847509708,-55.40890760946763
7072,0,normal,0.004116841591894627,0.3096891847509708,-55.40890760946763
7073,0,normal,0.004116841591894627,0.3096891847509708,-55.40890760946763
7074,0,normal,0.004116841591894627,0.3096891847509708,-55.40890760946763
7075,0,normal,0.004116841591894627,0.3096891847509708,-55.40890760946763
7076,0,normal,0.004116841591894627,0.3096891847509708,-55.40890760946763
7077,0,normal,0.004116841591894627,0.3096891847509708,-55.40890760946763
7078,0,normal,0.004116841591894627,0.3096891847509708,-55.40890760946763
7079,0,normal,0.004116841591894627,0.3096891847509708,-55.40890760946763
7080,0,normal,0.004116841591894627,0.3096891847509708,-55.40890760946763
7081,0,normal,0.004116841591894627,0.3096891847509708,-55.40890760946763
7082,0,normal,0.004116841591894627,0.3096891847509708,-55.40890760946763
7083,0,normal,0.004116841591894627,0.3096891847509708,-55.40890760946763
7084,0,normal,0.004116841591894627,0.3096891847509708,-55.40890760946763
7085,0,normal,0.004116841591894627,0.3096891847509708,-55.40890760946763
7086,0,normal,0.004116841591894627,0.3096891847509708,-55.40890760946763
7087,0,normal,0.004116841591894627,0.3096891847509708,-55.40890760946763
7088,0,normal,0.004116841591894627,0.3096891847509708,-55.40890760946763
7089,0,normal,0.004116841591894627,0.3096891847509708,-55.40890760946763
7090,0,normal,0.004116841591894627,0.3096891847509708,-55.40890760946763
7091,0,normal,0.004116841591894627,0.3096891847509708,-55.40890760946763
7092,0,normal,0.004116841591894627,0.3096891847509708,-55.40890760946763
7093,0,normal,0.004116841591894627,0.3096891847509708,-55.40890760946763
7094,0,normal,0.004116841591894627,0.3096891847509708,-55.40890760946763
7095,0,normal,0.004116841591894627,0.3096891847509708,-55.40890760946763
7096,0,normal,0.004116841591894627,0.3096891847509708,-55.40890760946763
7097,0,normal,0.004116841591894627,0.3096891847509708,-55.40890760946763
7098,0,normal,0.004116841591894627,0.3096891847509708,-55.40890760946763
7099,0,normal,0.004116841591894627,0.3096891847509708,-55.40890760946763
7100,0,normal,0.004116841591894627,0.3096891847509708,-55.40890760946763
7101,0,normal,0.004116841591894627,0.3096891847509708,-55.40890760946763
7102,0,normal,0.004116841591894627,0.3096891847509708,-55.40890760946763
7103,0,normal,0.004116841591894627,0.3096891847509708,-55.40890760946763
7104,0,normal,0.004116841591894627,0.3096891847509708,-55.40890760946763
7105,0,normal,0.004116841591894627,0.3096891847509708,-55.40890760946763
7106,0,normal,0.004116841591894627,0.3096891847509708,-55.40890760946763
7107,0,normal,0.004116841591894627,0.3096891847509708,-55.40890760946763
7108,0,normal,0.004116841591894627,0.3096891847509708,-55.40890760946763
7109,0,normal,0.004116841591894627,0.3096891847509708,-55.40890760946763
7110,0,normal,0.004116841591894627,0.3096891847509708,-55.40890760946763
7111,0,normal,0.004116841591894627,0.3096891847509708,-55.40890760946763
7112,0,normal,0.004116841591894627,0.3096891847509708,-55.40890760946763
7113,0,normal,0.004116841591894627,0.3096891847509708,-55.40890760946763
7114,0,normal,0.004116841591894627,0.3096891847509708,-55.40890760946763
7115,0,normal,0.004116841591894627,0.3096891847509708,-55.40890760946763
7116,0,normal,0.004116841591894627,0.3096891847509708,-55.40890760946763
7117,0,normal,0.004116841591894627,0.3096891847509708,-55.40890760946763
7118,0,normal,0.09212487190961838,0.3110812271947419,-55.574767084423684
7119,0,normal,0.07325764000415802,0.3120715961366356,-55.77629135786901
7120,0,normal,0.08820948004722595,0.31294708393057136,-56.01123930347171
7121,0,normal,0.16344791650772095,0.31294708393057136,-56.253608731808754
7122,0,normal,0.32904210686683655,0.31315323024705394,-56.49124662019449
7123,0,normal,0.6029776930809021,0.3147416793005074,-56.723314880733824
7124,0,normal,0.9704865217208862,0.31723885043820393,-56.950434657749156
7125,0,normal,1.3764320611953735,0.3194622542674544,-57.172731219763136
7126,0,normal,1.7538377046585083,0.3210167674251918,-57.39192714114847
7127,0,normal,2.062516212463379,0.32292052035436003,-57.60840639305525
7128,0,normal,2.2919068336486816,0.3237934800087867,-57.82279990139068
7129,0,normal,2.4523508548736572,0.32330793483593573,-58.035451992566095
7130,0,normal,2.562777280807495,0.3261365793425345,-58.247071497984734
7131,0,normal,2.6410305500030518,0.3268633596170344,-58.458147785496976
7132,0,normal,2.8009464740753174,0.32567355335741327,-58.50144601785064
7133,0,normal,2.472519874572754,0.3297407291264241,-58.51030278702888
7134,0,normal,2.1295342445373535,0.32923878707620763,-58.48772041842108
7135,0,normal,1.789814829826355,0.33020679386294055,-58.4599612228692
7136,0,normal,1.4647787809371948,0.32959448996554497,-58.43897413891159
7137,0,normal,1.1603666543960571,0.32793108124010134,-58.4265821683814
7138,0,normal,0.8796175122261047,0.3259876050826536,-58.41703132271641
7139,0,normal,0.6265383362770081,0.32465571727691367,-58.404571209066944
7140,0,normal,0.4090844988822937,0.3263769428373905,-58.38185072024203
7141,0,normal,0.23822256922721863,0.32681166119557137,-58.33777000617488
7142,0,normal,0.12132182717323303,0.3274901792223351,-58.26553840693987
7143,0,normal,0.0542331337928772,0.3281761329952297,-58.162921350650095
7144,0,normal,0.02229081653058529,0.32793757364324716,-58.02742505046717
7145,0,normal,0.00965555477887392,0.32848612874615685,-57.85861832889714
7146,0,normal,0.005607989151030779,0.3292544343610682,-57.65617518304816
7147,0,normal,0.00465119443833828,0.32585073734262276,-57.419298382267016
7148,0,normal,0.004477465990930796,0.32539868405344025,-57.20582840311522
7149,0,normal,0.004359343554824591,0.325175517457142,-56.99035328758919
7150,0,normal,0.0041900333017110825,0.325175517457142,-56.77299538854618
7151,0,normal,0.004017195664346218,0.325175517457142,-56.55273945635054
7152,0,normal,0.0038966930005699396,0.32440558553230975,-56.334781593398475
7153,0,normal,0.0038520731031894684,0.32181099546612046,-56.12477298903491
7154,0,normal,0.003872786182910204,0.3204002634158689,-55.92836500599333
7155,0,normal,0.0039277952164411545,0.31709327097082535,-55.75633808697262
7156,0,normal,0.003988189622759819,0.3157997530261211,-55.614841737610504
7157,0,normal,0.004039037507027388,0.31513966836338114,-55.50569753304535
7158,0,normal,0.004074950236827135,0.3135944758673188,-55.4306215865754
7159,0,normal,0.004097163211554289,0.3131782027124244,-55.389469188460225
7160,0,normal,0.004109857603907585,0.31216567409056023,-55.38223200357788
7161,0,normal,0.004116841591894627,0.3096891847509708,-55.40890760946763
7162,0,normal,0.004116841591894627,0.3096891847509708,-55.40890760946763
7163,0,normal,0.004116841591894627,0.3096891847509708,-55.40890760946763
7164,0,normal,0.004116841591894627,0.3096891847509708,-55.40890760946763
7165,0,normal,0.004116841591894627,0.3096891847509708,-55.40890760946763
7166,0,normal,0.004116841591894627,0.3096891847509708,-55.40890760946763
7167,0,normal,0.004116841591894627,0.3096891847509708,-55.40890760946763
7168,0,normal,0.004116841591894627,0.3096891847509708,-55.40890760946763
7169,0,normal,0.004116841591894627,0.3096891847509708,-55.40890760946763
7170,0,normal,0.004116841591894627,0.3096891847509708,-55.40890760946763
7171,0,normal,0.004116841591894627,0.3096891847509708,-55.40890760946763
7172,0,normal,0.004116841591894627,0.3096891847509708,-55.40890760946763
7173,0,normal,0.004116841591894627,0.3096891847509708,-55.40890760946763
7174,0,normal,0.004116841591894627,0.3096891847509708,-55.40890760946763
7175,0,normal,0.004116841591894627,0.3096891847509708,-55.40890760946763
7176,0,normal,0.004116841591894627,0.3096891847509708,-55.40890760946763
7177,0,normal,0.004116841591894627,0.3096891847509708,-55.40890760946763
7178,0,normal,0.09212487190961838,0.3110812271947419,-55.574767084423684
7179,0,normal,0.07325764000415802,0.3120715961366356,-55.77629135786901
7180,0,normal,0.08820948004722595,0.31294708393057136,-56.01123930347171
7181,0,normal,0.16344791650772095,0.31294708393057136,-56.253608731808754
7182,0,normal,0.32904210686683655,0.31315323024705394,-56.49124662019449
7183,0,normal,0.6029776930809021,0.3147416793005074,-56.723314880733824
7184,0,normal,0.9704865217208862,0.31723885043820393,-56.950434657749156
7185,0,normal,1.3764320611953735,0.3194622542674544,-57.172731219763136
7186,0,normal,1.7538377046585083,0.3210167674251918,-57.39192714114847
7187,0,normal,2.062516212463379,0.32292052035436003,-57.60840639305525
7188,0,normal,2.2919068336486816,0.3237934800087867,-57.82279990139068
7189,0,normal,2.4523508548736572,0.32330793483593573,-58.035451992566095
7190,0,normal,2.562777280807495,0.3261365793425345,-58.247071497984734
7191,0,normal,2.7364609241485596,0.32567355335741327,-58.29045390912688
7192,0,normal,2.4213175773620605,0.3263171367900656,-58.298632160941
7193,0,normal,2.0851669311523438,0.3282295982463324,-58.27463224446183
7194,0,normal,1.7487422227859497,0.33020679386294055,-58.24504351953783
7195,0,normal,1.425346851348877,0.3287463874026431,-58.22229755662397
7196,0,normal,1.122485637664795,0.32793108124010134,-58.20709449031733
7197,0,normal,0.8442587852478027,0.32490978871244547,-58.1998108061905
7198,0,normal,0.5954676866531372,0.32371878590371495,-58.19518617577728
7199,0,normal,0.3844573199748993,0.3249461949132652,-58.185863588515076
7200,0,normal,0.22157055139541626,0.32343849388602053,-58.165841017534376
7201,0,normal,0.1122528687119484,0.3259305644087795,-58.12377323406622
7202,0,normal,0.05042094364762306,0.3274901792223351,-58.05315226299581
7203,0,normal,0.021106237545609474,0.32632963047124974,-57.951385452338855
7204,0,normal,0.009417827241122723,0.327208404855193,-57.81619770732482
7205,0,normal,0.005593172740191221,0.32848612874615685,-57.647398159108434
7206,0,normal,0.0046510398387908936,0.32465540381544594,-57.44419587236166
7207,0,normal,0.004477465990930796,0.32539868405344025,-57.20582840311522
7208,0,normal,0.004359343554824591,0.325175517457142,-56.99035328758919
7209,0,normal,0.0041900333017110825,0.325175517457142,-56.77299538854618
7210,0,normal,0.004017195664346218,0.325175517457142,-56.55273945635054
7211,0,normal,0.0038966930005699396,0.32440558553230975,-56.334781593398475
7212,0,normal,0.0038520731031894684,0.32181099546612046,-56.12477298903491
7213,0,normal,0.003872786182910204,0.3204002634158689,-55.92836500599333
7214,0,normal,0.0039277952164411545,0.31709327097082535,-55.75633808697262
7215,0,normal,0.003988189622759819,0.3157997530261211,-55.614841737610504
7216,0,normal,0.004039037507027388,0.31513966836338114,-55.50569753304535
7217,0,normal,0.004074950236827135,0.3135944758673188,-55.4306215865754
7218,0,normal,0.004097163211554289,0.3131782027124244,-55.389469188460225
7219,0,normal,0.004109857603907585,0.31216567409056023,-55.38223200357788
7220,0,normal,0.004116841591894627,0.3096891847509708,-55.40890760946763
7221,0,normal,0.004116841591894627,0.3096891847509708,-55.40890760946763
7222,0,normal,0.004116841591894627,0.3096891847509708,-55.40890760946763
7223,0,normal,0.004116841591894627,0.3096891847509708,-55.40890760946763
7224,0,normal,0.004116841591894627,0.3096891847509708,-55.40890760946763
7225,0,normal,0.004116841591894627,0.3096891847509708,-55.40890760946763
7226,0,normal,0.09212487190961838,0.3110812271947419,-55.574767084423684
7227,0,normal,0.07325764000415802,0.3120715961366356,-55.77629135786901
7228,0,normal,0.08820948004722595,0.31294708393057136,-56.01123930347171
7229,0,normal,0.16344791650772095,0.31294708393057136,-56.253608731808754
7230,0,normal,0.32904210686683655,0.31315323024705394,-56.49124662019449
7231,0,normal,0.6029776930809021,0.3147416793005074,-56.723314880733824
7232,0,normal,0.9704865217208862,0.31723885043820393,-56.950434657749156
7233,0,normal,1.3764320611953735,0.3194622542674544,-57.172731219763136
7234,0,normal,1.7538377046585083,0.3210167674251918,-57.39192714114847
7235,0,normal,2.062516212463379,0.32292052035436003,-57.60840639305525
7236,0,normal,2.2919068336486816,0.3237934800087867,-57.82279990139068
7237,0,normal,2.4523508548736572,0.32330793483593573,-58.035451992566095
7238,0,normal,2.562777280807495,0.3261365793425345,-58.247071497984734
7239,0,normal,2.6410305500030518,0.3268633596170344,-58.458147785496976
7240,0,normal,2.700345039367676,0.3268633596170344,-58.66893590294808
7241,0,normal,2.8545024394989014,0.3290903934669978,-58.71290173372108
7242,0,normal,2.517791748046875,0.33019881451055116,-58.72316559970341
7243,0,normal,2.17032527923584,0.32923878707620763,-58.702410068361814
7244,0,normal,1.828166127204895,0.331058663994124,-58.67641074642893
7245,0,normal,1.5014078617095947,0.32959448996554497,-58.65823566637232
7246,0,normal,1.1949626207351685,0.32901892008011074,-58.643578784419105
7247,0,normal,0.9112082719802856,0.32693110304377193,-58.62619634813359
7248,0,normal,0.6536253094673157,0.3260851862192206,-58.60034337693264
7249,0,normal,0.4299394190311432,0.3297807554786842,-58.5535729072119
7250,0,normal,0.2517460584640503,0.32837549215744477,-58.479338194875254
7251,0,normal,0.12815792858600616,0.3281761329952297,-58.375120766701
7252,0,normal,0.05669873207807541,0.32979317454766294,-58.23878477682524
7253,0,normal,0.02280685305595398,0.32921814488277296,-58.06967986021618
7254,0,normal,0.009629230946302414,0.3292544343610682,-57.86723981986597
7255,0,normal,0.0055458382703363895,0.330466700843431,-57.63113284797714
7256,0,normal,0.00465119443833828,0.32585073734262276,-57.419298382267016
7257,0,normal,0.004477465990930796,0.32539868405344025,-57.20582840311522
7258,0,normal,0.004359343554824591,0.325175517457142,-56.99035328758919
7259,0,normal,0.0041900333017110825,0.325175517457142,-56.77299538854618
7260,0,normal,0.004017195664346218,0.325175517457142,-56.55273945635054
7261,0,normal,0.0038966930005699396,0.32440558553230975,-56.334781593398475
7262,0,normal,0.0038520731031894684,0.32181099546612046,-56.12477298903491
7263,0,normal,0.003872786182910204,0.3204002634158689,-55.92836500599333
7264,0,normal,0.0039277952164411545,0.31709327097082535,-55.75633808697262
7265,0,normal,0.003988189622759819,0.3157997530261211,-55.614841737610504
7266,0,normal,0.004039037507027388,0.31513966836338114,-55.50569753304535
7267,0,normal,0.004074950236827135,0.3135944758673188,-55.4306215865754
7268,0,normal,0.004097163211554289,0.3131782027124244,-55.389469188460225
7269,0,normal,0.004109857603907585,0.31216567409056023,-55.38223200357788
7270,0,normal,0.004116841591894627,0.3096891847509708,-55.40890760946763
7271,0,normal,0.004116841591894627,0.3096891847509708,-55.40890760946763
7272,0,normal,0.004116841591894627,0.3096891847509708,-55.40890760946763
7273,0,normal,0.004116841591894627,0.3096891847509708,-55.40890760946763
7274,0,normal,0.004116841591894627,0.3096891847509708,-55.40890760946763
7275,0,normal,0.004116841591894627,0.3096891847509708,-55.40890760946763
7276,0,normal,0.09212487190961838,0.3110812271947419,-55.574767084423684
7277,0,normal,0.07325764000415802,0.3120715961366356,-55.77629135786901
7278,0,normal,0.08820948004722595,0.31294708393057136,-56.01123930347171
7279,0,normal,0.16344791650772095,0.31294708393057136,-56.253608731808754
7280,0,normal,0.32904210686683655,0.31315323024705394,-56.49124662019449
7281,0,normal,0.6029776930809021,0.3147416793005074,-56.723314880733824
7282,0,normal,0.9704865217208862,0.31723885043820393,-56.950434657749156
7283,0,normal,1.3764320611953735,0.3194622542674544,-57.172731219763136
7284,0,normal,1.7538377046585083,0.3210167674251918,-57.39192714114847
7285,0,normal,2.062516212463379,0.32292052035436003,-57.60840639305525
7286,0,normal,2.2919068336486816,0.3237934800087867,-57.82279990139068
7287,0,normal,2.4523508548736572,0.32330793483593573,-58.035451992566095
7288,0,normal,2.562777280807495,0.3261365793425345,-58.247071497984734
7289,0,normal,2.6410305500030518,0.3268633596170344,-58.458147785496976
7290,0,normal,2.8009464740753174,0.32567355335741327,-58.50144601785064
7291,0,normal,2.472519874572754,0.3297407291264241,-58.51030278702888
7292,0,normal,2.1295342445373535,0.32923878707620763,-58.48772041842108
7293,0,normal,1.789814829826355,0.33020679386294055,-58.4599612228692
7294,0,normal,1.4647787809371948,0.32959448996554497,-58.43897413891159
7295,0,normal,1.1603666543960571,0.32793108124010134,-58.4265821683814
7296,0,normal,0.8796175122261047,0.3259876050826536,-58.41703132271641
7297,0,normal,0.6265383362770081,0.32465571727691367,-58.404571209066944
7298,0,normal,0.4090844988822937,0.3263769428373905,-58.38185072024203
7299,0,normal,0.23822256922721863,0.32681166119557137,-58.33777000617488
7300,0,normal,0.12132182717323303,0.3274901792223351,-58.26553840693987
7301,0,normal,0.0542331337928772,0.3281761329952297,-58.162921350650095
7302,0,normal,0.02229081653058529,0.32793757364324716,-58.02742505046717
7303,0,normal,0.00965555477887392,0.32848612874615685,-57.85861832889714
7304,0,normal,0.005607989151030779,0.3292544343610682,-57.65617518304816
7305,0,normal,0.00465119443833828,0.32585073734262276,-57.419298382267016
7306,0,normal,0.004477465990930796,0.32539868405344025,-57.20582840311522
7307,0,normal,0.004359343554824591,0.325175517457142,-56.99035328758919
7308,0,normal,0.0041900333017110825,0.325175517457142,-56.77299538854618
7309,0,normal,0.004017195664346218,0.325175517457142,-56.55273945635054
7310,0,normal,0.0038966930005699396,0.32440558553230975,-56.334781593398475
7311,0,normal,0.0038520731031894684,0.32181099546612046,-56.12477298903491
7312,0,normal,0.003872786182910204,0.3204002634158689,-55.92836500599333
7313,0,normal,0.0039277952164411545,0.31709327097082535,-55.75633808697262
7314,0,normal,0.003988189622759819,0.3157997530261211,-55.614841737610504
7315,0,normal,0.004039037507027388,0.31513966836338114,-55.50569753304535
7316,0,normal,0.004074950236827135,0.3135944758673188,-55.4306215865754
7317,0,normal,0.004097163211554289,0.3131782027124244,-55.389469188460225
7318,0,normal,0.004109857603907585,0.31216567409056023,-55.38223200357788
7319,0,normal,0.004116841591894627,0.3096891847509708,-55.40890760946763
7320,0,normal,0.004116841591894627,0.3096891847509708,-55.40890760946763
7321,0,normal,0.004116841591894627,0.3096891847509708,-55.40890760946763
7322,0,normal,0.004116841591894627,0.3096891847509708,-55.40890760946763
7323,0,normal,0.004116841591894627,0.3096891847509708,-55.40890760946763
7324,0,normal,0.004116841591894627,0.3096891847509708,-55.40890760946763
7325,0,normal,0.004116841591894627,0.3096891847509708,-55.40890760946763
7326,0,normal,0.004116841591894627,0.3096891847509708,-55.40890760946763
7327,0,normal,0.004116841591894627,0.3096891847509708,-55.40890760946763
7328,0,normal,0.004116841591894627,0.3096891847509708,-55.40890760946763
7329,0,normal,0.004116841591894627,0.3096891847509708,-55.40890760946763
7330,0,normal,0.004116841591894627,0.3096891847509708,-55.40890760946763
7331,0,normal,0.004116841591894627,0.3096891847509708,-55.40890760946763
7332,0,normal,0.004116841591894627,0.3096891847509708,-55.40890760946763
7333,0,normal,0.004116841591894627,0.3096891847509708,-55.40890760946763
7334,0,normal,0.004116841591894627,0.3096891847509708,-55.40890760946763
7335,0,normal,0.004116841591894627,0.3096891847509708,-55.40890760946763
7336,0,normal,0.004116841591894627,0.3096891847509708,-55.40890760946763
7337,0,normal,0.004116841591894627,0.3096891847509708,-55.40890760946763
7338,0,normal,0.004116841591894627,0.3096891847509708,-55.40890760946763
7339,0,normal,0.004116841591894627,0.3096891847509708,-55.40890760946763
7340,0,normal,0.004116841591894627,0.3096891847509708,-55.40890760946763
7341,0,normal,0.004116841591894627,0.3096891847509708,-55.40890760946763
7342,0,normal,0.004116841591894627,0.3096891847509708,-55.40890760946763
7343,0,normal,0.004116841591894627,0.3096891847509708,-55.40890760946763
7344,0,normal,0.004116841591894627,0.3096891847509708,-55.40890760946763
7345,0,normal,0.004116841591894627,0.3096891847509708,-55.40890760946763
7346,0,normal,0.004116841591894627,0.3096891847509708,-55.40890760946763
7347,0,normal,0.004116841591894627,0.3096891847509708,-55.40890760946763
7348,0,normal,0.004116841591894627,0.3096891847509708,-55.40890760946763
7349,0,normal,0.004116841591894627,0.3096891847509708,-55.40890760946763
7350,0,normal,0.004116841591894627,0.3096891847509708,-55.40890760946763
7351,0,normal,0.004116841591894627,0.3096891847509708,-55.40890760946763
7352,0,normal,0.004116841591894627,0.3096891847509708,-55.40890760946763
7353,0,normal,0.004116841591894627,0.3096891847509708,-55.40890760946763
7354,0,normal,0.004116841591894627,0.3096891847509708,-55.40890760946763
7355,0,normal,0.004116841591894627,0.3096891847509708,-55.40890760946763
7356,0,normal,0.004116841591894627,0.3096891847509708,-55.40890760946763
7357,0,normal,0.004116841591894627,0.3096891847509708,-55.40890760946763
7358,0,normal,0.004116841591894627,0.3096891847509708,-55.40890760946763
7359,0,normal,0.004116841591894627,0.3096891847509708,-55.40890760946763
7360,0,normal,0.004116841591894627,0.3096891847509708,-55.40890760946763
7361,0,normal,0.004116841591894627,0.3096891847509708,-55.40890760946763
7362,0,normal,0.004116841591894627,0.3096891847509708,-55.40890760946763
7363,0,normal,0.004116841591894627,0.3096891847509708,-55.40890760946763
7364,0,normal,0.004116841591894627,0.3096891847509708,-55.40890760946763
7365,0,normal,0.004116841591894627,0.3096891847509708,-55.40890760946763
7366,0,normal,0.004116841591894627,0.3096891847509708,-55.40890760946763
7367,0,normal,0.004116841591894627,0.3096891847509708,-55.40890760946763
7368,0,normal,0.004116841591894627,0.3096891847509708,-55.40890760946763
7369,0,normal,0.004116841591894627,0.3096891847509708,-55.40890760946763
7370,0,normal,0.004116841591894627,0.3096891847509708,-55.40890760946763
7371,0,normal,0.004116841591894627,0.3096891847509708,-55.40890760946763
7372,0,normal,0.004116841591894627,0.3096891847509708,-55.40890760946763
7373,0,normal,0.004116841591894627,0.3096891847509708,-55.40890760946763
7374,0,normal,0.09212487190961838,0.3110812271947419,-55.574767084423684
7375,0,normal,0.07325764000415802,0.3120715961366356,-55.77629135786901
7376,0,normal,0.08820948004722595,0.31294708393057136,-56.01123930347171
7377,0,normal,0.16344791650772095,0.31294708393057136,-56.253608731808754
7378,0,normal,0.32904210686683655,0.31315323024705394,-56.49124662019449
7379,0,normal,0.6029776930809021,0.3147416793005074,-56.723314880733824
7380,0,normal,0.9704865217208862,0.31723885043820393,-56.950434657749156
7381,0,normal,1.3764320611953735,0.3194622542674544,-57.172731219763136
7382,0,normal,1.7538377046585083,0.3210167674251918,-57.39192714114847
7383,0,normal,2.062516212463379,0.32292052035436003,-57.60840639305525
7384,0,normal,2.2919068336486816,0.3237934800087867,-57.82279990139068
7385,0,normal,2.4523508548736572,0.32330793483593573,-58.035451992566095
7386,0,normal,2.562777280807495,0.3261365793425345,-58.247071497984734
7387,0,normal,2.6410305500030518,0.3268633596170344,-58.458147785496976
7388,0,normal,2.700345039367676,0.3268633596170344,-58.66893590294808
7389,0,normal,2.8545024394989014,0.3290903934669978,-58.71290173372108
7390,0,normal,2.517791748046875,0.33019881451055116,-58.72316559970341
7391,0,normal,2.17032527923584,0.32923878707620763,-58.702410068361814
7392,0,normal,1.828166127204895,0.331058663994124,-58.67641074642893
7393,0,normal,1.5014078617095947,0.32959448996554497,-58.65823566637232
7394,0,normal,1.1949626207351685,0.32901892008011074,-58.643578784419105
7395,0,normal,0.9112082719802856,0.32693110304377193,-58.62619634813359
7396,0,normal,0.6536253094673157,0.3260851862192206,-58.60034337693264
7397,0,normal,0.4299394190311432,0.3297807554786842,-58.5535729072119
7398,0,normal,0.2517460584640503,0.32837549215744477,-58.479338194875254
7399,0,normal,0.12815792858600616,0.3281761329952297,-58.375120766701
7400,0,normal,0.05669873207807541,0.32979317454766294,-58.23878477682524
7401,0,normal,0.02280685305595398,0.32921814488277296,-58.06967986021618
7402,0,normal,0.009629230946302414,0.3292544343610682,-57.86723981986597
7403,0,normal,0.0055458382703363895,0.330466700843431,-57.63113284797714
7404,0,normal,0.00465119443833828,0.32585073734262276,-57.419298382267016
7405,0,normal,0.004477465990930796,0.32539868405344025,-57.20582840311522
7406,0,normal,0.004359343554824591,0.325175517457142,-56.99035328758919
7407,0,normal,0.0041900333017110825,0.325175517457142,-56.77299538854618
7408,0,normal,0.004017195664346218,0.325175517457142,-56.55273945635054
7409,0,normal,0.0038966930005699396,0.32440558553230975,-56.334781593398475
7410,0,normal,0.0038520731031894684,0.32181099546612046,-56.12477298903491
7411,0,normal,0.003872786182910204,0.3204002634158689,-55.92836500599333
7412,0,normal,0.0039277952164411545,0.31709327097082535,-55.75633808697262
7413,0,normal,0.003988189622759819,0.3157997530261211,-55.614841737610504
7414,0,normal,0.004039037507027388,0.31513966836338114,-55.50569753304535
7415,0,normal,0.004074950236827135,0.3135944758673188,-55.4306215865754
7416,0,normal,0.004097163211554289,0.3131782027124244,-55.389469188460225
7417,0,normal,0.004109857603907585,0.31216567409056023,-55.38223200357788
7418,0,normal,0.004116841591894627,0.3096891847509708,-55.40890760946763
7419,0,normal,0.004116841591894627,0.3096891847509708,-55.40890760946763
7420,0,normal,0.004116841591894627,0.3096891847509708,-55.40890760946763
7421,0,normal,0.004116841591894627,0.3096891847509708,-55.40890760946763
7422,0,normal,0.004116841591894627,0.3096891847509708,-55.40890760946763
7423,0,normal,0.004116841591894627,0.3096891847509708,-55.40890760946763
7424,0,normal,0.004116841591894627,0.3096891847509708,-55.40890760946763
7425,0,normal,0.004116841591894627,0.3096891847509708,-55.40890760946763
7426,0,normal,0.004116841591894627,0.3096891847509708,-55.40890760946763
7427,0,normal,0.004116841591894627,0.3096891847509708,-55.40890760946763
7428,0,normal,0.004116841591894627,0.3096891847509708,-55.40890760946763
7429,0,normal,0.004116841591894627,0.3096891847509708,-55.40890760946763
7430,0,normal,0.004116841591894627,0.3096891847509708,-55.40890760946763
7431,0,normal,0.004116841591894627,0.3096891847509708,-55.40890760946763
7432,0,normal,0.004116841591894627,0.3096891847509708,-55.40890760946763
7433,0,normal,0.004116841591894627,0.3096891847509708,-55.40890760946763
7434,0,normal,0.004116841591894627,0.3096891847509708,-55.40890760946763
7435,0,normal,0.004116841591894627,0.3096891847509708,-55.40890760946763
7436,0,normal,0.004116841591894627,0.3096891847509708,-55.40890760946763
7437,0,normal,0.004116841591894627,0.3096891847509708,-55.40890760946763
7438,0,normal,0.004116841591894627,0.3096891847509708,-55.40890760946763
7439,0,normal,0.004116841591894627,0.3096891847509708,-55.40890760946763
7440,0,normal,0.004116841591894627,0.3096891847509708,-55.40890760946763
7441,0,normal,0.004116841591894627,0.3096891847509708,-55.40890760946763
7442,0,normal,0.004116841591894627,0.3096891847509708,-55.40890760946763
7443,0,normal,0.004116841591894627,0.3096891847509708,-55.40890760946763
7444,0,normal,0.004116841591894627,0.3096891847509708,-55.40890760946763
7445,0,normal,0.004116841591894627,0.3096891847509708,-55.40890760946763
7446,0,normal,0.004116841591894627,0.3096891847509708,-55.40890760946763
7447,0,normal,0.004116841591894627,0.3096891847509708,-55.40890760946763
7448,0,normal,0.004116841591894627,0.3096891847509708,-55.40890760946763
7449,0,normal,0.004116841591894627,0.3096891847509708,-55.40890760946763
7450,0,normal,0.004116841591894627,0.3096891847509708,-55.40890760946763
7451,0,normal,0.004116841591894627,0.3096891847509708,-55.40890760946763
7452,0,normal,0.004116841591894627,0.3096891847509708,-55.40890760946763
7453,0,normal,0.004116841591894627,0.3096891847509708,-55.40890760946763
7454,0,normal,0.004116841591894627,0.3096891847509708,-55.40890760946763
7455,0,normal,0.004116841591894627,0.3096891847509708,-55.40890760946763
7456,0,normal,0.004116841591894627,0.3096891847509708,-55.40890760946763
7457,0,normal,0.004116841591894627,0.3096891847509708,-55.40890760946763
7458,0,normal,0.004116841591894627,0.3096891847509708,-55.40890760946763
7459,0,normal,0.004116841591894627,0.3096891847509708,-55.40890760946763
7460,0,normal,0.004116841591894627,0.3096891847509708,-55.40890760946763
7461,0,normal,0.004116841591894627,0.3096891847509708,-55.40890760946763
7462,0,normal,0.004116841591894627,0.3096891847509708,-55.40890760946763
7463,0,normal,0.004116841591894627,0.3096891847509708,-55.40890760946763
7464,0,normal,0.004116841591894627,0.3096891847509708,-55.40890760946763
7465,0,normal,0.004116841591894627,0.3096891847509708,-55.40890760946763
7466,0,normal,0.004116841591894627,0.3096891847509708,-55.40890760946763
7467,0,normal,0.004116841591894627,0.3096891847509708,-55.40890760946763
7468,0,normal,0.004116841591894627,0.3096891847509708,-55.40890760946763
7469,0,normal,0.004116841591894627,0.3096891847509708,-55.40890760946763
7470,0,normal,0.004116841591894627,0.3096891847509708,-55.40890760946763
7471,0,normal,0.09212487190961838,0.3110812271947419,-55.574767084423684
7472,0,normal,0.07325764000415802,0.3120715961366356,-55.77629135786901
7473,0,normal,0.08820948004722595,0.31294708393057136,-56.01123930347171
7474,0,normal,0.16344791650772095,0.31294708393057136,-56.253608731808754
7475,0,normal,0.32904210686683655,0.31315323024705394,-56.49124662019449
7476,0,normal,0.6029776930809021,0.3147416793005074,-56.723314880733824
7477,0,normal,0.9704865217208862,0.31723885043820393,-56.950434657749156
7478,0,normal,1.3764320611953735,0.3194622542674544,-57.172731219763136
7479,0,normal,1.7538377046585083,0.3210167674251918,-57.39192714114847
7480,0,normal,2.062516212463379,0.32292052035436003,-57.60840639305525
7481,0,normal,2.2919068336486816,0.3237934800087867,-57.82279990139068
7482,0,normal,2.4523508548736572,0.32330793483593573,-58.035451992566095
7483,0,normal,2.562777280807495,0.3261365793425345,-58.247071497984734
7484,0,normal,2.6410305500030518,0.3268633596170344,-58.458147785496976
7485,0,normal,2.700345039367676,0.3268633596170344,-58.66893590294808
7486,0,normal,2.8545024394989014,0.3290903934669978,-58.71290173372108
7487,0,normal,2.517791748046875,0.33019881451055116,-58.72316559970341
7488,0,normal,2.17032527923584,0.32923878707620763,-58.702410068361814
7489,0,normal,1.828166127204895,0.331058663994124,-58.67641074642893
7490,0,normal,1.5014078617095947,0.32959448996554497,-58.65823566637232
7491,0,normal,1.1949626207351685,0.32901892008011074,-58.643578784419105
7492,0,normal,0.9112082719802856,0.32693110304377193,-58.62619634813359
7493,0,normal,0.6536253094673157,0.3260851862192206,-58.60034337693264
7494,0,normal,0.4299394190311432,0.3297807554786842,-58.5535729072119
7495,0,normal,0.2517460584640503,0.32837549215744477,-58.479338194875254
7496,0,normal,0.12815792858600616,0.3281761329952297,-58.375120766701
7497,0,normal,0.05669873207807541,0.32979317454766294,-58.23878477682524
7498,0,normal,0.02280685305595398,0.32921814488277296,-58.06967986021618
7499,0,normal,0.009629230946302414,0.3292544343610682,-57.86723981986597
7500,0,normal,0.0055458382703363895,0.330466700843431,-57.63113284797714
7501,0,normal,0.00465119443833828,0.32585073734262276,-57.419298382267016
7502,0,normal,0.004477465990930796,0.32539868405344025,-57.20582840311522
7503,0,normal,0.004359343554824591,0.325175517457142,-56.99035328758919
7504,0,normal,0.0041900333017110825,0.325175517457142,-56.77299538854618
7505,0,normal,0.004017195664346218,0.325175517457142,-56.55273945635054
7506,0,normal,0.0038966930005699396,0.32440558553230975,-56.334781593398475
7507,0,normal,0.0038520731031894684,0.32181099546612046,-56.12477298903491
7508,0,normal,0.003872786182910204,0.3204002634158689,-55.92836500599333
7509,0,normal,0.0039277952164411545,0.31709327097082535,-55.75633808697262
7510,0,normal,0.003988189622759819,0.3157997530261211,-55.614841737610504
7511,0,normal,0.004039037507027388,0.31513966836338114,-55.50569753304535
7512,0,normal,0.004074950236827135,0.3135944758673188,-55.4306215865754
7513,0,normal,0.004097163211554289,0.3131782027124244,-55.389469188460225
7514,0,normal,0.004109857603907585,0.31216567409056023,-55.38223200357788
7515,0,normal,0.004116841591894627,0.3096891847509708,-55.40890760946763
7516,0,normal,0.004116841591894627,0.3096891847509708,-55.40890760946763
7517,0,normal,0.004116841591894627,0.3096891847509708,-55.40890760946763
7518,0,normal,0.004116841591894627,0.3096891847509708,-55.40890760946763
7519,0,normal,0.004116841591894627,0.3096891847509708,-55.40890760946763
7520,0,normal,0.004116841591894627,0.3096891847509708,-55.40890760946763
7521,0,normal,0.004116841591894627,0.3096891847509708,-55.40890760946763
7522,0,normal,0.004116841591894627,0.3096891847509708,-55.40890760946763
7523,0,normal,0.004116841591894627,0.3096891847509708,-55.40890760946763
7524,0,normal,0.004116841591894627,0.3096891847509708,-55.40890760946763
7525,0,normal,0.004116841591894627,0.3096891847509708,-55.40890760946763
7526,0,normal,0.004116841591894627,0.3096891847509708,-55.40890760946763
7527,0,normal,0.004116841591894627,0.3096891847509708,-55.40890760946763
7528,0,normal,0.004116841591894627,0.3096891847509708,-55.40890760946763
7529,0,normal,0.004116841591894627,0.3096891847509708,-55.40890760946763
7530,0,normal,0.004116841591894627,0.3096891847509708,-55.40890760946763
7531,0,normal,0.004116841591894627,0.3096891847509708,-55.40890760946763
7532,0,normal,0.004116841591894627,0.3096891847509708,-55.40890760946763
7533,0,normal,0.09212487190961838,0.3110812271947419,-55.574767084423684
7534,0,normal,0.07325764000415802,0.3120715961366356,-55.77629135786901
7535,0,normal,0.08820948004722595,0.31294708393057136,-56.01123930347171
7536,0,normal,0.16344791650772095,0.31294708393057136,-56.253608731808754
7537,0,normal,0.32904210686683655,0.31315323024705394,-56.49124662019449
7538,0,normal,0.6029776930809021,0.3147416793005074,-56.723314880733824
7539,0,normal,0.9704865217208862,0.31723885043820393,-56.950434657749156
7540,0,normal,1.3764320611953735,0.3194622542674544,-57.172731219763136
7541,0,normal,1.7538377046585083,0.3210167674251918,-57.39192714114847
7542,0,normal,2.062516212463379,0.32292052035436003,-57.60840639305525
7543,0,normal,2.2919068336486816,0.3237934800087867,-57.82279990139068
7544,0,normal,2.4523508548736572,0.32330793483593573,-58.035451992566095
7545,0,normal,2.562777280807495,0.3261365793425345,-58.247071497984734
7546,0,normal,2.6410305500030518,0.3268633596170344,-58.458147785496976
7547,0,normal,2.8009464740753174,0.32567355335741327,-58.50144601785064
7548,0,normal,2.472519874572754,0.3297407291264241,-58.51030278702888
7549,0,normal,2.1295342445373535,0.32923878707620763,-58.48772041842108
7550,0,normal,1.789814829826355,0.33020679386294055,-58.4599612228692
7551,0,normal,1.4647787809371948,0.32959448996554497,-58.43897413891159
7552,0,normal,1.1603666543960571,0.32793108124010134,-58.4265821683814
7553,0,normal,0.8796175122261047,0.3259876050826536,-58.41703132271641
7554,0,normal,0.6265383362770081,0.32465571727691367,-58.404571209066944
7555,0,normal,0.4090844988822937,0.3263769428373905,-58.38185072024203
7556,0,normal,0.23822256922721863,0.32681166119557137,-58.33777000617488
7557,0,normal,0.12132182717323303,0.3274901792223351,-58.26553840693987
7558,0,normal,0.0542331337928772,0.3281761329952297,-58.162921350650095
7559,0,normal,0.02229081653058529,0.32793757364324716,-58.02742505046717
7560,0,normal,0.00965555477887392,0.32848612874615685,-57.85861832889714
7561,0,normal,0.005607989151030779,0.3292544343610682,-57.65617518304816
7562,0,normal,0.00465119443833828,0.32585073734262276,-57.419298382267016
7563,0,normal,0.004477465990930796,0.32539868405344025,-57.20582840311522
7564,0,normal,0.004359343554824591,0.325175517457142,-56.99035328758919
7565,0,normal,0.0041900333017110825,0.325175517457142,-56.77299538854618
7566,0,normal,0.004017195664346218,0.325175517457142,-56.55273945635054
7567,0,normal,0.0038966930005699396,0.32440558553230975,-56.334781593398475
7568,0,normal,0.08950275182723999,0.3243831682246162,-56.28929582410137
7569,0,normal,0.07209810614585876,0.3218404517970969,-56.29339655199078
7570,0,normal,0.09004107117652893,0.3191116671345065,-56.35564008962001
7571,0,normal,0.16945408284664154,0.3178099155503774,-56.45621476460633
7572,0,normal,0.33869656920433044,0.31735454125238954,-56.584779976733216
7573,0,normal,0.6138351559638977,0.31740035574638475,-56.742177573006074
7574,0,normal,0.9792853593826294,0.31897007157468615,-56.92884720894108
7575,0,normal,1.3809106349945068,0.3201127093396361,-57.14486953844471
7576,0,normal,1.7538377046585083,0.3210167674251918,-57.39192714114847
7577,0,normal,2.062516212463379,0.32292052035436003,-57.60840639305525
7578,0,normal,2.2919068336486816,0.3237934800087867,-57.82279990139068
7579,0,normal,2.4523508548736572,0.32330793483593573,-58.035451992566095
7580,0,normal,2.562777280807495,0.3261365793425345,-58.247071497984734
7581,0,normal,2.6410305500030518,0.3268633596170344,-58.458147785496976
7582,0,normal,2.700345039367676,0.3268633596170344,-58.66893590294808
7583,0,normal,2.8545024394989014,0.3290903934669978,-58.71290173372108
7584,0,normal,2.517791748046875,0.33019881451055116,-58.72316559970341
7585,0,normal,2.17032527923584,0.32923878707620763,-58.702410068361814
7586,0,normal,1.828166127204895,0.331058663994124,-58.67641074642893
7587,0,normal,1.5014078617095947,0.32959448996554497,-58.65823566637232
7588,0,normal,1.1949626207351685,0.32901892008011074,-58.643578784419105
7589,0,normal,0.9112082719802856,0.32693110304377193,-58.62619634813359
7590,0,normal,0.6536253094673157,0.3260851862192206,-58.60034337693264
7591,0,normal,0.4299394190311432,0.3297807554786842,-58.5535729072119
7592,0,normal,0.2517460584640503,0.32837549215744477,-58.479338194875254
7593,0,normal,0.12815792858600616,0.3281761329952297,-58.375120766701
7594,0,normal,0.05669873207807541,0.32979317454766294,-58.23878477682524
7595,0,normal,0.02280685305595398,0.32921814488277296,-58.06967986021618
7596,0,normal,0.009629230946302414,0.3292544343610682,-57.86723981986597
7597,0,normal,0.0055458382703363895,0.330466700843431,-57.63113284797714
7598,0,normal,0.00465119443833828,0.32585073734262276,-57.419298382267016
7599,0,normal,0.004477465990930796,0.32539868405344025,-57.20582840311522
7600,0,normal,0.004359343554824591,0.325175517457142,-56.99035328758919
7601,0,normal,0.0041900333017110825,0.325175517457142,-56.77299538854618
7602,0,normal,0.004017195664346218,0.325175517457142,-56.55273945635054
7603,0,normal,0.0038966930005699396,0.32440558553230975,-56.334781593398475
7604,0,normal,0.0038520731031894684,0.32181099546612046,-56.12477298903491
7605,0,normal,0.003872786182910204,0.3204002634158689,-55.92836500599333
7606,0,normal,0.0039277952164411545,0.31709327097082535,-55.75633808697262
7607,0,normal,0.003988189622759819,0.3157997530261211,-55.614841737610504
7608,0,normal,0.004039037507027388,0.31513966836338114,-55.50569753304535
7609,0,normal,0.004074950236827135,0.3135944758673188,-55.4306215865754
7610,0,normal,0.004097163211554289,0.3131782027124244,-55.389469188460225
7611,0,normal,0.004109857603907585,0.31216567409056023,-55.38223200357788
7612,0,normal,0.004116841591894627,0.3096891847509708,-55.40890760946763
7613,0,normal,0.004116841591894627,0.3096891847509708,-55.40890760946763
7614,0,normal,0.004116841591894627,0.3096891847509708,-55.40890760946763
7615,0,normal,0.004116841591894627,0.3096891847509708,-55.40890760946763
7616,0,normal,0.004116841591894627,0.3096891847509708,-55.40890760946763
7617,0,normal,0.004116841591894627,0.3096891847509708,-55.40890760946763
7618,0,normal,0.004116841591894627,0.3096891847509708,-55.40890760946763
7619,0,normal,0.004116841591894627,0.3096891847509708,-55.40890760946763
7620,0,normal,0.004116841591894627,0.3096891847509708,-55.40890760946763
7621,0,normal,0.004116841591894627,0.3096891847509708,-55.40890760946763
7622,0,normal,0.004116841591894627,0.3096891847509708,-55.40890760946763
7623,0,normal,0.004116841591894627,0.3096891847509708,-55.40890760946763
7624,0,normal,0.004116841591894627,0.3096891847509708,-55.40890760946763
7625,0,normal,0.004116841591894627,0.3096891847509708,-55.40890760946763
7626,0,normal,0.004116841591894627,0.3096891847509708,-55.40890760946763
7627,0,normal,0.004116841591894627,0.3096891847509708,-55.40890760946763
7628,0,normal,0.004116841591894627,0.3096891847509708,-55.40890760946763
7629,0,normal,0.004116841591894627,0.3096891847509708,-55.40890760946763
7630,0,normal,0.004116841591894627,0.3096891847509708,-55.40890760946763
7631,0,normal,0.004116841591894627,0.3096891847509708,-55.40890760946763
7632,0,normal,0.004116841591894627,0.3096891847509708,-55.40890760946763
7633,0,normal,0.004116841591894627,0.3096891847509708,-55.40890760946763
7634,0,normal,0.004116841591894627,0.3096891847509708,-55.40890760946763
7635,0,normal,0.004116841591894627,0.3096891847509708,-55.40890760946763
7636,0,normal,0.004116841591894627,0.3096891847509708,-55.40890760946763
7637,0,normal,0.004116841591894627,0.3096891847509708,-55.40890760946763
7638,0,normal,0.004116841591894627,0.3096891847509708,-55.40890760946763
7639,0,normal,0.004116841591894627,0.3096891847509708,-55.40890760946763
7640,0,normal,0.004116841591894627,0.3096891847509708,-55.40890760946763
7641,0,normal,0.004116841591894627,0.3096891847509708,-55.40890760946763
7642,0,normal,0.004116841591894627,0.3096891847509708,-55.40890760946763
7643,0,normal,0.004116841591894627,0.3096891847509708,-55.40890760946763
7644,0,normal,0.004116841591894627,0.3096891847509708,-55.40890760946763
7645,0,normal,0.004116841591894627,0.3096891847509708,-55.40890760946763
7646,0,normal,0.004116841591894627,0.3096891847509708,-55.40890760946763
7647,0,normal,0.004116841591894627,0.3096891847509708,-55.40890760946763
7648,0,normal,0.004116841591894627,0.3096891847509708,-55.40890760946763
7649,0,normal,0.004116841591894627,0.3096891847509708,-55.40890760946763
7650,0,normal,0.004116841591894627,0.3096891847509708,-55.40890760946763
7651,0,normal,0.004116841591894627,0.3096891847509708,-55.40890760946763
7652,0,normal,0.004116841591894627,0.3096891847509708,-55.40890760946763
7653,0,normal,0.004116841591894627,0.3096891847509708,-55.40890760946763
7654,0,normal,0.004116841591894627,0.3096891847509708,-55.40890760946763
7655,0,normal,0.004116841591894627,0.3096891847509708,-55.40890760946763
7656,0,normal,0.004116841591894627,0.3096891847509708,-55.40890760946763
7657,0,normal,0.004116841591894627,0.3096891847509708,-55.40890760946763
7658,0,normal,0.004116841591894627,0.3096891847509708,-55.40890760946763
7659,0,normal,0.004116841591894627,0.3096891847509708,-55.40890760946763
7660,0,normal,0.004116841591894627,0.3096891847509708,-55.40890760946763
7661,0,normal,0.004116841591894627,0.3096891847509708,-55.40890760946763
7662,0,normal,0.004116841591894627,0.3096891847509708,-55.40890760946763
7663,0,normal,0.004116841591894627,0.3096891847509708,-55.40890760946763
7664,0,normal,0.004116841591894627,0.3096891847509708,-55.40890760946763
7665,0,normal,0.09212487190961838,0.3110812271947419,-55.574767084423684
7666,0,normal,0.07325764000415802,0.3120715961366356,-55.77629135786901
7667,0,normal,0.08820948004722595,0.31294708393057136,-56.01123930347171
7668,0,normal,0.16344791650772095,0.31294708393057136,-56.253608731808754
7669,0,normal,0.32904210686683655,0.31315323024705394,-56.49124662019449
7670,0,normal,0.6029776930809021,0.3147416793005074,-56.723314880733824
7671,0,normal,0.9704865217208862,0.31723885043820393,-56.950434657749156
7672,0,normal,1.3764320611953735,0.3194622542674544,-57.172731219763136
7673,0,normal,1.7538377046585083,0.3210167674251918,-57.39192714114847
7674,0,normal,2.062516212463379,0.32292052035436003,-57.60840639305525
7675,0,normal,2.2919068336486816,0.3237934800087867,-57.82279990139068
7676,0,normal,2.4523508548736572,0.32330793483593573,-58.035451992566095
7677,0,normal,2.562777280807495,0.3261365793425345,-58.247071497984734
7678,0,normal,2.6410305500030518,0.3268633596170344,-58.458147785496976
7679,0,normal,2.700345039367676,0.3268633596170344,-58.66893590294808
7680,0,normal,2.8545024394989014,0.3290903934669978,-58.71290173372108
7681,0,normal,2.517791748046875,0.33019881451055116,-58.72316559970341
7682,0,normal,2.17032527923584,0.32923878707620763,-58.702410068361814
7683,0,normal,1.828166127204895,0.331058663994124,-58.67641074642893
7684,0,normal,1.5014078617095947,0.32959448996554497,-58.65823566637232
7685,0,normal,1.1949626207351685,0.32901892008011074,-58.643578784419105
7686,0,normal,0.9112082719802856,0.32693110304377193,-58.62619634813359
7687,0,normal,0.6536253094673157,0.3260851862192206,-58.60034337693264
7688,0,normal,0.4299394190311432,0.3297807554786842,-58.5535729072119
7689,0,normal,0.2517460584640503,0.32837549215744477,-58.479338194875254
7690,0,normal,0.12815792858600616,0.3281761329952297,-58.375120766701
7691,0,normal,0.05669873207807541,0.32979317454766294,-58.23878477682524
7692,0,normal,0.02280685305595398,0.32921814488277296,-58.06967986021618
7693,0,normal,0.009629230946302414,0.3292544343610682,-57.86723981986597
7694,0,normal,0.0055458382703363895,0.330466700843431,-57.63113284797714
7695,0,normal,0.00465119443833828,0.32585073734262276,-57.419298382267016
7696,0,normal,0.004477465990930796,0.32539868405344025,-57.20582840311522
7697,0,normal,0.004359343554824591,0.325175517457142,-56.99035328758919
7698,0,normal,0.0041900333017110825,0.325175517457142,-56.77299538854618
7699,0,normal,0.004017195664346218,0.325175517457142,-56.55273945635054
7700,0,normal,0.0038966930005699396,0.32440558553230975,-56.334781593398475
7701,0,normal,0.0038520731031894684,0.32181099546612046,-56.12477298903491
7702,0,normal,0.003872786182910204,0.3204002634158689,-55.92836500599333
7703,0,normal,0.0039277952164411545,0.31709327097082535,-55.75633808697262
7704,0,normal,0.003988189622759819,0.3157997530261211,-55.614841737610504
7705,0,normal,0.004039037507027388,0.31513966836338114,-55.50569753304535
7706,0,normal,0.004074950236827135,0.3135944758673188,-55.4306215865754
7707,0,normal,0.004097163211554289,0.3131782027124244,-55.389469188460225
7708,0,normal,0.004109857603907585,0.31216567409056023,-55.38223200357788
7709,0,normal,0.004116841591894627,0.3096891847509708,-55.40890760946763
7710,0,normal,0.004116841591894627,0.3096891847509708,-55.40890760946763
7711,0,normal,0.004116841591894627,0.3096891847509708,-55.40890760946763
7712,0,normal,0.004116841591894627,0.3096891847509708,-55.40890760946763
7713,0,normal,0.09212487190961838,0.3110812271947419,-55.574767084423684
7714,0,normal,0.07325764000415802,0.3120715961366356,-55.77629135786901
7715,0,normal,0.08820948004722595,0.31294708393057136,-56.01123930347171
7716,0,normal,0.16344791650772095,0.31294708393057136,-56.253608731808754
7717,0,normal,0.32904210686683655,0.31315323024705394,-56.49124662019449
7718,0,normal,0.6029776930809021,0.3147416793005074,-56.723314880733824
7719,0,normal,0.9704865217208862,0.31723885043820393,-56.950434657749156
7720,0,normal,1.3764320611953735,0.3194622542674544,-57.172731219763136
7721,0,normal,1.7538377046585083,0.3210167674251918,-57.39192714114847
7722,0,normal,2.062516212463379,0.32292052035436003,-57.60840639305525
7723,0,normal,2.2919068336486816,0.3237934800087867,-57.82279990139068
7724,0,normal,2.4523508548736572,0.32330793483593573,-58.035451992566095
7725,0,normal,2.562777280807495,0.3261365793425345,-58.247071497984734
7726,0,normal,2.6410305500030518,0.3268633596170344,-58.458147785496976
7727,0,normal,2.700345039367676,0.3268633596170344,-58.66893590294808
7728,0,normal,2.8545024394989014,0.3290903934669978,-58.71290173372108
7729,0,normal,2.517791748046875,0.33019881451055116,-58.72316559970341
7730,0,normal,2.17032527923584,0.32923878707620763,-58.702410068361814
7731,0,normal,1.828166127204895,0.331058663994124,-58.67641074642893
7732,0,normal,1.5014078617095947,0.32959448996554497,-58.65823566637232
7733,0,normal,1.1949626207351685,0.32901892008011074,-58.643578784419105
7734,0,normal,0.9112082719802856,0.32693110304377193,-58.62619634813359
7735,0,normal,0.6536253094673157,0.3260851862192206,-58.60034337693264
7736,0,normal,0.4299394190311432,0.3297807554786842,-58.5535729072119
7737,0,normal,0.2517460584640503,0.32837549215744477,-58.479338194875254
7738,0,normal,0.12815792858600616,0.3281761329952297,-58.375120766701
7739,0,normal,0.05669873207807541,0.32979317454766294,-58.23878477682524
7740,0,normal,0.02280685305595398,0.32921814488277296,-58.06967986021618
7741,0,normal,0.009629230946302414,0.3292544343610682,-57.86723981986597
7742,0,normal,0.0055458382703363895,0.330466700843431,-57.63113284797714
7743,0,normal,0.00465119443833828,0.32585073734262276,-57.419298382267016
7744,0,normal,0.004477465990930796,0.32539868405344025,-57.20582840311522
7745,0,normal,0.004359343554824591,0.325175517457142,-56.99035328758919
7746,0,normal,0.0041900333017110825,0.325175517457142,-56.77299538854618
7747,0,normal,0.004017195664346218,0.325175517457142,-56.55273945635054
7748,0,normal,0.0038966930005699396,0.32440558553230975,-56.334781593398475
7749,0,normal,0.0038520731031894684,0.32181099546612046,-56.12477298903491
7750,0,normal,0.003872786182910204,0.3204002634158689,-55.92836500599333
7751,0,normal,0.0039277952164411545,0.31709327097082535,-55.75633808697262
7752,0,normal,0.003988189622759819,0.3157997530261211,-55.614841737610504
7753,0,normal,0.004039037507027388,0.31513966836338114,-55.50569753304535
7754,0,normal,0.004074950236827135,0.3135944758673188,-55.4306215865754
7755,0,normal,0.004097163211554289,0.3131782027124244,-55.389469188460225
7756,0,normal,0.004109857603907585,0.31216567409056023,-55.38223200357788
7757,0,normal,0.004116841591894627,0.3096891847509708,-55.40890760946763
7758,0,normal,0.004116841591894627,0.3096891847509708,-55.40890760946763
7759,0,normal,0.004116841591894627,0.3096891847509708,-55.40890760946763
7760,0,normal,0.004116841591894627,0.3096891847509708,-55.40890760946763
7761,0,normal,0.004116841591894627,0.3096891847509708,-55.40890760946763
7762,0,normal,0.004116841591894627,0.3096891847509708,-55.40890760946763
7763,0,normal,0.004116841591894627,0.3096891847509708,-55.40890760946763
7764,0,normal,0.004116841591894627,0.3096891847509708,-55.40890760946763
7765,0,normal,0.004116841591894627,0.3096891847509708,-55.40890760946763
7766,0,normal,0.004116841591894627,0.3096891847509708,-55.40890760946763
7767,0,normal,0.004116841591894627,0.3096891847509708,-55.40890760946763
7768,0,normal,0.004116841591894627,0.3096891847509708,-55.40890760946763
7769,0,normal,0.004116841591894627,0.3096891847509708,-55.40890760946763
7770,0,normal,0.004116841591894627,0.3096891847509708,-55.40890760946763
7771,0,normal,0.004116841591894627,0.3096891847509708,-55.40890760946763
7772,0,normal,0.004116841591894627,0.3096891847509708,-55.40890760946763
7773,0,normal,0.004116841591894627,0.3096891847509708,-55.40890760946763
7774,0,normal,0.004116841591894627,0.3096891847509708,-55.40890760946763
7775,0,normal,0.004116841591894627,0.3096891847509708,-55.40890760946763
7776,0,normal,0.004116841591894627,0.3096891847509708,-55.40890760946763
7777,0,normal,0.004116841591894627,0.3096891847509708,-55.40890760946763
7778,0,normal,0.004116841591894627,0.3096891847509708,-55.40890760946763
7779,0,normal,0.004116841591894627,0.3096891847509708,-55.40890760946763
7780,0,normal,0.004116841591894627,0.3096891847509708,-55.40890760946763
7781,0,normal,0.004116841591894627,0.3096891847509708,-55.40890760946763
7782,0,normal,0.004116841591894627,0.3096891847509708,-55.40890760946763
7783,0,normal,0.004116841591894627,0.3096891847509708,-55.40890760946763
7784,0,normal,0.004116841591894627,0.3096891847509708,-55.40890760946763
7785,0,normal,0.004116841591894627,0.3096891847509708,-55.40890760946763
7786,0,normal,0.004116841591894627,0.3096891847509708,-55.40890760946763
7787,0,normal,0.004116841591894627,0.3096891847509708,-55.40890760946763
7788,0,normal,0.004116841591894627,0.3096891847509708,-55.40890760946763
7789,0,normal,0.004116841591894627,0.3096891847509708,-55.40890760946763
7790,0,normal,0.004116841591894627,0.3096891847509708,-55.40890760946763
7791,0,normal,0.004116841591894627,0.3096891847509708,-55.40890760946763
7792,0,normal,0.004116841591894627,0.3096891847509708,-55.40890760946763
7793,0,normal,0.004116841591894627,0.3096891847509708,-55.40890760946763
7794,0,normal,0.004116841591894627,0.3096891847509708,-55.40890760946763
7795,0,normal,0.004116841591894627,0.3096891847509708,-55.40890760946763
7796,0,normal,0.004116841591894627,0.3096891847509708,-55.40890760946763
7797,0,normal,0.004116841591894627,0.3096891847509708,-55.40890760946763
7798,0,normal,0.004116841591894627,0.3096891847509708,-55.40890760946763
7799,0,normal,0.004116841591894627,0.3096891847509708,-55.40890760946763
7800,0,normal,0.004116841591894627,0.3096891847509708,-55.40890760946763
7801,0,normal,0.004116841591894627,0.3096891847509708,-55.40890760946763
7802,0,normal,0.004116841591894627,0.3096891847509708,-55.40890760946763
7803,0,normal,0.004116841591894627,0.3096891847509708,-55.40890760946763
7804,0,normal,0.004116841591894627,0.3096891847509708,-55.40890760946763
7805,0,normal,0.004116841591894627,0.3096891847509708,-55.40890760946763
7806,0,normal,0.004116841591894627,0.3096891847509708,-55.40890760946763
7807,0,normal,0.004116841591894627,0.3096891847509708,-55.40890760946763
7808,0,normal,0.004116841591894627,0.3096891847509708,-55.40890760946763
7809,0,normal,0.004116841591894627,0.3096891847509708,-55.40890760946763
7810,0,normal,0.004116841591894627,0.3096891847509708,-55.40890760946763
7811,0,normal,0.004116841591894627,0.3096891847509708,-55.40890760946763
7812,0,normal,0.004116841591894627,0.3096891847509708,-55.40890760946763
7813,0,normal,0.004116841591894627,0.3096891847509708,-55.40890760946763
7814,0,normal,0.004116841591894627,0.3096891847509708,-55.40890760946763
7815,0,normal,0.004116841591894627,0.3096891847509708,-55.40890760946763
7816,0,normal,0.004116841591894627,0.3096891847509708,-55.40890760946763
7817,0,normal,0.004116841591894627,0.3096891847509708,-55.40890760946763
7818,0,normal,0.004116841591894627,0.3096891847509708,-55.40890760946763
7819,0,normal,0.004116841591894627,0.3096891847509708,-55.40890760946763
7820,0,normal,0.004116841591894627,0.3096891847509708,-55.40890760946763
7821,0,normal,0.004116841591894627,0.3096891847509708,-55.40890760946763
7822,0,normal,0.004116841591894627,0.3096891847509708,-55.40890760946763
7823,0,normal,0.004116841591894627,0.3096891847509708,-55.40890760946763
7824,0,normal,0.004116841591894627,0.3096891847509708,-55.40890760946763
7825,0,normal,0.004116841591894627,0.3096891847509708,-55.40890760946763
7826,0,normal,0.004116841591894627,0.3096891847509708,-55.40890760946763
7827,0,normal,0.004116841591894627,0.3096891847509708,-55.40890760946763
7828,0,normal,0.004116841591894627,0.3096891847509708,-55.40890760946763
7829,0,normal,0.004116841591894627,0.3096891847509708,-55.40890760946763
7830,0,normal,0.004116841591894627,0.3096891847509708,-55.40890760946763
7831,0,normal,0.004116841591894627,0.3096891847509708,-55.40890760946763
7832,0,normal,0.004116841591894627,0.3096891847509708,-55.40890760946763
7833,0,normal,0.004116841591894627,0.3096891847509708,-55.40890760946763
7834,0,normal,0.004116841591894627,0.3096891847509708,-55.40890760946763
7835,0,normal,0.004116841591894627,0.3096891847509708,-55.40890760946763
7836,0,normal,0.004116841591894627,0.3096891847509708,-55.40890760946763
7837,0,normal,0.004116841591894627,0.3096891847509708,-55.40890760946763
7838,0,normal,0.004116841591894627,0.3096891847509708,-55.40890760946763
7839,0,normal,0.004116841591894627,0.3096891847509708,-55.40890760946763
7840,0,normal,0.004116841591894627,0.3096891847509708,-55.40890760946763
7841,0,normal,0.004116841591894627,0.3096891847509708,-55.40890760946763
7842,0,normal,0.004116841591894627,0.3096891847509708,-55.40890760946763
7843,0,normal,0.004116841591894627,0.3096891847509708,-55.40890760946763
7844,0,normal,0.004116841591894627,0.3096891847509708,-55.40890760946763
7845,0,normal,0.004116841591894627,0.3096891847509708,-55.40890760946763
7846,0,normal,0.004116841591894627,0.3096891847509708,-55.40890760946763
7847,0,normal,0.004116841591894627,0.3096891847509708,-55.40890760946763
7848,0,normal,0.004116841591894627,0.3096891847509708,-55.40890760946763
7849,0,normal,0.004116841591894627,0.3096891847509708,-55.40890760946763
7850,0,normal,0.004116841591894627,0.3096891847509708,-55.40890760946763
7851,0,normal,0.004116841591894627,0.3096891847509708,-55.40890760946763
7852,0,normal,0.004116841591894627,0.3096891847509708,-55.40890760946763
7853,0,normal,0.004116841591894627,0.3096891847509708,-55.40890760946763
7854,0,normal,0.004116841591894627,0.3096891847509708,-55.40890760946763
7855,0,normal,0.004116841591894627,0.3096891847509708,-55.40890760946763
7856,0,normal,0.004116841591894627,0.3096891847509708,-55.40890760946763
7857,0,normal,0.004116841591894627,0.3096891847509708,-55.40890760946763
7858,0,normal,0.004116841591894627,0.3096891847509708,-55.40890760946763
7859,0,normal,0.004116841591894627,0.3096891847509708,-55.40890760946763
7860,0,normal,0.004116841591894627,0.3096891847509708,-55.40890760946763
7861,0,normal,0.004116841591894627,0.3096891847509708,-55.40890760946763
7862,0,normal,0.004116841591894627,0.3096891847509708,-55.40890760946763
7863,0,normal,0.004116841591894627,0.3096891847509708,-55.40890760946763
7864,0,normal,0.004116841591894627,0.3096891847509708,-55.40890760946763
7865,0,normal,0.004116841591894627,0.3096891847509708,-55.40890760946763
7866,0,normal,0.004116841591894627,0.3096891847509708,-55.40890760946763
7867,0,normal,0.004116841591894627,0.3096891847509708,-55.40890760946763
7868,0,normal,0.004116841591894627,0.3096891847509708,-55.40890760946763
7869,0,normal,0.09212487190961838,0.3110812271947419,-55.574767084423684
7870,0,normal,0.07325764000415802,0.3120715961366356,-55.77629135786901
7871,0,normal,0.08820948004722595,0.31294708393057136,-56.01123930347171
7872,0,normal,0.16344791650772095,0.31294708393057136,-56.253608731808754
7873,0,normal,0.32904210686683655,0.31315323024705394,-56.49124662019449
7874,0,normal,0.6029776930809021,0.3147416793005074,-56.723314880733824
7875,0,normal,0.9704865217208862,0.31723885043820393,-56.950434657749156
7876,0,normal,1.3764320611953735,0.3194622542674544,-57.172731219763136
7877,0,normal,1.7538377046585083,0.3210167674251918,-57.39192714114847
7878,0,normal,2.062516212463379,0.32292052035436003,-57.60840639305525
7879,0,normal,2.2919068336486816,0.3237934800087867,-57.82279990139068
7880,0,normal,2.4523508548736572,0.32330793483593573,-58.035451992566095
7881,0,normal,2.562777280807495,0.3261365793425345,-58.247071497984734
7882,0,normal,2.7364609241485596,0.32567355335741327,-58.29045390912688
7883,0,normal,2.4213175773620605,0.3263171367900656,-58.298632160941
7884,0,normal,2.0851669311523438,0.3282295982463324,-58.27463224446183
7885,0,normal,1.7487422227859497,0.33020679386294055,-58.24504351953783
7886,0,normal,1.425346851348877,0.3287463874026431,-58.22229755662397
7887,0,normal,1.122485637664795,0.32793108124010134,-58.20709449031733
7888,0,normal,0.8442587852478027,0.32490978871244547,-58.1998108061905
7889,0,normal,0.5954676866531372,0.32371878590371495,-58.19518617577728
7890,0,normal,0.3844573199748993,0.3249461949132652,-58.185863588515076
7891,0,normal,0.22157055139541626,0.32343849388602053,-58.165841017534376
7892,0,normal,0.1122528687119484,0.3259305644087795,-58.12377323406622
7893,0,normal,0.05042094364762306,0.3274901792223351,-58.05315226299581
7894,0,normal,0.021106237545609474,0.32632963047124974,-57.951385452338855
7895,0,normal,0.009417827241122723,0.327208404855193,-57.81619770732482
7896,0,normal,0.005593172740191221,0.32848612874615685,-57.647398159108434
7897,0,normal,0.0046510398387908936,0.32465540381544594,-57.44419587236166
7898,0,normal,0.004477465990930796,0.32539868405344025,-57.20582840311522
7899,0,normal,0.004359343554824591,0.325175517457142,-56.99035328758919
7900,0,normal,0.0041900333017110825,0.325175517457142,-56.77299538854618
7901,0,normal,0.004017195664346218,0.325175517457142,-56.55273945635054
7902,0,normal,0.0038966930005699396,0.32440558553230975,-56.334781593398475
7903,0,normal,0.0038520731031894684,0.32181099546612046,-56.12477298903491
7904,0,normal,0.003872786182910204,0.3204002634158689,-55.92836500599333
7905,0,normal,0.0039277952164411545,0.31709327097082535,-55.75633808697262
7906,0,normal,0.003988189622759819,0.3157997530261211,-55.614841737610504
7907,0,normal,0.004039037507027388,0.31513966836338114,-55.50569753304535
7908,0,normal,0.004074950236827135,0.3135944758673188,-55.4306215865754
7909,0,normal,0.09202298521995544,0.31458592817429426,-55.55508046535283
7910,0,normal,0.07325977087020874,0.3135155520644707,-55.74936701689444
7911,0,normal,0.08820948004722595,0.31294708393057136,-56.01123930347171
7912,0,normal,0.16344791650772095,0.31294708393057136,-56.253608731808754
7913,0,normal,0.32904210686683655,0.31315323024705394,-56.49124662019449
7914,0,normal,0.6029776930809021,0.3147416793005074,-56.723314880733824
7915,0,normal,0.9704865217208862,0.31723885043820393,-56.950434657749156
7916,0,normal,1.3764320611953735,0.3194622542674544,-57.172731219763136
7917,0,normal,1.7538377046585083,0.3210167674251918,-57.39192714114847
7918,0,normal,2.062516212463379,0.32292052035436003,-57.60840639305525
7919,0,normal,2.2919068336486816,0.3237934800087867,-57.82279990139068
7920,0,normal,2.4523508548736572,0.32330793483593573,-58.035451992566095
7921,0,normal,2.562777280807495,0.3261365793425345,-58.247071497984734
7922,0,normal,2.6410305500030518,0.3268633596170344,-58.458147785496976
7923,0,normal,2.8009464740753174,0.32567355335741327,-58.50144601785064
7924,0,normal,2.472519874572754,0.3297407291264241,-58.51030278702888
7925,0,normal,2.1295342445373535,0.32923878707620763,-58.48772041842108
7926,0,normal,1.789814829826355,0.33020679386294055,-58.4599612228692
7927,0,normal,1.4647787809371948,0.32959448996554497,-58.43897413891159
7928,0,normal,1.1603666543960571,0.32793108124010134,-58.4265821683814
7929,0,normal,0.8796175122261047,0.3259876050826536,-58.41703132271641
7930,0,normal,0.6265383362770081,0.32465571727691367,-58.404571209066944
7931,0,normal,0.4090844988822937,0.3263769428373905,-58.38185072024203
7932,0,normal,0.23822256922721863,0.32681166119557137,-58.33777000617488
7933,0,normal,0.12132182717323303,0.3274901792223351,-58.26553840693987
7934,0,normal,0.0542331337928772,0.3281761329952297,-58.162921350650095
7935,0,normal,0.02229081653058529,0.32793757364324716,-58.02742505046717
7936,0,normal,0.00965555477887392,0.32848612874615685,-57.85861832889714
7937,0,normal,0.005607989151030779,0.3292544343610682,-57.65617518304816
7938,0,normal,0.00465119443833828,0.32585073734262276,-57.419298382267016
7939,0,normal,0.004477465990930796,0.32539868405344025,-57.20582840311522
7940,0,normal,0.004359343554824591,0.325175517457142,-56.99035328758919
7941,0,normal,0.0041900333017110825,0.325175517457142,-56.77299538854618
7942,0,normal,0.004017195664346218,0.325175517457142,-56.55273945635054
7943,0,normal,0.0038966930005699396,0.32440558553230975,-56.334781593398475
7944,0,normal,0.0038520731031894684,0.32181099546612046,-56.12477298903491
7945,0,normal,0.003872786182910204,0.3204002634158689,-55.92836500599333
7946,0,normal,0.0039277952164411545,0.31709327097082535,-55.75633808697262
7947,0,normal,0.003988189622759819,0.3157997530261211,-55.614841737610504
7948,0,normal,0.004039037507027388,0.31513966836338114,-55.50569753304535
7949,0,normal,0.004074950236827135,0.3135944758673188,-55.4306215865754
7950,0,normal,0.004097163211554289,0.3131782027124244,-55.389469188460225
7951,0,normal,0.004109857603907585,0.31216567409056023,-55.38223200357788
7952,0,normal,0.004116841591894627,0.3096891847509708,-55.40890760946763
7953,0,normal,0.004116841591894627,0.3096891847509708,-55.40890760946763
7954,0,normal,0.004116841591894627,0.3096891847509708,-55.40890760946763
7955,0,normal,0.004116841591894627,0.3096891847509708,-55.40890760946763
7956,0,normal,0.004116841591894627,0.3096891847509708,-55.40890760946763
7957,0,normal,0.004116841591894627,0.3096891847509708,-55.40890760946763
7958,0,normal,0.004116841591894627,0.3096891847509708,-55.40890760946763
7959,0,normal,0.004116841591894627,0.3096891847509708,-55.40890760946763
7960,0,normal,0.004116841591894627,0.3096891847509708,-55.40890760946763
7961,0,normal,0.004116841591894627,0.3096891847509708,-55.40890760946763
7962,0,normal,0.004116841591894627,0.3096891847509708,-55.40890760946763
7963,0,normal,0.004116841591894627,0.3096891847509708,-55.40890760946763
7964,0,normal,0.004116841591894627,0.3096891847509708,-55.40890760946763
7965,0,normal,0.004116841591894627,0.3096891847509708,-55.40890760946763
7966,0,normal,0.004116841591894627,0.3096891847509708,-55.40890760946763
7967,0,normal,0.004116841591894627,0.3096891847509708,-55.40890760946763
7968,0,normal,0.004116841591894627,0.3096891847509708,-55.40890760946763
7969,0,normal,0.004116841591894627,0.3096891847509708,-55.40890760946763
7970,0,normal,0.004116841591894627,0.3096891847509708,-55.40890760946763
7971,0,normal,0.004116841591894627,0.3096891847509708,-55.40890760946763
7972,0,normal,0.004116841591894627,0.3096891847509708,-55.40890760946763
7973,0,normal,0.004116841591894627,0.3096891847509708,-55.40890760946763
7974,0,normal,0.004116841591894627,0.3096891847509708,-55.40890760946763
7975,0,normal,0.004116841591894627,0.3096891847509708,-55.40890760946763
7976,0,normal,0.004116841591894627,0.3096891847509708,-55.40890760946763
7977,0,normal,0.004116841591894627,0.3096891847509708,-55.40890760946763
7978,0,normal,0.004116841591894627,0.3096891847509708,-55.40890760946763
7979,0,normal,0.004116841591894627,0.3096891847509708,-55.40890760946763
7980,0,normal,0.004116841591894627,0.3096891847509708,-55.40890760946763
7981,0,normal,0.004116841591894627,0.3096891847509708,-55.40890760946763
7982,0,normal,0.004116841591894627,0.3096891847509708,-55.40890760946763
7983,0,normal,0.004116841591894627,0.3096891847509708,-55.40890760946763
7984,0,normal,0.004116841591894627,0.3096891847509708,-55.40890760946763
7985,0,normal,0.004116841591894627,0.3096891847509708,-55.40890760946763
7986,0,normal,0.004116841591894627,0.3096891847509708,-55.40890760946763
7987,0,normal,0.004116841591894627,0.3096891847509708,-55.40890760946763
7988,0,normal,0.004116841591894627,0.3096891847509708,-55.40890760946763
7989,0,normal,0.004116841591894627,0.3096891847509708,-55.40890760946763
7990,0,normal,0.004116841591894627,0.3096891847509708,-55.40890760946763
7991,0,normal,0.004116841591894627,0.3096891847509708,-55.40890760946763
7992,0,normal,0.004116841591894627,0.3096891847509708,-55.40890760946763
7993,0,normal,0.004116841591894627,0.3096891847509708,-55.40890760946763
7994,0,normal,0.004116841591894627,0.3096891847509708,-55.40890760946763
7995,0,normal,0.004116841591894627,0.3096891847509708,-55.40890760946763
7996,0,normal,0.004116841591894627,0.3096891847509708,-55.40890760946763
7997,0,normal,0.004116841591894627,0.3096891847509708,-55.40890760946763
7998,0,normal,0.004116841591894627,0.3096891847509708,-55.40890760946763
7999,0,normal,0.004116841591894627,0.3096891847509708,-55.40890760946763
8000,0,normal,0.004116841591894627,0.3096891847509708,-55.40890760946763
8001,0,normal,0.004116841591894627,0.3096891847509708,-55.40890760946763
8002,0,normal,0.004116841591894627,0.3096891847509708,-55.40890760946763
8003,0,normal,0.004116841591894627,0.3096891847509708,-55.40890760946763
8004,0,normal,0.004116841591894627,0.3096891847509708,-55.40890760946763
8005,0,normal,0.004116841591894627,0.3096891847509708,-55.40890760946763
8006,0,normal,0.004116841591894627,0.3096891847509708,-55.40890760946763
8007,0,normal,0.004116841591894627,0.3096891847509708,-55.40890760946763
8008,0,normal,0.004116841591894627,0.3096891847509708,-55.40890760946763
8009,0,normal,0.004116841591894627,0.3096891847509708,-55.40890760946763
8010,0,normal,0.004116841591894627,0.3096891847509708,-55.40890760946763
8011,0,normal,0.004116841591894627,0.3096891847509708,-55.40890760946763
8012,0,normal,0.004116841591894627,0.3096891847509708,-55.40890760946763
8013,0,normal,0.004116841591894627,0.3096891847509708,-55.40890760946763
8014,0,normal,0.004116841591894627,0.3096891847509708,-55.40890760946763
8015,0,normal,0.004116841591894627,0.3096891847509708,-55.40890760946763
8016,0,normal,0.09212487190961838,0.3110812271947419,-55.574767084423684
8017,0,normal,0.07325764000415802,0.3120715961366356,-55.77629135786901
8018,0,normal,0.08820948004722595,0.31294708393057136,-56.01123930347171
8019,0,normal,0.16344791650772095,0.31294708393057136,-56.253608731808754
8020,0,normal,0.32904210686683655,0.31315323024705394,-56.49124662019449
8021,0,normal,0.6029776930809021,0.3147416793005074,-56.723314880733824
8022,0,normal,0.9704865217208862,0.31723885043820393,-56.950434657749156
8023,0,normal,1.3764320611953735,0.3194622542674544,-57.172731219763136
8024,0,normal,1.7538377046585083,0.3210167674251918,-57.39192714114847
8025,0,normal,2.062516212463379,0.32292052035436003,-57.60840639305525
8026,0,normal,2.2919068336486816,0.3237934800087867,-57.82279990139068
8027,0,normal,2.4523508548736572,0.32330793483593573,-58.035451992566095
8028,0,normal,2.562777280807495,0.3261365793425345,-58.247071497984734
8029,0,normal,2.7364609241485596,0.32567355335741327,-58.29045390912688
8030,0,normal,2.4213175773620605,0.3263171367900656,-58.298632160941
8031,0,normal,2.0851669311523438,0.3282295982463324,-58.27463224446183
8032,0,normal,1.7487422227859497,0.33020679386294055,-58.24504351953783
8033,0,normal,1.425346851348877,0.3287463874026431,-58.22229755662397
8034,0,normal,1.122485637664795,0.32793108124010134,-58.20709449031733
8035,0,normal,0.8442587852478027,0.32490978871244547,-58.1998108061905
8036,0,normal,0.5954676866531372,0.32371878590371495,-58.19518617577728
8037,0,normal,0.3844573199748993,0.3249461949132652,-58.185863588515076
8038,0,normal,0.22157055139541626,0.32343849388602053,-58.165841017534376
8039,0,normal,0.1122528687119484,0.3259305644087795,-58.12377323406622
8040,0,normal,0.05042094364762306,0.3274901792223351,-58.05315226299581
8041,0,normal,0.021106237545609474,0.32632963047124974,-57.951385452338855
8042,0,normal,0.009417827241122723,0.327208404855193,-57.81619770732482
8043,0,normal,0.005593172740191221,0.32848612874615685,-57.647398159108434
8044,0,normal,0.0046510398387908936,0.32465540381544594,-57.44419587236166
8045,0,normal,0.004477465990930796,0.32539868405344025,-57.20582840311522
8046,0,normal,0.004359343554824591,0.325175517457142,-56.99035328758919
8047,0,normal,0.0041900333017110825,0.325175517457142,-56.77299538854618
8048,0,normal,0.004017195664346218,0.325175517457142,-56.55273945635054
8049,0,normal,0.0038966930005699396,0.32440558553230975,-56.334781593398475
8050,0,normal,0.0038520731031894684,0.32181099546612046,-56.12477298903491
8051,0,normal,0.003872786182910204,0.3204002634158689,-55.92836500599333
8052,0,normal,0.0039277952164411545,0.31709327097082535,-55.75633808697262
8053,0,normal,0.003988189622759819,0.3157997530261211,-55.614841737610504
8054,0,normal,0.004039037507027388,0.31513966836338114,-55.50569753304535
8055,0,normal,0.004074950236827135,0.3135944758673188,-55.4306215865754
8056,0,normal,0.004097163211554289,0.3131782027124244,-55.389469188460225
8057,0,normal,0.004109857603907585,0.31216567409056023,-55.38223200357788
8058,0,normal,0.004116841591894627,0.3096891847509708,-55.40890760946763
8059,0,normal,0.004116841591894627,0.3096891847509708,-55.40890760946763
8060,0,normal,0.004116841591894627,0.3096891847509708,-55.40890760946763
8061,0,normal,0.004116841591894627,0.3096891847509708,-55.40890760946763
8062,0,normal,0.004116841591894627,0.3096891847509708,-55.40890760946763
8063,0,normal,0.004116841591894627,0.3096891847509708,-55.40890760946763
8064,0,normal,0.09212487190961838,0.3110812271947419,-55.574767084423684
8065,0,normal,0.07325764000415802,0.3120715961366356,-55.77629135786901
8066,0,normal,0.08820948004722595,0.31294708393057136,-56.01123930347171
8067,0,normal,0.16344791650772095,0.31294708393057136,-56.253608731808754
8068,0,normal,0.32904210686683655,0.31315323024705394,-56.49124662019449
8069,0,normal,0.6029776930809021,0.3147416793005074,-56.723314880733824
8070,0,normal,0.9704865217208862,0.31723885043820393,-56.950434657749156
8071,0,normal,1.3764320611953735,0.3194622542674544,-57.172731219763136
8072,0,normal,1.7538377046585083,0.3210167674251918,-57.39192714114847
8073,0,normal,2.062516212463379,0.32292052035436003,-57.60840639305525
8074,0,normal,2.2919068336486816,0.3237934800087867,-57.82279990139068
8075,0,normal,2.4523508548736572,0.32330793483593573,-58.035451992566095
8076,0,normal,2.562777280807495,0.3261365793425345,-58.247071497984734
8077,0,normal,2.6410305500030518,0.3268633596170344,-58.458147785496976
8078,0,normal,2.700345039367676,0.3268633596170344,-58.66893590294808
8079,0,normal,2.8545024394989014,0.3290903934669978,-58.71290173372108
8080,0,normal,2.517791748046875,0.33019881451055116,-58.72316559970341
8081,0,normal,2.17032527923584,0.32923878707620763,-58.702410068361814
8082,0,normal,1.828166127204895,0.331058663994124,-58.67641074642893
8083,0,normal,1.5014078617095947,0.32959448996554497,-58.65823566637232
8084,0,normal,1.1949626207351685,0.32901892008011074,-58.643578784419105
8085,0,normal,0.9112082719802856,0.32693110304377193,-58.62619634813359
8086,0,normal,0.6536253094673157,0.3260851862192206,-58.60034337693264
8087,0,normal,0.4299394190311432,0.3297807554786842,-58.5535729072119
8088,0,normal,0.2517460584640503,0.32837549215744477,-58.479338194875254
8089,0,normal,0.12815792858600616,0.3281761329952297,-58.375120766701
8090,0,normal,0.05669873207807541,0.32979317454766294,-58.23878477682524
8091,0,normal,0.02280685305595398,0.32921814488277296,-58.06967986021618
8092,0,normal,0.009629230946302414,0.3292544343610682,-57.86723981986597
8093,0,normal,0.0055458382703363895,0.330466700843431,-57.63113284797714
8094,0,normal,0.00465119443833828,0.32585073734262276,-57.419298382267016
8095,0,normal,0.004477465990930796,0.32539868405344025,-57.20582840311522
8096,0,normal,0.004359343554824591,0.325175517457142,-56.99035328758919
8097,0,normal,0.0041900333017110825,0.325175517457142,-56.77299538854618
8098,0,normal,0.004017195664346218,0.325175517457142,-56.55273945635054
8099,0,normal,0.0038966930005699396,0.32440558553230975,-56.334781593398475
8100,0,normal,0.0038520731031894684,0.32181099546612046,-56.12477298903491
8101,0,normal,0.003872786182910204,0.3204002634158689,-55.92836500599333
8102,0,normal,0.0039277952164411545,0.31709327097082535,-55.75633808697262
8103,0,normal,0.003988189622759819,0.3157997530261211,-55.614841737610504
8104,0,normal,0.004039037507027388,0.31513966836338114,-55.50569753304535
8105,0,normal,0.004074950236827135,0.3135944758673188,-55.4306215865754
8106,0,normal,0.004097163211554289,0.3131782027124244,-55.389469188460225
8107,0,normal,0.004109857603907585,0.31216567409056023,-55.38223200357788
8108,0,normal,0.004116841591894627,0.3096891847509708,-55.40890760946763
8109,0,normal,0.004116841591894627,0.3096891847509708,-55.40890760946763
8110,0,normal,0.004116841591894627,0.3096891847509708,-55.40890760946763
8111,0,normal,0.004116841591894627,0.3096891847509708,-55.40890760946763
8112,0,normal,0.004116841591894627,0.3096891847509708,-55.40890760946763
8113,0,normal,0.004116841591894627,0.3096891847509708,-55.40890760946763
8114,0,normal,0.004116841591894627,0.3096891847509708,-55.40890760946763
8115,0,normal,0.004116841591894627,0.3096891847509708,-55.40890760946763
8116,0,normal,0.004116841591894627,0.3096891847509708,-55.40890760946763
8117,0,normal,0.004116841591894627,0.3096891847509708,-55.40890760946763
8118,0,normal,0.004116841591894627,0.3096891847509708,-55.40890760946763
8119,0,normal,0.004116841591894627,0.3096891847509708,-55.40890760946763
8120,0,normal,0.004116841591894627,0.3096891847509708,-55.40890760946763
8121,0,normal,0.004116841591894627,0.3096891847509708,-55.40890760946763
8122,0,normal,0.004116841591894627,0.3096891847509708,-55.40890760946763
8123,0,normal,0.004116841591894627,0.3096891847509708,-55.40890760946763
8124,0,normal,0.004116841591894627,0.3096891847509708,-55.40890760946763
8125,0,normal,0.004116841591894627,0.3096891847509708,-55.40890760946763
8126,0,normal,0.004116841591894627,0.3096891847509708,-55.40890760946763
8127,0,normal,0.004116841591894627,0.3096891847509708,-55.40890760946763
8128,0,normal,0.004116841591894627,0.3096891847509708,-55.40890760946763
8129,0,normal,0.004116841591894627,0.3096891847509708,-55.40890760946763
8130,0,normal,0.004116841591894627,0.3096891847509708,-55.40890760946763
8131,0,normal,0.004116841591894627,0.3096891847509708,-55.40890760946763
8132,0,normal,0.004116841591894627,0.3096891847509708,-55.40890760946763
8133,0,normal,0.004116841591894627,0.3096891847509708,-55.40890760946763
8134,0,normal,0.004116841591894627,0.3096891847509708,-55.40890760946763
8135,0,normal,0.004116841591894627,0.3096891847509708,-55.40890760946763
8136,0,normal,0.004116841591894627,0.3096891847509708,-55.40890760946763
8137,0,normal,0.004116841591894627,0.3096891847509708,-55.40890760946763
8138,0,normal,0.004116841591894627,0.3096891847509708,-55.40890760946763
8139,0,normal,0.004116841591894627,0.3096891847509708,-55.40890760946763
8140,0,normal,0.004116841591894627,0.3096891847509708,-55.40890760946763
8141,0,normal,0.004116841591894627,0.3096891847509708,-55.40890760946763
8142,0,normal,0.004116841591894627,0.3096891847509708,-55.40890760946763
8143,0,normal,0.004116841591894627,0.3096891847509708,-55.40890760946763
8144,0,normal,0.004116841591894627,0.3096891847509708,-55.40890760946763
8145,0,normal,0.004116841591894627,0.3096891847509708,-55.40890760946763
8146,0,normal,0.004116841591894627,0.3096891847509708,-55.40890760946763
8147,0,normal,0.004116841591894627,0.3096891847509708,-55.40890760946763
8148,0,normal,0.004116841591894627,0.3096891847509708,-55.40890760946763
8149,0,normal,0.004116841591894627,0.3096891847509708,-55.40890760946763
8150,0,normal,0.004116841591894627,0.3096891847509708,-55.40890760946763
8151,0,normal,0.004116841591894627,0.3096891847509708,-55.40890760946763
8152,0,normal,0.004116841591894627,0.3096891847509708,-55.40890760946763
8153,0,normal,0.004116841591894627,0.3096891847509708,-55.40890760946763
8154,0,normal,0.004116841591894627,0.3096891847509708,-55.40890760946763
8155,0,normal,0.004116841591894627,0.3096891847509708,-55.40890760946763
8156,0,normal,0.004116841591894627,0.3096891847509708,-55.40890760946763
8157,0,normal,0.004116841591894627,0.3096891847509708,-55.40890760946763
8158,0,normal,0.004116841591894627,0.3096891847509708,-55.40890760946763
8159,0,normal,0.004116841591894627,0.3096891847509708,-55.40890760946763
8160,0,normal,0.004116841591894627,0.3096891847509708,-55.40890760946763
8161,0,normal,0.09212487190961838,0.3110812271947419,-55.574767084423684
8162,0,normal,0.07325764000415802,0.3120715961366356,-55.77629135786901
8163,0,normal,0.08820948004722595,0.31294708393057136,-56.01123930347171
8164,0,normal,0.16344791650772095,0.31294708393057136,-56.253608731808754
8165,0,normal,0.32904210686683655,0.31315323024705394,-56.49124662019449
8166,0,normal,0.6029776930809021,0.3147416793005074,-56.723314880733824
8167,0,normal,0.9704865217208862,0.31723885043820393,-56.950434657749156
8168,0,normal,1.3764320611953735,0.3194622542674544,-57.172731219763136
8169,0,normal,1.7538377046585083,0.3210167674251918,-57.39192714114847
8170,0,normal,2.062516212463379,0.32292052035436003,-57.60840639305525
8171,0,normal,2.2919068336486816,0.3237934800087867,-57.82279990139068
8172,0,normal,2.4523508548736572,0.32330793483593573,-58.035451992566095
8173,0,normal,2.562777280807495,0.3261365793425345,-58.247071497984734
8174,0,normal,2.6410305500030518,0.3268633596170344,-58.458147785496976
8175,0,normal,2.8009464740753174,0.32567355335741327,-58.50144601785064
8176,0,normal,2.472519874572754,0.3297407291264241,-58.51030278702888
8177,0,normal,2.1295342445373535,0.32923878707620763,-58.48772041842108
8178,0,normal,1.789814829826355,0.33020679386294055,-58.4599612228692
8179,0,normal,1.4647787809371948,0.32959448996554497,-58.43897413891159
8180,0,normal,1.1603666543960571,0.32793108124010134,-58.4265821683814
8181,0,normal,0.8796175122261047,0.3259876050826536,-58.41703132271641
8182,0,normal,0.6265383362770081,0.32465571727691367,-58.404571209066944
8183,0,normal,0.4090844988822937,0.3263769428373905,-58.38185072024203
8184,0,normal,0.23822256922721863,0.32681166119557137,-58.33777000617488
8185,0,normal,0.12132182717323303,0.3274901792223351,-58.26553840693987
8186,0,normal,0.0542331337928772,0.3281761329952297,-58.162921350650095
8187,0,normal,0.02229081653058529,0.32793757364324716,-58.02742505046717
8188,0,normal,0.00965555477887392,0.32848612874615685,-57.85861832889714
8189,0,normal,0.005607989151030779,0.3292544343610682,-57.65617518304816
8190,0,normal,0.00465119443833828,0.32585073734262276,-57.419298382267016
8191,0,normal,0.004477465990930796,0.32539868405344025,-57.20582840311522
8192,0,normal,0.004359343554824591,0.325175517457142,-56.99035328758919
8193,0,normal,0.0041900333017110825,0.325175517457142,-56.77299538854618
8194,0,normal,0.08922497183084488,0.32777458218618133,-56.71681849892502
8195,0,normal,0.07062090933322906,0.32699849634507255,-56.69892214301581
8196,0,normal,0.08816904574632645,0.3249871604967283,-56.722749893966466
8197,0,normal,0.171758770942688,0.3224397096032354,-56.768024622176426
8198,0,normal,0.35128629207611084,0.31932187422095765,-56.83337509223384
8199,0,normal,0.6372839212417603,0.31963239683316513,-56.92407619784444
8200,0,normal,1.0065711736679077,0.32096781226563537,-57.04253308379407
8201,0,normal,1.4040188789367676,0.32163255195840856,-57.19054884886532
8202,0,normal,1.769690990447998,0.32276860523498097,-57.36966311193737
8203,0,normal,2.0687038898468018,0.3235780167802137,-57.58021580006175
8204,0,normal,2.2919068336486816,0.3237934800087867,-57.82279990139068
8205,0,normal,2.4523508548736572,0.32330793483593573,-58.035451992566095
8206,0,normal,2.562777280807495,0.3261365793425345,-58.247071497984734
8207,0,normal,2.6410305500030518,0.3268633596170344,-58.458147785496976
8208,0,normal,2.8009464740753174,0.32567355335741327,-58.50144601785064
8209,0,normal,2.472519874572754,0.3297407291264241,-58.51030278702888
8210,0,normal,2.1295342445373535,0.32923878707620763,-58.48772041842108
8211,0,normal,1.789814829826355,0.33020679386294055,-58.4599612228692
8212,0,normal,1.4647787809371948,0.32959448996554497,-58.43897413891159
8213,0,normal,1.1603666543960571,0.32793108124010134,-58.4265821683814
8214,0,normal,0.8796175122261047,0.3259876050826536,-58.41703132271641
8215,0,normal,0.6265383362770081,0.32465571727691367,-58.404571209066944
8216,0,normal,0.4090844988822937,0.3263769428373905,-58.38185072024203
8217,0,normal,0.23822256922721863,0.32681166119557137,-58.33777000617488
8218,0,normal,0.12132182717323303,0.3274901792223351,-58.26553840693987
8219,0,normal,0.0542331337928772,0.3281761329952297,-58.162921350650095
8220,0,normal,0.02229081653058529,0.32793757364324716,-58.02742505046717
8221,0,normal,0.00965555477887392,0.32848612874615685,-57.85861832889714
8222,0,normal,0.005607989151030779,0.3292544343610682,-57.65617518304816
8223,0,normal,0.00465119443833828,0.32585073734262276,-57.419298382267016
8224,0,normal,0.004477465990930796,0.32539868405344025,-57.20582840311522
8225,0,normal,0.004359343554824591,0.325175517457142,-56.99035328758919
8226,0,normal,0.0041900333017110825,0.325175517457142,-56.77299538854618
8227,0,normal,0.004017195664346218,0.325175517457142,-56.55273945635054
8228,0,normal,0.0038966930005699396,0.32440558553230975,-56.334781593398475
8229,0,normal,0.0038520731031894684,0.32181099546612046,-56.12477298903491
8230,0,normal,0.003872786182910204,0.3204002634158689,-55.92836500599333
8231,0,normal,0.0039277952164411545,0.31709327097082535,-55.75633808697262
8232,0,normal,0.003988189622759819,0.3157997530261211,-55.614841737610504
8233,0,normal,0.004039037507027388,0.31513966836338114,-55.50569753304535
8234,0,normal,0.004074950236827135,0.3135944758673188,-55.4306215865754
8235,0,normal,0.004097163211554289,0.3131782027124244,-55.389469188460225
8236,0,normal,0.004109857603907585,0.31216567409056023,-55.38223200357788
8237,0,normal,0.004116841591894627,0.3096891847509708,-55.40890760946763
8238,0,normal,0.004116841591894627,0.3096891847509708,-55.40890760946763
8239,0,normal,0.004116841591894627,0.3096891847509708,-55.40890760946763
8240,0,normal,0.004116841591894627,0.3096891847509708,-55.40890760946763
8241,0,normal,0.004116841591894627,0.3096891847509708,-55.40890760946763
8242,0,normal,0.004116841591894627,0.3096891847509708,-55.40890760946763
8243,0,normal,0.004116841591894627,0.3096891847509708,-55.40890760946763
8244,0,normal,0.004116841591894627,0.3096891847509708,-55.40890760946763
8245,0,normal,0.004116841591894627,0.3096891847509708,-55.40890760946763
8246,0,normal,0.004116841591894627,0.3096891847509708,-55.40890760946763
8247,0,normal,0.004116841591894627,0.3096891847509708,-55.40890760946763
8248,0,normal,0.004116841591894627,0.3096891847509708,-55.40890760946763
8249,0,normal,0.004116841591894627,0.3096891847509708,-55.40890760946763
8250,0,normal,0.004116841591894627,0.3096891847509708,-55.40890760946763
8251,0,normal,0.004116841591894627,0.3096891847509708,-55.40890760946763
8252,0,normal,0.004116841591894627,0.3096891847509708,-55.40890760946763
8253,0,normal,0.004116841591894627,0.3096891847509708,-55.40890760946763
8254,0,normal,0.004116841591894627,0.3096891847509708,-55.40890760946763
8255,0,normal,0.004116841591894627,0.3096891847509708,-55.40890760946763
8256,0,normal,0.004116841591894627,0.3096891847509708,-55.40890760946763
8257,0,normal,0.004116841591894627,0.3096891847509708,-55.40890760946763
8258,0,normal,0.09212487190961838,0.3110812271947419,-55.574767084423684
8259,0,normal,0.07325764000415802,0.3120715961366356,-55.77629135786901
8260,0,normal,0.08820948004722595,0.31294708393057136,-56.01123930347171
8261,0,normal,0.16344791650772095,0.31294708393057136,-56.253608731808754
8262,0,normal,0.32904210686683655,0.31315323024705394,-56.49124662019449
8263,0,normal,0.6029776930809021,0.3147416793005074,-56.723314880733824
8264,0,normal,0.9704865217208862,0.31723885043820393,-56.950434657749156
8265,0,normal,1.3764320611953735,0.3194622542674544,-57.172731219763136
8266,0,normal,1.7538377046585083,0.3210167674251918,-57.39192714114847
8267,0,normal,2.062516212463379,0.32292052035436003,-57.60840639305525
8268,0,normal,2.2919068336486816,0.3237934800087867,-57.82279990139068
8269,0,normal,2.4523508548736572,0.32330793483593573,-58.035451992566095
8270,0,normal,2.562777280807495,0.3261365793425345,-58.247071497984734
8271,0,normal,2.6410305500030518,0.3268633596170344,-58.458147785496976
8272,0,normal,2.8009464740753174,0.32567355335741327,-58.50144601785064
8273,0,normal,2.472519874572754,0.3297407291264241,-58.51030278702888
8274,0,normal,2.1295342445373535,0.32923878707620763,-58.48772041842108
8275,0,normal,1.789814829826355,0.33020679386294055,-58.4599612228692
8276,0,normal,1.4647787809371948,0.32959448996554497,-58.43897413891159
8277,0,normal,1.1603666543960571,0.32793108124010134,-58.4265821683814
8278,0,normal,0.8796175122261047,0.3259876050826536,-58.41703132271641
8279,0,normal,0.6265383362770081,0.32465571727691367,-58.404571209066944
8280,0,normal,0.4090844988822937,0.3263769428373905,-58.38185072024203
8281,0,normal,0.23822256922721863,0.32681166119557137,-58.33777000617488
8282,0,normal,0.12132182717323303,0.3274901792223351,-58.26553840693987
8283,0,normal,0.0542331337928772,0.3281761329952297,-58.162921350650095
8284,0,normal,0.02229081653058529,0.32793757364324716,-58.02742505046717
8285,0,normal,0.00965555477887392,0.32848612874615685,-57.85861832889714
8286,0,normal,0.005607989151030779,0.3292544343610682,-57.65617518304816
8287,0,normal,0.00465119443833828,0.32585073734262276,-57.419298382267016
8288,0,normal,0.004477465990930796,0.32539868405344025,-57.20582840311522
8289,0,normal,0.004359343554824591,0.325175517457142,-56.99035328758919
8290,0,normal,0.0041900333017110825,0.325175517457142,-56.77299538854618
8291,0,normal,0.004017195664346218,0.325175517457142,-56.55273945635054
8292,0,normal,0.0038966930005699396,0.32440558553230975,-56.334781593398475
8293,0,normal,0.0038520731031894684,0.32181099546612046,-56.12477298903491
