timestamp_idx,ground_truth,anomaly_class,lstm_score,iforest_score,svm_score
0,0,normal,,,
1,0,normal,,,
2,0,normal,,,
3,0,normal,,,
4,0,normal,,,
5,0,normal,,,
6,0,normal,,,
7,0,normal,,,
8,0,normal,,,
9,0,normal,,,
10,0,normal,,,
11,0,normal,,,
12,0,normal,,,
13,0,normal,,,
14,0,normal,,,
15,0,normal,,,
16,0,normal,,,
17,0,normal,,,
18,0,normal,,,
19,0,normal,,,
20,0,normal,,,
21,0,normal,,,
22,0,normal,,,
23,0,normal,,,
24,0,normal,,,
25,0,normal,,,
26,0,normal,,,
27,0,normal,,,
28,0,normal,,,
29,0,normal,0.35706889629364014,0.555695404934323,518.5115959095
30,0,normal,0.21561765670776367,0.5682722078867658,518.6760046165341
31,0,normal,0.19923371076583862,0.568539573807624,518.8306511550282
32,0,normal,0.17207826673984528,0.5518318880219817,518.9631676838571
33,0,normal,0.13493932783603668,0.5702166402502248,519.0838901525992
34,0,normal,0.09405729174613953,0.5779527926297784,519.1786698276538
35,0,normal,0.05997695028781891,0.5753998180630582,519.2841407601345
36,0,normal,0.0368209034204483,0.5824955328389843,519.4927405446712
37,0,normal,0.02250150591135025,0.5728084578978634,519.5409234391453
38,0,normal,0.013780487701296806,0.5897719411862075,519.5700018319111
39,0,normal,0.008409896865487099,0.5704672783816886,519.576484631732
40,0,normal,0.005073538050055504,0.5769988102165622,519.5525709700787
41,0,normal,0.003002309240400791,0.5500716194934402,519.4672837171072
42,0,normal,0.0017301018815487623,0.5700499926971742,519.4266441466215
43,0,normal,0.0009654216119088233,0.5792129569849337,519.2655325772843
44,0,normal,0.0005184807232581079,0.5543330565064334,440.4335930460526
45,0,normal,0.00026139753754250705,0.5341014795995324,408.95669483602853
46,0,normal,0.00014957907842472196,0.5453182079738195,408.7212913169707
47,0,normal,0.00010529508290346712,0.5345664107727363,398.01473134271066
48,0,normal,0.00010928124538622797,0.5120832148516478,387.12454387480045
49,0,normal,0.00013669361942447722,0.5035690689634437,376.11859613982176
50,0,normal,0.00017303560161963105,0.49491829466478227,364.9793596479079
51,0,normal,0.00021032924996688962,0.4923685895841269,353.71070917433883
52,0,normal,0.00024454135564155877,0.4716246658193965,342.30918885086555
53,0,normal,0.00027364722336642444,0.46081747531573186,330.76104073713736
54,0,normal,0.00029668479692190886,0.44763844490997834,319.09370273626666
55,0,normal,0.00033330198493786156,0.4210501490619665,102.57487887462185
56,0,normal,0.00034898362355306745,0.4180572678762093,88.04924173148629
57,0,normal,0.00035540139651857316,0.402335455234258,81.90654524417937
58,0,normal,0.0003546499938238412,0.36921666794488806,-0.6257096823410393
59,0,normal,50.97621536254883,0.39931282070634655,155.38085528194438
60,0,normal,0.2519168257713318,0.40423958682615563,155.5650350115102
61,0,normal,0.41889142990112305,0.3957214786585978,155.55305547009084
62,0,normal,2.909576177597046,0.41644668912407456,169.058495096785
63,0,normal,0.9827645421028137,0.427996286794853,182.42705760389754
64,0,normal,0.7464771270751953,0.4452763420692882,195.64212251668664
65,0,normal,0.8839225172996521,0.4764962358730621,208.6934989954873
66,0,normal,1.032503366470337,0.47157802855335745,221.57013187366533
67,0,normal,1.140609860420227,0.49933951183843767,234.38087313388337
68,0,normal,1.2108571529388428,0.4927624135585523,247.06895112328402
69,0,normal,1.2562192678451538,0.5165628920387879,259.6189065410425
70,0,normal,60.02953338623047,0.5166822160522317,446.97755712675985
71,0,normal,1.1221330165863037,0.5339189714304972,457.18536219760756
72,0,normal,3.0365355014801025,0.5291205604259784,457.48298736741765
73,0,normal,17.68842315673828,0.5585017779795797,510.4403977845376
74,0,normal,0.3460601270198822,0.5442334502504032,510.6884245509183
75,0,normal,0.21484431624412537,0.5554590411597515,510.83753693809626
76,0,normal,0.19850245118141174,0.5648639641542698,510.9832781389057
77,0,normal,0.16810046136379242,0.5347714306921305,511.1056839881336
78,0,normal,0.12791050970554352,0.5660776106473182,511.22263255940436
79,0,normal,0.08693479001522064,0.5621428686116486,511.3109908604772
80,0,normal,0.05465663969516754,0.5662432086125987,511.4176897235875
81,0,normal,0.033330999314785004,0.5676338081979606,511.60456578225933
82,0,normal,0.02026093378663063,0.5630012724875423,511.65337310764073
83,0,normal,0.012324814684689045,0.5773457398133057,511.6829090489815
84,0,normal,0.007457215804606676,0.5647249458945197,511.6902035381596
85,0,normal,0.004452193155884743,0.5695928615942919,511.64375162474516
86,0,normal,0.0026020281948149204,0.5329674685414392,511.57618552345855
87,0,normal,0.001477459678426385,0.5607555953516459,511.5579661052625
88,0,normal,0.0008107948233373463,0.5641190050380159,511.4126743838631
89,0,normal,0.0004011451965197921,0.5392816568495301,404.68630777471355
90,0,normal,0.00021346154971979558,0.5335536082051225,404.51006472150164
91,0,normal,0.00012792785128112882,0.5337954819127811,404.27587233083057
92,0,normal,0.00010115433542523533,0.5311123696082021,393.518687346432
93,0,normal,0.00011426380660850555,0.50484201935772,382.5749065833802
94,0,normal,0.00014603174349758774,0.48856508169620483,371.51623025393565
95,0,normal,0.00018425249436404556,0.4963036529101866,360.32269511833124
96,0,normal,0.0002223057672381401,0.490179395986644,348.9983808000362
97,0,normal,0.00025682724663056433,0.4648807985429356,337.5398162046562
98,0,normal,0.0002858711523003876,0.4429868311040571,325.93828559260135
99,0,normal,0.0003085375647060573,0.442811030948903,314.22168873743806
100,0,normal,0.0003427446645218879,0.4045803744603598,96.59399821047919
101,0,normal,0.0003577911702450365,0.4107993899453136,81.99901842637951
102,0,normal,0.00036247706157155335,0.402177160646359,81.98516091486363
103,0,normal,0.00036234906292520463,0.36907140359013774,-0.5419624041794577
104,0,normal,0.00036252307472750545,0.36907140359013774,-0.5400933742419056
105,0,normal,0.00036269676638767123,0.36907140359013774,-0.538223972855576
106,0,normal,0.0003628712147474289,0.36907140359013774,-0.5363542726579453
107,0,normal,0.0003630438004620373,0.36907140359013774,-0.534484152263758
108,0,normal,0.0003632191801443696,0.36907140359013774,-0.5326137330416714
109,0,normal,0.00036339249345473945,0.36907140359013774,-0.5307429672359376
110,0,normal,0.00036356624332256615,0.36907140359013774,-0.5288718538952253
111,0,normal,50.97407531738281,0.39821339281833906,155.466321075804
112,0,normal,0.25337326526641846,0.40371618029713136,155.65052923682424
113,0,normal,0.41884005069732666,0.39520910131517306,155.63856757481403
114,0,normal,0.49984705448150635,0.400952338564263,155.65899273404648
115,0,normal,2.9243245124816895,0.4126931243786826,169.17892944681967
116,0,normal,1.0390002727508545,0.4333879737296216,182.54787093044843
117,0,normal,0.7597991228103638,0.45337014000639136,195.7485132031286
118,0,normal,0.9187099933624268,0.4592980157870952,208.77043925096018
119,0,normal,1.0754268169403076,0.4776820863439612,221.71764312157052
120,0,normal,1.1736441850662231,0.47710194187360166,234.53963816173246
121,0,normal,1.2335611581802368,0.5023126652856966,247.22691303579882
122,0,normal,60.13445281982422,0.5079201658936287,436.86903960457255
123,0,normal,1.119025707244873,0.5208375880150571,447.18280777688096
124,0,normal,9.03621768951416,0.5204745635386298,471.93083026548936
125,0,normal,8.839822769165039,0.5463945224745361,501.1129841702274
126,0,normal,0.3114241063594818,0.5320170107787661,501.34676386407114
127,0,normal,0.18836012482643127,0.5532313150007976,501.49856981852054
128,0,normal,0.1559552103281021,0.5337591517645155,501.64134289994263
129,0,normal,0.11614282429218292,0.5354547977042584,501.7623219421906
130,0,normal,0.07936709374189377,0.5478475983345124,501.87466746199823
131,0,normal,0.05152693763375282,0.5507229904061907,501.9533519446229
132,0,normal,0.03275541961193085,0.5620292597822502,502.0813871002116
133,0,normal,0.020639557391405106,0.5529445098396389,502.25290649373665
134,0,normal,0.012889664620161057,0.547538001485391,502.31056169579244
135,0,normal,0.007940301671624184,0.5571318000902529,502.34568097349813
136,0,normal,0.004796167835593224,0.5468326501314863,502.3737398584432
137,0,normal,0.0028220894746482372,0.5734960689914925,502.3216473502504
138,0,normal,0.0016061085043475032,0.5187733515511931,502.2687979162041
139,0,normal,0.000878292543347925,0.5512176808866703,502.27257740585867
140,0,normal,0.0004612333432305604,0.5460344794805093,502.11766611184396
141,0,normal,0.0002204042102675885,0.5284193817212315,394.0823458396334
142,0,normal,0.00012637174222618341,0.5168181850034927,393.91478024651656
143,0,normal,9.747302829055116e-05,0.5173740850469654,393.7187820221975
144,0,normal,0.00010456997551955283,0.5292652170307656,393.5992464001455
145,0,normal,0.00013474888692144305,0.5075960842280309,382.65765882143614
146,0,normal,0.0001747950300341472,0.48525593921523963,371.5984321703079
147,0,normal,0.00021629904222209007,0.49921216351444114,360.4063838999374
148,0,normal,0.0002551029610913247,0.48574035440882923,349.08311465352847
149,0,normal,0.0002891367767006159,0.4723225803941013,337.61600222162167
150,0,normal,0.0003165188536513597,0.4354477748374733,325.9916014747863
151,0,normal,0.00033675070153549314,0.44530509207598057,314.3126616955061
152,0,normal,0.0003658565110526979,0.41432892717299025,96.68280008768761
153,0,normal,0.0003740551765076816,0.40860295148912645,82.11724027849868
154,0,normal,0.00038240477442741394,0.3911960950748708,45.73949854433931
155,0,normal,0.0003715055645443499,0.3693179423890405,-0.44431224945128633
156,0,normal,50.97224426269531,0.39883903486449385,155.54094710584513
157,0,normal,0.2546346187591553,0.4043504678968508,155.72517973446338
158,0,normal,3.2590599060058594,0.40771173731209004,169.2283781212011
159,0,normal,1.0557376146316528,0.42912886338507705,182.5803781463644
160,0,normal,0.7457602024078369,0.43759373192318707,195.79276400761614
161,0,normal,0.8442232608795166,0.4618525573206427,208.85651924105332
162,0,normal,0.9769777059555054,0.48027642915033325,221.76078397580386
163,0,normal,1.0973654985427856,0.48906749245560666,234.4996947658758
164,0,normal,1.1844557523727417,0.5073746807141861,247.17339156216826
165,0,normal,1.2411460876464844,0.4970102382657373,259.7208145934786
166,0,normal,1.2776668071746826,0.5184352288938837,272.13827302265327
167,0,normal,59.95914840698242,0.524393473978037,457.19379573429205
168,0,normal,1.1280730962753296,0.5470025851334287,467.2849476249214
169,0,normal,3.047698497772217,0.5368580447407059,467.59072493042663
170,0,normal,17.6641845703125,0.5650380179084266,519.9047002960259
171,0,normal,0.35067686438560486,0.5483679248179195,520.1547527663978
172,0,normal,0.218149334192276,0.5752945166117007,520.308440071852
173,0,normal,0.20164665579795837,0.5646734382144319,520.4563562784074
174,0,normal,0.17180797457695007,0.5530926412285411,520.5828552850884
175,0,normal,0.13170494139194489,0.5680799118600606,520.7007605938905
176,0,normal,0.0900503545999527,0.5652123195004805,520.7891181048508
177,0,normal,0.05688164755702019,0.5707291976230666,520.8961525290671
178,0,normal,0.03484399616718292,0.5764297808001065,521.0725135040504
179,0,normal,0.02128550410270691,0.5724503536422522,521.1147462721335
180,0,normal,0.013017822057008743,0.5893412874327872,521.1339481754086
181,0,normal,0.00792107917368412,0.5639750096033603,521.1298804099769
182,0,normal,0.004757100250571966,0.5694508788725327,521.0697557403321
183,0,normal,0.002797782188281417,0.5419832860552697,520.9871988281442
184,0,normal,0.0015996509464457631,0.5716172019237048,520.9509754949138
185,0,normal,0.0008846324635669589,0.5666303033725428,520.7780401830316
186,0,normal,0.00044147580047138035,0.5447110828831877,415.3475309945155
187,0,normal,0.00023264439369086176,0.545017590344308,415.1435927993074
188,0,normal,0.00012734638585243374,0.5305366784671967,404.4042404435497
189,0,normal,9.947725629899651e-05,0.5304347635452654,393.64836901635056
190,0,normal,0.00011294025171082467,0.5041979296457927,382.70593557430186
191,0,normal,0.0001459867780795321,0.48794175849674565,371.64861111604114
192,0,normal,0.00018604040087666363,0.49611781020245105,360.45644033114104
193,0,normal,0.00022622042160946876,0.48999584652918554,349.13350038985675
194,0,normal,0.000262972607742995,0.46470672223729326,337.67632110647867
195,0,normal,0.0002941707498393953,0.44282095307414376,326.076189816818
196,0,normal,0.0003187545808032155,0.44264521874799717,314.36100043561703
197,0,normal,0.0003558906610123813,0.4042464983066162,96.7639107912687
198,0,normal,0.00037272201734595,0.41076385829700085,82.17067694131492
199,0,normal,0.00037825637264177203,0.40187644641737863,82.1568576559605
200,0,normal,0.00037963909562677145,0.3688730606524626,-0.35904993750637004
201,0,normal,0.00037982064532116055,0.3688730606524626,-0.357147192762568
202,0,normal,0.0003800042613875121,0.3688730606524626,-0.3552441754904976
203,0,normal,0.00038018677150830626,0.3688730606524626,-0.3533407874783734
204,0,normal,0.0003803717263508588,0.3688730606524626,-0.3514370511149991
205,0,normal,0.0003805530141107738,0.3688730606524626,-0.34953296831827174
206,0,normal,0.00038073633913882077,0.3688730606524626,-0.3476285137758168
207,0,normal,50.97019958496094,0.3982624442300046,155.62626919481727
208,0,normal,0.25606533885002136,0.40386338585263615,155.8105294958832
209,0,normal,3.263023614883423,0.4068300658416776,169.3129321468782
210,0,normal,1.058930516242981,0.4286119331955406,182.66414329006398
211,0,normal,0.7478141188621521,0.43706660492222354,195.8757419765011
212,0,normal,0.8467134833335876,0.4612962080503783,208.9387140969077
213,0,normal,0.9799964427947998,0.4803923764768141,221.84220225734248
214,0,normal,1.100311517715454,0.48918556210212094,234.58034450809146
215,0,normal,1.187077522277832,0.507497170043627,247.25325978743513
216,0,normal,1.2435252666473389,0.49713022543325763,259.79990268710674
217,0,normal,1.2798985242843628,0.5185603884376283,272.2165816174189
218,0,normal,1.3031120300292969,0.5221595123409943,284.51416409078536
219,0,normal,59.92251968383789,0.5405137787771742,467.2580200217228
220,0,normal,2.3590619564056396,0.544987406346017,471.5933381657097
221,0,normal,2.323885917663574,0.5451396568368242,471.911717697579
222,0,normal,18.09259796142578,0.559684118805571,523.9620646586621
223,0,normal,0.3468427360057831,0.5817228823665651,524.174361380678
224,0,normal,0.22148221731185913,0.5657091717669885,524.3258422841815
225,0,normal,0.20801176130771637,0.5722086275310067,524.4593856388746
226,0,normal,0.17790831625461578,0.5581712376855592,524.5834525721706
227,0,normal,0.13586443662643433,0.5771249306435365,524.687929219946
228,0,normal,0.09201596677303314,0.5792892796707431,524.8065079482486
229,0,normal,0.057433806359767914,0.5725306719645588,524.8546197560494
230,0,normal,0.0347837395966053,0.5817076467735106,525.0177683470625
231,0,normal,0.021047543734312057,0.57073221296426,525.0447821832029
232,0,normal,0.01277367863804102,0.5843424923880002,525.0416669528812
233,0,normal,0.0077232420444488525,0.5632724767163079,524.9729196648999
234,0,normal,0.0046129669062793255,0.5602206337368915,524.9241247677438
235,0,normal,0.0026999388355761766,0.5848733667004613,524.8227980341467
236,0,normal,0.0015375609509646893,0.5647795672760815,524.8197496551895
237,0,normal,0.0007933182059787214,0.5361216717512188,419.9881855213796
238,0,normal,0.00041848147520795465,0.5488000612472339,419.74604112871793
239,0,normal,0.00020597534603439271,0.5410323774800483,409.0679545934212
240,0,normal,0.00011718714813468978,0.5223484786802283,398.25824321092875
241,0,normal,9.849896014202386e-05,0.5234697319138936,387.4281658385231
242,0,normal,0.00011681145406328142,0.5016571443644327,376.41195264979683
243,0,normal,0.00015235367754939944,0.48707859738104436,365.2791451381148
244,0,normal,0.00019384852203074843,0.4934514869225763,354.01216386798944
245,0,normal,0.00023523914569523185,0.48307720770469625,342.6125927195601
246,0,normal,0.0002733526926022023,0.4526552861905842,331.0760857449376
247,0,normal,0.0003062122850678861,0.43636157948103343,319.3964842774054
248,0,normal,0.00033305492252111435,0.4424605070231453,307.58869319467954
249,0,normal,0.00036932312650606036,0.39067323640766194,88.44648690335157
250,0,normal,0.0003809471381828189,0.41077769296315636,82.26395763703022
251,0,normal,0.00038697008858434856,0.40192022641688396,82.25015884166055
252,0,normal,0.0003892548265866935,0.36891324529766106,-0.259649448744085
253,0,normal,0.00038944202242419124,0.36891324529766106,-0.25772866267061545
254,0,normal,0.00038962907274253666,0.3694245669242956,-0.25580760485149767
255,0,normal,0.0003898140857927501,0.3694591266896469,-0.25388617614271425
256,0,normal,0.00039000253309495747,0.3694591266896469,-0.25196439916226154
257,0,normal,0.00039019103860482574,0.36929764214060695,-0.25004227582780914
258,0,normal,0.0003903777105733752,0.36943953353839276,-0.24811978059256035
259,0,normal,0.0003905657504219562,0.36943953353839276,-0.2461969635726291
260,0,normal,0.0003907531499862671,0.36943953353839276,-0.2442737746378043
261,0,normal,0.0003909404040314257,0.36943953353839276,-0.242350288540365
262,0,normal,0.00039112844388000667,0.36943953353839276,-0.24042643152824894
263,0,normal,0.00039131665835157037,0.36943953353839276,-0.23850222625355855
264,0,normal,50.96793746948242,0.39905400568745286,155.72256693143777
265,0,normal,0.25766560435295105,0.4046660793903951,155.90685800078927
266,0,normal,0.4187157452106476,0.3961389842014933,155.89494900476984
267,0,normal,2.9326159954071045,0.41688606077915674,169.39720557521355
268,0,normal,0.9975160956382751,0.42823283152278346,182.76259839158615
269,0,normal,0.7546891570091248,0.4448751147123207,195.97451250608174
270,0,normal,0.8937828540802002,0.4736672447466472,209.02276626245703
271,0,normal,1.043716549873352,0.47069346308894516,221.8963149514584
272,0,normal,1.1512483358383179,0.49791273633294975,234.7039190050807
273,0,normal,1.2206248044967651,0.48853766340980664,247.38886069824275
274,0,normal,1.2653443813323975,0.5135977274325537,259.93568804749896
275,0,normal,60.03737258911133,0.5137163665045377,447.23760925498823
276,0,normal,1.1301225423812866,0.5310153464535853,457.4427912580402
277,0,normal,8.262939453125,0.53607985576573,485.86828978127755
278,0,normal,8.822757720947266,0.5615013448744935,510.726568855344
279,0,normal,0.28919336199760437,0.5422539879307949,510.960504321282
280,0,normal,0.1796145737171173,0.5670393560901558,511.1161366051425
281,0,normal,0.14781449735164642,0.543764469674076,511.2634212459792
282,0,normal,0.1134674996137619,0.5469982720119195,511.3878233016677
283,0,normal,0.08086768537759781,0.5584819084522246,511.5024980252223
284,0,normal,0.05471593141555786,0.5636925741614537,511.5802451129937
285,0,normal,0.03606043756008148,0.562005205856896,511.71328954435126
286,0,normal,0.0234419796615839,0.5627429538017422,511.88505938854223
287,0,normal,0.015063191764056683,0.5647204934296434,511.9302644798473
288,0,normal,0.009542345069348812,0.5704042903670683,511.9593368087235
289,0,normal,0.005933895707130432,0.5613060234168419,511.977147498827
290,0,normal,0.0036034835502505302,0.5670145094992937,511.91134049549987
291,0,normal,0.0021243297960609198,0.5244256673171999,511.84611681885417
292,0,normal,0.001208242611028254,0.5631017555134413,511.83205574372334
293,0,normal,0.0006605391972698271,0.5600133425167615,511.6582878298634
294,0,normal,0.00033111945958808064,0.5273241617587824,404.95145745149057
295,0,normal,0.00017849438881967217,0.5228674130066827,404.77009963183684
296,0,normal,0.00011345442180754617,0.5408546828040839,404.54495175880027
297,0,normal,0.00010013287828769535,0.5220210903331511,393.79295847691435
298,0,normal,0.00012040785804856569,0.5108197926273357,382.85525929019514
299,0,normal,0.00015647696272935718,0.4909651358179501,371.79657591634236
300,0,normal,0.00019810517551377416,0.4813688768999091,360.6072016964341
301,0,normal,0.00023993592185433954,0.48783405236801647,349.2866556108994
302,0,normal,0.0002791772421915084,0.47168948920043313,337.82229804178564
303,0,normal,0.000312722084345296,0.44632691237160355,326.1953194269306
304,0,normal,0.00033810967579483986,0.4335218020756469,314.5134166412406
305,0,normal,50.968082427978516,0.4549009303988945,241.04404448910645
306,0,normal,0.258852481842041,0.4354953407080373,228.42762511390515
307,0,normal,3.2707600593566895,0.4244196457931535,204.01209164360444
308,0,normal,1.0650813579559326,0.4294178667001287,182.82727437916742
309,0,normal,0.7517651319503784,0.43788843603181776,196.03733416939076
310,0,normal,0.851504385471344,0.4624556418689469,209.09877556081847
311,0,normal,0.9858016967773438,0.48023005847285055,222.00074577380178
312,0,normal,1.1059740781784058,0.4893292868047875,234.73738592886184
313,0,normal,1.1921237707138062,0.5076462747709931,247.40877425643293
314,0,normal,1.248113751411438,0.4972762843102405,259.95389325691724
315,0,normal,1.2842057943344116,0.5187127435834396,272.3690497455415
316,0,normal,59.96523666381836,0.5242361513810639,457.38323009680414
317,0,normal,1.1338820457458496,0.5468384796067306,467.4724587596919
318,0,normal,2.28033447265625,0.5359712301415844,471.8270869641924
319,0,normal,17.056364059448242,0.5689772789388596,523.8768374561498
320,0,normal,0.3723086714744568,0.5543632507696552,524.1368517803636
321,0,normal,0.22359348833560944,0.5794628504977226,524.3011920614908
322,0,normal,0.20323579013347626,0.5627268799350739,524.4593074785236
323,0,normal,0.17497986555099487,0.5616155413561874,524.5967125749587
324,0,normal,0.13775581121444702,0.5673998186246183,524.7233736205408
325,0,normal,0.0967659279704094,0.5720241481406987,524.818011341137
326,0,normal,0.0623706616461277,0.5701481778923337,524.93465213324
327,0,normal,0.038785453885793686,0.5803735910682513,525.120237923927
328,0,normal,0.024009469896554947,0.5741339918708922,525.1674451111672
329,0,normal,0.014877509325742722,0.5938815310133586,525.1921496134646
330,0,normal,0.009175018407404423,0.5684712728118198,525.1939308453511
331,0,normal,0.005588372237980366,0.568965356500394,525.1369239813496
332,0,normal,0.0033370680175721645,0.5466830725186537,525.0590183764502
333,0,normal,0.0019400928867980838,0.5776341963655874,525.0241804436741
334,0,normal,0.0010919420747086406,0.5758698085074636,524.8539522952185
335,0,normal,0.0005639430019073188,0.5475213566851892,419.99625915946376
336,0,normal,0.000295500794891268,0.5436902638979495,419.7921311140334
337,0,normal,0.00014995438687037677,0.5408876094573535,409.1083952088982
338,0,normal,0.00010074220335809514,0.5325665413976103,398.4058102012683
339,0,normal,0.00010468687833053991,0.5109135945771733,387.5196969058752
340,0,normal,0.0001352363615296781,0.5024188953674814,376.51783949144897
341,0,normal,0.00017667646170593798,0.49401065679941064,365.382729985531
342,0,normal,0.0002201571041950956,0.49094641185610366,354.1182362113774
343,0,normal,0.0002610086230561137,0.470366730501835,342.7209048467719
344,0,normal,0.00029667525086551905,0.459588365349352,331.17699473041296
345,0,normal,0.00032569115865044296,0.4469898614230624,319.5139253242835
346,0,normal,0.00037181226070970297,0.4202087158318655,103.08742214807899
347,0,normal,0.00039338262286037207,0.4172218156668704,88.56707028827554
348,0,normal,0.0004035858146380633,0.4013116076732166,82.42654636017664
349,0,normal,0.00040772452484816313,0.36835460828186073,-0.0717226248773386
350,0,normal,0.00040791742503643036,0.36835460828186073,-0.06976827229209448
351,0,normal,0.0004081111110281199,0.36835460828186073,-0.06781354853092125
352,0,normal,0.0004083049134351313,0.36835460828186073,-0.06585842660774688
353,0,normal,0.00040849760989658535,0.36835460828186073,-0.06390300845259844
354,0,normal,0.00040869147051125765,0.36835460828186073,-0.06194721811471027
355,0,normal,0.0004088850982952863,0.36835460828186073,-0.059991106577854225
356,0,normal,0.0004090777365490794,0.36804582687071613,-0.058034648845023185
357,0,normal,0.00040927418740466237,0.36804582687071613,-0.05607786900714018
358,0,normal,0.00040946670924313366,0.36804582687071613,-0.054120717970590704
359,0,normal,0.0004096602788195014,0.36804582687071613,-0.05216316872110838
360,0,normal,0.0004098555655218661,0.3682463204804875,-0.05020532331832328
361,0,normal,0.0004100473306607455,0.3680802576545731,-0.04824715775112054
362,0,normal,50.96415710449219,0.39711719494826364,155.89044462784227
363,0,normal,111.17290496826172,0.4029953796543102,437.0897480911989
364,0,normal,5.1290130615234375,0.40958594057009867,447.18097241101407
365,0,normal,1.9007500410079956,0.4283654380957674,457.1896000007839
366,0,normal,1.0000932216644287,0.4401437583282329,467.0935439194021
367,0,normal,1.0251504182815552,0.4644604739184442,476.88288120047264
368,0,normal,111.88095092773438,0.47905309801218143,684.8573418333945
369,0,normal,1.9564417600631714,0.4916103554958442,691.9930939306945
370,0,normal,1.3674275875091553,0.5070878352570449,699.1137018744823
371,0,normal,1.2805949449539185,0.5001199643717907,706.1330204394188
372,0,normal,1.293031930923462,0.5197806991947747,713.1073931051804
373,0,normal,61.02996063232422,0.5229513396302314,817.1966944580323
374,0,normal,2.240341901779175,0.5402600105369233,819.6978964989232
375,0,normal,2.163455009460449,0.5304927387803432,819.8560576130885
376,0,normal,18.496545791625977,0.5602993984165775,849.4088376421798
377,0,normal,0.34671303629875183,0.5408546908551101,849.5351188066244
378,0,normal,0.2239958941936493,0.5701904442784393,849.6012628084611
379,0,normal,0.20926600694656372,0.5685922477088186,849.660497200952
380,0,normal,0.1748088300228119,0.5453060966443973,849.7227725160419
381,0,normal,0.12981906533241272,0.5655645562067672,849.7595557893492
382,0,normal,0.08634304255247116,0.5602392624100171,849.8025556266429
383,0,normal,0.053654126822948456,0.561891856677068,849.8550284854796
384,0,normal,0.0325731597840786,0.5710673185170448,849.9456904723081
385,0,normal,0.01974490098655224,0.564638652646155,849.9671200651687
386,0,normal,0.011966490186750889,0.5795555000020114,849.989591120092
387,0,normal,0.007202452048659325,0.5483732438201212,849.9904924838584
388,0,normal,0.004269354045391083,0.5593010203869416,849.914211033677
389,0,normal,0.0024709911085665226,0.5432434465810808,849.8682469494456
390,0,normal,0.0013844986679032445,0.5603265795275257,849.8469876836488
391,0,normal,0.0007462125504389405,0.5627292413996647,849.7880209934951
392,0,normal,0.0003696713247336447,0.5404016466686117,790.0748292363128
393,0,normal,0.0001805599022191018,0.5404333534324515,626.8198169308603
394,0,normal,0.00010709396156016737,0.5244372222626579,618.7163092402533
395,0,normal,9.620964556233957e-05,0.5226543526361075,610.5974600396831
396,0,normal,0.00011735277803381905,0.504462630294493,602.3603592507312
397,0,normal,0.00015326595166698098,0.4924713779478122,594.0224511796392
398,0,normal,0.00019688686006702483,0.49219378605286424,354.2326181131016
399,0,normal,0.00024181764456443489,0.4817390777889935,342.83532382266515
400,0,normal,0.0002837276260834187,0.4524209602401637,331.3011132321152
401,0,normal,0.0003203751693945378,0.435249388409435,319.6238312077504
402,0,normal,0.0003507500805426389,0.44187190152177835,307.8183814418527
403,0,normal,0.0003918434667866677,0.39019504782333275,88.72667921259654
404,0,normal,0.0004059135098941624,0.41056504577609876,82.54535857633573
405,0,normal,0.0004135036142542958,0.4014282713859971,82.53162047965361
406,0,normal,0.00041883610538206995,0.36846169119548766,0.040230563982504464
407,0,normal,0.00041903177043423057,0.36846169119548766,0.04220470362383821
408,0,normal,0.00041922705713659525,0.36846169119548766,0.04417918938020193
409,0,normal,0.00041942441021092236,0.36846169119548766,0.04615399692147548
410,0,normal,0.0004196216759737581,0.36846169119548766,0.04812917581352849
411,0,normal,50.96230697631836,0.3975287188338217,155.97548002844565
412,0,normal,0.26179906725883484,0.4034129949744398,156.15984959142793
413,0,normal,0.4186357259750366,0.39524362641860983,156.14799124945898
414,0,normal,2.949084758758545,0.41550295934511666,169.64787017400886
415,0,normal,1.0081932544708252,0.42717016980553557,183.01089594213613
416,0,normal,0.7605955600738525,0.4442938113556819,196.22045762472794
417,0,normal,0.9008298516273499,0.4727140127839344,209.26638027491595
418,0,normal,1.0517363548278809,0.46953438091947314,222.13762678910007
419,0,normal,1.1588859558105469,0.49703788724126036,234.94289102465518
420,0,normal,1.2276690006256104,0.48767928663029736,247.62549447961624
421,0,normal,1.2719447612762451,0.5126953192944383,260.1699904359266
422,0,normal,1.3005273342132568,0.5107361931140493,272.59589926502804
423,0,normal,1.3186341524124146,0.52024569598858,284.964686573343
424,0,normal,1.329865574836731,0.5301227419942881,297.0878224269576
425,0,normal,23.111175537109375,0.5586729141838083,360.4646800040231
426,0,normal,0.5980530381202698,0.5493185716599644,360.78496980482123
427,0,normal,0.3178451657295227,0.5524578420034894,360.9961404532962
428,0,normal,0.23110376298427582,0.5576962261474951,361.2012954496374
429,0,normal,0.18006649613380432,0.5434665328183594,361.3801198955639
430,0,normal,0.14029791951179504,0.5640286290831446,361.5483256387446
431,0,normal,0.10124869644641876,0.5573486182755757,361.674871973462
432,0,normal,0.06738506257534027,0.5647948746201132,361.82603283649075
433,0,normal,0.043313656002283096,0.5697149505671848,361.9465069716624
434,0,normal,0.02767530269920826,0.5630121659125698,362.01718599780804
435,0,normal,0.017639540135860443,0.568024152438547,362.0646685796254
436,0,normal,0.011150146834552288,0.5701620872617361,362.0844141164147
437,0,normal,0.006941363215446472,0.56926307999463,362.03563280922526
438,0,normal,0.004227574449032545,0.5443196866046559,361.96319805444443
439,0,normal,0.002502325689420104,0.5586706068088233,361.87996625446806
440,0,normal,0.0014303307980298996,0.5718340003916939,361.807387421017
441,0,normal,0.0006900313892401755,0.5357961008197423,234.2530862562851
442,0,normal,0.0003604668891057372,0.5303060952752382,234.06724068937706
443,0,normal,0.00018764793640002608,0.5361127324654176,233.83880596712675
444,0,normal,0.00010423023923067376,0.5306152956555349,220.89684947571186
445,0,normal,9.539355960441753e-05,0.5110085585435151,207.80227256109174
446,0,normal,0.00012572445848491043,0.504638696551145,194.5577334096215
447,0,normal,0.00017379544442519546,0.4917056228641285,181.1537175198589
448,0,normal,0.000226987773203291,0.4826303789861973,167.59202184679248
449,0,normal,0.0002780160284601152,0.47189899400551955,153.8715151102665
450,0,normal,0.0003230087168049067,0.4660034733336345,139.97653168965326
451,0,normal,0.00036029802868142724,0.44291288354367303,125.84199297830014
452,0,normal,0.00038860237691551447,0.42061310700797494,111.59977688740628
453,0,normal,0.0004081047372892499,0.431396350597034,97.17660905208572
454,0,normal,0.0004220848495606333,0.40151666509646416,82.62278959774835
455,0,normal,0.0004284992173779756,0.3685428257302759,0.13737132081905656
456,0,normal,0.00042869860772043467,0.3685428257302759,0.13936244520482433
457,0,normal,0.00042889665928669274,0.3685428257302759,0.1413539156128536
458,0,normal,0.0004290952056180686,0.3685428257302759,0.14334575851307818
459,0,normal,50.96053695678711,0.39761625387053845,156.05948860792455
460,0,normal,0.2631506621837616,0.4047507734477251,156.24388358897545
461,0,normal,0.41861820220947266,0.3965543140308409,156.2320417673152
462,0,normal,2.954451322555542,0.41688082996783543,169.73112712518036
463,0,normal,1.0116976499557495,0.4285867306618156,183.09336295800085
464,0,normal,0.762527346611023,0.4457671567958386,196.30213968006797
465,0,normal,0.9031252264976501,0.4742816039081687,209.34728455970935
466,0,normal,1.0543501377105713,0.47130396517564027,222.21776288588376
467,0,normal,1.1613807678222656,0.4989111268925471,235.0222468320071
468,0,normal,1.2299755811691284,0.4895172555261849,247.70407060794423
469,0,normal,1.2741109132766724,0.5146275687784002,260.2477893339209
470,0,normal,1.3025953769683838,0.5124298715358834,272.6729212940205
471,0,normal,59.98714065551758,0.5258785726784763,457.5850715845186
472,0,normal,1.1477411985397339,0.5424264496747284,467.5850256691796
473,0,normal,3.0497007369995117,0.546734249104078,467.9113503917058
474,0,normal,17.697771072387695,0.5577056949337701,520.2191094867994
475,0,normal,0.36313197016716003,0.5656156977120775,520.4415958947001
476,0,normal,0.2269238531589508,0.565915686493135,520.6040444583612
477,0,normal,0.20780275762081146,0.5576631515403083,520.747571591466
478,0,normal,0.17594578862190247,0.5563259748871973,520.8836195335658
479,0,normal,0.13433299958705902,0.5757468594447427,520.9978140836346
480,0,normal,0.09184816479682922,0.5754718062408404,521.1243587830684
481,0,normal,0.058305684477090836,0.5637294300543856,521.1877634362748
482,0,normal,0.0360197015106678,0.5755278265417771,521.362979131133
483,0,normal,0.022211631760001183,0.5664820612865483,521.4044355873629
484,0,normal,0.013705523684620857,0.5896141822516918,521.4157851349996
485,0,normal,0.008407004177570343,0.5724094809077909,521.3637713367599
486,0,normal,0.005085816141217947,0.561596715904725,521.3332989020331
487,0,normal,0.0030105016194283962,0.5680139419852062,521.2540877366035
488,0,normal,0.0017303681233897805,0.5676504243719098,521.2844113831212
489,0,normal,0.0008942688582465053,0.5381236023166345,415.97326534365004
490,0,normal,0.0004725796461571008,0.5450783590070911,415.75954744462206
491,0,normal,0.00024409272009506822,0.5458831219897768,415.5559535542203
492,0,normal,0.00012707659334409982,0.5321398196774227,404.8209977987889
493,0,normal,9.478039282839745e-05,0.53108591448056,394.0694213450288
494,0,normal,0.00010872093844227493,0.5045892226640415,383.13139181315876
495,0,normal,0.00014546015881933272,0.4896110273854783,372.07848734698337
496,0,normal,0.00019121504737995565,0.4952646879605193,360.89077783384073
497,0,normal,0.00023823602532502264,0.49033726616975987,349.5723328436553
498,0,normal,0.00028232060139998794,0.4660808384293855,338.1196848840041
499,0,normal,0.0003207447298336774,0.4432278076994723,326.5241313972093
500,0,normal,0.0003518622543197125,0.4435931424225044,314.8135471939961
501,0,normal,0.00039890347397886217,0.40555148709394917,97.31595676865686
502,0,normal,0.0004220131377223879,0.4121079871197076,82.7284365723981
503,0,normal,0.0004306835762690753,0.40317378420178696,82.71473714832064
504,0,normal,50.958900451660156,0.39925727539754646,156.1388834321565
505,0,normal,123.02396392822266,0.41841337813718066,462.24445926605995
506,0,normal,0.19205665588378906,0.4108100641975503,462.17114804879395
507,0,normal,0.1440136581659317,0.4081314079662611,462.1749386114526
508,0,normal,0.12609346210956573,0.40935133619233094,462.1888080665468
509,0,normal,0.09551794081926346,0.4081078620454061,462.20544062350405
510,0,normal,0.06402622163295746,0.4201274722268058,462.2266533222138
511,0,normal,0.03961054980754852,0.4162680339643521,462.227066308772
512,0,normal,0.023494981229305267,0.4127324835020019,462.2700582271659
513,0,normal,0.013632246293127537,0.39754383726163645,462.33304340572874
514,0,normal,0.007780743297189474,0.4111128415033753,462.3902291919238
515,0,normal,0.0043569994159042835,0.4065163717777088,462.45243153968124
516,0,normal,0.0023764444049447775,0.39991646716417245,462.5543796551941
517,0,normal,0.00124980672262609,0.4059099503711472,462.5954074749018
518,0,normal,0.0006273991893976927,0.40140751696994476,462.6319790203163
519,0,normal,0.00030139737646095455,0.39999301321789227,462.6466676255908
520,0,normal,0.0001478134945500642,0.40850588695754203,462.6370653921798
521,0,normal,9.247756679542363e-05,0.40501458447326866,462.61832444011304
522,0,normal,9.10739618120715e-05,0.38927300574645207,462.60356101736215
523,0,normal,0.00011731075937859714,0.39753626966663863,462.59474906541595
524,0,normal,0.00015583098866045475,0.3925850400080874,462.5887318170485
525,0,normal,0.0001979141088668257,0.401814642848241,462.6109881867783
526,0,normal,0.00023884201073087752,0.4012617562473536,462.60110574992973
527,0,normal,0.0002762695658020675,0.39567647647436927,462.588079202284
528,0,normal,0.00030925238388590515,0.39587979861590306,462.5737288316742
529,0,normal,0.00033762233215384185,0.3955279499408538,462.5508011242846
530,0,normal,0.0003616457397583872,0.4151121554711723,462.36436150831594
531,0,normal,0.0003818119294010103,0.39349590691022557,462.2937506853491
532,0,normal,0.000398680247599259,0.4191690872304475,462.2490022926278
533,0,normal,0.0004127526772208512,0.4251865182369083,462.23450942099566
534,0,normal,0.00042627195944078267,0.3812966337951233,348.4578929923175
535,0,normal,0.00044442282523959875,0.36904701598826256,0.2977567559976251
536,0,normal,0.0004446216335054487,0.36904701598826256,0.29977557469828753
537,0,normal,0.0004448214021977037,0.36904701598826256,0.3017947392515907
538,0,normal,0.0004450186970643699,0.36921351497617577,0.30381432916601625
539,0,normal,0.0004452176799532026,0.36921351497617577,0.30583421332380567
540,0,normal,0.00044541971874423325,0.36921351497617577,0.3078544702079853
541,0,normal,0.00044562056427821517,0.36921351497617577,0.3098750471508538
542,0,normal,0.00044581913971342146,0.36921351497617577,0.3118959699875177
543,0,normal,0.0004460185009520501,0.36921351497617577,0.3139172137839523
544,0,normal,0.00044621850247494876,0.36921351497617577,0.3159388293199754
545,0,normal,0.0004464190569706261,0.36921351497617577,0.31796084444135886
546,0,normal,0.00044661929132416844,0.36921351497617577,0.3199831537363025
547,0,normal,0.000446818012278527,0.36921351497617577,0.3220057820558395
548,0,normal,0.0004470157728064805,0.3688805920840391,0.3240287840360452
549,0,normal,0.00044721507583744824,0.3688805920840391,0.3260521318989049
550,0,normal,0.00044741632882505655,0.3688805920840391,0.3280758525129386
551,0,normal,0.000447617843747139,0.3688805920840391,0.3300998931254071
552,0,normal,0.0004478157788980752,0.3688805920840391,0.3321243333793973
553,0,normal,0.00044801359763368964,0.3688805920840391,0.3341490677305501
554,0,normal,0.0004482196818571538,0.3688805920840391,0.3361741210580931
555,0,normal,0.0004484155506361276,0.3688805920840391,0.3381995480765454
556,0,normal,0.00044861555215902627,0.3688805920840391,0.340225320960144
557,0,normal,0.00044881366193294525,0.3688805920840391,0.3422514666135612
558,0,normal,0.00044901450746692717,0.3688805920840391,0.3442779322233491
559,0,normal,0.0004492163425311446,0.3688805920840391,0.3463047975237714
560,0,normal,0.0004494160821195692,0.36841465324410244,0.34833195685109786
561,0,normal,0.0004496157052926719,0.36841465324410244,0.3503594351104766
562,0,normal,0.00044981486280448735,0.36841465324410244,0.35238728707599876
563,0,normal,0.00045001323451288044,0.36841465324410244,0.3544154848989365
564,0,normal,0.00045021265395917,0.36841465324410244,0.3564440555123838
565,0,normal,0.00045041536213830113,0.36841465324410244,0.3584729460374092
566,0,normal,0.00045061411219649017,0.36841465324410244,0.36050223630695655
567,0,normal,0.0004508140846155584,0.36841465324410244,0.36253182053087585
568,0,normal,0.0004510139115154743,0.36841465324410244,0.364561723640918
569,0,normal,0.00045121306902728975,0.36841465324410244,0.36659200047665763
570,0,normal,0.00045141487498767674,0.36841465324410244,0.3686226231559431
571,0,normal,0.0004516146145761013,0.36841465324410244,0.3706536186491576
572,0,normal,0.0004518142086453736,0.36808245069222273,0.3726849340100671
573,0,normal,0.0004520140355452895,0.36808245069222273,0.3747166491675671
574,0,normal,0.00045221313484944403,0.36808245069222273,0.3767486312149231
575,0,normal,0.0004524106334429234,0.36808245069222273,0.3787809590564848
576,0,normal,0.00045261267223395407,0.36808245069222273,0.38081366064420763
577,0,normal,0.0004528114222921431,0.36808245069222273,0.38284670806433496
578,0,normal,0.0004530113365035504,0.36808245069222273,0.38488012831817286
579,0,normal,0.00045321029028855264,0.36808245069222273,0.3869138683969595
580,0,normal,0.00045341061195358634,0.36808245069222273,0.3889479543033758
581,0,normal,0.0004536115739028901,0.36808245069222273,0.3909823609387786
582,0,normal,0.000453810062026605,0.36808245069222273,0.39301713941790695
583,0,normal,0.0004540109366644174,0.36808245069222273,0.39505226564051554
584,0,normal,0.00045421026879921556,0.36808245069222273,0.3970877376862063
585,0,normal,0.0004544091643765569,0.3677505476901424,0.39912358258015956
586,0,normal,0.00045460849651135504,0.3677505476901424,0.40115974725927117
587,0,normal,0.00045481009874492884,0.3677505476901424,0.40319625775100576
588,0,normal,0.0004550093144644052,0.3677505476901424,0.40523308893079957
589,0,normal,0.0004552087339106947,0.36797073523371343,0.4072702919747826
590,0,normal,0.0004554062325041741,0.36797073523371343,0.4093078949408664
591,0,normal,0.0004556105996016413,0.36797073523371343,0.41134579159779605
592,0,normal,0.00045580993173643947,0.36797073523371343,0.4133840611279993
593,0,normal,0.0004560082743410021,0.36797073523371343,0.4154226503967493
594,0,normal,0.00045620815944857895,0.36797073523371343,0.4174615854701642
595,0,normal,0.0004564065602608025,0.36797073523371343,0.41950084118639097
596,0,normal,0.0004566078423522413,0.36797073523371343,0.42154046878749796
597,0,normal,0.0004568065924104303,0.36797073523371343,0.42358049636118267
598,0,normal,0.0004570054588839412,0.36797073523371343,0.42562081755227155
599,0,normal,0.0004572061588987708,0.3678047966845732,0.42766151163368704
600,0,normal,0.000457407149951905,0.3680051589927279,0.4297025254113578
601,0,normal,0.0004576053179334849,0.3680051589927279,0.4317438849811879
602,0,normal,0.00045780648360960186,0.3680051589927279,0.43378556515472155
603,0,normal,0.00045800255611538887,0.3680051589927279,0.43582761722768737
604,0,normal,0.00045792138553224504,0.3680051589927279,0.4378856340315451
605,0,normal,0.00045842459076084197,0.3680051589927279,0.4399284013918532
606,0,normal,0.00045859007514081895,0.3680051589927279,0.44197376593251647
607,0,normal,0.0004588333540596068,0.3680051589927279,0.44401722896600404
608,0,normal,0.00045903396676294506,0.3680051589927279,0.44606103778914985
609,0,normal,0.00045923254219815135,0.3680051589927279,0.4481051671655223
610,0,normal,0.00045942922588437796,0.36783920491999283,0.45014966846565585
611,0,normal,0.00045962599688209593,0.36783920491999283,0.4521945698395484
612,0,normal,0.0004598257946781814,0.36783920491999283,0.4542397375314522
613,0,normal,0.00046002212911844254,0.36783920491999283,0.4562853052700575
614,0,normal,0.00046021913294680417,0.36783920491999283,0.45833119261874344
615,0,normal,0.0004604174173437059,0.36783920491999283,0.46037742573253126
616,0,normal,0.00046061401371844113,0.36783920491999283,0.4624240055761675
617,0,normal,0.00046081404434517026,0.36783920491999283,0.4644709311853603
618,0,normal,0.00046101032057777047,0.36783920491999283,0.46651825692288185
619,0,normal,0.00046120796469040215,0.36783920491999283,0.4685658488674562
620,0,normal,0.00046140566701069474,0.36783920491999283,0.47061378652983876
621,0,normal,0.0004616047954186797,0.36783920491999283,0.4726620980679854
622,0,normal,0.000461801013443619,0.36783920491999283,0.4747107553641854
623,0,normal,0.00046200145152397454,0.36783920491999283,0.4767597856193788
624,0,normal,0.0004621967382263392,0.36767332568521477,0.478809135421443
625,0,normal,0.00046239717630669475,0.36767332568521477,0.4808588854057234
626,0,normal,0.0004625967121683061,0.36767332568521477,0.482908901482233
627,0,normal,0.0004627938033081591,0.36767332568521477,0.4849592895366186
628,0,normal,0.00046299537643790245,0.3675075212546451,0.4870100252537668
629,0,normal,0.0004631927004083991,0.3675075212546451,0.4890611067187365
630,0,normal,0.0004633901990018785,0.3671219804003509,0.49111256116407276
631,0,normal,0.00046359183033928275,0.3671219804003509,0.49316433511148716
632,0,normal,0.0004637890087906271,0.3671219804003509,0.49521650929000316
633,0,normal,0.00046398790436796844,0.3671219804003509,0.49726894946093125
634,0,normal,0.00046418694546446204,0.3671219804003509,0.4993055450815973
635,0,normal,0.0004643870342988521,0.3671219804003509,0.5013586831746579
636,0,normal,0.00046458528959192336,0.3671219804003509,0.503409849621903
637,0,normal,0.0004647853202186525,0.3671219804003509,0.5054637033431391
638,0,normal,0.00046498148003593087,0.3671219804003509,0.5075178765257533
639,0,normal,0.0004651799099519849,0.3671219804003509,0.5095724499894914
640,0,normal,0.0004653813666664064,0.3671219804003509,0.5116272893378664
641,0,normal,0.0004655791271943599,0.3671219804003509,0.5136825006993604
642,0,normal,0.0004657797107938677,0.3671219804003509,0.5157380597058818
643,0,normal,0.0004659786936827004,0.3671219804003509,0.5177939644322578
644,0,normal,0.00046617555199190974,0.3671219804003509,0.5198502421794728
645,0,normal,0.00046637665946036577,0.3674533161065514,0.521906839346002
646,0,normal,0.00046657517668791115,0.3674533161065514,0.5239638095372356
647,0,normal,0.0004667732573579997,0.3674533161065514,0.5260210727744834
648,0,normal,0.00046697387006133795,0.3674533161065514,0.5280787080459959
649,0,normal,0.00046717203804291785,0.3674533161065514,0.5301366909502576
650,0,normal,0.00046737072989344597,0.3674533161065514,0.5321950195643694
651,0,normal,0.0004675706150010228,0.3674533161065514,0.5342537212188745
652,0,normal,0.00046776767703704536,0.3674533161065514,0.536312742246082
653,0,normal,0.0004679677658714354,0.3674533161065514,0.5383721089776827
654,0,normal,0.00046816517715342343,0.3674533161065514,0.5404318223763767
655,0,normal,0.00046836520778015256,0.3675796912359575,0.5424918814783268
656,0,normal,0.0004685640160460025,0.3675796912359575,0.5445522881977922
657,0,normal,0.00046876215492375195,0.3675796912359575,0.5466130132595026
658,0,normal,0.0004689597408287227,0.3675796912359575,0.5486741386998801
659,0,normal,0.0004691577923949808,0.3675796912359575,0.5507355834738519
660,0,normal,0.0004693583759944886,0.3675796912359575,0.552797373942667
661,0,normal,0.0004695568059105426,0.367379560575919,0.5548595110581118
662,0,normal,0.0004697531112469733,0.367379560575919,0.5569219938679453
663,0,normal,0.00046995532466098666,0.367379560575919,0.558984877136254
664,0,normal,0.0004701511934399605,0.367379560575919,0.5610480259251744
665,0,normal,0.0004703506419900805,0.367379560575919,0.5631116015790667
666,0,normal,0.0004705485771410167,0.367379560575919,0.5651754701234495
667,0,normal,0.0004707477637566626,0.367379560575919,0.5672396843499428
668,0,normal,0.00047094409819692373,0.367379560575919,0.5693042452189729
669,0,normal,0.00047114540939219296,0.367379560575919,0.571369151763065
670,0,normal,0.00047134075430221856,0.367379560575919,0.5734344588167914
671,0,normal,0.0004715402901638299,0.367379560575919,0.5755000312874472
672,0,normal,0.0004717392730526626,0.367379560575919,0.5775660307062935
673,0,normal,0.0004719375865533948,0.367379560575919,0.5796323229408245
674,0,normal,0.0004721345903817564,0.3676423874730598,0.5816989608458698
675,0,normal,0.0004723345336969942,0.36780825274977613,0.5837659453750348
676,0,normal,0.0004725322942249477,0.36780825274977613,0.5858332755744868
677,0,normal,0.0004727295890916139,0.36780825274977613,0.5879010063376882
678,0,normal,0.0004729278152808547,0.36780825274977613,0.5899690024061783
679,0,normal,0.0004731258668471128,0.36780825274977613,0.5920374255060779
680,0,normal,0.00047332249232567847,0.36780825274977613,0.594106141346856
681,0,normal,0.0004735227266792208,0.36780825274977613,0.5961752028445062
682,0,normal,0.00047372138942591846,0.36780825274977613,0.5982446109590001
683,0,normal,0.0004739166470244527,0.3689096998556095,0.6003143647312754
684,0,normal,0.0004741135344374925,0.3689096998556095,0.6023844916362577
685,0,normal,0.00047431240091100335,0.3687433378748968,0.604454911182529
686,0,normal,0.00047451077261939645,0.3687433378748968,0.6065257578454748
687,0,normal,0.0004747079510707408,0.3687433378748968,0.6085968971722195
688,0,normal,0.00047490853467024863,0.3687433378748968,0.6106683821481056
689,0,normal,0.0004751055676024407,0.36863619665363584,0.6127402137290119
690,0,normal,0.000475302484119311,0.36863619665363584,0.614812390949055
691,0,normal,0.0004755015834234655,0.36846995801078725,0.6168849413247699
692,0,normal,0.0004756968701258302,0.36846995801078725,0.618957784264694
693,0,normal,0.0004758938739541918,0.36846995801078725,0.6210309993691681
694,0,normal,0.00047609145985916257,0.36846995801078725,0.6231045620252189
695,0,normal,0.0004762890166603029,0.36846995801078725,0.625178442791821
696,0,normal,0.0004764865734614432,0.36846995801078725,0.6272526976449626
697,0,normal,0.0004766839265357703,0.36846995801078725,0.6293272981231439
698,0,normal,0.00047688093036413193,0.3686525951880061,0.6314022717776879
699,0,normal,0.0004770794475916773,0.3686525951880061,0.6334775645129866
700,0,normal,0.00047727502533234656,0.3686525951880061,0.6355532028742346
701,0,normal,0.0004774753761012107,0.3686525951880061,0.6376291887834213
702,0,normal,0.00047767130308784544,0.3686525951880061,0.6397054927485897
703,0,normal,0.0004778672300744802,0.3686525951880061,0.6417821974309845
704,0,normal,0.00047806507791392505,0.3686525951880061,0.643859221161847
705,0,normal,0.0004782613250426948,0.3686525951880061,0.645936618082942
706,0,normal,0.00047845777589827776,0.3686525951880061,0.648014334047275
707,0,normal,0.00047865629312582314,0.3686525951880061,0.650092395620959
708,0,normal,0.00047885358799248934,0.3686525951880061,0.6521708047289394
709,0,normal,0.0004790499806404114,0.3686525951880061,0.6542495318565216
710,0,normal,0.0004792459076270461,0.3686525951880061,0.656328686382949
711,0,normal,0.000479443755466491,0.3686525951880061,0.6584081333166978
712,0,normal,0.00047963811084628105,0.3686525951880061,0.6604879534611428
713,0,normal,0.00047983680269680917,0.3686525951880061,0.6625680926008499
714,0,normal,0.00048003377742134035,0.3686525951880061,0.6646485773439963
715,0,normal,0.00048022938426584005,0.3686525951880061,0.6667294096089336
716,0,normal,0.00048042667913250625,0.3686525951880061,0.6688105598466336
717,0,normal,0.0004806211800314486,0.3686525951880061,0.6708921375688988
718,0,normal,0.0004808211524505168,0.3686525951880061,0.6729740076202688
719,0,normal,0.00048101626452989876,0.3686525951880061,0.6750562509052997
720,0,normal,0.0004812116385437548,0.3686525951880061,0.6771388131396634
721,0,normal,0.00048140916624106467,0.3686525951880061,0.6792217209685987
722,0,normal,0.00048160567530430853,0.3686525951880061,0.6813049763018171
723,0,normal,0.0004818034649360925,0.3686525951880061,0.6833885495716459
724,0,normal,0.00048199616139754653,0.3686525951880061,0.6854725504022099
725,0,normal,0.00048219505697488785,0.3686525951880061,0.6875568434902561
726,0,normal,0.0004823887429665774,0.3686525951880061,0.6896415098317448
727,0,normal,0.0004825849609915167,0.3686525951880061,0.6917264950784556
728,0,normal,0.00048278243048116565,0.3686525951880061,0.6938118259051862
729,0,normal,0.00048297966714017093,0.3686525951880061,0.6958974765473158
730,0,normal,0.00048317399341613054,0.3686525951880061,0.6979834727228535
731,0,normal,0.00048336925101466477,0.3686525951880061,0.7000698965448464
732,0,normal,0.00048356468323618174,0.3686525951880061,0.702156612550425
733,0,normal,0.0004837606684304774,0.3686525951880061,0.7042436741289748
734,0,normal,0.00048395790508948267,0.3686525951880061,0.7063310822297808
735,0,normal,0.00048415426863357425,0.3686525951880061,0.7084188359021937
736,0,normal,0.0004843484493903816,0.3686525951880061,0.7105069628532874
737,0,normal,0.0004845440271310508,0.3686525951880061,0.7125954086495767
738,0,normal,0.00048474030336365104,0.3686525951880061,0.7146842554557225
739,0,normal,0.000484935415443033,0.36791716140121367,0.7167733943638268
740,0,normal,0.0004851307603530586,0.36791716140121367,0.7188628510998569
741,0,normal,0.0004853266291320324,0.36791716140121367,0.7209526820493011
742,0,normal,0.00048552145017310977,0.36791716140121367,0.7230428585523896
743,0,normal,0.0004857160383835435,0.36791716140121367,0.7251334083564416
744,0,normal,0.0004859113250859082,0.36791716140121367,0.727224276961806
745,0,normal,0.00048610701924189925,0.36791716140121367,0.7293155466256849
746,0,normal,0.0004863034700974822,0.36791716140121367,0.731407108321946
747,0,normal,0.000486498698592186,0.36791716140121367,0.7334989878011129
748,0,normal,0.00048669299576431513,0.36791716140121367,0.7355912415121111
749,0,normal,0.0004868864780291915,0.36791716140121367,0.7376838407637933
750,0,normal,0.00048708164831623435,0.36791716140121367,0.7397768133403133
751,0,normal,0.0004872785066254437,0.36791716140121367,0.7418701046681235
752,0,normal,0.0004874719015788287,0.36791716140121367,0.7439637971133379
753,0,normal,0.0004876664315816015,0.36791716140121367,0.7460577815136276
754,0,normal,0.0004878626496065408,0.36791716140121367,0.7481520836472555
755,0,normal,0.000488057266920805,0.36791716140121367,0.7502467600377258
756,0,normal,0.0004882510402239859,0.36791716140121367,0.7523417819593305
757,0,normal,0.0004884455702267587,0.36791716140121367,0.7544371772175964
758,0,normal,0.0004886401584371924,0.36791716140121367,0.7565328911880442
759,0,normal,0.0004888343391939998,0.36791716140121367,0.7586290063259185
760,0,normal,0.0004890271811746061,0.36791716140121367,0.7607254133401966
761,0,normal,0.0004892217693850398,0.36791716140121367,0.7628221380530249
762,0,normal,0.0004894167650490999,0.36791716140121367,0.7649192370372475
763,0,normal,0.0004896115860901773,0.36791716140121367,0.7670166815369157
764,0,normal,0.0004898062325082719,0.3675814838283787,0.7691144993948456
765,0,normal,0.0004899993655271828,0.3675814838283787,0.7712126359274407
766,0,normal,0.0004901942447759211,0.3675814838283787,0.7733111179743446
767,0,normal,0.0004903885419480503,0.3675814838283787,0.7754099195994968
768,0,normal,0.0004905834211967885,0.3675814838283787,0.7775090666905271
769,0,normal,0.0004907746333628893,0.3675814838283787,0.7796085880743249
770,0,normal,0.0004909696290269494,0.3675814838283787,0.7817084549640185
771,0,normal,0.0004911632277071476,0.3675814838283787,0.7838086952306185
772,0,normal,0.0004913569428026676,0.3675814838283787,0.7859092541291375
773,0,normal,0.0004915499011985958,0.3675814838283787,0.7880101585283228
774,0,normal,0.0004917467595078051,0.3675814838283787,0.7901113824607364
775,0,normal,0.0004919355269521475,0.3675814838283787,0.7922129518508427
776,0,normal,0.0004921308718621731,0.3675814838283787,0.7943149494192312
777,0,normal,0.0004923233645968139,0.3675814838283787,0.7964172386873543
778,0,normal,0.000492517021484673,0.3675814838283787,0.7985199013560305
779,0,normal,0.0004927116679027677,0.3675814838283787,0.8006228826059214
780,0,normal,0.0004929029382765293,0.3675814838283787,0.8027262093442005
781,0,normal,0.0004930978757329285,0.3674157208144299,0.804829855573189
782,0,normal,0.0004932894953526556,0.3674157208144299,0.8069338742120635
783,0,normal,0.0004934839089401066,0.3674157208144299,0.8090382941857115
784,0,normal,0.0004936766345053911,0.3674157208144299,0.8111430057870166
785,0,normal,0.0004938690108247101,0.3674157208144299,0.8132480908000161
786,0,normal,0.0004940619110129774,0.3674157208144299,0.815353494359897
787,0,normal,0.0004942558007314801,0.3674157208144299,0.8174592433927046
788,0,normal,0.0004944467218592763,0.3674157208144299,0.819565311873248
789,0,normal,0.0004946393892168999,0.3674157208144299,0.8216717527786841
790,0,normal,0.0004948317655362189,0.3674157208144299,0.8237785950750549
791,0,normal,0.0004950276343151927,0.3674157208144299,0.8258857289208663
792,0,normal,0.0004952162853442132,0.3674157208144299,0.8279932362013369
793,0,normal,0.0004954093601554632,0.3674157208144299,0.8301010619816225
794,0,normal,0.0004956023185513914,0.3674157208144299,0.8322092332225566
795,0,normal,0.0004957938799634576,0.3674157208144299,0.834317723868935
796,0,normal,0.0004959863144904375,0.3674157208144299,0.8364265869618066
797,0,normal,0.0004961775266565382,0.3674157208144299,0.8385358514969994
798,0,normal,0.0004963697283528745,0.3674157208144299,0.8406454075059173
799,0,normal,0.0004965605330653489,0.3674157208144299,0.8427553369658654
800,0,normal,0.0004967542481608689,0.3674157208144299,0.8448655848801536
801,0,normal,0.0004969457513652742,0.3674157208144299,0.8469761782491787
802,0,normal,0.000497138244099915,0.3674157208144299,0.8490870909763544
803,0,normal,0.0004973307950422168,0.3674157208144299,0.8511983761732154
804,0,normal,0.000497520319186151,0.3674157208144299,0.8533100628594639
805,0,normal,0.0004977125790901482,0.3674157208144299,0.8554220409419031
806,0,normal,0.0004979022778570652,0.3674157208144299,0.857534336440267
807,0,normal,0.0004980947123840451,0.3674157208144299,0.8596470063348534
808,0,normal,0.0004982843529433012,0.3674157208144299,0.86176002167349
809,0,normal,0.000498476205393672,0.3674157208144299,0.8638733834084178
810,0,normal,0.0004986667772755027,0.3674157208144299,0.8659870905851221
811,0,normal,0.0004988584551028907,0.3674157208144299,0.8681011993014636
812,0,normal,0.0004990516463294625,0.3674157208144299,0.8702155712837794
813,0,normal,0.0004992400645278394,0.3675814838283787,0.8723302886578495
814,0,normal,0.0004994324990548193,0.3675814838283787,0.8744453804492878
815,0,normal,0.0004996225470677018,0.3675814838283787,0.876560817669997
816,0,normal,0.0004998125368729234,0.3675814838283787,0.8786766283913039
817,0,normal,0.0005000061937607825,0.3675814838283787,0.8807927574632686
818,0,normal,0.000500194204505533,0.36738135219235385,0.8829092881278484
819,0,normal,0.000500385242048651,0.36738135219235385,0.8850260819485811
820,0,normal,0.0005005733110010624,0.36738135219235385,0.8871432482860655
821,0,normal,0.000500765279866755,0.36705008137661227,0.889260761958667
822,0,normal,0.0005009553860872984,0.36705008137661227,0.8913786210509898
823,0,normal,0.0005011442699469626,0.36705008137661227,0.8934968536641463
824,0,normal,0.0005013359477743506,0.36705008137661227,0.8956154045858966
825,0,normal,0.0005015246570110321,0.36705008137661227,0.8977343571461915
826,0,normal,0.0005017161020077765,0.36705008137661227,0.8998535727612307
827,0,normal,0.0005019049858674407,0.36705008137661227,0.9019731609048449
828,0,normal,0.0005020970129407942,0.36716543645645594,0.9040930963810752
829,0,normal,0.0005022863624617457,0.366665020408446,0.9062133772588368
830,0,normal,0.0005024753627367318,0.366665020408446,0.9083340316813064
831,0,normal,0.0005026650615036488,0.366665020408446,0.9104550043591644
832,0,normal,0.0005028527230024338,0.366665020408446,0.9125763787374126
833,0,normal,0.0005030428874306381,0.366665020408446,0.9146980160589919
834,0,normal,0.0005032313638366759,0.366665020408446,0.916820025933248
835,0,normal,0.0005034200730733573,0.366665020408446,0.9189423831201111
836,0,normal,0.0005036118673160672,0.366665020408446,0.9210650857028213
837,0,normal,0.0005037971423007548,0.366665020408446,0.9231881618427451
838,0,normal,0.0005039874231442809,0.3664866865566141,0.9253115562037237
839,0,normal,0.0005041768308728933,0.3664866865566141,0.9274353241303288
840,0,normal,0.000504368101246655,0.3664866865566141,0.9295593830377129
841,0,normal,0.00050455512246117,0.3664866865566141,0.9316838145141446
842,0,normal,0.0005047446466051042,0.3664866865566141,0.9338085932988633
843,0,normal,0.0005049299797974527,0.3664866865566141,0.9359337174573739
844,0,normal,0.0005051197949796915,0.3664866865566141,0.9380592151987912
845,0,normal,0.0005053109489381313,0.3664866865566141,0.940185031114197
846,0,normal,0.0005054976209066808,0.3664866865566141,0.942311192405441
847,0,normal,0.0005056862719357014,0.3664866865566141,0.9444376727765302
848,0,normal,0.0005058737588115036,0.3664866865566141,0.9465645257384949
849,0,normal,0.0005060602561570704,0.3664866865566141,0.9486917805197663
850,0,normal,0.0005062498967163265,0.3664866865566141,0.9508192979828891
851,0,normal,0.0005064382567070425,0.3664866865566141,0.9529472172403075
852,0,normal,0.0005066249286755919,0.3669356403234606,0.9550754546298776
853,0,normal,0.0005068140453658998,0.3669356403234606,0.9572040373809614
854,0,normal,0.0005069986218586564,0.3669356403234606,0.9593329664546673
855,0,normal,0.0005071870982646942,0.3669356403234606,0.9614622408880678
856,0,normal,0.0005073743523098528,0.3669356403234606,0.9635919171887508
857,0,normal,0.0005075620138086379,0.3669356403234606,0.965721856071923
858,0,normal,0.0005077480454929173,0.3669356403234606,0.9678522241017617
859,0,normal,0.0005079362890683115,0.3669356403234606,0.969982882945942
860,0,normal,0.0005081232520751655,0.3669356403234606,0.9721138871450421
861,0,normal,0.0005083102150820196,0.3669356403234606,0.974245237651985
862,0,normal,0.0005084979929961264,0.3667701685564071,0.976376933504298
863,0,normal,0.0005086830351501703,0.3671011867446382,0.9785090312830107
864,0,normal,0.0005088734906166792,0.3671011867446382,0.9806413915330268
865,0,normal,0.0005090561462566257,0.3671011867446382,0.9827741536712438
866,0,normal,0.000509244913700968,0.3671011867446382,0.9849072065151177
867,0,normal,0.0005094311782158911,0.3671011867446382,0.9870406593479402
868,0,normal,0.000509617617353797,0.3671011867446382,0.9891744311671573
869,0,normal,0.0005098027759231627,0.3671011867446382,0.9913085483262876
870,0,normal,0.000509988865815103,0.3671011867446382,0.9934430674538817
871,0,normal,0.0005101748974993825,0.3671011867446382,0.995577848946823
872,0,normal,0.0005103612202219665,0.3671011867446382,0.9977130323823076
873,0,normal,0.0005105466116219759,0.36765915406644883,0.9998485611922661
874,0,normal,0.000510732235852629,0.36745898014246203,1.0019844353696499
875,0,normal,0.0005109190242365003,0.36745898014246203,1.0041206284902273
876,0,normal,0.0005111046484671533,0.36745898014246203,1.0062571669338922
877,0,normal,0.000511288526467979,0.36745898014246203,1.0083941074049108
878,0,normal,0.0005114761297591031,0.36745898014246203,1.010531310127817
879,0,normal,0.0005116618704050779,0.36745898014246203,1.012668858133111
880,0,normal,0.0005118479602970183,0.36745898014246203,1.0148068081377914
881,0,normal,0.000512031780090183,0.36680628931476006,1.0169451035019392
882,0,normal,0.0005122175207361579,0.3663517668342968,1.0190837177674439
883,0,normal,0.0005124011659063399,0.3663517668342968,1.0212226773398925
884,0,normal,0.0005125858588144183,0.3667366848012904,1.023362010604842
885,0,normal,0.0005127684562467039,0.3667366848012904,1.0255016343685384
886,0,normal,0.000512956059537828,0.3667366848012904,1.0276416033987061
887,0,normal,0.0005131402867846191,0.3667366848012904,1.0297819744798744
888,0,normal,0.0005133248050697148,0.3667366848012904,1.0319226625072133
889,0,normal,0.0005135068204253912,0.3667366848012904,1.0340637526419414
890,0,normal,0.0005136948311701417,0.3661867440581729,1.0362051332635929
891,0,normal,0.0005138770793564618,0.3661867440581729,1.0383468875938888
892,0,normal,0.0005140610155649483,0.3661867440581729,1.0404889323442603
893,0,normal,0.000514243554789573,0.3661867440581729,1.0426313223485977
894,0,normal,0.0005144309252500534,0.3661867440581729,1.0447741144582778
895,0,normal,0.000514611485414207,0.3661867440581729,1.0469172519012773
896,0,normal,0.00051479646936059,0.36602161001025796,1.0490607915428427
897,0,normal,0.0005149786011315882,0.36602161001025796,1.0512045647528794
898,0,normal,0.000515161023940891,0.36602161001025796,1.0533487400984995
899,0,normal,0.0005153475212864578,0.36602161001025796,1.055493205789844
900,0,normal,0.0005155309336259961,0.36602161001025796,1.0576380167199204
901,0,normal,0.0005157161504030228,0.36602161001025796,1.0597832298076355
902,0,normal,0.0005158972926437855,0.36602161001025796,1.0619287882170738
903,0,normal,0.0005160781438462436,0.36602161001025796,1.0640746919400499
904,0,normal,0.000516262836754322,0.36602161001025796,1.0662208859550901
905,0,normal,0.0005164463073015213,0.36602161001025796,1.0683674821564182
906,0,normal,0.0005166262853890657,0.36602161001025796,1.0705143686295742
907,0,normal,0.0005168123752810061,0.36602161001025796,1.0726616003275922
908,0,normal,0.000516994041390717,0.36602161001025796,1.0748092342350901
909,0,normal,0.0005171751836314797,0.36602161001025796,1.076957213447713
910,0,normal,0.0005173563840799034,0.36758692534683324,1.0791055379663703
911,0,normal,0.0005175366532057524,0.36758692534683324,1.0812541527016037
912,0,normal,0.0005177205894142389,0.36758692534683324,1.0834031696720103
913,0,normal,0.000517902197316289,0.36758692534683324,1.08555247683762
914,0,normal,0.0005180834559723735,0.36703570962377285,1.0877021292212703
915,0,normal,0.0005182675085961819,0.36703570962377285,1.0898521838589659
916,0,normal,0.0005184469628147781,0.36703570962377285,1.09200258379542
917,0,normal,0.0005186292110010982,0.36703570962377285,1.0941533290210828
918,0,normal,0.0005188107024878263,0.36703570962377285,1.096304364388061
919,0,normal,0.0005189926596358418,0.36703570962377285,1.0984557449658041
920,0,normal,0.0005191737436689436,0.36703570962377285,1.1006074726674342
921,0,normal,0.0005193557008169591,0.36703570962377285,1.1027595455732353
922,0,normal,0.0005195350968278944,0.3672013011921444,1.104912075972834
923,0,normal,0.0005197162972763181,0.3672013011921444,1.107064896539896
924,0,normal,0.0005198956932872534,0.3672013011921444,1.109218062393893
925,0,normal,0.0005200773593969643,0.3672013011921444,1.1113715183053046
926,0,normal,0.0005202576285228133,0.3665878872717488,1.1135253194179313
927,0,normal,0.0005204395274631679,0.3665878872717488,1.1156794676444406
928,0,normal,0.0005206177593208849,0.3665878872717488,1.1178339610560215
929,0,normal,0.0005207969225011766,0.3665878872717488,1.1199889120809985
930,0,normal,0.0005209791124798357,0.3665878872717488,1.122144153199315
931,0,normal,0.0005211596144363284,0.3665878872717488,1.1242997395831935
932,0,normal,0.0005213415715843439,0.3665878872717488,1.1264556159621861
933,0,normal,0.0005215182318352163,0.3665878872717488,1.1286118375201113
934,0,normal,0.0005216999561525881,0.3665878872717488,1.130768406180323
935,0,normal,0.0005218788282945752,0.3665878872717488,1.1329253200208314
936,0,normal,0.0005220565944910049,0.3665878872717488,1.1350826915802372
937,0,normal,0.0005222361069172621,0.3665878872717488,1.1372403531622695
938,0,normal,0.0005224147462286055,0.3665878872717488,1.1393983599982676
939,0,normal,0.00052259472431615,0.3665878872717488,1.1415566567482074
940,0,normal,0.0005227715591900051,0.3665878872717488,1.1437152986707133
941,0,normal,0.0005229541566222906,0.3665878872717488,1.1458742876807264
942,0,normal,0.0005231312243267894,0.3665878872717488,1.1480336218567118
943,0,normal,0.0005233089323155582,0.36642257232596215,1.1501934138727847
944,0,normal,0.000523487338796258,0.36642257232596215,1.1523534958275832
945,0,normal,0.000523666269145906,0.36642257232596215,1.1545139230277073
946,0,normal,0.0005238447920419276,0.36642257232596215,1.1566746400667398
947,0,normal,0.0005240217433311045,0.36642257232596215,1.1588357022617402
948,0,normal,0.000524202361702919,0.36642257232596215,1.1609971115376538
949,0,normal,0.0005243768682703376,0.36642257232596215,1.163158865964533
950,0,normal,0.0005245539359748363,0.36642257232596215,1.16532107834405
951,0,normal,0.000524732458870858,0.36642257232596215,1.167483580590897
952,0,normal,0.0005249099340289831,0.36642257232596215,1.1696463706905433
953,0,normal,0.0005250879330560565,0.36642257232596215,1.1718095078583701
954,0,normal,0.0005252682021819055,0.36642257232596215,1.1739729901767078
955,0,normal,0.0005254449206404388,0.36642257232596215,1.1761368195500381
956,0,normal,0.000525619660038501,0.36642257232596215,1.1783010495641975
957,0,normal,0.0005257969605736434,0.36642257232596215,1.1804656822216657
958,0,normal,0.0005259733879938722,0.36642257232596215,1.182630604669157
959,0,normal,0.0005261515616439283,0.36642257232596215,1.1847958148994167
960,0,normal,0.0005263285129331052,0.36642257232596215,1.1869613721848964
961,0,normal,0.0005265043582767248,0.36642257232596215,1.1891272746022423
962,0,normal,0.0005266828229650855,0.36642257232596215,1.1912935796169677
963,0,normal,0.000526856048963964,0.36642257232596215,1.19346022984314
964,0,normal,0.0005270314868539572,0.36642257232596215,1.1956272827624161
965,0,normal,0.000527209194842726,0.36631610542103343,1.1977946254023664
966,0,normal,0.0005273848073557019,0.36631610542103343,1.1999622557459588
967,0,normal,0.0005275625153444707,0.36631610542103343,1.2021302331299921
968,0,normal,0.0005277364398352802,0.36631610542103343,1.2042985556365693
969,0,normal,0.000527910771779716,0.3669679240212393,1.2064672807914576
970,0,normal,0.0005280866171233356,0.3669679240212393,1.2086363511455147
971,0,normal,0.0005282588535919785,0.3674648310968699,1.2108058242486095
972,0,normal,0.000528438831679523,0.3674648310968699,1.2129755869882501
973,0,normal,0.000528612406924367,0.3674648310968699,1.215145637358546
974,0,normal,0.0005287880194373429,0.3674648310968699,1.2173160347574594
975,0,normal,0.0005289624095894396,0.3674648310968699,1.219486777266411
976,0,normal,0.0005291367415338755,0.3674648310968699,1.2216579224725592
977,0,normal,0.0005293111316859722,0.3674648310968699,1.223829412871737
978,0,normal,0.0005294856382533908,0.3674648310968699,1.226001306061562
979,0,normal,0.0005296593299135566,0.3674648310968699,1.2281734888208575
980,0,normal,0.0005298338946886361,0.3674648310968699,1.2303459591298633
981,0,normal,0.0005300095654092729,0.3674648310968699,1.2325187764581642
982,0,normal,0.0005301819765008986,0.3674648310968699,1.2346919388837705
983,0,normal,0.000530354562215507,0.3674648310968699,1.2368655040579597
984,0,normal,0.0005305288941599429,0.3674648310968699,1.2390394144058519
985,0,normal,0.0005307001410983503,0.3674648310968699,1.2412137276032809
986,0,normal,0.000530875870026648,0.3674648310968699,1.2433882726072625
987,0,normal,0.0005310490378178656,0.3674648310968699,1.2455631626987724
988,0,normal,0.0005312224384397268,0.3674648310968699,1.247738399793434
989,0,normal,0.000531395839061588,0.3674648310968699,1.2499139819758511
990,0,normal,0.0005315688904374838,0.3674648310968699,1.252089966957783
991,0,normal,0.0005317394970916212,0.3674648310968699,1.2542662971018217
992,0,normal,0.0005319149931892753,0.3674648310968699,1.256442972404784
993,0,normal,0.0005320884520187974,0.3674648310968699,1.2586199370430222
994,0,normal,0.0005322592915035784,0.3674648310968699,1.2607972467571926
995,0,normal,0.0005324296071194112,0.3679624110286975,1.2629749034581437
996,0,normal,0.0005326023674570024,0.3679624110286975,1.2651529052343449
997,0,normal,0.0005327729741111398,0.3679624110286975,1.2673313098621293
998,0,normal,0.0005329442210495472,0.3679624110286975,1.269510059639515
999,0,normal,0.0005331159336492419,0.3679624110286975,1.27168915456582
1000,0,normal,0.0005332882283255458,0.3679624110286975,1.2738685387487294
1001,0,normal,0.0005334588931873441,0.3679624110286975,1.2760482679948382
1002,0,normal,0.000533633166924119,0.3679624110286975,1.278228400127091
1003,0,normal,0.0005338032497093081,0.3679624110286975,1.2804088214822968
1004,0,normal,0.000533972168341279,0.3679624110286975,1.2825896457445651
1005,0,normal,0.0005341435316950083,0.3679624110286975,1.2847708151416555
1006,0,normal,0.0005343130324035883,0.3679624110286975,1.2869523296735679
1007,0,normal,0.0005344880046322942,0.3679624110286975,1.2891341333895525
1008,0,normal,0.0005346575053408742,0.3679624110286975,1.2913162821557762
1009,0,normal,0.000534827122464776,0.3679624110286975,1.2934988338524818
1010,0,normal,0.0005349969724193215,0.3679624110286975,1.2956816747068842
1011,0,normal,0.0005351667059585452,0.3679624110286975,1.2978649185140512
1012,0,normal,0.0005353362648747861,0.3679624110286975,1.300048507441943
1013,0,normal,0.0005355064058676362,0.3685536001561626,1.3022324414960167
1014,0,normal,0.000535674742422998,0.3685536001561626,1.304416664653445
1015,0,normal,0.0005358443595468998,0.3685536001561626,1.3066012328545185
1016,0,normal,0.000536014384124428,0.3685536001561626,1.3087862040349592
1017,0,normal,0.0005361851654015481,0.3685536001561626,1.310971464294198
1018,0,normal,0.0005363522795960307,0.3685536001561626,1.313157127557588
1019,0,normal,0.0005365206161513925,0.3685536001561626,1.3153431359330625
1020,0,normal,0.0005366881377995014,0.3685536001561626,1.3175294894203944
1021,0,normal,0.0005368592101149261,0.3685536001561626,1.319716131935138
1022,0,normal,0.0005370269645936787,0.3685536001561626,1.3219031194764739
1023,0,normal,0.000537196989171207,0.3685536001561626,1.324090510056294
1024,0,normal,0.0005373638705350459,0.3685536001561626,1.3262781896364686
1025,0,normal,0.0005375317996367812,0.36836752149090524,1.3284662722683152
1026,0,normal,0.0005376979243010283,0.36836752149090524,1.3306547000001956
1027,0,normal,0.0005378677742555737,0.36836752149090524,1.3328434728325647
1028,0,normal,0.0005380348884500563,0.36836752149090524,1.3350325346191312
1029,0,normal,0.0005382029921747744,0.36836752149090524,1.337221941415919
1030,0,normal,0.0005383713869377971,0.36836752149090524,1.339411751306443
1031,0,normal,0.0005385386757552624,0.36836752149090524,1.3416018501143299
1032,0,normal,0.0005387034616433084,0.36836752149090524,1.3437923501128353
1033,0,normal,0.0005388709250837564,0.36836752149090524,1.34598319711381
1034,0,normal,0.0005390364094637334,0.36836752149090524,1.3481743892020859
1035,0,normal,0.000539204862434417,0.36836752149090524,1.3503659263747068
1036,0,normal,0.0005393725587055087,0.36836752149090524,1.3525577524153505
1037,0,normal,0.000539539149031043,0.36836752149090524,1.354749981595205
1038,0,normal,0.0005397063214331865,0.36836752149090524,1.356942499628076
1039,0,normal,0.000539871456567198,0.36836752149090524,1.359135418887945
1040,0,normal,0.0005400341469794512,0.36836752149090524,1.3613286851473276
1041,0,normal,0.0005402012029662728,0.3686401346432328,1.3635222964794593
1042,0,normal,0.0005403677932918072,0.3686401346432328,1.365716252883658
1043,0,normal,0.0005405328702181578,0.3686401346432328,1.367910498077208
1044,0,normal,0.0005406994605436921,0.3686401346432328,1.3701051464656757
1045,0,normal,0.0005408651777543128,0.3686401346432328,1.3723000836228039
1046,0,normal,0.0005410282174125314,0.3686401346432328,1.37449542206582
1047,0,normal,0.0005411913734860718,0.3686401346432328,1.37669110749448
1048,0,normal,0.000541356042958796,0.3686401346432328,1.3788871379786087
1049,0,normal,0.0005415233899839222,0.3686401346432328,1.3810835135257093
1050,0,normal,0.0005416889907792211,0.3686401346432328,1.3832801777887198
1051,0,normal,0.0005418536602519453,0.3686401346432328,1.3854772452891666
1052,0,normal,0.0005420169327408075,0.3688064500628493,1.3876746014939272
1053,0,normal,0.0005421786336228251,0.3685571300520143,1.389872359027322
1054,0,normal,0.000542344234418124,0.3685571300520143,1.3920704635352195
1055,0,normal,0.0005425073904916644,0.3685571300520143,1.3942689130890358
1056,0,normal,0.0005426699062809348,0.3685571300520143,1.396467707688771
1057,0,normal,0.0005428356816992164,0.3685571300520143,1.3986667909305197
1058,0,normal,0.0005429984303191304,0.3685571300520143,1.4008662774660934
1059,0,normal,0.0005431624595075846,0.3685571300520143,1.4030660526168504
1060,0,normal,0.0005433242185972631,0.3685571300520143,1.4052662291592242
1061,0,normal,0.0005434858030639589,0.3685571300520143,1.4074667526574558
1062,0,normal,0.0005436504725366831,0.3685571300520143,1.4096675628250068
1063,0,normal,0.0005438114167191088,0.3685571300520143,1.4118687763184425
1064,0,normal,0.0005439732922241092,0.3685571300520143,1.4140702783772667
1065,0,normal,0.0005441365647129714,0.3685571300520143,1.4162721253862856
1066,0,normal,0.0005442964611575007,0.3685571300520143,1.4184743757462002
1067,0,normal,0.0005444599082693458,0.3685571300520143,1.42067697113157
1068,0,normal,0.0005446194554679096,0.3685571300520143,1.4228799134573364
1069,0,normal,0.0005447829607874155,0.3685571300520143,1.4250831423837553
1070,0,normal,0.0005449443706311285,0.3685571300520143,1.4272867746808515
1071,0,normal,0.0005451039178296924,0.3685571300520143,1.429490695471486
1072,0,normal,0.0005452678306028247,0.3685571300520143,1.431694961195717
1073,0,normal,0.0005454290076158941,0.3685571300520143,1.433899630322685
1074,0,normal,0.0005455873324535787,0.3685571300520143,1.4361046444616932
1075,0,normal,0.000545746588613838,0.3685571300520143,1.438310062101209
1076,0,normal,0.0005459083477035165,0.3685571300520143,1.440515709762849
1077,0,normal,0.000546067429240793,0.3685571300520143,1.4427217608536012
1078,0,normal,0.0005462291883304715,0.3685571300520143,1.4449281003587657
1079,0,normal,0.0005463912966661155,0.3685571300520143,1.447134784788659
1080,0,normal,0.0005465502617880702,0.3685571300520143,1.4493418726669915
1081,0,normal,0.0005467094597406685,0.3685571300520143,1.4515493055464503
1082,0,normal,0.0005468687741085887,0.3685571300520143,1.453757141970982
1083,0,normal,0.0005470294854603708,0.3685571300520143,1.4559652082884895
1084,0,normal,0.0005471885669976473,0.3685571300520143,1.4581736780810388
1085,0,normal,0.000547348870895803,0.3685571300520143,1.460382436213422
1086,0,normal,0.0005475034122355282,0.3685571300520143,1.462591539257346
1087,0,normal,0.0005476630758494139,0.3685571300520143,1.4648010457990495
1088,0,normal,0.0005478227394632995,0.3685571300520143,1.4670108973316474
1089,0,normal,0.0005479794344864786,0.3685571300520143,1.469221152460932
1090,0,normal,0.0005481383996084332,0.3685571300520143,1.471431637338128
1091,0,normal,0.0005482953856699169,0.3685571300520143,1.473642525744708
1092,0,normal,0.000548454059753567,0.3685571300520143,1.475853702415634
1093,0,normal,0.0005486136651597917,0.3685571300520143,1.4780652239846859
1094,0,normal,0.0005487705348059535,0.3685571300520143,1.480277149103813
1095,0,normal,0.0005489256582222879,0.3685571300520143,1.482489419198373
1096,0,normal,0.0005490814219228923,0.3685571300520143,1.4847020342710948
1097,0,normal,0.000549242424312979,0.3685571300520143,1.4869149375510915
1098,0,normal,0.0005493997014127672,0.3685571300520143,1.4891282444084482
1099,0,normal,0.0005495584337040782,0.36802740645432774,1.4913418394585278
1100,0,normal,0.0005497137899510562,0.36802740645432774,1.4935557793876342
1101,0,normal,0.0005498690297827125,0.36802740645432774,1.495770122923659
1102,0,normal,0.0005500247934833169,0.36993890782236866,1.4979848114207925
1103,0,normal,0.0005501826526597142,0.36993890782236866,1.5001998448790346
1104,0,normal,0.0005503391148522496,0.36993890782236866,1.5024151664729288
1105,0,normal,0.0005504926084540784,0.36993890782236866,1.5046308329444855
1106,0,normal,0.0005506490124389529,0.36993890782236866,1.5068468462056899
1107,0,normal,0.0005508045433089137,0.36993890782236866,1.5090632043436472
1108,0,normal,0.0005509579787030816,0.36993890782236866,1.5112799661289955
1109,0,normal,0.0005511139170266688,0.36993890782236866,1.5134970728674944
1110,0,normal,0.0005512672942131758,0.36993890782236866,1.5157145245548236
1111,0,normal,0.0005514239310286939,0.36993890782236866,1.5179322643000432
1112,0,normal,0.0005515777156688273,0.36993890782236866,1.5201503489097377
1113,0,normal,0.0005517321405932307,0.3695508162750948,1.5223687802983932
1114,0,normal,0.0005518856924027205,0.3695508162750948,1.524587556548795
1115,0,normal,0.000552038662135601,0.3695508162750948,1.5268067934277951
1116,0,normal,0.0005521955317817628,0.3695508162750948,1.5290263183899242
1117,0,normal,0.0005523490253835917,0.3695508162750948,1.5312461882897423
1118,0,normal,0.0005525015876628458,0.3695508162750948,1.5334663461694618
1119,0,normal,0.0005526554305106401,0.3695508162750948,1.5356868489018325
1120,0,normal,0.0005528106703422964,0.3695508162750948,1.5379076984049789
1121,0,normal,0.0005529643967747688,0.3695508162750948,1.54012889275009
1122,0,normal,0.0005531148635782301,0.3695508162750948,1.5423505478406696
1123,0,normal,0.0005532680079340935,0.3695508162750948,1.5445724909395722
1124,0,normal,0.0005534192896448076,0.3695508162750948,1.5467947789634309
1125,0,normal,0.0005535721429623663,0.3695508162750948,1.5490173548935218
1126,0,normal,0.0005537261022254825,0.3695508162750948,1.5512402756601205
1127,0,normal,0.0005538763361983001,0.3695508162750948,1.553463543179987
1128,0,normal,0.0005540313431993127,0.3693296832374129,1.555687155539772
1129,0,normal,0.0005541788414120674,0.3693296832374129,1.5579112287507542
1130,0,normal,0.0005543328588828444,0.36916313186274474,1.5601355898988913
1131,0,normal,0.0005544816376641393,0.36916313186274474,1.5623602959553864
1132,0,normal,0.0005546322208829224,0.3684036322297204,1.5645852898426256
1133,0,normal,0.0005547849577851593,0.3684036322297204,1.5668106285572776
1134,0,normal,0.0005549383349716663,0.3684036322297204,1.5690363140120098
1135,0,normal,0.0005550881614908576,0.3684036322297204,1.5712623442889253
1136,0,normal,0.000555239268578589,0.3684036322297204,1.5734888355364092
1137,0,normal,0.0005553896189667284,0.3684036322297204,1.5757156146391935
1138,0,normal,0.0005555370589718223,0.3684036322297204,1.5779427386439693
1139,0,normal,0.0005556878168135881,0.3684036322297204,1.5801701503980894
1140,0,normal,0.0005558356642723083,0.3684036322297204,1.5823979069707548
1141,0,normal,0.0005559894489124417,0.3684036322297204,1.58462601027054
1142,0,normal,0.0005561388097703457,0.3684036322297204,1.5868544583790936
1143,0,normal,0.0005562855512835085,0.3684036322297204,1.5890833675714475
1144,0,normal,0.0005564348539337516,0.3684036322297204,1.5913125645449782
1145,0,normal,0.0005565847968682647,0.3684036322297204,1.593542047290157
1146,0,normal,0.0005567338084802032,0.3682374984631551,1.5957718767540428
1147,0,normal,0.0005568814813159406,0.3682374984631551,1.5980020510205577
1148,0,normal,0.0005570267094299197,0.3682374984631551,1.60023262922482
1149,0,normal,0.0005571749643422663,0.36877062001643673,1.6024635523083361
1150,0,normal,0.0005573253729380667,0.36877062001643673,1.6046948794262335
1151,0,normal,0.0005574743263423443,0.36877062001643673,1.6069264942548216
1152,0,normal,0.000557619845494628,0.36877062001643673,1.6091583947741128
1153,0,normal,0.0005577693227678537,0.36877062001643673,1.6113906420046078
1154,0,normal,0.0005579175776802003,0.37004988695349755,1.6136232340204515
1155,0,normal,0.0005580633296631277,0.37004988695349755,1.6158562300288395
1156,0,normal,0.0005582093726843596,0.3705089975890668,1.6180895708989738
1157,0,normal,0.0005583547172136605,0.3705089975890668,1.6203233158596504
1158,0,normal,0.0005585020990110934,0.3705089975890668,1.622557348451437
1159,0,normal,0.0005586500046774745,0.3705089975890668,1.6247916666568472
1160,0,normal,0.0005587948835454881,0.37034191439571373,1.6270263315623197
1161,0,normal,0.00055894092656672,0.37034191439571373,1.6292613412431365
1162,0,normal,0.000559089588932693,0.37034191439571373,1.631496754961745
1163,0,normal,0.0005592331290245056,0.37034191439571373,1.6337325135330047
1164,0,normal,0.0005593796959146857,0.37034191439571373,1.6359686762400543
1165,0,normal,0.0005595242837443948,0.37034191439571373,1.6382051265063637
1166,0,normal,0.0005596696864813566,0.37034191439571373,1.6404418623149013
1167,0,normal,0.0005598154966719449,0.37034191439571373,1.6426789448041745
1168,0,normal,0.0005599618307314813,0.37034191439571373,1.6449163720587876
1169,0,normal,0.0005601029261015356,0.37034191439571373,1.647154203396667
1170,0,normal,0.0005602474557235837,0.37034191439571373,1.6493923795835599
1171,0,normal,0.0005603887257166207,0.37034191439571373,1.651630959948534
1172,0,normal,0.0005605361657217145,0.37034191439571373,1.6538698277968251
1173,0,normal,0.0005606798222288489,0.37034191439571373,1.6561089811157217
1174,0,normal,0.0005608232459053397,0.37065135441337643,1.658348481100802
1175,0,normal,0.0005609673680737615,0.37065135441337643,1.6605883258375798
1176,0,normal,0.0005611089873127639,0.36993378070306726,1.6628285747162863
1177,0,normal,0.0005612511304207146,0.36993378070306726,1.6650691684178582
1178,0,normal,0.0005613949615508318,0.36993378070306726,1.667310106944342
1179,0,normal,0.000561538094189018,0.3701552754390196,1.6695513327974822
1180,0,normal,0.0005616802372969687,0.3701552754390196,1.6717929033843575
1181,0,normal,0.0005618234863504767,0.3701552754390196,1.6740348206358249
1182,0,normal,0.0005619655712507665,0.3701552754390196,1.6762770826155702
1183,0,normal,0.0005621070740744472,0.3701552754390196,1.6785197487940877
1184,0,normal,0.0005622467142529786,0.3701552754390196,1.6807627597813735
1185,0,normal,0.0005623915349133313,0.3701552754390196,1.6830061155822023
1186,0,normal,0.0005625326884910464,0.3701552754390196,1.6852497586260142
1187,0,normal,0.0005626720376312733,0.3701552754390196,1.6874937464056075
1188,0,normal,0.0005628119688481092,0.3701552754390196,1.6897381384032997
1189,0,normal,0.0005629556835629046,0.3701552754390196,1.6919828176169176
1190,0,normal,0.000563092646189034,0.3701552754390196,1.6942279010715993
1191,0,normal,0.0005632329848594964,0.3701552754390196,1.69647332932891
1192,0,normal,0.0005633750697597861,0.3701552754390196,1.6987191023890773
1193,0,normal,0.0005635168636217713,0.3701552754390196,1.7009651626153754
1194,0,normal,0.0005636562127619982,0.3701552754390196,1.7032115675551722
1195,0,normal,0.0005637938738800585,0.3701552754390196,1.7054583767742315
1196,0,normal,0.00056393479462713,0.3701552754390196,1.7077054731282715
1197,0,normal,0.000564072688575834,0.3701552754390196,1.7099529737799912
1198,0,normal,0.0005642129108309746,0.3701552754390196,1.7122008192122848
1199,0,normal,0.0005643511540256441,0.3701552754390196,1.7144490094367484
1200,0,normal,0.0005644900375045836,0.3701552754390196,1.7166974867500358
1201,0,normal,0.0005646253703162074,0.3701552754390196,1.7189463087704553
1202,0,normal,0.0005647656507790089,0.3701552754390196,1.721195535116749
1203,0,normal,0.0005649050581268966,0.3701552754390196,1.7234450485245816
1204,0,normal,0.000565040681976825,0.3701552754390196,1.7256949662721581
1205,0,normal,0.0005651807878166437,0.3701552754390196,1.7279452288009907
1206,0,normal,0.0005653166444972157,0.3701552754390196,1.7301958360960725
1207,0,normal,0.000565455702599138,0.3701552754390196,1.7324467304119935
1208,0,normal,0.0005655913264490664,0.3701552754390196,1.7346979694195852
1209,0,normal,0.0005657290457747877,0.3698375113863031,1.7369496128042101
1210,0,normal,0.0005658688023686409,0.3698375113863031,1.739201543171248
1211,0,normal,0.0005660023889504373,0.3698375113863031,1.7414538779303257
1212,0,normal,0.0005661381874233484,0.3698375113863031,1.7437065574540611
1213,0,normal,0.0005662714829668403,0.3698375113863031,1.7459595817390436
1214,0,normal,0.0005664078053086996,0.3702259040124663,1.7482128929673308
1215,0,normal,0.0005665467469953001,0.37043216116041866,1.7504665488681894
1216,0,normal,0.0005666809738613665,0.37043216116041866,1.7527206092004235
1217,0,normal,0.0005668173544108868,0.37043216116041866,1.7549749564416288
1218,0,normal,0.0005669515230692923,0.37043216116041866,1.7572296483515402
1219,0,normal,0.0005670848186127841,0.37043216116041866,1.7594847447107895
1220,0,normal,0.0005672185798175633,0.37043216116041866,1.7617401858169615
1221,0,normal,0.0005673544947057962,0.37043216116041866,1.7639959716727844
1222,0,normal,0.0005674944841302931,0.37043216116041866,1.7662520443820995
1223,0,normal,0.0005676230066455901,0.37043216116041866,1.768508521568947
1224,0,normal,0.0005677583976648748,0.37026511261690126,1.7707652855913238
1225,0,normal,0.0005678906454704702,0.37026511261690126,1.7730224521874334
1226,0,normal,0.0005679764435626566,0.37026511261690126,1.7752824562176102
1227,0,normal,0.0005681614275090396,0.37026511261690126,1.7775403173391169
1228,0,normal,0.0005682948394678533,0.37026511261690126,1.7797985231984512
1229,0,normal,0.0005684304051101208,0.37026511261690126,1.782057015833061
1230,0,normal,0.0005685595679096878,0.37026511261690126,1.7843159129945434
1231,0,normal,0.0005686954245902598,0.37026511261690126,1.7865750969192504
1232,0,normal,0.0005688233650289476,0.37026511261690126,1.7888346834636195
1233,0,normal,0.0005689565441571176,0.37026511261690126,1.7910946166498434
1234,0,normal,0.0005690882680937648,0.37026511261690126,1.7933548945627535
1235,0,normal,0.0005692202248610556,0.37026511261690126,1.7956155171939372
1236,0,normal,0.0005693503189831972,0.37026511261690126,1.7978764265321843
1237,0,normal,0.0005694844876416028,0.37026511261690126,1.800137740443688
1238,0,normal,0.000569614814594388,0.37026511261690126,1.8023993410397452
1239,0,normal,0.0005697433371096849,0.37026511261690126,1.8046613443079877
1240,0,normal,0.0005698769236914814,0.37026511261690126,1.8069236942071711
1241,0,normal,0.0005700010224245489,0.37026511261690126,1.8091863888146236
1242,0,normal,0.0005701353657059371,0.37026511261690126,1.8114494281330735
1243,0,normal,0.0005702637718059123,0.37026511261690126,1.8137127540774145
1244,0,normal,0.0005703958449885249,0.37026511261690126,1.815976484650946
1245,0,normal,0.0005705243675038218,0.37026511261690126,1.818240501827404
1246,0,normal,0.0005706521333195269,0.37026511261690126,1.8205049217324358
1247,0,normal,0.0005707808886654675,0.37026511261690126,1.8227696882506734
1248,0,normal,0.0005709109245799482,0.37026511261690126,1.8250347994671756
1249,0,normal,0.0005710399127565324,0.37026511261690126,1.8273002553783044
1250,0,normal,0.0005711690173484385,0.37026511261690126,1.8295659978405183
1251,0,normal,0.00057129847118631,0.3705744884626652,1.8318320849125485
1252,0,normal,0.0005714226863346994,0.3705744884626652,1.8340985185107002
1253,0,normal,0.0005715532461181283,0.3705744884626652,1.8363653548833554
1254,0,normal,0.0005716793821193278,0.3705744884626652,1.8386325378569381
1255,0,normal,0.000571804353967309,0.3705744884626652,1.8409000054130047
1256,0,normal,0.0005719343898817897,0.3705744884626652,1.8431652928090898
1257,0,normal,0.0005720627959817648,0.3705744884626652,1.8454334484183619
1258,0,normal,0.0005721881752833724,0.3705744884626652,1.8477019486256268
1259,0,normal,0.0005723132053390145,0.3705744884626652,1.8499708535648551
1260,0,normal,0.0005724407965317369,0.3705744884626652,1.8522401031789286
1261,0,normal,0.0005725656519643962,0.37040737573582083,1.8545097576263743
1262,0,normal,0.000572694989386946,0.370172956344046,1.8567796384074882
1263,0,normal,0.0005728171672672033,0.370172956344046,1.8590499239523979
1264,0,normal,0.000572946562897414,0.370172956344046,1.8613204959008272
1265,0,normal,0.0005730693810619414,0.370172956344046,1.8635914124283772
1266,0,normal,0.0005731944693252444,0.370172956344046,1.8658627337413236
1267,0,normal,0.0005733224679715931,0.370172956344046,1.8681343997177464
1268,0,normal,0.0005734454607591033,0.370172956344046,1.8704064705739256
1269,0,normal,0.0005735670565627515,0.370172956344046,1.8726787676271215
1270,0,normal,0.000573695229832083,0.370172956344046,1.874951469498228
1271,0,normal,0.0005738194449804723,0.370172956344046,1.8772244576896355
1272,0,normal,0.0005739422049373388,0.370172956344046,1.8794977904522057
1273,0,normal,0.0005740629858337343,0.370172956344046,1.8817715280497396
1274,0,normal,0.0005741886561736465,0.370172956344046,1.884045610298017
1275,0,normal,0.0005743090878240764,0.370172956344046,1.8863200974728898
1276,0,normal,0.0005744359805248678,0.37033996331040525,1.8885948107094919
1277,0,normal,0.0005745565867982805,0.37033996331040525,1.8908699288090247
1278,0,normal,0.0005746810347773135,0.37033996331040525,1.8931453331572357
1279,0,normal,0.0005748018156737089,0.37089099399185166,1.8954210820622848
1280,0,normal,0.0005749252159148455,0.37105832490756274,1.8976972358509556
1281,0,normal,0.0005750483833253384,0.37105832490756274,1.8999737342762728
1282,0,normal,0.0005751667777076364,0.37105832490756274,1.9022506376832098
1283,0,normal,0.000575291458517313,0.37105832490756274,1.9045277670113592
1284,0,normal,0.000575412530452013,0.37105832490756274,1.9068053012501878
1285,0,normal,0.0005755343590863049,0.37094193487125776,1.9090831216649349
1286,0,normal,0.0005756528698839247,0.37094193487125776,1.9113612866183303
1287,0,normal,0.0005757743492722511,0.37094193487125776,1.9136398565103718
1288,0,normal,0.0005758951301686466,0.37094193487125776,1.91591877102519
1289,0,normal,0.0005760135827586055,0.3715441783946009,1.9181980301602835
1290,0,normal,0.0005761361680924892,0.3715441783946009,1.9204775754153616
1291,0,normal,0.0005762541550211608,0.371879505232288,1.9227574652029489
1292,0,normal,0.0005763768567703664,0.371879505232288,1.9250377014404876
1293,0,normal,0.0005764933885075152,0.371879505232288,1.9273182822146282
1294,0,normal,0.0005766146350651979,0.371879505232288,1.9295992679672054
1295,0,normal,0.0005767304683104157,0.371879505232288,1.9318805983361926
1296,0,normal,0.0005768496193923056,0.371879505232288,1.9341622733049917
1297,0,normal,0.0005769696435891092,0.3715094235903604,1.9364442343230621
1298,0,normal,0.0005770855932496488,0.3715094235903604,1.9387265398584077
1299,0,normal,0.0005772061413154006,0.3715094235903604,1.9410091918355192
1300,0,normal,0.0005773219745606184,0.3715094235903604,1.9432921883294512
1301,0,normal,0.000577441300265491,0.3715094235903604,1.945575589857981
1302,0,normal,0.000577554979827255,0.3715094235903604,1.9478593359845036
1303,0,normal,0.0005776741309091449,0.3715094235903604,1.9501434267040167
1304,0,normal,0.0005777917103841901,0.3716309694456548,1.952427803391629
1305,0,normal,0.0005779083585366607,0.3716309694456548,1.9547125245874213
1306,0,normal,0.0005780234350822866,0.37196637461418486,1.9569975922076992
1307,0,normal,0.0005781430518254638,0.37196637461418486,1.959283004331155
1308,0,normal,0.0005782506195828319,0.37196637461418486,1.9615688802055047
1309,0,normal,0.0005783708184026182,0.37196637461418486,1.9638550420736465
1310,0,normal,0.0005784878740087152,0.37196637461418486,1.9661415485252292
1311,0,normal,0.0005786053370684385,0.37196637461418486,1.96842834086533
1312,0,normal,0.0005787172704003751,0.37196637461418486,1.9707154776974676
1313,0,normal,0.0005788329290226102,0.37196637461418486,1.97300296094636
1314,0,normal,0.0005789474816992879,0.37196637461418486,1.9752907886861522
1315,0,normal,0.0005790605791844428,0.37196637461418486,1.97757908028575
1316,0,normal,0.0005791780422441661,0.37196637461418486,1.9798676578022878
1317,0,normal,0.0005792874144390225,0.37196637461418486,1.9821565798911251
1318,0,normal,0.0005794037133455276,0.37196637461418486,1.9844457877889
1319,0,normal,0.0005795153556391597,0.37196637461418486,1.9867353401723449
1320,0,normal,0.0005796311888843775,0.37196637461418486,1.9890252389545822
1321,0,normal,0.0005797457415610552,0.37196637461418486,1.991315482218397
1322,0,normal,0.0005798563943244517,0.37196637461418486,1.9936061894504746
1323,0,normal,0.00057996716350317,0.37196637461418486,1.995897182528097
1324,0,normal,0.0005800819490104914,0.3719203029259605,1.99818852016233
1325,0,normal,0.0005801949882879853,0.3719203029259605,2.0004801435325135
1326,0,normal,0.0005799861392006278,0.3719203029259605,2.0027871119491465
1327,0,normal,0.0005804409156553447,0.3719203029259605,2.0050794447643057
1328,0,normal,0.0005805024411529303,0.3719203029259605,2.0073746523014506
1329,0,normal,0.000580670777708292,0.3719203029259605,2.0096677968113
1330,0,normal,0.0005807828274555504,0.3719203029259605,2.011961227087795
1331,0,normal,0.000580891384743154,0.3719203029259605,2.014255001907486
1332,0,normal,0.0005809985450468957,0.3717525832962348,2.016549062384229
1333,0,normal,0.0005811086157336831,0.3724295840766352,2.0188434673220854
1334,0,normal,0.0005812144372612238,0.3724295840766352,2.0211382775310085
1335,0,normal,0.0005813260795548558,0.3724295840766352,2.023433373364014
1336,0,normal,0.0005814323667436838,0.3724295840766352,2.025728933398341
1337,0,normal,0.000581536500249058,0.3724295840766352,2.0280247791238253
1338,0,normal,0.0005816444172523916,0.3724295840766352,2.0303209085245726
1339,0,normal,0.0005817555938847363,0.3724295840766352,2.0326173842888693
1340,0,normal,0.0005818607751280069,0.3724295840766352,2.03491420450041
1341,0,normal,0.0005819674697704613,0.3724295840766352,2.0372114300282647
1342,0,normal,0.000582072651013732,0.3724295840766352,2.0395090000790788
1343,0,normal,0.0005821803351864219,0.3724295840766352,2.0418069755446595
1344,0,normal,0.000582285865675658,0.37196054550977675,2.0441052366309123
1345,0,normal,0.0005823935498483479,0.37196054550977675,2.0464037813094365
1346,0,normal,0.0005824998370371759,0.37196054550977675,2.0487026723421877
1347,0,normal,0.000582604669034481,0.3722713379782992,2.051001907806267
1348,0,normal,0.00058271229499951,0.3722713379782992,2.05330154864032
1349,0,normal,0.0005828147986903787,0.3722713379782992,2.0556015339814167
1350,0,normal,0.0005829253350384533,0.3722713379782992,2.0579019247852557
1351,0,normal,0.000583029119297862,0.3722713379782992,2.0602026011324597
1352,0,normal,0.0005831313319504261,0.3722713379782992,2.0625035610016766
1353,0,normal,0.0005832407041452825,0.3722713379782992,2.064804867206931
1354,0,normal,0.0005833431496284902,0.3722713379782992,2.0671065178341905
1355,0,normal,0.0005834514740854502,0.3722713379782992,2.06940857387508
1356,0,normal,0.0005835537449456751,0.3721034600472693,2.0716954159763645
1357,0,normal,0.0005836567142978311,0.3721034600472693,2.0739982034356217
1358,0,normal,0.0005837633507326245,0.3721034600472693,2.0762986520383038
1359,0,normal,0.0005838685901835561,0.3721034600472693,2.078602005274888
1360,0,normal,0.0005839725490659475,0.3721034600472693,2.0809057048365958
1361,0,normal,0.000584075809456408,0.37176793126766594,2.0832097487987085
1362,0,normal,0.0005841784295625985,0.37176793126766594,2.0855141982326586
1363,0,normal,0.0005842818063683808,0.37193565782177146,2.0878189921502326
1364,0,normal,0.0005843819817528129,0.3735925324534324,2.090124130546201
1365,0,normal,0.0005844889092259109,0.3735925324534324,2.0924296153380055
1366,0,normal,0.000584589724894613,0.3735925324534324,2.0947353835083504
1367,0,normal,0.0005846909480169415,0.3735925324534324,2.0970414979872203
1368,0,normal,0.000584794266615063,0.3735925324534324,2.099347956857173
1369,0,normal,0.0005848946748301387,0.3735925324534324,2.101654821245347
1370,0,normal,0.0005849981098435819,0.3735925324534324,2.10396203010464
1371,0,normal,0.0005850988673046231,0.3733530091085325,2.106269583428002
1372,0,normal,0.0005852003814652562,0.3733530091085325,2.108577421979817
1373,0,normal,0.0005853011971339583,0.3733530091085325,2.1108856049174847
1374,0,normal,0.0005854020128026605,0.3733530091085325,2.113194193404752
1375,0,normal,0.0005855009658262134,0.3733530091085325,2.115503067089321
1376,0,normal,0.000585602130740881,0.3733530091085325,2.117812346341225
1377,0,normal,0.0005857003852725029,0.3733530091085325,2.1201219700465117
1378,0,normal,0.0005858033546246588,0.3733530091085325,2.122431938208365
1379,0,normal,0.000585898116696626,0.3733530091085325,2.1247421915195446
1380,0,normal,0.0005859987577423453,0.3733530091085325,2.127052789203617
1381,0,normal,0.00058609718689695,0.3733530091085325,2.1293637924900395
1382,0,normal,0.0005861968384124339,0.3733530091085325,2.131675080893274
1383,0,normal,0.0005862946854904294,0.3733530091085325,2.1339867749111363
1384,0,normal,0.0005863934056833386,0.3733530091085325,2.1362988133771523
1385,0,normal,0.0005864889826625586,0.3738093897140251,2.1386111962831365
1386,0,normal,0.0005865894490852952,0.3738093897140251,2.1409238642645505
1387,0,normal,0.0005866853171028197,0.3738093897140251,2.1432368765977117
1388,0,normal,0.0005867836298421025,0.3738093897140251,2.1455502945902936
1389,0,normal,0.0005868807784281671,0.3738093897140251,2.147863997619652
1390,0,normal,0.0005869772285223007,0.3738093897140251,2.150178106321846
1391,0,normal,0.0005870750756002963,0.3738093897140251,2.1524925594483193
1392,0,normal,0.0005871691391803324,0.3738093897140251,2.1548073570079396
1393,0,normal,0.0005872636684216559,0.3738093897140251,2.157122439562272
1394,0,normal,0.000587359769269824,0.3738093897140251,2.159437866461076
1395,0,normal,0.0005874581402167678,0.3738093897140251,2.1617536990615918
1396,0,normal,0.0005875508650206029,0.3738093897140251,2.16406981662999
1397,0,normal,0.0005876467330381274,0.3738093897140251,2.166386339915789
1398,0,normal,0.0005877399235032499,0.3738093897140251,2.1687032076174546
1399,0,normal,0.0005878365482203662,0.37364081818959477,2.1710204197340772
1400,0,normal,0.0005879314849153161,0.37364081818959477,2.173337916770606
1401,0,normal,0.0005880247335880995,0.37364081818959477,2.1756557581395555
1402,0,normal,0.0005881161778233945,0.37364081818959477,2.177974005261376
1403,0,normal,0.0005882111145183444,0.37364081818959477,2.1802925372712707
1404,0,normal,0.0005883075064048171,0.37364081818959477,2.1826114136054002
1405,0,normal,0.0005883964477106929,0.37364081818959477,2.1849306957115004
1406,0,normal,0.0005884874844923615,0.37364081818959477,2.187250322224372
1407,0,normal,0.000588584051001817,0.37364081818959477,2.189570293132874
1408,0,normal,0.0005886758444830775,0.37364081818959477,2.1918905488803375
1409,0,normal,0.0005887671723030508,0.37435457392702826,2.1942112104229636
1410,0,normal,0.000588859838899225,0.37435457392702826,2.196532156782496
1411,0,normal,0.0005889488384127617,0.37435457392702826,2.198853447455349
1412,0,normal,0.0005890428437851369,0.37435457392702826,2.2011751439517866
1413,0,normal,0.0005891312612220645,0.37435457392702826,2.2034971848322584
1414,0,normal,0.0005892228218726814,0.37435457392702826,2.2058195701040404
1415,0,normal,0.0005893128691241145,0.37435457392702826,2.2081422401336113
1416,0,normal,0.0005894020432606339,0.37435457392702826,2.2104653160140515
1417,0,normal,0.0005894945352338254,0.37469243720883516,2.212788676632499
1418,0,normal,0.0005890444153919816,0.37469243720883516,2.2151377941004284
1419,0,normal,0.0005897137452848256,0.37469243720883516,2.217461935937763
1420,0,normal,0.0005895935464650393,0.37469243720883516,2.2197965662207935
1421,0,normal,0.00058991729747504,0.37469243720883516,2.222121409211468
1422,0,normal,0.0005900082178413868,0.37469243720883516,2.2244465368839883
1423,0,normal,0.0005900897667743266,0.37469243720883516,2.2267720704599014
1424,0,normal,0.000590174866374582,0.37469243720883516,2.229097888699698
1425,0,normal,0.0005902567645534873,0.37469243720883516,2.2314241109363593
1426,0,normal,0.0005903440178371966,0.37469243720883516,2.233750679452214
1427,0,normal,0.0005904234712943435,0.37486148318095047,2.236077592333004
1428,0,normal,0.0005905082798562944,0.37486148318095047,2.238404849571225
1429,0,normal,0.0005905915750190616,0.37486148318095047,2.240732391417623
1430,0,normal,0.0005906763253733516,0.37486148318095047,2.243060339213116
1431,0,normal,0.0005907589220441878,0.37486148318095047,2.2453885715938213
1432,0,normal,0.0005908367456868291,0.37486148318095047,2.247717208023232
1433,0,normal,0.0005909197498112917,0.37607125111677225,2.2500461907220597
1434,0,normal,0.0005910035106353462,0.37607125111677225,2.2523755177674047
1435,0,normal,0.0005910866311751306,0.37661571410703437,2.254705189157903
1436,0,normal,0.0005911699845455587,0.37661571410703437,2.2570351450849557
1437,0,normal,0.0005912514170631766,0.37661571410703437,2.259365445265985
1438,0,normal,0.0005913394270464778,0.37661571410703437,2.26169609163162
1439,0,normal,0.0005914169014431536,0.37745607572941625,2.264027142085297
1440,0,normal,0.0005915024084970355,0.37745607572941625,2.266358538796794
1441,0,normal,0.0005915811634622514,0.37745607572941625,2.268690279843213
1442,0,normal,0.0005916684749536216,0.37745607572941625,2.2710223652236436
1443,0,normal,0.0005917485104873776,0.37745607572941625,2.273354735055591
1444,0,normal,0.0005918302340433002,0.37745607572941625,2.2756874491360577
1445,0,normal,0.0005919131799601018,0.37745607572941625,2.2780205093754375
1446,0,normal,0.0005919932737015188,0.3780948791089393,2.2803539737685696
1447,0,normal,0.0005920754047110677,0.3780948791089393,2.28268784431134
1448,0,normal,0.0005921578267589211,0.3780948791089393,2.2849956550230672
1449,0,normal,0.0005922401323914528,0.3780948791089393,2.2873301233105394
1450,0,normal,0.0005923205171711743,0.3780948791089393,2.289654360088207
1451,0,normal,0.0005924025899730623,0.3780948791089393,2.2919894445942646
1452,0,normal,0.0005924819270148873,0.3780948791089393,2.294324935208806
1453,0,normal,0.0005925607983954251,0.3780948791089393,2.2966607701359862
1454,0,normal,0.0005926459562033415,0.3780948791089393,2.2989970112660103
1455,0,normal,0.0005927233723923564,0.3780948791089393,2.301333474898911
1456,0,normal,0.0005928031750954688,0.3780948791089393,2.303670344668717
1457,0,normal,0.000592883734498173,0.3780948791089393,2.3060074987379267
1458,0,normal,0.0005929628387093544,0.3780948791089393,2.308344997032009
1459,0,normal,0.0005930424085818231,0.37786863344672683,2.3106829014811865
1460,0,normal,0.0005931221530772746,0.3773576577512894,2.313021150226632
1461,0,normal,0.0005932016065344214,0.3773576577512894,2.3153598052278994
1462,0,normal,0.0005932800122536719,0.3773576577512894,2.3176986825933454
1463,0,normal,0.000593356613535434,0.3773576577512894,2.3200379661477655
1464,0,normal,0.0005934347282163799,0.3773939727589756,2.322377533921099
1465,0,normal,0.0005935122608207166,0.3773939727589756,2.324717445902479
1466,0,normal,0.0005935890367254615,0.3773939727589756,2.3270577640923875
1467,0,normal,0.0005936657544225454,0.3773939727589756,2.329398426568787
1468,0,normal,0.000593742763157934,0.3773939727589756,2.3317394953476196
1469,0,normal,0.0005938188405707479,0.3773939727589756,2.3340807863485225
1470,0,normal,0.000593893404584378,0.37693900342997855,2.3364224835884215
1471,0,normal,0.0005939715774729848,0.37693900342997855,2.3387644649747017
1472,0,normal,0.0005940458504483104,0.37693900342997855,2.34110679055334
1473,0,normal,0.00059412611881271,0.37693900342997855,2.34344952239303
1474,0,normal,0.0005941975396126509,0.37693900342997855,2.3457925985021575
1475,0,normal,0.0005942728603258729,0.37693900342997855,2.3481360809616945
1476,0,normal,0.0005943503347225487,0.37693900342997855,2.3504797855107427
1477,0,normal,0.0005944230360910296,0.37662431413911196,2.352823834240553
1478,0,normal,0.0005944987060502172,0.37730693988783115,2.355168229073797
1479,0,normal,0.0005945708253420889,0.37730693988783115,2.357512968085075
1480,0,normal,0.0005946457968093455,0.37730693988783115,2.3598581134024244
1481,0,normal,0.0005947177414782345,0.37730693988783115,2.362203602981481
1482,0,normal,0.0005947897443547845,0.37730693988783115,2.3645494368142863
1483,0,normal,0.0005948630860075355,0.37730693988783115,2.3668955546647794
1484,0,normal,0.0005949349724687636,0.37730693988783115,2.3692420166912598
1485,0,normal,0.0005950116319581866,0.37730693988783115,2.3715888248002557
1486,0,normal,0.0005950811319053173,0.37730693988783115,2.373935977075462
1487,0,normal,0.0005951532511971891,0.37730693988783115,2.376283535708808
1488,0,normal,0.0005952226347289979,0.37730693988783115,2.378631438584762
1489,0,normal,0.0005952928331680596,0.37730693988783115,2.3809796857065066
1490,0,normal,0.0005953657091595232,0.37730693988783115,2.3833282167702237
1491,0,normal,0.0005954355583526194,0.37730693988783115,2.385677091992193
1492,0,normal,0.000595509132836014,0.37730693988783115,2.388026313286673
1493,0,normal,0.0005955760134384036,0.37730693988783115,2.390375878733721
1494,0,normal,0.0005956459208391607,0.37730693988783115,2.392725850583929
1495,0,normal,0.0005957157118245959,0.37730693988783115,2.395076166669469
1496,0,normal,0.0005957828834652901,0.37730693988783115,2.3974268269855656
1497,0,normal,0.0005958566325716674,0.37730693988783115,2.3997777711681465
1498,0,normal,0.0005959238042123616,0.37730693988783115,2.402129059489198
1499,0,normal,0.0005959919071756303,0.37730693988783115,2.404480693874575
1500,0,normal,0.0005960619891993701,0.37730693988783115,2.4068326723975133
1501,0,normal,0.0005961254937574267,0.37730693988783115,2.4091851177765875
1502,0,normal,0.0005961988936178386,0.37730693988783115,2.41153784704602
1503,0,normal,0.000596263911575079,0.3762971403500481,2.413890920534868
1504,0,normal,0.0005963296862319112,0.3762971403500481,2.41624427780971
1505,0,normal,0.0005963999428786337,0.3762971403500481,2.418597979217111
1506,0,normal,0.0005964684532955289,0.3762971403500481,2.4209520266692834
1507,0,normal,0.0005965331802144647,0.3762971403500481,2.4233064182515136
1508,0,normal,0.0005965962773188949,0.37590759550967645,2.4256612767937895
1509,0,normal,0.00059666478773579,0.37590759550967645,2.42801641916094
1510,0,normal,0.0005967296892777085,0.37590759550967645,2.4303719057227227
1511,0,normal,0.000596793310251087,0.37590759550967645,2.43272767600115
1512,0,normal,0.0005968604818917811,0.37590759550967645,2.435083790398039
1513,0,normal,0.0005969271878711879,0.37590759550967645,2.4374402508281037
1514,0,normal,0.0005969869671389461,0.37590759550967645,2.4397970553688992
1515,0,normal,0.0005970528582111001,0.37590759550967645,2.442154326988657
1516,0,normal,0.0005971163045614958,0.37590759550967645,2.4445118823482517
1517,0,normal,0.0005971790524199605,0.37590759550967645,2.4468697819008867
1518,0,normal,0.0005972423823550344,0.37590759550967645,2.4492279650860382
1519,0,normal,0.0005973076913505793,0.37590759550967645,2.4515864923762365
1520,0,normal,0.0005973702063784003,0.37590759550967645,2.453945426252858
1521,0,normal,0.0005974334198981524,0.37590759550967645,2.4563046437360754
1522,0,normal,0.0005974944215267897,0.37590759550967645,2.4586643284076217
1523,0,normal,0.0005975583335384727,0.3762604242427764,2.461024296743517
1524,0,normal,0.0005976181710138917,0.3762604242427764,2.463384609256991
1525,0,normal,0.000597679172642529,0.3762604242427764,2.465745205328176
1526,0,normal,0.0005977414548397064,0.3762604242427764,2.4681061454928113
1527,0,normal,0.000597801641561091,0.37693466520469227,2.4704674922923004
1528,0,normal,0.0005978602566756308,0.37693466520469227,2.4728291226215333
1529,0,normal,0.000597921316511929,0.37693466520469227,2.4751912202514177
1530,0,normal,0.00059798255097121,0.37693466520469227,2.477553601467889
1531,0,normal,0.0005980450077913702,0.37693466520469227,2.4799162642657393
1532,0,normal,0.0005981010617688298,0.37693466520469227,2.4822792730612946
1533,0,normal,0.0005981581634841859,0.37693466520469227,2.484642625927563
1534,0,normal,0.0005982207949273288,0.376135294659145,2.487006385481891
1535,0,normal,0.0005982787697575986,0.376135294659145,2.4893704891935613
1536,0,normal,0.000598335696849972,0.376135294659145,2.4917349996860594
1537,0,normal,0.0005983969895169139,0.376135294659145,2.494099793693522
1538,0,normal,0.0005984539748169482,0.376135294659145,2.496464869195279
1539,0,normal,0.0005985103780403733,0.37596567425431443,2.498830290688147
1540,0,normal,0.0005985709722153842,0.37596567425431443,2.5011960562394506
1541,0,normal,0.0005986227770335972,0.37596567425431443,2.5035622285295176
1542,0,normal,0.0005986804026179016,0.37596567425431443,2.5059287449587373
1543,0,normal,0.0005987402983009815,0.37596567425431443,2.5082956682263102
1544,0,normal,0.0005987939657643437,0.37596567425431443,2.510662874922673
1545,0,normal,0.0005988513585180044,0.37596567425431443,2.513030363046255
1546,0,normal,0.0005989077035337687,0.37596567425431443,2.5153981971379835
1547,0,normal,0.000598962651565671,0.37683890023838257,2.517766375281326
1548,0,normal,0.0005990151548758149,0.37683890023838257,2.520134960209134
1549,0,normal,0.0005990695208311081,0.37683890023838257,2.5225038892654084
1550,0,normal,0.0005991248181089759,0.37683890023838257,2.524873162447875
1551,0,normal,0.0005991836078464985,0.37683890023838257,2.527242781671248
1552,0,normal,0.0005992365768179297,0.37683890023838257,2.5296126822443057
1553,0,normal,0.0005992894293740392,0.37683890023838257,2.5319829287718676
1554,0,normal,0.0005993445520289242,0.37683890023838257,2.5343535193342177
1555,0,normal,0.0005993946688249707,0.37683890023838257,2.536724516735603
1556,0,normal,0.0005994468810968101,0.37683890023838257,2.539095858246583
1557,0,normal,0.0005994997918605804,0.3769034321372219,2.541467543876479
1558,0,normal,0.0005995508981868625,0.3769034321372219,2.5438395755315923
1559,0,normal,0.0005996027612127364,0.3769034321372219,2.5462118884515803
1560,0,normal,0.000599656137637794,0.3769034321372219,2.5485846082531225
1561,0,normal,0.0005997071275487542,0.3769034321372219,2.550957611215381
1562,0,normal,0.0005997562548145652,0.3769034321372219,2.553331021066242
1563,0,normal,0.0005998119013383985,0.3769034321372219,2.5557047750164656
1564,0,normal,0.0005998617270961404,0.3769034321372219,2.558078873064005
1565,0,normal,0.000599910446908325,0.3769034321372219,2.5604532542356537
1566,0,normal,0.0005999607383273542,0.3769034321372219,2.5628279794220816
1567,0,normal,0.0006000105640850961,0.3769034321372219,2.565203111526671
1568,0,normal,0.0006000589928589761,0.3769034321372219,2.5675785267237643
1569,0,normal,0.0006001087604090571,0.3769034321372219,2.5699543488526615
1570,0,normal,0.0006001541623845696,0.3769034321372219,2.572330515070462
1571,0,normal,0.0006002066656947136,0.3769034321372219,2.574707025372618
1572,0,normal,0.0006002554437145591,0.3769034321372219,2.577083818724077
1573,0,normal,0.0006003029411658645,0.3769034321372219,2.57946095607349
1574,0,normal,0.0006003526505082846,0.3771960474428534,2.5818385003942694
1575,0,normal,0.0006003963062539697,0.3771960474428534,2.5842163277275176
1576,0,normal,0.0006004439201205969,0.3771960474428534,2.5865945620448656
1577,0,normal,0.0006004914757795632,0.3771960474428534,2.588973140435428
1578,0,normal,0.0006005364703014493,0.3771960474428534,2.591352062896931
1579,0,normal,0.0006005853065289557,0.37748652213303735,2.5937312683297478
1580,0,normal,0.000600632862187922,0.37748652213303735,2.5961108177507413
1581,0,normal,0.0006006771000102162,0.37748652213303735,2.5984907741888037
1582,0,normal,0.0006007211050018668,0.37748652213303735,2.6008710135638466
1583,0,normal,0.000600766041316092,0.37748652213303735,2.60325165997142
1584,0,normal,0.0006008140044286847,0.37748652213303735,2.605632650442658
1585,0,normal,0.0006008563796058297,0.37748652213303735,2.6080139849707393
1586,0,normal,0.000600899918936193,0.37748652213303735,2.6103956023878254
1587,0,normal,0.0006009470671415329,0.37748652213303735,2.6127775637810373
1588,0,normal,0.0006009899661876261,0.37748652213303735,2.6151599322433867
1589,0,normal,0.0006010336219333112,0.37748652213303735,2.617542583566319
1590,0,normal,0.0006010759389027953,0.37748652213303735,2.619925578856055
1591,0,normal,0.0006011156365275383,0.37748652213303735,2.622308981233118
1592,0,normal,0.0006011584773659706,0.37748652213303735,2.62469272765793
1593,0,normal,0.0006012004450894892,0.3770259486853685,2.6270768181245785
1594,0,normal,0.0006012444500811398,0.3770259486853685,2.6294611913954213
1595,0,normal,0.0006012841477058828,0.3770259486853685,2.631845971786788
1596,0,normal,0.0006013279198668897,0.3770259486853685,2.6342310349593845
1597,0,normal,0.000601370760705322,0.3770259486853685,2.6366164420878704
1598,0,normal,0.0006014105747453868,0.3770518109958288,2.6390022563523416
1599,0,normal,0.0006014505634084344,0.3770518109958288,2.6413884146495548
1600,0,normal,0.0006014906102791429,0.3770518109958288,2.6437749169758717
1601,0,normal,0.0006015319377183914,0.3770518109958288,2.646161702033396
1602,0,normal,0.0006015716935507953,0.3770518109958288,2.6485488942566917
1603,0,normal,0.0006016102852299809,0.3770518109958288,2.650936369185274
1604,0,normal,0.0006016501574777067,0.3770518109958288,2.6533241880565583
1605,0,normal,0.0006016878760419786,0.3770518109958288,2.655712414114987
1606,0,normal,0.0006017273990437388,0.3770518109958288,2.658100984190014
1607,0,normal,0.0006017648847773671,0.37778843483874525,2.66048989828073
1608,0,normal,0.0006018036510795355,0.37778843483874525,2.662879095024664
1609,0,normal,0.0006018409039825201,0.37778843483874525,2.665268698985983
1610,0,normal,0.000601879961322993,0.37778843483874525,2.6676585855764188
1611,0,normal,0.0006019141874276102,0.37871438388612993,2.6700488160956866
1612,0,normal,0.0006019519059918821,0.37871438388612993,2.672439453850302
1613,0,normal,0.0006019864813424647,0.37871438388612993,2.674830435606509
1614,0,normal,0.0006020267610438168,0.37871438388612993,2.6772217613663543
1615,0,normal,0.0006020608125254512,0.37871438388612993,2.6796133697050664
1616,0,normal,0.0006020975997671485,0.37871438388612993,2.682005385307775
1617,0,normal,0.0006021317676641047,0.37871438388612993,2.6843976834652494
1618,0,normal,0.0006021652370691299,0.37871438388612993,2.686790386983148
1619,0,normal,0.0006022040615789592,0.37871438388612993,2.6891834364128044
1620,0,normal,0.0006022361340001225,0.37871438388612993,2.691576829830865
1621,0,normal,0.0006022710585966706,0.37871438388612993,2.6939705672375567
1622,0,normal,0.000602307147346437,0.37871438388612993,2.6963645871453537
1623,0,normal,0.0006023368914611638,0.378920689211049,2.6987589509537884
1624,0,normal,0.0006023753667250276,0.378920689211049,2.7011536605812125
1625,0,normal,0.0006024014437571168,0.378920689211049,2.7035487756199927
1626,0,normal,0.0006024380563758314,0.378920689211049,2.7059442365514315
1627,0,normal,0.000602469895966351,0.378920689211049,2.7083400414649077
1628,0,normal,0.000602502899710089,0.378920689211049,2.710736190347461
1629,0,normal,0.0006025336333550513,0.378920689211049,2.713132621656314
1630,0,normal,0.0006025666370987892,0.378920689211049,2.7155293968551177
1631,0,normal,0.0006025944603607059,0.3787498127163002,2.7179265178549485
1632,0,normal,0.0006026281625963748,0.3787498127163002,2.720324044317749
1633,0,normal,0.0006026551127433777,0.3787498127163002,2.7227219782453176
1634,0,normal,0.0006026886985637248,0.3787498127163002,2.7251201946241963
1635,0,normal,0.0006027193740010262,0.37828769792062233,2.727518754963512
1636,0,normal,0.0006027500494383276,0.37828769792062233,2.7299175976486367
1637,0,normal,0.0006027770577929914,0.37828769792062233,2.7323167842109797
1638,0,normal,0.0006028059870004654,0.37828769792062233,2.7347163165645725
1639,0,normal,0.0006028395146131516,0.37828769792062233,2.7371162544282015
1640,0,normal,0.0006028647185303271,0.37828769792062233,2.739516599801618
1641,0,normal,0.0006028924835845828,0.37828769792062233,2.741917227556769
1642,0,normal,0.0006029202486388385,0.37828769792062233,2.7443181992553036
1643,0,normal,0.0006029517971910536,0.37828769792062233,2.7467194532230224
1644,0,normal,0.0006029761862009764,0.37828769792062233,2.7491210510545443
1645,0,normal,0.0006030005170032382,0.3779465927623791,2.7515230563578825
1646,0,normal,0.0006030303775332868,0.38029464757683185,2.7539254055966467
1647,0,normal,0.0006030581425875425,0.38029464757683185,2.7563281624004503
1648,0,normal,0.0006030837539583445,0.38029464757683185,2.7587311378645154
1649,0,normal,0.0006031083757989109,0.38029464757683185,2.761134520827227
1650,0,normal,0.0006031348602846265,0.38029464757683185,2.7635381859820427
1651,0,normal,0.0006031617522239685,0.38029464757683185,2.7659421949872467
1652,0,normal,0.0006031867815181613,0.38029464757683185,2.7683466115083775
1653,0,normal,0.0006032059318386018,0.38029464757683185,2.770751371955612
1654,0,normal,0.0006032335804775357,0.38029464757683185,2.7731565400183626
1655,0,normal,0.000603259599301964,0.38029464757683185,2.7755619265992664
1656,0,normal,0.0006032841629348695,0.38029464757683185,2.7779677207292934
1657,0,normal,0.0006033051176927984,0.3799832213286291,2.7803737969763915
1658,0,normal,0.0006033299723640084,0.3799832213286291,2.7827802170565974
1659,0,normal,0.0006033548270352185,0.3799832213286291,2.785187044705708
1660,0,normal,0.0006033744430169463,0.3801546542871257,2.7875942162659157
1661,0,normal,0.0006033963873051107,0.3801546542871257,2.7900017954893883
1662,0,normal,0.0006034200778231025,0.3801546542871257,2.792409593091861
1663,0,normal,0.0006034423131495714,0.3801546542871257,2.7948177345194836
1664,0,normal,0.0006034656544215977,0.3801546542871257,2.7972262216887884
1665,0,normal,0.0006034831167198718,0.3801546542871257,2.7996350526775586
1666,0,normal,0.0006035024998709559,0.3801546542871257,2.8020442912820727
1667,0,normal,0.000603524676989764,0.38032616458919327,2.80445387378586
1668,0,normal,0.0006035467959009111,0.38032616458919327,2.806863863999297
1669,0,normal,0.0006035652477294207,0.3801546542871257,2.8092740724578107
1670,0,normal,0.0006035843398422003,0.3801546542871257,2.811684624724421
1671,0,normal,0.0006036084378138185,0.3801546542871257,2.814095522718617
1672,0,normal,0.0006036254926584661,0.3801546542871257,2.8165067645204545
1673,0,normal,0.000603642372880131,0.3801546542871257,2.8189184139835106
1674,0,normal,0.0006036593113094568,0.3801546542871257,2.8213304073342442
1675,0,normal,0.0006036788690835238,0.3801546542871257,2.8237427445660614
1676,0,normal,0.0006036999402567744,0.3801546542871257,2.8261553637078123
1677,0,normal,0.0006037144339643419,0.3801546542871257,2.828568326647428
1678,0,normal,0.0006037330022081733,0.3801546542871257,2.830981635296439
1679,0,normal,0.0006037501152604818,0.3801546542871257,2.8333952877369484
1680,0,normal,0.0006037677521817386,0.3801546542871257,2.8358093478905175
1681,0,normal,0.0006037844577804208,0.3801546542871257,2.8382237519210776
1682,0,normal,0.0006037987186573446,0.3801546542871257,2.8406384998170324
1683,0,normal,0.0006038147257640958,0.3801546542871257,2.8430535295424306
1684,0,normal,0.0006038316059857607,0.37981186567882497,2.845468903053643
1685,0,normal,0.0006038426072336733,0.37981186567882497,2.8478846222658376
1686,0,normal,0.0006038626306690276,0.37981186567882497,2.850300685252705
1687,0,normal,0.0006038741557858884,0.37981186567882497,2.8527171560037914
1688,0,normal,0.0006038884166628122,0.37996599545462184,2.855133970612087
1689,0,normal,0.0006039028521627188,0.37996599545462184,2.8575511290748636
1690,0,normal,0.0006039164727553725,0.37996599545462184,2.8599685692940966
1691,0,normal,0.0006039307918399572,0.38105191023895724,2.862386353281636
1692,0,normal,0.0006039468571543694,0.38105191023895724,2.864804482954696
1693,0,normal,0.0006039564032107592,0.38105191023895724,2.867222956391288
1694,0,normal,0.0006039664731360972,0.38105191023895724,2.8696418997719775
1695,0,normal,0.0006039800937287509,0.38105191023895724,2.872061124935044
1696,0,normal,0.0006039946456439793,0.38105191023895724,2.8744806939416776
1697,0,normal,0.0006040054722689092,0.38105191023895724,2.8769005446256415
1698,0,normal,0.0006040147854946554,0.38105191023895724,2.8793207390669977
1699,0,normal,0.0006040252046659589,0.38105191023895724,2.881741279179323
1700,0,normal,0.0006040401058271527,0.38105191023895724,2.884162163042447
1701,0,normal,0.0006040452281013131,0.38105191023895724,2.886583516961764
1702,0,normal,0.0006040589069016278,0.38105191023895724,2.8890051525863782
1703,0,normal,0.0006040652515366673,0.38105191023895724,2.8914271320404623
1704,0,normal,0.0006040766602382064,0.38105191023895724,2.893849393095479
1705,0,normal,0.0006040878361091018,0.38105191023895724,2.896271997890153
1706,0,normal,0.0006040956359356642,0.38105191023895724,2.8986950105850156
1707,0,normal,0.000604105822276324,0.38105191023895724,2.9011183048496605
1708,0,normal,0.0006041086162440479,0.38105191023895724,2.9035420692816842
1709,0,normal,0.0006041198503226042,0.38122382534637855,2.9059661153412435
1710,0,normal,0.0006041291053406894,0.3813055748204328,2.908390505218449
1711,0,normal,0.0006041369633749127,0.38155411289474395,2.910815176620872
1712,0,normal,0.0006041415617801249,0.38155411289474395,2.913240191749537
1713,0,normal,0.0006041505839675665,0.38155411289474395,2.9156656148240927
1714,0,normal,0.0006041560554876924,0.38155411289474395,2.91809131939317
1715,0,normal,0.0006041592569090426,0.3807513919610039,2.920517494240812
1716,0,normal,0.0006041678716428578,0.3807513919610039,2.9229439506434574
1717,0,normal,0.0006041718297637999,0.3807513919610039,2.9253707508426032
1718,0,normal,0.0006041800370439887,0.3807513919610039,2.9277978324928426
1719,0,normal,0.0006041817832738161,0.3807513919610039,2.9302252578584103
1720,0,normal,0.0006041889428161085,0.3807513919610039,2.9326530912194357
1721,0,normal,0.0006041910964995623,0.38092317148681387,2.935081205994038
1722,0,normal,0.0006041947053745389,0.38092317148681387,2.9375097911618013
1723,0,normal,0.0006042004097253084,0.3810950285125519,2.9399386578058966
1724,0,normal,0.0006042017485015094,0.3810950285125519,2.9423678039163406
1725,0,normal,0.0006042075692676008,0.3810950285125519,2.9447972956472768
1726,0,normal,0.0006042063469067216,0.3810950285125519,2.947227131078307
1727,0,normal,0.0006042077438905835,0.3810950285125519,2.949657374550725
1728,0,normal,0.0006042151362635195,0.3810950285125519,2.9520879618021354
1729,0,normal,0.000604211469180882,0.3810950285125519,2.9545189571917945
1730,0,normal,0.0006042146706022322,0.3810950285125519,2.9569502339793416
1731,0,normal,0.0006042163004167378,0.3810950285125519,2.9593817901638886
1732,0,normal,0.0006042165332473814,0.3810950285125519,2.9618136919480094
1733,0,normal,0.0006042210152372718,0.3810950285125519,2.964245937420401
1734,0,normal,0.0006042207241989672,0.38090261781784746,2.9666785909828377
1735,0,normal,0.0006042193272151053,0.38090261781784746,2.9691115883092607
1736,0,normal,0.0006042187451384962,0.38090261781784746,2.9715449293989877
1737,0,normal,0.0006042162422090769,0.38090261781784746,2.9739786161624124
1738,0,normal,0.0006042207241989672,0.38090261781784746,2.976412582244393
1739,0,normal,0.0006042161257937551,0.38090261781784746,2.9788468939145787
1740,0,normal,0.0006042151362635195,0.38090261781784746,2.9812815492543905
1741,0,normal,0.0006042143795639277,0.38090261781784746,2.983716612737453
1742,0,normal,0.0006042110035195947,0.38090261781784746,2.986152019973133
1743,0,normal,0.0006042072782292962,0.38090261781784746,2.9885877709527904
1744,0,normal,0.0006042057648301125,0.38090261781784746,2.9910238675963683
1745,0,normal,0.0006042019813321531,0.38090261781784746,2.9934602434798308
1746,0,normal,0.0006041961605660617,0.38090261781784746,2.995897027537467
1747,0,normal,0.0006041963933967054,0.38090261781784746,2.9983340927242352
1748,0,normal,0.0006041907472535968,0.38090261781784746,3.000771566102685
1749,0,normal,0.0006041871965862811,0.38090261781784746,3.00320938321579
1750,0,normal,0.000604180502705276,0.38090261781784746,3.005647544063777
1751,0,normal,0.0006041766609996557,0.38090261781784746,3.0080860505622695
1752,0,normal,0.0006041729357093573,0.38090261781784746,3.0105248362215207
1753,0,normal,0.0006041672313585877,0.38090261781784746,3.0129640301031486
1754,0,normal,0.0006041620508767664,0.38090261781784746,3.0154035050454695
1755,0,normal,0.0006041537271812558,0.38090261781784746,3.0178433882172158
1756,0,normal,0.0006041474989615381,0.38090261781784746,3.020283615114977
1757,0,normal,0.0006041387678124011,0.38090261781784746,3.0227241857355693
1758,0,normal,0.0006041342858225107,0.38090261781784746,3.0251650373684242
1759,0,normal,0.0006041285814717412,0.38090261781784746,3.027606232631797
1760,0,normal,0.0006041194428689778,0.38090261781784746,3.03004783617007
1761,0,normal,0.0006041096057742834,0.38067469205167526,3.0324897206899095
1762,0,normal,0.0006041039596311748,0.38067469205167526,3.0349320134896516
1763,0,normal,0.0006040955777280033,0.38067469205167526,3.0373746500038123
1764,0,normal,0.0006040841690264642,0.38067469205167526,3.0398176302226148
1765,0,normal,0.0006040764274075627,0.38067469205167526,3.042260891378419
1766,0,normal,0.0006040682783350348,0.38067469205167526,3.04470449615269
1767,0,normal,0.0006040546577423811,0.38067469205167526,3.0471485092448347
1768,0,normal,0.0006040445296093822,0.38067469205167526,3.04959280324465
1769,0,normal,0.0006040363223291934,0.38067469205167526,3.052037505580529
1770,0,normal,0.000604022410698235,0.38067469205167526,3.0544825516083165
1771,0,normal,0.0006040086154825985,0.38067469205167526,3.0569279413284676
1772,0,normal,0.0006040012813173234,0.38067469205167526,3.059373611910587
1773,0,normal,0.0006039899308234453,0.38067469205167526,3.061819626092074
1774,0,normal,0.0006039763684384525,0.38067469205167526,3.064266048650552
1775,0,normal,0.0006039666477590799,0.38067469205167526,3.0667127520296162
1776,0,normal,0.0006039560539647937,0.38067469205167526,3.069159799015324
1777,0,normal,0.0006039394647814333,0.38067469205167526,3.071607254384162
1778,0,normal,0.0006039258441887796,0.38067469205167526,3.0740550534376325
1779,0,normal,0.0006039108848199248,0.380846436973609,3.0765031332732633
1780,0,normal,0.0006038997089490294,0.380846436973609,3.0789515567003036
1781,0,normal,0.0006038857391104102,0.380846436973609,3.0814003885454895
1782,0,normal,0.00060387107077986,0.380846436973609,3.0838495011423674
1783,0,normal,0.000603854248765856,0.380846436973609,3.0862989573211053
1784,0,normal,0.000603843480348587,0.38067469205167526,3.088748821942545
1785,0,normal,0.0006038247956894338,0.38067469205167526,3.0911990302311096
1786,0,normal,0.0006038083811290562,0.38067469205167526,3.0936495821772496
1787,0,normal,0.0006037932471372187,0.38067469205167526,3.0961004148184657
1788,0,normal,0.0006037767743691802,0.38067469205167526,3.0985516559328516
1789,0,normal,0.0006037619314156473,0.38067469205167526,3.1010031777134373
1790,0,normal,0.0006037430139258504,0.38067469205167526,3.103455043066333
1791,0,normal,0.0006037266575731337,0.38067469205167526,3.1059073169112708
1792,0,normal,0.0006037103594280779,0.3805030245791158,3.10835993440719
1793,0,normal,0.0006036919658072293,0.3805030245791158,3.1108128955522716
1794,0,normal,0.0006036740960553288,0.38015992184243014,3.1132661373105748
1795,0,normal,0.0006036529666744173,0.37998848650849876,3.1157197875861584
1796,0,normal,0.0006036352133378386,0.37998848650849876,3.118173718459275
1797,0,normal,0.0006036165286786854,0.37998848650849876,3.1206279928901495
1798,0,normal,0.0006035975529812276,0.37998848650849876,3.12308267586036
1799,0,normal,0.0006035758415237069,0.37998848650849876,3.1255377024644986
1800,0,normal,0.0006035541300661862,0.37998848650849876,3.127993072706886
1801,0,normal,0.0006035368423908949,0.37998848650849876,3.130448723486552
1802,0,normal,0.0006035157130099833,0.37998848650849876,3.132904782828973
1803,0,normal,0.00060349574778229,0.37998848650849876,3.1353611226979865
1804,0,normal,0.0006034738617017865,0.37998848650849876,3.1378178061017934
1805,0,normal,0.0006034500547684729,0.37998848650849876,3.1402748980981414
1806,0,normal,0.000603431195486337,0.37998848650849876,3.1427323337159123
1807,0,normal,0.0006034043035469949,0.37998848650849876,3.1451901129560156
1808,0,normal,0.0006033842801116407,0.37998848650849876,3.1476481726567727
1809,0,normal,0.0006033603567630053,0.37998848650849876,3.1501066409734904
1810,0,normal,0.0006033350364305079,0.37998848650849876,3.1525653897288066
1811,0,normal,0.0006033120444044471,0.37998848650849876,3.155024545197193
1812,0,normal,0.0006032892852090299,0.37998848650849876,3.1574840461958047
1813,0,normal,0.0006032652454450727,0.37998848650849876,3.1599438908015145
1814,0,normal,0.0006032389355823398,0.3811057043098614,3.1624040790125036
1815,0,normal,0.0006032162928022444,0.3811057043098614,3.1648645476118418
1816,0,normal,0.0006031897501088679,0.3811057043098614,3.167325359728011
1817,0,normal,0.0006031669327057898,0.3811057043098614,3.1697865172793627
1818,0,normal,0.0006031390512362123,0.3811057043098614,3.172248081596308
1819,0,normal,0.0006031097145751119,0.3811057043098614,3.1747100546790534
1820,0,normal,0.0006030845688655972,0.3812164696957892,3.177172308172203
1821,0,normal,0.0006030576769262552,0.3812164696957892,3.1796349052565347
1822,0,normal,0.0006030297954566777,0.3812164696957892,3.1820977826539547
1823,0,normal,0.0006030035438016057,0.3812164696957892,3.184561003554336
1824,0,normal,0.0006029785145074129,0.3812164696957892,3.1870245698769395
1825,0,normal,0.0006029479554854333,0.3812164696957892,3.1894885430099293
1826,0,normal,0.0006029213545843959,0.3812164696957892,3.1919529249576044
1827,0,normal,0.0006028939387761056,0.3812164696957892,3.194417587242924
1828,0,normal,0.0006028646603226662,0.3812164696957892,3.196882593103055
1829,0,normal,0.0006028366042301059,0.3812164696957892,3.199347879198058
1830,0,normal,0.0006028048228472471,0.3812164696957892,3.2018135087862447
1831,0,normal,0.0006027769995853305,0.3810089144213362,3.2042794837805104
1832,0,normal,0.0006027436465956271,0.3813884590457375,3.2067458656326835
1833,0,normal,0.0006027120398357511,0.38156052599027795,3.2092126563493366
1834,0,normal,0.0006026843911968172,0.38156052599027795,3.211679727325645
1835,0,normal,0.0006026526098139584,0.38156052599027795,3.214147141865169
1836,0,normal,0.0006026196642778814,0.38156052599027795,3.2166148365608933
1837,0,normal,0.0006025901529937983,0.38156052599027795,3.2190828747363867
1838,0,normal,0.0006025555194355547,0.38156052599027795,3.2215513217286116
1839,0,normal,0.000602524378336966,0.38156052599027795,3.224020112277458
1840,0,normal,0.0006024924223311245,0.38156052599027795,3.2264893117348947
1841,0,normal,0.0006024596514180303,0.3817326705644182,3.2289587260079315
1842,0,normal,0.0006024251924827695,0.3817326705644182,3.2314285491283954
1843,0,normal,0.0006023921305313706,0.3817326705644182,3.233898652326843
1844,0,normal,0.0006023608148097992,0.3817326705644182,3.23636909898687
1845,0,normal,0.0006023233290761709,0.3817326705644182,3.238839954516834
1846,0,normal,0.0006022869492881,0.3817326705644182,3.2413111535859116
1847,0,normal,0.0006022522575221956,0.3817326705644182,3.2437827616156483
1848,0,normal,0.0006022195448167622,0.3817326705644182,3.246254584324106
1849,0,normal,0.0006021825829520822,0.3817326705644182,3.248726750484593
1850,0,normal,0.0006021469598636031,0.3813884590457375,3.2511992620129604
1851,0,normal,0.0006021129665896297,0.3813884590457375,3.2536721169913108
1852,0,normal,0.0006020758883096278,0.3813884590457375,3.256145380885073
1853,0,normal,0.0006020391592755914,0.3813884590457375,3.2586189883056704
1854,0,normal,0.000601999694481492,0.3813884590457375,3.261093004739223
1855,0,normal,0.0006019639549776912,0.3813884590457375,3.2635672357037038
1856,0,normal,0.0006019215215928853,0.3813884590457375,3.266041810111119
1857,0,normal,0.0006018892163410783,0.3813884590457375,3.2685167298732267
1858,0,normal,0.0006018468411639333,0.3813884590457375,3.270991993068492
1859,0,normal,0.000601809995714575,0.3813884590457375,3.2734676652296457
1860,0,normal,0.0006017705891281366,0.3813884590457375,3.275943680901946
1861,0,normal,0.0006017314735800028,0.3813884590457375,3.278420105633586
1862,0,normal,0.0006016928236931562,0.3813884590457375,3.2808967447601844
1863,0,normal,0.0006016561528667808,0.3813884590457375,3.283373727315393
1864,0,normal,0.0006016130209900439,0.3813884590457375,3.285851055207786
1865,0,normal,0.0006015707622282207,0.38199987081681297,3.2883287265260606
1866,0,normal,0.0006015292601659894,0.38199987081681297,3.2908068068527427
1867,0,normal,0.0006014869431965053,0.38199987081681297,3.2932852306782934
1868,0,normal,0.0006014475366100669,0.3818276057471606,3.2957639980040767
1869,0,normal,0.0006014066166244447,0.38217221360545106,3.2982430451208984
1870,0,normal,0.0006013620877638459,0.38217221360545106,3.3007224356506413
1871,0,normal,0.0006013213424012065,0.38217221360545106,3.3032021715052906
1872,0,normal,0.0006012771045789123,0.38315720091101835,3.305682250768541
1873,0,normal,0.0006012347876094282,0.38315720091101835,3.3081627390890844
1874,0,normal,0.0006011902005411685,0.38315720091101835,3.3106435708964455
1875,0,normal,0.0006011456716805696,0.38315720091101835,3.313124746191079
1876,0,normal,0.000601105100940913,0.38315720091101835,3.3156062011976246
1877,0,normal,0.0006006635376252234,0.38315720091101835,3.3181070684568112
1878,0,normal,0.0006010428769513965,0.38315720091101835,3.3205892339431102
1879,0,normal,0.0006009494536556304,0.38315720091101835,3.323074485905863
1880,0,normal,0.0006009606877341866,0.38312135980709217,3.325557407033557
1881,0,normal,0.0006009142380207777,0.38312135980709217,3.3280406716316975
1882,0,normal,0.0006008630734868348,0.38312135980709217,3.3305242797021037
1883,0,normal,0.0006008180789649487,0.384958553240379,3.333008167408252
1884,0,normal,0.0006007693009451032,0.384958553240379,3.3354923984998095
1885,0,normal,0.0006007194751873612,0.384958553240379,3.3379769748871695
1886,0,normal,0.0006006695912219584,0.384958553240379,3.3404618946558458
1887,0,normal,0.0006006183684803545,0.384958553240379,3.3429472874468047
1888,0,normal,0.0006005679606460035,0.384958553240379,3.345432959900563
1889,0,normal,0.0006005180184729397,0.384958553240379,3.3479189758095345
1890,0,normal,0.000600466737523675,0.384958553240379,3.3504052712814882
1891,0,normal,0.0006004148744978011,0.384694733710026,3.3528919101222527
1892,0,normal,0.0006003677845001221,0.384694733710026,3.3553789581544606
1893,0,normal,0.0006003163289278746,0.384694733710026,3.3578662857139534
1894,0,normal,0.0006002627196721733,0.384694733710026,3.3603540864116894
1895,0,normal,0.0006002117297612131,0.3842004763357382,3.3628421666990107
1896,0,normal,0.0006001624860800803,0.384373811947989,3.3653305904244917
1897,0,normal,0.0006001085275784135,0.384373811947989,3.3678192936308733
1898,0,normal,0.0006000559078529477,0.3844441882470543,3.370308340196061
1899,0,normal,0.0006000063731335104,0.38436176587437537,3.3727977960027147
1900,0,normal,0.0005999525310471654,0.38436176587437537,3.375287531259346
1901,0,normal,0.0005998986307531595,0.3845918992449497,3.3777777397594946
1902,0,normal,0.0005998453707434237,0.3845918992449497,3.3802682277721487
1903,0,normal,0.0005997903062961996,0.3845918992449497,3.3827590592113665
1904,0,normal,0.0005997420521453023,0.3845918992449497,3.385250170059635
1905,0,normal,0.0005996866384521127,0.3845918992449497,3.3877416242471554
1906,0,normal,0.000599634600803256,0.3845918992449497,3.3902334877222984
1907,0,normal,0.0005995811079628766,0.38424510953602686,3.392705908445805
1908,0,normal,0.0005995226674713194,0.38424510953602686,3.395198502879566
1909,0,normal,0.0005994688253849745,0.38424510953602686,3.3976885397246406
1910,0,normal,0.0005994143430143595,0.38424510953602686,3.4001817538712658
1911,0,normal,0.0005993609665893018,0.38424510953602686,3.402675247351226
1912,0,normal,0.0005993007216602564,0.38424510953602686,3.4051690841599793
1913,0,normal,0.0005992457736283541,0.38424510953602686,3.4076633303027393
1914,0,normal,0.0005991929792799056,0.38424510953602686,3.4101578557465473
1915,0,normal,0.0005991360521875322,0.38424510953602686,3.4126528546539703
1916,0,normal,0.000599080347456038,0.38424510953602686,3.415148132924287
1917,0,normal,0.0005990206263959408,0.38424510953602686,3.417643688538419
1918,0,normal,0.0005989620112814009,0.38424510953602686,3.4201395893853714
1919,0,normal,0.000598906772211194,0.38424510953602686,3.4226358335456553
1920,0,normal,0.0005988496704958379,0.38424510953602686,3.425132487091787
1921,0,normal,0.0005987897166050971,0.3846027203757469,3.427629484025374
1922,0,normal,0.000598729879129678,0.3846027203757469,3.4301268243511913
1923,0,normal,0.0005986708565615118,0.3846027203757469,3.432624509976222
1924,0,normal,0.0005986114265397191,0.3846027203757469,3.4351224728707166
1925,0,normal,0.000598555023316294,0.3846027203757469,3.43762078098689
1926,0,normal,0.0005984953022561967,0.3846027203757469,3.44011943239866
1927,0,normal,0.000598435290157795,0.3846027203757469,3.4426184932451633
1928,0,normal,0.0005983730661682785,0.3846027203757469,3.445117897470027
1929,0,normal,0.0005983103765174747,0.38481223338229736,3.4476176450643834
1930,0,normal,0.0005982495495118201,0.38481223338229736,3.4501177379472665
1931,0,normal,0.000598189712036401,0.38481223338229736,3.4526181080289007
1932,0,normal,0.0005981270223855972,0.38481223338229736,3.455118887579374
1933,0,normal,0.0005980656715109944,0.38481223338229736,3.4576199462128443
1934,0,normal,0.0005980003043077886,0.38481223338229736,3.4601214143358447
1935,0,normal,0.0005979409907013178,0.38481223338229736,3.4626232258208347
1936,0,normal,0.000597875565290451,0.38481223338229736,3.465125380658492
1937,0,normal,0.0005978121771477163,0.38481223338229736,3.4676278807755807
1938,0,normal,0.0005977468681521714,0.38481223338229736,3.47013065801184
1939,0,normal,0.0005976849352009594,0.38481223338229736,3.472633844760594
1940,0,normal,0.0005976210231892765,0.38481223338229736,3.4751373105250423
1941,0,normal,0.0005975586245767772,0.38481223338229736,3.477641185818811
1942,0,normal,0.0005974906962364912,0.38481223338229736,3.4801454044618367
1943,0,normal,0.0005974239320494235,0.38481223338229736,3.4826499664513904
1944,0,normal,0.0005973597289994359,0.38481223338229736,3.4851548736978657
1945,0,normal,0.0005972922081127763,0.3847004232194932,3.487660057984158
1946,0,normal,0.0005972274229861796,0.3847004232194932,3.490165651838879
1947,0,normal,0.0005971611826680601,0.3847004232194932,3.492671524628804
1948,0,normal,0.0005970933707430959,0.3847004232194932,3.495177806996253
1949,0,normal,0.0005970229976810515,0.3847004232194932,3.497684432699316
1950,0,normal,0.000596958096139133,0.3847004232194932,3.500191401734355
1951,0,normal,0.0005968918558210135,0.3847004232194932,3.5026986496568497
1952,0,normal,0.0005968219484202564,0.3847004232194932,3.5052062408292386
1953,0,normal,0.0005967543111182749,0.3847004232194932,3.5077142416109837
1954,0,normal,0.0005966854514554143,0.3847004232194932,3.510222521252217
1955,0,normal,0.0005966180469840765,0.3847004232194932,3.512731210523498
1956,0,normal,0.0005965480813756585,0.3847004232194932,3.5152402431140217
1957,0,normal,0.0005964779411442578,0.3847004232194932,3.517749619020151
1958,0,normal,0.0005964066367596388,0.3847004232194932,3.520259273740976
1959,0,normal,0.0005963342846371233,0.3847004232194932,3.522769271690322
1960,0,normal,0.0005962643190287054,0.3847004232194932,3.525279679305413
1961,0,normal,0.000596192548982799,0.3847004232194932,3.527790365699957
1962,0,normal,0.0005961221759207547,0.3847004232194932,3.5303013953196114
1963,0,normal,0.0005960497655905783,0.3847004232194932,3.5328128346218364
1964,0,normal,0.0005959771224297583,0.3847004232194932,3.53532461722898
1965,0,normal,0.0005959058762528002,0.3847004232194932,3.537836678571466
1966,0,normal,0.0005958337569609284,0.3847004232194932,3.5403490831299678
1967,0,normal,0.0005957610555924475,0.3847004232194932,3.5428618973980974
1968,0,normal,0.0005956896347925067,0.3847004232194932,3.5453749903740572
1969,0,normal,0.0005956142558716238,0.3847004232194932,3.5478884265567103
1970,0,normal,0.0005955392261967063,0.3847004232194932,3.5504022724746847
1971,0,normal,0.0005954641383141279,0.3847004232194932,3.5529164616798425
1972,0,normal,0.0005953888176009059,0.3847004232194932,3.555430994171047
1973,0,normal,0.0005953125655651093,0.3847004232194932,3.5579458053089184
1974,0,normal,0.0005952395149506629,0.3847004232194932,3.5604610262098504
1975,0,normal,0.0005951662897132337,0.3845269403199846,3.562976525734939
1976,0,normal,0.0005950910272076726,0.3845269403199846,3.5654923684567166
1977,0,normal,0.0005950103513896465,0.38391421218995786,3.568008620957471
1978,0,normal,0.00059493537992239,0.38391421218995786,3.570525216735632
1979,0,normal,0.0005948577891103923,0.38391421218995786,3.5730421557807404
1980,0,normal,0.0005947284516878426,0.38391421218995786,3.5755620907179946
1981,0,normal,0.0005947087192907929,0.38391421218995786,3.578079721202812
1982,0,normal,0.0005946319433860481,0.38391421218995786,3.580597630238117
1983,0,normal,0.0005945519078522921,0.38391421218995786,3.5831158824560134
1984,0,normal,0.000594474608078599,0.38391421218995786,3.5856345444983617
1985,0,normal,0.0005943940486758947,0.38391421218995786,3.5881535498042467
1986,0,normal,0.0005943119758740067,0.38391421218995786,3.590672898368439
1987,0,normal,0.0005942382849752903,0.38391421218995786,3.5931925254246835
1988,0,normal,0.0005941552808508277,0.38391421218995786,3.5957125623399406
1989,0,normal,0.0005940762930549681,0.38391421218995786,3.598232877724513
1990,0,normal,0.0005939963739365339,0.38391421218995786,3.600753536274624
1991,0,normal,0.0005939135444350541,0.3840874186514813,3.603274604709668
1992,0,normal,0.0005938336835242808,0.3840874186514813,3.605796016385966
1993,0,normal,0.0005937508540228009,0.3842607032567082,3.6083177712991983
1994,0,normal,0.0005936691886745393,0.38424454093315247,3.6108398046364982
1995,0,normal,0.0005935888621024787,0.3844178964255555,3.6133622478794223
1996,0,normal,0.0005935077206231654,0.3844178964255555,3.615884969514809
1997,0,normal,0.0005934223299846053,0.383818900135907,3.618408034303684
1998,0,normal,0.0005933394422754645,0.383818900135907,3.6209315090161454
1999,0,normal,0.0005932549829594791,0.383818900135907,3.6234553269616754
2000,0,normal,0.0005931722698733211,0.383818900135907,3.625979488136636
2001,0,normal,0.0005930878687649965,0.383818900135907,3.6285039276492626
2002,0,normal,0.0005930053303018212,0.383818900135907,3.6310287103046903
2003,0,normal,0.0005929214530624449,0.383818900135907,3.6335538380178605
2004,0,normal,0.0005928348400630057,0.383818900135907,3.6360793737812855
2005,0,normal,0.0005927473539486527,0.383818900135907,3.6386053196010835
2006,0,normal,0.0005926658632233739,0.383818900135907,3.6411315437874237
2007,0,normal,0.0005925779696553946,0.383818900135907,3.643658111185232
2008,0,normal,0.0005924916476942599,0.383818900135907,3.646184956851812
2009,0,normal,0.000592406140640378,0.383818900135907,3.6487121456420937
2010,0,normal,0.0005923229036852717,0.383818900135907,3.651236870419325
2011,0,normal,0.0005922308191657066,0.383818900135907,3.6537648092937616
2012,0,normal,0.0005921429255977273,0.383818900135907,3.656293158272092
2013,0,normal,0.0005920593393966556,0.3836458147643742,3.658821785543978
2014,0,normal,0.0005919688264839351,0.3836458147643742,3.6613507560093694
2015,0,normal,0.0005918798269703984,0.3839373148463586,3.6638800046644064
2016,0,normal,0.0005917923408560455,0.3839373148463586,3.666409596433823
2017,0,normal,0.0005917037487961352,0.3836503420600395,3.6689395332277854
2018,0,normal,0.0005916117806918919,0.3836503420600395,3.67146987817182
2019,0,normal,0.0005915243527851999,0.3836503420600395,3.6740006332661324
2020,0,normal,0.0005914323846809566,0.3836503420600395,3.676531666576693
2021,0,normal,0.0005913477507419884,0.3836503420600395,3.6790630430691635
2022,0,normal,0.0005912539199925959,0.3836503420600395,3.6815946976716987
2023,0,normal,0.0005911636399105191,0.3836503420600395,3.6841266953711056
2024,0,normal,0.0005910719046369195,0.38300768910998156,3.686659038085736
2025,0,normal,0.0005909776664339006,0.38300768910998156,3.6891917889993238
2026,0,normal,0.0005908876191824675,0.38300768910998156,3.6917249501075275
2027,0,normal,0.0005907965241931379,0.38300768910998156,3.6942583893564915
2028,0,normal,0.0005907037411816418,0.38300768910998156,3.6967921717719037
2029,0,normal,0.0005906124133616686,0.38300768910998156,3.699326232219164
2030,0,normal,0.0005905224825255573,0.38300768910998156,3.701860635754656
2031,0,normal,0.0005904270801693201,0.38300768910998156,3.704395449442927
2032,0,normal,0.0005903310957364738,0.38300768910998156,3.7069306062919622
2033,0,normal,0.0005902364500798285,0.38300768910998156,3.7094661733906378
2034,0,normal,0.0005901425029151142,0.3837726445423388,3.7120019514497926
2035,0,normal,0.0005900528631173074,0.3837726445423388,3.7145380725828545
2036,0,normal,0.0005899559473618865,0.3856416693016725,3.7170745387029456
2037,0,normal,0.0005898606614209712,0.3856416693016725,3.719611347896034
2038,0,normal,0.0005897630471736193,0.3856416693016725,3.7221485672894232
2039,0,normal,0.000589667703025043,0.3856416693016725,3.724686129833117
2040,0,normal,0.0005895700887776911,0.3856416693016725,3.7272241026712436
2041,0,normal,0.0005894742207601666,0.3856416693016725,3.729762286330242
2042,0,normal,0.0005893785855732858,0.3856416693016725,3.732300813050415
2043,0,normal,0.0005892848130315542,0.3856416693016725,3.7348396847446566
2044,0,normal,0.0005891871405765414,0.3856416693016725,3.737378899492569
2045,0,normal,0.0005890873726457357,0.38532586433574273,3.7399185244935325
2046,0,normal,0.0005889866733923554,0.3854997076772391,3.7424584926234274
2047,0,normal,0.0005888916202820837,0.38744116720810673,3.7449988710993694
2048,0,normal,0.0005887954612262547,0.38744116720810673,3.747539460261578
2049,0,normal,0.0005886922008357942,0.38744116720810673,3.750080392461541
2050,0,normal,0.0005885962746106088,0.38744116720810673,3.752621669626251
2051,0,normal,0.0005884960992261767,0.38688105415772867,3.7551632898312164
2052,0,normal,0.000588393653742969,0.38688105415772867,3.757705320329933
2053,0,normal,0.0005882929544895887,0.38670658788998064,3.760247693952806
2054,0,normal,0.0005881931865587831,0.38670658788998064,3.762790477966064
2055,0,normal,0.0005880969692952931,0.38670658788998064,3.7653334725239347
2056,0,normal,0.0005879918462596834,0.38670658788998064,3.767876810111602
2057,0,normal,0.0005878903320990503,0.38670658788998064,3.7704204926412785
2058,0,normal,0.0005877902149222791,0.3871126959309476,3.7729645181989326
2059,0,normal,0.000587682006880641,0.3871126959309476,3.7755089541033158
2060,0,normal,0.0005875822971574962,0.3871126959309476,3.778053733110937
2061,0,normal,0.0005874796188436449,0.3871126959309476,3.780598855223843
2062,0,normal,0.0005873762420378625,0.38780151974144755,3.783144255000934
2063,0,normal,0.0005872732726857066,0.38780151974144755,3.785689997798727
2064,0,normal,0.0005871721659786999,0.38780151974144755,3.7882360855232946
2065,0,normal,0.0005870640743523836,0.38780151974144755,3.790782516261288
2066,0,normal,0.0005869621527381241,0.38780151974144755,3.79332935739194
2067,0,normal,0.0005868563894182444,0.3881515191892307,3.795876541614234
2068,0,normal,0.0005867519648745656,0.3878089084658438,3.7984240689249873
2069,0,normal,0.0005866477149538696,0.3878089084658438,3.800971873823073
2070,0,normal,0.0005865425337105989,0.38815891458211416,3.8035200217259444
2071,0,normal,0.0005864364793524146,0.38815891458211416,3.8060685145421758
2072,0,normal,0.0005863287951797247,0.38815891458211416,3.8086173503577356
2073,0,normal,0.0005862240795977414,0.38815891458211416,3.8111665966166584
2074,0,normal,0.0005861136014573276,0.38815891458211416,3.8137161859492608
2075,0,normal,0.0005860087112523615,0.38815891458211416,3.816266118354406
2076,0,normal,0.0005858972435817122,0.38815891458211416,3.818816328275261
2077,0,normal,0.0005857926444150507,0.38815891458211416,3.8213668811824846
2078,0,normal,0.0005856850184500217,0.38815891458211416,3.82391784456604
2079,0,normal,0.0005849587032571435,0.38815891458211416,3.8264998455522345
2080,0,normal,0.0005855134804733098,0.38815891458211416,3.829051596631871
2081,0,normal,0.0005854136543348432,0.38815891458211416,3.8316036252622325
2082,0,normal,0.0005852976464666426,0.38815891458211416,3.8341559969512673
2083,0,normal,0.0005851853056810796,0.38815891458211416,3.836708646074385
2084,0,normal,0.0005850720917806029,0.38815891458211416,3.8392616381693188
2085,0,normal,0.0005849581793881953,0.38815891458211416,3.8418150407928806
2086,0,normal,0.0005848448490723968,0.38815891458211416,3.8443687208184656
2087,0,normal,0.0005847318097949028,0.38815891458211416,3.846922877035013
2088,0,normal,0.0005846157437190413,0.38815891458211416,3.8494773107183846
2089,0,normal,0.0005845010164193809,0.38815891458211416,3.852032087443831
2090,0,normal,0.000584387278649956,0.38815891458211416,3.854587141524462
2091,0,normal,0.0005842726095579565,0.38815891458211416,3.8571425385698603
2092,0,normal,0.000584157241974026,0.38815891458211416,3.8596983461882246
2093,0,normal,0.0005840411176905036,0.38815891458211416,3.8622544311285765
2094,0,normal,0.0005839275545440614,0.38815891458211416,3.8648109923749416
2095,0,normal,0.0005838162614963949,0.38815891458211416,3.8673678310071864
2096,0,normal,0.0005836962955072522,0.38815891458211416,3.869925012666272
2097,0,normal,0.0005835824995301664,0.38815891458211416,3.8724824716177864
2098,0,normal,0.0005834618932567537,0.3885092365866448,3.8750402735017815
2099,0,normal,0.0005833496688865125,0.3885092365866448,3.8775984860103563
2100,0,normal,0.0005832358729094267,0.3885092365866448,3.880156975763839
2101,0,normal,0.0005831169546581805,0.3885092365866448,3.882715941937704
2102,0,normal,0.0005830012378282845,0.3885092365866448,3.885275185416731
2103,0,normal,0.0005828863359056413,0.3885092365866448,3.8878347719105477
2104,0,normal,0.0005827673012390733,0.3885092365866448,3.8903946356103916
2105,0,normal,0.0005826501874253154,0.38874185322038196,3.892954842237714
2106,0,normal,0.0005825327825732529,0.38874185322038196,3.8955154595339536
2107,0,normal,0.0005824141553603113,0.38874185322038196,3.89807635400075
2108,0,normal,0.0005822957609780133,0.38874185322038196,3.900637657229481
2109,0,normal,0.0005821794620715082,0.38874185322038196,3.9031675210692356
2110,0,normal,0.0005820622900500894,0.38874185322038196,3.9057294103076856
2111,0,normal,0.0005819436628371477,0.38874185322038196,3.9082916443740032
2112,0,normal,0.0005818238132633269,0.38874185322038196,3.9108542213552937
2113,0,normal,0.0005817044293507934,0.38970093062403494,3.9134172090564334
2114,0,normal,0.0005815843469463289,0.38970093062403494,3.9159805397482614
2115,0,normal,0.0005814646719954908,0.38970093062403494,3.9185442134298683
2116,0,normal,0.000581348838750273,0.38970093062403494,3.921108232018014
2117,0,normal,0.0005812267190776765,0.38970093062403494,3.92367252574968
2118,0,normal,0.0005811041337437928,0.38970093062403494,3.9262372302328004
2119,0,normal,0.0005809832946397364,0.38970093062403494,3.9288022117525543
2120,0,normal,0.0005808617570437491,0.38970093062403494,3.9313676040389964
2121,0,normal,0.0005807421403005719,0.38970093062403494,3.933933339301575
2122,0,normal,0.0005806172848679125,0.3894949722661083,3.9364994175432457
2123,0,normal,0.0005804960383102298,0.3894949722661083,3.939065840671674
2124,0,normal,0.0005803742678835988,0.3894949722661083,3.9416325388647238
2125,0,normal,0.000580252381041646,0.3894949722661083,3.9441996478608417
2126,0,normal,0.0005801285151392221,0.3894949722661083,3.9467670338187872
2127,0,normal,0.000580004183575511,0.3894949722661083,3.949334830587304
2128,0,normal,0.0005798821221105754,0.3894949722661083,3.951902970320134
2129,0,normal,0.0005797576741315424,0.3894949722661083,3.9544714530120473
2130,0,normal,0.0005796313635073602,0.3894949722661083,3.9570402805802587
2131,0,normal,0.0005795094766654074,0.3894949722661083,3.959609383137149
2132,0,normal,0.0005793828167952597,0.3894949722661083,3.9621788965419
2133,0,normal,0.0005792598822154105,0.3894949722661083,3.9647486868323085
2134,0,normal,0.0005791350267827511,0.3894949722661083,3.9673188879783083
2135,0,normal,0.0005790082504972816,0.3894949722661083,3.969889432077025
2136,0,normal,0.0005788783892057836,0.3892829097182042,3.9724603191230017
2137,0,normal,0.0005787556292489171,0.3892829097182042,3.9750315510239034
2138,0,normal,0.000578628561925143,0.3892829097182042,3.9776030578420887
2139,0,normal,0.0005785016110166907,0.38887452497260083,3.980174975555201
2140,0,normal,0.0005783755914308131,0.38887452497260083,3.9827471700741626
2141,0,normal,0.0005782466032542288,0.38887452497260083,3.985319775501466
2142,0,normal,0.0005781169747933745,0.38887452497260083,3.9878927238623874
2143,0,normal,0.0005779904895462096,0.38887452497260083,3.990466015154425
2144,0,normal,0.0005778623162768781,0.38887452497260083,3.9930395832100203
2145,0,normal,0.0005777323385700583,0.38887452497260083,3.995613494111012
2146,0,normal,0.0005776036414317787,0.38887452497260083,3.9981878159528605
2147,0,normal,0.0005774751189164817,0.38887452497260083,4.000762414527344
2148,0,normal,0.0005773435113951564,0.38887452497260083,4.003337355939493
2149,0,normal,0.0005772145232185721,0.3894010955264353,4.0059127083166
2150,0,normal,0.0005770851275883615,0.3894010955264353,4.008488403607998
2151,0,normal,0.0005769548006355762,0.3894010955264353,4.01106437558974
2152,0,normal,0.0005768202245235443,0.3894010955264353,4.013640690396642
2153,0,normal,0.0005766913527622819,0.3894010955264353,4.016217416198515
2154,0,normal,0.0005765610258094966,0.3894010955264353,4.018794418647758
2155,0,normal,0.0005764267407357693,0.3894010955264353,4.021371763923298
2156,0,normal,0.0005762946675531566,0.3894010955264353,4.023949520212682
2157,0,normal,0.0005761604406870902,0.3894402977296745,4.026527619402032
2158,0,normal,0.0005760267958976328,0.3894402977296745,4.029106061491575
2159,0,normal,0.000575894140638411,0.3894402977296745,4.03168478018074
2160,0,normal,0.0005757593316957355,0.3894402977296745,4.034263909906258
2161,0,normal,0.0005756294704042375,0.3894402977296745,4.036843316204568
2162,0,normal,0.0005754927988164127,0.39005326131568224,4.039423065314622
2163,0,normal,0.0005753586883656681,0.39005326131568224,4.042003225484677
2164,0,normal,0.0005752243450842798,0.39005326131568224,4.044583728544012
2165,0,normal,0.0005750910495407879,0.39005326131568224,4.047164574485805
2166,0,normal,0.0005749528645537794,0.39005326131568224,4.049745696948776
2167,0,normal,0.0005748189869336784,0.39005326131568224,4.052327230499031
2168,0,normal,0.0005746864480897784,0.39005326131568224,4.054909040540906
2169,0,normal,0.0005745472735725343,0.39005326131568224,4.0574911933845215
2170,0,normal,0.0005744083318859339,0.3898773645226153,4.060073757333157
2171,0,normal,0.0005742720677517354,0.3898773645226153,4.062656664152428
2172,0,normal,0.0005741356289945543,0.3898773645226153,4.065239913843925
2173,0,normal,0.000574000587221235,0.3898773645226153,4.067823439975427
2174,0,normal,0.0005738616455346346,0.3898773645226153,4.070407377247875
2175,0,normal,0.0005737266037613153,0.3898773645226153,4.072991590933043
2176,0,normal,0.0005735859740525484,0.3898773645226153,4.075576147402899
2177,0,normal,0.0005734439473599195,0.3898773645226153,4.078161115025978
2178,0,normal,0.0005733079742640257,0.3898773645226153,4.080746425510597
2179,0,normal,0.0005731690325774252,0.3898773645226153,4.083332078847661
2180,0,normal,0.0005730292177759111,0.3898773645226153,4.085918008549243
2181,0,normal,0.0005728876567445695,0.3898773645226153,4.088504349433379
2182,0,normal,0.0005727479583583772,0.3898773645226153,4.091090966662705
2183,0,normal,0.0005726091330870986,0.3898773645226153,4.093677926651935
2184,0,normal,0.0005724711227230728,0.3898773645226153,4.096265297853051
2185,0,normal,0.0005723242647945881,0.3898773645226153,4.098853011892743
2186,0,normal,0.0005721834022551775,0.3898773645226153,4.101441068770782
2187,0,normal,0.0005720407352782786,0.3898773645226153,4.10402940193876
2188,0,normal,0.0005719024338759482,0.3898773645226153,4.1066180778614125
2189,0,normal,0.0005717599997296929,0.3898773645226153,4.109207098449815
2190,0,normal,0.0005716164596378803,0.3898773645226153,4.1117964617913
2191,0,normal,0.0005714719300158322,0.3898773645226153,4.114386302973571
2192,0,normal,0.0005713294958695769,0.3898773645226153,4.116976420466472
2193,0,normal,0.0005711861304007471,0.3898773645226153,4.11956688078476
2194,0,normal,0.0005710445693694055,0.3898773645226153,4.122157617318408
2195,0,normal,0.0005708984099328518,0.3898773645226153,4.124748696587176
2196,0,normal,0.0005707531818188727,0.3898773645226153,4.127340120509643
2197,0,normal,0.0005706088850274682,0.3898773645226153,4.129931953809546
2198,0,normal,0.0005704629002138972,0.3898773645226153,4.132524198490273
2199,0,normal,0.0005703182541765273,0.3898773645226153,4.135116719408643
2200,0,normal,0.0005701698246411979,0.3898773645226153,4.137709583137621
2201,0,normal,0.0005700286128558218,0.3898773645226153,4.140302722995784
2202,0,normal,0.0005698821041733027,0.3898773645226153,4.142896205582929
2203,0,normal,0.0005697383312508464,0.3895258088657648,4.145490032806265
2204,0,normal,0.0005695888539776206,0.3894168243222787,4.148084269457058
2205,0,normal,0.0005694400169886649,0.3894168243222787,4.150678917536197
2206,0,normal,0.0005692933918908238,0.3894168243222787,4.153273841772261
2207,0,normal,0.0005691474070772529,0.3892048043224259,4.155869108805973
2208,0,normal,0.0005689958343282342,0.3892048043224259,4.158464651896111
2209,0,normal,0.000568850024137646,0.3892048043224259,4.161060537694993
2210,0,normal,0.0005687008379027247,0.3892048043224259,4.163656768115061
2211,0,normal,0.0005685515934601426,0.3892048043224259,4.166253408011016
2212,0,normal,0.0005684008356183767,0.3892048043224259,4.168850459383748
2213,0,normal,0.0005682549090124667,0.3892048043224259,4.171447786837234
2214,0,normal,0.0005681015318259597,0.3889928997579562,4.174045457072225
2215,0,normal,0.0005679519381374121,0.3889928997579562,4.176643403286334
2216,0,normal,0.0005678065354004502,0.3889928997579562,4.179241692190772
2217,0,normal,0.0005676554865203798,0.3889928997579562,4.181840325707299
2218,0,normal,0.0005675011198036373,0.3889928997579562,4.184439368743824
2219,0,normal,0.0005673478590324521,0.3889928997579562,4.187038823307375
2220,0,normal,0.0005671995459124446,0.3889928997579562,4.189638553872783
2221,0,normal,0.0005670467508025467,0.3889928997579562,4.192238558434838
2222,0,normal,0.0005668923840858042,0.38934397445255164,4.194838907596704
2223,0,normal,0.0005667447112500668,0.38934397445255164,4.197439599434574
2224,0,normal,0.0005665895878337324,0.38949622338706147,4.200040702757406
2225,0,normal,0.0005664341151714325,0.38949622338706147,4.202642148829
2226,0,normal,0.000566281785722822,0.38949622338706147,4.205244006475596
2227,0,normal,0.0005661299219354987,0.38949622338706147,4.20784607122755
2228,0,normal,0.0005659753223881125,0.38949622338706147,4.210448478645503
2229,0,normal,0.0005658215377479792,0.38949622338706147,4.213051230648944
2230,0,normal,0.0005656664143316448,0.38932057779349716,4.215654325318383
2231,0,normal,0.0005655112909153104,0.38932057779349716,4.218257831511664
2232,0,normal,0.0005653562839142978,0.38932057779349716,4.220861680450071
2233,0,normal,0.0005651986575685441,0.38935804405258734,4.223465941008726
2234,0,normal,0.0005650454550050199,0.38935804405258734,4.226070408525402
2235,0,normal,0.0005648877704516053,0.38935804405258734,4.228675218699436
2236,0,normal,0.0005647342186421156,0.38935804405258734,4.231280373443951
2237,0,normal,0.0005645771743729711,0.38935804405258734,4.233885870836957
2238,0,normal,0.0005644226330332458,0.3895701475300519,4.236491779802009
2239,0,normal,0.0005642622127197683,0.3895701475300519,4.239098031496269
2240,0,normal,0.0005641020834445953,0.3895701475300519,4.241704694861028
2241,0,normal,0.0005639467854052782,0.3895701475300519,4.244311565045109
2242,0,normal,0.0005637844442389905,0.3895701475300519,4.24691877787086
2243,0,normal,0.0005636332207359374,0.3895701475300519,4.249526335249811
2244,0,normal,0.0005634743138216436,0.3895701475300519,4.252134235264066
2245,0,normal,0.0005633118562400341,0.3895701475300519,4.254742546896978
2246,0,normal,0.0005631546955555677,0.3895701475300519,4.257351201246593
2247,0,normal,0.0005629928200505674,0.3898894310211305,4.259960267307406
2248,0,normal,0.0005628319922834635,0.3898894310211305,4.262569540056575
2249,0,normal,0.0005626726197078824,0.3898894310211305,4.2651791554221745
2250,0,normal,0.000562514178454876,0.38964528470415577,4.267789115334381
2251,0,normal,0.0005623523611575365,0.39036951014926535,4.270399417864155
2252,0,normal,0.0005621906602755189,0.39036951014926535,4.273010132064883
2253,0,normal,0.0005620309966616333,0.39036951014926535,4.275621188962987
2254,0,normal,0.0005618671420961618,0.39036951014926535,4.278232588557557
2255,0,normal,0.0005617064307443798,0.39036951014926535,4.280844263685822
2256,0,normal,0.0005615417030639946,0.39036951014926535,4.283456281426652
2257,0,normal,0.0005613816902041435,0.39036951014926535,4.286068643691351
2258,0,normal,0.0005612173117697239,0.39036951014926535,4.288681348560658
2259,0,normal,0.000561055785510689,0.39036951014926535,4.291294465145711
2260,0,normal,0.0005608915816992521,0.3900175107206169,4.29390792441427
2261,0,normal,0.0005607276689261198,0.3900175107206169,4.296521726367473
2262,0,normal,0.0005605649785138667,0.3900175107206169,4.299135803778654
2263,0,normal,0.0005604033940471709,0.3900175107206169,4.301750223782847
2264,0,normal,0.000560239190235734,0.39025103042079046,4.304365055538938
2265,0,normal,0.0005600745207630098,0.39025103042079046,4.306980162716172
2266,0,normal,0.000559907522983849,0.39025103042079046,4.30959568165531
2267,0,normal,0.000559741398319602,0.39025103042079046,4.312211543266358
2268,0,normal,0.000559575273655355,0.39025103042079046,4.3148277475429495
2269,0,normal,0.0005594099638983607,0.39025103042079046,4.3174442272020315
2270,0,normal,0.00055924360640347,0.39025103042079046,4.320061049437982
2271,0,normal,0.0005590802757069468,0.39025103042079046,4.322678283472669
2272,0,normal,0.0005589128122664988,0.38918139935362384,4.3252957928525575
2273,0,normal,0.0005587469204328954,0.38918139935362384,4.327913714047327
2274,0,normal,0.000558572995942086,0.3893569821555427,4.330531977895362
2275,0,normal,0.0005584069294854999,0.3893569821555427,4.33315058439166
2276,0,normal,0.0005582395824603736,0.389532644173273,4.335769466194051
2277,0,normal,0.0005580732831731439,0.389532644173273,4.338388690559441
2278,0,normal,0.0005579025018960238,0.389532644173273,4.341008326773363
2279,0,normal,0.0005577354459092021,0.389532644173273,4.343628238254496
2280,0,normal,0.0005575630930252373,0.3897083854425536,4.346248628977719
2281,0,normal,0.0005573933594860137,0.38853784539430347,4.3488692950277255
2282,0,normal,0.0005572251393459737,0.38853784539430347,4.351490303715309
2283,0,normal,0.0005570558132603765,0.38853784539430347,4.3541115876264485
2284,0,normal,0.0005568877677433193,0.38853784539430347,4.356733214091264
2285,0,normal,0.0005567145999521017,0.38853784539430347,4.359355252449177
2286,0,normal,0.0005565448082052171,0.38853784539430347,4.361977565993811
2287,0,normal,0.0005563729209825397,0.38853784539430347,4.364600358894677
2288,0,normal,0.0005562014412134886,0.38853784539430347,4.367223427043427
2289,0,normal,0.0005560306599363685,0.38853784539430347,4.369846837817477
2290,0,normal,0.0005558590055443347,0.38853784539430347,4.372470523736638
2291,0,normal,0.0005556884570978582,0.38853784539430347,4.375094552192877
2292,0,normal,0.0005555129027925432,0.38888850939227215,4.377718992589735
2293,0,normal,0.0005553413648158312,0.38888850939227215,4.380343708098053
2294,0,normal,0.0005551672074943781,0.38888850939227215,4.382968833647055
2295,0,normal,0.000554995727725327,0.38888850939227215,4.385594303719699
2296,0,normal,0.0005548173212446272,0.38888850939227215,4.388220116402408
2297,0,normal,0.0005546462489292026,0.38888850939227215,4.390846204149057
2298,0,normal,0.0005544740124605596,0.38888850939227215,4.393472634417094
2299,0,normal,0.0005542956059798598,0.38888850939227215,4.39609947667509
2300,0,normal,0.000554124650079757,0.38888850939227215,4.398726593971105
2301,0,normal,0.0005539485136978328,0.38888850939227215,4.401354121351687
2302,0,normal,0.0005537723191082478,0.38888850939227215,4.40398199324045
2303,0,normal,0.0005535944947041571,0.38888850939227215,4.40661020772086
2304,0,normal,0.0005534197553060949,0.38888850939227215,4.409238764794964
2305,0,normal,0.00055324612185359,0.38888850939227215,4.411867596847287
2306,0,normal,0.0005530688213184476,0.38888850939227215,4.414496840936408
2307,0,normal,0.0005528919864445925,0.38888850939227215,4.417126427606263
2308,0,normal,0.0005527114844880998,0.38888850939227215,4.419756356859807
2309,0,normal,0.0005525355809368193,0.38888850939227215,4.422386630608571
2310,0,normal,0.0005523588042706251,0.38888850939227215,4.425017177366271
2311,0,normal,0.0005521813873201609,0.38888850939227215,4.427648136192829
2312,0,normal,0.0005520030972547829,0.38888850939227215,4.430279369923937
2313,0,normal,0.0005518232937902212,0.38888850939227215,4.432911015735954
2314,0,normal,0.0005516440141946077,0.38888850939227215,4.435543004119609
2315,0,normal,0.0005514673539437354,0.38888850939227215,4.438175335064898
2316,0,normal,0.0005512862117029727,0.38888850939227215,4.440808010492901
2317,0,normal,0.0005511046038009226,0.38888850939227215,4.443440958855717
2318,0,normal,0.0005509276525117457,0.38888850939227215,4.4460743193299095
2319,0,normal,0.0005507470341399312,0.38888850939227215,4.448707954633846
2320,0,normal,0.000550568220205605,0.38888850939227215,4.451342002063257
2321,0,normal,0.0005503835272975266,0.38888850939227215,4.453976392052709
2322,0,normal,0.0005502047715708613,0.38888850939227215,4.456611124592428
2323,0,normal,0.0005500218248926103,0.38888850939227215,4.459246201592123
2324,0,normal,0.0005498401005752385,0.38888850939227215,4.461881551448869
2325,0,normal,0.0005496610538102686,0.38888850939227215,4.464517313471788
2326,0,normal,0.0005494783399626613,0.38888850939227215,4.4671533502439615
2327,0,normal,0.0005492970813065767,0.38888850939227215,4.469789799187083
2328,0,normal,0.0005491134361363947,0.3898470051954697,4.472426590675923
2329,0,normal,0.0005489294999279082,0.3898470051954697,4.475063724697748
2330,0,normal,0.0005487494636327028,0.3898470051954697,4.477701203170227
2331,0,normal,0.000548563024494797,0.3898470051954697,4.480338954416084
2332,0,normal,0.0005483797867782414,0.3898470051954697,4.4829771178792726
2333,0,normal,0.0005481944535858929,0.3898470051954697,4.485615556008952
2334,0,normal,0.0005480109248310328,0.3898470051954697,4.48825433658476
2335,0,normal,0.0005478252423927188,0.3898470051954697,4.490893529391542
2336,0,normal,0.0005476417718455195,0.3898470051954697,4.493533064721987
2337,0,normal,0.0005474572535604239,0.38934588258886965,4.496172874674812
2338,0,normal,0.0005472714547067881,0.38934588258886965,4.498813027066262
2339,0,normal,0.0005470855394378304,0.38934588258886965,4.50145359171529
2340,0,normal,0.0005469009047374129,0.38934588258886965,4.504094430958958
2341,0,normal,0.0005467148148454726,0.38934588258886965,4.506735612626244
2342,0,normal,0.0005465246504172683,0.3894015615110642,4.509377206578165
2343,0,normal,0.0005463386187329888,0.3894015615110642,4.512019143037151
2344,0,normal,0.0005461480468511581,0.3894015615110642,4.514661421996607
2345,0,normal,0.0005459641688503325,0.3894015615110642,4.5173039754947695
2346,0,normal,0.0005457784864120185,0.3894015615110642,4.519946941304397
2347,0,normal,0.0005455891950987279,0.3894015615110642,4.522590181622718
2348,0,normal,0.0005454021156765521,0.38975300503192933,4.525233764354198
2349,0,normal,0.0005452111945487559,0.38975300503192933,4.527877759416469
2350,0,normal,0.0005450237658806145,0.39090345606798027,4.5305220969705715
2351,0,normal,0.0005448309239000082,0.39090345606798027,4.533166777013321
2352,0,normal,0.0005446471041068435,0.39090345606798027,4.535811731515196
2353,0,normal,0.0005444571725092828,0.39090345606798027,4.5384570983685535
2354,0,normal,0.0005442656110972166,0.39090345606798027,4.541102739663074
2355,0,normal,0.0005440755048766732,0.39090345606798027,4.543748723353701
2356,0,normal,0.0005438850494101644,0.39090345606798027,4.5463951194174115
2357,0,normal,0.0005436929641291499,0.39090345606798027,4.5490418579615834
2358,0,normal,0.0005435036728158593,0.39090345606798027,4.551688938981442
2359,0,normal,0.0005433122278191149,0.39090345606798027,4.5543362943792545
2360,0,normal,0.0005431203171610832,0.39090345606798027,4.556984062179481
2361,0,normal,0.0005429291049949825,0.39090345606798027,4.559632104336515
2362,0,normal,0.0005427374271675944,0.39090345606798027,4.562280488884198
2363,0,normal,0.000542542664334178,0.39090345606798027,4.564929285849303
2364,0,normal,0.0005423533148132265,0.39090345606798027,4.567578425274178
2365,0,normal,0.0005421561072580516,0.39090345606798027,4.570227907161097
2366,0,normal,0.0005419656517915428,0.39090345606798027,4.572877663347754
2367,0,normal,0.0005417736247181892,0.39090345606798027,4.575527831990257
2368,0,normal,0.0005415808409452438,0.39090345606798027,4.57817827491067
2369,0,normal,0.0005413840990513563,0.3903748539358284,4.580829060198312
2370,0,normal,0.0005411893944256008,0.3903748539358284,4.583480257958627
2371,0,normal,0.0005409982404671609,0.3905509751758634,4.586131798166207
2372,0,normal,0.0005408012657426298,0.3905509751758634,4.58878368081082
2373,0,normal,0.0005406067939475179,0.3907271758746312,4.591435837686959
2374,0,normal,0.0005404127296060324,0.3907271758746312,4.594088336922368
2375,0,normal,0.0005402171518653631,0.3907271758746312,4.596741180426079
2376,0,normal,0.0005400213995017111,0.3907271758746312,4.599394366283377
2377,0,normal,0.0005398234934546053,0.3907271758746312,4.602048032907533
2378,0,normal,0.0005396265187300742,0.3907271758746312,4.604701973785495
2379,0,normal,0.0005394276813603938,0.3907271758746312,4.607356257087758
2380,0,normal,0.0005392350140027702,0.3912604314030246,4.610010814548787
2381,0,normal,0.0005390369915403426,0.3912604314030246,4.612665714344303
2382,0,normal,0.0005388395511545241,0.3912604314030246,4.615320958399025
2383,0,normal,0.000538643856998533,0.3912604314030246,4.6179765447875525
2384,0,normal,0.0005384440300986171,0.39181673610721673,4.620632612057307
2385,0,normal,0.0005382466479204595,0.39181673610721673,4.623288953503788
2386,0,normal,0.0005380464717745781,0.39181673610721673,4.625945637360701
2387,0,normal,0.0005378493806347251,0.39181673610721673,4.628602595291568
2388,0,normal,0.0005376513581722975,0.39181673610721673,4.6312598955457815
2389,0,normal,0.0005374519387260079,0.39181673610721673,4.633917540039647
2390,0,normal,0.0005372477462515235,0.39181673610721673,4.636575595227669
2391,0,normal,0.0005370525759644806,0.39181673610721673,4.6392340631107345
2392,0,normal,0.0005368532729335129,0.39181673610721673,4.641892805087764
2393,0,normal,0.0005366505356505513,0.39181673610721673,4.644551889462946
2394,0,normal,0.0005364518729038537,0.39208820840786995,4.647211247827727
2395,0,normal,0.0005362492520362139,0.39208820840786995,4.649870948513126
2396,0,normal,0.0005360502982512116,0.39208820840786995,4.65253099341885
2397,0,normal,0.0005358466296456754,0.39208820840786995,4.655191449065342
2398,0,normal,0.00053564109839499,0.39208820840786995,4.6578523174505335
2399,0,normal,0.0005354452296160161,0.39208820840786995,4.660513459853519
2400,0,normal,0.0005352375446818769,0.39208820840786995,4.663174944639195
2401,0,normal,0.0005350395804271102,0.39267704807560294,4.665836703344894
2402,0,normal,0.0005348349222913384,0.39267704807560294,4.668498804342107
2403,0,normal,0.0005346362013369799,0.39267704807560294,4.6711612495541885
2404,0,normal,0.0005344304954633117,0.39267704807560294,4.67382410554751
2405,0,normal,0.0005342263029888272,0.39267704807560294,4.676487374331828
2406,0,normal,0.0005340249626897275,0.39267704807560294,4.679150917055722
2407,0,normal,0.0005338186165317893,0.39267704807560294,4.681814731717623
2408,0,normal,0.0005336180329322815,0.392499968070594,4.68447889057461
2409,0,normal,0.0005334113375283778,0.392499968070594,4.687143391714017
2410,0,normal,0.0005332056898623705,0.392499968070594,4.689808237048737
2411,0,normal,0.0005329981213435531,0.392499968070594,4.6924734932160845
2412,0,normal,0.0005327961407601833,0.392499968070594,4.69513916222013
2413,0,normal,0.000532588514033705,0.392499968070594,4.697805105086218
2414,0,normal,0.000532384729012847,0.39232296792084614,4.700471319810504
2415,0,normal,0.0005321799544617534,0.39232296792084614,4.703137878713278
2416,0,normal,0.0005319711053743958,0.39232296792084614,4.705804779887785
2417,0,normal,0.0005317675531841815,0.3921460475903482,4.708472093849878
2418,0,normal,0.000531555968336761,0.3921460475903482,4.711139750157372
2419,0,normal,0.0005313503206707537,0.3921460475903482,4.7138078193447654
2420,0,normal,0.0005311432760208845,0.3921460475903482,4.716476091769664
2421,0,normal,0.0005309368716552854,0.3921460475903482,4.719144706449015
2422,0,normal,0.0005307297105900943,0.3921460475903482,4.721813665297532
2423,0,normal,0.0005305222584865987,0.3921460475903482,4.724482966399137
2424,0,normal,0.0005303106154315174,0.3921460475903482,4.727152680335394
2425,0,normal,0.0005301028140820563,0.3921460475903482,4.72982273659818
2426,0,normal,0.0005298949545249343,0.3921460475903482,4.732493205796118
2427,0,normal,0.0005296854069456458,0.3921460475903482,4.735163878084677
2428,0,normal,0.0005294749862514436,0.3921460475903482,4.73783489261632
2429,0,normal,0.0005292660789564252,0.3921460475903482,4.740506251300076
2430,0,normal,0.0005290555418469012,0.3921460475903482,4.743177952221458
2431,0,normal,0.0005288478569127619,0.3921460475903482,4.745850066022058
2432,0,normal,0.0005286353989504278,0.3921460475903482,4.7485225221425935
2433,0,normal,0.0005284255021251738,0.3921460475903482,4.751195391235342
2434,0,normal,0.0005277391755953431,0.3921460475903482,4.753894868234511
2435,0,normal,0.000528037257026881,0.3921460475903482,4.756568310431248
2436,0,normal,0.0005278341704979539,0.3921460475903482,4.7592420967712314
2437,0,normal,0.0005276164738461375,0.3921460475903482,4.76191622533338
2438,0,normal,0.000527402909938246,0.39213940854004975,4.764590766827496
2439,0,normal,0.0005271865520626307,0.3928212717052618,4.767265650618356
2440,0,normal,0.0005269703106023371,0.3928212717052618,4.769940947435998
2441,0,normal,0.0005267554661259055,0.3928212717052618,4.772616447066184
2442,0,normal,0.0005265437066555023,0.3928212717052618,4.775292288906485
2443,0,normal,0.0005263289203867316,0.3928212717052618,4.777968474869795
2444,0,normal,0.000526112096849829,0.3928212717052618,4.780645003037989
2445,0,normal,0.0005258932942524552,0.3934657928450706,4.783321944182944
2446,0,normal,0.0005256792646832764,0.3934657928450706,4.7859992276139565
2447,0,normal,0.0005254627321846783,0.3934657928450706,4.788676853322158
2448,0,normal,0.0005252473056316376,0.3934657928450706,4.791354752424468
2449,0,normal,0.0005250312970019877,0.3934657928450706,4.794032993721885
2450,0,normal,0.000524815812241286,0.3934657928450706,4.7967115791273045
2451,0,normal,0.0005245974753051996,0.3934657928450706,4.799390506720329
2452,0,normal,0.000524386006873101,0.39364330859089425,4.802069847346047
2453,0,normal,0.0005241676699370146,0.39382090442459494,4.80474953023122
2454,0,normal,0.0005239493912085891,0.39382090442459494,4.807429555386989
2455,0,normal,0.0005237318109720945,0.39382090442459494,4.810109853854328
2456,0,normal,0.0005235137650743127,0.39382090442459494,4.812790494500632
2457,0,normal,0.0005232978146523237,0.39382090442459494,4.815471548208507
2458,0,normal,0.000523081049323082,0.39382090442459494,4.818152875194073
2459,0,normal,0.0005228653899393976,0.3945857221609661,4.8208346152528065
2460,0,normal,0.0005226423381827772,0.3945857221609661,4.823516697564855
2461,0,normal,0.0005224296473897994,0.3945857221609661,4.826199122126809
2462,0,normal,0.0005222098552621901,0.3945857221609661,4.8288818199237085
2463,0,normal,0.000521992624271661,0.3945857221609661,4.831564859886839
2464,0,normal,0.0005217724246904254,0.3945857221609661,4.834221070193507
2465,0,normal,0.0005215537967160344,0.3945857221609661,4.836904768540762
2466,0,normal,0.000521333422511816,0.3945857221609661,4.839588880007568
2467,0,normal,0.0005211159586906433,0.3945857221609661,4.8422733337106365
2468,0,normal,0.0005208959919400513,0.39497899170488804,4.844958129650195
2469,0,normal,0.0005206775385886431,0.3953396888430448,4.847643198746937
2470,0,normal,0.0005201933090575039,0.3953396888430448,4.850343324888399
2471,0,normal,0.0005199906881898642,0.3953396888430448,4.853043881574422
2472,0,normal,0.0005197932478040457,0.3953396888430448,4.855744728771697
2473,0,normal,0.0005195938283577561,0.3953396888430448,4.858446006533995
2474,0,normal,0.0005193901597522199,0.3953396888430448,4.861147643912091
2475,0,normal,0.0005191868986003101,0.3953396888430448,4.863849640902799
2476,0,normal,0.0005189799703657627,0.3953396888430448,4.866551997503393
2477,0,normal,0.0005187714123167098,0.3953396888430448,4.869254644567036
2478,0,normal,0.0005185646004974842,0.3953396888430448,4.87195772222185
2479,0,normal,0.0005183545290492475,0.3953396888430448,4.874661090317204
2480,0,normal,0.0005181431770324707,0.3953396888430448,4.877364889019873
2481,0,normal,0.0005179280997253954,0.3953396888430448,4.880069116501545
2482,0,normal,0.0005177132552489638,0.3948008736249741,4.882773634473779
2483,0,normal,0.0005174977122806013,0.3948008736249741,4.885478512040663
2484,0,normal,0.000517280597705394,0.3948008736249741,4.8881836799857865
2485,0,normal,0.0005170601070858538,0.3948008736249741,4.890889278573923
2486,0,normal,0.0005168482894077897,0.3948008736249741,4.893595167521198
2487,0,normal,0.0005166205228306353,0.3948008736249741,4.896301415973312
2488,0,normal,0.0005164011963643134,0.3948008736249741,4.899008164332372
2489,0,normal,0.0005161795997992158,0.3948008736249741,4.901715203097183
2490,0,normal,0.0005159593420103192,0.3948008736249741,4.9044226014455035
2491,0,normal,0.0005157380946911871,0.3948008736249741,4.907130290094756
2492,0,normal,0.0005155178369022906,0.3948008736249741,4.909838409432496
2493,0,normal,0.000515291525516659,0.3948008736249741,4.912546819045247
2494,0,normal,0.0005150687647983432,0.3948008736249741,4.915255588157152
2495,0,normal,0.0005148429190739989,0.3948008736249741,4.917964857273546
2496,0,normal,0.0005146170733496547,0.3948008736249741,4.9206744167215675
2497,0,normal,0.0005143924499861896,0.3948008736249741,4.92338433573309
2498,0,normal,0.0005141660803928971,0.3948008736249741,4.9260945449668725
2499,0,normal,0.0005139412824064493,0.3948008736249741,4.928805184934163
2500,0,normal,0.0005137120606377721,0.3948008736249741,4.931501004894471
2501,0,normal,0.0005134862731210887,0.3954309768963514,4.934197097657034
2502,0,normal,0.0005132579826749861,0.3944546018677686,4.9368936731518716
2503,0,normal,0.0005130327772349119,0.3944546018677686,4.939590521506261
2504,0,normal,0.0005125415045768023,0.3944546018677686,4.942302491945156
2505,0,normal,0.0005123314331285655,0.3944546018677686,4.945014821916402
2506,0,normal,0.0005121247377246618,0.3944546018677686,4.94772744202578
2507,0,normal,0.0005119157722219825,0.3944546018677686,4.950440492923462
2508,0,normal,0.0005117086111567914,0.3950256796393819,4.953153833934266
2509,0,normal,0.0005114935338497162,0.3950256796393819,4.955867605749972
2510,0,normal,0.0005112774088047445,0.3950256796393819,4.958581806540451
2511,0,normal,0.000511061807628721,0.39426414735170556,4.961296226127388
2512,0,normal,0.0005108434124849737,0.39426414735170556,4.964011076538327
2513,0,normal,0.0005106284515932202,0.39426414735170556,4.966726217004634
2514,0,normal,0.0005104053416289389,0.39426414735170556,4.969441788303357
2515,0,normal,0.0005101862479932606,0.39426414735170556,4.972157649639712
2516,0,normal,0.0005099620320834219,0.39426414735170556,4.974874011316388
2517,0,normal,0.0005097367684356868,0.39426414735170556,4.977590732596582
2518,0,normal,0.000509510631673038,0.39426414735170556,4.980307672531126
2519,0,normal,0.0005092876381240785,0.39426414735170556,4.983025043335147
2520,0,normal,0.0005090594058856368,0.39426414735170556,4.985742704115864
2521,0,normal,0.0005088318721391261,0.39390863609635346,4.9884607957790195
2522,0,normal,0.0005086080636829138,0.39390863609635346,4.991179177397498
2523,0,normal,0.0005083723808638752,0.39390863609635346,4.993898059470212
2524,0,normal,0.0005081427516415715,0.39390863609635346,4.996617301129618
2525,0,normal,0.0005079121328890324,0.39390863609635346,4.999336761298991
2526,0,normal,0.0005076848319731653,0.39390863609635346,5.002056652386727
2527,0,normal,0.0005075552617199719,0.39390863609635346,5.004770778587272
2528,0,normal,0.0005072111962363124,0.39390863609635346,5.007491384177456
2529,0,normal,0.0005069788312539458,0.39390863609635346,5.010212279638608
2530,0,normal,0.0005067433812655509,0.39390863609635346,5.012933604130922
2531,0,normal,0.0005065117729827762,0.3944420232825777,5.015655359648235
2532,0,normal,0.0005062810378149152,0.3944420232825777,5.018377333542048
2533,0,normal,0.0005060473340563476,0.3944420232825777,5.021099738393559
2534,0,normal,0.0005058100214228034,0.3944420232825777,5.0238071885178215
2535,0,normal,0.0005055783549323678,0.3944420232825777,5.026514980648017
2536,0,normal,0.0005053410422988236,0.3944420232825777,5.02922311669613
2537,0,normal,0.0005051065236330032,0.3944420232825777,5.031931664430886
2538,0,normal,0.0005048731691204011,0.3944420232825777,5.034640625854536
2539,0,normal,0.000504633819218725,0.3944420232825777,5.037349859732558
2540,0,normal,0.0005044029676355422,0.39437448849627954,5.040059364067929
2541,0,normal,0.0005041639669798315,0.39437448849627954,5.042769212304847
2542,0,normal,0.0005039285169914365,0.39437448849627954,5.045479402532692
2543,0,normal,0.0005036926595494151,0.39419664302061314,5.048190006401683
2544,0,normal,0.0005034551722928882,0.39419664302061314,5.05090095233777
2545,0,normal,0.0005032179178670049,0.39419664302061314,5.053612312007999
2546,0,normal,0.0005029814783483744,0.39419664302061314,5.056323872377334
2547,0,normal,0.0005027441075071692,0.39419664302061314,5.059035774729182
2548,0,normal,0.0005025052814744413,0.39419664302061314,5.061748020974164
2549,0,normal,0.0005022660479880869,0.39419664302061314,5.064460609189837
2550,0,normal,0.0005020290263928473,0.39419664302061314,5.0671736110923575
2551,0,normal,0.0005017896764911711,0.39421693201928026,5.069886955047878
2552,0,normal,0.0005015499191358685,0.3938878181688803,5.072600712786425
2553,0,normal,0.0005013147019781172,0.3938878181688803,5.075314671086517
2554,0,normal,0.0005010731401853263,0.3942696910170024,5.078028971345702
2555,0,normal,0.0005008351290598512,0.3942696910170024,5.080743615485062
2556,0,normal,0.000500596477650106,0.3942696910170024,5.083458601581924
2557,0,normal,0.000500355614349246,0.3942696910170024,5.086180245963305
2558,0,normal,0.0005001139943487942,0.3942696910170024,5.088895994151926
2559,0,normal,0.0004998707445338368,0.3942696910170024,5.091612156179281
2560,0,normal,0.0004996355273760855,0.3942696910170024,5.094328518620159
2561,0,normal,0.0004993924521841109,0.3942696910170024,5.097045223010582
2562,0,normal,0.0004991531604900956,0.3942696910170024,5.099762271261852
2563,0,normal,0.0004989122971892357,0.3942696910170024,5.102479661452435
2564,0,normal,0.0004986693384125829,0.3942696910170024,5.105197465430592
2565,0,normal,0.0004984286497347057,0.3942696910170024,5.107915611426506
2566,0,normal,0.0004981858655810356,0.39409189280037044,5.110634171297306
2567,0,normal,0.0004979446530342102,0.39409189280037044,5.113352931449981
2568,0,normal,0.0004976995987817645,0.39409189280037044,5.116072033534465
2569,0,normal,0.0004974630428478122,0.39409189280037044,5.11879147946388
2570,0,normal,0.000497218279633671,0.39409189280037044,5.121511267322376
2571,0,normal,0.000496974098496139,0.39409189280037044,5.12423146900619
2572,0,normal,0.0004967337590642273,0.39409189280037044,5.126952012697075
2573,0,normal,0.0004964871914125979,0.39409189280037044,5.1296728983911635
2574,0,normal,0.0004962441162206233,0.39265552953896093,5.132394056073963
2575,0,normal,0.000496000109706074,0.39265552953896093,5.135115555670609
2576,0,normal,0.0004957556375302374,0.39265552953896093,5.137837469131
2577,0,normal,0.0004955131444148719,0.3924784592378617,5.140559654539629
2578,0,normal,0.0004952665767632425,0.3921203726074766,5.1432822538283745
2579,0,normal,0.0004950226866640151,0.3927060575993452,5.1460051951023615
2580,0,normal,0.0004947768757119775,0.3927060575993452,5.148728478370913
2581,0,normal,0.000494536361657083,0.3927060575993452,5.151452033543819
2582,0,normal,0.0004942880477756262,0.3927060575993452,5.15417593061693
2583,0,normal,0.0004940422950312495,0.3927060575993452,5.156900241595849
2584,0,normal,0.000493799801915884,0.3927060575993452,5.1596248244568415
2585,0,normal,0.000493549567181617,0.3927060575993452,5.162349821237285
2586,0,normal,0.0004933066666126251,0.3923362258826518,5.165075159993194
2587,0,normal,0.0004930566647090018,0.3923362258826518,5.167800840715927
2588,0,normal,0.0004928146372549236,0.3923362258826518,5.170526793274121
2589,0,normal,0.0004925672546960413,0.3923362258826518,5.173253087720923
2590,0,normal,0.0004923200467601418,0.3923362258826518,5.175979796114689
2591,0,normal,0.0004920709179714322,0.3923362258826518,5.178706776312083
2592,0,normal,0.0004918212653137743,0.3923362258826518,5.18143417047304
2593,0,normal,0.0004915791214443743,0.3923362258826518,5.184161906594682
2594,0,normal,0.000491329759825021,0.3919824530500965,5.186889984674735
2595,0,normal,0.0004910814459435642,0.3919824530500965,5.189618334507031
2596,0,normal,0.0004908323171548545,0.3919824530500965,5.1923470262067895
2597,0,normal,0.0004905856912955642,0.3919824530500965,5.1950761319101275
2598,0,normal,0.0004903378430753946,0.3918056862767654,5.197805509336831
2599,0,normal,0.0004900876665487885,0.3918056862767654,5.200535371013302
2600,0,normal,0.0004898376064375043,0.3918056862767654,5.203265504469982
2601,0,normal,0.0004895891761407256,0.39338749341095314,5.2059959798664295
2602,0,normal,0.0004893438890576363,0.39338749341095314,5.208726726931218
2603,0,normal,0.0004890908021479845,0.39338749341095314,5.211457815860513
2604,0,normal,0.0004888424882665277,0.39338749341095314,5.214189318836588
2605,0,normal,0.0004885928938165307,0.39338749341095314,5.216921093448718
2606,0,normal,0.0004883412620984018,0.39338749341095314,5.219653280214061
2607,0,normal,0.0004880870401393622,0.3938938179283492,5.22238581081956
2608,0,normal,0.0004878418694715947,0.39305848187361386,5.225118683350502
2609,0,normal,0.00048759268247522414,0.39305848187361386,5.227851827478844
2610,0,normal,0.00048733738367445767,0.39305848187361386,5.230585313444408
2611,0,normal,0.0004870858683716506,0.39305848187361386,5.233319213508366
2612,0,normal,0.00048683673958294094,0.39305848187361386,5.236053385132436
2613,0,normal,0.0004865835653617978,0.39305848187361386,5.238787968953602
2614,0,normal,0.00048633289407007396,0.39305848187361386,5.241522896601509
2615,0,normal,0.00048608361976221204,0.39305848187361386,5.244258166158488
2616,0,normal,0.000485829048557207,0.39305848187361386,5.246993777622947
2617,0,normal,0.00048557622358202934,0.39305848187361386,5.249729660595904
2618,0,normal,0.00048532476648688316,0.39305848187361386,5.252465957712275
2619,0,normal,0.00048507441533729434,0.39305848187361386,5.2552025263080395
2620,0,normal,0.00048481932026334107,0.39305848187361386,5.2579395071509225
2621,0,normal,0.00048456681543029845,0.39305848187361386,5.260676831804176
2622,0,normal,0.00048431375762447715,0.3925532311256081,5.26341449835013
2623,0,normal,0.0004840578476432711,0.3925532311256081,5.266152506786057
2624,0,normal,0.00048380327643826604,0.3925532311256081,5.268890786654083
2625,0,normal,0.00048355493345297873,0.3925532311256081,5.271629480712363
2626,0,normal,0.00048330059507861733,0.3925532311256081,5.2743684461768225
2627,0,normal,0.00048304180381819606,0.3925532311256081,5.2771078239291
2628,0,normal,0.0004827879602089524,0.3925532311256081,5.279847545478788
2629,0,normal,0.0004825350479222834,0.3925532311256081,5.282587536483106
2630,0,normal,0.0004822776827495545,0.3925532311256081,5.2853279417129215
2631,0,normal,0.0004820243048015982,0.3921992626176233,5.28806861829662
2632,0,normal,0.00048176964628510177,0.3921992626176233,5.290809709111045
2633,0,normal,0.00048151492956094444,0.3921992626176233,5.293551141798616
2634,0,normal,0.00048126059118658304,0.3921992626176233,5.296292916357061
2635,0,normal,0.0004810028476640582,0.3921992626176233,5.2990350346888135
2636,0,normal,0.00048074853839352727,0.3921992626176233,5.301777422404257
2637,0,normal,0.0004804898635484278,0.3921992626176233,5.304520224388625
2638,0,normal,0.00048023706767708063,0.3921992626176233,5.307263297648888
2639,0,normal,0.0004799779853783548,0.3921992626176233,5.310006785189671
2640,0,normal,0.00047972428728826344,0.3921992626176233,5.312750614585184
2641,0,normal,0.00047946383710950613,0.3921992626176233,5.3154947858331525
2642,0,normal,0.00047920894576236606,0.3921992626176233,5.318239300844198
2643,0,normal,0.00047894829185679555,0.3921992626176233,5.320984085160262
2644,0,normal,0.0004786950012203306,0.39210872062854174,5.32372928378868
2645,0,normal,0.00047843344509601593,0.39210872062854174,5.326474753612729
2646,0,normal,0.00047817823360674083,0.39210872062854174,5.329220565197147
2647,0,normal,0.0004779185401275754,0.39210872062854174,5.3319667911205215
2648,0,normal,0.00047766094212420285,0.39210872062854174,5.334713358878616
2649,0,normal,0.00047740215086378157,0.39210872062854174,5.337460270382735
2650,0,normal,0.00047714708489365876,0.39210872062854174,5.340207451114566
2651,0,normal,0.0004768851795233786,0.39210872062854174,5.342955046207635
2652,0,normal,0.0004766268248204142,0.39210872062854174,5.3457029124190285
2653,0,normal,0.0004763675096910447,0.39210872062854174,5.348451120373056
2654,0,normal,0.0004761088639497757,0.3911676957013604,5.3511997427101505
2655,0,normal,0.0004758499562740326,0.3911676957013604,5.353948706869232
2656,0,normal,0.00047559061204083264,0.3911676957013604,5.356698085505968
2657,0,normal,0.0004753287648782134,0.3911676957013604,5.359447662616958
2658,0,normal,0.0004750723601318896,0.3911676957013604,5.362197654140118
2659,0,normal,0.00047480795183219016,0.3915207331973903,5.364947916696792
2660,0,normal,0.0004745494807139039,0.3915207331973903,5.36769852098314
2661,0,normal,0.0004742867313325405,0.3911500226973684,5.370449539699848
2662,0,normal,0.00047402860946021974,0.3911500226973684,5.373200900221491
2663,0,normal,0.0004737655399367213,0.3911500226973684,5.375952602547386
2664,0,normal,0.00047350628301501274,0.3911500226973684,5.378704575855636
2665,0,normal,0.0004732413508463651,0.3913430354064961,5.3814569636188025
2666,0,normal,0.0004729823849629611,0.3913430354064961,5.384209622340904
2667,0,normal,0.00047272065421566367,0.39042491441297816,5.3869626227794924
2668,0,normal,0.00047245860332623124,0.39042491441297816,5.389716037692324
2669,0,normal,0.00047219678526744246,0.39042491441297816,5.392469794395993
2670,0,normal,0.0004719346179626882,0.39042491441297816,5.395223892886179
2671,0,normal,0.00047167178126983345,0.39042491441297816,5.3979782622800485
2672,0,normal,0.0004714123497251421,0.39042491441297816,5.400733046179539
2673,0,normal,0.00047115006600506604,0.39042491441297816,5.403488100958384
2674,0,normal,0.00047088644350878894,0.39053838835428034,5.406243497435753
2675,0,normal,0.000470622384455055,0.39053838835428034,5.408999308434204
2676,0,normal,0.00047036170144565403,0.39053838835428034,5.41175546121076
2677,0,normal,0.00047009598347358406,0.39053838835428034,5.414511955756325
2678,0,normal,0.0004698338161688298,0.39053838835428034,5.417268721128039
2679,0,normal,0.00046956667210906744,0.3903622727903459,5.420025901050394
2680,0,normal,0.00046930223470553756,0.3903622727903459,5.42278335177366
2681,0,normal,0.000469042279291898,0.3900468010594064,5.4255411441797605
2682,0,normal,0.00046877682325430214,0.3900468010594064,5.4282993511574205
2683,0,normal,0.0004685120366048068,0.3900468010594064,5.431057899891584
2684,0,normal,0.00046824695891700685,0.3900468010594064,5.4338167903868
2685,0,normal,0.0004679836565628648,0.3900468010594064,5.436575951622444
2686,0,normal,0.0004677171818912029,0.3900468010594064,5.439335454530692
2687,0,normal,0.0004674560041166842,0.3900468010594064,5.442095301021936
2688,0,normal,0.00046718743396922946,0.3900468010594064,5.444855489172824
2689,0,normal,0.00046692011528648436,0.3900468010594064,5.447616162986151
2690,0,normal,0.0004666570166591555,0.3900468010594064,5.450377107572422
2691,0,normal,0.0004663908330257982,0.3900468010594064,5.453138393899508
2692,0,normal,0.0004661235143430531,0.3900468010594064,5.455899950895173
2693,0,normal,0.00046586041571572423,0.3900468010594064,5.458661849543205
2694,0,normal,0.00046559330075979233,0.3900468010594064,5.461424091754452
2695,0,normal,0.00046532557462342083,0.3900468010594064,5.464186675620795
2696,0,normal,0.0004650588962249458,0.3900468010594064,5.466949745252805
2697,0,normal,0.00046479207230731845,0.3900468010594064,5.469713085579997
2698,0,normal,0.0004645247827284038,0.3900468010594064,5.472476767632315
2699,0,normal,0.0004642588319256902,0.3900468010594064,5.475240720271813
2700,0,normal,0.0004639911057893187,0.3900468010594064,5.478005014552309
2701,0,normal,0.00046372582437470555,0.3900468010594064,5.480769652380559
2702,0,normal,0.00046345623559318483,0.3900468010594064,5.483534631843213
2703,0,normal,0.00046319045941345394,0.3900468010594064,5.486300097183403
2704,0,normal,0.0004629204049706459,0.3900468010594064,5.489065833143513
2705,0,normal,0.00046265145647339523,0.3900468010594064,5.491831910809196
2706,0,normal,0.00046238399227149785,0.3900468010594064,5.494598258986798
2707,0,normal,0.0004621175758074969,0.3900832900401824,5.497364948785844
2708,0,normal,0.00046184801612980664,0.3900832900401824,5.500131982121729
2709,0,normal,0.0004615763609763235,0.3900832900401824,5.502899428295223
2710,0,normal,0.00046130563714541495,0.3900832900401824,5.505667289303801
2711,0,normal,0.00046104128705337644,0.38990737970548695,5.508435420850901
2712,0,normal,0.0004607711161952466,0.38990737970548695,5.511203894097207
2713,0,normal,0.0004605021676979959,0.38990737970548695,5.513972637773577
2714,0,normal,0.0004602318222168833,0.38990737970548695,5.5167417230541105
2715,0,normal,0.000459963281173259,0.38990737970548695,5.519511151858296
2716,0,normal,0.0004596900544129312,0.38990737970548695,5.522280993544882
2717,0,normal,0.00045942081487737596,0.38990737970548695,5.525051250114075
2718,0,normal,0.0004591522738337517,0.38990737970548695,5.5278217771463005
2719,0,normal,0.0004588830634020269,0.38990737970548695,5.530592572632713
2720,0,normal,0.0004586128634400666,0.38990737970548695,5.5333637116266345
2721,0,normal,0.0004583396657835692,0.38990737970548695,5.53613519220994
2722,0,normal,0.0004580719396471977,0.38990737970548695,5.5389070162927965
2723,0,normal,0.000457797315903008,0.38990737970548695,5.541679253311486
2724,0,normal,0.00045752624282613397,0.38990737970548695,5.544451905257347
2725,0,normal,0.00045725496602244675,0.38990737970548695,5.547224827590071
2726,0,normal,0.00045698389294557273,0.38973154869858284,5.549998018296947
2727,0,normal,0.00045671474072150886,0.38973154869858284,5.552771552493368
2728,0,normal,0.00045644486090168357,0.38973154869858284,5.555545428265532
2729,0,normal,0.0004561697132885456,0.38973154869858284,5.558319718924622
2730,0,normal,0.0004558975051622838,0.38973154869858284,5.5610943512326685
2731,0,normal,0.00045562084414996207,0.38973154869858284,5.563869398520637
2732,0,normal,0.0004553544567897916,0.38973154869858284,5.566644716112023
2733,0,normal,0.0004550827434286475,0.3914485725914337,5.5694203019997985
2734,0,normal,0.00045481015695258975,0.3914485725914337,5.572196231365297
2735,0,normal,0.0004545335832517594,0.3912720465746091,5.574972502287437
2736,0,normal,0.0004542603564914316,0.3912720465746091,5.577749188142434
2737,0,normal,0.0004539885849226266,0.3916831477466065,5.58052621563138
2738,0,normal,0.0004537152126431465,0.3916831477466065,5.583303658148225
2739,0,normal,0.0004534430627245456,0.39185985923554195,5.586081297489727
2740,0,normal,0.0004531675949692726,0.39185985923554195,5.588859278379914
2741,0,normal,0.000452895590569824,0.39185985923554195,5.591637602724859
2742,0,normal,0.00045262076309882104,0.39185985923554195,5.594416268619852
2743,0,normal,0.00045234576100483537,0.39185985923554195,5.597195349484309
2744,0,normal,0.0004520709626376629,0.39185985923554195,5.5999747719729385
2745,0,normal,0.00045179881271906197,0.39185985923554195,5.6027546095353955
2746,0,normal,0.00045152270467951894,0.3920578049156589,5.605534643779492
2747,0,normal,0.00045124866301193833,0.3920578049156589,5.608315019556812
2748,0,normal,0.0004509775899350643,0.3920578049156589,5.61109573877593
2749,0,normal,0.00045070130727253854,0.3920578049156589,5.613876799523268
2750,0,normal,0.0004504251992329955,0.3920578049156589,5.616658275296686
2751,0,normal,0.0004501492076087743,0.3920578049156589,5.619440092669947
2752,0,normal,0.00044987324508838356,0.3920578049156589,5.622222325167058
2753,0,normal,0.00044960295781493187,0.3921461022111867,5.6250047542027914
2754,0,normal,0.00044932510354556143,0.3921461022111867,5.627787524756059
2755,0,normal,0.0004490486462600529,0.3921461022111867,5.630570638739982
2756,0,normal,0.00044877329492010176,0.3921461022111867,5.633354094228935
2757,0,normal,0.00044849590631201863,0.3921461022111867,5.636137964795353
2758,0,normal,0.00044821901246905327,0.3921461022111867,5.638922176947062
2759,0,normal,0.0004479485796764493,0.3921461022111867,5.641706730682245
2760,0,normal,0.0004476680187508464,0.3921461022111867,5.644491554330671
2761,0,normal,0.0004473934241104871,0.3921461022111867,5.647276719480033
2762,0,normal,0.0004471127176657319,0.3916420242670464,5.650062299731644
2763,0,normal,0.0004468367842491716,0.3916420242670464,5.652848149856936
2764,0,normal,0.00044656061800196767,0.3916420242670464,5.655634415102895
2765,0,normal,0.00044628401519730687,0.3916420242670464,5.658421021920049
2766,0,normal,0.00044600837281905115,0.3916420242670464,5.661207970307714
2767,0,normal,0.0004457312752492726,0.3917558519517883,5.6639951885263145
2768,0,normal,0.00044545080163516104,0.3917558519517883,5.666782748226979
2769,0,normal,0.0004451730928849429,0.3917558519517883,5.669570723082188
2770,0,normal,0.0004448940744623542,0.3917558519517883,5.67235896773218
2771,0,normal,0.00044462078949436545,0.3917558519517883,5.675147627548085
2772,0,normal,0.0004443392972461879,0.3932402484523891,5.677936628916314
2773,0,normal,0.00044405978405848145,0.3932402484523891,5.6807259718425485
2774,0,normal,0.0004437838797457516,0.3932402484523891,5.683515584520819
2775,0,normal,0.00044350477401167154,0.3932402484523891,5.686305538668421
2776,0,normal,0.00044322744361124933,0.3932402484523891,5.689095908011041
2777,0,normal,0.00044295008410699666,0.3932402484523891,5.691886547073636
2778,0,normal,0.00044266876648180187,0.3932402484523891,5.6946776013430735
2779,0,normal,0.00044239003909751773,0.3932402484523891,5.697468997156875
2780,0,normal,0.0004421098856255412,0.3932402484523891,5.700260734508674
2781,0,normal,0.00044183272984810174,0.3930629144688856,5.703052741535885
2782,0,normal,0.0004415521980263293,0.3930629144688856,5.705845090014691
2783,0,normal,0.00044127015280537307,0.3930629144688856,5.708637853735809
2784,0,normal,0.0004409954708535224,0.3930629144688856,5.711430887099596
2785,0,normal,0.0004407110973261297,0.3930629144688856,5.714224335720701
2786,0,normal,0.00044043170055374503,0.3930629144688856,5.717018125861387
2787,0,normal,0.0004401518381200731,0.3930629144688856,5.7198122575298385
2788,0,normal,0.0004398715100251138,0.3930629144688856,5.722606658791619
2789,0,normal,0.0004395943251438439,0.3940263008450992,5.725401401494082
2790,0,normal,0.0004393128911033273,0.39383861188420044,5.728196559483877
2791,0,normal,0.00043903072946704924,0.3934792842876771,5.7309919870338035
2792,0,normal,0.00043874853872694075,0.3934792842876771,5.733787827976812
2793,0,normal,0.00043847106280736625,0.3934792842876771,5.736584012340472
2794,0,normal,0.00043818846461363137,0.3934792842876771,5.739380538210071
2795,0,normal,0.00043790892232209444,0.3934792842876771,5.742177333600694
2796,0,normal,0.0004376264405436814,0.3934792842876771,5.744974470410625
2797,0,normal,0.00043734375503845513,0.3934792842876771,5.747772022552681
2798,0,normal,0.00043706520227715373,0.3934792842876771,5.750569844183474
2799,0,normal,0.0004367819637991488,0.3934792842876771,5.7533680792482755
2800,0,normal,0.0004365032655186951,0.39467139311268484,5.756166657720996
2801,0,normal,0.00043621944496408105,0.39467139311268484,5.758965577683057
2802,0,normal,0.00043593544978648424,0.39467139311268484,5.761764839136049
2803,0,normal,0.0004356116405688226,0.39467139311268484,5.76456725237108
2804,0,normal,0.00043533038115128875,0.39467139311268484,5.767370084249251
2805,0,normal,0.00043505430221557617,0.39467139311268484,5.770173188802573
2806,0,normal,0.00043477275175973773,0.39467139311268484,5.77297663801005
2807,0,normal,0.0004344942863099277,0.39431551464044856,5.775780505888406
2808,0,normal,0.0004342110187280923,0.39431551464044856,5.778584718500952
2809,0,normal,0.00043393444502726197,0.39431551464044856,5.7813892758517795
2810,0,normal,0.0004336533893365413,0.39431551464044856,5.784194105814095
2811,0,normal,0.00043337082024663687,0.39431551464044856,5.786999354466843
2812,0,normal,0.00043308985186740756,0.39431551464044856,5.78980487571107
2813,0,normal,0.0004328097857069224,0.39431551464044856,5.79261074160172
2814,0,normal,0.00043256935896351933,0.39431551464044856,5.795414139919103
2815,0,normal,0.0004322834138292819,0.39431551464044856,5.798217879699223
2816,0,normal,0.00043199773062951863,0.39431551464044856,5.801021960938215
2817,0,normal,0.00043171350262127817,0.39431551464044856,5.8038263114474375
2818,0,normal,0.0004314263933338225,0.39446701839556775,5.806631077429529
2819,0,normal,0.00043114201980642974,0.39413769575938634,5.809436112660023
2820,0,normal,0.0004308536881580949,0.39413769575938634,5.812241561469364
2821,0,normal,0.00043056794675067067,0.39413769575938634,5.815047353635691
2822,0,normal,0.0004302806337364018,0.39413769575938634,5.817853413104785
2823,0,normal,0.00043000016012229025,0.39413769575938634,5.820659888081309
2824,0,normal,0.0004297123523429036,0.39413769575938634,5.82346663224962
2825,0,normal,0.00042942565050907433,0.39413769575938634,5.826273791942413
2826,0,normal,0.0004291413933970034,0.39413769575938634,5.82908129306702
2827,0,normal,0.00042885536095127463,0.39413769575938634,5.831889135624806
2828,0,normal,0.00042856839718297124,0.39413769575938634,5.834697321523208
2829,0,normal,0.00042828419827856123,0.39413769575938634,5.837505774643205
2830,0,normal,0.0004279983986634761,0.39413769575938634,5.840314643324291
2831,0,normal,0.00042771190055646,0.3943524029605021,5.843123781113263
2832,0,normal,0.000427426042733714,0.3943524029605021,5.845933260243783
2833,0,normal,0.00042714111623354256,0.3943524029605021,5.848740185405404
2834,0,normal,0.0004268515040166676,0.3943524029605021,5.851547448723977
2835,0,normal,0.00042656774166971445,0.3943524029605021,5.854355052097162
2836,0,normal,0.0004262833099346608,0.3943524029605021,5.8571629936261616
2837,0,normal,0.00042599427979439497,0.3943524029605021,5.859971273300289
2838,0,normal,0.00042571095400489867,0.3943524029605021,5.862779818744002
2839,0,normal,0.0004254245723132044,0.3943524029605021,5.865588702253945
2840,0,normal,0.00042513597873039544,0.3943524029605021,5.868397998119008
2841,0,normal,0.00042485000449232757,0.3943524029605021,5.871207632122832
2842,0,normal,0.0004245620220899582,0.3943524029605021,5.874017678578866
2843,0,normal,0.0004242773284204304,0.39607981162867595,5.876827990831771
2844,0,normal,0.0004239916452206671,0.3952398397069374,5.879641614681759
2845,0,normal,0.0004237048851791769,0.3952398397069374,5.882455507486611
2846,0,normal,0.00042341556400060654,0.3952398397069374,5.8852697415991315
2847,0,normal,0.00042313060839660466,0.3952398397069374,5.88808439137938
2848,0,normal,0.0004228419275023043,0.3952398397069374,5.890899382544831
2849,0,normal,0.00042255481821484864,0.39745233546694714,5.893714789472824
2850,0,normal,0.0004222691641189158,0.39745233546694714,5.896530390990847
2851,0,normal,0.0004219787078909576,0.39745233546694714,5.899346408207066
2852,0,normal,0.00042169116204604506,0.39745233546694714,5.90216269429925
2853,0,normal,0.0004214030341245234,0.39745233546694714,5.904979321678411
2854,0,normal,0.00042111866059713066,0.39745233546694714,5.90779636477464
2855,0,normal,0.00042082887375727296,0.39612372635431076,5.910613749241747
2856,0,normal,0.00042054124060086906,0.3966335726456517,5.913431475066773
2857,0,normal,0.00042025494622066617,0.39588156474355,5.916249469722516
2858,0,normal,0.00041996705112978816,0.39588156474355,5.9190678801141985
2859,0,normal,0.0004196789232082665,0.39588156474355,5.921886559308859
2860,0,normal,0.00041939193033613265,0.39588156474355,5.9247055797764006
2861,0,normal,0.0004190984764136374,0.39588156474355,5.927525016006712
2862,0,normal,0.0004188120365142822,0.39588156474355,5.930344793584709
2863,0,normal,0.00041852513095363975,0.39588156474355,5.93316491250971
2864,0,normal,0.00041823595529422164,0.39588156474355,5.935985300185848
2865,0,normal,0.0004179451207164675,0.39588156474355,5.938806103643856
2866,0,normal,0.00041765827336348593,0.39588156474355,5.941627175827989
2867,0,normal,0.0004173259949311614,0.39588156474355,5.94445149444482
2868,0,normal,0.0004170425236225128,0.3953462309265816,5.9472762321347545
2869,0,normal,0.00041675480315461755,0.3953462309265816,5.950101314418816
2870,0,normal,0.0004164669953752309,0.3953462309265816,5.952926741300871
2871,0,normal,0.00041618230170570314,0.39588156474355,5.955752440109563
2872,0,normal,0.00041589324246160686,0.39588156474355,5.958578483425299
2873,0,normal,0.00041560822864994407,0.39588156474355,5.961404945848926
2874,0,normal,0.00041531852912157774,0.39588156474355,5.964231680160765
2875,0,normal,0.0004150297900196165,0.39588156474355,5.967058833590727
2876,0,normal,0.0004147436120547354,0.39588156474355,5.969886331600719
2877,0,normal,0.00041445702663622797,0.39588156474355,5.972714174192788
2878,0,normal,0.0004142100515309721,0.39588156474355,5.9755393795298914
2879,0,normal,0.00041391587001271546,0.39588156474355,5.978364926104405
2880,0,normal,0.0004136254428885877,0.39576653830113134,5.981190815813761
2881,0,normal,0.00041333178523927927,0.39576653830113134,5.984017046751887
2882,0,normal,0.00041304162004962564,0.39576653830113134,5.986843766347647
2883,0,normal,0.0004127475549466908,0.39576653830113134,5.989670754562667
2884,0,normal,0.00041245605098083615,0.39576653830113134,5.992498084074668
2885,0,normal,0.00041216026875190437,0.39576653830113134,5.995325682099747
2886,0,normal,0.0004118710057809949,0.39591859956800246,5.998153621337451
2887,0,normal,0.00041158165549859405,0.39591859956800246,6.000981903698175
2888,0,normal,0.00041128910379484296,0.39591859956800246,6.003810527273117
2889,0,normal,0.0004109957371838391,0.39591859956800246,6.006639639614605
2890,0,normal,0.0004107064160052687,0.39591859956800246,6.0094690204866765
2891,0,normal,0.00041041240910999477,0.39609722192035385,6.012298742648454
2892,0,normal,0.0004101213999092579,0.39609722192035385,6.0151287332423635
2893,0,normal,0.00040982983773574233,0.39609722192035385,6.01795906503321
2894,0,normal,0.00040953740244731307,0.39568459752253776,6.0207897399293415
2895,0,normal,0.0004092459275852889,0.39568459752253776,6.023620756021728
2896,0,normal,0.0004089497961103916,0.39586311430269355,6.026452260990482
2897,0,normal,0.0004086619010195136,0.39586311430269355,6.02928104206967
2898,0,normal,0.00040836879634298384,0.39586311430269355,6.03211016115506
2899,0,normal,0.0004080752842128277,0.3959875246310779,6.034939545328825
2900,0,normal,0.00040778660331852734,0.3959875246310779,6.0377692674221635
2901,0,normal,0.0004074956523254514,0.39514972839076534,6.04059932934706
2902,0,normal,0.00040720123797655106,0.39514972839076534,6.043429729191757
2903,0,normal,0.00040690848254598677,0.39514972839076534,6.046260539896821
2904,0,normal,0.00040661616367287934,0.39514972839076534,6.049091690506202
2905,0,normal,0.00040632611489854753,0.39514972839076534,6.051923179102914
2906,0,normal,0.0004060317878611386,0.39514972839076534,6.05475493271706
2907,0,normal,0.00040573874139226973,0.39514972839076534,6.057587024239638
2908,0,normal,0.000405448634410277,0.3951866947517345,6.0604224518399405
2909,0,normal,0.0004051573050674051,0.3959744227403389,6.063258293604804
2910,0,normal,0.00040486216312274337,0.3959744227403389,6.0660945515330695
2911,0,normal,0.00040456856368109584,0.3959744227403389,6.068931077763182
2912,0,normal,0.00040427673957310617,0.3959744227403389,6.071767870290159
2913,0,normal,0.0004039858467876911,0.3959744227403389,6.074605005878084
2914,0,normal,0.00040369166526943445,0.3959744227403389,6.077442482617698
2915,0,normal,0.0004034002486150712,0.3959744227403389,6.080280375469783
2916,0,normal,0.00040310414624400437,0.3959744227403389,6.083118609555413
2917,0,normal,0.0004028130497317761,0.3959744227403389,6.085957259848328
2918,0,normal,0.000402519159251824,0.3959744227403389,6.08879617836692
2919,0,normal,0.0004022279754281044,0.3961530702778328,6.0916353630946105
2920,0,normal,0.0004019342886749655,0.3961530702778328,6.094474890872334
2921,0,normal,0.00040164170786738396,0.39579585576499393,6.0973147597858315
2922,0,normal,0.0004013450816273689,0.39579585576499393,6.100155044864323
2923,0,normal,0.0004010508127976209,0.39579585576499393,6.102995671149301
2924,0,normal,0.0004007609677501023,0.39579585576499393,6.105836713693407
2925,0,normal,0.000400466175051406,0.39579585576499393,6.108678024380879
2926,0,normal,0.00040017234277911484,0.39579585576499393,6.111519601203554
2927,0,normal,0.00039987784111872315,0.39579585576499393,6.114361521058072
2928,0,normal,0.0003995845909230411,0.39579585576499393,6.1172037820354035
2929,0,normal,0.0003992911661043763,0.3961530702778328,6.120046459214791
2930,0,normal,0.0003989984397776425,0.3961530702778328,6.122889477591343
2931,0,normal,0.00039870187174528837,0.3961530702778328,6.125732912274771
2932,0,normal,0.00039841231773607433,0.3961530702778328,6.128576615018801
2933,0,normal,0.0003981158952228725,0.3961530702778328,6.1314205838227736
2934,0,normal,0.00039782095700502396,0.3961530702778328,6.134264895640172
2935,0,normal,0.0003975247382186353,0.3961530702778328,6.1371095485615115
2936,0,normal,0.00039723527152091265,0.3961530702778328,6.139954617737885
2937,0,normal,0.00039694158476777375,0.39579585576499393,6.142800028092097
2938,0,normal,0.00039664426003582776,0.39579585576499393,6.145645854798204
2939,0,normal,0.0003963499329984188,0.39579585576499393,6.148491874301953
2940,0,normal,0.00039605688652954996,0.39579585576499393,6.151338234901914
2941,0,normal,0.00039576308336108923,0.39579585576499393,6.154184938497565
2942,0,normal,0.00039546674815937877,0.39579585576499393,6.157031983181014
2943,0,normal,0.000395172304706648,0.39579585576499393,6.15987944416338
2944,0,normal,0.0003948784142266959,0.39579585576499393,6.162727246306076
2945,0,normal,0.0003945841745007783,0.3956438416405864,6.165575389612286
2946,0,normal,0.0003942873445339501,0.3956438416405864,6.168423800742403
2947,0,normal,0.00039399421075358987,0.3956438416405864,6.171272552948722
2948,0,normal,0.0003937000292353332,0.3956438416405864,6.174121721486472
2949,0,normal,0.00039340421790257096,0.3956068325174059,6.1769711578142505
2950,0,normal,0.0003931067476514727,0.3956068325174059,6.179821010493015
2951,0,normal,0.00039281227509491146,0.39527655830207126,6.182671204317103
2952,0,normal,0.00039251771522685885,0.39527655830207126,6.185521739279238
2953,0,normal,0.0003922241157852113,0.39527655830207126,6.188372541994568
2954,0,normal,0.00039193002157844603,0.39527655830207126,6.191223685765635
2955,0,normal,0.00039163397741504014,0.3949075407170188,6.1940752459167925
2956,0,normal,0.00039133941754698753,0.3949075407170188,6.196927073780671
2957,0,normal,0.00039104133611544967,0.3949075407170188,6.19977931803578
2958,0,normal,0.000390748173231259,0.3949075407170188,6.202631903425299
2959,0,normal,0.00039045297307893634,0.3949075407170188,6.205484829937177
2960,0,normal,0.0003901552117895335,0.3949075407170188,6.208338024116756
2961,0,normal,0.0003898584109265357,0.3949075407170188,6.211191559341387
2962,0,normal,0.00038956585922278464,0.3949075407170188,6.2140455109909
2963,0,normal,0.00038927048444747925,0.3949075407170188,6.216899730272871
2964,0,normal,0.0003889720537699759,0.39508570692078165,6.21975436599655
2965,0,normal,0.00038867449620738626,0.39508570692078165,6.222609342833948
2966,0,normal,0.00038838040200062096,0.3952639535058817,6.225464660782563
2967,0,normal,0.0003880856675095856,0.3952639535058817,6.228320246315889
2968,0,normal,0.0003877882263623178,0.3952639535058817,6.2311761728783495
2969,0,normal,0.0003874937247019261,0.3952639535058817,6.234032515912759
2970,0,normal,0.0003871973603963852,0.3952639535058817,6.236889126502092
2971,0,normal,0.0003869029460474849,0.3952639535058817,6.239746153579063
2972,0,normal,0.00038660626159980893,0.3952639535058817,6.242603521749288
2973,0,normal,0.00038631007191725075,0.3952639535058817,6.245461231016407
2974,0,normal,0.000386014929972589,0.3952639535058817,6.248319207793202
2975,0,normal,0.0003857188858091831,0.3952639535058817,6.2511775255791235
2976,0,normal,0.00038541940739378333,0.3952639535058817,6.254036259882923
2977,0,normal,0.00038512484752573073,0.3952639535058817,6.256895261664795
2978,0,normal,0.0003848298219963908,0.3952639535058817,6.259754604447153
2979,0,normal,0.00038453255547210574,0.3952639535058817,6.262614363770581
2980,0,normal,0.00038423569640144706,0.3952639535058817,6.265474464168619
2981,0,normal,0.0003839382261503488,0.39579917591193436,6.268334832001074
2982,0,normal,0.00038364011561498046,0.39530872733337574,6.271195540825602
2983,0,normal,0.0003833457303699106,0.39530872733337574,6.274056666214619
2984,0,normal,0.0003830506175290793,0.39530872733337574,6.2769180590019005
2985,0,normal,0.00038275012047961354,0.39530872733337574,6.279779866453055
2986,0,normal,0.0003824556479230523,0.39548707453620574,6.2826420168823915
2987,0,normal,0.0003821599530056119,0.39548707453620574,6.2855045083733785
2988,0,normal,0.00038186294841580093,0.39548707453620574,6.288367340926925
2989,0,normal,0.0003815692034550011,0.39548707453620574,6.291230440818708
2990,0,normal,0.00038127059815451503,0.39548707453620574,6.29409395732273
2991,0,normal,0.00038097493234090507,0.39548707453620574,6.296957741144297
2992,0,normal,0.00038067789864726365,0.39548707453620574,6.299821939681124
2993,0,normal,0.00038038103957660496,0.39548707453620574,6.302686481176579
2994,0,normal,0.00038008345291018486,0.39548707453620574,6.30555136371936
2995,0,normal,0.00037978775799274445,0.39548707453620574,6.308416587303782
2996,0,normal,0.0003794893273152411,0.39548707453620574,6.3112820781502705
2997,0,normal,0.0003791940398514271,0.39548707453620574,6.314147985655836
2998,0,normal,0.0003788961621467024,0.39548707453620574,6.317014160400504
2999,0,normal,0.0003785986336879432,0.39548707453620574,6.319880749904769
3000,0,normal,0.00037830325891263783,0.39548707453620574,6.322747682350382
3001,0,normal,0.00037800526479259133,0.39548707453620574,6.325614955827859
3002,0,normal,0.00037770692142657936,0.39548707453620574,6.3284825703321985
3003,0,normal,0.00037741035339422524,0.39548707453620574,6.331350452018796
3004,0,normal,0.00037711302866227925,0.39548707453620574,6.334218750410855
3005,0,normal,0.0003768166934605688,0.39548707453620574,6.337087315964027
3006,0,normal,0.00037651855382137,0.39548707453620574,6.339956296320906
3007,0,normal,0.00037622216041199863,0.39548707453620574,6.342825619606401
3008,0,normal,0.0003759261453524232,0.39548707453620574,6.345695283904206
3009,0,normal,0.000375627598259598,0.39548707453620574,6.348565289213639
3010,0,normal,0.00037533038994297385,0.39548707453620574,6.3514355616266585
3011,0,normal,0.00037503059138543904,0.39548707453620574,6.354306250790614
3012,0,normal,0.0003747395530808717,0.39548707453620574,6.357177207038831
3013,0,normal,0.00037443701876327395,0.39548707453620574,6.3600485781344105
3014,0,normal,0.00037414260441437364,0.39548707453620574,6.36292029214178
3015,0,normal,0.00037384405732154846,0.39548707453620574,6.3657922712877735
3016,0,normal,0.00037354748928919435,0.39548707453620574,6.368664667211306
3017,0,normal,0.00037324748700484633,0.3962585902229694,6.371537330164983
3018,0,normal,0.00037295118090696633,0.3962585902229694,6.374410334027516
3019,0,normal,0.0003726550203282386,0.3962585902229694,6.3772837546907795
3020,0,normal,0.00037235740455798805,0.3962585902229694,6.38015751633975
3021,0,normal,0.00037205874104984105,0.3962585902229694,6.383031620880956
3022,0,normal,0.00037175914621911943,0.3962585902229694,6.385905990484389
3023,0,normal,0.00037146208342164755,0.3962585902229694,6.3887807769142455
3024,0,normal,0.0003711643803399056,0.3962585902229694,6.391655830293303
3025,0,normal,0.0003708694421220571,0.3962585902229694,6.394531224562343
3026,0,normal,0.0003705709532368928,0.3962585902229694,6.3974070356771335
3027,0,normal,0.0003702744725160301,0.3962585902229694,6.400283187763534
3028,0,normal,0.0003699763328768313,0.3962585902229694,6.403159756792093
3029,0,normal,0.00036967810592614114,0.3962585902229694,6.4060365168093085
3030,0,normal,0.00036938063567504287,0.3962585902229694,6.408913693700697
3031,0,normal,0.00036908016772940755,0.3962585902229694,6.411791137458977
3032,0,normal,0.00036878505488857627,0.39820408210441,6.414668922095871
3033,0,normal,0.00036848842864856124,0.39820408210441,6.4175471236230806
3034,0,normal,0.0003681897360365838,0.39820408210441,6.420425666103711
3035,0,normal,0.0003678915381897241,0.39820408210441,6.423304625571745
3036,0,normal,0.000367592612747103,0.39820408210441,6.426183775892241
3037,0,normal,0.0003672987804748118,0.39820408210441,6.42906334312579
3038,0,normal,0.00036699778866022825,0.39820408210441,6.4319431771543805
3039,0,normal,0.00036670270492322743,0.39820408210441,6.434823352040212
3040,0,normal,0.0003664050018414855,0.3980511430475834,6.437703943866609
3041,0,normal,0.0003661082882899791,0.3980511430475834,6.440584876625962
3042,0,normal,0.00036580630694516003,0.3980511430475834,6.4434662264213785
3043,0,normal,0.0003655087493825704,0.3980511430475834,6.4463477669244185
3044,0,normal,0.00036521258880384266,0.3980511430475834,6.4492297243925805
3045,0,normal,0.0003649155260063708,0.3980511430475834,6.452111948569609
3046,0,normal,0.00036461788113228977,0.39823072751672656,6.454994513592283
3047,0,normal,0.00036432017805054784,0.39823072751672656,6.457877495602588
3048,0,normal,0.00036402136902324855,0.39823072751672656,6.4607608185265235
3049,0,normal,0.0003637230256572366,0.39823072751672656,6.463644482373638
3050,0,normal,0.00036342686507850885,0.39823072751672656,6.466528412870957
3051,0,normal,0.0003631303261499852,0.39823072751672656,6.469412760382738
3052,0,normal,0.0003628313716035336,0.39823072751672656,6.472297374529489
3053,0,normal,0.0003625332028605044,0.39823072751672656,6.475182329499603
3054,0,normal,0.00036223564529791474,0.39823072751672656,6.478067701501459
3055,0,normal,0.0003619403578341007,0.39823072751672656,6.480953414403984
3056,0,normal,0.0003616389003582299,0.39823072751672656,6.483839468213546
3057,0,normal,0.0003613434382714331,0.39823072751672656,6.486725788594413
3058,0,normal,0.00036104454193264246,0.39774301548558827,6.489612449789547
3059,0,normal,0.00036074721720069647,0.39774301548558827,6.492499453712753
3060,0,normal,0.00036045105662196875,0.39774301548558827,6.4953867984415865
3061,0,normal,0.00036015125806443393,0.39774301548558827,6.49827456025173
3062,0,normal,0.0003598518669605255,0.39792246094012085,6.501162662946172
3063,0,normal,0.00035955460043624043,0.39792246094012085,6.504051106528095
3064,0,normal,0.0003592561697587371,0.39792246094012085,6.5069398166028805
3065,0,normal,0.000358961260644719,0.39792246094012085,6.509828867482611
3066,0,normal,0.0003586630627978593,0.3966806279647861,6.512718261064492
3067,0,normal,0.000358365272404626,0.3966806279647861,6.515607995439041
3068,0,normal,0.0003580679767765105,0.3966806279647861,6.518498221357504
3069,0,normal,0.0003577693132683635,0.3966806279647861,6.521388713803844
3070,0,normal,0.0003574734728317708,0.3953041051086738,6.524279547111973
3071,0,normal,0.0003571735869627446,0.3947695521658303,6.527170646843388
3072,0,normal,0.0003568761167116463,0.3947695521658303,6.530062087353144
3073,0,normal,0.0003565784136299044,0.3944462723055456,6.532953870555275
3074,0,normal,0.00035627977922558784,0.3944462723055456,6.535845994533702
3075,0,normal,0.00035598440445028245,0.3944462723055456,6.538738610165183
3076,0,normal,0.0003556856245268136,0.3944462723055456,6.541631492240185
3077,0,normal,0.0003553879796527326,0.3944462723055456,6.5445247151649255
3078,0,normal,0.0003550928377080709,0.3944462723055456,6.547418204433143
3079,0,normal,0.00035479385405778885,0.3944462723055456,6.550312034465151
3080,0,normal,0.0003544958308339119,0.3944462723055456,6.553206207169751
3081,0,normal,0.00035419734194874763,0.3944462723055456,6.55610072063746
3082,0,normal,0.00035389981348998845,0.3944462723055456,6.55899572586145
3083,0,normal,0.00035360443871468306,0.3944462723055456,6.561890997452338
3084,0,normal,0.0003533047274686396,0.3944462723055456,6.56478660987932
3085,0,normal,0.0003530060057528317,0.3944462723055456,6.567682488567243
3086,0,normal,0.00035271054366603494,0.3944462723055456,6.570578708003495
3087,0,normal,0.0003524145868141204,0.39462423040378164,6.573475270100971
3088,0,normal,0.00035211557406000793,0.3946611476042761,6.576372172936544
3089,0,normal,0.0003518182784318924,0.3946611476042761,6.579269567644133
3090,0,normal,0.00035152261261828244,0.3946611476042761,6.582167228634944
3091,0,normal,0.00035122473491355777,0.3946611476042761,6.585065230444343
3092,0,normal,0.00035092775942757726,0.3946611476042761,6.587963498440786
3093,0,normal,0.000350628251908347,0.39448317285801315,6.590862107165094
3094,0,normal,0.0003503324114717543,0.39448317285801315,6.5937610585313
3095,0,normal,0.00035003668745048344,0.39430527837049995,6.596660350628099
3096,0,normal,0.00034973755828104913,0.39430527837049995,6.599560134697867
3097,0,normal,0.0003494398551993072,0.39448317285801315,6.60246018497719
3098,0,normal,0.00034914197749458253,0.39448317285801315,6.605360499458584
3099,0,normal,0.00034884840715676546,0.39448317285801315,6.608261156568915
3100,0,normal,0.0003485490451566875,0.39448317285801315,6.611162154394833
3101,0,normal,0.00034825189504772425,0.39448317285801315,6.61406356956013
3102,0,normal,0.00034795288229361176,0.39448317285801315,6.616965325519686
3103,0,normal,0.0003476539277471602,0.39448317285801315,6.619867498908661
3104,0,normal,0.00034736210363917053,0.39448317285801315,6.62276993843102
3105,0,normal,0.00034706431324593723,0.39448317285801315,6.625672642077689
3106,0,normal,0.00034676698851399124,0.39430527837049995,6.628575688333058
3107,0,normal,0.0003464693727437407,0.3941274641055434,6.6314790752931
3108,0,normal,0.0003461718442849815,0.3941274641055434,6.63438287963163
3109,0,normal,0.00034587515983730555,0.3941274641055434,6.637287024751913
3110,0,normal,0.0003455781261436641,0.3938916248121817,6.640191587348454
3111,0,normal,0.00034528059768490493,0.3938916248121817,6.643096415995842
3112,0,normal,0.0003449857758823782,0.3938916248121817,6.646001508688414
3113,0,normal,0.0003446888877078891,0.3938916248121817,6.648906943980364
3114,0,normal,0.0003443933674134314,0.3938916248121817,6.6518127199487935
3115,0,normal,0.00034409755608066916,0.3938916248121817,6.654718913351189
3116,0,normal,0.0003437970008235425,0.3938916248121817,6.65762544751351
3117,0,normal,0.0003435032849665731,0.39371399708670984,6.660532399196654
3118,0,normal,0.00034320770646445453,0.39371399708670984,6.663439616856749
3119,0,normal,0.00034290942130610347,0.39371399708670984,6.666347098481765
3120,0,normal,0.00034261075779795647,0.39371399708670984,6.669254922686832
3121,0,normal,0.000342316780006513,0.39371399708670984,6.672163087557465
3122,0,normal,0.0003420193970669061,0.39447769812842925,6.67507166990481
3123,0,normal,0.0003417240222916007,0.39447769812842925,6.677980592994572
3124,0,normal,0.0003414271050132811,0.39447769812842925,6.680889933653361
3125,0,normal,0.0003411294601392001,0.39447769812842925,6.68379954020611
3126,0,normal,0.00034083329956047237,0.39447769812842925,6.686709410646699
3127,0,normal,0.0003405398456379771,0.39415465726968835,6.689619623652106
3128,0,normal,0.0003402440925128758,0.39415465726968835,6.692530177303297
3129,0,normal,0.00033994531258940697,0.39415465726968835,6.695441148480768
3130,0,normal,0.00033965002512559295,0.39433248380309344,6.698352460382921
3131,0,normal,0.00033935130340978503,0.39433248380309344,6.701264113008165
3132,0,normal,0.000339057354722172,0.39433248380309344,6.704176031364113
3133,0,normal,0.00033876081579364836,0.39415465726968835,6.70708829036289
3134,0,normal,0.0003384656156413257,0.39415465726968835,6.710000891903974
3135,0,normal,0.00033817178336903453,0.39415465726968835,6.712913834081974
3136,0,normal,0.00033787262509576976,0.39415465726968835,6.715827193819678
3137,0,normal,0.00033757745404727757,0.39415465726968835,6.718740894270468
3138,0,normal,0.0003372824576217681,0.39415465726968835,6.721654935435254
3139,0,normal,0.00033698679180815816,0.39433248380309344,6.724569242247071
3140,0,normal,0.0003366905148141086,0.39433248380309344,6.727483889681935
3141,0,normal,0.00033639499451965094,0.39433248380309344,6.730398954711291
3142,0,normal,0.00033610191894695163,0.39433248380309344,6.733314285367214
3143,0,normal,0.00033580619492568076,0.39433248380309344,6.736230033633092
3144,0,normal,0.00033550773514434695,0.39433248380309344,6.739146122591819
3145,0,normal,0.00033521291334182024,0.39433248380309344,6.7420625522390765
3146,0,normal,0.000334917102009058,0.39415465726968835,6.744979247464471
3147,0,normal,0.00033462297869846225,0.39415465726968835,6.747896283292903
3148,0,normal,0.00033432894269935787,0.39415465726968835,6.750813736769032
3149,0,normal,0.0003340356342960149,0.39415465726968835,6.753731455782827
3150,0,normal,0.0003337371745146811,0.39415465726968835,6.7566495924556875
3151,0,normal,0.0003334401990287006,0.39408717168505,6.759568069802754
3152,0,normal,0.00033314741449430585,0.39408717168505,6.762486887828572
3153,0,normal,0.0003328518650960177,0.39408717168505,6.765405971347263
3154,0,normal,0.00033255579182878137,0.39408717168505,6.768325395452848
3155,0,normal,0.00033226158120669425,0.39408717168505,6.771245237251833
3156,0,normal,0.00033196579897776246,0.39408717168505,6.774165344512539
3157,0,normal,0.0003316722286399454,0.39408717168505,6.777085869478242
3158,0,normal,0.000331377174006775,0.39408717168505,6.7800067350985955
3159,0,normal,0.00033108258503489196,0.39408717168505,6.782927941380194
3160,0,normal,0.0003307874721940607,0.39408717168505,6.785849413080314
3161,0,normal,0.00033049151534214616,0.39408717168505,6.788771225349592
3162,0,normal,0.0003301999531686306,0.39408717168505,6.79169345535297
3163,0,normal,0.0003299050440546125,0.39408717168505,6.794615950741218
3164,0,normal,0.00032961208489723504,0.39408717168505,6.7975388638797085
3165,0,normal,0.00032931368332356215,0.39408717168505,6.800462117662391
3166,0,normal,0.0003290227032266557,0.39408717168505,6.803385712080171
3167,0,normal,0.0003287256113253534,0.39408717168505,6.806309571842348
3168,0,normal,0.0003284340491518378,0.3942649677717069,6.809233772157313
3169,0,normal,0.00032814027508720756,0.3942649677717069,6.812158390252307
3170,0,normal,0.00032784754876047373,0.3942649677717069,6.815083273654636
3171,0,normal,0.0003275545022916049,0.3942649677717069,6.8180084976020225
3172,0,normal,0.0003272602043580264,0.3942649677717069,6.820934139351493
3173,0,normal,0.0003269624139647931,0.39389165889953004,6.823860121723101
3174,0,normal,0.0003266700659878552,0.3941062320716348,6.826786444719119
3175,0,normal,0.0003263776015955955,0.3941062320716348,6.829713032962445
3176,0,normal,0.00032608385663479567,0.3941062320716348,6.83264003903264
3177,0,normal,0.00032579153776168823,0.3947882012215863,6.835567310329907
3178,0,normal,0.0003254961920902133,0.3947882012215863,6.838494997555927
3179,0,normal,0.00032520454260520637,0.3947882012215863,6.841423027299697
3180,0,normal,0.00032491068122908473,0.3947882012215863,6.8443513976537815
3181,0,normal,0.00032461484079249203,0.3947882012215863,6.847280108613859
3182,0,normal,0.00032432429725304246,0.3947882012215863,6.850209084743483
3183,0,normal,0.0003240294463466853,0.3947882012215863,6.8531384787434035
3184,0,normal,0.00032373916474170983,0.3947882012215863,6.856068137888087
3185,0,normal,0.00032344541978091,0.3947882012215863,6.8589982130113185
3186,0,normal,0.00032315088901668787,0.3947882012215863,6.861928630634793
3187,0,normal,0.0003228590067010373,0.3947882012215863,6.864859388855393
3188,0,normal,0.0003225656400900334,0.3947882012215863,6.867790487655839
3189,0,normal,0.00032227259362116456,0.3947882012215863,6.870721851553753
3190,0,normal,0.00032198007102124393,0.3947882012215863,6.873653633369258
3191,0,normal,0.0003216882760170847,0.3947882012215863,6.876585680251537
3192,0,normal,0.0003213964810129255,0.3946101691797535,6.8795181431523815
3193,0,normal,0.0003211057628504932,0.395679952560756,6.882450948540054
3194,0,normal,0.00032081056269817054,0.395679952560756,6.885384094503252
3195,0,normal,0.00032052097958512604,0.395679952560756,6.8883175810408375
3196,0,normal,0.00032022694358602166,0.395679952560756,6.891251332585625
3197,0,normal,0.0003199360508006066,0.395679952560756,6.894185502097116
3198,0,normal,0.0003196413454134017,0.395679952560756,6.8971199365930715
3199,0,normal,0.0003193485317751765,0.395679952560756,6.900054787158751
3200,0,normal,0.0003190591814927757,0.395679952560756,6.902989980193524
3201,0,normal,0.00031876942375674844,0.395679952560756,6.905925513786087
3202,0,normal,0.0003184752131346613,0.395679952560756,6.9088613879323475
3203,0,normal,0.0003181852225679904,0.395679952560756,6.9117975270139596
3204,0,normal,0.000317894562613219,0.395679952560756,6.914734006564231
3205,0,normal,0.0003176018944941461,0.395679952560756,6.9176708284906
3206,0,normal,0.0003173074801452458,0.395679952560756,6.920608066524892
3207,0,normal,0.00031702019623480737,0.395679952560756,6.923545647018273
3208,0,normal,0.00031672773184254766,0.395679952560756,6.92648349047704
3209,0,normal,0.00031643692636862397,0.3968985807134019,6.929421751971631
3210,0,normal,0.00031614548061043024,0.3968985807134019,6.932360278325177
3211,0,normal,0.0003158552572131157,0.3968985807134019,6.935299145128056
3212,0,normal,0.00031556369503960013,0.3968985807134019,6.938238429995408
3213,0,normal,0.00031527390819974244,0.3968985807134019,6.941178055387127
3214,0,normal,0.0003149813273921609,0.3968985807134019,6.944118098936087
3215,0,normal,0.0003146930830553174,0.3974094243108748,6.9470583297247686
3216,0,normal,0.00031440253951586783,0.3974094243108748,6.9499989786040715
3217,0,normal,0.0003141133929602802,0.3974094243108748,6.952939892255017
3218,0,normal,0.00031382354791276157,0.3974094243108748,6.955881146340516
3219,0,normal,0.0003135321894660592,0.3975887192626514,6.958822818533463
3220,0,normal,0.00031324283918365836,0.3975887192626514,6.961764831237815
3221,0,normal,0.0003129522956442088,0.3975887192626514,6.9647072621426105
3222,0,normal,0.00031266160658560693,0.3975887192626514,6.967649880147519
3223,0,normal,0.00031237330404110253,0.3975887192626514,6.970592916284886
3224,0,normal,0.0003120825276710093,0.3975887192626514,6.973536217120227
3225,0,normal,0.0003117930900771171,0.3974094243108748,6.976479858372386
3226,0,normal,0.00031150210998021066,0.3974094243108748,6.979423917776103
3227,0,normal,0.0003112137201242149,0.3974094243108748,6.982368317675991
3228,0,normal,0.0003109249519184232,0.3974094243108748,6.985313135817933
3229,0,normal,0.00031063597998581827,0.3972302102132024,6.988258140922426
3230,0,normal,0.0003103460476268083,0.3972302102132024,6.991203564201214
3231,0,normal,0.00031005952041596174,0.3972302102132024,6.994149252099305
3232,0,normal,0.0003097705193795264,0.3970510769331725,6.997095280399435
3233,0,normal,0.00030948189669288695,0.3970510769331725,7.000041726897507
3234,0,normal,0.00030919149867258966,0.3966930526802761,7.002988513873106
3235,0,normal,0.0003089035162702203,0.3966930526802761,7.005935719138961
3236,0,normal,0.0003086167271248996,0.3966930526802761,7.00888311122344
3237,0,normal,0.00030832597985863686,0.39723753792350747,7.011830921531555
3238,0,normal,0.0003080377646256238,0.39687934553718784,7.014778996375526
3239,0,normal,0.00030775106279179454,0.39687934553718784,7.017727411605847
3240,0,normal,0.00030746107222512364,0.39687934553718784,7.020676245076629
3241,0,normal,0.00030717297340743244,0.39687934553718784,7.023625419010614
3242,0,normal,0.0003068858932238072,0.39687934553718784,7.026574933406209
3243,0,normal,0.00030659750336781144,0.39687934553718784,7.029524712278999
3244,0,normal,0.0003063124022446573,0.39687934553718784,7.032474831528134
3245,0,normal,0.0003060247399844229,0.39789550160285475,7.035425293055141
3246,0,normal,0.00030573707772418857,0.39785721382074385,7.038376094953264
3247,0,normal,0.0003054506378248334,0.3977044079863288,7.041327315140734
3248,0,normal,0.00030516175320371985,0.39752506086404743,7.044278875767986
3249,0,normal,0.0003048747021239251,0.39752506086404743,7.047230776844572
3250,0,normal,0.00030458843684755266,0.39752506086404743,7.050182942317406
3251,0,normal,0.0003043017932213843,0.39806334500975493,7.05313544814976
3252,0,normal,0.00030401500407606363,0.39806334500975493,7.056088296246116
3253,0,normal,0.0003037274582311511,0.39806334500975493,7.059041484691761
3254,0,normal,0.00030344215338118374,0.3980261095625709,7.061995091474046
3255,0,normal,0.0003031534724868834,0.3980261095625709,7.064949038682016
3256,0,normal,0.00030286709079518914,0.3980261095625709,7.0679033263193105
3257,0,normal,0.00030258172773756087,0.3980261095625709,7.07085787827441
3258,0,normal,0.0003022974997293204,0.3980261095625709,7.073812770571294
3259,0,normal,0.0003020107396878302,0.3980261095625709,7.076768005117174
3260,0,normal,0.00030172549304552376,0.3980261095625709,7.079723579995743
3261,0,normal,0.0003014380927197635,0.3980261095625709,7.082679649389775
3262,0,normal,0.0003011510125361383,0.3980261095625709,7.085635983129805
3263,0,normal,0.0003008682979270816,0.3980261095625709,7.08859265728438
3264,0,normal,0.0003005834296345711,0.3980261095625709,7.091549595678771
3265,0,normal,0.0003002963785547763,0.3980261095625709,7.094506874397666
3266,0,normal,0.0003000121796503663,0.39778793738486756,7.09746449534282
3267,0,normal,0.00029972882475703955,0.39778793738486756,7.100422456609522
3268,0,normal,0.0002994441019836813,0.3982738735980148,7.10338091250037
3269,0,normal,0.00029915719642303884,0.39845029460089404,7.106339632654681
3270,0,normal,0.00029887526761740446,0.39845029460089404,7.109298693204664
3271,0,normal,0.00029858751804567873,0.3989898315950397,7.112258017918748
3272,0,normal,0.00029830451239831746,0.3989042907295508,7.115217682940738
3273,0,normal,0.00029802104108966887,0.3989042907295508,7.118177690173525
3274,0,normal,0.0002977369003929198,0.3989042907295508,7.121138037707624
3275,0,normal,0.000297452206723392,0.39972119967207603,7.12409887997228
3276,0,normal,0.0002971682115457952,0.3989506153396931,7.1270599864278665
3277,0,normal,0.0002968847402371466,0.3989506153396931,7.130021433257298
3278,0,normal,0.00029660118161700666,0.3989506153396931,7.132983144173977
3279,0,normal,0.00029631683719344437,0.39913060561411257,7.135945195379236
3280,0,normal,0.00029603400616906583,0.39913060561411257,7.138907588776874
3281,0,normal,0.00029575222288258374,0.39913060561411257,7.141870322464911
3282,0,normal,0.0002954698575194925,0.3989506153396931,7.144833550987414
3283,0,normal,0.0002951861824840307,0.3987973895603189,7.1477970436208125
3284,0,normal,0.00029490370070561767,0.3987973895603189,7.150760876613731
3285,0,normal,0.00029462046222761273,0.3987973895603189,7.153724973610906
3286,0,normal,0.0002943389117717743,0.3987973895603189,7.156689410879835
3287,0,normal,0.0002940556441899389,0.3986175495516223,7.159654266701864
3288,0,normal,0.00029377377359196544,0.3986175495516223,7.162619386490405
3289,0,normal,0.0002934905351139605,0.3986175495516223,7.16558500122801
3290,0,normal,0.0002932087518274784,0.3986175495516223,7.168550879995109
3291,0,normal,0.0002929272595793009,0.3986175495516223,7.1715170207905885
3292,0,normal,0.0002926462620962411,0.3986175495516223,7.174483503753436
3293,0,normal,0.0002923651481978595,0.3986175495516223,7.177450326973485
3294,0,normal,0.00029208097839728,0.3986175495516223,7.180417568783469
3295,0,normal,0.0002917991077993065,0.3986175495516223,7.183385150927052
3296,0,normal,0.00029151904163882136,0.3986175495516223,7.186353151756293
3297,0,normal,0.00029124002321623266,0.3986175495516223,7.189321416539087
3298,0,normal,0.00029095710488036275,0.39865058507898704,7.192289943271817
3299,0,normal,0.0002906799491029233,0.39865058507898704,7.195258812153497
3300,0,normal,0.00029039650689810514,0.39865058507898704,7.198228021276236
3301,0,normal,0.00029011524748057127,0.39865058507898704,7.201197649032565
3302,0,normal,0.00028983684023842216,0.39865058507898704,7.204167617105895
3303,0,normal,0.00028955441666767,0.39865058507898704,7.207138003913087
3304,0,normal,0.00028927435050718486,0.39895758168188755,7.210108654591522
3305,0,normal,0.0002889985335059464,0.39895758168188755,7.213079567144177
3306,0,normal,0.00028871491667814553,0.39895758168188755,7.21605082182532
3307,0,normal,0.00028843668405897915,0.39895758168188755,7.2190224167309225
3308,0,normal,0.0002881569671444595,0.399137575099237,7.221994430318546
3309,0,normal,0.0002878766390495002,0.399137575099237,7.224966784203616
3310,0,normal,0.00028759773704223335,0.399137575099237,7.227939556868705
3311,0,normal,0.000287318805931136,0.399137575099237,7.230912593324092
3312,0,normal,0.0002870391181204468,0.399137575099237,7.233885891572072
3313,0,normal,0.00028676350484602153,0.399137575099237,7.236859531939444
3314,0,normal,0.00028648163424804807,0.399137575099237,7.239833512508767
3315,0,normal,0.00028620476950891316,0.399137575099237,7.242807911806267
3316,0,normal,0.00028592662420123816,0.399137575099237,7.245782651387117
3317,0,normal,0.00028564862441271544,0.399137575099237,7.248757731245178
3318,0,normal,0.0002853689366020262,0.399137575099237,7.25173315328766
3319,0,normal,0.0002850928867701441,0.399137575099237,7.25470883704611
3320,0,normal,0.0002848150033969432,0.399137575099237,7.257684862903943
3321,0,normal,0.00028453703271225095,0.399137575099237,7.260661228947583
3322,0,normal,0.0002842594403773546,0.399137575099237,7.263638013764421
3323,0,normal,0.00028398336144164205,0.399137575099237,7.266615138847328
3324,0,normal,0.0002837047213688493,0.39946803150312593,7.269592604191985
3325,0,normal,0.0002834285260178149,0.39856813130674174,7.272570333090698
3326,0,normal,0.00028315267991274595,0.39856813130674174,7.275548402160666
3327,0,normal,0.00028287473833188415,0.39838839468339166,7.278526890043167
3328,0,normal,0.0002825983101502061,0.3980859227818045,7.281505641442891
3329,0,normal,0.0002823217655532062,0.3980859227818045,7.284484811662878
3330,0,normal,0.00028204600675962865,0.3980859227818045,7.2874643221273345
3331,0,normal,0.0002817683562170714,0.3980859227818045,7.290444172840125
3332,0,normal,0.00028149501304142177,0.398887873257222,7.2934242870210255
3333,0,normal,0.0002812193415593356,0.3994322663190748,7.296404741365677
3334,0,normal,0.00028094250592403114,0.3994322663190748,7.2993856145651534
3335,0,normal,0.00028066858067177236,0.3994322663190748,7.302366751200452
3336,0,normal,0.00028039372409693897,0.39961247389480575,7.305348306698079
3337,0,normal,0.00028011834365315735,0.39961247389480575,7.308330202429033
3338,0,normal,0.00027984296320937574,0.39961247389480575,7.311312438388768
3339,0,normal,0.0002795685431919992,0.39961247389480575,7.314294937742716
3340,0,normal,0.0002792953164316714,0.39961247389480575,7.317277777237678
3341,0,normal,0.0002790210710372776,0.3999731329899111,7.3202610356297555
3342,0,normal,0.00027874609804712236,0.3999731329899111,7.323244557386715
3343,0,normal,0.0002784740936476737,0.3999731329899111,7.326228498044884
3344,0,normal,0.0002781978982966393,0.3999731329899111,7.329212778925466
3345,0,normal,0.0002779233909677714,0.3999731329899111,7.33219740001141
3346,0,normal,0.00027765161939896643,0.3999731329899111,7.335182284413804
3347,0,normal,0.0002773775777313858,0.3999731329899111,7.33816750894357
3348,0,normal,0.0002771040890365839,0.3994589939140616,7.341153152412744
3349,0,normal,0.00027683048392646015,0.3994589939140616,7.344139059165627
3350,0,normal,0.0002765576937235892,0.3994589939140616,7.347125384874516
3351,0,normal,0.0002762871445156634,0.3994589939140616,7.350112050776943
3352,0,normal,0.0002760136849246919,0.3987840951799275,7.353099056871542
3353,0,normal,0.00027574269915930927,0.3987840951799275,7.3560863262084695
3354,0,normal,0.00027546987985260785,0.3987840951799275,7.35907393565094
3355,0,normal,0.00027519583818502724,0.3987840951799275,7.36206196408375
3356,0,normal,0.0002749261911958456,0.3987840951799275,7.3650502557129585
3357,0,normal,0.0002746546524576843,0.39860426116640935,7.368038887445664
3358,0,normal,0.00027438279357738793,0.39860426116640935,7.37102793818417
3359,0,normal,0.00027411029441282153,0.39860426116640935,7.374017329099161
3360,0,normal,0.00027384256827645004,0.39860426116640935,7.377007060190408
3361,0,normal,0.00027356992359273136,0.39860426116640935,7.37999705442553
3362,0,normal,0.00027329998556524515,0.39860426116640935,7.382987467694875
3363,0,normal,0.00027302964008413255,0.39860426116640935,7.3859781440883125
3364,0,normal,0.00027275781030766666,0.39860426116640935,7.3889691605620555
3365,0,normal,0.00027248848346062005,0.39860426116640935,7.391960596090485
3366,0,normal,0.00027221732307225466,0.39882140153686535,7.394952371776071
3367,0,normal,0.0002719474141485989,0.39882140153686535,7.397944487621771
3368,0,normal,0.0002716787566896528,0.39882140153686535,7.400936866535176
3369,0,normal,0.0002714098372962326,0.39882140153686535,7.403929664522593
3370,0,normal,0.0002711401612032205,0.39882140153686535,7.40692272555475
3371,0,normal,0.00027086999034509063,0.39882140153686535,7.4099162037705355
3372,0,normal,0.00027060325373895466,0.39882140153686535,7.412910024040912
3373,0,normal,0.0002703340142033994,0.39882140153686535,7.4159041844527565
3374,0,normal,0.0002700639597605914,0.39882140153686535,7.418898685003569
3375,0,normal,0.0002697965537663549,0.39882140153686535,7.421893448545006
3376,0,normal,0.0002695298462640494,0.39864155069982793,7.42488863120434
3377,0,normal,0.0002692615962587297,0.39864155069982793,7.427884076831333
3378,0,normal,0.0002689924440346658,0.39864155069982793,7.430879939687657
3379,0,normal,0.0002687230007722974,0.39864155069982793,7.4338761445822
3380,0,normal,0.00026845926186069846,0.39864155069982793,7.436872689596612
3381,0,normal,0.0002681905752979219,0.39864155069982793,7.439869574736122
3382,0,normal,0.00026792421704158187,0.39864155069982793,7.442866722784402
3383,0,normal,0.0002676572185009718,0.39864155069982793,7.445864290001737
3384,0,normal,0.0002673915878403932,0.39864155069982793,7.4488621201080605
3385,0,normal,0.0002671245892997831,0.39864155069982793,7.451860367478275
3386,0,normal,0.0002668582019396126,0.39864155069982793,7.45485895687375
3387,0,normal,0.0002665925130713731,0.39864155069982793,7.457857886377042
3388,0,normal,0.00026632650406099856,0.39864155069982793,7.460857155990652
3389,0,normal,0.00026605979655869305,0.39864155069982793,7.463856688424357
3390,0,normal,0.00026579658151604235,0.39864155069982793,7.46685656088448
3391,0,normal,0.00026553074712865055,0.39864155069982793,7.469856775269591
3392,0,normal,0.00026526337023824453,0.39864155069982793,7.472857406972253
3393,0,normal,0.000264998379861936,0.39864155069982793,7.475858380677209
3394,0,normal,0.0002647364162839949,0.39864155069982793,7.478859694472703
3395,0,normal,0.00026446999981999397,0.39864155069982793,7.481861348359416
3396,0,normal,0.00026420754147693515,0.39864155069982793,7.484863264995738
3397,0,normal,0.0002639424055814743,0.39864155069982793,7.487865521634603
3398,0,normal,0.0002636802673805505,0.39864155069982793,7.490868120185496
3399,0,normal,0.0002634143747854978,0.39864155069982793,7.49387113609464
3400,0,normal,0.0002631494135130197,0.39846178096757434,7.496874571361559
3401,0,normal,0.00026288715889677405,0.39846178096757434,7.499878190113577
3402,0,normal,0.00026262595201842487,0.39846178096757434,7.502882228158569
3403,0,normal,0.0002623627660796046,0.39846178096757434,7.50588652887086
3404,0,normal,0.00026209899806417525,0.39846178096757434,7.508891169569779
3405,0,normal,0.00026183773297816515,0.39846178096757434,7.511896229578269
3406,0,normal,0.00026157614775002003,0.3988587113838226,7.514901629652513
3407,0,normal,0.0002613136311993003,0.3988587113838226,7.517907449125232
3408,0,normal,0.00026105146389454603,0.39849905717193285,7.520913451942306
3409,0,normal,0.00026078984956257045,0.39849905717193285,7.52391987409419
3410,0,normal,0.0002605307090561837,0.3986148777995444,7.526926558839023
3411,0,normal,0.0002602684835437685,0.3986148777995444,7.529933583549109
3412,0,normal,0.00026000424986705184,0.3986148777995444,7.5329410276178805
3413,0,normal,0.00025974673917517066,0.3986148777995444,7.5359488117283036
3414,0,normal,0.00025948419352062047,0.3986148777995444,7.5389570152906344
3415,0,normal,0.0002592269447632134,0.3986148777995444,7.541965402052028
3416,0,normal,0.0002589652722235769,0.3986148777995444,7.544974208196436
3417,0,normal,0.0002587046183180064,0.3986148777995444,7.547983276848754
3418,0,normal,0.0002584453031886369,0.3986148777995444,7.550992685457004
3419,0,normal,0.0002581857843324542,0.3986148777995444,7.5540025134628195
3420,0,normal,0.0002579268184490502,0.3986148777995444,7.557012681492324
3421,0,normal,0.0002576671540737152,0.3986148777995444,7.560023269018984
3422,0,normal,0.00025740856654010713,0.3986148777995444,7.563034039606009
3423,0,normal,0.00025715105584822595,0.3986148777995444,7.566045229619931
3424,0,normal,0.00025689287576824427,0.3986148777995444,7.569056682065593
3425,0,normal,0.0002566344919614494,0.3986148777995444,7.572068474443995
3426,0,normal,0.0002563765738159418,0.3986148777995444,7.575080686266574
3427,0,normal,0.0002561190340202302,0.3986148777995444,7.578093238099655
3428,0,normal,0.00025586175615899265,0.399403924815181,7.581106209473546
3429,0,normal,0.0002556029357947409,0.399403924815181,7.584119363765467
3430,0,normal,0.0002553463273216039,0.399403924815181,7.587132857980123
3431,0,normal,0.00025509114493615925,0.399403924815181,7.59014669402336
3432,0,normal,0.0002548341581132263,0.399403924815181,7.593160869981375
3433,0,normal,0.00025457778247073293,0.399403924815181,7.596175465432907
3434,0,normal,0.00025432021357119083,0.399403924815181,7.599190400875386
3435,0,normal,0.0002540639543440193,0.40008880942709735,7.602205676307904
3436,0,normal,0.0002538092958275229,0.40008880942709735,7.6052212140391475
3437,0,normal,0.0002535524545237422,0.40008880942709735,7.608237091677665
3438,0,normal,0.00025330018252134323,0.40008880942709735,7.611253311124301
3439,0,normal,0.0002530429628677666,0.40008880942709735,7.614269870473436
3440,0,normal,0.0002527890610508621,0.40008880942709735,7.6172868493561054
3441,0,normal,0.0002525327436160296,0.40008880942709735,7.620304168214943
3442,0,normal,0.0002522799768485129,0.4003594598586525,7.623321827046766
3443,0,normal,0.00025202659890055656,0.4003594598586525,7.626339748097507
3444,0,normal,0.00025176999042741954,0.4003594598586525,7.629358009034604
3445,0,normal,0.00025151841691695154,0.4003594598586525,7.632376611770951
3446,0,normal,0.0002512640494387597,0.4007022170895562,7.635395554382967
3447,0,normal,0.0002510115155018866,0.4007022170895562,7.638414916581041
3448,0,normal,0.0002507581957615912,0.4007022170895562,7.641434618733001
3449,0,normal,0.0002505046140868217,0.4007022170895562,7.644454660844531
3450,0,normal,0.0002502543502487242,0.4007022170895562,7.647474965092897
3451,0,normal,0.0002500004484318197,0.4007022170895562,7.6504956092146585
3452,0,normal,0.00024974928237497807,0.4007022170895562,7.653516595113842
3453,0,normal,0.00024949878570623696,0.4004838496177558,7.656537920874598
3454,0,normal,0.000249244476435706,0.4004838496177558,7.659559744111675
3455,0,normal,0.0002489941834937781,0.39998759609643875,7.662581829511737
3456,0,normal,0.0002487440360710025,0.39998759609643875,7.665604254855907
3457,0,normal,0.0002484918513800949,0.39998759609643875,7.6686269422550595
3458,0,normal,0.0002482419949956238,0.39998759609643875,7.671649969508053
3459,0,normal,0.0002479909744579345,0.39998759609643875,7.674673338523235
3460,0,normal,0.0002477422240190208,0.39998759609643875,7.677697047386346
3461,0,normal,0.00024749033036641777,0.4001680542143551,7.680721253827187
3462,0,normal,0.00024724064860492945,0.4001680542143551,7.6837457223596175
3463,0,normal,0.00024699378991499543,0.4001680542143551,7.6867705308063705
3464,0,normal,0.00024674340966157615,0.4001680542143551,7.689795601240576
3465,0,normal,0.00024649512488394976,0.40034859374762694,7.6928210115070215
3466,0,normal,0.00024624555953778327,0.40034859374762694,7.695846763516556
3467,0,normal,0.0002459964598529041,0.40034859374762694,7.698872855358559
3468,0,normal,0.0002457479131408036,0.40034859374762694,7.701899444888795
3469,0,normal,0.00024550181115046144,0.40034859374762694,7.704926296425128
3470,0,normal,0.0002452531480230391,0.40054123543812226,7.707953487863961
3471,0,normal,0.00024500791914761066,0.40054123543812226,7.710980941203843
3472,0,normal,0.0002447596634738147,0.40054123543812226,7.714008734361869
3473,0,normal,0.00024451245553791523,0.40054123543812226,7.717036947268298
3474,0,normal,0.00024426577147096395,0.40054123543812226,7.720065422044627
3475,0,normal,0.00024401844711974263,0.40054123543812226,7.723094394608552
3476,0,normal,0.00024377113732043654,0.40054123543812226,7.726123629102403
3477,0,normal,0.0002435267815599218,0.4010567674545877,7.729153203480564
3478,0,normal,0.0002432815672364086,0.4010567674545877,7.732183039685424
3479,0,normal,0.00024303491227328777,0.4010567674545877,7.735213215687736
3480,0,normal,0.0002427911531412974,0.4010567674545877,7.738243811483471
3481,0,normal,0.00024254672462120652,0.4010567674545877,7.7412746690645236
3482,0,normal,0.00024230040435213596,0.4010567674545877,7.7443060245479955
3483,0,normal,0.00024205607769545168,0.4010567674545877,7.747337641880904
3484,0,normal,0.0002418144140392542,0.4010567674545877,7.75036951905463
3485,0,normal,0.00024156816652975976,0.4010567674545877,7.7534017379266515
3486,0,normal,0.00024132587714120746,0.4010567674545877,7.756434296581801
3487,0,normal,0.00024108051729854196,0.4010567674545877,7.759467275070165
3488,0,normal,0.00024083851894829422,0.4010567674545877,7.762500593422828
3489,0,normal,0.0002405951381660998,0.4010567674545877,7.765534331703748
3490,0,normal,0.0002403535327175632,0.4010567674545877,7.768568331751794
3491,0,normal,0.00024011050118133426,0.4008759085662525,7.7716025915613045
3492,0,normal,0.00023986847372725606,0.4008759085662525,7.774637193052513
3493,0,normal,0.00023962745035532862,0.4008759085662525,7.777672134312525
3494,0,normal,0.0002393872127868235,0.4008759085662525,7.780707495448041
3495,0,normal,0.00023914474877528846,0.4008759085662525,7.783743196429214
3496,0,normal,0.00023890261945780367,0.4008759085662525,7.78677931738298
3497,0,normal,0.0002386626583756879,0.40123770793908964,7.7898157000247465
3498,0,normal,0.00023842137306928635,0.40123770793908964,7.792852342352944
3499,0,normal,0.0002381823433097452,0.40123770793908964,7.795889326343058
3500,0,normal,0.00023794233857188374,0.40123770793908964,7.798926650084013
3501,0,normal,0.00023770073312334716,0.40123770793908964,7.801964393747312
3502,0,normal,0.00023746343504171818,0.40123770793908964,7.8050024772392135
3503,0,normal,0.000237224594457075,0.40123770793908964,7.8080409005517595
3504,0,normal,0.0002369849826209247,0.40123770793908964,7.8110796655946615
3505,0,normal,0.00023674513795413077,0.40123770793908964,7.814118690246914
3506,0,normal,0.00023650760704185814,0.40123770793908964,7.817158056543121
3507,0,normal,0.00023627030896022916,0.40123770793908964,7.820197762569023
3508,0,normal,0.00023603186127729714,0.40123770793908964,7.823237888565018
3509,0,normal,0.00023579351545777172,0.40123770793908964,7.826278354370743
3510,0,normal,0.00023555735242553055,0.40123770793908964,7.829319159983697
3511,0,normal,0.0002353209420107305,0.40123770793908964,7.832360307311319
3512,0,normal,0.0002350828144699335,0.40123770793908964,7.835401714164163
3513,0,normal,0.00023484675330109894,0.40123770793908964,7.83844354101393
3514,0,normal,0.0002346110704820603,0.40123770793908964,7.841485629282033
3515,0,normal,0.00023437695926986635,0.40123770793908964,7.844528137561383
3516,0,normal,0.00023414033057633787,0.40123770793908964,7.847570985636594
3517,0,normal,0.00023390326532535255,0.40123770793908964,7.850614173497661
3518,0,normal,0.00023366989626083523,0.40123770793908964,7.853657622726132
3519,0,normal,0.0002334333403268829,0.40196657717399825,7.856701411656331
3520,0,normal,0.00023320007312577218,0.40196657717399825,7.859745620636431
3521,0,normal,0.0002329652925254777,0.40196657717399825,7.862790090947328
3522,0,normal,0.0002327303955098614,0.40196657717399825,7.865834981321996
3523,0,normal,0.00023249707010108978,0.40196657717399825,7.868880211468195
3524,0,normal,0.00023226429766509682,0.4018121930479894,7.871925781382288
3525,0,normal,0.00023203167074825615,0.4018121930479894,7.874971612589661
3526,0,normal,0.00023179991694632918,0.4018121930479894,7.878017783480345
3527,0,normal,0.00023156573297455907,0.4018121930479894,7.881064374463904
3528,0,normal,0.00023133472132030874,0.4018121930479894,7.884111226699588
3529,0,normal,0.0002311018470209092,0.4018121930479894,7.887158499037469
3530,0,normal,0.0002308710099896416,0.4018121930479894,7.89020611113483
3531,0,normal,0.00023063996923156083,0.4018121930479894,7.893254062987353
3532,0,normal,0.0002304073132108897,0.4018121930479894,7.896302276045162
3533,0,normal,0.00023017598141450435,0.40144987565715945,7.899350828775368
3534,0,normal,0.00022994616301730275,0.40144987565715945,7.902399801639831
3535,0,normal,0.00022971603902988136,0.40144987565715945,7.905449035677748
3536,0,normal,0.00022948678815737367,0.40144987565715945,7.9084986898660645
3537,0,normal,0.00022925458324607462,0.4010287269212404,7.911548683792944
3538,0,normal,0.00022902758792042732,0.4010287269212404,7.9145990174570215
3539,0,normal,0.00022879807511344552,0.4010287269212404,7.917649612250898
3540,0,normal,0.00022856914438307285,0.4010287269212404,7.920700546692842
3541,0,normal,0.00022834235278423876,0.4010287269212404,7.923751901317246
3542,0,normal,0.0002281126653542742,0.4010287269212404,7.926803517037342
3543,0,normal,0.00022788454953115433,0.40142821441817883,7.929855472402778
3544,0,normal,0.00022765723406337202,0.40142821441817883,7.932907847962724
3545,0,normal,0.00022743108274880797,0.40142821441817883,7.935960563248727
3546,0,normal,0.00022720269043929875,0.40142821441817883,7.939013618248737
3547,0,normal,0.0002269765973323956,0.40142821441817883,7.942066934286231
3548,0,normal,0.0002267513336846605,0.40142821441817883,7.945120670547794
3549,0,normal,0.00022652465850114822,0.40011599881117377,7.9481746678279706
3550,0,normal,0.0002262983616674319,0.40011599881117377,7.951229004734614
3551,0,normal,0.00022607322898693383,0.3999355641679451,7.95428376188238
3552,0,normal,0.00022584779071621597,0.3999355641679451,7.957338858736875
3553,0,normal,0.00022562197409570217,0.3995749389489584,7.960394295285141
3554,0,normal,0.0002253979619126767,0.3995749389489584,7.963449992797223
3555,0,normal,0.0002251733822049573,0.3995749389489584,7.966506110579303
3556,0,normal,0.00022495117445942014,0.3995749389489584,7.969562489294503
3557,0,normal,0.0002247263619210571,0.3995749389489584,7.97261920762071
3558,0,normal,0.00022450237884186208,0.3995749389489584,7.975676346236469
3559,0,normal,0.00022427915246225893,0.39823556352034817,7.978733824535084
3560,0,normal,0.00022405672643799335,0.39823556352034817,7.981791642517464
3561,0,normal,0.00022383470786735415,0.39823556352034817,7.9848497213788505
3562,0,normal,0.00022361180162988603,0.39823556352034817,7.987908220555482
3563,0,normal,0.00022339045244734734,0.39823556352034817,7.9909669805877
3564,0,normal,0.00022316796821542084,0.39823556352034817,7.994026080211825
3565,0,normal,0.0002229486417490989,0.39823556352034817,7.997085600167566
3566,0,normal,0.0002227266231784597,0.39823556352034817,8.000145459793202
3567,0,normal,0.00022250636538956314,0.39823556352034817,8.003205659081686
3568,0,normal,0.00022228511807043105,0.39823556352034817,8.006266119172778
3569,0,normal,0.0002220664027845487,0.39823556352034817,8.009326999619589
3570,0,normal,0.00022184679983183742,0.39823556352034817,8.012388140847179
3571,0,normal,0.0002216255379607901,0.39823556352034817,8.015449700537374
3572,0,normal,0.00022140893270261586,0.39823556352034817,8.018511601785121
3573,0,normal,0.00022118871856946498,0.39823556352034817,8.021573842688895
3574,0,normal,0.0002209694794146344,0.39769704649086723,8.024636423237553
3575,0,normal,0.00022075165179558098,0.39769704649086723,8.027699264504918
3576,0,normal,0.0002205332275480032,0.39769704649086723,8.030762445336677
3577,0,normal,0.0002203170006396249,0.39769704649086723,8.033825967636176
3578,0,normal,0.0002200985181843862,0.39769704649086723,8.036889908442618
3579,0,normal,0.0002198838337790221,0.39769704649086723,8.039954190792514
3580,0,normal,0.000219665962504223,0.39769704649086723,8.043018812776154
3581,0,normal,0.00021945001208223403,0.39769704649086723,8.046083774385579
3582,0,normal,0.0002192329993704334,0.39769704649086723,8.049148996640497
3583,0,normal,0.0002190197992604226,0.39769704649086723,8.052214558435253
3584,0,normal,0.00021880396525375545,0.3973650272506158,8.055280461687744
3585,0,normal,0.0002185866906074807,0.3973650272506158,8.058346783485376
3586,0,normal,0.00021837363601662219,0.3973650272506158,8.061413525831313
3587,0,normal,0.00021816043590661138,0.3973650272506158,8.064480528846389
3588,0,normal,0.00021794502390548587,0.3973650272506158,8.067547871475654
3589,0,normal,0.0002177316346205771,0.3973650272506158,8.070615474663782
3590,0,normal,0.0002175189438275993,0.3973650272506158,8.073683417376287
3591,0,normal,0.0002173062675865367,0.3973650272506158,8.076751701524927
3592,0,normal,0.0002170923544326797,0.3973650272506158,8.079820404271004
3593,0,normal,0.00021687908156309277,0.3973650272506158,8.082889527605175
3594,0,normal,0.0002166684134863317,0.3973650272506158,8.085958911534362
3595,0,normal,0.00021645646484103054,0.3971858331740566,8.089028635053864
3596,0,normal,0.00021624610235448927,0.3971858331740566,8.092098619052877
3597,0,normal,0.00021603387722279876,0.3971858331740566,8.095168942563532
3598,0,normal,0.0002158227434847504,0.3971858331740566,8.098239686618626
3599,0,normal,0.00021561261382885277,0.3971858331740566,8.10131077025494
3600,0,normal,0.00021540217858273536,0.3970067199061113,8.104382274535055
3601,0,normal,0.00021519309666473418,0.3970067199061113,8.107453958252563
3602,0,normal,0.00021498437854461372,0.3970067199061113,8.110526062540657
3603,0,normal,0.0002147751220036298,0.3970067199061113,8.113598427231636
3604,0,normal,0.000214567466173321,0.3970067199061113,8.11667113141334
3605,0,normal,0.00021435870439745486,0.3970067199061113,8.11974425618564
3606,0,normal,0.0002141502482118085,0.3970067199061113,8.122817720524608
3607,0,normal,0.00021394257782958448,0.39652232975437385,8.125891605546258
3608,0,normal,0.00021373444178607315,0.3968536448768413,8.128965669869103
3609,0,normal,0.0002135291142622009,0.3968536448768413,8.132040154803462
3610,0,normal,0.0002133221278199926,0.3968536448768413,8.135114900061808
3611,0,normal,0.00021311486489139497,0.39636944149281567,8.138189984795645
3612,0,normal,0.00021290863514877856,0.39636944149281567,8.14126549015964
3613,0,normal,0.0002127020707121119,0.39636944149281567,8.144341335075978
3614,0,normal,0.00021249736892059445,0.39636944149281567,8.147417600719791
3615,0,normal,0.00021229374397080392,0.39636944149281567,8.150494045523146
3616,0,normal,0.00021208878024481237,0.39636944149281567,8.153570829786759
3617,0,normal,0.00021188480604905635,0.39636944149281567,8.156647955418748
3618,0,normal,0.0002116807590937242,0.39636944149281567,8.159725420506902
3619,0,normal,0.00021147645020391792,0.39636944149281567,8.162803306268643
3620,0,normal,0.00021127330546732992,0.39636944149281567,8.16588153157204
3621,0,normal,0.00021107167412992567,0.39636944149281567,8.168960177639292
3622,0,normal,0.00021086804918013513,0.3960078048364566,8.172039002727615
3623,0,normal,0.00021066618501208723,0.3960078048364566,8.175118167257097
3624,0,normal,0.0002104640007019043,0.39654826724668757,8.178197673139948
3625,0,normal,0.0002102621365338564,0.39654826724668757,8.181277518457591
3626,0,normal,0.00021006057795602828,0.39654826724668757,8.184357784499753
3627,0,normal,0.00020986064919270575,0.39654826724668757,8.187438390057196
3628,0,normal,0.00020965839212294668,0.39654826724668757,8.190519335127192
3629,0,normal,0.00020946002041455358,0.39654826724668757,8.193600540306534
3630,0,normal,0.0002092584181809798,0.39654826724668757,8.196682084909298
3631,0,normal,0.00020906029385514557,0.39654826724668757,8.199763970845197
3632,0,normal,0.00020886192214675248,0.39654826724668757,8.202846196201335
3633,0,normal,0.00020866267732344568,0.3969061608275282,8.205928842324056
3634,0,normal,0.00020846471306867898,0.3969061608275282,8.209011827949098
3635,0,normal,0.00020826581749133766,0.39708522872731145,8.212095153063956
3636,0,normal,0.0002080697740893811,0.3966900632197613,8.215178738205395
3637,0,normal,0.00020787048561032861,0.3966900632197613,8.218262662761617
3638,0,normal,0.00020767515525221825,0.3966900632197613,8.221346928631192
3639,0,normal,0.0002074777876259759,0.3966900632197613,8.224431533900542
3640,0,normal,0.00020728220988530666,0.39677512926724995,8.22751655998627
3641,0,normal,0.00020708588999696076,0.39677512926724995,8.230601925548626
3642,0,normal,0.0002068893372779712,0.39677512926724995,8.23368763058511
3643,0,normal,0.00020669597142841667,0.39677512926724995,8.236773595574277
3644,0,normal,0.00020650036458391696,0.39677512926724995,8.239859899954354
3645,0,normal,0.00020630538347177207,0.39677512926724995,8.242946545629593
3646,0,normal,0.0002061104023596272,0.39677512926724995,8.246033530693467
3647,0,normal,0.00020591943757608533,0.39677512926724995,8.249121016173603
3648,0,normal,0.00020572434004861861,0.3965377056552664,8.252208761627799
3649,0,normal,0.00020553264766931534,0.3965377056552664,8.255296846542251
3650,0,normal,0.00020533993665594608,0.3965377056552664,8.258385191322532
3651,0,normal,0.00020514745847322047,0.39677512926724995,8.261473875479624
3652,0,normal,0.0002049559261649847,0.39677512926724995,8.264562900912551
3653,0,normal,0.00020476523786783218,0.39677512926724995,8.267652265717288
3654,0,normal,0.0002045712899416685,0.39677512926724995,8.270742131045836
3655,0,normal,0.0002043815329670906,0.39677512926724995,8.273832256263859
3656,0,normal,0.0002041910629486665,0.39677512926724995,8.276922720925995
3657,0,normal,0.00020400219364091754,0.39677512926724995,8.280013445379836
3658,0,normal,0.00020381259673740715,0.39677512926724995,8.283104509190252
3659,0,normal,0.0002036210789810866,0.39677512926724995,8.286195993926867
3660,0,normal,0.00020343458163551986,0.39677512926724995,8.28928773842199
3661,0,normal,0.0002032451593549922,0.3965962012086268,8.292379983546425
3662,0,normal,0.00020305629004724324,0.3965962012086268,8.295472488483028
3663,0,normal,0.00020286976359784603,0.3965962012086268,8.298565332845556
3664,0,normal,0.0002026825095526874,0.3965962012086268,8.301658436915432
3665,0,normal,0.00020249438239261508,0.3965962012086268,8.304751880326876
3666,0,normal,0.00020230753580108285,0.3965962012086268,8.307845744713177
3667,0,normal,0.00020212147501297295,0.39610922409835964,8.310939868775222
3668,0,normal,0.00020193515229038894,0.39610922409835964,8.314034493569352
3669,0,normal,0.00020175121608190238,0.39610922409835964,8.317129378101981
3670,0,normal,0.0002015654754359275,0.39610922409835964,8.32022460204189
3671,0,normal,0.0002013801276916638,0.39610922409835964,8.323320085609566
3672,0,normal,0.00020119579858146608,0.39610922409835964,8.326415908496301
3673,0,normal,0.00020101116388104856,0.39610922409835964,8.329512152406778
3674,0,normal,0.00020082909031771123,0.39610922409835964,8.332608655910462
3675,0,normal,0.000200644601136446,0.3959305963335561,8.33570566025719
3676,0,normal,0.00020046299323439598,0.3959305963335561,8.338802924257607
3677,0,normal,0.00020028075959999114,0.3959305963335561,8.341900445912643
3678,0,normal,0.00020009701256640255,0.3959305963335561,8.34499830878076
3679,0,normal,0.0001999166706809774,0.3959305963335561,8.348096510953383
3680,0,normal,0.00019973482994828373,0.3959305963335561,8.35119513418772
3681,0,normal,0.00019955287280026823,0.3959305963335561,8.354294096804097
3682,0,normal,0.00019937308388762176,0.3959305963335561,8.357393480578594
3683,0,normal,0.00019919303304050118,0.3959305963335561,8.36049312392538
3684,0,normal,0.00019901331688743085,0.3959305963335561,8.363593024844931
3685,0,normal,0.0001988329750020057,0.3959305963335561,8.366693266965513
3686,0,normal,0.0001986543502425775,0.3959305963335561,8.369793848369682
3687,0,normal,0.0001984761911444366,0.3959305963335561,8.372894850881039
3688,0,normal,0.00019829721713904291,0.3959305963335561,8.375996192755565
3689,0,normal,0.00019812065875157714,0.3959305963335561,8.379097873989622
3690,0,normal,0.00019794254330918193,0.3959305963335561,8.382199896485872
3691,0,normal,0.00019776582485064864,0.3959305963335561,8.38530217647667
3692,0,normal,0.0001975892373593524,0.3959305963335561,8.388404797651447
3693,0,normal,0.00019741387222893536,0.3959305963335561,8.391507758086618
3694,0,normal,0.00019723587320186198,0.3953951962132521,8.394611139679
3695,0,normal,0.0001970611046999693,0.3953951962132521,8.39771486061909
3696,0,normal,0.00019688553584273905,0.3953951962132521,8.40081892089529
3697,0,normal,0.00019671180052682757,0.39578907183021694,8.403923322422088
3698,0,normal,0.00019653767230920494,0.39578907183021694,8.40702798136249
3699,0,normal,0.00019636299111880362,0.39578907183021694,8.410133061488295
3700,0,normal,0.00019618964870460331,0.39578907183021694,8.413238400908085
3701,0,normal,0.0001960169174708426,0.39578907183021694,8.416344161528514
3702,0,normal,0.00019584469555411488,0.39578907183021694,8.41945026147755
3703,0,normal,0.00019567133858799934,0.39578907183021694,8.422556700751556
3704,0,normal,0.00019549968419596553,0.39578907183021694,8.42566348125024
3705,0,normal,0.0001953288447111845,0.39578907183021694,8.428770519086811
3706,0,normal,0.00019515707390382886,0.39578907183021694,8.431877978149487
3707,0,normal,0.00019498787878546864,0.39578907183021694,8.434985696434751
3708,0,normal,0.00019481623894535005,0.39578907183021694,8.438093835960899
3709,0,normal,0.0001946456468431279,0.39578907183021694,8.44120231479701
3710,0,normal,0.00019447723752819002,0.39578907183021694,8.444311132937855
3711,0,normal,0.00019430772226769477,0.39557358242732005,8.447420210252858
3712,0,normal,0.0001941393711604178,0.39557358242732005,8.450529626789375
3713,0,normal,0.00019397088908590376,0.39557358242732005,8.453639464598382
3714,0,normal,0.0001938030036399141,0.39557358242732005,8.456749561548577
3715,0,normal,0.00019363616593182087,0.39557358242732005,8.459860079777627
3716,0,normal,0.00019346938643138856,0.39557358242732005,8.462970937306864
3717,0,normal,0.00019330241775605828,0.39557358242732005,8.466082134119688
3718,0,normal,0.0001931358128786087,0.39557358242732005,8.469193590028453
3719,0,normal,0.00019297024118714035,0.39557358242732005,8.472305385138952
3720,0,normal,0.0001928049314301461,0.39557358242732005,8.475417601571735
3721,0,normal,0.0001926400582306087,0.3952168904434877,8.478530077060213
3722,0,normal,0.0001924759999383241,0.3952168904434877,8.481642973879161
3723,0,normal,0.00019231137412134558,0.3952168904434877,8.484756209974421
3724,0,normal,0.0001921478396980092,0.39503866508175006,8.487869785337125
3725,0,normal,0.00019198402878828347,0.39531877348017663,8.49098361971437
3726,0,normal,0.00019182149844709784,0.39531877348017663,8.494097793279252
3727,0,normal,0.0001916588080348447,0.39531877348017663,8.49721238820166
3728,0,normal,0.00019149584113620222,0.3953557556553584,8.50032724210655
3729,0,normal,0.0001913351588882506,0.3953557556553584,8.503442435188617
3730,0,normal,0.00019117385090794414,0.3953557556553584,8.50655804965254
3731,0,normal,0.00019101241196040064,0.3953557556553584,8.509674003372083
3732,0,normal,0.00019085308304056525,0.3953557556553584,8.512790296339745
3733,0,normal,0.00019069270638283342,0.3953557556553584,8.515906848230088
3734,0,normal,0.0001905332610476762,0.3953557556553584,8.51902382152457
3735,0,normal,0.00019037436868529767,0.3953557556553584,8.522141053723317
3736,0,normal,0.0001902153599075973,0.3958600803521655,8.525258625078095
3737,0,normal,0.00019005662761628628,0.39619084213065864,8.528376617859976
3738,0,normal,0.00018989946693181992,0.39619084213065864,8.531494949879061
3739,0,normal,0.00018974221893586218,0.39619084213065864,8.534613621127846
3740,0,normal,0.00018958508735522628,0.39619084213065864,8.537732551222234
3741,0,normal,0.00018942798487842083,0.39654841312742767,8.540851902767827
3742,0,normal,0.0001892729487735778,0.39654841312742767,8.543971513131964
3743,0,normal,0.0001891169958980754,0.39654841312742767,8.547091462642129
3744,0,normal,0.00018896168330684304,0.39654841312742767,8.550211833616231
3745,0,normal,0.0001888065889943391,0.39654841312742767,8.553332543814122
3746,0,normal,0.00018865108722820878,0.39606458215839163,8.556453593219658
3747,0,normal,0.000188497913768515,0.39606458215839163,8.559574901394626
3748,0,normal,0.00018834506045095623,0.3962432703721441,8.562696631061499
3749,0,normal,0.0001881909411167726,0.3962432703721441,8.56581861946961
3750,0,normal,0.00018803891725838184,0.3962432703721441,8.568940947004194
3751,0,normal,0.00018788696615956724,0.3962432703721441,8.57206369605069
3752,0,normal,0.00018773507326841354,0.3962432703721441,8.575186784298012
3753,0,normal,0.0001875835587270558,0.39606458215839163,8.578310211739108
3754,0,normal,0.00018743229156825691,0.39606458215839163,8.581433897870056
3755,0,normal,0.00018728080613072962,0.3962803390342532,8.584558005535428
3756,0,normal,0.00018713089230004698,0.3962803390342532,8.587682371864958
3757,0,normal,0.0001869815750978887,0.3964591245887235,8.590807077296631
3758,0,normal,0.00018683329108171165,0.3964591245887235,8.593932204292287
3759,0,normal,0.00018668288248591125,0.3964591245887235,8.5970576704633
3760,0,normal,0.00018653615552466363,0.3964591245887235,8.600183475818085
3761,0,normal,0.00018638723122421652,0.3964591245887235,8.603309539776319
3762,0,normal,0.00018624027143232524,0.3964591245887235,8.60643594282783
3763,0,normal,0.0001860927150119096,0.3964591245887235,8.609562686880281
3764,0,normal,0.00018594646826386452,0.3964591245887235,8.612689850616562
3765,0,normal,0.00018580089090391994,0.3962803390342532,8.615817355431773
3766,0,normal,0.00018565476057119668,0.3962803390342532,8.618945199406426
3767,0,normal,0.0001855091832112521,0.3962803390342532,8.622073382546205
3768,0,normal,0.00018536424613557756,0.3962803390342532,8.625201824209853
3769,0,normal,0.00018522105528973043,0.3962803390342532,8.62833060495177
3770,0,normal,0.0001850776025094092,0.3962803390342532,8.631459726671892
3771,0,normal,0.00018493308743927628,0.3962803390342532,8.634589268123364
3772,0,normal,0.00018479082791600376,0.3962803390342532,8.63771923130389
3773,0,normal,0.00018464737513568252,0.3962803390342532,8.640849453032843
3774,0,normal,0.00018450533389113843,0.3966626029351807,8.643980013904184
3775,0,normal,0.00018436464597471058,0.3966626029351807,8.647110833222541
3776,0,normal,0.00018422222638037056,0.3966626029351807,8.650241991596886
3777,0,normal,0.00018408152391202748,0.3966626029351807,8.653373490932154
3778,0,normal,0.0001839411270339042,0.3966626029351807,8.656505410049022
3779,0,normal,0.00018380045366939157,0.3966626029351807,8.65963775093519
3780,0,normal,0.00018366248696111143,0.3966626029351807,8.662770350288383
3781,0,normal,0.000183523035957478,0.3966626029351807,8.66590328877237
3782,0,normal,0.00018338486552238464,0.3966626029351807,8.66903648561538
3783,0,normal,0.00018324647680856287,0.3966626029351807,8.672170021503234
3784,0,normal,0.00018310968880541623,0.3966626029351807,8.675303898333368
3785,0,normal,0.00018297211499884725,0.3966626029351807,8.678438194983983
3786,0,normal,0.00018283582176081836,0.3966626029351807,8.681572913451646
3787,0,normal,0.0001826986117521301,0.3966626029351807,8.684707890309483
3788,0,normal,0.00018256275507155806,0.3966626029351807,8.687843206270372
3789,0,normal,0.0001824285282054916,0.3966626029351807,8.690978780521391
3790,0,normal,0.00018229302077088505,0.3966626029351807,8.694114693792699
3791,0,normal,0.0001821589539758861,0.3976168468595757,8.697251028832625
3792,0,normal,0.000182025003596209,0.3976168468595757,8.700387702966964
3793,0,normal,0.00018189099500887096,0.3976168468595757,8.703524798963372
3794,0,normal,0.00018175895093008876,0.39779623539196113,8.706662070494986
3795,0,normal,0.00018162566993851215,0.39779623539196113,8.709799763820001
3796,0,normal,0.000181493756826967,0.39779623539196113,8.712937715345788
3797,0,normal,0.00018136337166652083,0.39779623539196113,8.71607600588004
3798,0,normal,0.00018123141489923,0.39779623539196113,8.719214718224066
3799,0,normal,0.0001811009569792077,0.39779623539196113,8.722353769644997
3800,0,normal,0.000180969582288526,0.39779623539196113,8.725493242972789
3801,0,normal,0.00018084024486597627,0.3980692412829547,8.728632891696861
3802,0,normal,0.00018071105296257883,0.3980692412829547,8.731772879408709
3803,0,normal,0.00018058219575323164,0.3980692412829547,8.734913208018497
3804,0,normal,0.00018045370234176517,0.3980692412829547,8.738053875614469
3805,0,normal,0.00018032646039500833,0.3980692412829547,8.741194965064096
3806,0,normal,0.00018019827257376164,0.3980692412829547,8.744336393575395
3807,0,normal,0.00018007222388405353,0.39788972963697045,8.747478244034482
3808,0,normal,0.0001799453457351774,0.39771029894280996,8.750620269750243
3809,0,normal,0.00017981883138418198,0.39830205408337266,8.753762634437635
3810,0,normal,0.00017969388864003122,0.39830205408337266,8.756905340000912
3811,0,normal,0.0001795682474039495,0.39830205408337266,8.76004838453673
3812,0,normal,0.00017944422143045813,0.39830205408337266,8.763191850970088
3813,0,normal,0.00017932031187228858,0.39830205408337266,8.766335656447609
3814,0,normal,0.00017919603851623833,0.39830205408337266,8.76947988391862
3815,0,normal,0.00017907380242832005,0.39830205408337266,8.772624286495784
3816,0,normal,0.00017895057681016624,0.39830205408337266,8.775769028033665
3817,0,normal,0.00017882793326862156,0.39830205408337266,8.77891411043015
3818,0,normal,0.00017870716692414135,0.39830205408337266,8.782059531776895
3819,0,normal,0.0001785864296834916,0.39830205408337266,8.78520537506779
3820,0,normal,0.00017846528498921543,0.39830205408337266,8.788351557383294
3821,0,normal,0.00017834431491792202,0.39830205408337266,8.791498078722725
3822,0,normal,0.00017822496010921896,0.39830205408337266,8.794644857973026
3823,0,normal,0.0001781057653715834,0.39830205408337266,8.79779197616108
3824,0,normal,0.00017798661428969353,0.39830205408337266,8.800939435190458
3825,0,normal,0.00017786848184186965,0.39830205408337266,8.804087233152586
3826,0,normal,0.00017775116430129856,0.39830205408337266,8.80723545310093
3827,0,normal,0.0001776325370883569,0.3981490773982475,8.810384012057739
3828,0,normal,0.00017751581617631018,0.3981490773982475,8.813532910021422
3829,0,normal,0.00017740033217705786,0.3981490773982475,8.816682065812984
3830,0,normal,0.00017728460079524666,0.3981490773982475,8.819831560527064
3831,0,normal,0.00017716836009640247,0.3981490773982475,8.82298139606337
3832,0,normal,0.00017705427308101207,0.3981490773982475,8.826131570516281
3833,0,normal,0.00017693967674858868,0.3981490773982475,8.829282166995654
3834,0,normal,0.0001768251822795719,0.3981490773982475,8.832433102473033
3835,0,normal,0.0001767120702425018,0.3981490773982475,8.835584376935003
3836,0,normal,0.00017659968580119312,0.3981490773982475,8.838735909142997
3837,0,normal,0.00017648632638156414,0.3977313914284134,8.841887780256457
3838,0,normal,0.00017637542623560876,0.3977313914284134,8.845039992175316
3839,0,normal,0.0001762641331879422,0.3977313914284134,8.848192542991455
3840,0,normal,0.0001761515304679051,0.3977313914284134,8.851345597156751
3841,0,normal,0.00017604240565560758,0.3977313914284134,8.854498909090125
3842,0,normal,0.00017593122902326286,0.3973993435151301,8.857652559999678
3843,0,normal,0.00017582235159352422,0.39680892952662455,8.860806468574083
3844,0,normal,0.00017571293574292213,0.39680892952662455,8.863960716032807
3845,0,normal,0.00017560536798555404,0.39680892952662455,8.867115385597799
3846,0,normal,0.00017549666517879814,0.39680892952662455,8.87027031279763
3847,0,normal,0.00017538868996780366,0.39680892952662455,8.873425743448934
3848,0,normal,0.00017528179159853607,0.39680892952662455,8.876581431793738
3849,0,normal,0.00017517569358460605,0.39680892952662455,8.879737459092894
3850,0,normal,0.0001750698429532349,0.39680892952662455,8.882893743979821
3851,0,normal,0.00017496407963335514,0.39680892952662455,8.886050367734242
3852,0,normal,0.000174859567778185,0.39680892952662455,8.889207413636768
3853,0,normal,0.00017475454660598189,0.39680892952662455,8.892364717092278
3854,0,normal,0.00017465052951592952,0.39680892952662455,8.895522524112721
3855,0,normal,0.00017454706539865583,0.39680892952662455,8.898680588739353
3856,0,normal,0.00017444495460949838,0.39680892952662455,8.90183899230351
3857,0,normal,0.00017434173787478358,0.39748048550758663,8.904997653374721
3858,0,normal,0.00017423935059923679,0.39748048550758663,8.908156653298192
3859,0,normal,0.0001741382438922301,0.39772813339086355,8.911316075411605
3860,0,normal,0.00017403767560608685,0.39772813339086355,8.914475755001376
3861,0,normal,0.0001739369035931304,0.39772813339086355,8.917635938254534
3862,0,normal,0.00017383731028530747,0.39808709182699203,8.920796379042713
3863,0,normal,0.00017373690207023174,0.39808709182699203,8.92395715874386
3864,0,normal,0.00017363867664244026,0.39808709182699203,8.927118195874527
3865,0,normal,0.0001735398400342092,0.39844637423104745,8.930279571839947
3866,0,normal,0.00017344250227324665,0.39844637423104745,8.933441370040327
3867,0,normal,0.0001733450044412166,0.39844637423104745,8.936603425635667
3868,0,normal,0.00017324798682238907,0.39844637423104745,8.939765985004442
3869,0,normal,0.0001731511001707986,0.39844637423104745,8.942928801822973
3870,0,normal,0.00017305550863966346,0.39844637423104745,8.946091874094009
3871,0,normal,0.0001729605719447136,0.39844637423104745,8.949255287088818
3872,0,normal,0.00017286636284552515,0.39844637423104745,8.952419038892458
3873,0,normal,0.00017277180450037122,0.39844637423104745,8.955583212983129
3874,0,normal,0.00017267775547225028,0.39844637423104745,8.958747725956755
3875,0,normal,0.00017258411389775574,0.39844637423104745,8.961912577819248
3876,0,normal,0.0001724918110994622,0.39844637423104745,8.965077770470998
3877,0,normal,0.00017239955195691437,0.39844637423104745,8.96824321849931
3878,0,normal,0.00017230756930075586,0.39844637423104745,8.971409007226839
3879,0,normal,0.00017221675079781562,0.39844637423104745,8.974575134753877
3880,0,normal,0.0001721254229778424,0.39844637423104745,8.977741684600915
3881,0,normal,0.0001720355066936463,0.39848364899410166,8.980908573321585
3882,0,normal,0.00017194602696690708,0.39848364899410166,8.984075800905657
3883,0,normal,0.00017185696924570948,0.39848364899410166,8.987243369267162
3884,0,normal,0.00017176844994537532,0.39848364899410166,8.9904111929186
3885,0,normal,0.00017168067279271781,0.39848364899410166,8.993579438929373
3886,0,normal,0.00017159276467282325,0.39848364899410166,8.996747942116144
3887,0,normal,0.00017150636995211244,0.39848364899410166,8.999916867672937
3888,0,normal,0.00017141920397989452,0.39848364899410166,9.003086132083808
3889,0,normal,0.00017133330402430147,0.39848364899410166,9.006255735341938
3890,0,normal,0.00017124810256063938,0.39848364899410166,9.009425679352944
3891,0,normal,0.00017116301751229912,0.39848364899410166,9.012595878579987
3892,0,normal,0.00017107849998865277,0.39848364899410166,9.015766500205018
3893,0,normal,0.00017099484102800488,0.39848364899410166,9.018937378932833
3894,0,normal,0.00017091140034608543,0.39848364899410166,9.022108680072051
3895,0,normal,0.00017082887643482536,0.39812433297908284,9.025280320045567
3896,0,normal,0.00017074632341973484,0.39812433297908284,9.028452298847697
3897,0,normal,0.0001706648472463712,0.39812433297908284,9.031624618388605
3898,0,normal,0.00017058374942280352,0.39812433297908284,9.034797193061195
3899,0,normal,0.00017050282622221857,0.39812433297908284,9.03797019018134
3900,0,normal,0.00017042348918039352,0.39812433297908284,9.041143444318095
3901,0,normal,0.0001703441666904837,0.39812433297908284,9.044317120909227
3902,0,normal,0.00017026472778525203,0.39812433297908284,9.04749113632056
3903,0,normal,0.0001701859146123752,0.3986106801317932,9.050665490543679
3904,0,normal,0.00017010801821015775,0.3986106801317932,9.05384010173725
3905,0,normal,0.00017003086395561695,0.3986106801317932,9.0570150516603
3906,0,normal,0.00016995369514916092,0.39946190128056214,9.060190424067969
3907,0,normal,0.0001698771957308054,0.39946190128056214,9.063366053419259
3908,0,normal,0.0001698020496405661,0.39946190128056214,9.066542105268354
3909,0,normal,0.00016972645244095474,0.39946190128056214,9.069718495917414
3910,0,normal,0.00016965113172773272,0.40023881195175615,9.072895225357797
3911,0,normal,0.0001695779210422188,0.40023881195175615,9.076072211693372
3912,0,normal,0.00016950468125287443,0.39981893370557825,9.07924953673637
3913,0,normal,0.00016943065566010773,0.39945414982670563,9.082427284313098
3914,0,normal,0.0001693583617452532,0.39945414982670563,9.085605288747047
3915,0,normal,0.0001692864898359403,0.39945414982670563,9.088783631886372
3916,0,normal,0.00016921525821089745,0.39945414982670563,9.091962397571024
3917,0,normal,0.00016914360458031297,0.39945414982670563,9.095141502031083
3918,0,normal,0.00016907343524508178,0.39945414982670563,9.09832094527519
3919,0,normal,0.00016900358605198562,0.39945414982670563,9.101500645312626
3920,0,normal,0.00016893541032914072,0.39945414982670563,9.104680767926993
3921,0,normal,0.00016886588127817959,0.3989591722423525,9.107861147317408
3922,0,normal,0.0001687979674898088,0.3989591722423525,9.111041865395919
3923,0,normal,0.00016873049025889486,0.3989591722423525,9.11422300606614
3924,0,normal,0.00016866283840499818,0.3989591722423525,9.117404485495626
3925,0,normal,0.0001685965689830482,0.3989591722423525,9.120586303684377
3926,0,normal,0.00016853066335897893,0.3989591722423525,9.123768378593923
3927,0,normal,0.00016846577636897564,0.3989591722423525,9.126950876118826
3928,0,normal,0.00016840067110024393,0.3989591722423525,9.130133630345654
3929,0,normal,0.0001683361188042909,0.3989591722423525,9.133316723235794
3930,0,normal,0.00016827219224069268,0.3989591722423525,9.136500238766303
3931,0,normal,0.00016820925520733,0.39841542396850177,9.139684093036522
3932,0,normal,0.0001681468856986612,0.39841542396850177,9.142868286042813
3933,0,normal,0.0001680846035014838,0.39841542396850177,9.146052735694639
3934,0,normal,0.0001680228451732546,0.39841542396850177,9.149237608006615
3935,0,normal,0.00016796315321698785,0.39841542396850177,9.152422736938433
3936,0,normal,0.00016790180234238505,0.39841542396850177,9.155608204516739
3937,0,normal,0.00016784266335889697,0.39841542396850177,9.158794094775885
3938,0,normal,0.0001677833206485957,0.39841542396850177,9.161980323760645
3939,0,normal,0.0001677248947089538,0.3985951727863648,9.165166645018417
3940,0,normal,0.0001676661631790921,0.39930442838209085,9.168353469066687
3941,0,normal,0.00016760897415224463,0.4000297857137966,9.171540715821493
3942,0,normal,0.00016755182878114283,0.4000297857137966,9.17472821911474
3943,0,normal,0.0001674952363828197,0.4000297857137966,9.17791606103583
3944,0,normal,0.00016743986634537578,0.4000297857137966,9.18110432568119
3945,0,normal,0.0001673844235483557,0.4000297857137966,9.184292929034427
3946,0,normal,0.00016732931544538587,0.4000297857137966,9.187481871088039
3947,0,normal,0.00016727574984543025,0.4000297857137966,9.19067106962575
3948,0,normal,0.0001672219077590853,0.4000297857137966,9.193860606775388
3949,0,normal,0.00016716893878765404,0.4000297857137966,9.197050484446436
3950,0,normal,0.00016711645002942532,0.3999725871056866,9.200240700731456
3951,0,normal,0.00016706368478480726,0.3999725871056866,9.203431586545094
3952,0,normal,0.00016701294225640595,0.3999725871056866,9.206622564500094
3953,0,normal,0.00016696214152034372,0.3999725871056866,9.2098138811416
3954,0,normal,0.0001669127232162282,0.3999725871056866,9.213005454179893
3955,0,normal,0.0001668626646278426,0.3999725871056866,9.216197365820562
3956,0,normal,0.000166814133990556,0.3999725871056866,9.219389617962179
3957,0,normal,0.00016676544328220189,0.3999725871056866,9.2225822910018
3958,0,normal,0.00016671734920237213,0.3999725871056866,9.225775386940995
3959,0,normal,0.00016666985175106674,0.3999725871056866,9.22896873930199
3960,0,normal,0.00016662363486830145,0.3999725871056866,9.232162430325161
3961,0,normal,0.00016657744708936661,0.3999725871056866,9.235356377673497
3962,0,normal,0.00016653166676405817,0.399247333489832,9.23855066359829
3963,0,normal,0.00016648748714942485,0.3996450464395742,9.24174529001084
3964,0,normal,0.00016644199786242098,0.3996450464395742,9.244940337368007
3965,0,normal,0.00016639837122056633,0.3996450464395742,9.248135807659764
3966,0,normal,0.00016635539941489697,0.3996450464395742,9.251331534294422
3967,0,normal,0.00016631241305731237,0.3996450464395742,9.254527599582161
3968,0,normal,0.0001662706781644374,0.3996450464395742,9.257723921107072
3969,0,normal,0.00016622933617327362,0.3996450464395742,9.260920834153922
3970,0,normal,0.00016618861991446465,0.3996450464395742,9.264117834924946
3971,0,normal,0.00016614769992884248,0.3996450464395742,9.26731525668447
3972,0,normal,0.00016610842430964112,0.3996450464395742,9.27051310142383
3973,0,normal,0.00016606863937340677,0.3996450464395742,9.27371120243015
3974,0,normal,0.0001660303387325257,0.3994915539486261,9.276909642064538
3975,0,normal,0.000165992634720169,0.3994915539486261,9.28010833785629
3976,0,normal,0.00016595495981164277,0.3994915539486261,9.283307372195168
3977,0,normal,0.00016591808525845408,0.3994915539486261,9.286506746980649
3978,0,normal,0.00016588173457421362,0.3994915539486261,9.28970654279783
3979,0,normal,0.00016584625700488687,0.3994915539486261,9.292906761642598
3980,0,normal,0.00016581127420067787,0.3994915539486261,9.296107236668604
3981,0,normal,0.0001657768152654171,0.3994915539486261,9.299307797025676
3982,0,normal,0.00016574314213357866,0.4005211790634625,9.302508866523112
3983,0,normal,0.000165710283908993,0.4005211790634625,9.305710274553121
3984,0,normal,0.00016567691636737436,0.4005211790634625,9.30891210555319
3985,0,normal,0.0001656452368479222,0.40063758740495287,9.312114275157228
3986,0,normal,0.00016561365919187665,0.40063758740495287,9.315316867829551
3987,0,normal,0.000165582649060525,0.40063758740495287,9.318519632128073
3988,0,normal,0.00016555242473259568,0.40063758740495287,9.321722734932791
3989,0,normal,0.00016552276792936027,0.40063758740495287,9.324926178161604
3990,0,normal,0.00016549401334486902,0.40063758740495287,9.32812995989434
3991,0,normal,0.000165465273312293,0.40063758740495287,9.331334164645114
3992,0,normal,0.00016543724632356316,0.40063758740495287,9.334538707980528
3993,0,normal,0.00016541010700166225,0.40063758740495287,9.337743674427884
3994,0,normal,0.0001653835643082857,0.40063758740495287,9.340948812357055
3995,0,normal,0.0001653573417570442,0.40063758740495287,9.3441542887806
3996,0,normal,0.0001653320505283773,0.40063758740495287,9.347360105602775
3997,0,normal,0.00016530683205928653,0.40063758740495287,9.35056626091091
3998,0,normal,0.00016528292326256633,0.40063758740495287,9.353772839284147
3999,0,normal,0.00016525870887562633,0.40063758740495287,9.356979756223609
4000,0,normal,0.00016523564408998936,0.40063758740495287,9.360187096318668
4001,0,normal,0.00016521368524990976,0.40063758740495287,9.363394607754344
4002,0,normal,0.000165191333508119,0.40063758740495287,9.366602457664158
4003,0,normal,0.00016517039330210537,0.40063758740495287,9.369810647955774
4004,0,normal,0.00016514971503056586,0.40063758740495287,9.373019176716753
4005,0,normal,0.0001651295751798898,0.40063758740495287,9.37622812858308
4006,0,normal,0.00016511035209987313,0.40063758740495287,9.379437418998805
4007,0,normal,0.00016509134729858488,0.40063758740495287,9.382647132612192
4008,0,normal,0.0001650730991968885,0.40045691754830576,9.385857017424996
4009,0,normal,0.0001650557096581906,0.40045691754830576,9.389067240693521
4010,0,normal,0.00016503881488461047,0.40045691754830576,9.392277804324976
4011,0,normal,0.00016502253129146993,0.40045691754830576,9.395488706408514
4012,0,normal,0.000165006349561736,0.4005733072126904,9.398700031641738
4013,0,normal,0.000164991375640966,0.4005733072126904,9.401911695402987
4014,0,normal,0.00016497705655638129,0.4005733072126904,9.405123697690215
4015,0,normal,0.00016496304306201637,0.4005733072126904,9.408335955681196
4016,0,normal,0.00016494955343659967,0.400392666343571,9.411548552110162
4017,0,normal,0.0001649367914069444,0.400392666343571,9.414761488881823
4018,0,normal,0.00016492471331730485,0.400392666343571,9.417974764084875
4019,0,normal,0.00016491333371959627,0.400392666343571,9.421188462487635
4020,0,normal,0.00016490240523125976,0.400392666343571,9.42440249939773
4021,0,normal,0.00016489208792336285,0.400392666343571,9.427616874812657
4022,0,normal,0.00016488248365931213,0.400392666343571,9.430831505853575
4023,0,normal,0.00016487335960846394,0.4011435582580027,9.434046475314744
4024,0,normal,0.00016486535605508834,0.4011435582580027,9.437261785096098
4025,0,normal,0.00016485759988427162,0.4011435582580027,9.440477433296564
4026,0,normal,0.00016485009109601378,0.4011435582580027,9.44369350473562
4027,0,normal,0.00016484395018778741,0.4011435582580027,9.446909914663365
4028,0,normal,0.00016483818762935698,0.4011435582580027,9.450126663082983
4029,0,normal,0.0001648329198360443,0.4011435582580027,9.45334366704219
4030,0,normal,0.00016482800128869712,0.4011435582580027,9.456561009400275
4031,0,normal,0.0001648242468945682,0.4011435582580027,9.459778775036511
4032,0,normal,0.00016482087085023522,0.4011435582580027,9.462996796174593
4033,0,normal,0.0001648183970246464,0.4011435582580027,9.466215323573579
4034,0,normal,0.00016481615602970123,0.40169102982724186,9.469434106537392
4035,0,normal,0.00016481472994200885,0.40169102982724186,9.472653227972842
4036,0,normal,0.00016481391503475606,0.40169102982724186,9.475872604874894
4037,0,normal,0.00016481307102367282,0.40169102982724186,9.479092320152859
4038,0,normal,0.00016481400234624743,0.40169102982724186,9.482312458748765
4039,0,normal,0.00016481499187648296,0.40169102982724186,9.485532852769666
4040,0,normal,0.00016481641796417534,0.40169102982724186,9.488753753155152
4041,0,normal,0.00016481878992635757,0.40169102982724186,9.491974909030887
4042,0,normal,0.0001648221368668601,0.40169102982724186,9.495196403355749
4043,0,normal,0.00016482567298226058,0.4015799328725539,9.498418153063312
4044,0,normal,0.00016482998034916818,0.4015799328725539,9.501640241137011
4045,0,normal,0.00016483456420246512,0.4015799328725539,9.504862752564577
4046,0,normal,0.00016484037041664124,0.4015799328725539,9.508085519341876
4047,0,normal,0.00016484619118273258,0.4015799328725539,9.51130879258858
4048,0,normal,0.00016485269588883966,0.4015799328725539,9.514532321240722
4049,0,normal,0.000164860364748165,0.40182037547562277,9.517756188328576
4050,0,normal,0.00016486868844367564,0.401272727618989,9.520980310715913
4051,0,normal,0.00016487730317749083,0.401272727618989,9.524204771450968
4052,0,normal,0.000164886107086204,0.401272727618989,9.527429655586275
4053,0,normal,0.00016489623521920294,0.40080345775505244,9.530654794988095
4054,0,normal,0.0001649068290134892,0.40080345775505244,9.53388044096937
4055,0,normal,0.00016491839778609574,0.40080345775505244,9.537106342272864
4056,0,normal,0.0001649303885642439,0.40080345775505244,9.54033258199388
4057,0,normal,0.00016494268493261188,0.40080345775505244,9.543559076933889
4058,0,normal,0.00016495576710440218,0.40080345775505244,9.546785910202061
4059,0,normal,0.00016496991156600416,0.40080345775505244,9.550013166916415
4060,0,normal,0.00016498415789101273,0.40080345775505244,9.553240678814745
4061,0,normal,0.00016499916091561317,0.40080345775505244,9.556468612265235
4062,0,normal,0.00016501521167811006,0.40080345775505244,9.559696886018173
4063,0,normal,0.00016503120423294604,0.40080345775505244,9.562925413020594
4064,0,normal,0.00016504859377164394,0.4004688451128208,9.566154280236788
4065,0,normal,0.00016506628890056163,0.40028825135149454,9.56938348577114
4066,0,normal,0.00016508471162524074,0.40028825135149454,9.572613114787828
4067,0,normal,0.00016510343994013965,0.40028825135149454,9.57584308219316
4068,0,normal,0.00016512318688910455,0.40028825135149454,9.579073387979633
4069,0,normal,0.00016514380695298314,0.4009656957064506,9.58230403405446
4070,0,normal,0.00016516473260708153,0.4009656957064506,9.585534933298959
4071,0,normal,0.00016518629854544997,0.40074718464882253,9.588766256057852
4072,0,normal,0.0001652083155931905,0.4011680377172142,9.591997833867936
4073,0,normal,0.0001652316132094711,0.4011680377172142,9.595229835203327
4074,0,normal,0.00016525498358532786,0.40134902840232833,9.598462174910992
4075,0,normal,0.00016527902334928513,0.40134902840232833,9.601687684849594
4076,0,normal,0.00016530253924429417,0.40134902840232833,9.60492069696852
4077,0,normal,0.0001653297949815169,0.40134902840232833,9.608153962172764
4078,0,normal,0.00016535591566935182,0.40134902840232833,9.61138765093483
4079,0,normal,0.0001653833023738116,0.40134902840232833,9.614621594666005
4080,0,normal,0.00016541036893613636,0.40134902840232833,9.6178559619716
4081,0,normal,0.00016543864330742508,0.40134902840232833,9.62109066762423
4082,0,normal,0.0001654675870668143,0.40134902840232833,9.624325711626852
4083,0,normal,0.00016549689462408423,0.40134902840232833,9.627561095879855
4084,0,normal,0.00016552695888094604,0.40134902840232833,9.630796733137913
4085,0,normal,0.00016555789625272155,0.4023709597776483,9.63403279400245
4086,0,normal,0.00016558945935685188,0.4023709597776483,9.63726910975538
4087,0,normal,0.0001656220410950482,0.4023709597776483,9.64050584912161
4088,0,normal,0.00016565450641792268,0.4023709597776483,9.643742926819414
4089,0,normal,0.00016568804858252406,0.40255249317221925,9.646980342849702
4090,0,normal,0.00016572220192756504,0.40255249317221925,9.650218099110589
4091,0,normal,0.00016575699555687606,0.40177645065945117,9.653456108296268
4092,0,normal,0.00016579285147599876,0.4019266948674487,9.65669454113322
4093,0,normal,0.00016582866373937577,0.4019266948674487,9.659933228770342
4094,0,normal,0.00016586569836363196,0.4019266948674487,9.663172340075562
4095,0,normal,0.00016590318409726024,0.4019266948674487,9.666411789686663
4096,0,normal,0.0001659414410823956,0.4019266948674487,9.669651577613877
4097,0,normal,0.00016598023648839444,0.4019266948674487,9.67289162030329
4098,0,normal,0.00016601994866505265,0.4019266948674487,9.67613200121582
4099,0,normal,0.00016605990822426975,0.4019266948674487,9.679372805817366
4100,0,normal,0.00016610104648862034,0.4019266948674487,9.682613865151325
4101,0,normal,0.00016614228661637753,0.40200876126583407,9.68585526269976
4102,0,normal,0.00016618460358586162,0.40200876126583407,9.689097083956767
4103,0,normal,0.00016622760449536145,0.40182747307033745,9.692339243506694
4104,0,normal,0.0001662710274104029,0.40182747307033745,9.695581741345904
4105,0,normal,0.00016631526523269713,0.4021901312511833,9.698831848729014
4106,0,normal,0.0001663606963120401,0.4021901312511833,9.702075031198092
4107,0,normal,0.00016640617104712874,0.4021901312511833,9.705318468316818
4108,0,normal,0.00016645225696265697,0.4021901312511833,9.708562243632059
4109,0,normal,0.00016649930330459028,0.40252618211791064,9.711806442696115
4110,0,normal,0.00016654726641718298,0.40252618211791064,9.715050980037859
4111,0,normal,0.00016659547691233456,0.40252618211791064,9.718295855645465
4112,0,normal,0.00016664447321090847,0.40252618211791064,9.721540985852016
4113,0,normal,0.0001666942407609895,0.40252618211791064,9.724786539831257
4114,0,normal,0.00016674466314725578,0.40252618211791064,9.72803234838193
4115,0,normal,0.00016679594409652054,0.40252618211791064,9.731278495105244
4116,0,normal,0.00016684731235727668,0.40252618211791064,9.734525065627395
4117,0,normal,0.00016690001939423382,0.40252618211791064,9.737771974405177
4118,0,normal,0.00016695275553502142,0.40252618211791064,9.741019221436545
4119,0,normal,0.00016700656851753592,0.40252618211791064,9.744266722976135
4120,0,normal,0.00016706151654943824,0.40252618211791064,9.747514648340257
4121,0,normal,0.000167116493685171,0.40252618211791064,9.750762828187817
4122,0,normal,0.00016717231483198702,0.40252618211791064,9.754011346196421
4123,0,normal,0.00016722895088605583,0.40252618211791064,9.757260288045927
4124,0,normal,0.00016728631453588605,0.40252618211791064,9.760509568131738
4125,0,normal,0.000167344362125732,0.40252618211791064,9.76375918645249
4126,0,normal,0.0001674029917921871,0.40252618211791064,9.767009059205975
4127,0,normal,0.00016746248002164066,0.4028625137726936,9.770259355817188
4128,0,normal,0.00016752212832216173,0.4028625137726936,9.773509906840445
4129,0,normal,0.00016758298443164676,0.4028625137726936,9.7767607960036
4130,0,normal,0.00016764432075433433,0.4028625137726936,9.780012109049494
4131,0,normal,0.00016770651564002037,0.40246159891056654,9.783263760316913
4132,0,normal,0.00016776946722529829,0.40246159891056654,9.786515749792443
4133,0,normal,0.00016783314640633762,0.4019943255859258,9.789767993624764
4134,0,normal,0.00016789697110652924,0.4019943255859258,9.793020575582887
4135,0,normal,0.0001679622509982437,0.4019943255859258,9.796273497576976
4136,0,normal,0.00016802757454570383,0.4019943255859258,9.79952675769232
4137,0,normal,0.00016809400403872132,0.4019943255859258,9.802780441734058
4138,0,normal,0.00016816100105643272,0.402120662807677,9.806034463974811
4139,0,normal,0.0001682289585005492,0.402120662807677,9.80928882441276
4140,0,normal,0.00016829710511956364,0.402120662807677,9.8125434391211
4141,0,normal,0.00016836599388625473,0.4017766922505031,9.81579839193978
4142,0,normal,0.00016843577031977475,0.4017766922505031,9.819053684769642
4143,0,normal,0.00016850697284098715,0.4017766922505031,9.822309315710072
4144,0,normal,0.00016857823356986046,0.4015955087078824,9.825565454581238
4145,0,normal,0.00016865039651747793,0.4015955087078824,9.828821847739391
4146,0,normal,0.00016872257401701063,0.4015955087078824,9.83207857907928
4147,0,normal,0.0001687955518718809,0.4015955087078824,9.835335564607476
4148,0,normal,0.00016887018864508718,0.4015955087078824,9.83859288822623
4149,0,normal,0.00016894500004127622,0.4015955087078824,9.841850551844118
4150,0,normal,0.00016902011702768505,0.4015955087078824,9.845108637559633
4151,0,normal,0.00016909633995965123,0.4015955087078824,9.848367147374347
4152,0,normal,0.00016917345055844635,0.4011742071928022,9.851625911393285
4153,0,normal,0.00016925105592235923,0.4011742071928022,9.854885013579178
4154,0,normal,0.00016932908329181373,0.4011742071928022,9.858144369870615
4155,0,normal,0.0001694081729510799,0.4011742071928022,9.861404064234648
4156,0,normal,0.00016948806296568364,0.4011742071928022,9.86466409857917
4157,0,normal,0.00016956917534116656,0.4011742071928022,9.867924555063837
4158,0,normal,0.00016965012764558196,0.4011742071928022,9.871185435685675
4159,0,normal,0.00016973161837086082,0.40099329534433215,9.874446570440568
4160,0,normal,0.00016981434600893408,0.40099329534433215,9.877708043338544
4161,0,normal,0.00016989762661978602,0.40099329534433215,9.8809697702643
4162,0,normal,0.0001699814310995862,0.40099329534433215,9.884231835241735
4163,0,normal,0.00017006599227897823,0.40099329534433215,9.88749424018556
4164,0,normal,0.0001701516448520124,0.4008124650791152,9.890757067309778
4165,0,normal,0.00017023806867655367,0.4008124650791152,9.894020318614594
4166,0,normal,0.00017032476898748428,0.4008124650791152,9.89728382397243
4167,0,normal,0.00017041269165929407,0.4008124650791152,9.900547667453793
4168,0,normal,0.000170501196407713,0.4008124650791152,9.903811764883358
4169,0,normal,0.000170590152265504,0.4008124650791152,9.907076200347774
4170,0,normal,0.0001706795155769214,0.4008124650791152,9.910340975752433
4171,0,normal,0.00017077040683943778,0.4008124650791152,9.913606173387961
4172,0,normal,0.00017086209845729172,0.4025001531349544,9.916871795246607
4173,0,normal,0.00017095371731556952,0.4025001531349544,9.920137671075281
4174,0,normal,0.0001710462529445067,0.4025001531349544,9.923403798880372
4175,0,normal,0.00017113957437686622,0.4025001531349544,9.926670266609335
4176,0,normal,0.0001712341036181897,0.4025001531349544,9.9299370723611
4177,0,normal,0.00017132882203441113,0.4025001531349544,9.933204302279819
4178,0,normal,0.00017142435535788536,0.4025001531349544,9.936471870294099
4179,0,normal,0.00017152090731542557,0.4017534225502595,9.939739862573106
4180,0,normal,0.00017161796858999878,0.4017534225502595,9.943008022562026
4181,0,normal,0.0001717151317279786,0.4017534225502595,9.946276520555102
4182,0,normal,0.00017181319708470255,0.40203754558595606,9.949545358459318
4183,0,normal,0.00017191331426147372,0.40203754558595606,9.952814534356776
4184,0,normal,0.00017201341688632965,0.40203754558595606,9.956084134472349
4185,0,normal,0.0001721137814456597,0.40203754558595606,9.95935407266711
4186,0,normal,0.0001722154120216146,0.40203754558595606,9.962624435169118
4187,0,normal,0.0001723177410895005,0.40203754558595606,9.965894965235975
4188,0,normal,0.0001724206522339955,0.4021920162968302,9.969165833288116
4189,0,normal,0.0001725240144878626,0.4021920162968302,9.972437041230023
4190,0,normal,0.00017262910841964185,0.4021920162968302,9.975708587151757
4191,0,normal,0.00017273410048801452,0.4021920162968302,9.978980557337309
4192,0,normal,0.0001728397619444877,0.4021920162968302,9.982252865570672
4193,0,normal,0.0001729465730022639,0.4021543946474912,9.985525598166532
4194,0,normal,0.00017305376240983605,0.4021543946474912,9.988798498179449
4195,0,normal,0.00017316183948423713,0.4021543946474912,9.992071736160597
4196,0,normal,0.00017327044042758644,0.4021543946474912,9.995345314015367
4197,0,normal,0.00017338054021820426,0.4021543946474912,9.998619229829501
4198,0,normal,0.0001734903926262632,0.4021543946474912,10.001893569945878
4199,0,normal,0.00017360209312755615,0.4021543946474912,10.005168248101882
4200,0,normal,0.00017371388094034046,0.4021543946474912,10.008443350651078
4201,0,normal,0.0001738263963488862,0.4021543946474912,10.011718620481815
4202,0,normal,0.0001739390572765842,0.4021543946474912,10.014994228264186
4203,0,normal,0.0001740530860843137,0.4021543946474912,10.018270175899488
4204,0,normal,0.00017416806076653302,0.4021543946474912,10.021546461475737
4205,0,normal,0.00017428369028493762,0.4021543946474912,10.024823171395383
4206,0,normal,0.00017439972725696862,0.4021543946474912,10.028100219336238
4207,0,normal,0.0001745170447975397,0.40233583033669285,10.031377605293983
4208,0,normal,0.0001746347697917372,0.40233583033669285,10.0346552447445
4209,0,normal,0.00017475376080255955,0.40233583033669285,10.037933222118909
4210,0,normal,0.0001748723298078403,0.40233583033669285,10.041211539330106
4211,0,normal,0.00017499302339274436,0.40233583033669285,10.044490194463151
4212,0,normal,0.00017511349869892,0.40233583033669285,10.047769273988706
4213,0,normal,0.00017523480346426368,0.40233583033669285,10.05104869151296
4214,0,normal,0.00017535663209855556,0.4030836434304157,10.054328447034322
4215,0,normal,0.00017548046889714897,0.40272017956221867,10.057608455964782
4216,0,normal,0.00017560439300723374,0.40272017956221867,10.060888802807995
4217,0,normal,0.00017572894284967333,0.40272017956221867,10.064169574071002
4218,0,normal,0.000175853943801485,0.40272017956221867,10.067450598705364
4219,0,normal,0.00017597984697204083,0.40272017956221867,10.07073204777339
4220,0,normal,0.00017610687064006925,0.40272017956221867,10.074013834820562
4221,0,normal,0.00017623424355406314,0.40272017956221867,10.077295959849607
4222,0,normal,0.0001763630862114951,0.40272017956221867,10.080578338207943
4223,0,normal,0.00017649198707658798,0.40272017956221867,10.083861054457202
4224,0,normal,0.00017662192112766206,0.40272017956221867,10.087144195169913
4225,0,normal,0.00017675232084002346,0.40272017956221867,10.090427589175079
4226,0,normal,0.0001768839283613488,0.40272017956221867,10.09371140765461
4227,0,normal,0.00017701604519970715,0.40272017956221867,10.096995564098279
4228,0,normal,0.0001771490351529792,0.40272017956221867,10.100280058503358
4229,0,normal,0.00017728243255987763,0.40272017956221867,10.103564806155191
4230,0,normal,0.00017741680494509637,0.40272017956221867,10.10684989168044
4231,0,normal,0.0001775526616256684,0.40272017956221867,10.110135401711887
4232,0,normal,0.0001776885037543252,0.40272017956221867,10.113421164957117
4233,0,normal,0.00017782527720555663,0.4036889960872323,10.11670743746322
4234,0,normal,0.0001779627928044647,0.4036889960872323,10.119993963244724
4235,0,normal,0.0001781010942067951,0.40350695018004346,10.12328082696854
4236,0,normal,0.00017823933740146458,0.40350695018004346,10.126567943852251
4237,0,normal,0.0001783796033123508,0.40350695018004346,10.129855398599148
4238,0,normal,0.00017852023302111775,0.40350695018004346,10.133143277894533
4239,0,normal,0.00017866140115074813,0.4036889960872323,10.136431410320029
4240,0,normal,0.00017880355881061405,0.40350695018004346,10.139720052108942
4241,0,normal,0.00017894651682581753,0.40350695018004346,10.143008947093222
4242,0,normal,0.00017909050802700222,0.40350695018004346,10.146298180003441
4243,0,normal,0.00017923467385116965,0.40350695018004346,10.149587665998752
4244,0,normal,0.0001793797709979117,0.40350695018004346,10.152877489829052
4245,0,normal,0.00017952610505744815,0.40350695018004346,10.156167738251952
4246,0,normal,0.00017967270105145872,0.40350695018004346,10.159458239727655
4247,0,normal,0.00017982056306209415,0.40350695018004346,10.162749163899434
4248,0,normal,0.0001799688470782712,0.40350695018004346,10.166040427884582
4249,0,normal,0.00018011780048254877,0.40350695018004346,10.16933202977657
4250,0,normal,0.0001802670885808766,0.4034245779401438,10.172623884673385
4251,0,normal,0.00018041850125882775,0.4034245779401438,10.17591607738791
4252,0,normal,0.00018056969565805048,0.4034245779401438,10.179208694735962
4253,0,normal,0.0001807223161449656,0.4035418301317614,10.182501565057237
4254,0,normal,0.00018087480566464365,0.4035418301317614,10.185794858119834
4255,0,normal,0.00018102931790053844,0.4035418301317614,10.189088490977383
4256,0,normal,0.0001811832917155698,0.4035418301317614,10.192382461720626
4257,0,normal,0.00018133899720851332,0.4035418301317614,10.195676770344562
4258,0,normal,0.00018149471725337207,0.4035418301317614,10.198971331884877
4259,0,normal,0.00018165138317272067,0.40372389177536433,10.202266318102602
4260,0,normal,0.00018180985352955759,0.40372389177536433,10.205561642194198
4261,0,normal,0.00018196730525232852,0.40372389177536433,10.208857304159665
4262,0,normal,0.00018212680879514664,0.40372389177536433,10.21215330589962
4263,0,normal,0.00018228722910862416,0.40372389177536433,10.2154495585919
4264,0,normal,0.00018244805687572807,0.40372389177536433,10.218746235991603
4265,0,normal,0.000182609714102,0.40372389177536433,10.22204316622583
4266,0,normal,0.00018277173512615263,0.40372389177536433,10.22534052118067
4267,0,normal,0.00018293544417247176,0.40531589796037154,10.228638213990735
4268,0,normal,0.00018309918232262135,0.40531589796037154,10.231936244654662
4269,0,normal,0.00018326440476812422,0.40531589796037154,10.235234615073978
4270,0,normal,0.00018342981638852507,0.40549875999114776,10.238533236366493
4271,0,normal,0.0001835963485063985,0.40549875999114776,10.24183228240986
4272,0,normal,0.00018376320076640695,0.40549875999114776,10.245131581202259
4273,0,normal,0.00018393128993920982,0.40549875999114776,10.248431304763471
4274,0,normal,0.0001841007178882137,0.4057196561519321,10.251731366163995
4275,0,normal,0.00018426991300657392,0.4057196561519321,10.255031765392232
4276,0,normal,0.00018443982116878033,0.4057196561519321,10.258332504365399
4277,0,normal,0.00018461182480677962,0.4057196561519321,10.261633494124453
4278,0,normal,0.00018479343270882964,0.4057196561519321,10.264938314402343
4279,0,normal,0.00018496598931960762,0.4057196561519321,10.268243390595444
4280,0,normal,0.00018513922987040132,0.4057196561519321,10.271548894843818
4281,0,normal,0.00018531236855778843,0.4057196561519321,10.274854654987848
4282,0,normal,0.00018548763182479888,0.4057196561519321,10.278160756112356
4283,0,normal,0.00018566398648545146,0.4057196561519321,10.281467370498376
4284,0,normal,0.0001858399627963081,0.4057196561519321,10.284774153724811
4285,0,normal,0.0001860162301454693,0.40575761133242205,10.288081365031758
4286,0,normal,0.00018619403999764472,0.40575761133242205,10.2913888321782
4287,0,normal,0.00018637345056049526,0.40575761133242205,10.294696640292159
4288,0,normal,0.0001865536905825138,0.40575761133242205,10.298004876506639
4289,0,normal,0.00018672345322556794,0.40575761133242205,10.301310044164438
4290,0,normal,0.00018690494471229613,0.40575761133242205,10.304615464367544
4291,0,normal,0.00018708751304075122,0.40575761133242205,10.30792122227922
4292,0,normal,0.00018727204587776214,0.40575761133242205,10.311227405072486
4293,0,normal,0.00018745574925560504,0.40575761133242205,10.31453384038059
4294,0,normal,0.00018764138803817332,0.40575761133242205,10.317840613381122
4295,0,normal,0.00018782714323606342,0.40575761133242205,10.321147811289393
4296,0,normal,0.0001880139170680195,0.40575761133242205,10.324455346975355
4297,0,normal,0.0001882021315395832,0.40575761133242205,10.327763220434917
4298,0,normal,0.00018839022959582508,0.40575761133242205,10.33107134634929
4299,0,normal,0.00018857858958654106,0.40575761133242205,10.334379897186636
4300,0,normal,0.00018876894318964332,0.40575761133242205,10.33768870045651
4301,0,normal,0.00018895886023528874,0.40575761133242205,10.340997841405851
4302,0,normal,0.00018915113469120115,0.40575761133242205,10.344307407303859
4303,0,normal,0.000189343627425842,0.40575761133242205,10.347617310953183
4304,0,normal,0.00018953715334646404,0.40594067264628747,10.350927552365192
4305,0,normal,0.00018973011174239218,0.40594067264628747,10.35423804614311
4306,0,normal,0.00018992451077792794,0.40594067264628747,10.357548964895614
4307,0,normal,0.00019011946278624237,0.40594067264628747,10.36086013599288
4308,0,normal,0.00019031691772397608,0.40594067264628747,10.36416815223447
4309,0,normal,0.00019051373237743974,0.4061238165499644,10.36747659021512
4310,0,normal,0.00019071112910751253,0.4061238165499644,10.370785362688821
4311,0,normal,0.00019091024296358228,0.4061238165499644,10.374094556993214
4312,0,normal,0.00019110972061753273,0.4061238165499644,10.377404000429578
4313,0,normal,0.0001913092564791441,0.4061238165499644,10.380713690994753
4314,0,normal,0.00019151072774548084,0.40628094537311155,10.384023717869923
4315,0,normal,0.00019171350868418813,0.40628094537311155,10.387334079145603
4316,0,normal,0.00019191604224033654,0.40628094537311155,10.39064486220218
4317,0,normal,0.00019211902690585703,0.40628094537311155,10.393955979732254
4318,0,normal,0.0001923243107739836,0.40628094537311155,10.397267431737646
4319,0,normal,0.00019252895435784012,0.40628094537311155,10.400582629112023
4320,0,normal,0.0001927354169311002,0.40628094537311155,10.403898251539431
4321,0,normal,0.00019294137018732727,0.40628094537311155,10.407214126154258
4322,0,normal,0.00019314984092488885,0.40628094537311155,10.410530338396711
4323,0,normal,0.00019335877732373774,0.40628094537311155,10.41384697570902
4324,0,normal,0.00019356768461875618,0.40628094537311155,10.417163950722852
4325,0,normal,0.00019377842545509338,0.40628094537311155,10.42048126343957
4326,0,normal,0.00019398851145524532,0.40628094537311155,10.423798828289137
4327,0,normal,0.0001942013477673754,0.40628094537311155,10.427116730749503
4328,0,normal,0.0001944141258718446,0.40628094537311155,10.430434972729927
4329,0,normal,0.0001946275879163295,0.40591459847120476,10.43375355231774
4330,0,normal,0.00019484208314679563,0.40591459847120476,10.437072642619796
4331,0,normal,0.00019505689851939678,0.40591459847120476,10.440391985078804
4332,0,normal,0.000195272674318403,0.40591459847120476,10.443711665214323
4333,0,normal,0.00019549029821064323,0.4058766286059005,10.44703159740402
4334,0,normal,0.00019570827134884894,0.40624294123916416,10.45035186719133
4335,0,normal,0.00019592614262364805,0.40624294123916416,10.453672476474821
4336,0,normal,0.00019614523625932634,0.40568926579207193,10.456993423347512
4337,0,normal,0.0001963659597095102,0.40568926579207193,10.460314881039494
4338,0,normal,0.00019658691599033773,0.40568926579207193,10.463636590803617
4339,0,normal,0.0001968095893971622,0.40568926579207193,10.466958638235837
4340,0,normal,0.0001970313605852425,0.40568926579207193,10.47028093763538
4341,0,normal,0.00019725554739125073,0.40568926579207193,10.473603574610252
4342,0,normal,0.00019747953047044575,0.40568926579207193,10.476926551066299
4343,0,normal,0.00019770443032030016,0.40568926579207193,10.480249950808457
4344,0,normal,0.00019793251703958958,0.40568926579207193,10.483573775829427
4345,0,normal,0.00019815821724478155,0.40615459734755555,10.486897852846823
4346,0,normal,0.00019838598382193595,0.40615459734755555,10.49022226750867
4347,0,normal,0.00019861530745401978,0.40615459734755555,10.493546934057804
4348,0,normal,0.00019884417997673154,0.40615459734755555,10.496871938163167
4349,0,normal,0.00019907395471818745,0.4067045666500774,10.50019728173288
4350,0,normal,0.00019930608686991036,0.40648313424968907,10.503523048628722
4351,0,normal,0.00019953897572122514,0.4059500359089403,10.506849240848169
4352,0,normal,0.00019977062765974551,0.4059500359089403,10.510175684984006
4353,0,normal,0.00020000476797576994,0.4059500359089403,10.513502466739055
4354,0,normal,0.0002002394467126578,0.4059500359089403,10.516829500308631
4355,0,normal,0.00020047399448230863,0.4051969049962931,10.520156871411928
4356,0,normal,0.00020071116159670055,0.4051969049962931,10.523484581958428
4357,0,normal,0.0002009484451264143,0.4051969049962931,10.526812715876758
4358,0,normal,0.00020118679094593972,0.4051969049962931,10.53014127516417
4359,0,normal,0.00020142534049227834,0.4051969049962931,10.53347008628225
4360,0,normal,0.00020166476315353066,0.4051969049962931,10.536799147233296
4361,0,normal,0.0002019052190007642,0.40485862446407345,10.540128547611857
4362,0,normal,0.0002021471445914358,0.40485862446407345,10.543458285513225
4363,0,normal,0.00020238893921487033,0.40485862446407345,10.546788362834604
4364,0,normal,0.00020263218902982771,0.40485862446407345,10.550118863572152
4365,0,normal,0.0002028763119596988,0.40561072865215664,10.55344978971766
4366,0,normal,0.00020312154083512723,0.4057382024230754,10.556780967617897
4367,0,normal,0.00020336669695097953,0.4057382024230754,10.560112395267197
4368,0,normal,0.00020361396309453994,0.4057382024230754,10.563444162326505
4369,0,normal,0.00020386216056067497,0.4057382024230754,10.56677626688679
4370,0,normal,0.00020410915021784604,0.4057382024230754,10.570108796809564
4371,0,normal,0.0002043591666733846,0.4057382024230754,10.573441664301754
4372,0,normal,0.000204608790227212,0.4057382024230754,10.576774957246926
4373,0,normal,0.00020485853019636124,0.4057382024230754,10.58010841397595
4374,0,normal,0.0002051114570349455,0.4057382024230754,10.58344220819572
4375,0,normal,0.0002053641655948013,0.4057382024230754,10.58677634180367
4376,0,normal,0.0002056171651929617,0.4053125549352418,10.590110812892362
4377,0,normal,0.00020587226026691496,0.4053125549352418,10.593445709381058
4378,0,normal,0.0002061266714008525,0.4053125549352418,10.59678094342462
4379,0,normal,0.00020638320711441338,0.4053125549352418,10.60011660297073
4380,0,normal,0.00020663999021053314,0.4053125549352418,10.603452426151762
4381,0,normal,0.00020689837401732802,0.4053125549352418,10.606788586803304
4382,0,normal,0.00020715597202070057,0.4053125549352418,10.610125086826656
4383,0,normal,0.00020741632033605129,0.4053125549352418,10.613461924308695
4384,0,normal,0.00020767639216501266,0.4053125549352418,10.616799187238485
4385,0,normal,0.00020793812291231006,0.4053125549352418,10.620136787705633
4386,0,normal,0.00020820088684558868,0.4053125549352418,10.623474813711482
4387,0,normal,0.00020846276311203837,0.4053125549352418,10.626813003209463
4388,0,normal,0.00020872811728622764,0.4053125549352418,10.630151530163403
4389,0,normal,0.00020899252558592707,0.4051297768747215,10.633490396468915
4390,0,normal,0.00020925815624650568,0.4058076831922248,10.636829600216288
4391,0,normal,0.0002095245581585914,0.4058076831922248,10.640169229449839
4392,0,normal,0.0002097921969834715,0.4058076831922248,10.643509196202785
4393,0,normal,0.00021006041788496077,0.4058076831922248,10.646849588535133
4394,0,normal,0.00021032922086305916,0.4058076831922248,10.65019014422569
4395,0,normal,0.000210600919672288,0.4058076831922248,10.653531037345829
4396,0,normal,0.0002108698827214539,0.4058076831922248,10.656872269798214
4397,0,normal,0.00021114223636686802,0.4058076831922248,10.660213839678818
4398,0,normal,0.00021141456090845168,0.4058076831922248,10.663555835083343
4399,0,normal,0.00021169069805182517,0.40562468185072936,10.666898167993395
4400,0,normal,0.00021196318266447634,0.40562468185072936,10.670240838395557
4401,0,normal,0.00021223841758910567,0.40562468185072936,10.673583760064957
4402,0,normal,0.0002125146856997162,0.40562468185072936,10.676927019149389
4403,0,normal,0.0002127926127286628,0.40562468185072936,10.680270703791393
4404,0,normal,0.00021306944836396724,0.40562468185072936,10.683614639664938
4405,0,normal,0.0002133493107976392,0.40562468185072936,10.686959001113564
4406,0,normal,0.00021362860570661724,0.40562468185072936,10.690303700040204
4407,0,normal,0.0002139099087798968,0.4058295807492228,10.693648736445311
4408,0,normal,0.0002141907170880586,0.4058295807492228,10.696994024040578
4409,0,normal,0.00021447351900860667,0.4058295807492228,10.700339649024272
4410,0,normal,0.0002147563936887309,0.4058295807492228,10.70368569961147
4411,0,normal,0.00021504027245100588,0.4058295807492228,10.707032001350399
4412,0,normal,0.00021532460232265294,0.40506013743257574,10.710378728701244
4413,0,normal,0.0002156125265173614,0.40506013743257574,10.713725793514413
4414,0,normal,0.0002158995921490714,0.40506013743257574,10.71707319578968
4415,0,normal,0.00021618673054035753,0.40506013743257574,10.720420849170068
4416,0,normal,0.00021647530957125127,0.40506013743257574,10.72376883992547
4417,0,normal,0.00021676610049325973,0.40506013743257574,10.7271172563228
4418,0,normal,0.00021705616381950676,0.40506013743257574,10.730465923791144
4419,0,normal,0.0002173481771023944,0.40506013743257574,10.733815016916424
4420,0,normal,0.0002176398556912318,0.40506013743257574,10.737164447484702
4421,0,normal,0.0002179321163566783,0.40506013743257574,10.740514215494613
4422,0,normal,0.00021822660346515477,0.40506013743257574,10.743864234530065
4423,0,normal,0.0002185215416830033,0.40506013743257574,10.747214590919384
4424,0,normal,0.0002188175276387483,0.40506013743257574,10.750565372995652
4425,0,normal,0.0002191146631957963,0.40506013743257574,10.753916406061307
4426,0,normal,0.00021941214799880981,0.40506013743257574,10.75726795127298
4427,0,normal,0.00021971100068185478,0.40506013743257574,10.760619747538158
4428,0,normal,0.0002200111630372703,0.40506013743257574,10.763971881219277
4429,0,normal,0.00022031065600458533,0.4043086574867776,10.767324265847492
4430,0,normal,0.00022061124036554247,0.4043086574867776,10.770676987812294
4431,0,normal,0.00022091354185249656,0.4043086574867776,10.77403013550338
4432,0,normal,0.00022121549409348518,0.4043086574867776,10.77738353410723
4433,0,normal,0.00022152048768475652,0.4043086574867776,10.78073735654607
4434,0,normal,0.00022182657266966999,0.4043086574867776,10.784091518294645
4435,0,normal,0.00022213238116819412,0.4043086574867776,10.78744601744711
4436,0,normal,0.00022243784042075276,0.4043086574867776,10.790800767462088
4437,0,normal,0.0002227461081929505,0.4043086574867776,10.794155854792052
4438,0,normal,0.00022305449238047004,0.4043086574867776,10.797511367898323
4439,0,normal,0.000223364113480784,0.4043086574867776,10.8008671318305
4440,0,normal,0.00022367521887645125,0.40396281533776945,10.80422331964246
4441,0,normal,0.0002239851892227307,0.40396281533776945,10.80757984674483
4442,0,normal,0.00022429777891375124,0.40396281533776945,10.810936711233808
4443,0,normal,0.00022461084881797433,0.40396281533776945,10.814293913102347
4444,0,normal,0.00022492479183711112,0.40396281533776945,10.817651365741767
4445,0,normal,0.00022523979714605957,0.40396281533776945,10.821009244194329
4446,0,normal,0.00022555646137334406,0.40396281533776945,10.82436737339276
4447,0,normal,0.00022587167040910572,0.4034165535890361,10.827725926518951
4448,0,normal,0.00022618958610109985,0.40396281533776945,10.831084818915087
4449,0,normal,0.00022650908795185387,0.40396281533776945,10.834444048673959
4450,0,normal,0.00022682882263325155,0.4049522386045673,10.83780361579602
4451,0,normal,0.00022714879014529288,0.4049522386045673,10.841163433608017
4452,0,normal,0.00022747062030248344,0.4049522386045673,10.844523677277493
4453,0,normal,0.00022779221762903035,0.4049522386045673,10.8478842582997
4454,0,normal,0.00022811413509771228,0.4049522386045673,10.85124517667441
4455,0,normal,0.00022843839542474598,0.4049522386045673,10.854606434302923
4456,0,normal,0.000228763950872235,0.4049522386045673,10.857967940658227
4457,0,normal,0.0002290899574290961,0.4049522386045673,10.861329872899432
4458,0,normal,0.00022941664792597294,0.4049522386045673,10.86469205575304
4459,0,normal,0.00022974394960328937,0.4049522386045673,10.868054664498459
4460,0,normal,0.0002300734049640596,0.4049522386045673,10.871417610588423
4461,0,normal,0.00023040384985506535,0.4049522386045673,10.874780894005426
4462,0,normal,0.00023073353804647923,0.4049522386045673,10.87814451665895
4463,0,normal,0.00023106459411792457,0.4049522386045673,10.881508387957183
4464,0,normal,0.00023139726545196027,0.4049522386045673,10.884872685186565
4465,0,normal,0.00023172938381321728,0.4049522386045673,10.888237232944903
4466,0,normal,0.000232065242016688,0.4049522386045673,10.89160220664371
4467,0,normal,0.00023239954316522926,0.4049522386045673,10.894967517660461
4468,0,normal,0.0002327360271010548,0.4049522386045673,10.898333165989015
4469,0,normal,0.00023307242372538894,0.4049522386045673,10.901699153531126
4470,0,normal,0.00023341085761785507,0.4049522386045673,10.905065389644278
4471,0,normal,0.00023374991724267602,0.4049522386045673,10.908432051723594
4472,0,normal,0.00023408875858876854,0.4049522386045673,10.911798964253876
4473,0,normal,0.00023443042300641537,0.40502638267725205,10.915166214000465
4474,0,normal,0.00023477259674109519,0.40502638267725205,10.918533889741639
4475,0,normal,0.0002351147122681141,0.40502638267725205,10.921901902770742
4476,0,normal,0.0002354571333853528,0.40502638267725205,10.925270254999987
4477,0,normal,0.00023580322158522904,0.40524702150966607,10.928638855714098
4478,0,normal,0.00023614862584508955,0.40524702150966607,10.932007882440303
4479,0,normal,0.0002364946121815592,0.40524702150966607,10.935377159538575
4480,0,normal,0.00023684186453465372,0.40524702150966607,10.938746773832008
4481,0,normal,0.00023719064483884722,0.40524702150966607,10.942116814158453
4482,0,normal,0.00023753903224132955,0.40506427300182624,10.945487191761003
4483,0,normal,0.00023788915132172406,0.40506427300182624,10.94885790663443
4484,0,normal,0.0002382388338446617,0.40506427300182624,10.952228871818306
4485,0,normal,0.0002385932020843029,0.40506427300182624,10.955600263060887
4486,0,normal,0.0002389460860285908,0.40506427300182624,10.958971904588452
4487,0,normal,0.00023929945018608123,0.40506427300182624,10.96234388329458
4488,0,normal,0.00023965310538187623,0.40506427300182624,10.96571628807851
4489,0,normal,0.00024001042766030878,0.40506427300182624,10.969089030113764
4490,0,normal,0.0002403661492280662,0.40506427300182624,10.972462109404887
4491,0,normal,0.00024072517408058047,0.40506427300182624,10.975835438923923
4492,0,normal,0.00024108277284540236,0.4058353145616143,10.979209194541454
4493,0,normal,0.00024144313647411764,0.4058353145616143,10.98258320036507
4494,0,normal,0.00024180194304790348,0.4058353145616143,10.98595754335338
4495,0,normal,0.00024216441670432687,0.4058353145616143,10.989332312454053
4496,0,normal,0.00024252821458503604,0.40565230075959163,10.992707418794453
4497,0,normal,0.0002428901643725112,0.4061555823229374,10.996082862365483
4498,0,normal,0.000243253874941729,0.4070432250547707,10.99945855608803
4499,0,normal,0.0002436189097352326,0.4070432250547707,11.002834675950226
4500,0,normal,0.00024398454115726054,0.40757785498054033,11.006211045938926
4501,0,normal,0.0002443536068312824,0.40757785498054033,11.009587753066398
4502,0,normal,0.0002447214210405946,0.40757785498054033,11.012964886357167
4503,0,normal,0.00024508943897672,0.40757785498054033,11.016342356861287
4504,0,normal,0.0002454593195579946,0.40757785498054033,11.019720164581713
4505,0,normal,0.00024583048070780933,0.40757785498054033,11.023098222370663
4506,0,normal,0.0002462030097376555,0.40757785498054033,11.026476706343374
4507,0,normal,0.0002465762372594327,0.40757785498054033,11.029855440361189
4508,0,normal,0.0002469486207701266,0.40757785498054033,11.03323451149663
4509,0,normal,0.0002473237691447139,0.40757785498054033,11.036614008839024
4510,0,normal,0.00024770080926828086,0.40757785498054033,11.039993843377943
4511,0,normal,0.000248077732976526,0.40757785498054033,11.043374015112477
4512,0,normal,0.00024845427833497524,0.40757785498054033,11.046754436830952
4513,0,normal,0.0002488338213879615,0.40757785498054033,11.050135195657049
4514,0,normal,0.0002492117928341031,0.40757785498054033,11.053516293497523
4515,0,normal,0.00024959331494756043,0.40757785498054033,11.056897728438116
4516,0,normal,0.00024997518630698323,0.40739405536975287,11.060279676867367
4517,0,normal,0.00025035793078131974,0.40739405536975287,11.063661875303069
4518,0,normal,0.000250740849878639,0.4081805078895025,11.067044410916424
4519,0,normal,0.0002511233324185014,0.4081805078895025,11.07042719643482
4520,0,normal,0.0002515102969482541,0.4081805078895025,11.073810319038785
4521,0,normal,0.0002518964174669236,0.4081805078895025,11.0771937806403
4522,0,normal,0.000252282916335389,0.4081805078895025,11.080577579318287
4523,0,normal,0.0002526720054447651,0.4081805078895025,11.083961891591116
4524,0,normal,0.00025306062889285386,0.4081805078895025,11.087346453791952
4525,0,normal,0.0002534522209316492,0.4081805078895025,11.090731353148612
4526,0,normal,0.00025384488981217146,0.4081805078895025,11.094116502330508
4527,0,normal,0.0002542333386372775,0.40799643650887096,11.097501988579097
4528,0,normal,0.0002546265604905784,0.40799643650887096,11.100887813803865
4529,0,normal,0.0002550217614043504,0.40775229825400794,11.104273976091918
4530,0,normal,0.0002554179518483579,0.40775229825400794,11.107660652071672
4531,0,normal,0.0002558125415816903,0.40775229825400794,11.111047577899853
4532,0,normal,0.0002562112349551171,0.40775229825400794,11.114434840866124
4533,0,normal,0.0002566082403063774,0.40775229825400794,11.117822353576457
4534,0,normal,0.00025700737023726106,0.40775229825400794,11.121210203338023
4535,0,normal,0.0002574067621026188,0.40775229825400794,11.124598392050075
4536,0,normal,0.00025780676514841616,0.40775229825400794,11.127987005228078
4537,0,normal,0.0002582100569270551,0.40775229825400794,11.131376044852004
4538,0,normal,0.00025861189351417124,0.40775229825400794,11.13476533424705
4539,0,normal,0.0002590155345387757,0.40775229825400794,11.138154960761085
4540,0,normal,0.0002594209217932075,0.40775229825400794,11.141544836937783
4541,0,normal,0.0002598270948510617,0.40775229825400794,11.144935050143431
4542,0,normal,0.0002602324530016631,0.40775229825400794,11.148325602285013
4543,0,normal,0.00026064011035487056,0.40775229825400794,11.151716578928927
4544,0,normal,0.0002610505616758019,0.40775229825400794,11.155107982069694
4545,0,normal,0.0002614589757286012,0.40756841997700893,11.158499634896089
4546,0,normal,0.0002618682337924838,0.40756841997700893,11.161891535412906
4547,0,normal,0.00026228197384625673,0.40756841997700893,11.16528377484724
4548,0,normal,0.00026269356021657586,0.40756841997700893,11.168676351294835
4549,0,normal,0.00026310753310099244,0.40756841997700893,11.172069266655853
4550,0,normal,0.00026352304848842323,0.40756841997700893,11.175462606562178
4551,0,normal,0.0002639386511873454,0.40756841997700893,11.178856373006738
4552,0,normal,0.0002643543994054198,0.40756841997700893,11.182250389057344
4553,0,normal,0.0002647720102686435,0.4068293931541074,11.185644652716064
4554,0,normal,0.0002651889226399362,0.4067111857356937,11.18903925527502
4555,0,normal,0.00026560918195173144,0.4067111857356937,11.192434194826774
4556,0,normal,0.0002660313039086759,0.4067111857356937,11.195829560866969
4557,0,normal,0.0002664519124664366,0.40689467726350526,11.199225263971357
4558,0,normal,0.0002668756351340562,0.4062463070491582,11.202621393657864
4559,0,normal,0.0002672986302059144,0.4062463070491582,11.206017772869927
4560,0,normal,0.0002677220618352294,0.4062463070491582,11.20941439961257
4561,0,normal,0.00026814782177098095,0.4062463070491582,11.212811365229754
4562,0,normal,0.00026857375632971525,0.4062463070491582,11.216208667821547
4563,0,normal,0.00026900225202552974,0.4060631079076763,11.219606396945665
4564,0,normal,0.0002694305148907006,0.4060631079076763,11.223004463115558
4565,0,normal,0.0002698601456359029,0.4060631079076763,11.22640295591168
4566,0,normal,0.0002702907077036798,0.406952699691029,11.229801608562639
4567,0,normal,0.0002707226376514882,0.406952699691029,11.233200598175927
4568,0,normal,0.0002711534616537392,0.406952699691029,11.236599926649205
4569,0,normal,0.00027158812736161053,0.406952699691029,11.239999592077538
4570,0,normal,0.00027202299679629505,0.406952699691029,11.243399684076394
4571,0,normal,0.00027245806995779276,0.406952699691029,11.246800113107838
4572,0,normal,0.00027289462741464376,0.406952699691029,11.250200968798481
4573,0,normal,0.0002733310975600034,0.406952699691029,11.25360198420708
4574,0,normal,0.00027377091464586556,0.406952699691029,11.257003336556636
4575,0,normal,0.00027420889819040895,0.406952699691029,11.260405027749812
4576,0,normal,0.00027464868617244065,0.406952699691029,11.263807055876669
4577,0,normal,0.00027509077335707843,0.406952699691029,11.267209510615885
4578,0,normal,0.00027553370455279946,0.406952699691029,11.270612302366771
4579,0,normal,0.00027597753796726465,0.406952699691029,11.274015520822331
4580,0,normal,0.00027642285567708313,0.406952699691029,11.277418898852375
4581,0,normal,0.0002768675039988011,0.4067311321933259,11.28082261380564
4582,0,normal,0.00027731320005841553,0.4067311321933259,11.284226667581152
4583,0,normal,0.0002777619520202279,0.4067311321933259,11.2876310582717
4584,0,normal,0.00027820904506370425,0.4067311321933259,11.29103587561508
4585,0,normal,0.00027866053278557956,0.4067311321933259,11.294441029952168
4586,0,normal,0.0002791091101244092,0.4072818821750992,11.297846521279553
4587,0,normal,0.0002795616164803505,0.4072818821750992,11.301252261722084
4588,0,normal,0.00028001450118608773,0.4072818821750992,11.3046583390676
4589,0,normal,0.0002804688410833478,0.4078377311886677,11.308064843100738
4590,0,normal,0.0002809212601277977,0.4078377311886677,11.311471596218325
4591,0,normal,0.000281377462670207,0.4078377311886677,11.314878776034675
4592,0,normal,0.0002818340144585818,0.4078377311886677,11.318286292824268
4593,0,normal,0.000282290275208652,0.4078377311886677,11.321694146578238
4594,0,normal,0.000282749708276242,0.4078377311886677,11.325102249375504
4595,0,normal,0.0002832105092238635,0.40802173096792044,11.32851068904938
4596,0,normal,0.00028367096092551947,0.40802173096792044,11.331919555457489
4597,0,normal,0.0002841315872501582,0.40802173096792044,11.33532867086842
4598,0,normal,0.00028459509485401213,0.40802173096792044,11.338738213019724
4599,0,normal,0.0002850593882612884,0.40802173096792044,11.342148092121306
4600,0,normal,0.00028552202275022864,0.40820581376038206,11.345558308172713
4601,0,normal,0.00028598762582987547,0.40820581376038206,11.34896877318215
4602,0,normal,0.0002864549169316888,0.40820581376038206,11.35237957505683
4603,0,normal,0.00028692319756373763,0.40820581376038206,11.355790803701893
4604,0,normal,0.0002873913908842951,0.40846264276395783,11.359202281269972
4605,0,normal,0.0002878610393963754,0.40846264276395783,11.362614185615257
4606,0,normal,0.000288332172203809,0.40846264276395783,11.366026426900362
4607,0,normal,0.00028880516765639186,0.40846264276395783,11.369439005111417
4608,0,normal,0.0002892770280595869,0.40846264276395783,11.372851832200695
4609,0,normal,0.000289750489173457,0.40846264276395783,11.376264996131567
4610,0,normal,0.00029022619128227234,0.40846264276395783,11.379678586878754
4611,0,normal,0.0002907021844293922,0.40846264276395783,11.383092426465055
4612,0,normal,0.00029117846861481667,0.40911455025615207,11.386506692877447
4613,0,normal,0.0002916567900683731,0.40911455025615207,11.389921296207149
4614,0,normal,0.00029213630477897823,0.40911455025615207,11.393336236440064
4615,0,normal,0.00029261584859341383,0.40907628106251936,11.396751425472303
4616,0,normal,0.0002930972841568291,0.40907628106251936,11.400166951328174
4617,0,normal,0.00029358069878071547,0.40907628106251936,11.403582904042196
4618,0,normal,0.0002940616977866739,0.40907628106251936,11.406999105515524
4619,0,normal,0.0002945460728369653,0.40907628106251936,11.410415731949115
4620,0,normal,0.000295032950816676,0.40907628106251936,11.413832697185171
4621,0,normal,0.00029551779152825475,0.40907628106251936,11.417249999309888
4622,0,normal,0.00029600667767226696,0.40907628106251936,11.420667550148437
4623,0,normal,0.0002964927116408944,0.40898857772683994,11.424085437796293
4624,0,normal,0.00029698252910748124,0.40898857772683994,11.427503752334587
4625,0,normal,0.0002974727831315249,0.40898857772683994,11.43092231555761
4626,0,normal,0.0002979652490466833,0.4091730967211942,11.43434130378455
4627,0,normal,0.00029845588142052293,0.4091730967211942,11.437760630787807
4628,0,normal,0.00029895041370764375,0.40935769896300594,11.441180294667674
4629,0,normal,0.00029944514972157776,0.40935769896300594,11.444600295413466
4630,0,normal,0.00029994157375767827,0.40935769896300594,11.448020544781912
4631,0,normal,0.0003004381142091006,0.4097654834221561,11.45144122108809
4632,0,normal,0.0003009341307915747,0.4097654834221561,11.454862145999641
4633,0,normal,0.0003014346875716001,0.4097654834221561,11.458283495950809
4634,0,normal,0.0003019343421328813,0.4097654834221561,11.461705184664424
4635,0,normal,0.0003024343750439584,0.4097654834221561,11.465127210227593
4636,0,normal,0.0003029382787644863,0.4097654834221561,11.46854957264759
4637,0,normal,0.0003034392138943076,0.4097654834221561,11.471972183602247
4638,0,normal,0.0003039422444999218,0.4097654834221561,11.475395221540794
4639,0,normal,0.00030444658477790654,0.4097654834221561,11.478818507996039
4640,0,normal,0.0003049564256798476,0.4097654834221561,11.482242219543878
4641,0,normal,0.0003054610569961369,0.4097654834221561,11.485666269826424
4642,0,normal,0.00030597063596360385,0.4097654834221561,11.489090656948974
4643,0,normal,0.00030648050596937537,0.4097654834221561,11.492515380896293
4644,0,normal,0.00030698676710017025,0.4097654834221561,11.495940353302785
4645,0,normal,0.0003074988489970565,0.40958069728756413,11.499365752734548
4646,0,normal,0.00030801171669736505,0.40958069728756413,11.502791488990397
4647,0,normal,0.0003085243224631995,0.40935769896300594,11.50621756206101
4648,0,normal,0.00030903893639333546,0.40935769896300594,11.509643973853372
4649,0,normal,0.00030955480178818107,0.40935769896300594,11.513070632146764
4650,0,normal,0.0003100712492596358,0.41086466903220226,11.516497717490893
4651,0,normal,0.00031058851163834333,0.41086466903220226,11.51992505121666
4652,0,normal,0.00031110827694647014,0.41086466903220226,11.523352812005214
4653,0,normal,0.0003116284206043929,0.41086466903220226,11.526780909596482
4654,0,normal,0.00031214693444781005,0.41086466903220226,11.530209343987963
4655,0,normal,0.0003126690862700343,0.41086466903220226,11.5336381170805
4656,0,normal,0.00031319138361141086,0.41086466903220226,11.53706713658903
4657,0,normal,0.00031371612567454576,0.41086466903220226,11.540496583194454
4658,0,normal,0.0003142425266560167,0.41086466903220226,11.543926278096478
4659,0,normal,0.0003147691604681313,0.41086466903220226,11.547356309704583
4660,0,normal,0.0003152952413074672,0.41086466903220226,11.550786768426178
4661,0,normal,0.00031582399969920516,0.41086466903220226,11.554217563928887
4662,0,normal,0.00031635089544579387,0.41067938721344877,11.557648698113098
4663,0,normal,0.0003168828261550516,0.41067938721344877,11.561080078630084
4664,0,normal,0.0003174138255417347,0.41067938721344877,11.564511886288983
4665,0,normal,0.00031794706592336297,0.4104557907014899,11.567943942160127
4666,0,normal,0.0003184801316820085,0.410663130005921,11.571376334719844
4667,0,normal,0.00031901278998702765,0.410663130005921,11.57480915443557
4668,0,normal,0.0003195494646206498,0.410663130005921,11.578242310909673
4669,0,normal,0.0003200867213308811,0.410663130005921,11.581675894631644
4670,0,normal,0.0003206231340300292,0.410663130005921,11.585109636096831
4671,0,normal,0.0003211642906535417,0.41091871968623656,11.588543804741676
4672,0,normal,0.0003217020712327212,0.41110410948205733,11.591978221520776
4673,0,normal,0.00032224442111328244,0.41110410948205733,11.595412974966393
4674,0,normal,0.0003227852866984904,0.4111745091376893,11.59884815560872
4675,0,normal,0.00032332853879779577,0.41154560322529543,11.602283672991462
4676,0,normal,0.00032387426472269,0.41154560322529543,11.605719527115298
4677,0,normal,0.00032441812800243497,0.41154560322529543,11.609155629315865
4678,0,normal,0.0003249640576541424,0.41154560322529543,11.612592158738153
4679,0,normal,0.00032551068579778075,0.4115898155642314,11.616028936212842
4680,0,normal,0.0003260613011661917,0.4115898155642314,11.619466050338133
4681,0,normal,0.0003266100538894534,0.4115898155642314,11.622903591700606
4682,0,normal,0.00032716133864596486,0.4115898155642314,11.626341469787803
4683,0,normal,0.0003277117502875626,0.4115898155642314,11.629779684586538
4684,0,normal,0.0003282626566942781,0.4115898155642314,11.633218147388334
4685,0,normal,0.00032881853985600173,0.4122107440395319,11.636657037449595
4686,0,normal,0.0003293708141427487,0.4120248552004033,11.64009617548868
4687,0,normal,0.00032992861815728247,0.4120248552004033,11.64353565015358
4688,0,normal,0.0003304870624560863,0.4120248552004033,11.646975552098183
4689,0,normal,0.00033104527392424643,0.4120248552004033,11.650415790745228
4690,0,normal,0.0003316036600153893,0.4120248552004033,11.65385636609085
4691,0,normal,0.00033216128940694034,0.4124518275690529,11.657297189353585
4692,0,normal,0.00033272348809987307,0.41226583001190054,11.660738439921715
4693,0,normal,0.00033328571589663625,0.41226583001190054,11.664179938384223
4694,0,normal,0.0003338517271913588,0.41226583001190054,11.667621773451401
4695,0,normal,0.00033441392588429153,0.41226583001190054,11.671064035839436
4696,0,normal,0.00033497955882921815,0.4119871306529606,11.674506634917634
4697,0,normal,0.00033554842229932547,0.4118013426535928,11.677949570669625
4698,0,normal,0.000336115452228114,0.4118013426535928,11.681392754258923
4699,0,normal,0.00033668489777483046,0.4118013426535928,11.684836274441295
4700,0,normal,0.0003372519859112799,0.4118013426535928,11.688280133115313
4701,0,normal,0.00033782620448619127,0.4118013426535928,11.691724328378541
4702,0,normal,0.00033839905518107116,0.4118013426535928,11.695169039882558
4703,0,normal,0.00033897068351507187,0.4118013426535928,11.6986139992473
4704,0,normal,0.00033954286482185125,0.4118013426535928,11.702059295268327
4705,0,normal,0.00034012008109129965,0.4118013426535928,11.705504839048444
4706,0,normal,0.0003406973264645785,0.4118013426535928,11.708950719396398
4707,0,normal,0.0003412746300455183,0.4120256721573378,11.712396938223264
4708,0,normal,0.0003418519045226276,0.4120256721573378,11.715843493613875
4709,0,normal,0.0003424332826398313,0.4126458248579062,11.71929056535464
4710,0,normal,0.00034301343839615583,0.4126458248579062,11.722737884869503
4711,0,normal,0.00034359534038230777,0.4126458248579062,11.726185541024506
4712,0,normal,0.00034417895949445665,0.4126458248579062,11.729633444853334
4713,0,normal,0.00034476304426789284,0.4126458248579062,11.733081685237266
4714,0,normal,0.0003453487006481737,0.4126458248579062,11.736530264072371
4715,0,normal,0.000345934386132285,0.4126458248579062,11.73997917945917
4716,0,normal,0.0003465224290266633,0.4126458248579062,11.743428611295258
4717,0,normal,0.00034711070475168526,0.4126458248579062,11.74687829082609
4718,0,normal,0.00034770136699080467,0.4126458248579062,11.750328306978645
4719,0,normal,0.0003482897882349789,0.4126458248579062,11.753778570720215
4720,0,normal,0.0003488803922664374,0.4126458248579062,11.757229170997334
4721,0,normal,0.00034947629319503903,0.4126458248579062,11.760680109709028
4722,0,normal,0.0003500686143524945,0.4126458248579062,11.764131384948087
4723,0,normal,0.00035066501004621387,0.41324555103859284,11.767583176744438
4724,0,normal,0.0003512586699798703,0.41324555103859284,11.771035216150494
4725,0,normal,0.0003518588200677186,0.41324555103859284,11.774487592162586
4726,0,normal,0.00035245774779468775,0.41382988143321253,11.777940215682293
4727,0,normal,0.0003530550457071513,0.4137096399689285,11.781393175718677
4728,0,normal,0.00035365758230909705,0.4137096399689285,11.784846474170536
4729,0,normal,0.000354256306309253,0.4137096399689285,11.78830019824295
4730,0,normal,0.00035486157867126167,0.4137096399689285,11.791754349930898
4731,0,normal,0.0003554671420715749,0.4140738833915913,11.795208749150333
4732,0,normal,0.00035607058089226484,0.4140738833915913,11.798663393909465
4733,0,normal,0.0003566766681615263,0.4146564376541424,11.802118377070201
4734,0,normal,0.0003572822024580091,0.4146564376541424,11.805573696727379
4735,0,normal,0.0003578932664822787,0.4146564376541424,11.809029354778431
4736,0,normal,0.0003585018857847899,0.4146564376541424,11.812485438493468
4737,0,normal,0.0003591139684431255,0.4146564376541424,11.815941949864737
4738,0,normal,0.00035972619662061334,0.4146564376541424,11.819398708687913
4739,0,normal,0.00036033897777087986,0.41503067425923734,11.822855712968249
4740,0,normal,0.00036095204995945096,0.4146564376541424,11.826313055632454
4741,0,normal,0.00036156500573270023,0.4146564376541424,11.829770734768545
4742,0,normal,0.0003621820651460439,0.4146564376541424,11.833228841509253
4743,0,normal,0.000362800172297284,0.4146564376541424,11.836687284805976
4744,0,normal,0.00036341886152513325,0.4146564376541424,11.84014615579531
4745,0,normal,0.00036403813282959163,0.4146564376541424,11.843605274157198
4746,0,normal,0.0003646571421995759,0.4146564376541424,11.847064637898711
4747,0,normal,0.00036527804331853986,0.4146564376541424,11.850524339993399
4748,0,normal,0.0003659026406239718,0.4146564376541424,11.853984378549285
4749,0,normal,0.0003665278491098434,0.4146564376541424,11.857444844750944
4750,0,normal,0.0003671547747217119,0.4146564376541424,11.86090564748497
4751,0,normal,0.0003677785280160606,0.4146564376541424,11.864366877956627
4752,0,normal,0.0003684040857478976,0.4146564376541424,11.86782835571671
4753,0,normal,0.00036903528962284327,0.4144694459152144,11.871290078774791
4754,0,normal,0.0003696631465572864,0.4146564376541424,11.874752140173086
4755,0,normal,0.0003702946414705366,0.4146564376541424,11.878214538008933
4756,0,normal,0.00037092523416504264,0.4146564376541424,11.881677363531026
4757,0,normal,0.0003715606580954045,0.4146564376541424,11.885140525563656
4758,0,normal,0.00037219453952275217,0.4146564376541424,11.888604115380303
4759,0,normal,0.00037283089477568865,0.4146564376541424,11.892067861123223
4760,0,normal,0.0003734650672413409,0.4144694459152144,11.895531943289825
4761,0,normal,0.00037410177174024284,0.4144694459152144,11.898996363776178
4762,0,normal,0.0003747398732230067,0.4144694459152144,11.902461120682574
4763,0,normal,0.0003753805940505117,0.4144694459152144,11.90592630531637
4764,0,normal,0.00037602114025503397,0.4148157567908654,11.909391826441606
4765,0,normal,0.0003766656736843288,0.4148157567908654,11.912857775390194
4766,0,normal,0.0003773070638999343,0.4148157567908654,11.916323880124764
4767,0,normal,0.0003779502003453672,0.41503681853871077,11.919790321263463
4768,0,normal,0.00037859691656194627,0.41503681853871077,11.923257100703267
4769,0,normal,0.0003792437491938472,0.41503681853871077,11.926724216534467
4770,0,normal,0.00037989180418662727,0.41503681853871077,11.930191760147636
4771,0,normal,0.00038054047035984695,0.41503681853871077,11.933659640225187
4772,0,normal,0.00038118939846754074,0.41503681853871077,11.937127856774396
4773,0,normal,0.0003818425175268203,0.41503681853871077,11.940596320290751
4774,0,normal,0.00038249234785325825,0.41503681853871077,11.944065120186451
4775,0,normal,0.0003831459325738251,0.41503681853871077,11.947534258367341
4776,0,normal,0.00038379969191737473,0.4174418925056653,11.951003732925301
4777,0,normal,0.000384458398912102,0.4174418925056653,11.954473635295471
4778,0,normal,0.00038511387538164854,0.4174418925056653,11.95794387411911
4779,0,normal,0.00038577255327254534,0.4174418925056653,11.96141444939326
4780,0,normal,0.00038642954314127564,0.4174418925056653,11.964885271553385
4781,0,normal,0.0003870915970765054,0.4174418925056653,11.968356430070116
4782,0,normal,0.00038775335997343063,0.417652760797923,11.97182801643521
4783,0,normal,0.0003884130856022239,0.417652760797923,11.975299849648763
4784,0,normal,0.00038907647831365466,0.417652760797923,11.9787721107175
4785,0,normal,0.0003897409769706428,0.417652760797923,11.982244708219469
4786,0,normal,0.0003904088807757944,0.417652760797923,11.985717642147847
4787,0,normal,0.00039107451448217034,0.417652760797923,11.989190822883529
4788,0,normal,0.0003917436406482011,0.4175314085665503,11.992664339962857
4789,0,normal,0.0003924141055904329,0.4175314085665503,11.996138284921926
4790,0,normal,0.00039308430859819055,0.4172218580797721,11.999612476658967
4791,0,normal,0.00039375139749608934,0.41764837248336795,12.003087096284844
4792,0,normal,0.0003944261115975678,0.41764837248336795,12.006562052323261
4793,0,normal,0.0003951023973058909,0.41764837248336795,12.010037344776265
4794,0,normal,0.00039577463758178055,0.41764837248336795,12.013512883947442
4795,0,normal,0.00039645173819735646,0.41764837248336795,12.016988759447031
4796,0,normal,0.0003971306432504207,0.41764837248336795,12.020465062870471
4797,0,normal,0.0003978078602813184,0.41764837248336795,12.023941612980707
4798,0,normal,0.00039848516462370753,0.41764837248336795,12.0274185910298
4799,0,normal,0.0003991674748249352,0.41764837248336795,12.030895905471425
4800,0,normal,0.00039985065814107656,0.41764837248336795,12.034373556302171
4801,0,normal,0.0004005325317848474,0.41764837248336795,12.037851453779467
4802,0,normal,0.0004012170247733593,0.41764837248336795,12.041329687556981
4803,0,normal,0.0004019035550300032,0.41764837248336795,12.044808349300638
4804,0,normal,0.0004025894741062075,0.41764837248336795,12.048287257651737
4805,0,normal,0.00040327798342332244,0.41764837248336795,12.051766593985803
4806,0,normal,0.0004039653576910496,0.41764837248336795,12.055246266689664
4807,0,normal,0.0004046573303639889,0.418876315468525,12.058726275764911
4808,0,normal,0.0004053437151014805,0.418876315468525,12.062206531402126
4809,0,normal,0.00040603967499919236,0.418876315468525,12.065687123320458
4810,0,normal,0.0004067334230057895,0.418876315468525,12.069168143249954
4811,0,normal,0.0004074263561051339,0.418876315468525,12.0726494097039
4812,0,normal,0.0004081244405824691,0.418876315468525,12.07613110227885
4813,0,normal,0.0004088199930265546,0.418876315468525,12.079613133108296
4814,0,normal,0.00040951897972263396,0.418876315468525,12.083095500287754
4815,0,normal,0.0004102191887795925,0.418876315468525,12.086578203819045
4816,0,normal,0.0004109170404262841,0.4209178714704994,12.090061153814759
4817,0,normal,0.00041162100387737155,0.4205664662158539,12.093544531861426
4818,0,normal,0.0004123213584534824,0.4205664662158539,12.097028156352053
4819,0,normal,0.00041302654426544905,0.4205664662158539,12.100512207002566
4820,0,normal,0.00041373324347659945,0.4209193111537313,12.10399659589234
4821,0,normal,0.0004144370323047042,0.4209193111537313,12.107481321111209
4822,0,normal,0.0004151462344452739,0.4209193111537313,12.11096638265758
4823,0,normal,0.00041585179860703647,0.4209193111537313,12.114451690591522
4824,0,normal,0.00041656504618003964,0.4209193111537313,12.11793742661962
4825,0,normal,0.0004172739281784743,0.4209193111537313,12.121423409006184
4826,0,normal,0.00041798624442890286,0.4209193111537313,12.124909817598564
4827,0,normal,0.0004186994628980756,0.4209193111537313,12.128396564406103
4828,0,normal,0.00041941466042771935,0.4209193111537313,12.131883647527502
4829,0,normal,0.0004201307601761073,0.4217416363395485,12.135371066951166
4830,0,normal,0.0004208454047329724,0.4217416363395485,12.138858732685776
4831,0,normal,0.0004215635999571532,0.4217416363395485,12.142346826552512
4832,0,normal,0.00042228418169543147,0.42245538821666073,12.145835166696088
4833,0,normal,0.00042300333734601736,0.4226855215304143,12.149323933090727
4834,0,normal,0.0004237258399371058,0.4226855215304143,12.152813037678698
4835,0,normal,0.0004244477895554155,0.4226855215304143,12.15630247856052
4836,0,normal,0.0004251733189448714,0.4226855215304143,12.159792255726643
4837,0,normal,0.0004258966655470431,0.4226855215304143,12.163282279120494
4838,0,normal,0.00042662571649998426,0.4226855215304143,12.166772730687626
4839,0,normal,0.00042735025635920465,0.4226855215304143,12.17026351853724
4840,0,normal,0.00042808387661352754,0.4226855215304143,12.173754642665244
4841,0,normal,0.0004288095806259662,0.4226855215304143,12.177246104967708
4842,0,normal,0.00042954066884703934,0.4226855215304143,12.180737811530435
4843,0,normal,0.00043027123319916427,0.4226855215304143,12.184229946301912
4844,0,normal,0.00043100336915813386,0.4236164699345409,12.18772232721426
4845,0,normal,0.00043173832818865776,0.4236164699345409,12.191215044309729
4846,0,normal,0.00043247349094599485,0.4236164699345409,12.194708189629864
4847,0,normal,0.0004332142707426101,0.4232344914461953,12.19820167120838
4848,0,normal,0.00043395094689913094,0.4232344914461953,12.201695490939528
4849,0,normal,0.0004346914356574416,0.4232344914461953,12.205189554856815
4850,0,normal,0.00043542913044802845,0.42304363138388074,12.208684047019005
4851,0,normal,0.0004361726460047066,0.42304363138388074,12.212178785243623
4852,0,normal,0.0004369124653749168,0.42232888565114124,12.215673859625667
4853,0,normal,0.0004376551369205117,0.42232888565114124,12.219169362275352
4854,0,normal,0.0004384030762594193,0.42232888565114124,12.222665201167047
4855,0,normal,0.0004391515103634447,0.42232888565114124,12.226161468415057
4856,0,normal,0.00043989846017211676,0.42232888565114124,12.229657889612781
4857,0,normal,0.00044064520625397563,0.42251942324928204,12.233154739098836
4858,0,normal,0.0004413941060192883,0.42251942324928204,12.2366518345641
4859,0,normal,0.00044214908848516643,0.42251942324928204,12.240149266173148
4860,0,normal,0.00044290104415267706,0.42251942324928204,12.24364712608758
4861,0,normal,0.0004436540184542537,0.42251942324928204,12.247145322224696
4862,0,normal,0.0004444077785592526,0.42251942324928204,12.2506439467586
4863,0,normal,0.00044516599155031145,0.42251942324928204,12.254142725098973
4864,0,normal,0.00044591983896680176,0.42236839462941717,12.257641931771559
4865,0,normal,0.00044667598558589816,0.42236839462941717,12.261141384340362
4866,0,normal,0.00044743821490556,0.42236839462941717,12.264641173034533
4867,0,normal,0.00044819904724135995,0.42236839462941717,12.268141390075016
4868,0,normal,0.0004489610146265477,0.4230832072268078,12.271641943316808
4869,0,normal,0.0004497246409300715,0.42312278677206544,12.27514283275059
4870,0,normal,0.0004504880344029516,0.42312278677206544,12.278643968022834
4871,0,normal,0.0004512533196248114,0.42312278677206544,12.28214553167004
4872,0,normal,0.00045201866305433214,0.42312278677206544,12.285647341131835
4873,0,normal,0.00045278790639713407,0.42312278677206544,12.289149486699216
4874,0,normal,0.0004535585467237979,0.42312278677206544,12.292652060654973
4875,0,normal,0.0004543278191704303,0.42312278677206544,12.296154970788166
4876,0,normal,0.00045510035124607384,0.42312278677206544,12.299658217097203
4877,0,normal,0.0004558683722279966,0.42235555586437373,12.303161709165579
4878,0,normal,0.00045664343633688986,0.42235555586437373,12.306665629647114
4879,0,normal,0.00045741788926534355,0.42235555586437373,12.310169795862976
4880,0,normal,0.00045819906517863274,0.42235555586437373,12.313674298160095
4881,0,normal,0.0004589742748066783,0.4229101981260332,12.317179228889927
4882,0,normal,0.00045975326793268323,0.42317666107875224,12.320684495780824
4883,0,normal,0.000460531038697809,0.42317666107875224,12.324190098825284
4884,0,normal,0.00046131308772601187,0.42317666107875224,12.327695947547
4885,0,normal,0.0004620927502401173,0.42317666107875224,12.331202132336784
4886,0,normal,0.0004628764872904867,0.42317666107875224,12.334708655092527
4887,0,normal,0.00046366287278942764,0.42317666107875224,12.338215513916111
4888,0,normal,0.0004644477739930153,0.42317666107875224,12.341722801210608
4889,0,normal,0.0004652354691643268,0.42317666107875224,12.34523042464184
4890,0,normal,0.0004660253180190921,0.4228510279705148,12.348738384208673
4891,0,normal,0.0004668119363486767,0.4224697396875439,12.352246589372044
4892,0,normal,0.0004676037060562521,0.42269988081928644,12.355755130583702
4893,0,normal,0.0004683949809987098,0.42269988081928644,12.359264009744038
4894,0,normal,0.00046918840962462127,0.422660340833291,12.362773224947887
4895,0,normal,0.0004699858254753053,0.422660340833291,12.366282959238788
4896,0,normal,0.0004707803309429437,0.422660340833291,12.369792939145782
4897,0,normal,0.00047158144298009574,0.42304180113801115,12.373303255170413
4898,0,normal,0.00047237530816346407,0.42304180113801115,12.376813816709046
4899,0,normal,0.00047317452845163643,0.4228510279705148,12.38032471427573
4900,0,normal,0.00047397491289302707,0.4228510279705148,12.383835949770628
4901,0,normal,0.00047477567568421364,0.4228510279705148,12.387347521287893
4902,0,normal,0.0004755808040499687,0.4228510279705148,12.390859611996348
4903,0,normal,0.0004763843317050487,0.4228510279705148,12.39437194824427
4904,0,normal,0.00047718847054056823,0.4228510279705148,12.397884620581635
4905,0,normal,0.00047799458843655884,0.4228510279705148,12.40139753835706
4906,0,normal,0.0004788027727045119,0.4228510279705148,12.404910792135752
4907,0,normal,0.00047960891970433295,0.4226208045459258,12.408424383825604
4908,0,normal,0.0004804230120498687,0.4222002269151111,12.411938311519407
4909,0,normal,0.00048123529995791614,0.4222002269151111,12.415452758505353
4910,0,normal,0.00048204450285993516,0.42200983326041885,12.41896745095005
4911,0,normal,0.0004828623204957694,0.42200983326041885,12.422482479466908
4912,0,normal,0.00048367364797741175,0.4214673674601537,12.42599775333133
4913,0,normal,0.00048449140740558505,0.4214673674601537,12.429513363191973
4914,0,normal,0.0004853066639043391,0.4214673674601537,12.433029310938082
4915,0,normal,0.00048612861428409815,0.4214673674601537,12.436545594668132
4916,0,normal,0.00048694590805098414,0.4214673674601537,12.440062397791962
4917,0,normal,0.00048776675248518586,0.4214673674601537,12.443579446290869
4918,0,normal,0.0004885923699475825,0.4214673674601537,12.447096830846931
4919,0,normal,0.0004894149606116116,0.4214673674601537,12.450614460670977
4920,0,normal,0.0004902395303361118,0.4214673674601537,12.454132426459182
4921,0,normal,0.0004910675925202668,0.4212773042927068,12.457650730123987
4922,0,normal,0.000491893442813307,0.4212773042927068,12.461169460556675
4923,0,normal,0.0004927239497192204,0.4212773042927068,12.464688619752451
4924,0,normal,0.000493554282002151,0.4212773042927068,12.468208024240539
4925,0,normal,0.0004943848471157253,0.42190998026348003,12.471727672027782
4926,0,normal,0.0004952151793986559,0.42190998026348003,12.475247657666614
4927,0,normal,0.0004960474907420576,0.42190998026348003,12.478767979253234
4928,0,normal,0.0004968857392668724,0.42190998026348003,12.482288729555194
4929,0,normal,0.000497720146086067,0.4224857933713249,12.485809815876337
4930,0,normal,0.0004985576961189508,0.4224857933713249,12.48933133100445
4931,0,normal,0.000499395770020783,0.4224857933713249,12.492853091340294
4932,0,normal,0.0005002379766665399,0.4224857933713249,12.496375094892755
4933,0,normal,0.0005010732566006482,0.4224857933713249,12.499897436281572
4934,0,normal,0.0005019202362746,0.4224857933713249,12.503420113599077
4935,0,normal,0.0005027606384828687,0.4224857933713249,12.5069432196658
4936,0,normal,0.0005036077345721424,0.4224857933713249,12.51046666173852
4937,0,normal,0.0005044530844315886,0.42400140249130996,12.513990532654589
4938,0,normal,0.0005053005879744887,0.42400140249130996,12.517514648701535
4939,0,normal,0.0005061481497250497,0.42400140249130996,12.521039007881882
4940,0,normal,0.0005069976323284209,0.4265041558842309,12.524563704879029
4941,0,normal,0.0005078496178612113,0.4265041558842309,12.528088737780308
4942,0,normal,0.0005087025347165763,0.4265041558842309,12.53161419947969
4943,0,normal,0.0005095542874187231,0.4265041558842309,12.535139997162105
4944,0,normal,0.0005104091833345592,0.4265041558842309,12.53866622373016
4945,0,normal,0.0005112641956657171,0.4265041558842309,12.542192695344056
4946,0,normal,0.0005121241556480527,0.4265041558842309,12.545719410010634
4947,0,normal,0.0005129806813783944,0.4265041558842309,12.54924646247332
4948,0,normal,0.0005138381384313107,0.4265041558842309,12.552773850825815
4949,0,normal,0.0005147008341737092,0.4265041558842309,12.556301668013248
4950,0,normal,0.0005155646940693259,0.4265041558842309,12.559829821159155
4951,0,normal,0.0005164271569810808,0.42624894291913645,12.563358403237999
4952,0,normal,0.0005172917735762894,0.42624894291913645,12.566887137310914
4953,0,normal,0.0005181587766855955,0.42624894291913645,12.570416207252038
4954,0,normal,0.000519025546964258,0.4260567234723492,12.573945614970853
4955,0,normal,0.0005198927246965468,0.4256327265336675,12.577475358557422
4956,0,normal,0.0005207628128118813,0.4256327265336675,12.581005531018718
4957,0,normal,0.000521634123288095,0.4256327265336675,12.584536039425075
4958,0,normal,0.0005225066561251879,0.4256327265336675,12.588066883773308
4959,0,normal,0.0005233784904703498,0.4256327265336675,12.591597972927502
4960,0,normal,0.0005242531769908965,0.4256327265336675,12.595129397933079
4961,0,normal,0.0005251300754025578,0.4256327265336675,12.5986611606927
4962,0,normal,0.000526004412677139,0.4256327265336675,12.602193259302112
4963,0,normal,0.0005268866079859436,0.4256327265336675,12.605725786831044
4964,0,normal,0.0005277657764963806,0.42586459070804256,12.609258650279116
4965,0,normal,0.0005286480882205069,0.42586459070804256,12.612791849647692
4966,0,normal,0.0005295302835293114,0.425824754690299,12.61632529374242
4967,0,normal,0.0005304123042151332,0.425824754690299,12.619859073672387
4968,0,normal,0.0005312978755682707,0.425824754690299,12.623393282551888
4969,0,normal,0.0005321857170201838,0.425824754690299,12.626927736113203
4970,0,normal,0.0005330683779902756,0.425824754690299,12.630462618630418
4971,0,normal,0.0005339571507647634,0.425824754690299,12.63399783705836
4972,0,normal,0.0005348494742065668,0.425824754690299,12.637533391384295
4973,0,normal,0.000535736558958888,0.425824754690299,12.641069190354074
4974,0,normal,0.0005366334225982428,0.4262660275937294,12.644605325138855
4975,0,normal,0.0005375262117013335,0.4264583414700144,12.648141888904547
4976,0,normal,0.0005384217365644872,0.4264583414700144,12.651678697282478
4977,0,normal,0.000539319240488112,0.42665074211049037,12.655215934660418
4978,0,normal,0.0005402133683674037,0.42665074211049037,12.658753507921574
4979,0,normal,0.0005411157035268843,0.42684322955430176,12.66229141706367
4980,0,normal,0.0005420107627287507,0.42684322955430176,12.66582957076298
4981,0,normal,0.0005429125158116221,0.42684322955430176,12.669368060258194
4982,0,normal,0.0005438152002170682,0.42684322955430176,12.672906978783885
4983,0,normal,0.0005447207950055599,0.42684322955430176,12.676446141831548
4984,0,normal,0.0005456233047880232,0.4272914879320557,12.679985733921285
4985,0,normal,0.0005465296562761068,0.4272914879320557,12.683525661876956
4986,0,normal,0.0005474395584315062,0.4270987983435145,12.687065925695379
4987,0,normal,0.0005483494023792446,0.4270987983435145,12.690606433987341
4988,0,normal,0.0005492560449056327,0.4270987983435145,12.694147278055425
4989,0,normal,0.0005501672276295722,0.4270987983435145,12.69768855119355
4990,0,normal,0.0005510796327143908,0.4270987983435145,12.70123006877634
4991,0,normal,0.0005519973346963525,0.4270987983435145,12.70477201543872
4992,0,normal,0.0005529087502509356,0.4270987983435145,12.708314297947709
4993,0,normal,0.0005538343102671206,0.4270987983435145,12.711856916294437
4994,0,normal,0.0005547461332753301,0.42748426445429394,12.715399779040126
4995,0,normal,0.0005556635442189872,0.42748426445429394,12.718942977540564
4996,0,normal,0.0005565842147916555,0.42748426445429394,12.722486605151516
4997,0,normal,0.0005575046525336802,0.4272515184401883,12.726030477125278
4998,0,normal,0.0005584275932051241,0.4272515184401883,12.72957468484492
4999,0,normal,0.0005593567038886249,0.4272515184401883,12.733119321691902
5000,0,normal,0.0005602813907898962,0.4272515184401883,12.73666429435957
5001,0,normal,0.0005612049717456102,0.4272515184401883,12.740209602845653
5002,0,normal,0.0005621337331831455,0.4272515184401883,12.743755155636109
5003,0,normal,0.0005630618543364108,0.4272515184401883,12.747301137578006
5004,0,normal,0.0005639927112497389,0.4272515184401883,12.750847363803587
5005,0,normal,0.0005649271770380437,0.4272515184401883,12.75439401728977
5006,0,normal,0.0005658601876348257,0.4272515184401883,12.75794100847861
5007,0,normal,0.0005667925579473376,0.4272515184401883,12.761488335472677
5008,0,normal,0.0005677291192114353,0.42748426445429394,12.76503599826151
5009,0,normal,0.0005686628283001482,0.42748426445429394,12.768583905274681
5010,0,normal,0.0005696037551388144,0.42748426445429394,12.772132241481131
5011,0,normal,0.0005705445073544979,0.42748426445429394,12.775680821885544
5012,0,normal,0.0005714864819310606,0.42748426445429394,12.779229829591031
5013,0,normal,0.0005724289803765714,0.42748426445429394,12.782779174989855
5014,0,normal,0.0005733724683523178,0.42748426445429394,12.786328856161617
5015,0,normal,0.0005743138026446104,0.42748426445429394,12.789878873115867
5016,0,normal,0.0005752599099650979,0.42748426445429394,12.793429134207827
5017,0,normal,0.0005762084620073438,0.42748426445429394,12.796979824534674
5018,0,normal,0.0005771550931967795,0.42748426445429394,12.800530758980585
5019,0,normal,0.0005781069048680365,0.42748426445429394,12.804082120771227
5020,0,normal,0.0005790580762550235,0.42748426445429394,12.807633820226329
5021,0,normal,0.0005800133221782744,0.42748426445429394,12.811185855440954
5022,0,normal,0.0005809653084725142,0.4268662621984224,12.814738226414192
5023,0,normal,0.000581919273827225,0.4268662621984224,12.818290841446242
5024,0,normal,0.0005828751600347459,0.4294769795618227,12.821843885757062
5025,0,normal,0.000583834364078939,0.42969392730681444,12.825397174102136
5026,0,normal,0.0005847941501997411,0.429243148603692,12.82895088983173
5027,0,normal,0.0005857529467903078,0.429243148603692,12.832504943204412
5028,0,normal,0.0005867162253707647,0.429243148603692,12.836059332320929
5029,0,normal,0.0005876809009350836,0.429243148603692,12.839614057174458
5030,0,normal,0.0005886423168703914,0.429243148603692,12.843169026004944
5031,0,normal,0.0005896067596040666,0.429243148603692,12.846724330486268
5032,0,normal,0.000590575800742954,0.429243148603692,12.850279972516773
5033,0,normal,0.0005915432702749968,0.429243148603692,12.853836041973636
5034,0,normal,0.0005925094592384994,0.429243148603692,12.857392449055396
5035,0,normal,0.000593480421230197,0.42865812578092133,12.860949098153696
5036,0,normal,0.0005944531294517219,0.4283070943038174,12.864506176601935
5037,0,normal,0.0005954275839030743,0.4283070943038174,12.868063498944139
5038,0,normal,0.0005964045412838459,0.4283070943038174,12.87162115691558
5039,0,normal,0.0005973776569589972,0.4283070943038174,12.875179244254923
5040,0,normal,0.0005983574083074927,0.4283070943038174,12.878737667301039
5041,0,normal,0.0005993376835249364,0.42879019916572897,12.882296519798956
5042,0,normal,0.0006003098096698523,0.42879019916572897,12.885855522455813
5043,0,normal,0.0006012921803630888,0.42879019916572897,12.889414954498761
5044,0,normal,0.0006022776360623538,0.42879019916572897,12.892974630355184
5045,0,normal,0.0006032625678926706,0.42879019916572897,12.896534641826975
5046,0,normal,0.0006042481982149184,0.4291771918031557,12.900095082698726
5047,0,normal,0.0006052301032468677,0.428983651845456,12.903655859259516
5048,0,normal,0.0006062207976356149,0.428983651845456,12.90721706531599
5049,0,normal,0.0006072089890949428,0.428983651845456,12.910778421385658
5050,0,normal,0.0006081996252760291,0.428983651845456,12.914340206885527
5051,0,normal,0.0006091893301345408,0.428983651845456,12.917902236115879
5052,0,normal,0.0006101824692450464,0.428983651845456,12.921464600938634
5053,0,normal,0.0006111786351539195,0.428983651845456,12.925027395206826
5054,0,normal,0.0006121763726696372,0.428983651845456,12.928590525141544
5055,0,normal,0.0006131721311248839,0.4285968337246161,12.932154084613558
5056,0,normal,0.0006141680059954524,0.4285968337246161,12.93571779395711
5057,0,normal,0.0006151714478619397,0.4285968337246161,12.939281932767926
5058,0,normal,0.000616169476415962,0.4285968337246161,12.942846315232373
5059,0,normal,0.0006171701825223863,0.4285968337246161,12.946411033265804
5060,0,normal,0.0006181742646731436,0.4282103644008877,12.949976180785825
5061,0,normal,0.000619179685600102,0.4282103644008877,12.953541663954638
5062,0,normal,0.0006201864453032613,0.4284436327480124,12.957107576702128
5063,0,normal,0.0006211925065144897,0.42786426663021043,12.960673639176775
5064,0,normal,0.0006222040974535048,0.42786426663021043,12.964240131159613
5065,0,normal,0.0006232130108401179,0.42786426663021043,12.967806866714227
5066,0,normal,0.0006242235540412366,0.42786426663021043,12.97137393781918
5067,0,normal,0.0006252388120628893,0.42786426663021043,12.974941438449605
5068,0,normal,0.00062625139253214,0.42786426663021043,12.978509274709495
5069,0,normal,0.0006272712489590049,0.42786426663021043,12.9820774465868
5070,0,normal,0.0006282830145210028,0.42786426663021043,12.985645861977218
5071,0,normal,0.0006293018814176321,0.4282504235930468,12.989214612903424
5072,0,normal,0.0006303210975602269,0.4282504235930468,12.992783701262397
5073,0,normal,0.0006313403719104826,0.430766351740729,12.996353125150108
5074,0,normal,0.0006323628476820886,0.430766351740729,12.999922978608083
5075,0,normal,0.0006333891651593149,0.430766351740729,13.003493167669149
5076,0,normal,0.0006344142602756619,0.430766351740729,13.007063692333986
5077,0,normal,0.0006354363285936415,0.430766351740729,13.010634460426218
5078,0,normal,0.0006364633445627987,0.4311551278995573,13.014205564036274
5079,0,normal,0.000637495017144829,0.43134964753884125,13.017777005057496
5080,0,normal,0.0006385250017046928,0.43134964753884125,13.021348781583129
5081,0,normal,0.0006395555683411658,0.43134964753884125,13.024920987726773
5082,0,normal,0.0006405871827155352,0.43134964753884125,13.028493529450316
5083,0,normal,0.0006416228716261685,0.43134964753884125,13.032066406759213
5084,0,normal,0.0006426581530831754,0.43147501593306664,13.035639527410694
5085,0,normal,0.0006436962285079062,0.43147501593306664,13.039212983556581
5086,0,normal,0.0006447337800636888,0.43147501593306664,13.0427867770984
5087,0,normal,0.0006457706331275403,0.43147501593306664,13.046360906131213
5088,0,normal,0.0006468156934715807,0.43186443167700045,13.049935557075969
5089,0,normal,0.000647854758426547,0.43272769038762865,13.053510451395368
5090,0,normal,0.0006488952203653753,0.43272769038762865,13.057085681272383
5091,0,normal,0.0006499411538243294,0.43272769038762865,13.060661154419222
5092,0,normal,0.00065098941558972,0.43272769038762865,13.06423696303932
5093,0,normal,0.0006520353490486741,0.43272769038762865,13.067813109028748
5094,0,normal,0.000653082795906812,0.4320787926975919,13.071389590491208
5095,0,normal,0.0006541332695633173,0.4320787926975919,13.074966593971567
5096,0,normal,0.0006551881670020521,0.4320787926975919,13.078543840739712
5097,0,normal,0.0006562396301887929,0.4320787926975919,13.082121423047738
5098,0,normal,0.0006572934216819704,0.4320787926975919,13.085699248542369
5099,0,normal,0.0006583466893061996,0.4320787926975919,13.089277409488886
5100,0,normal,0.0006594060687348247,0.4320787926975919,13.09285590778768
5101,0,normal,0.0006604675436392426,0.43272168489170043,13.096434741536541
5102,0,normal,0.0006615237216465175,0.43272168489170043,13.100014097404937
5103,0,normal,0.0006625860696658492,0.43272168489170043,13.10359369648495
5104,0,normal,0.0006636480102315545,0.43272168489170043,13.107173631078695
5105,0,normal,0.0006647125701420009,0.43272168489170043,13.1107538087781
5106,0,normal,0.0006657770136371255,0.43272168489170043,13.114334321914384
5107,0,normal,0.0006668411660939455,0.4328474520578287,13.117915172380435
5108,0,normal,0.0006679107318632305,0.4328474520578287,13.121496358273362
5109,0,normal,0.0006689801812171936,0.4328474520578287,13.12507806639087
5110,0,normal,0.000670047418680042,0.43288794505075706,13.12866001763382
5111,0,normal,0.0006711204769089818,0.43308324646658825,13.132242304378224
5112,0,normal,0.0006721901590935886,0.43308324646658825,13.13582483414325
5113,0,normal,0.0006732654292136431,0.43308324646658825,13.139407699318781
5114,0,normal,0.0006743389531038702,0.43308324646658825,13.142990994301499
5115,0,normal,0.0006754194619134068,0.43308324646658825,13.146574624773166
5116,0,normal,0.0006765012512914836,0.43308324646658825,13.15015868513865
5117,0,normal,0.0006775737856514752,0.43361229929345135,13.153742988549311
5118,0,normal,0.0006786607555113733,0.43361229929345135,13.157327533012449
5119,0,normal,0.0006797410896979272,0.43361229929345135,13.160912414769427
5120,0,normal,0.0006808247999288142,0.43361229929345135,13.16449763192054
5121,0,normal,0.0006819091504439712,0.43384851035408406,13.168083278917493
5122,0,normal,0.0006829940830357373,0.43384851035408406,13.17166926138384
5123,0,normal,0.0006840871064923704,0.43365286383803964,13.175255673784477
5124,0,normal,0.0006851734942756593,0.4338890969962792,13.17884232915003
5125,0,normal,0.0006862682639621198,0.43369343217745177,13.182429225481656
5126,0,normal,0.0006873540114611387,0.43369343217745177,13.186016459095072
5127,0,normal,0.0006884479080326855,0.43369343217745177,13.189604028073745
5128,0,normal,0.0006895461701788008,0.43369343217745177,13.193192026944416
5129,0,normal,0.0006906426278874278,0.43443238146144475,13.196780361259243
5130,0,normal,0.0006917407736182213,0.43443238146144475,13.200369125552243
5131,0,normal,0.0006928376387804747,0.43443238146144475,13.203958132729895
5132,0,normal,0.0006939374143257737,0.43443238146144475,13.207547380789492
5133,0,normal,0.0006950374227017164,0.43443238146144475,13.211136966110189
5134,0,normal,0.0006961394683457911,0.43443238146144475,13.214726886781136
5135,0,normal,0.0006972458213567734,0.43443238146144475,13.218317237377278
5136,0,normal,0.0006983531056903303,0.43443238146144475,13.221907923403478
5137,0,normal,0.0006994590512476861,0.43443238146144475,13.225499039445822
5138,0,normal,0.0007005702354945242,0.43443238146144475,13.229090398289372
5139,0,normal,0.0007016783347353339,0.43443238146144475,13.23268199794029
5140,0,normal,0.0007027857354842126,0.43482446629317,13.236273934822748
5141,0,normal,0.0007038990734145045,0.43482446629317,13.239866207040677
5142,0,normal,0.000705016078427434,0.4346283796641029,13.243458909223591
5143,0,normal,0.000706131977494806,0.4346283796641029,13.247051946813144
5144,0,normal,0.0007072482258081436,0.4346283796641029,13.250645319807973
5145,0,normal,0.0007083649979904294,0.4346283796641029,13.254238935441435
5146,0,normal,0.0007094839820638299,0.4346283796641029,13.25783288638695
5147,0,normal,0.0007106051198206842,0.4346283796641029,13.261427174551955
5148,0,normal,0.0007117297500371933,0.4346283796641029,13.265021798025373
5149,0,normal,0.0007128522847779095,0.4346283796641029,13.268616851508796
5150,0,normal,0.0007139726658351719,0.4346283796641029,13.272212240377712
5151,0,normal,0.0007151035242713988,0.4346283796641029,13.275807964633714
5152,0,normal,0.0007162311230786145,0.4346283796641029,13.279403931442175
5153,0,normal,0.0007173611666075885,0.4346283796641029,13.283000233545408
5154,0,normal,0.000718489580322057,0.4346283796641029,13.286596965687295
5155,0,normal,0.0007196199730969965,0.4350848137806695,13.290193940348672
5156,0,normal,0.0007207539165392518,0.4362347080973583,13.293791345062118
5157,0,normal,0.0007218858227133751,0.4362347080973583,13.297389085137638
5158,0,normal,0.0007230242481455207,0.4362347080973583,13.300987160580007
5159,0,normal,0.0007241626735776663,0.4362347080973583,13.304585478493209
5160,0,normal,0.0007252985378727317,0.4362347080973583,13.308184131681855
5161,0,normal,0.0007264401065185666,0.4362347080973583,13.311783214950083
5162,0,normal,0.0007275798125192523,0.4362347080973583,13.31538254065913
5163,0,normal,0.0007287241169251502,0.4362347080973583,13.318982296456852
5164,0,normal,0.0007298671989701688,0.4362347080973583,13.322582387597777
5165,0,normal,0.0007310165674425662,0.4370455283178158,13.326182814083268
5166,0,normal,0.0007321606972254813,0.4370455283178158,13.329783482960693
5167,0,normal,0.0007333072135224938,0.436848440087875,13.333384487092417
5168,0,normal,0.0007344576297327876,0.436848440087875,13.336985921344422
5169,0,normal,0.0007356110727414489,0.436848440087875,13.340587597951526
5170,0,normal,0.0007367607904598117,0.436848440087875,13.3441897046946
5171,0,normal,0.0007379152229987085,0.436848440087875,13.347792146757229
5172,0,normal,0.0007390729733742774,0.436848440087875,13.351394924145325
5173,0,normal,0.0007402282790280879,0.4370455283178158,13.354997943840544
5174,0,normal,0.0007413855055347085,0.4370455283178158,13.358601298774829
5175,0,normal,0.0007425473304465413,0.4370455283178158,13.362205083866456
5176,0,normal,0.000743705837521702,0.43741070268978144,13.365809111232238
5177,0,normal,0.0007448637043125927,0.43741070268978144,13.369413568771506
5178,0,normal,0.0007460321648977697,0.43728360963598173,13.373018361614186
5179,0,normal,0.0007471981807611883,0.43748089419670483,13.37662348975914
5180,0,normal,0.0007483672816306353,0.43748089419670483,13.380228860130273
5181,0,normal,0.0007495327736251056,0.43748089419670483,13.383834565722282
5182,0,normal,0.0007507030386477709,0.43748089419670483,13.387440701508012
5183,0,normal,0.0007518696365877986,0.43748089419670483,13.391047079490363
5184,0,normal,0.0007530390867032111,0.43748089419670483,13.39465379267881
5185,0,normal,0.0007542186649516225,0.43748089419670483,13.398260936086444
5186,0,normal,0.000755390094127506,0.43748089419670483,13.401868414774071
5187,0,normal,0.0007565692067146301,0.43748089419670483,13.40547622873919
5188,0,normal,0.0007577448268420994,0.43748089419670483,13.409084284840901
5189,0,normal,0.0007589259766973555,0.43748089419670483,13.412692771185903
5190,0,normal,0.0007601038669236004,0.43748089419670483,13.416301499637939
5191,0,normal,0.0007612842018716037,0.43767826776418933,13.419910563276972
5192,0,normal,0.0007624720456078649,0.43787573037859145,13.423520057174755
5193,0,normal,0.0007636521477252245,0.43804397082301944,13.42712988633457
5194,0,normal,0.0007648422615602612,0.4376489829373272,13.430740050752092
5195,0,normal,0.0007660263800062239,0.4376489829373272,13.434350457223218
5196,0,normal,0.0007672152132727206,0.4387986508260398,13.437961293972194
5197,0,normal,0.0007684047450311482,0.4387986508260398,13.441572372755672
5198,0,normal,0.0007696016109548509,0.4387986508260398,13.445183879928209
5199,0,normal,0.0007707924232818186,0.4387986508260398,13.448795724249294
5200,0,normal,0.0007719837594777346,0.4409522323247987,13.452407903810354
5201,0,normal,0.0007731827790848911,0.4409522323247987,13.456020418607523
5202,0,normal,0.0007743806927464902,0.4407121536060754,13.459633175374847
5203,0,normal,0.000775575521402061,0.4407121536060754,13.463246362464815
5204,0,normal,0.0007767761708237231,0.4407121536060754,13.466859791505613
5205,0,normal,0.0007779807201586664,0.4407121536060754,13.470473648978441
5206,0,normal,0.0007791804382577538,0.4407121536060754,13.474087843573898
5207,0,normal,0.0007803861517459154,0.4407121536060754,13.477702373387046
5208,0,normal,0.0007815900607965887,0.44151977687048505,13.481317238421525
5209,0,normal,0.0007827930385246873,0.44151977687048505,13.48493234534385
5210,0,normal,0.0007840124308131635,0.4422304960957676,13.488547882629746
5211,0,normal,0.0007852176786400378,0.4422304960957676,13.492163661781206
5212,0,normal,0.000786431017331779,0.4422304960957676,13.495779869410171
5213,0,normal,0.0007876422605477273,0.4422304960957676,13.49939641413971
5214,0,normal,0.0007888563559390604,0.4422304960957676,13.503013294069888
5215,0,normal,0.0007900679484009743,0.4422304960957676,13.5066305091932
5216,0,normal,0.0007912861765362322,0.4422304960957676,13.510247966125462
5217,0,normal,0.000792506558354944,0.4422304960957676,13.513865758168322
5218,0,normal,0.0007937239715829492,0.4422304960957676,13.517483887215803
5219,0,normal,0.000794951687566936,0.4422304960957676,13.521102444780581
5220,0,normal,0.0007961682276800275,0.4422304960957676,13.524721339428424
5221,0,normal,0.0007973966421559453,0.4422304960957676,13.52834056925576
5222,0,normal,0.0007986203418113291,0.4422304960957676,13.531960134256906
5223,0,normal,0.0007998432265594602,0.4422304960957676,13.535579940982416
5224,0,normal,0.0008010754827409983,0.4422304960957676,13.539200082797606
5225,0,normal,0.0008023008704185486,0.4422304960957676,13.542820561599001
5226,0,normal,0.0008035375503823161,0.4422304960957676,13.546441468959756
5227,0,normal,0.0008047700393944979,0.4422304960957676,13.550062806862115
5228,0,normal,0.0008060055552050471,0.4422304960957676,13.553684291121044
5229,0,normal,0.0008072369382716715,0.44243001249024955,13.557306205856321
5230,0,normal,0.000808475015219301,0.44243001249024955,13.560928362232744
5231,0,normal,0.000809712684713304,0.44262961889840535,13.564550853675655
5232,0,normal,0.000810954428743571,0.4425882146545754,13.568173775614468
5233,0,normal,0.0008121974533423781,0.4425882146545754,13.571797032695713
5234,0,normal,0.0008134384988807142,0.4425882146545754,13.575420720362217
5235,0,normal,0.0008146793697960675,0.4425882146545754,13.579044554242273
5236,0,normal,0.0008159286226145923,0.4425882146545754,13.582668818635284
5237,0,normal,0.0008171721128746867,0.4425882146545754,13.586293324593726
5238,0,normal,0.0008184207836166024,0.4425882146545754,13.589918165598647
5239,0,normal,0.0008196718990802765,0.4425882146545754,13.593543437134485
5240,0,normal,0.000820922723505646,0.4425882146545754,13.597169043792064
5241,0,normal,0.0008221787284128368,0.4425882146545754,13.600795081077194
5242,0,normal,0.0008234309498220682,0.4425882146545754,13.604421264433995
5243,0,normal,0.0008246823563240469,0.4425882146545754,13.608047878344223
5244,0,normal,0.0008259440073743463,0.4423886269179048,13.611674733731661
5245,0,normal,0.0008272007689811289,0.4423886269179048,13.61530192415239
5246,0,normal,0.0008284631767310202,0.4423886269179048,13.618929545145647
5247,0,normal,0.0008297198219224811,0.4431578648542987,13.62255750123586
5248,0,normal,0.0008309870609082282,0.4431578648542987,13.62618588799387
5249,0,normal,0.0008322447538375854,0.4431578648542987,13.629814420683488
5250,0,normal,0.0008335178135894239,0.4431578648542987,13.633443383966323
5251,0,normal,0.000834777660202235,0.4431578648542987,13.637072588647925
5252,0,normal,0.0008360500214621425,0.4431578648542987,13.64070212833667
5253,0,normal,0.0008373170276172459,0.4431578648542987,13.644332098638415
5254,0,normal,0.0008385886903852224,0.4431578648542987,13.64796240402029
5255,0,normal,0.0008398649515584111,0.4431578648542987,13.651593140111345
5256,0,normal,0.0008411367307417095,0.4431578648542987,13.65522402198576
5257,0,normal,0.0008424156112596393,0.4431578648542987,13.658855238850492
5258,0,normal,0.0008436866919510067,0.4429580202305482,13.662486792609116
5259,0,normal,0.0008449710439890623,0.4429580202305482,13.666118681348962
5260,0,normal,0.0008462467812933028,0.4429580202305482,13.669751000742963
5261,0,normal,0.0008475299691781402,0.4429580202305482,13.673383655203452
5262,0,normal,0.0008488142630085349,0.4429580202305482,13.677016644716332
5263,0,normal,0.0008500955300405622,0.4429580202305482,13.68064987549019
5264,0,normal,0.0008513850625604391,0.4429580202305482,13.684283441234129
5265,0,normal,0.0008526685414835811,0.44362461255869434,13.68791734384763
5266,0,normal,0.0008539580157957971,0.44362461255869434,13.691551581423028
5267,0,normal,0.0008552484214305878,0.44362461255869434,13.695186249697826
5268,0,normal,0.0008565402240492404,0.44362461255869434,13.698821253012738
5269,0,normal,0.0008578365086577833,0.44382475792176307,13.70245659136367
5270,0,normal,0.0008591256337240338,0.44382475792176307,13.706092170892362
5271,0,normal,0.0008604212780483067,0.44402499358227077,13.709728085371808
5272,0,normal,0.0008617197745479643,0.44402499358227077,13.713364336696486
5273,0,normal,0.0008630177471786737,0.4435591805976296,13.717000922970328
5274,0,normal,0.0008643197943456471,0.4435591805976296,13.720637939972676
5275,0,normal,0.0008656235877424479,0.4435591805976296,13.724275292001039
5276,0,normal,0.00086692173499614,0.4435591805976296,13.727912979042912
5277,0,normal,0.0008682296029292047,0.4435591805976296,13.731550907183646
5278,0,normal,0.0008695338619872928,0.4435591805976296,13.735189170249896
5279,0,normal,0.0008708437671884894,0.4435591805976296,13.738827770144326
5280,0,normal,0.0008721499470993876,0.4435591805976296,13.74246670496359
5281,0,normal,0.0008734625298529863,0.4435591805976296,13.74610616451605
5282,0,normal,0.0008747733663767576,0.4437592964404616,13.749745865182604
5283,0,normal,0.00087608682224527,0.4437592964404616,13.753385900845387
5284,0,normal,0.0008773998124524951,0.44436018583662945,13.757026177519037
5285,0,normal,0.0008787192055024207,0.44436018583662945,13.76066678909956
5286,0,normal,0.0008800370851531625,0.44415979901921976,13.764307737494164
5287,0,normal,0.0008813523454591632,0.44415979901921976,13.76794902078791
5288,0,normal,0.0008826771518215537,0.44415979901921976,13.771590828915578
5289,0,normal,0.0008839961374178529,0.44415979901921976,13.775232878079578
5290,0,normal,0.0008853213512338698,0.44415979901921976,13.778875262214115
5291,0,normal,0.0008866495918482542,0.44415979901921976,13.782517887284712
5292,0,normal,0.0008879670640453696,0.44415979901921976,13.786160847239671
5293,0,normal,0.0008892979240044951,0.4445654083598558,13.7898041439812
5294,0,normal,0.0008906312868930399,0.44758964737005347,13.7934477756055
5295,0,normal,0.0008919615065678954,0.44758964737005347,13.797091932168769
5296,0,normal,0.0008932956261560321,0.44758964737005347,13.800736329678102
5297,0,normal,0.0008946263114921749,0.44758964737005347,13.804381062147513
5298,0,normal,0.0008959596161730587,0.44734595487645185,13.808026035463854
5299,0,normal,0.0008972958894446492,0.44734595487645185,13.811671343649095
5300,0,normal,0.0008986334432847798,0.44734595487645185,13.815317082717002
5301,0,normal,0.0008999736746773124,0.44734595487645185,13.818963062600233
5302,0,normal,0.0009013157687149942,0.44758964737005347,13.822609567519748
5303,0,normal,0.0009026588522829115,0.44758964737005347,13.826256313310068
5304,0,normal,0.0009040050790645182,0.44758964737005347,13.829903394035682
5305,0,normal,0.0009053464164026082,0.44758964737005347,13.833550715525234
5306,0,normal,0.000906691828276962,0.4480115631574336,13.837198371862996
5307,0,normal,0.0009080478339456022,0.4480115631574336,13.840846459129125
5308,0,normal,0.0009093955741263926,0.4480115631574336,13.84449488131736
5309,0,normal,0.0009107477380894125,0.4480115631574336,13.848143734522637
5310,0,normal,0.0009120958275161684,0.4480115631574336,13.851792828518455
5311,0,normal,0.0009134502615779638,0.4478095297301255,13.855442161308247
5312,0,normal,0.0009148078388534486,0.4478095297301255,13.859091830828902
5313,0,normal,0.0009161652415059507,0.44945204767372354,13.862741835178213
5314,0,normal,0.0009175263112410903,0.44945204767372354,13.866392270491588
5315,0,normal,0.0009188860422000289,0.44945204767372354,13.870043040709334
5316,0,normal,0.0009202466462738812,0.4492493646515216,13.873694241987323
5317,0,normal,0.0009216075413860381,0.4492493646515216,13.877345683966269
5318,0,normal,0.0009229768766090274,0.4492493646515216,13.880997364664609
5319,0,normal,0.0009243400418199599,0.4492493646515216,13.884649382071757
5320,0,normal,0.0009257093770429492,0.4492493646515216,13.888301734286415
5321,0,normal,0.0009270760347135365,0.4510171237970268,13.891954517502427
5322,0,normal,0.0009284510742872953,0.4510171237970268,13.895607635606893
5323,0,normal,0.0009298206423409283,0.4515332349455533,13.899261184805937
5324,0,normal,0.000931192422285676,0.4515332349455533,13.902914974631813
5325,0,normal,0.0009325683349743485,0.4515332349455533,13.90656900308909
5326,0,normal,0.0009339461685158312,0.4515332349455533,13.910223368234256
5327,0,normal,0.0009353208588436246,0.45262938253843205,13.91387806816374
5328,0,normal,0.0009367071907036006,0.45262938253843205,13.917533199146192
5329,0,normal,0.0009380835690535605,0.45262938253843205,13.921188664986857
5330,0,normal,0.0009394687367603183,0.4530378905660553,13.924844465682781
5331,0,normal,0.000940849888138473,0.4530378905660553,13.928500603133216
5332,0,normal,0.0009422338916920125,0.4530378905660553,13.932156979136835
5333,0,normal,0.000943621329497546,0.4530378905660553,13.93581369180265
5334,0,normal,0.0009450071374885738,0.45365134400057944,13.939470739237777
5335,0,normal,0.0009464026079513133,0.45365134400057944,13.943128217757021
5336,0,normal,0.000947787775658071,0.45365134400057944,13.946786031119927
5337,0,normal,0.0009491881355643272,0.45365134400057944,13.95044417931831
5338,0,normal,0.0009505782509222627,0.4534467672812076,13.954102567895234
5339,0,normal,0.0009519783197902143,0.4534467672812076,13.957761291221459
5340,0,normal,0.0009533721604384482,0.4534467672812076,13.961420445669091
5341,0,normal,0.0009547726367600262,0.4534467672812076,13.965079840456383
5342,0,normal,0.0009561690385453403,0.4534467672812076,13.96873966637554
5343,0,normal,0.0009575741714797914,0.4534467672812076,13.972399827113804
5344,0,normal,0.0009589762194082141,0.4534467672812076,13.976060322668218
5345,0,normal,0.0009603857179172337,0.4543651144633769,13.979721058517498
5346,0,normal,0.0009617869509384036,0.4543651144633769,13.983382129096071
5347,0,normal,0.0009631961002014577,0.4543651144633769,13.987043630836297
5348,0,normal,0.0009646018734201789,0.4543651144633769,13.990705372837283
5349,0,normal,0.0009660146315582097,0.4543651144633769,13.99436754600788
5350,0,normal,0.0009674284956417978,0.4543651144633769,13.99803005397439
5351,0,normal,0.0009688397403806448,0.4543651144633769,14.001692896739769
5352,0,normal,0.0009702576790004969,0.4543651144633769,14.005355979717478
5353,0,normal,0.0009716748027130961,0.4543651144633769,14.009019397404472
5354,0,normal,0.0009730897145345807,0.4543651144633769,14.012683246290862
5355,0,normal,0.0009745114366523921,0.4543651144633769,14.016347335358205
5356,0,normal,0.0009759320528246462,0.4543651144633769,14.020011855632674
5357,0,normal,0.0009773584315553308,0.45461263065647567,14.023676710686004
5358,0,normal,0.0009787785820662975,0.45461263065647567,14.027341900511828
5359,0,normal,0.0009802044369280338,0.45486028168445486,14.031007330475404
5360,0,normal,0.000981630990281701,0.45486028168445486,14.034673095122798
5361,0,normal,0.0009830655762925744,0.45486028168445486,14.038339291010516
5362,0,normal,0.000984492595307529,0.45486028168445486,14.042005726997559
5363,0,normal,0.00098592194262892,0.45486028168445486,14.045672594235384
5364,0,normal,0.0009873532690107822,0.45486028168445486,14.049339796225013
5365,0,normal,0.0009887930937111378,0.45486028168445486,14.053007332972584
5366,0,normal,0.0009902284946292639,0.45486028168445486,14.056675109772186
5367,0,normal,0.0009916629642248154,0.4553379627576335,14.060343221236508
5368,0,normal,0.0009931065142154694,0.4554703031676617,14.064011763981398
5369,0,normal,0.0009945458732545376,0.4556757928240374,14.067680546739894
5370,0,normal,0.0009959845338016748,0.4556757928240374,14.071349664156514
5371,0,normal,0.0009974314598366618,0.4554703031676617,14.075019212873713
5372,0,normal,0.0009988804813474417,0.45592402301147217,14.078689096321568
5373,0,normal,0.0010003261268138885,0.4558813751889797,14.082359314494852
5374,0,normal,0.0010017718886956573,0.4558813751889797,14.086029772632628
5375,0,normal,0.0010032278951257467,0.4558813751889797,14.08970066208417
5376,0,normal,0.0010046721436083317,0.4558813751889797,14.093371791474738
5377,0,normal,0.0010061265202239156,0.4560565337553197,14.097043255500012
5378,0,normal,0.0010075826430693269,0.45671679667985776,14.100715150862015
5379,0,normal,0.0010090401628986,0.45671679667985776,14.104387380934213
5380,0,normal,0.0010104988468810916,0.45654138452498483,14.108059945718878
5381,0,normal,0.0010119497310370207,0.4571595820006735,14.111732750376405
5382,0,normal,0.001013413886539638,0.45793327490096414,14.115405986395444
5383,0,normal,0.0010148710571229458,0.45793327490096414,14.119079462268019
5384,0,normal,0.0010163418482989073,0.45793327490096414,14.1227532727587
5385,0,normal,0.0010178032098338008,0.45793327490096414,14.126427514618399
5386,0,normal,0.0010192767949774861,0.45793327490096414,14.130102091176468
5387,0,normal,0.0010207402519881725,0.45793327490096414,14.1337770024179
5388,0,normal,0.001022207667119801,0.45793327490096414,14.137452153455115
5389,0,normal,0.001023684861138463,0.45793327490096414,14.141127735891132
5390,0,normal,0.0010251501807942986,0.45855335711951734,14.144803558100193
5391,0,normal,0.0010266245808452368,0.45855335711951734,14.148479809821083
5392,0,normal,0.0010281039867550135,0.45855335711951734,14.152156398112993
5393,0,normal,0.001029582810588181,0.45855335711951734,14.155833321075306
5394,0,normal,0.0010310590732842684,0.45834656980873995,14.159510578704158
5395,0,normal,0.0010325342882424593,0.45834656980873995,14.163188076047163
5396,0,normal,0.0010340207954868674,0.45859625490662187,14.166866004830581
5397,0,normal,0.0010355026461184025,0.45859625490662187,14.170544173300868
5398,0,normal,0.0010369897354394197,0.45859625490662187,14.174222771320046
5399,0,normal,0.001038474147208035,0.45838944825083716,14.177901705895465
5400,0,normal,0.0010399657767266035,0.45818273485572014,14.181580975118322
5401,0,normal,0.00104145472869277,0.45818273485572014,14.1852605789868
5402,0,normal,0.0010429424000903964,0.45818273485572014,14.188940422487576
5403,0,normal,0.0010444343788549304,0.45818273485572014,14.192620600546661
5404,0,normal,0.0010459290351718664,0.45818273485572014,14.196301115062624
5405,0,normal,0.0010474250884726644,0.45838944825083716,14.19998205916886
5406,0,normal,0.001048922073096037,0.45838944825083716,14.2036633398086
5407,0,normal,0.0010504224337637424,0.45838944825083716,14.207344955073722
5408,0,normal,0.001051924074999988,0.45838944825083716,14.2110269049615
5409,0,normal,0.0010534214088693261,0.45838944825083716,14.214709094404043
5410,0,normal,0.0010549257276579738,0.45838944825083716,14.218391618379883
5411,0,normal,0.0010564250405877829,0.45838944825083716,14.222074478794866
5412,0,normal,0.0010579379741102457,0.45838944825083716,14.225757768841277
5413,0,normal,0.0010594419436529279,0.45838944825083716,14.229441490505451
5414,0,normal,0.0010609566234052181,0.45838944825083716,14.23312545173735
5415,0,normal,0.0010624673450365663,0.45838944825083716,14.236809747577126
5416,0,normal,0.0010639813262969255,0.45838944825083716,14.240494282881855
5417,0,normal,0.0010654903016984463,0.45838944825083716,14.244179152704191
5418,0,normal,0.0010670068440958858,0.45838944825083716,14.247864358942252
5419,0,normal,0.0010685281595215201,0.45838944825083716,14.251549994849029
5420,0,normal,0.0010700414422899485,0.45838944825083716,14.255236062419499
5421,0,normal,0.001071565318852663,0.45838944825083716,14.258922272397285
5422,0,normal,0.00107308488804847,0.45838944825083716,14.262608913966915
5423,0,normal,0.0010746073676273227,0.45838944825083716,14.266295794916687
5424,0,normal,0.001076133456081152,0.45838944825083716,14.269983010365195
5425,0,normal,0.0010776568669825792,0.45838944825083716,14.273670657421917
5426,0,normal,0.0010791890090331435,0.45838944825083716,14.277358639048998
5427,0,normal,0.0010807187063619494,0.45838944825083716,14.281047052375243
5428,0,normal,0.0010822436306625605,0.45838944825083716,14.284735607967605
5429,0,normal,0.0010837765876203775,0.45838944825083716,14.288424595188872
5430,0,normal,0.0010853116400539875,0.45838944825083716,14.292113821715702
5431,0,normal,0.0010868465760722756,0.45838944825083716,14.295803382715349
5432,0,normal,0.0010883827926591039,0.45838944825083716,14.299493375361862
5433,0,normal,0.0010899280896410346,0.45838944825083716,14.303183702562364
5434,0,normal,0.0010914631420746446,0.45838944825083716,14.306874461496818
5435,0,normal,0.0010930090211331844,0.45838944825083716,14.310565362558691
5436,0,normal,0.001094550359994173,0.4591564743263909,14.314256695290169
5437,0,normal,0.0010960906511172652,0.45982122523800034,14.317948267240581
5438,0,normal,0.0010976423509418964,0.45982122523800034,14.321640173646074
5439,0,normal,0.0010991876479238272,0.45982122523800034,14.325332511737997
5440,0,normal,0.0011007379507645965,0.45982122523800034,14.329025184360262
5441,0,normal,0.0011022937251254916,0.45982122523800034,14.332718288760589
5442,0,normal,0.0011038443772122264,0.4612231150989725,14.336411535142815
5443,0,normal,0.0011053949128836393,0.4612231150989725,14.34010511596648
5444,0,normal,0.0011069487081840634,0.4612231150989725,14.34379903312356
5445,0,normal,0.0011085092555731535,0.4612231150989725,14.347493284714346
5446,0,normal,0.0011100673582404852,0.4612231150989725,14.351187968036584
5447,0,normal,0.00111163011752069,0.4612231150989725,14.354882985863242
5448,0,normal,0.0011131911305710673,0.4612231150989725,14.358578435510935
5449,0,normal,0.0011147510958835483,0.461474367199947,14.362274026992509
5450,0,normal,0.0011163183953613043,0.461474367199947,14.365969952898922
5451,0,normal,0.0011178806889802217,0.461474367199947,14.369666215115103
5452,0,normal,0.0011194468243047595,0.461474367199947,14.373362811747484
5453,0,normal,0.0011210256488993764,0.461474367199947,14.377059840145648
5454,0,normal,0.0011225902708247304,0.461474367199947,14.380757203033681
5455,0,normal,0.0011241715401411057,0.461474367199947,14.384454900399987
5456,0,normal,0.001125737209804356,0.461474367199947,14.388152836769905
5457,0,normal,0.0011273170821368694,0.4615175382483126,14.391851107535558
5458,0,normal,0.0011288885725662112,0.4619340680330252,14.395549714594381
5459,0,normal,0.0011304718209430575,0.4619340680330252,14.399248656045756
5460,0,normal,0.0011320551857352257,0.4619340680330252,14.402948029306344
5461,0,normal,0.0011336331954225898,0.4619340680330252,14.406647737034973
5462,0,normal,0.001135219936259091,0.4619340680330252,14.41034777922414
5463,0,normal,0.0011368016712367535,0.4617257561709443,14.414048060326422
5464,0,normal,0.001138391438871622,0.4617257561709443,14.417748675808298
5465,0,normal,0.0011399758514016867,0.46221064716627414,14.421449627561287
5466,0,normal,0.00114156783092767,0.46221064716627414,14.42515091368864
5467,0,normal,0.0011431603925302625,0.46221064716627414,14.428852631661812
5468,0,normal,0.001144755631685257,0.46221064716627414,14.432554684079832
5469,0,normal,0.001146347145549953,0.46221064716627414,14.436257070941338
5470,0,normal,0.0011479464592412114,0.46221064716627414,14.43995969663456
5471,0,normal,0.0011495408834889531,0.4620022105792201,14.443662656681909
5472,0,normal,0.0011511424090713263,0.4620022105792201,14.447365952986956
5473,0,normal,0.0011527393944561481,0.4620022105792201,14.451069583636809
5474,0,normal,0.0011543437140062451,0.4620022105792201,14.454773741818599
5475,0,normal,0.0011559498962014914,0.4620022105792201,14.458478138857572
5476,0,normal,0.0011575545649975538,0.4620022105792201,14.462182870314109
5477,0,normal,0.0011591586517170072,0.4620022105792201,14.465887840523237
5478,0,normal,0.0011607662308961153,0.4620022105792201,14.469593145064664
5479,0,normal,0.0011623770697042346,0.4620022105792201,14.473298785842644
5480,0,normal,0.0011639912845566869,0.46179386798786054,14.4770047609436
5481,0,normal,0.0011656050337478518,0.46179386798786054,14.480711263677449
5482,0,normal,0.0011672239052131772,0.46179386798786054,14.484418005185034
5483,0,normal,0.0011688378872349858,0.46310053833737097,14.488125081093585
5484,0,normal,0.0011704552453011274,0.46310053833737097,14.491832395669462
5485,0,normal,0.0011720757465809584,0.46310053833737097,14.495540044558084
5486,0,normal,0.0011736940359696746,0.46310053833737097,14.499248125403028
5487,0,normal,0.001175319659523666,0.46310053833737097,14.502956444880056
5488,0,normal,0.00117694609798491,0.46310053833737097,14.506665292093885
5489,0,normal,0.0011785697424784303,0.46310053833737097,14.51037437799846
5490,0,normal,0.0011801976943388581,0.46310053833737097,14.514083798279444
5491,0,normal,0.0011818238999694586,0.46310053833737097,14.517793457145444
5492,0,normal,0.0011834577890112996,0.46310053833737097,14.521503450308046
5493,0,normal,0.0011850851587951183,0.4639368325087419,14.525213875462669
5494,0,normal,0.0011867198627442122,0.4639368325087419,14.528924539172522
5495,0,normal,0.0011883636470884085,0.4639368325087419,14.532635730711718
5496,0,normal,0.0011899970704689622,0.4639368325087419,14.536347160865489
5497,0,normal,0.0011916375951841474,0.4641895629120356,14.54005892537316
5498,0,normal,0.001193277072161436,0.4641895629120356,14.5437709283799
5499,0,normal,0.001194916432723403,0.4641895629120356,14.547483265668234
5500,0,normal,0.0011965646408498287,0.4641895629120356,14.551196034987697
5501,0,normal,0.001198204467073083,0.4641895629120356,14.55490904278031
5502,0,normal,0.001199857797473669,0.4641895629120356,14.558622578503446
5503,0,normal,0.0012014999520033598,0.4639802339213845,14.562336352753164
5504,0,normal,0.0012031537480652332,0.4639802339213845,14.566050363534714
5505,0,normal,0.0012048024218529463,0.4639802339213845,14.569764710473237
5506,0,normal,0.0012064509792253375,0.4639802339213845,14.573479391661522
5507,0,normal,0.0012081133900210261,0.4639802339213845,14.577194504926638
5508,0,normal,0.0012097643921151757,0.4639802339213845,14.580909952515185
5509,0,normal,0.0012114241253584623,0.4647654700336608,14.584625832276743
5510,0,normal,0.0012130846735090017,0.4647654700336608,14.588341950478707
5511,0,normal,0.0012147434754297137,0.4647654700336608,14.592058305136106
5512,0,normal,0.0012164015788584948,0.46455588133433445,14.595774995922284
5513,0,normal,0.0012180753983557224,0.4651849311486377,14.59949202093776
5514,0,normal,0.001219738507643342,0.4651849311486377,14.603209478071449
5515,0,normal,0.0012214070884510875,0.4651849311486377,14.606927269508333
5516,0,normal,0.0012230726424604654,0.46539480364962865,14.61064539524591
5517,0,normal,0.0012247415725141764,0.46539480364962865,14.614363857183662
5518,0,normal,0.0012264098040759563,0.46539480364962865,14.618082555487945
5519,0,normal,0.0012280858354642987,0.46539480364962865,14.621801589905544
5520,0,normal,0.0012297644279897213,0.46539480364962865,14.62552095853107
5521,0,normal,0.001231444999575615,0.46539480364962865,14.629240759310505
5522,0,normal,0.0012331184698268771,0.46539480364962865,14.632960894377675
5523,0,normal,0.0012348017189651728,0.46539480364962865,14.636681363721209
5524,0,normal,0.0012364801950752735,0.46539480364962865,14.640402169245817
5525,0,normal,0.00123816158156842,0.4656483282852587,14.644123211053738
5526,0,normal,0.0012398530961945653,0.4656483282852587,14.647844685048085
5527,0,normal,0.0012415389064699411,0.4656483282852587,14.651566397206807
5528,0,normal,0.0012432249495759606,0.4656483282852587,14.655288541563095
5529,0,normal,0.0012449163477867842,0.4656483282852587,14.659011020175285
5530,0,normal,0.0012466087937355042,0.4656483282852587,14.662733833052926
5531,0,normal,0.0012483005411922932,0.4656483282852587,14.6664569820839
5532,0,normal,0.0012499871663749218,0.4656483282852587,14.67018036732361
5533,0,normal,0.0012516920687630773,0.4656483282852587,14.673904184783396
5534,0,normal,0.0012533831177279353,0.4656483282852587,14.677628240326612
5535,0,normal,0.0012550906976684928,0.46522844932123614,14.68135272810423
5536,0,normal,0.001256786985322833,0.46522844932123614,14.685077550127062
5537,0,normal,0.0012584893265739083,0.46522844932123614,14.688802706383285
5538,0,normal,0.0012601943453773856,0.46522844932123614,14.692528100678146
5539,0,normal,0.0012619029730558395,0.46522844932123614,14.696253829122725
5540,0,normal,0.0012636086903512478,0.46522844932123614,14.699979989833082
5541,0,normal,0.001265313709154725,0.46522844932123614,14.70370638853933
5542,0,normal,0.0012670266442000866,0.46522844932123614,14.707433219525456
5543,0,normal,0.0012687357375398278,0.46522844932123614,14.711160384729055
5544,0,normal,0.0012704555410891771,0.46522844932123614,14.714887884151494
5545,0,normal,0.0012721656821668148,0.46522844932123614,14.718615621523213
5546,0,normal,0.0012738796649500728,0.46522844932123614,14.722343693026232
5547,0,normal,0.0012756031937897205,0.46522844932123614,14.72607219683664
5548,0,normal,0.0012773254420608282,0.46522844932123614,14.729800938561311
5549,0,normal,0.0012790438486263156,0.46522844932123614,14.733530112603603
5550,0,normal,0.0012807677267119288,0.46522844932123614,14.737259620844043
5551,0,normal,0.0012824961449950933,0.46522844932123614,14.740989463279675
5552,0,normal,0.0012842200230807066,0.46522844932123614,14.744719543584324
5553,0,normal,0.0012859472772106528,0.46522844932123614,14.748449958001174
5554,0,normal,0.0012876765104010701,0.46543834145585466,14.752180804760656
5555,0,normal,0.001289408653974533,0.46543834145585466,14.755911889354593
5556,0,normal,0.0012911440571770072,0.46522844932123614,14.759643308049817
5557,0,normal,0.0012928768992424011,0.46522844932123614,14.763375159105863
5558,0,normal,0.001294615212827921,0.46522844932123614,14.767107344335955
5559,0,normal,0.0012963504996150732,0.46522844932123614,14.770839863738047
5560,0,normal,0.0012980973115190864,0.46543834145585466,14.774572620915706
5561,0,normal,0.0012998317833989859,0.46543834145585466,14.778305810476468
5562,0,normal,0.0013015740551054478,0.46543834145585466,14.78203923779256
5563,0,normal,0.0013033184222877026,0.46543834145585466,14.785772999188111
5564,0,normal,0.001305069075897336,0.46543834145585466,14.789507192981773
5565,0,normal,0.0013068123953416944,0.46543834145585466,14.793241720933565
5566,0,normal,0.0013085665414109826,0.46543834145585466,14.796976583028709
5567,0,normal,0.001310313935391605,0.46543834145585466,14.80071168282393
5568,0,normal,0.001312066102400422,0.46543834145585466,14.80444721504
5569,0,normal,0.0013138167560100555,0.46522844932123614,14.808182984927953
5570,0,normal,0.0013155712513253093,0.46522844932123614,14.811919088869672
5571,0,normal,0.0013173363404348493,0.46522844932123614,14.815655625259524
5572,0,normal,0.0013190925819799304,0.46522844932123614,14.819392495778402
5573,0,normal,0.0013208515010774136,0.46522844932123614,14.823129700426307
5574,0,normal,0.0013226134469732642,0.46522844932123614,14.826867142682886
5575,0,normal,0.0013243750436231494,0.46522844932123614,14.83060501740556
5576,0,normal,0.0013261476997286081,0.46522844932123614,14.834343129717809
5577,0,normal,0.0013279119739308953,0.46522844932123614,14.838081576067452
5578,0,normal,0.0013296776451170444,0.46522844932123614,14.841820454895696
5579,0,normal,0.0013314483221620321,0.46522844932123614,14.84555966783364
5580,0,normal,0.0013332248199731112,0.46592713130055563,14.849299214882421
5581,0,normal,0.0013349958462640643,0.46592713130055563,14.853038999463251
5582,0,normal,0.0013367709470912814,0.46592713130055563,14.85677921654269
5583,0,normal,0.001338549773208797,0.46592713130055563,14.860519671125758
5584,0,normal,0.0013403294142335653,0.46592713130055563,14.864260556329555
5585,0,normal,0.0013421070761978626,0.46592713130055563,14.868001777530253
5586,0,normal,0.0013438910245895386,0.46592713130055563,14.871743332812002
5587,0,normal,0.001345677301287651,0.46592713130055563,14.875485222184352
5588,0,normal,0.0013474581064656377,0.46592713130055563,14.879227349003486
5589,0,normal,0.0013492516009137034,0.46592713130055563,14.88296980981977
5590,0,normal,0.001351035083644092,0.46592713130055563,14.886712606532
5591,0,normal,0.001352833118289709,0.46592713130055563,14.890455833905662
5592,0,normal,0.0013546154368668795,0.46592713130055563,14.894199397241891
5593,0,normal,0.0013564098626375198,0.46592713130055563,14.897943294653487
5594,0,normal,0.0013582052197307348,0.46592713130055563,14.901687526128171
5595,0,normal,0.0013599999947473407,0.46592713130055563,14.905431994967103
5596,0,normal,0.001361798495054245,0.46592713130055563,14.909176797784767
5597,0,normal,0.0013636002549901605,0.46592713130055563,14.91292193647837
5598,0,normal,0.0013654035283252597,0.46592713130055563,14.916667505864098
5599,0,normal,0.0013672052882611752,0.4663476408405159,14.920413507937155
5600,1,point,0.001369007513858378,0.4667685298996356,14.924159747391741
5601,1,point,0.0013708124170079827,0.4667685298996356,14.92790632089509
5602,1,point,0.0013726205797865987,0.4667685298996356,14.931653131675148
5603,1,point,0.0013744329335168004,0.4667685298996356,14.935400276416203
5604,1,point,0.0013762456364929676,0.4667685298996356,14.939147757007277
5605,1,point,0.001378057524561882,0.4674005758360956,14.94289566833595
5606,1,point,0.0013798786094412208,0.4674005758360956,14.946644012392198
5607,1,point,0.001381685840897262,0.4674005758360956,14.950392593744937
5608,1,point,0.0013835083227604628,0.4674005758360956,14.954141509122564
5609,1,point,0.0013853267300873995,0.4674005758360956,14.957890661699366
5610,1,point,0.0013871442060917616,0.4674005758360956,14.961640148214428
5611,1,point,0.0013889700639992952,0.4674005758360956,14.965389970559272
5612,1,point,0.0013907963875681162,0.4674005758360956,14.969140223682416
5613,1,point,0.0013926222454756498,0.4674005758360956,14.972890909566331
5614,1,point,0.001394443679600954,0.4674005758360956,14.976641733906717
5615,1,point,0.001396280829794705,0.4674005758360956,14.980392990943983
5616,1,point,0.00139811250846833,0.4674005758360956,14.984144485094475
5617,1,point,0.0013999396469444036,0.4674005758360956,14.987896313158899
5618,1,point,0.0014017770299687982,0.4674005758360956,14.99164857393771
5619,1,point,0.0014036109205335379,0.4674005758360956,14.995401168703665
5620,1,point,0.0014054507482796907,0.4674005758360956,14.99915419626791
5621,1,point,0.0014072854537516832,0.4674005758360956,15.002907362151518
5622,1,point,0.0014091283082962036,0.4674005758360956,15.006660960767249
5623,1,point,0.0014109747717157006,0.4674005758360956,15.01041479641458
5624,1,point,0.0014128152979537845,0.4674005758360956,15.014168965957651
5625,1,point,0.0014146665344014764,0.4674005758360956,15.017923568251035
5626,1,point,0.0014165107859298587,0.4674005758360956,15.02167850450678
5627,1,point,0.0014183646999299526,0.4674005758360956,15.025433873608335
5628,1,point,0.001420208951458335,0.4674005758360956,15.02918938087987
5629,1,point,0.0014220657758414745,0.4674005758360956,15.032945222031685
5630,1,point,0.0014239171287044883,0.4674005758360956,15.03670139896144
5631,1,point,0.0014257716247811913,0.4674005758360956,15.040457909756014
5632,1,point,0.0014276326401159167,0.4674005758360956,15.044214853340463
5633,1,point,0.0014294949360191822,0.4674005758360956,15.047972130875678
5634,1,point,0.0014313498977571726,0.4674005758360956,15.05172984128808
5635,1,point,0.0014332171995192766,0.4674005758360956,15.055487689729944
5636,1,point,0.0014350785640999675,0.4674005758360956,15.059245872031624
5637,1,point,0.0014369492419064045,0.4674005758360956,15.063004390082824
5638,1,point,0.0014388132840394974,0.4674005758360956,15.06676324198429
5639,1,point,0.0014406885020434856,0.4674005758360956,15.070522526714967
5640,1,point,0.0014425608096644282,0.4674005758360956,15.074282145373672
5641,1,point,0.001444429624825716,0.4674005758360956,15.078042196950719
5642,1,point,0.0014462975086644292,0.4674005758360956,15.081802386411482
5643,1,point,0.001448172959499061,0.4674005758360956,15.085562909712735
5644,1,point,0.001450053183361888,0.4674005758360956,15.08932376873804
5645,1,point,0.0014519320102408528,0.4674005758360956,15.093084961598151
5646,1,point,0.0014538123505190015,0.4674005758360956,15.096846587326127
5647,1,point,0.0014556939713656902,0.4674005758360956,15.100608546957119
5648,1,point,0.0014575815293937922,0.4674005758360956,15.104370840487263
5649,1,point,0.0014594633830711246,0.4674005758360956,15.108133370751148
5650,1,point,0.0014613543171435595,0.4674005758360956,15.111896234826645
5651,1,point,0.0014632429229095578,0.4674005758360956,15.115659434610507
5652,1,point,0.001465136418119073,0.4674005758360956,15.119422968204617
5653,1,point,0.8563615083694458,0.4653855709972252,15.329316875978293
5654,1,point,0.730588972568512,0.4647739673777704,15.532794548341371
5655,1,point,0.53775954246521,0.4646249433024305,15.72985352469459
5656,1,point,0.3609887361526489,0.4612103631870693,15.920500473774155
5657,1,point,0.2269996851682663,0.46360870931305787,16.104737840145617
5658,1,point,0.14357398450374603,0.4644500299252217,16.282567783606055
5659,1,point,0.09544949978590012,0.4525862867344999,16.4539925235008
5660,1,point,0.0665578618645668,0.45309934434743443,16.61901440453289
5661,1,point,0.04869801178574562,0.44969959187217645,16.77763527725233
5662,1,point,0.038173094391822815,0.44096888283515545,16.929857242063008
5663,1,point,0.0330546572804451,0.43347042912881867,17.075682102371047
5664,1,point,0.0321248322725296,0.429802207077769,17.215120795109215
5665,1,point,0.03444640710949898,0.4262057022177361,17.348142969011406
5666,1,point,0.03919202461838722,0.4236107728320875,17.474791856181582
5667,1,point,0.04558310657739639,0.4222794712586012,17.595050645805713
5668,1,point,0.05290345102548599,0.4184939608835169,17.70892078401789
5669,1,point,0.06052825227379799,0.4129577969330725,17.816403853249767
5670,1,point,0.06795665621757507,0.40698908622162133,17.917501121616397
5671,1,point,0.07482984662055969,0.40877714835448814,18.01221355424036
5672,1,point,0.08092986792325974,0.40471479566792673,18.10054288946003
5673,1,point,0.08616188913583755,0.40098355551647386,18.182490206514785
5674,1,point,0.09052577614784241,0.40169642718172494,18.258056822893877
5675,1,point,0.09408553689718246,0.4028465646842258,18.327243562854164
5676,1,point,0.09694202989339828,0.40106094945827925,18.390051495226317
5677,1,point,0.09921176731586456,0.3993302374711677,18.446481399907043
5678,1,point,0.10101281851530075,0.39453382287403005,18.496534092033926
5679,1,point,0.10245610773563385,0.3919041789302094,18.54021041594592
5680,1,point,0.10363764315843582,0.39203856341492266,18.577510953146202
5681,1,point,0.10462640970945358,0.3897663641518174,18.608436494140506
5682,1,point,0.10544172674417496,0.3839649381477936,18.632987578506572
5683,1,point,0.10542846471071243,0.3839649381477936,18.628925288022174
5684,1,point,0.1054152250289917,0.3839649381477936,18.624863221605665
5685,1,point,0.10540200769901276,0.3839649381477936,18.620805579143052
5686,1,point,0.10538875311613083,0.3839649381477936,18.61674826450212
5687,1,point,0.10537552088499069,0.3839649381477936,18.61269117280358
5688,1,point,0.10536228120326996,0.3839649381477936,18.608634620652765
5689,1,point,0.10534899681806564,0.3839649381477936,18.60457839625201
5690,1,point,0.10533575713634491,0.3839649381477936,18.600522501504884
5691,1,point,0.10532249510288239,0.3839649381477936,18.596466827765425
5692,1,point,0.10530923306941986,0.3839649381477936,18.592411483763726
5693,1,point,0.10529594868421555,0.3839649381477936,18.588356467608264
5694,1,point,0.10528267174959183,0.3839649381477936,18.58429307902793
5695,1,point,0.10526937991380692,0.3839649381477936,18.580252247314547
5696,1,point,0.10525611788034439,0.3839649381477936,18.576194021097763
5697,1,point,0.10524280369281769,0.3839649381477936,18.572136232645107
5698,1,point,0.10522957146167755,0.3839649381477936,18.568078668506132
5699,1,point,0.10521627217531204,0.3839649381477936,18.56402143733635
5700,1,point,0.10520295798778534,0.3839649381477936,18.5599645372572
5701,0,normal,0.10518965125083923,0.3839649381477936,18.55590796826141
5702,0,normal,0.10517637431621552,0.3839649381477936,18.55185183699723
5703,0,normal,0.1051630824804306,0.3839649381477936,18.547796036753653
5704,0,normal,0.1051497831940651,0.3839649381477936,18.543740569415604
5705,0,normal,0.10513647645711899,0.3839649381477936,18.53968532647059
5706,0,normal,0.1051231324672699,0.3839649381477936,18.53563041652683
5707,0,normal,0.105109803378582,0.3839649381477936,18.531575837687797
5708,0,normal,0.10509652644395828,0.3839649381477936,18.527521589957814
5709,0,normal,0.10508321225643158,0.3839649381477936,18.523467779925113
5710,0,normal,0.10506987571716309,0.3839649381477936,18.519414300930293
5711,0,normal,0.10505653917789459,0.3839649381477936,18.51536104829438
5712,0,normal,0.1050432026386261,0.3839649381477936,18.511308126785025
5713,0,normal,0.1050298884510994,0.3839649381477936,18.507255431744397
5714,0,normal,0.1050165519118309,0.3839649381477936,18.503203279103218
5715,0,normal,0.10500320047140121,0.3839649381477936,18.49915135286915
5716,0,normal,0.10498988628387451,0.3839649381477936,18.495099864299846
5717,0,normal,0.10497651994228363,0.3839649381477936,18.491048706790025
5718,0,normal,0.10496318340301514,0.3839649381477936,18.48699777572483
5719,0,normal,0.10494992136955261,0.3839649381477936,18.482943022326253
5720,0,normal,0.10493641346693039,0.3839649381477936,18.478892651756496
5721,0,normal,0.10492314398288727,0.3839649381477936,18.474838564202173
5722,0,normal,0.10490972548723221,0.3839649381477936,18.470784706358245
5723,0,normal,0.10489630699157715,0.3839649381477936,18.466731289355494
5724,0,normal,0.10488290339708328,0.3839649381477936,18.462678206646615
5725,0,normal,0.10486947745084763,0.3839649381477936,18.458625353688603
5726,0,normal,0.10485606640577316,0.3839649381477936,18.45457294154653
5727,0,normal,0.1048426553606987,0.3839649381477936,18.45052065274581
5728,0,normal,0.10482924431562424,0.3839649381477936,18.44646890936997
5729,0,normal,0.10481584072113037,0.3839649381477936,18.442417395785014
5730,0,normal,0.10480233281850815,0.3839649381477936,18.43837057917949
5731,0,normal,0.10478901863098145,0.3839649381477936,18.434324093678015
5732,0,normal,0.10477565228939056,0.3839649381477936,18.430277834788058
5733,0,normal,0.10476230829954147,0.3839649381477936,18.42623190708946
5734,0,normal,0.10474896430969238,0.3839649381477936,18.42218620611129
5735,0,normal,0.10473556816577911,0.3839649381477936,18.41814104724085
5736,0,normal,0.10472219437360764,0.3839649381477936,18.414096115029224
5737,0,normal,0.10470882803201675,0.3839649381477936,18.410051620372997
5738,0,normal,0.10469543188810349,0.3839649381477936,18.406007456834686
5739,0,normal,0.1046820729970932,0.3839649381477936,18.40196351999839
5740,0,normal,0.10466864705085754,0.3839649381477936,18.39791991437528
5741,0,normal,0.10465522855520248,0.3839649381477936,18.393876639974224
5742,0,normal,0.10464180260896683,0.3839649381477936,18.389833803089914
5743,0,normal,0.10462840646505356,0.3839649381477936,18.38579129734876
5744,0,normal,0.1046149805188179,0.3839649381477936,18.38174912465024
5745,0,normal,0.10460153222084045,0.3839649381477936,18.37770728309988
5746,0,normal,0.1045881137251854,0.3839649381477936,18.37366566833316
5747,0,normal,0.10457468032836914,0.3839649381477936,18.369624384799636
5748,0,normal,0.10456123948097229,0.3839649381477936,18.36558343250931
5749,0,normal,0.10454777628183365,0.3839649381477936,18.361546987222937
5750,0,normal,0.10453435033559799,0.3839649381477936,18.35750680078104
5751,0,normal,0.10452088713645935,0.3839649381477936,18.35347112058139
5752,0,normal,0.1045074462890625,0.3839649381477936,18.349435768338708
5753,0,normal,0.10449401289224625,0.3839649381477936,18.345400639742593
5754,0,normal,0.10448051989078522,0.3839649381477936,18.341365839189393
5755,0,normal,0.10446707159280777,0.3839649381477936,18.337331366682292
5756,0,normal,0.10445360839366913,0.3839649381477936,18.33329722411986
5757,0,normal,0.10444013774394989,0.3839649381477936,18.329263513884825
5758,0,normal,0.10442665964365005,0.3839649381477936,18.325230133521472
5759,0,normal,0.10441319644451141,0.3839649381477936,18.321197081140326
5760,0,normal,0.10439971834421158,0.3839649381477936,18.31716008242188
5761,0,normal,0.10438624024391174,0.3839649381477936,18.313123414990514
5762,0,normal,0.10437273234128952,0.3839649381477936,18.309087078843504
5763,0,normal,0.10435926914215088,0.3839649381477936,18.305051180104556
5764,0,normal,0.10434576123952866,0.3839649381477936,18.30101561257584
5765,0,normal,0.10433226078748703,0.3839649381477936,18.296980378157286
5766,0,normal,0.1043187826871872,0.3839649381477936,18.29294547495715
5767,0,normal,0.10430506616830826,0.3839649381477936,18.28891981601032
5768,0,normal,0.10429169237613678,0.3839649381477936,18.284894481532547
5769,0,normal,0.10427829623222351,0.3839649381477936,18.280869577598196
5770,0,normal,0.10426492244005203,0.3839649381477936,18.27684499806196
5771,0,normal,0.10425150394439697,0.3839649381477936,18.272820848975698
5772,0,normal,0.10423807054758072,0.3839649381477936,18.268796814018287
5773,0,normal,0.10422461479902267,0.3839649381477936,18.264773103551306
5774,0,normal,0.10421114414930344,0.3839649381477936,18.260749719464002
5775,0,normal,0.10419769585132599,0.3839649381477936,18.25672665987372
5776,0,normal,0.10418422520160675,0.3839649381477936,18.252704030783207
5777,0,normal,0.10417069494724274,0.3839649381477936,18.24868172611309
5778,0,normal,0.10415717959403992,0.3839649381477936,18.244659851855204
5779,0,normal,0.10414369404315948,0.3839649381477936,18.240638091872597
5780,0,normal,0.10413018614053726,0.3839649381477936,18.236616656395654
5781,0,normal,0.10411664098501205,0.3839649381477936,18.23259554733272
5782,0,normal,0.10410312563180923,0.3839649381477936,18.228574762779317
5783,0,normal,0.10408957302570343,0.3839649381477936,18.22455440869021
5784,0,normal,0.10407604277133942,0.3839649381477936,18.220534379045148
5785,0,normal,0.10406247526407242,0.3839649381477936,18.216514673837537
5786,0,normal,0.1040489599108696,0.3839649381477936,18.212495189054607
5787,0,normal,0.10403536260128021,0.3839649381477936,18.208476028803716
5788,0,normal,0.10402178019285202,0.3839649381477936,18.204457194978204
5789,0,normal,0.10400824248790741,0.3839649381477936,18.200438685695417
5790,0,normal,0.10399466007947922,0.3839649381477936,18.19642060683418
5791,0,normal,0.10398110747337341,0.3839649381477936,18.192402852433588
5792,0,normal,0.10396751016378403,0.3839649381477936,18.188385422509555
5793,0,normal,0.10395392030477524,0.3839649381477936,18.18436821308228
5794,0,normal,0.10394036769866943,0.3839649381477936,18.180351328207053
5795,0,normal,0.10392677783966064,0.3839649381477936,18.176334769784944
5796,0,normal,0.10391315072774887,0.3839649381477936,18.172318535921704
5797,0,normal,0.10389955341815948,0.3839649381477936,18.16829389824602
5798,0,normal,0.1038859561085701,0.3839649381477936,18.164269591892435
5799,0,normal,0.10387236624956131,0.3839649381477936,18.160245512950723
5800,0,normal,0.10385871678590775,0.3839649381477936,18.156221765417968
5801,0,normal,0.10384511202573776,0.3839649381477936,18.152198245401223
5802,0,normal,0.10383151471614838,0.3839649381477936,18.148175266553153
5803,0,normal,0.1038179025053978,0.3839649381477936,18.144152619044235
5804,0,normal,0.10380427539348602,0.3839649381477936,18.1401303047694
5805,0,normal,0.10379064083099365,0.3839649381477936,18.13610832184054
5806,0,normal,0.10377702116966248,0.3839649381477936,18.13208656640586
5807,0,normal,0.10376337170600891,0.3839649381477936,18.12806514240515
5808,0,normal,0.10374973714351654,0.3839649381477936,18.124043946004576
5809,0,normal,0.10373609513044357,0.3839649381477936,18.120023290669906
5810,0,normal,0.10372244566679001,0.3839649381477936,18.116002966699625
5811,0,normal,0.10370879620313644,0.3839649381477936,18.111982975986393
5812,0,normal,0.10369513928890228,0.3839649381477936,18.107963316640053
5813,0,normal,0.10368151217699051,0.3839649381477936,18.10394388487589
5814,0,normal,0.10366785526275635,0.3839649381477936,18.09992478456229
5815,0,normal,0.10365419089794159,0.3839649381477936,18.095906015712444
5816,0,normal,0.10364055633544922,0.3839649381477936,18.09188768398417
5817,0,normal,0.10362684726715088,0.38290189677284375,18.087869683636654
5818,0,normal,0.10361319035291672,0.38290189677284375,18.083852016574383
5819,0,normal,0.10359951853752136,0.38290189677284375,18.079834680903787
5820,0,normal,0.10358509421348572,0.38290189677284375,18.075849050007946
5821,0,normal,0.10357192903757095,0.38290189677284375,18.07186383224621
5822,0,normal,0.10355865955352783,0.38290189677284375,18.067878921921647
5823,0,normal,0.10354535281658173,0.38290189677284375,18.06389431902653
5824,0,normal,0.10353200882673264,0.38290189677284375,18.059910023564953
5825,0,normal,0.10351862013339996,0.38290189677284375,18.05592593185611
5826,0,normal,0.10350523889064789,0.3831104832527531,18.051942253246125
5827,0,normal,0.10349175333976746,0.3831104832527531,18.047958778412067
5828,0,normal,0.10347824543714523,0.3831104832527531,18.04397571666277
5829,0,normal,0.1034647673368454,0.3831104832527531,18.039992962370434
5830,0,normal,0.1034511998295784,0.3831104832527531,18.036010515526414
5831,0,normal,0.10343758016824722,0.3831104832527531,18.03202837614458
5832,0,normal,0.10342400521039963,0.3831104832527531,18.028046440590288
5833,0,normal,0.10341036319732666,0.3831104832527531,18.024064918097565
5834,0,normal,0.10339672863483429,0.3831104832527531,18.02008359946217
5835,0,normal,0.10338306427001953,0.3831104832527531,18.01610269387311
5836,0,normal,0.10336939990520477,0.3831104832527531,18.01212209575897
5837,0,normal,0.10335572063922882,0.3831104832527531,18.00814180511611
5838,0,normal,0.10334202647209167,0.3831104832527531,18.00416182195113
5839,0,normal,0.10332830250263214,0.3831104832527531,18.000182042696224
5840,0,normal,0.1033146008849144,0.3831104832527531,17.99620267646378
5841,0,normal,0.10330088436603546,0.3831104832527531,17.99222351416688
5842,0,normal,0.10328715294599533,0.3831104832527531,17.988244764879028
5843,0,normal,0.10327344387769699,0.3831104832527531,17.984266323087923
5844,0,normal,0.10325969755649567,0.3829377173459454,17.9802881887897
5845,0,normal,0.10324595868587494,0.3829377173459454,17.976310361993455
5846,0,normal,0.10323217511177063,0.3829377173459454,17.972332739187095
5847,0,normal,0.10321846604347229,0.3829377173459454,17.968355529366136
5848,0,normal,0.10320469737052917,0.3829377173459454,17.96437852356121
5849,0,normal,0.10319089889526367,0.3829377173459454,17.960401930729176
5850,0,normal,0.10317714512348175,0.3829377173459454,17.956394810094935
5851,0,normal,0.10316336899995804,0.3829377173459454,17.952387917489887
5852,0,normal,0.10314960032701492,0.3829377173459454,17.948381356459777
5853,0,normal,0.10313581675291061,0.3829377173459454,17.944375127015746
5854,0,normal,0.10312200337648392,0.3829377173459454,17.940369334486377
5855,0,normal,0.10310821980237961,0.3829377173459454,17.936363873463733
5856,0,normal,0.1030944436788559,0.3829377173459454,17.932358640530765
5857,0,normal,0.10308060050010681,0.3829377173459454,17.92835384450018
5858,0,normal,0.10306680202484131,0.3829377173459454,17.924349276578823
5859,0,normal,0.10305297374725342,0.3829377173459454,17.920345040259463
5860,0,normal,0.10303918272256851,0.3829377173459454,17.916341135541415
5861,0,normal,0.10302536934614182,0.3829377173459454,17.912337667709608
5862,0,normal,0.10301153361797333,0.3829377173459454,17.908334531403398
5863,0,normal,0.10299772769212723,0.3829377173459454,17.904331623269627
5864,0,normal,0.10298389941453934,0.3829377173459454,17.90032915200004
5865,0,normal,0.10297007113695145,0.3829377173459454,17.89632690892654
5866,0,normal,0.10295624285936356,0.3829377173459454,17.89232499747345
5867,0,normal,0.10294241458177567,0.3829377173459454,17.88832341764669
5868,0,normal,0.10292854905128479,0.3829377173459454,17.884322274662964
5869,0,normal,0.1029147282242775,0.3829377173459454,17.880321463235532
5870,0,normal,0.10290087759494781,0.3829377173459454,17.876320880058074
5871,0,normal,0.10288702696561813,0.3829377173459454,17.872320733709103
5872,0,normal,0.10287313163280487,0.3829377173459454,17.868320815637617
5873,0,normal,0.10285931080579758,0.3829377173459454,17.86432122921019
5874,0,normal,0.1028454378247261,0.3829377173459454,17.860321974435692
5875,0,normal,0.10283157229423523,0.3829377173459454,17.85632315646353
5876,0,normal,0.10281769931316376,0.3829377173459454,17.85232467006972
5877,0,normal,0.10280382633209229,0.3829377173459454,17.848326412010238
5878,0,normal,0.102789968252182,0.3829377173459454,17.84432859073695
5879,0,normal,0.10277606546878815,0.3829377173459454,17.840330997830733
5880,0,normal,0.10276217013597488,0.3829377173459454,17.83633373658654
5881,0,normal,0.10274828225374222,0.3829377173459454,17.832336807019146
5882,0,normal,0.10273441672325134,0.3829377173459454,17.828340314217712
5883,0,normal,0.10272053629159927,0.3829377173459454,17.824344153014408
5884,0,normal,0.1027066558599472,0.3829377173459454,17.820348220229107
5885,0,normal,0.10269272327423096,0.3829377173459454,17.816352724199078
5886,0,normal,0.1026788130402565,0.3829377173459454,17.812357559772863
5887,0,normal,0.10266494005918503,0.3829377173459454,17.80836262380467
5888,0,normal,0.10265100002288818,0.3829377173459454,17.804368019528056
5889,0,normal,0.10263708233833313,0.3829377173459454,17.800373851983295
5890,0,normal,0.10262315720319748,0.3829377173459454,17.796380016057356
5891,0,normal,0.10260926932096481,0.3829377173459454,17.79238640863764
5892,0,normal,0.10259532928466797,0.3829377173459454,17.788393237928858
5893,0,normal,0.10258141160011292,0.3829377173459454,17.784400398853222
5894,0,normal,0.10256744921207428,0.3829377173459454,17.780407788312232
5895,0,normal,0.10255353897809982,0.3829377173459454,17.776415509491017
5896,0,normal,0.10253961384296417,0.3829377173459454,17.772423562392987
5897,0,normal,0.10252565890550613,0.3829377173459454,17.768432051972013
5898,0,normal,0.10251171141862869,0.3829377173459454,17.76444077014503
5899,0,normal,0.10249776393175125,0.3829377173459454,17.760449924992145
5900,0,normal,0.10248380154371262,0.3829377173459454,17.756459411492642
5901,0,normal,0.10246984660625458,0.3829377173459454,17.752469126615324
5902,0,normal,0.10245586931705475,0.3829377173459454,17.748479173478245
5903,0,normal,0.1024419516324997,0.3829377173459454,17.744489552075947
5904,0,normal,0.10242795944213867,0.3829377173459454,17.740500367330696
5905,0,normal,0.10241398215293884,0.3829377173459454,17.73651141125606
5906,0,normal,0.10239999741315842,0.3829377173459454,17.732522891814142
5907,0,normal,0.10238603502511978,0.3829377173459454,17.728534599173372
5908,0,normal,0.10237205773591995,0.3829377173459454,17.7245466401871
5909,0,normal,0.10235805809497833,0.38253598914679726,17.720559012959484
5910,0,normal,0.1023440808057785,0.38253598914679726,17.716571717498482
5911,0,normal,0.10233008116483688,0.38253598914679726,17.712584858649052
5912,0,normal,0.10231608897447586,0.38253598914679726,17.708598228554592
5913,0,normal,0.10230205953121185,0.38253598914679726,17.704612035057607
5914,0,normal,0.10228809714317322,0.38253598914679726,17.700626068440215
5915,0,normal,0.10227405279874802,0.38253598914679726,17.69664043550324
5916,0,normal,0.102260060608387,0.38253598914679726,17.69265513435016
5917,0,normal,0.10224603116512299,0.38253598914679726,17.688670164983932
5918,0,normal,0.10223202407360077,0.38253598914679726,17.68468563218903
5919,0,normal,0.10221801698207855,0.38253598914679726,17.68070132823459
5920,0,normal,0.10220399498939514,0.38253598914679726,17.6767174608367
5921,0,normal,0.10218995064496994,0.38253598914679726,17.672733820405938
5922,0,normal,0.10217594355344772,0.38253598914679726,17.66875051367515
5923,0,normal,0.10216186940670013,0.38253598914679726,17.664767538749857
5924,0,normal,0.10214782506227493,0.38253598914679726,17.66078489563779
5925,0,normal,0.10213378816843033,0.38253598914679726,17.656802689057713
5926,0,normal,0.10211975872516632,0.38253598914679726,17.652820814214465
5927,0,normal,0.10210570693016052,0.38253598914679726,17.64883927300366
5928,0,normal,0.10209166258573532,0.38253598914679726,17.64485795884616
5929,0,normal,0.10207759588956833,0.38253598914679726,17.64087697840796
5930,0,normal,0.10206352919340134,0.38253598914679726,17.636896329800265
5931,0,normal,0.10204946994781494,0.38253598914679726,17.63291601302626
5932,0,normal,0.10203536599874496,0.38253598914679726,17.62893613274491
5933,0,normal,0.10202132910490036,0.38253598914679726,17.6249565842229
5934,0,normal,0.10200726240873337,0.38253598914679726,17.62097726472166
5935,0,normal,0.10199318826198578,0.38253598914679726,17.61699827706093
5936,0,normal,0.10197906941175461,0.38253598914679726,17.613019518523515
5937,0,normal,0.10196499526500702,0.38253598914679726,17.609041299251885
5938,0,normal,0.10195092856884003,0.38253598914679726,17.605063309044226
5939,0,normal,0.10193684697151184,0.38253598914679726,17.601085755293525
5940,0,normal,0.10192271322011948,0.38253598914679726,17.597108533329447
5941,0,normal,0.1019086092710495,0.38253598914679726,17.593131540458444
5942,0,normal,0.10189452767372131,0.38253598914679726,17.589154879457055
5943,0,normal,0.10188040137290955,0.38253598914679726,17.585178447658336
5944,0,normal,0.10186628997325897,0.38253598914679726,17.581202555033542
5945,0,normal,0.1018521711230278,0.38253598914679726,17.577226891552755
5946,0,normal,0.10183804482221603,0.38270857381019774,17.573251664489135
5947,0,normal,0.10182394087314606,0.38270857381019774,17.569276769236012
5948,0,normal,0.1018097922205925,0.38270857381019774,17.56530210315873
5949,0,normal,0.10179568827152252,0.38270857381019774,17.56132776897607
5950,0,normal,0.10178156197071075,0.38270857381019774,17.557353664076572
5951,0,normal,0.1017673909664154,0.38270857381019774,17.553380098248454
5952,0,normal,0.10175327956676483,0.38270857381019774,17.549406761652335
5953,0,normal,0.10173911601305008,0.38270857381019774,17.54543386143655
5954,0,normal,0.10172497481107712,0.38270857381019774,17.541461293051043
5955,0,normal,0.10171078890562057,0.38270857381019774,17.537488953925276
5956,0,normal,0.10169667750597,0.38270857381019774,17.53351694671437
5957,0,normal,0.10168249905109406,0.38270857381019774,17.529545168873483
5958,0,normal,0.10166831314563751,0.38270857381019774,17.525573930006203
5959,0,normal,0.10165416449308395,0.38270857381019774,17.521602920451414
5960,0,normal,0.1016399934887886,0.38270857381019774,17.517632347236713
5961,0,normal,0.10162581503391266,0.38270857381019774,17.513662105878893
5962,0,normal,0.10161164402961731,0.38270857381019774,17.509692093858348
5963,0,normal,0.10159745812416077,0.38270857381019774,17.50572241378177
5964,0,normal,0.10158324986696243,0.38270857381019774,17.50175306564188
5965,0,normal,0.10156905651092529,0.38270857381019774,17.497784153817292
5966,0,normal,0.10155486315488815,0.3814145784413065,17.493815573862094
5967,0,normal,0.10154064744710922,0.3814145784413065,17.489847327666666
5968,0,normal,0.10152645409107208,0.3814145784413065,17.4858794133429
5969,0,normal,0.10151228308677673,0.3814145784413065,17.48191172845054
5970,0,normal,0.10149804502725601,0.3814145784413065,17.47794437551852
5971,0,normal,0.10148382931947708,0.3814145784413065,17.473977354544786
5972,0,normal,0.10146960616111755,0.3814145784413065,17.470010769855662
5973,0,normal,0.10145541280508041,0.3814145784413065,17.466044517049568
5974,0,normal,0.10144117474555969,0.3814145784413065,17.462078598023936
5975,0,normal,0.10142694413661957,0.3814145784413065,17.45811301090066
5976,0,normal,0.10141272097826004,0.3814145784413065,17.454147653289056
5977,0,normal,0.10139849781990051,0.3814145784413065,17.450182627658478
5978,0,normal,0.1013842448592186,0.3814145784413065,17.446217934013703
5979,0,normal,0.10137000679969788,0.3814145784413065,17.442253676607606
5980,0,normal,0.10135578364133835,0.3814145784413065,17.43828975111046
5981,0,normal,0.10134150087833405,0.3812425773126644,17.434326159424245
5982,0,normal,0.10132725536823273,0.3812425773126644,17.430362899650618
5983,0,normal,0.10131300240755081,0.3812425773126644,17.42639976526152
5984,0,normal,0.1012987345457077,0.3812425773126644,17.422437067162036
5985,0,normal,0.101284459233284,0.3812425773126644,17.418474701069044
5986,0,normal,0.10127018392086029,0.3812425773126644,17.414512771182217
5987,0,normal,0.10125590860843658,0.3812425773126644,17.410551173224576
5988,0,normal,0.10124162584543228,0.3812425773126644,17.40658990909583
5989,0,normal,0.10122736543416977,0.3812425773126644,17.4026289769115
5990,0,normal,0.10121308267116547,0.3812425773126644,17.39866817024881
5991,0,normal,0.10119876265525818,0.3812425773126644,17.394707799838443
5992,0,normal,0.10118448734283447,0.3812425773126644,17.390747761457988
5993,0,normal,0.10117019712924957,0.3812425773126644,17.386788159243224
5994,0,normal,0.10115590691566467,0.3812425773126644,17.382828888978565
5995,0,normal,0.10114158689975739,0.3812425773126644,17.378869952570767
5996,0,normal,0.1011272668838501,0.3812425773126644,17.37491134812558
5997,0,normal,0.10111299157142639,0.3812425773126644,17.370952869346183
5998,0,normal,0.10109866410493851,0.3812425773126644,17.36699482678432
5999,0,normal,0.10108434408903122,0.3812425773126644,17.363037116272153
6000,0,normal,0.10106999427080154,0.3812425773126644,17.359079841884977
6001,0,normal,0.10105570405721664,0.3812425773126644,17.355122899479966
6002,0,normal,0.10104136914014816,0.3812425773126644,17.351166290945002
6003,0,normal,0.10102702677249908,0.3812425773126644,17.347210014398343
6004,0,normal,0.1010127142071724,0.3812425773126644,17.34325386366254
6005,0,normal,0.10099835693836212,0.3812425773126644,17.339298149103342
6006,0,normal,0.10098399221897125,0.3812425773126644,17.335342766617714
6007,0,normal,0.10096964240074158,0.3812425773126644,17.33138782021888
6008,0,normal,0.1009553000330925,0.3812425773126644,17.32743320582108
6009,0,normal,0.10094093531370163,0.3812425773126644,17.323478821329445
6010,0,normal,0.10092654824256897,0.3812425773126644,17.31952487290846
6011,0,normal,0.10091221332550049,0.3812425773126644,17.315571050440894
6012,0,normal,0.10089781880378723,0.3812425773126644,17.311617664116284
6013,0,normal,0.10088348388671875,0.3812425773126644,17.3076647119492
6014,0,normal,0.10086909681558609,0.3812425773126644,17.30371209369514
6015,0,normal,0.10085470974445343,0.3812425773126644,17.299759807463033
6016,0,normal,0.10084033012390137,0.3812425773126644,17.295807751222355
6017,0,normal,0.1008259505033493,0.3812425773126644,17.29185602708958
6018,0,normal,0.10081155598163605,0.3812425773126644,17.287904533051687
6019,0,normal,0.1007971465587616,0.3812425773126644,17.28395347511446
6020,0,normal,0.10078274458646774,0.3812425773126644,17.280002851298605
6021,0,normal,0.10076836496591568,0.3812425773126644,17.276052561419874
6022,0,normal,0.10075393319129944,0.3812425773126644,17.27210260358379
6023,0,normal,0.1007395088672638,0.3812425773126644,17.26815287582167
6024,0,normal,0.10072509944438934,0.3812425773126644,17.264203480192236
6025,0,normal,0.10071069747209549,0.3812425773126644,17.260254314735903
6026,0,normal,0.10069625079631805,0.3812425773126644,17.256305585345217
6027,0,normal,0.10068182647228241,0.3812425773126644,17.25235729004089
6028,0,normal,0.10066738724708557,0.3812425773126644,17.24840932868915
6029,0,normal,0.10065297782421112,0.3812425773126644,17.244461699404837
6030,0,normal,0.10063853859901428,0.3812425773126644,17.240514300278846
6031,0,normal,0.10062404721975327,0.3812425773126644,17.23656723330737
6032,0,normal,0.10060964524745941,0.3812425773126644,17.23262039659153
6033,0,normal,0.10059516876935959,0.3812425773126644,17.228673995907457
6034,0,normal,0.10058072209358215,0.3812425773126644,17.22472802926154
6035,0,normal,0.10056626051664352,0.3812425773126644,17.220782396600953
6036,0,normal,0.1005517989397049,0.3812425773126644,17.216837096028485
6037,0,normal,0.10053737461566925,0.3801572057976984,17.212892025690735
6038,0,normal,0.10052286088466644,0.3801572057976984,17.20894728753251
6039,0,normal,0.10050839930772781,0.3801572057976984,17.205002881554037
6040,0,normal,0.1004938930273056,0.3801572057976984,17.201058809654114
6041,0,normal,0.10047941654920578,0.3803642971023846,17.197115171759606
6042,0,normal,0.10046493262052536,0.3803642971023846,17.193171764164845
6043,0,normal,0.10045043379068375,0.3803642971023846,17.18922879245838
6044,0,normal,0.10043595731258392,0.3803642971023846,17.185286051070534
6045,0,normal,0.10042145848274231,0.38053590198675485,17.181343641884496
6046,0,normal,0.1004069596529007,0.38053590198675485,17.177401564898446
6047,0,normal,0.10039245337247849,0.38053590198675485,17.173459923784776
6048,0,normal,0.10037795454263687,0.38053590198675485,17.169518614797653
6049,0,normal,0.10036341845989227,0.38053590198675485,17.165577536185992
6050,0,normal,0.10034887492656708,0.38053590198675485,17.16163689343307
6051,0,normal,0.10033437609672546,0.38053590198675485,17.157696481081302
6052,0,normal,0.10031986981630325,0.38053590198675485,17.15375640095158
6053,0,normal,0.10030532628297806,0.38053590198675485,17.149816653041853
6054,0,normal,0.10029077529907227,0.38053590198675485,17.145877340965853
6055,0,normal,0.10027626901865005,0.38053590198675485,17.141938361039593
6056,0,normal,0.10026171803474426,0.38053590198675485,17.13799961157838
6057,0,normal,0.10024715960025787,0.38053590198675485,17.134061297925882
6058,0,normal,0.10023260861635208,0.38053590198675485,17.1301232147689
6059,0,normal,0.10021807253360748,0.38053590198675485,17.12618546384806
6060,0,normal,0.1002035140991211,0.38053590198675485,17.122248045177685
6061,0,normal,0.10018893331289291,0.38053590198675485,17.118311062297153
6062,0,normal,0.10017438232898712,0.38053590198675485,17.11437441158796
6063,0,normal,0.10015980154275894,0.38053590198675485,17.110437991428398
6064,0,normal,0.10014521330595016,0.38053590198675485,17.10650200704299
6065,0,normal,0.10013066977262497,0.38053590198675485,17.102566253225632
6066,0,normal,0.10011602938175201,0.38053590198675485,17.098630831678747
6067,0,normal,0.10010148584842682,0.38053590198675485,17.094695742395743
6068,0,normal,0.10008691251277924,0.38053590198675485,17.090761088870295
6069,0,normal,0.10007227957248688,0.38053590198675485,17.08682676753847
6070,0,normal,0.1000576913356781,0.38053590198675485,17.082892676835172
6071,0,normal,0.10004309564828873,0.38053590198675485,17.078959021870105
6072,0,normal,0.10002848505973816,0.3803642971023846,17.075025699106163
6073,0,normal,0.1000138595700264,0.3803642971023846,17.071092607008268
6074,0,normal,0.09999927878379822,0.3803642971023846,17.06715984720813
6075,0,normal,0.09998464584350586,0.3803642971023846,17.063227523114165
6076,0,normal,0.0999700203537941,0.3803642971023846,17.059295531241105
6077,0,normal,0.09995538741350174,0.3803642971023846,17.05536377008025
6078,0,normal,0.09994076937437057,0.3803642971023846,17.051432444618513
6079,0,normal,0.09992614388465881,0.3803642971023846,17.047501451384278
6080,0,normal,0.09991146624088287,0.3803642971023846,17.043570688893624
6081,0,normal,0.09989681839942932,0.3803642971023846,17.039640258721192
6082,0,normal,0.09988220781087875,0.3803642971023846,17.0357101608663
6083,0,normal,0.0998675525188446,0.3803642971023846,17.031780498677335
6084,0,normal,0.09985287487506866,0.3803642971023846,17.027851067291977
6085,0,normal,0.09983821958303452,0.3803642971023846,17.023922071555717
6086,0,normal,0.09982356429100037,0.3803642971023846,17.019993408075152
6087,0,normal,0.09980888664722443,0.3803642971023846,17.016064975424797
6088,0,normal,0.09979425370693207,0.3803642971023846,17.0121368751104
6089,0,normal,0.09977956116199493,0.3803642971023846,17.00820910713469
6090,0,normal,0.0997648686170578,0.3803642971023846,17.004281774796254
6091,0,normal,0.09975020587444305,0.3803642971023846,17.00035467332873
6092,0,normal,0.09973550587892532,0.3803642971023846,16.996428007484155
6093,0,normal,0.0997207909822464,0.3803642971023846,16.99250167391483
6094,0,normal,0.09970612078905106,0.3803642971023846,16.98857557125757
6095,0,normal,0.09969142824411392,0.3803642971023846,16.984649800957413
6096,0,normal,0.0996766909956932,0.3803642971023846,16.980724363020954
6097,0,normal,0.09966199845075607,0.3803642971023846,16.97679936067766
6098,0,normal,0.09964729845523834,0.3803642971023846,16.972874589292587
6099,0,normal,0.09963257610797882,0.3803642971023846,16.96895025349363
6100,0,normal,0.09961787611246109,0.3803642971023846,16.965026146785704
6101,0,normal,0.09960313886404037,0.3803642971023846,16.961102374350276
6102,0,normal,0.09958839416503906,0.3803642971023846,16.95717893429446
6103,0,normal,0.09957366436719894,0.3803642971023846,16.95325582661758
6104,0,normal,0.09955891221761703,0.3803642971023846,16.949333154503165
6105,0,normal,0.09954418241977692,0.3803642971023846,16.94541071343133
6106,0,normal,0.09952943027019501,0.3803642971023846,16.941488707902636
6107,0,normal,0.09951465576887131,0.3803642971023846,16.937566931548417
6108,0,normal,0.09949993342161179,0.3803642971023846,16.93364548948557
6109,0,normal,0.09948518872261047,0.3803642971023846,16.929724379829167
6110,0,normal,0.09947042167186737,0.3803642971023846,16.925803602579663
6111,0,normal,0.09945564717054367,0.3803642971023846,16.921883260842606
6112,0,normal,0.09944088757038116,0.3803642971023846,16.917963251440142
6113,0,normal,0.09942610561847687,0.3803642971023846,16.914043576265385
6114,0,normal,0.09941132366657257,0.3803642971023846,16.910124130349004
6115,0,normal,0.09939654916524887,0.3803642971023846,16.90620501875128
6116,0,normal,0.09938175231218338,0.3803642971023846,16.90228623957296
6117,0,normal,0.0993669405579567,0.3803642971023846,16.89836779282905
6118,0,normal,0.0993521586060524,0.3803642971023846,16.89444978155825
6119,0,normal,0.0993373841047287,0.38019276960423776,16.890532102644784
6120,0,normal,0.09932255744934082,0.38019276960423776,16.886614757982898
6121,0,normal,0.09930776804685593,0.38019276960423776,16.882697642661697
6122,0,normal,0.09929294884204865,0.38019276960423776,16.878780758661605
6123,0,normal,0.09927812963724136,0.38019276960423776,16.874864310198745
6124,0,normal,0.09926331043243408,0.38019276960423776,16.8709481941828
6125,0,normal,0.0992484837770462,0.38019276960423776,16.86703251360791
6126,0,normal,0.09923367947340012,0.38019276960423776,16.863117165407402
6127,0,normal,0.09921883791685104,0.38019276960423776,16.859202048519364
6128,0,normal,0.09920401126146317,0.38019276960423776,16.855287264087337
6129,0,normal,0.0991891548037529,0.38019276960423776,16.851372711064414
6130,0,normal,0.09917429089546204,0.38019276960423776,16.847458694586294
6131,0,normal,0.09915946424007416,0.38019276960423776,16.843544909456796
6132,0,normal,0.0991445854306221,0.38019276960423776,16.839631559730606
6133,0,normal,0.09912975877523422,0.38019276960423776,16.83571854240654
6134,0,normal,0.09911488741636276,0.38019276960423776,16.831805756465428
6135,0,normal,0.0991000086069107,0.38019276960423776,16.827893303009205
6136,0,normal,0.09908514469861984,0.38019276960423776,16.82398108104826
6137,0,normal,0.09907027333974838,0.38019276960423776,16.820069395529117
6138,0,normal,0.09905539453029633,0.38019276960423776,16.81615794144409
6139,0,normal,0.09904050827026367,0.38019276960423776,16.812246922723034
6140,0,normal,0.09902560710906982,0.38019276960423776,16.808336236422974
6141,0,normal,0.09901072084903717,0.38019276960423776,16.804425781593864
6142,0,normal,0.09899584203958511,0.38019276960423776,16.800515659272605
6143,0,normal,0.09898093342781067,0.38019276960423776,16.79660576852416
6144,0,normal,0.09896600991487503,0.38019276960423776,16.792696414120428
6145,0,normal,0.09895109385251999,0.38019276960423776,16.788787291233803
6146,0,normal,0.09893620014190674,0.37874435256059286,16.78487860367113
6147,0,normal,0.0989212915301323,0.37874435256059286,16.780970248551284
6148,0,normal,0.09890633076429367,0.3792572059636374,16.777062124987424
6149,0,normal,0.09889144450426102,0.3792572059636374,16.773154333952334
6150,0,normal,0.09887650609016418,0.3792572059636374,16.769246774576914
6151,0,normal,0.09886157512664795,0.3792572059636374,16.765339751441616
6152,0,normal,0.09884663671255112,0.3792572059636374,16.761433060765057
6153,0,normal,0.09883169084787369,0.3792572059636374,16.75752670444581
6154,0,normal,0.09881672263145447,0.3792572059636374,16.753620680594167
6155,0,normal,0.09880181401968002,0.3792572059636374,16.749714888374683
6156,0,normal,0.09878683090209961,0.3792572059636374,16.745809428712164
6157,0,normal,0.09877189993858337,0.3773764110824399,16.74190430160047
6158,0,normal,0.09875692427158356,0.3778621279199561,16.737999609748158
6159,0,normal,0.09874194115400314,0.3778621279199561,16.734095250374367
6160,0,normal,0.09872697293758392,0.3778621279199561,16.730191225384033
6161,0,normal,0.09871198236942291,0.3778621279199561,16.72628753287654
6162,0,normal,0.09869702160358429,0.3778621279199561,16.722384072089653
6163,0,normal,0.09868204593658447,0.3778621279199561,16.718480943879513
6164,0,normal,0.09866703301668167,0.3778621279199561,16.714578148245664
6165,0,normal,0.09865204244852066,0.3778621279199561,16.71067578783027
6166,0,normal,0.09863702207803726,0.3778621279199561,16.706773759914995
6167,0,normal,0.09862203896045685,0.3778621279199561,16.70287206640637
6168,0,normal,0.09860701858997345,0.3778621279199561,16.698970705403326
6169,0,normal,0.09859203547239304,0.3778621279199561,16.69506957620365
6170,0,normal,0.09857699275016785,0.37696361297058284,16.691168779600275
6171,0,normal,0.09856200218200684,0.37696361297058284,16.687268315595702
6172,0,normal,0.09854696691036224,0.37696361297058284,16.68336828677252
6173,0,normal,0.09853194653987885,0.37696361297058284,16.679468590474926
6174,0,normal,0.09851691126823425,0.37696361297058284,16.675569228597624
6175,0,normal,0.09850186854600906,0.37696361297058284,16.671670199253413
6176,0,normal,0.09848681092262268,0.37696361297058284,16.6677712992514
6177,0,normal,0.09847176820039749,0.37696361297058284,16.6638728344833
6178,0,normal,0.0984567254781723,0.37696361297058284,16.659974702334694
6179,0,normal,0.09844166785478592,0.37696361297058284,16.656077005332463
6180,0,normal,0.09842663258314133,0.37696361297058284,16.65217964087242
6181,0,normal,0.09841152280569077,0.37696361297058284,16.648282610863134
6182,0,normal,0.09839648753404617,0.37696361297058284,16.6443859133999
6183,0,normal,0.0983814150094986,0.37696361297058284,16.640489345428023
6184,0,normal,0.09836634248495102,0.3752786346790625,16.63659321265004
6185,0,normal,0.09835126996040344,0.3752786346790625,16.6326974125152
6186,0,normal,0.09833615273237228,0.3752786346790625,16.628802047483305
6187,0,normal,0.09832107275724411,0.3752786346790625,16.624907015017698
6188,0,normal,0.09830595552921295,0.3752786346790625,16.621012317026043
6189,0,normal,0.09829090535640717,0.3752786346790625,16.617117951604314
6190,0,normal,0.09827577322721481,0.3752786346790625,16.613223715815593
6191,0,normal,0.09826070815324783,0.3752786346790625,16.609329915179387
6192,0,normal,0.09824556857347488,0.3752786346790625,16.60543644721406
6193,0,normal,0.09823044389486313,0.3752786346790625,16.601543414308708
6194,0,normal,0.09821532666683197,0.3752786346790625,16.5976507139942
6195,0,normal,0.09820020198822021,0.3752786346790625,16.59375824579297
6196,0,normal,0.09818506240844727,0.3752786346790625,16.58986621263807
6197,0,normal,0.09816993027925491,0.3752786346790625,16.585974309262156
6198,0,normal,0.09815482050180435,0.3752786346790625,16.582082840997828
6199,0,normal,0.09813965857028961,0.3752786346790625,16.578191705423023
6200,0,normal,0.09812451153993607,0.3752786346790625,16.57430100487204
6201,0,normal,0.09810935705900192,0.3752786346790625,16.57041063693623
6202,0,normal,0.09809418767690659,0.3752786346790625,16.56652050119237
6203,0,normal,0.09807905554771423,0.3752786346790625,16.56263080046415
6204,0,normal,0.0980638787150383,0.37494024281812927,16.558741229644284
6205,0,normal,0.09804869443178177,0.37494024281812927,16.55485209390872
6206,0,normal,0.09803353995084763,0.37494024281812927,16.55096339126817
6207,0,normal,0.0980183556675911,0.37494024281812927,16.547075023154548
6208,0,normal,0.09800315648317337,0.37494024281812927,16.543186987677018
6209,0,normal,0.09798800200223923,0.37494024281812927,16.539299184475794
6210,0,normal,0.0979727953672409,0.37494024281812927,16.535411713999338
6211,0,normal,0.09795760363340378,0.37494024281812927,16.53152447590287
6212,0,normal,0.09794241935014725,0.37494024281812927,16.527637672845685
6213,0,normal,0.09792716801166534,0.37494024281812927,16.52375130284554
6214,0,normal,0.09791196137666702,0.37494024281812927,16.519865267395517
6215,0,normal,0.0978967621922493,0.37494024281812927,16.51597956460546
6216,0,normal,0.09788154065608978,0.37494024281812927,16.512094094171516
6217,0,normal,0.09786634147167206,0.37494024281812927,16.508208956480757
6218,0,normal,0.09785111993551254,0.37494024281812927,16.504324051261165
6219,0,normal,0.09783588349819183,0.37494024281812927,16.500439581038336
6220,0,normal,0.09782067686319351,0.3740549111048986,16.496555543835484
6221,0,normal,0.09780541062355042,0.3740549111048986,16.492671841203673
6222,0,normal,0.0977901741862297,0.3740549111048986,16.488788471250473
6223,0,normal,0.0977749302983284,0.3740549111048986,16.484905333740016
6224,0,normal,0.0977596715092659,0.3740549111048986,16.481022528995936
6225,0,normal,0.0977443978190422,0.3740549111048986,16.477140057022552
6226,0,normal,0.0977291539311409,0.3740549111048986,16.47325791971525
6227,0,normal,0.09771386533975601,0.37354909254411944,16.469376215392003
6228,0,normal,0.0976986214518547,0.37354909254411944,16.46549474356607
6229,0,normal,0.09768332540988922,0.37354909254411944,16.46161370660775
6230,0,normal,0.09766805171966553,0.37354909254411944,16.457732902175167
6231,0,normal,0.09765277802944183,0.37354909254411944,16.45385243052874
6232,0,normal,0.09763745218515396,0.37354909254411944,16.449972291676886
6233,0,normal,0.09762217104434967,0.37354909254411944,16.44609248751385
6234,0,normal,0.09760688245296478,0.37354909254411944,16.44221311629144
6235,0,normal,0.0975915864109993,0.37354909254411944,16.438333977654793
6236,0,normal,0.09757626801729202,0.37354909254411944,16.434455273845742
6237,0,normal,0.09756095707416534,0.37354909254411944,16.43057680264178
6238,0,normal,0.09754563868045807,0.37354909254411944,16.426698664251035
6239,0,normal,0.09753035008907318,0.37354909254411944,16.42282085867032
6240,0,normal,0.09751499444246292,0.37354909254411944,16.418943487895376
6241,0,normal,0.09749969094991684,0.37354909254411944,16.415066449862707
6242,0,normal,0.09748433530330658,0.37354909254411944,16.411189644492424
6243,0,normal,0.09746900200843811,0.37354909254411944,16.407313273911313
6244,0,normal,0.09745366126298904,0.37354909254411944,16.403437136024195
6245,0,normal,0.09743832051753998,0.37344055497376827,16.39956133096257
6246,0,normal,0.09742295742034912,0.37344055497376827,16.3956858587444
6247,0,normal,0.09740759432315826,0.37344055497376827,16.391810821285617
6248,0,normal,0.097392238676548,0.37344055497376827,16.387936116587525
6249,0,normal,0.09737687557935715,0.37344055497376827,16.384061644643452
6250,0,normal,0.0973614901304245,0.3732721497775151,16.380187607450807
6251,0,normal,0.09734611213207245,0.3732721497775151,16.376313803026733
6252,0,normal,0.0973307341337204,0.3732721497775151,16.372440331458392
6253,0,normal,0.09731534123420715,0.3732721497775151,16.368567192745786
6254,0,normal,0.09729994088411331,0.3732721497775151,16.36469448876028
6255,0,normal,0.09728458523750305,0.3732721497775151,16.360822117560474
6256,0,normal,0.09726917743682861,0.3732721497775151,16.356949979191995
6257,0,normal,0.09725378453731537,0.3732721497775151,16.353078275530606
6258,0,normal,0.09723836928606033,0.3732721497775151,16.34920690466538
6259,0,normal,0.0972229614853859,0.3730836887683731,16.345335766668313
6260,0,normal,0.09720753133296967,0.3730836887683731,16.341464961550173
6261,0,normal,0.09719212353229523,0.3730836887683731,16.337594591117067
6262,0,normal,0.09717670828104019,0.3730836887683731,16.33372455349081
6263,0,normal,0.09716126322746277,0.3730836887683731,16.329854748780917
6264,0,normal,0.09714584052562714,0.3730836887683731,16.325985378740597
6265,0,normal,0.09713038057088852,0.3730836887683731,16.322116341517585
6266,0,normal,0.09711495786905289,0.3730836887683731,16.31824753724527
6267,0,normal,0.09709949791431427,0.3730836887683731,16.314379065871208
6268,0,normal,0.09708406031131744,0.3730836887683731,16.31051092740381
6269,0,normal,0.09706856310367584,0.3730836887683731,16.306643223578703
6270,0,normal,0.09705311805009842,0.3727722181049923,16.302775752753632
6271,0,normal,0.0970376655459404,0.3727722181049923,16.2989087165588
6272,0,normal,0.0970221683382988,0.3727722181049923,16.2950420132006
6273,0,normal,0.09700671583414078,0.3727722181049923,16.291175542880183
6274,0,normal,0.09699121117591858,0.3727722181049923,16.28730940547689
6275,0,normal,0.09697571396827698,0.3727722181049923,16.28344360100118
6276,0,normal,0.09696026146411896,0.3727722181049923,16.279578231130927
6277,0,normal,0.09694475680589676,0.3727722181049923,16.27571309434643
6278,0,normal,0.09692925959825516,0.3727722181049923,16.271848392150332
6279,0,normal,0.09691374748945236,0.3727722181049923,16.26798402281247
6280,0,normal,0.09689824283123016,0.3727722181049923,16.264119886592425
6281,0,normal,0.09688271582126617,0.3727722181049923,16.2602560833152
6282,0,normal,0.09686720371246338,0.3727722181049923,16.25639261299102
6283,0,normal,0.09685169905424118,0.3727722181049923,16.252529577227506
6284,0,normal,0.0968361645936966,0.3714685035769857,16.248666774633193
6285,0,normal,0.09682062268257141,0.3714685035769857,16.24480440658658
6286,0,normal,0.09680509567260742,0.3714685035769857,16.240942371423444
6287,0,normal,0.09678956121206284,0.3714685035769857,16.237080569461114
6288,0,normal,0.09677399694919586,0.3714685035769857,16.233219100463657
6289,0,normal,0.09675847738981247,0.3714685035769857,16.22935796444017
6290,0,normal,0.09674292057752609,0.3714685035769857,16.225497262938234
6291,0,normal,0.09672735631465912,0.3714685035769857,16.221636794685764
6292,0,normal,0.09671179205179214,0.3714685035769857,16.217776760947345
6293,0,normal,0.09669622778892517,0.3711335473429039,16.213916958585287
6294,0,normal,0.09668062627315521,0.3711335473429039,16.21005749110418
6295,0,normal,0.09666509181261063,0.3711335473429039,16.20619835661296
6296,0,normal,0.09664947539567947,0.3711335473429039,16.202339555114577
6297,0,normal,0.09663388133049011,0.3711335473429039,16.19848118809864
6298,0,normal,0.09661830216646194,0.3711335473429039,16.194623154006877
6299,0,normal,0.09660268574953079,0.3699712470787662,16.190765454728307
6300,0,normal,0.09658709913492203,0.3699712470787662,16.186907986905453
6301,0,normal,0.09657149761915207,0.3699712470787662,16.183050853986742
6302,0,normal,0.09655585885047913,0.3699712470787662,16.179194054082018
6303,0,normal,0.09654024243354797,0.3699712470787662,16.175337587186732
6304,0,normal,0.09652464091777802,0.3699712470787662,16.17148155474456
6305,0,normal,0.09650898724794388,0.3699712470787662,16.16762585523702
6306,0,normal,0.09649340808391571,0.3699712470787662,16.163770490571324
6307,0,normal,0.09647775441408157,0.3699712470787662,16.15991535744547
6308,0,normal,0.09646212309598923,0.3699712470787662,16.156060457847616
6309,0,normal,0.09644775092601776,0.3699712470787662,16.152162700506324
6310,0,normal,0.09643003344535828,0.3699712470787662,16.148308599145594
6311,0,normal,0.09641504287719727,0.3699712470787662,16.14443759784308
6312,0,normal,0.09639859199523926,0.3699712470787662,16.140584276154186
6313,0,normal,0.09638301283121109,0.3699712470787662,16.136731289329873
6314,0,normal,0.09636741131544113,0.3699712470787662,16.13287853413385
6315,0,normal,0.09635184705257416,0.3699712470787662,16.12902601254291
6316,0,normal,0.096336230635643,0.3699712470787662,16.125173925417357
6317,0,normal,0.09632059186697006,0.3699712470787662,16.12132217135263
6318,0,normal,0.09630497545003891,0.3699712470787662,16.117470851654616
6319,0,normal,0.09628935158252716,0.3699712470787662,16.113619864942848
6320,0,normal,0.09627369791269302,0.3699712470787662,16.109769111819105
6321,0,normal,0.09625803679227829,0.3699712470787662,16.105918691765964
6322,0,normal,0.09624239057302475,0.3699712470787662,16.10206850540999
6323,0,normal,0.09622669965028763,0.3699712470787662,16.098218852841455
6324,0,normal,0.0962110236287117,0.3699712470787662,16.094369433917564
6325,0,normal,0.09619534760713577,0.3701381630421175,16.090520449323094
6326,0,normal,0.09617964178323746,0.3701381630421175,16.08667179773215
6327,0,normal,0.09616391360759735,0.3701381630421175,16.082823379819047
6328,0,normal,0.09614822268486023,0.3701381630421175,16.07897529499428
6329,0,normal,0.09613246470689774,0.3701381630421175,16.075127443948986
6330,0,normal,0.09611670672893524,0.3701381630421175,16.071280126594047
6331,0,normal,0.09610100090503693,0.3701381630421175,16.06743304296174
6332,0,normal,0.09608524292707443,0.3701381630421175,16.0635863936202
6333,0,normal,0.09606949239969254,0.3701381630421175,16.059740077306287
6334,0,normal,0.09605371952056885,0.3701381630421175,16.05589399474843
6335,0,normal,0.09603799134492874,0.3701381630421175,16.052048245303013
6336,0,normal,0.09602221101522446,0.3703051543111555,16.048202729719605
6337,0,normal,0.09600643068552017,0.3703051543111555,16.044357747729237
6338,0,normal,0.09599066525697708,0.3703051543111555,16.040513098777183
6339,0,normal,0.0959748774766922,0.3703051543111555,16.036711155687954
6340,0,normal,0.09595911204814911,0.3703051543111555,16.032867144019065
6341,0,normal,0.09594332426786423,0.3703051543111555,16.029040331578017
6342,0,normal,0.09592754393815994,0.3703051543111555,16.02519687458107
6343,0,normal,0.09591172635555267,0.3703051543111555,16.02135365152708
6344,0,normal,0.0958959236741066,0.3703051543111555,16.01751096196358
6345,0,normal,0.09588008373975754,0.3703051543111555,16.013668605464318
6346,0,normal,0.09586428105831146,0.3703051543111555,16.009826583930817
6347,0,normal,0.0958484560251236,0.3703051543111555,16.005984895468828
6348,0,normal,0.09583260118961334,0.3703051543111555,16.002143440925693
6349,0,normal,0.09581676870584488,0.3703051543111555,15.998302319539562
6350,0,normal,0.09580094367265701,0.3703051543111555,15.994461531314073
6351,0,normal,0.09578508883714676,0.3703051543111555,15.990621177274306
6352,0,normal,0.0957692489027977,0.3703051543111555,15.986781156320603
6353,0,normal,0.09575336426496506,0.3703051543111555,15.982941470354035
6354,0,normal,0.095737524330616,0.3703051543111555,15.979102117479215
6355,0,normal,0.09572164714336395,0.3703051543111555,15.975262998606013
6356,0,normal,0.0957057848572731,0.3703051543111555,15.971424212914371
6357,0,normal,0.09568990767002106,0.3703051543111555,15.967585760401334
6358,0,normal,0.09567403048276901,0.3703051543111555,15.963747742040368
6359,0,normal,0.09565814584493637,0.3703051543111555,15.959910056782746
6360,0,normal,0.09564225375652313,0.3703051543111555,15.956072706535451
6361,0,normal,0.0956263467669487,0.3703051543111555,15.952235689401277
6362,0,normal,0.09561046212911606,0.3703051543111555,15.948398906353304
6363,0,normal,0.09559455513954163,0.3703051543111555,15.9445624565044
6364,0,normal,0.095578633248806,0.3703051543111555,15.940726339858884
6365,0,normal,0.09556273370981216,0.3703051543111555,15.93689065732201
6366,0,normal,0.09554681181907654,0.3703051543111555,15.933055307918039
6367,0,normal,0.0955309122800827,0.3703051543111555,15.929220293539174
6368,0,normal,0.09551496803760529,0.3703051543111555,15.925385612299351
6369,0,normal,0.09549902379512787,0.3703051543111555,15.921551165225537
6370,0,normal,0.09548309445381165,0.3703051543111555,15.917717051374439
6371,0,normal,0.09546715766191483,0.3703051543111555,15.913883270752649
6372,0,normal,0.09545116871595383,0.3703051543111555,15.910049924194709
6373,0,normal,0.095435231924057,0.3703051543111555,15.906216910791272
6374,0,normal,0.09541930258274078,0.3703051543111555,15.902384232437043
6375,0,normal,0.09540332853794098,0.3703051543111555,15.898551887243457
6376,0,normal,0.09538736939430237,0.3703051543111555,15.894719675489569
6377,0,normal,0.09537139534950256,0.3703051543111555,15.890887897864104
6378,0,normal,0.09535539895296097,0.3703051543111555,15.887056453480454
6379,0,normal,0.09533944725990295,0.3703051543111555,15.883225443129959
6380,0,normal,0.09532340615987778,0.3703051543111555,15.879394765954657
6381,0,normal,0.09530745446681976,0.3703051543111555,15.875564323083836
6382,0,normal,0.09529141336679459,0.3703051543111555,15.871734314228206
6383,0,normal,0.09527543932199478,0.3703051543111555,15.867904438963478
6384,0,normal,0.0952593982219696,0.3703051543111555,15.864074997780335
6385,0,normal,0.0952434167265892,0.3703051543111555,15.86024588986902
6386,0,normal,0.09522740542888641,0.3703051543111555,15.856417215945612
6387,0,normal,0.09521137923002243,0.37047222091985504,15.852588875218089
6388,0,normal,0.09519533812999725,0.37047222091985504,15.848760768883722
6389,0,normal,0.09517931938171387,0.37047222091985504,15.844933096520663
6390,0,normal,0.09516327828168869,0.37047222091985504,15.841105557892888
6391,0,normal,0.09514723718166351,0.37047222091985504,15.83727845330759
6392,0,normal,0.09513119608163834,0.37047222091985504,15.833451682012992
6393,0,normal,0.09511514753103256,0.37047222091985504,15.829625344673104
6394,0,normal,0.09509909152984619,0.37047222091985504,15.825799340547519
6395,0,normal,0.09508302807807922,0.37047222091985504,15.821973570896489
6396,0,normal,0.09506694227457047,0.37047222091985504,15.818148235183116
6397,0,normal,0.0950508788228035,0.37047222091985504,15.814323033341907
6398,0,normal,0.09503479301929474,0.37047222091985504,15.81049826550452
6399,0,normal,0.09501869976520538,0.37047222091985504,15.806673830983073
6400,0,normal,0.09500265121459961,0.37047222091985504,15.802849830376772
6401,0,normal,0.09498652815818787,0.37047222091985504,15.799026163005692
6402,0,normal,0.09497043490409851,0.37047222091985504,15.795202730191932
6403,0,normal,0.09495435655117035,0.37047222091985504,15.791379630701385
6404,0,normal,0.0949382334947586,0.37047222091985504,15.787556765877298
6405,0,normal,0.09492211043834686,0.37047222091985504,15.783734335014515
6406,0,normal,0.0949062779545784,0.37047222091985504,15.779903789834634
6407,0,normal,0.09488971531391144,0.37047222091985504,15.776082132222427
6408,0,normal,0.09487363696098328,0.37047222091985504,15.772260807873408
6409,0,normal,0.09485749900341034,0.37047222091985504,15.768439718163108
6410,0,normal,0.094841368496418,0.37047222091985504,15.76461896180058
6411,0,normal,0.09482522308826447,0.37047222091985504,15.760798538784229
6412,0,normal,0.09480909258127213,0.37047222091985504,15.75697845102377
6413,0,normal,0.09479294717311859,0.37047222091985504,15.753158795200761
6414,0,normal,0.09477678686380386,0.37047222091985504,15.7493394745577
6415,0,normal,0.09476067125797272,0.37047222091985504,15.74552048719056
6416,0,normal,0.0947444811463356,0.37047222091985504,15.741701734551498
6417,0,normal,0.09472835063934326,0.37047222091985504,15.737883315282716
6418,0,normal,0.09471215307712555,0.37047222091985504,15.734065229380121
6419,0,normal,0.09469596296548843,0.37047222091985504,15.73024747875138
6420,0,normal,0.09467979520559311,0.37047222091985504,15.726430160021664
6421,0,normal,0.094663605093956,0.37047222091985504,15.722613076081416
6422,0,normal,0.09464740008115768,0.37047222091985504,15.718796425927167
6423,0,normal,0.09463120251893997,0.37047222091985504,15.71498001057671
6424,0,normal,0.09461499750614166,0.37047222091985504,15.711163928619044
6425,0,normal,0.09459881484508514,0.37047222091985504,15.70734818005576
6426,0,normal,0.09458258748054504,0.37047222091985504,15.703532766782018
6427,0,normal,0.09456637501716614,0.37047222091985504,15.699717785375015
6428,0,normal,0.09455013275146484,0.37047222091985504,15.695903038829556
6429,0,normal,0.09453389048576355,0.37047222091985504,15.692088726039174
6430,0,normal,0.09451765567064285,0.37047222091985504,15.688274648132847
6431,0,normal,0.09450141340494156,0.37047222091985504,15.684460903645231
6432,0,normal,0.09448517858982086,0.37047222091985504,15.680647492562457
6433,0,normal,0.09446893632411957,0.37047222091985504,15.676834515214296
6434,0,normal,0.09445266425609589,0.37047222091985504,15.673021871207084
6435,0,normal,0.0944363921880722,0.37047222091985504,15.66920946214168
6436,0,normal,0.09442012012004852,0.37047222091985504,15.665405849623312
6437,0,normal,0.09440386295318604,0.37063936290220634,15.661594103125935
6438,0,normal,0.09438758343458176,0.37063936290220634,15.657782690063868
6439,0,normal,0.09437128156423569,0.37063936290220634,15.653971610433473
6440,0,normal,0.09435498714447021,0.37063936290220634,15.65016096449358
6441,0,normal,0.09433872252702713,0.37063936290220634,15.64635065191942
6442,0,normal,0.09432241320610046,0.37063936290220634,15.642540574371424
6443,0,normal,0.094306081533432,0.37063936290220634,15.638730930498696
6444,0,normal,0.09428977221250534,0.37063936290220634,15.634921521672823
6445,0,normal,0.09427347779273987,0.37063936290220634,15.631112446305679
6446,0,normal,0.09425715357065201,0.37063936290220634,15.627303704401129
6447,0,normal,0.09424081444740295,0.37063936290220634,15.623495396138196
6448,0,normal,0.0942244678735733,0.37063936290220634,15.619687421260778
6449,0,normal,0.09420816600322723,0.37063936290220634,15.615879681496608
6450,0,normal,0.09419181942939758,0.37063936290220634,15.612072375365642
6451,0,normal,0.09417547285556793,0.37063936290220634,15.60826540262542
6452,0,normal,0.09415911883115768,0.37063936290220634,15.604458665035963
6453,0,normal,0.09414276480674744,0.37063936290220634,15.60065226092047
6454,0,normal,0.09412644803524017,0.37063936290220634,15.59684619029099
6455,0,normal,0.09411002695560455,0.37063936290220634,15.593040553265382
6456,0,normal,0.09409366548061371,0.37063936290220634,15.589235151437379
6457,0,normal,0.09407726675271988,0.37063936290220634,15.585430183198696
6458,0,normal,0.09406088292598724,0.37063936290220634,15.58162554837736
6459,0,normal,0.0940445214509964,0.37063936290220634,15.57782114878546
6460,0,normal,0.09402813017368317,0.37063936290220634,15.574017082694581
6461,0,normal,0.09401174634695053,0.37063936290220634,15.570213350105632
6462,0,normal,0.09399532526731491,0.37063936290220634,15.566410051083722
6463,0,normal,0.09397893399000168,0.37063936290220634,15.56260698733854
6464,0,normal,0.09396248310804367,0.37063936290220634,15.5588043571463
6465,0,normal,0.09394609183073044,0.37063936290220634,15.555002060390507
6466,0,normal,0.09392963349819183,0.37063936290220634,15.551199998949642
6467,0,normal,0.09391319006681442,0.37063936290220634,15.547398271027077
6468,0,normal,0.0938967764377594,0.37063936290220634,15.543596876636002
6469,0,normal,0.09388034790754318,0.37063936290220634,15.539795915766945
6470,0,normal,0.09386391192674637,0.37063936290220634,15.535995190256472
6471,0,normal,0.09384746104478836,0.37063936290220634,15.532194898263015
6472,0,normal,0.09383099526166916,0.37063936290220634,15.528394939725558
6473,0,normal,0.09381454437971115,0.37063936290220634,15.524595216583293
6474,0,normal,0.09379805624485016,0.37063936290220634,15.52079582698775
6475,0,normal,0.09378162026405334,0.37063936290220634,15.516996770938022
6476,0,normal,0.09376510232686996,0.37063936290220634,15.513198148371885
6477,0,normal,0.09374865889549255,0.37063936290220634,15.509399761253007
6478,0,normal,0.09373214840888977,0.37063936290220634,15.505601807607718
6479,0,normal,0.09371566772460938,0.37063936290220634,15.501804187439348
6480,0,normal,0.093699149787426,0.37063936290220634,15.498006802750751
6481,0,normal,0.0936826765537262,0.37063936290220634,15.494209751625704
6482,0,normal,0.09366614371538162,0.37063936290220634,15.490413034073981
6483,0,normal,0.09364964067935944,0.37063936290220634,15.486616749963105
6484,0,normal,0.09363312274217606,0.37063936290220634,15.482820799348929
6485,0,normal,0.09361657500267029,0.37063936290220634,15.479025184131842
6486,0,normal,0.09360010176897049,0.37063936290220634,15.475229802564854
6487,0,normal,0.09358353912830353,0.37063936290220634,15.471434756478402
6488,0,normal,0.09356700628995895,0.37063936290220634,15.467640043976644
6489,0,normal,0.0935504287481308,0.37063936290220634,15.463845665067765
6490,0,normal,0.09353388100862503,0.37063936290220634,15.460051719566536
6491,0,normal,0.09351734071969986,0.37063936290220634,15.45625810758338
6492,0,normal,0.0935007706284523,0.37063936290220634,15.452464831013003
6493,0,normal,0.09348423033952713,0.37063936290220634,15.448671788175943
6494,0,normal,0.09346766024827957,0.37063936290220634,15.444878981064903
6495,0,normal,0.09345103055238724,0.37063936290220634,15.441086607413808
6496,0,normal,0.09343448281288147,0.37063936290220634,15.43729456737401
6497,0,normal,0.09341789036989212,0.37063936290220634,15.433502960702299
6498,0,normal,0.09340130537748337,0.37063936290220634,15.429711687565486
6499,0,normal,0.09338470548391342,0.37063936290220634,15.425920749867828
6500,0,normal,0.09336812049150467,0.37063936290220634,15.422130045990116
6501,0,normal,0.09335148334503174,0.37063936290220634,15.418339577916413
6502,0,normal,0.09333489835262299,0.37063936290220634,15.414549543261046
6503,0,normal,0.09331827610731125,0.37063936290220634,15.410759842238122
6504,0,normal,0.09330161660909653,0.37063936290220634,15.406970574550314
6505,0,normal,0.09328503906726837,0.37063936290220634,15.403181640415369
6506,0,normal,0.09326838701963425,0.37063936290220634,15.399393041739813
6507,0,normal,0.0932517722249031,0.37063936290220634,15.39560467696242
6508,0,normal,0.09323510527610779,0.37063936290220634,15.391816548076577
6509,0,normal,0.09321843832731247,0.37063936290220634,15.38802885257428
6510,0,normal,0.09320176392793655,0.37063936290220634,15.384241490721706
6511,0,normal,0.09318511933088303,0.37063936290220634,15.380454562159457
6512,0,normal,0.09316845238208771,0.37063936290220634,15.376667967180083
6513,0,normal,0.09315179288387299,0.37063936290220634,15.372881707677607
6514,0,normal,0.09313511848449707,0.37063936290220634,15.369095682157877
6515,0,normal,0.09311842918395996,0.37063936290220634,15.36530989261314
6516,0,normal,0.09310170263051987,0.37063936290220634,15.361524634095531
6517,0,normal,0.09308505058288574,0.37063936290220634,15.357739611493344
6518,0,normal,0.09306833148002625,0.37063936290220634,15.353955022140326
6519,0,normal,0.09305164217948914,0.37063936290220634,15.350170766388146
6520,0,normal,0.09303493797779083,0.37063936290220634,15.346386746588678
6521,0,normal,0.09301821142435074,0.37094905145363605,15.342603060474858
6522,0,normal,0.09300149232149124,0.37094905145363605,15.338819610415385
6523,0,normal,0.09298475086688995,0.37006394362347156,15.335036691287769
6524,0,normal,0.09296805411577225,0.37006394362347156,15.331254105773041
6525,0,normal,0.09295129030942917,0.37006394362347156,15.327471855786825
6526,0,normal,0.09293457120656967,0.37006394362347156,15.323689939411906
6527,0,normal,0.09291781485080719,0.37006394362347156,15.3199082590736
6528,0,normal,0.0929010659456253,0.37006394362347156,15.316126912444815
6529,0,normal,0.09288431704044342,0.37006394362347156,15.312345801955189
6530,0,normal,0.09286752343177795,0.37006394362347156,15.308565222293055
6531,0,normal,0.09285076707601547,0.37006394362347156,15.304784976270184
6532,0,normal,0.0928339809179306,0.37006394362347156,15.30100506578583
6533,0,normal,0.09281720221042633,0.37006394362347156,15.297225488945514
6534,0,normal,0.09280042350292206,0.37006394362347156,15.29344614822162
6535,0,normal,0.09278364479541779,0.3683994417428887,15.289667141229529
6536,0,normal,0.09276682883501053,0.3677531050452909,15.28588837045345
6537,0,normal,0.09275004267692566,0.3677531050452909,15.282110130411866
6538,0,normal,0.09273325651884079,0.3677531050452909,15.278332224023416
6539,0,normal,0.09271642565727234,0.3677531050452909,15.274554653199402
6540,0,normal,0.09269959479570389,0.3677531050452909,15.270777416043302
6541,0,normal,0.09268275648355484,0.3677531050452909,15.267000415080247
6542,0,normal,0.09266594052314758,0.3677531050452909,15.263223747874235
6543,0,normal,0.09264913201332092,0.3677531050452909,15.259447316967453
6544,0,normal,0.09263228625059128,0.3677531050452909,15.255671416691257
6545,0,normal,0.09261541068553925,0.3677531050452909,15.251895850091387
6546,0,normal,0.09259860217571259,0.3677531050452909,15.248120619079373
6547,0,normal,0.09258173406124115,0.3677531050452909,15.24434572174846
6548,0,normal,0.09256486594676971,0.3677531050452909,15.240571060703587
6549,0,normal,0.09254800528287888,0.3677531050452909,15.236796733431675
6550,0,normal,0.09253111481666565,0.3677531050452909,15.233022739937269
6551,0,normal,0.09251423925161362,0.3677531050452909,15.229249179503086
6552,0,normal,0.09249734878540039,0.3677531050452909,15.225475952773422
6553,0,normal,0.09248046576976776,0.3677531050452909,15.22170306164594
6554,0,normal,0.09246356785297394,0.3677531050452909,15.2179305042323
6555,0,normal,0.0924466922879219,0.3677531050452909,15.214158183173595
6556,0,normal,0.09242978692054749,0.3677531050452909,15.210386195916954
6557,0,normal,0.09241287410259247,0.3677531050452909,15.206614542454872
6558,0,normal,0.09239594638347626,0.3677531050452909,15.202843322015951
6559,0,normal,0.09237901866436005,0.3677531050452909,15.199072435301332
6560,0,normal,0.09236211329698563,0.36755269358668013,15.195301884214132
6561,0,normal,0.09234518557786942,0.36755269358668013,15.191531666855553
6562,0,normal,0.09232824295759201,0.36755269358668013,15.187761685941041
6563,0,normal,0.09231127798557281,0.36755269358668013,15.183992038849055
6564,0,normal,0.09229433536529541,0.36755269358668013,15.180222725570047
6565,0,normal,0.09227737784385681,0.36755269358668013,15.176453845277138
6566,0,normal,0.09226042777299881,0.36755269358668013,15.172685298730812
6567,0,normal,0.09224344789981842,0.36755269358668013,15.168916988684714
6568,0,normal,0.09222646802663803,0.36755269358668013,15.165149111607889
6569,0,normal,0.09220950305461884,0.36755269358668013,15.161381371931611
6570,0,normal,0.09219252318143845,0.36755269358668013,15.15761406529191
6571,0,normal,0.09217551350593567,0.36755269358668013,15.153847092492924
6572,0,normal,0.09215854108333588,0.36755269358668013,15.150080552639565
6573,0,normal,0.09214155375957489,0.36755269358668013,15.146314346549389
6574,0,normal,0.09212455153465271,0.36755269358668013,15.142548377049707
6575,0,normal,0.09210752695798874,0.36755269358668013,15.138782840476324
6576,0,normal,0.09209051728248596,0.36755269358668013,15.135017441447872
6577,0,normal,0.09207350760698318,0.36755269358668013,15.131252475412566
6578,0,normal,0.09205648303031921,0.36755269358668013,15.127487843240715
6579,0,normal,0.09203945100307465,0.36755269358668013,15.123723643974927
6580,0,normal,0.09202241152524948,0.36755269358668013,15.119959778495513
6581,0,normal,0.09200537204742432,0.36755269358668013,15.116196149687084
6582,0,normal,0.09198831766843796,0.36755269358668013,15.112432953765165
6583,0,normal,0.0919712707400322,0.36755269358668013,15.108669895531648
6584,0,normal,0.09195418655872345,0.36755269358668013,15.104907270253307
6585,0,normal,0.09193714708089828,0.36755269358668013,15.101144978861157
6586,0,normal,0.09192006289958954,0.36755269358668013,15.09738312033187
6587,0,normal,0.0919029712677002,0.3660034233505171,15.09362159561465
6588,0,normal,0.09188587963581085,0.3660034233505171,15.089860307645722
6589,0,normal,0.0918688252568245,0.3660034233505171,15.086099452525787
6590,0,normal,0.09185172617435455,0.3660034233505171,15.082338735237727
6591,0,normal,0.09183461964130402,0.3660034233505171,15.078578450866189
6592,0,normal,0.09181750565767288,0.3660034233505171,15.074818500399942
6593,0,normal,0.09180039912462234,0.3660034233505171,15.071058982760633
6594,0,normal,0.09178329259157181,0.3660034233505171,15.06729979894726
6595,0,normal,0.09176619350910187,0.3660034233505171,15.063540851971084
6596,0,normal,0.09174903482198715,0.3660034233505171,15.059782238912248
6597,0,normal,0.09173190593719482,0.3660034233505171,15.056023959773029
6598,0,normal,0.0917147770524025,0.3660034233505171,15.052266016454269
6599,0,normal,0.09169761836528778,0.3660034233505171,15.048508504032725
6600,0,normal,0.09168047457933426,0.3660034233505171,15.04475132735979
6601,0,normal,0.09166334569454193,0.3660034233505171,15.04099448453303
6602,0,normal,0.09164615720510483,0.3660034233505171,15.037237878621
6603,0,normal,0.09162897616624832,0.3660034233505171,15.033481606655414
6604,0,normal,0.0916118323802948,0.3660034233505171,15.029725668626043
6605,0,normal,0.0915946513414383,0.3660034233505171,15.025970066443506
6606,0,normal,0.0915774554014206,0.3660034233505171,15.022214895111802
6607,0,normal,0.09156028181314468,0.3660034233505171,15.018459960753262
6608,0,normal,0.09154307097196579,0.3660034233505171,15.014705459137986
6609,0,normal,0.09152588248252869,0.3660034233505171,15.010951194520885
6610,0,normal,0.09150867909193039,0.3660034233505171,15.007197263858643
6611,0,normal,0.09149149805307388,0.3660034233505171,15.003443667166493
6612,0,normal,0.0914742574095726,0.3660034233505171,14.999690406330956
6613,0,normal,0.09145700931549072,0.3660034233505171,14.995937576316464
6614,0,normal,0.09143979102373123,0.3660034233505171,14.992184983354036
6615,0,normal,0.09142257273197174,0.3660034233505171,14.988432823097355
6616,0,normal,0.09140530228614807,0.3660034233505171,14.98468089991502
6617,0,normal,0.09138807654380798,0.3660034233505171,14.980929310718466
6618,0,normal,0.0913708359003067,0.3660034233505171,14.977178055505192
6619,0,normal,0.09135357290506363,0.3660034233505171,14.97342713617627
6620,0,normal,0.09133631736040115,0.3660034233505171,14.969676647621327
6621,0,normal,0.09131904691457748,0.3660034233505171,14.965926396207806
6622,0,normal,0.09130175411701202,0.3660034233505171,14.962176577450009
6623,0,normal,0.09128449857234955,0.3660034233505171,14.958426995858872
6624,0,normal,0.09126722812652588,0.3660034233505171,14.954677748267613
6625,0,normal,0.09124992787837982,0.3660034233505171,14.950928834688284
6626,0,normal,0.09123262763023376,0.3660034233505171,14.947180353741487
6627,0,normal,0.09121531993150711,0.3660034233505171,14.943432206726584
6628,0,normal,0.09119801968336105,0.3660034233505171,14.939684296933592
6629,0,normal,0.09118067473173141,0.36630923833225093,14.935936819762674
6630,0,normal,0.09116335958242416,0.3651113073511745,14.932189579835267
6631,0,normal,0.09114604443311691,0.3651113073511745,14.928442673931158
6632,0,normal,0.09112870693206787,0.3651113073511745,14.924696102056487
6633,0,normal,0.09111140668392181,0.3651113073511745,14.920949962779105
6634,0,normal,0.09109403192996979,0.3651113073511745,14.917204157453398
6635,0,normal,0.09107671678066254,0.3651113073511745,14.913458589432594
6636,0,normal,0.0910593643784523,0.3651113073511745,14.909713453991571
6637,0,normal,0.09104197472333908,0.3651113073511745,14.905968652513138
6638,0,normal,0.09102463722229004,0.3651113073511745,14.902224088374396
6639,0,normal,0.09100724011659622,0.3651113073511745,14.898479858281007
6640,0,normal,0.09098989516496658,0.3651113073511745,14.894735962239793
6641,0,normal,0.09097250550985336,0.3651113073511745,14.890992498752667
6642,0,normal,0.09095509350299835,0.3651113073511745,14.887249272652298
6643,0,normal,0.09093771874904633,0.3651113073511745,14.88350647909192
6644,0,normal,0.09092031419277191,0.3651113073511745,14.879764019513459
6645,0,normal,0.0909029170870781,0.3651113073511745,14.87602179735677
6646,0,normal,0.09088549017906189,0.3651113073511745,14.872279909274312
6647,0,normal,0.09086808562278748,0.3651113073511745,14.868538355258124
6648,0,normal,0.09085065871477127,0.3651113073511745,14.864797233759646
6649,0,normal,0.09083322435617447,0.3651113073511745,14.861056349725004
6650,0,normal,0.09081579744815826,0.3651113073511745,14.857315898194429
6651,0,normal,0.09079834818840027,0.3651113073511745,14.853575780669189
6652,0,normal,0.09078092873096466,0.3651113073511745,14.84983590064735
6653,0,normal,0.09076346457004547,0.3651113073511745,14.846096354711108
6654,0,normal,0.09074600785970688,0.3651113073511745,14.842357142875244
6655,0,normal,0.09072855859994888,0.3651113073511745,14.838618363508886
6656,0,normal,0.0907110720872879,0.3651113073511745,14.834879821696177
6657,0,normal,0.09069358557462692,0.3651113073511745,14.831141712341605
6658,0,normal,0.09067611396312714,0.3651113073511745,14.827403937010786
6659,0,normal,0.09065862745046616,0.3651113073511745,14.82366639927136
6660,0,normal,0.09064114838838577,0.3651113073511745,14.819929195641635
6661,0,normal,0.09062366187572479,0.3651113073511745,14.816192326126611
6662,0,normal,0.09060616046190262,0.3651113073511745,14.812455889044713
6663,0,normal,0.09058864414691925,0.3651113073511745,14.808719689597183
6664,0,normal,0.09057112038135529,0.3651113073511745,14.804983922569818
6665,0,normal,0.09055361151695251,0.3651113073511745,14.801248489591671
6666,0,normal,0.09053606539964676,0.3651113073511745,14.79751329427586
6667,0,normal,0.0905185267329216,0.3651113073511745,14.793778433097259
6668,0,normal,0.09050101786851883,0.3651113073511745,14.790043906055644
6669,0,normal,0.09048347175121307,0.3649466582777147,14.786309811407136
6670,0,normal,0.09046593308448792,0.3649466582777147,14.782576050820808
6671,0,normal,0.09044834226369858,0.3649466582777147,14.778842626196365
6672,0,normal,0.09043081104755402,0.3649466582777147,14.775109535641377
6673,0,normal,0.09041322767734528,0.3649466582777147,14.771376682834443
6674,0,normal,0.09039568901062012,0.3649466582777147,14.76764416418223
6675,0,normal,0.0903780609369278,0.3649466582777147,14.763911979688146
6676,0,normal,0.09036049246788025,0.3649466582777147,14.760180227545789
6677,0,normal,0.09034289419651031,0.3649466582777147,14.756448809491303
6678,0,normal,0.09032531827688217,0.3649466582777147,14.752717727417576
6679,0,normal,0.09030771255493164,0.3649466582777147,14.74898688126882
6680,0,normal,0.09029010683298111,0.3645834759656724,14.745256273029327
6681,0,normal,0.09027247130870819,0.3645834759656724,14.741526097192946
6682,0,normal,0.09025483578443527,0.3645834759656724,14.737796255545845
6683,0,normal,0.09023723006248474,0.3645834759656724,14.73406684620727
6684,0,normal,0.09021960943937302,0.3645834759656724,14.73033777097271
6685,0,normal,0.0902019813656807,0.3645834759656724,14.726609031741418
6686,0,normal,0.09018432348966599,0.3645834759656724,14.722880528516498
6687,0,normal,0.09016668796539307,0.3645834759656724,14.719152263287697
6688,0,normal,0.09014900773763657,0.3645834759656724,14.715424430423582
6689,0,normal,0.09013136476278305,0.3645834759656724,14.711696931757615
6690,0,normal,0.09011369198560715,0.3645834759656724,14.707969865372661
6691,0,normal,0.09009604156017303,0.3645834759656724,14.704243133105592
6692,0,normal,0.09007835388183594,0.3645834759656724,14.70051673687135
6693,0,normal,0.09006066620349884,0.3645834759656724,14.696790576717149
6694,0,normal,0.09004296362400055,0.3648017672517186,14.69306465464365
6695,0,normal,0.09002527594566345,0.3648017672517186,14.689339164896865
6696,0,normal,0.09000758826732635,0.3648017672517186,14.685614009369147
6697,0,normal,0.08998985588550568,0.3648017672517186,14.681889286078786
6698,0,normal,0.08997214585542679,0.3648017672517186,14.678164896930866
6699,0,normal,0.0899544209241867,0.3648017672517186,14.674440843835328
6700,0,normal,0.08993669599294662,0.3648017672517186,14.67071702690805
6701,0,normal,0.08991897851228714,0.3648017672517186,14.666993448135372
6702,0,normal,0.08990120887756348,0.3644190649208544,14.663270301653483
6703,0,normal,0.08988352864980698,0.3644190649208544,14.659547489416127
6704,0,normal,0.08986572921276093,0.3644190649208544,14.655825109365878
6705,0,normal,0.08984800428152084,0.3644190649208544,14.65210306348854
6706,0,normal,0.08983021229505539,0.3644190649208544,14.64838135367745
6707,0,normal,0.08981245011091232,0.3644190649208544,14.64465988011807
6708,0,normal,0.08979471027851105,0.3644190649208544,14.640938644801054
6709,0,normal,0.08977692574262619,0.3644190649208544,14.63721793773584
6710,0,normal,0.08975911885499954,0.3644190649208544,14.633497564856043
6711,0,normal,0.08974134176969528,0.3644190649208544,14.629777528059549
6712,0,normal,0.08972355723381042,0.3644190649208544,14.626057825449152
6713,0,normal,0.08970572054386139,0.3644190649208544,14.62233836106111
6714,0,normal,0.08968792855739594,0.3644190649208544,14.61861923094557
6715,0,normal,0.0896701067686081,0.3644190649208544,14.614900339158112
6716,0,normal,0.08965229243040085,0.3644190649208544,14.61118197552264
6717,0,normal,0.089634470641613,0.3644190649208544,14.607463946085545
6718,0,normal,0.08961661905050278,0.3644190649208544,14.603746252762448
6719,0,normal,0.08959880471229553,0.3644190649208544,14.600028893640456
6720,0,normal,0.08958093822002411,0.3644190649208544,14.596311772827903
6721,0,normal,0.08956311643123627,0.3644190649208544,14.592594986307631
6722,0,normal,0.08954523503780365,0.3644190649208544,14.588878438192069
6723,0,normal,0.08952738344669342,0.3644190649208544,14.585162418129585
6724,0,normal,0.0895095020532608,0.3644190649208544,14.581446732293216
6725,0,normal,0.08949162065982819,0.3644190649208544,14.577731382583806
6726,0,normal,0.08947373181581497,0.3644190649208544,14.574016367102104
6727,0,normal,0.08945587277412415,0.3644190649208544,14.570301590005556
6728,0,normal,0.08943799883127213,0.3644190649208544,14.566587147229484
6729,0,normal,0.08942008018493652,0.3644190649208544,14.562872942940885
6730,0,normal,0.08940218389034271,0.3633805501157638,14.559159266598726
6731,0,normal,0.0893842801451683,0.3633805501157638,14.555445924505875
6732,0,normal,0.08936632424592972,0.3633805501157638,14.551732918560674
6733,0,normal,0.0893484428524971,0.3633805501157638,14.54802024686387
6734,0,normal,0.08933048695325851,0.3633805501157638,14.544307813637033
6735,0,normal,0.08931256830692291,0.3633805501157638,14.540595714749543
6736,0,normal,0.08929464221000671,0.3635444926249848,14.536883854430926
6737,0,normal,0.08927670121192932,0.3635444926249848,14.533172521963479
6738,0,normal,0.08925871551036835,0.3635444926249848,14.529461523757845
6739,0,normal,0.08924077451229095,0.3635444926249848,14.525750861725555
6740,0,normal,0.08922279626131058,0.3635444926249848,14.522040533963263
6741,0,normal,0.0892048329114914,0.3635444926249848,14.51833044475461
6742,0,normal,0.08918686956167221,0.3635444926249848,14.514620689901676
6743,0,normal,0.08916889876127243,0.3635444926249848,14.510911269411508
6744,0,normal,0.08915089070796967,0.3635444926249848,14.507202280886077
6745,0,normal,0.08913290500640869,0.3635444926249848,14.503493626652016
6746,0,normal,0.08911487460136414,0.3635444926249848,14.49978530860426
6747,0,normal,0.08909688889980316,0.3635444926249848,14.496077324855833
6748,0,normal,0.0890788733959198,0.3635444926249848,14.492369579734941
6749,0,normal,0.08906087279319763,0.3635444926249848,14.488662168994097
6750,0,normal,0.08904286473989487,0.3635444926249848,14.484955092636937
6751,0,normal,0.08902479708194733,0.3635444926249848,14.481248448205406
6752,0,normal,0.08900677412748337,0.3635444926249848,14.477542138083436
6753,0,normal,0.08898871392011642,0.3635444926249848,14.473836066651302
6754,0,normal,0.08897066861391068,0.3635444926249848,14.47013042712706
6755,0,normal,0.08895263075828552,0.3635444926249848,14.466425026316983
6756,0,normal,0.08893455564975739,0.3635444926249848,14.462719959907872
6757,0,normal,0.08891651034355164,0.3635444926249848,14.459015227904956
6758,0,normal,0.0888984277844429,0.3635444926249848,14.455310927786286
6759,0,normal,0.08888033032417297,0.3635444926249848,14.451606961999687
6760,0,normal,0.08886224776506424,0.3635444926249848,14.447903234981823
6761,0,normal,0.08884415030479431,0.3635444926249848,14.444199939833425
6762,0,normal,0.08882606029510498,0.3635444926249848,14.440496786038011
6763,0,normal,0.08880793303251266,0.3635444926249848,14.436794064180049
6764,0,normal,0.08878985792398453,0.36298449522230747,14.433091676751246
6765,0,normal,0.08877173066139221,0.36298449522230747,14.429389721161215
6766,0,normal,0.08875361829996109,0.36298449522230747,14.425688099925537
6767,0,normal,0.08873549848794937,0.36298449522230747,14.42198671754636
6768,0,normal,0.08871735632419586,0.36298449522230747,14.41828576699163
6769,0,normal,0.08869921416044235,0.36298449522230747,14.414584957934949
6770,0,normal,0.08868107199668884,0.36298449522230747,14.410884580775473
6771,0,normal,0.08866290748119354,0.36298449522230747,14.407184538061074
6772,0,normal,0.08864475786685944,0.36298449522230747,14.403484927150885
6773,0,normal,0.08862658590078354,0.36298449522230747,14.399785650617105
6774,0,normal,0.08860841393470764,0.36298449522230747,14.396086613018952
6775,0,normal,0.08859024941921234,0.36298449522230747,14.392388007207273
6776,0,normal,0.08857207000255585,0.36298449522230747,14.38868954303257
6777,0,normal,0.08855386078357697,0.36298449522230747,14.384991510717327
6778,0,normal,0.08853568136692047,0.36298449522230747,14.38129381287149
6779,0,normal,0.08851747959852219,0.36298449522230747,14.377596546790755
6780,0,normal,0.0884992778301239,0.36298449522230747,14.373899615105984
6781,0,normal,0.08848105370998383,0.36298449522230747,14.3702029224321
6782,0,normal,0.08846283704042435,0.36298449522230747,14.366506661511039
6783,0,normal,0.08844459801912308,0.36298449522230747,14.36281063772799
6784,0,normal,0.08842635154724121,0.36298449522230747,14.359114950332923
6785,0,normal,0.08840815722942352,0.36298449522230747,14.355419597427954
6786,0,normal,0.08838988840579987,0.36298449522230747,14.35172467624784
6787,0,normal,0.0883716344833374,0.36298449522230747,14.348030089479835
6788,0,normal,0.08835338801145554,0.3627202707956234,14.344335741814803
6789,0,normal,0.08833511173725128,0.3627202707956234,14.340641728647824
6790,0,normal,0.08831683546304703,0.3627202707956234,14.336948049989587
6791,0,normal,0.08829856663942337,0.3627202707956234,14.33325470773093
6792,0,normal,0.08828027546405792,0.3627202707956234,14.329561795267864
6793,0,normal,0.08826199173927307,0.3627202707956234,14.325869121960523
6794,0,normal,0.08824369311332703,0.3627202707956234,14.32217688033461
6795,0,normal,0.08822540938854218,0.3627202707956234,14.318484877890796
6796,0,normal,0.08820709586143494,0.3627202707956234,14.314793209972322
6797,0,normal,0.0881887823343277,0.3627202707956234,14.311101876572593
6798,0,normal,0.08817046135663986,0.3627202707956234,14.30741087960405
6799,0,normal,0.08815214037895203,0.3627202707956234,14.303720312385394
6800,0,normal,0.0881338119506836,0.3627202707956234,14.300029984405683
6801,0,normal,0.08811546862125397,0.3627202707956234,14.296340088067609
6802,0,normal,0.08809712529182434,0.3627202707956234,14.292650430995081
6803,0,normal,0.08807878196239471,0.3611156511365854,14.288961108465628
6804,0,normal,0.08806043118238449,0.3611156511365854,14.285272120477202
6805,0,normal,0.08804205805063248,0.3611156511365854,14.281583468942245
6806,0,normal,0.08802369982004166,0.3611156511365854,14.277895247114202
6807,0,normal,0.08800531178712845,0.3611156511365854,14.274207264610368
6808,0,normal,0.08798693120479584,0.3611156511365854,14.270519713708381
6809,0,normal,0.08796858042478561,0.3611156511365854,14.266832402148339
6810,0,normal,0.08795015513896942,0.3611156511365854,14.263145425157063
6811,0,normal,0.08793175220489502,0.3611156511365854,14.25945878273069
6812,0,normal,0.08791334927082062,0.3611156511365854,14.255772476769835
6813,0,normal,0.08789496123790741,0.3611156511365854,14.252086600486336
6814,0,normal,0.08787654340267181,0.3611156511365854,14.248400963602307
6815,0,normal,0.08785808086395264,0.3611156511365854,14.244715758277835
6816,0,normal,0.08783965557813644,0.3611156511365854,14.241030792383526
6817,0,normal,0.08782124519348145,0.3611156511365854,14.237346161072082
6818,0,normal,0.08780278265476227,0.3611156511365854,14.23366186435237
6819,0,normal,0.08778436481952667,0.3611156511365854,14.22997799916675
6820,0,normal,0.08776585757732391,0.3611156511365854,14.226294468489414
6821,0,normal,0.08774742484092712,0.3611156511365854,14.222611177305907
6822,0,normal,0.08772893995046616,0.3611156511365854,14.218928317637165
6823,0,normal,0.08771048486232758,0.3611156511365854,14.215245792490805
6824,0,normal,0.08769198507070541,0.3611156511365854,14.211563506866241
6825,0,normal,0.08767350763082504,0.3611156511365854,14.20788155584978
6826,0,normal,0.08765499293804169,0.3611156511365854,14.20419993944779
6827,0,normal,0.08763651549816132,0.3611156511365854,14.200518754534414
6828,0,normal,0.08761802315711975,0.3611156511365854,14.196837809187627
6829,0,normal,0.0875995010137558,0.3611156511365854,14.19315729532309
6830,0,normal,0.08758098632097244,0.3611156511365854,14.189477116000262
6831,0,normal,0.0875624492764473,0.3611156511365854,14.185797176278811
6832,0,normal,0.08754391968250275,0.3611156511365854,14.182117571190702
6833,0,normal,0.08752540498971939,0.3611156511365854,14.178438300731841
6834,0,normal,0.08750684559345245,0.3611156511365854,14.174759461724761
6835,0,normal,0.08748830109834671,0.3611156511365854,14.171080862368399
6836,0,normal,0.08746973425149918,0.3611156511365854,14.167402694451994
6837,0,normal,0.08745118975639343,0.3611156511365854,14.163724861095716
6838,0,normal,0.0874326154589653,0.3611156511365854,14.160047267428581
6839,0,normal,0.08741404116153717,0.3611156511365854,14.156370008411159
6840,0,normal,0.08739545941352844,0.3611156511365854,14.15269308404595
6841,0,normal,0.08737686276435852,0.3611156511365854,14.149016591088866
6842,0,normal,0.0873582735657692,0.3611156511365854,14.145340337870039
6843,0,normal,0.08733969181776047,0.3611156511365854,14.141664516044557
6844,0,normal,0.08732105046510696,0.3611156511365854,14.13798902880535
6845,0,normal,0.08730248361825943,0.3611156511365854,14.134313781336004
6846,0,normal,0.08728383481502533,0.3611156511365854,14.130638868535925
6847,0,normal,0.08726522326469421,0.3611156511365854,14.12696429040966
6848,0,normal,0.08724658936262131,0.3611156511365854,14.123290143651502
6849,0,normal,0.08722793310880661,0.3611156511365854,14.119616236708907
6850,0,normal,0.0872092917561531,0.3611156511365854,14.115942761126007
6851,0,normal,0.087190642952919,0.3611156511365854,14.112269620150528
6852,0,normal,0.08717198669910431,0.3611156511365854,14.108596719021307
6853,0,normal,0.0871533453464508,0.3611156511365854,14.104924152588637
6854,0,normal,0.08713467419147491,0.3611156511365854,14.101251920847972
6855,0,normal,0.08711599558591843,0.3611156511365854,14.097580120437442
6856,0,normal,0.08709728717803955,0.3611156511365854,14.09390865464411
6857,0,normal,0.08707860857248306,0.3611156511365854,14.090237525373823
6858,0,normal,0.08705992996692657,0.3611156511365854,14.08656673073142
6859,0,normal,0.0870412141084671,0.3611156511365854,14.082896176018266
6860,0,normal,0.08702249079942703,0.3611156511365854,14.079225956025539
6861,0,normal,0.08700378984212875,0.3611156511365854,14.07555607074255
6862,0,normal,0.08698509633541107,0.3611156511365854,14.071886616749225
6863,0,normal,0.08696634322404861,0.3611156511365854,14.068217497394926
6864,0,normal,0.08694759756326675,0.3611156511365854,14.064548714588
6865,0,normal,0.08692888170480728,0.3611156511365854,14.060880266425102
6866,0,normal,0.08691014349460602,0.3611156511365854,14.057211961741586
6867,0,normal,0.08689134567975998,0.3611156511365854,14.053544088401395
6868,0,normal,0.08687260746955872,0.3611156511365854,14.049876549796181
6869,0,normal,0.08685384690761566,0.3611156511365854,14.046209442443342
6870,0,normal,0.08683507889509201,0.3611156511365854,14.042542669746126
6871,0,normal,0.08681629598140717,0.3611156511365854,14.038876233614474
6872,0,normal,0.08679749071598053,0.3611156511365854,14.035210035668797
6873,0,normal,0.08677870780229568,0.3611156511365854,14.031544077902254
6874,0,normal,0.08675992488861084,0.3611156511365854,14.02787855143697
6875,0,normal,0.08674110472202301,0.3611156511365854,14.024213359723944
6876,0,normal,0.08672232180833817,0.3611156511365854,14.02054859922373
6877,0,normal,0.08670347183942795,0.3611156511365854,14.01688417340415
6878,0,normal,0.08668465167284012,0.3611156511365854,14.013220084172417
6879,0,normal,0.08666585385799408,0.3611156511365854,14.009556233203284
6880,0,normal,0.08664701879024506,0.3611156511365854,14.00589262249514
6881,0,normal,0.08662816882133484,0.3611156511365854,14.002229443047327
6882,0,normal,0.08660929650068283,0.3611156511365854,13.998566598379057
6883,0,normal,0.08659045398235321,0.3611156511365854,13.994904184876987
6884,0,normal,0.0865715816617012,0.3611156511365854,13.991242106079653
6885,0,normal,0.08655273169279099,0.3611156511365854,13.9875803638854
6886,0,normal,0.08653385192155838,0.3611156511365854,13.98391886004174
6887,0,normal,0.08651495724916458,0.3611156511365854,13.980257596540696
6888,0,normal,0.08649608492851257,0.3611156511365854,13.976596764257692
6889,0,normal,0.08647717535495758,0.3611156511365854,13.97293626677606
6890,0,normal,0.08645825833082199,0.3611156511365854,13.969276200420381
6891,0,normal,0.08643937855958939,0.3611156511365854,13.965616468787857
6892,0,normal,0.08642048388719559,0.3611156511365854,13.961957073784788
6893,0,normal,0.0864015743136406,0.3611156511365854,13.958297917207119
6894,0,normal,0.08638264238834381,0.3611156511365854,13.95463900105915
6895,0,normal,0.08636365830898285,0.35954073040679213,13.950980516089203
6896,0,normal,0.08634474873542786,0.35954073040679213,13.94732246031117
6897,0,normal,0.08632580190896988,0.35954073040679213,13.94366474117146
6898,0,normal,0.0863068625330925,0.35954073040679213,13.940007356778551
6899,0,normal,0.08628790825605392,0.35954073040679213,13.93635030903556
6900,0,normal,0.08626894652843475,0.35954073040679213,13.932693499807101
6901,0,normal,0.0862499549984932,0.35954073040679213,13.929036931081328
6902,0,normal,0.08623099327087402,0.35954073040679213,13.925380887814754
6903,0,normal,0.08621200174093246,0.35954073040679213,13.921725179307487
6904,0,normal,0.08619300276041031,0.35954073040679213,13.91806980746469
6905,0,normal,0.08617400377988815,0.35954073040679213,13.914414770382564
6906,0,normal,0.086155004799366,0.35954073040679213,13.910759973787435
6907,0,normal,0.08613601326942444,0.35954073040679213,13.90710551204711
6908,0,normal,0.08611699193716049,0.35954073040679213,13.903451290891326
6909,0,normal,0.08609795570373535,0.35954073040679213,13.899797595090604
6910,0,normal,0.08607892692089081,0.35954073040679213,13.89614423407329
6911,0,normal,0.08605989813804626,0.35954073040679213,13.892491209742275
6912,0,normal,0.08604085445404053,0.35954073040679213,13.888838520192394
6913,0,normal,0.08602181822061539,0.35954073040679213,13.885186071208636
6914,0,normal,0.08600274473428726,0.35954073040679213,13.881533957101283
6915,0,normal,0.08598367869853973,0.35954073040679213,13.877882083661461
6916,0,normal,0.0859646126627922,0.35954073040679213,13.874230735474384
6917,0,normal,0.08594555407762527,0.35954073040679213,13.870579722092543
6918,0,normal,0.08592644333839417,0.35954073040679213,13.866929045416327
6919,0,normal,0.08590736985206604,0.35954073040679213,13.863278703543074
6920,0,normal,0.08588827401399612,0.35954073040679213,13.859628602317798
6921,0,normal,0.08586915582418442,0.35954073040679213,13.855978835988253
6922,0,normal,0.0858500525355339,0.35954073040679213,13.852329310410596
6923,0,normal,0.0858309417963028,0.35954073040679213,13.848680309984275
6924,0,normal,0.08581183850765228,0.35954073040679213,13.845031644382289
6925,0,normal,0.08579269796609879,0.35954073040679213,13.84138331550298
6926,0,normal,0.08577357232570648,0.35954073040679213,13.837735321451873
6927,0,normal,0.08575442433357239,0.35954073040679213,13.834087568132418
6928,0,normal,0.08573528379201889,0.35937859341749434,13.8304401497262
6929,0,normal,0.0857161432504654,0.35937859341749434,13.826792972153271
6930,0,normal,0.08569884300231934,0.35937859341749434,13.823097277083889
6931,0,normal,0.08567684143781662,0.35937859341749434,13.819450996223168
6932,0,normal,0.08565779775381088,0.35937859341749434,13.81580505212628
6933,0,normal,0.08563869446516037,0.35937859341749434,13.812159442876919
6934,0,normal,0.08561953157186508,0.35937859341749434,13.808514074436061
6935,0,normal,0.08560037612915039,0.35937859341749434,13.804869040935728
6936,0,normal,0.0855812206864357,0.35937859341749434,13.801224342372507
6937,0,normal,0.0855620950460434,0.35937859341749434,13.797580074660345
6938,0,normal,0.08554293215274811,0.35937859341749434,13.793936141815948
6939,0,normal,0.08552377671003342,0.35937859341749434,13.790292449841672
6940,0,normal,0.08550460636615753,0.35937859341749434,13.786649188705951
6941,0,normal,0.08548542112112045,0.35937859341749434,13.783006168460588
6942,0,normal,0.08546622842550278,0.35937859341749434,13.779363483173256
6943,0,normal,0.0854470431804657,0.3597067800625636,13.775721132845774
6944,0,normal,0.08542776852846146,0.3597067800625636,13.772079213332972
6945,0,normal,0.08540857583284378,0.3597067800625636,13.768437628702031
6946,0,normal,0.08538932353258133,0.3597067800625636,13.764796285023522
6947,0,normal,0.0853700339794159,0.3597067800625636,13.76115537214855
6948,0,normal,0.08535082638263702,0.3597067800625636,13.757514700250113
6949,0,normal,0.08533152937889099,0.3597067800625636,13.753874363321302
6950,0,normal,0.08531224727630615,0.3597067800625636,13.750234361372804
6951,0,normal,0.0852929875254631,0.3597067800625636,13.746594790202835
6952,0,normal,0.08527369797229767,0.3597067800625636,13.742955553934962
6953,0,normal,0.08525438606739044,0.3597067800625636,13.739316558697965
6954,0,normal,0.08523507416248322,0.3597067800625636,13.735677994222897
6955,0,normal,0.08521576970815659,0.3597067800625636,13.73203957504711
6956,0,normal,0.08519642800092697,0.3597067800625636,13.728401586696691
6957,0,normal,0.08517711609601974,0.3597067800625636,13.724763933345685
6958,0,normal,0.08515775203704834,0.3597067800625636,13.721126710733188
6959,0,normal,0.08513844013214111,0.3597067800625636,13.717489823036658
6960,0,normal,0.0851190984249115,0.3597067800625636,13.713901113898828
6961,0,normal,0.08509974181652069,0.3597067800625636,13.71026486120104
6962,0,normal,0.08508039265871048,0.3597067800625636,13.70662875394396
6963,0,normal,0.08506099134683609,0.3597067800625636,13.702993077475867
6964,0,normal,0.0850415974855423,0.3597067800625636,13.699357736028333
6965,0,normal,0.0850222110748291,0.3597067800625636,13.695722825269513
6966,0,normal,0.08500280976295471,0.3597067800625636,13.692088249463268
6967,0,normal,0.08498342335224152,0.3597067800625636,13.68845391485047
6968,0,normal,0.08496403694152832,0.3597067800625636,13.6848200109132
6969,0,normal,0.08494461327791214,0.35839365441732285,13.681186346298546
6970,0,normal,0.08492516726255417,0.35839365441732285,13.677553018620074
6971,0,normal,0.08490573614835739,0.35839365441732285,13.673920025984899
6972,0,normal,0.08488630503416061,0.35839365441732285,13.670287464000467
6973,0,normal,0.08486685156822205,0.35839365441732285,13.666655236983615
6974,0,normal,0.08484742045402527,0.35839365441732285,13.663023251246386
6975,0,normal,0.08482794463634491,0.35839365441732285,13.659391696148532
6976,0,normal,0.08480848371982574,0.35839365441732285,13.655760380446509
6977,0,normal,0.08478904515504837,0.35839365441732285,13.652129401708407
6978,0,normal,0.08476952463388443,0.35839365441732285,13.648498758029064
6979,0,normal,0.08475006371736526,0.35839365441732285,13.644868449418482
6980,0,normal,0.08473058044910431,0.35839365441732285,13.641238571413624
6981,0,normal,0.08471107482910156,0.35839365441732285,13.637608934766376
6982,0,normal,0.08469157665967941,0.35839365441732285,13.633979633192894
6983,0,normal,0.08467206358909607,0.35839365441732285,13.630350666701815
6984,0,normal,0.08465254306793213,0.35839365441732285,13.626722037188983
6985,0,normal,0.08463302254676819,0.35839365441732285,13.623093836348971
6986,0,normal,0.08461349457502365,0.3580561364750852,13.619465876930008
6987,0,normal,0.08459396660327911,0.3580561364750852,13.61583834808198
6988,0,normal,0.08457441627979279,0.3580561364750852,13.612211060671598
6989,0,normal,0.08455487340688705,0.3580561364750852,13.608584108355899
6990,0,normal,0.08453530818223953,0.3580561364750852,13.604957491138975
6991,0,normal,0.08451573550701141,0.3580561364750852,13.601331210924855
6992,0,normal,0.0844961553812027,0.3580561364750852,13.597705359343763
6993,0,normal,0.08447658270597458,0.3580561364750852,13.594079749264893
6994,0,normal,0.08445702493190765,0.3580561364750852,13.590454569711937
6995,0,normal,0.08443742245435715,0.3580561364750852,13.586829631682349
6996,0,normal,0.08441783487796783,0.3580561364750852,13.583205028768361
6997,0,normal,0.08439820259809494,0.3580561364750852,13.579580760974977
6998,0,normal,0.08437860757112503,0.3580561364750852,13.57595683019872
6999,0,normal,0.08435901254415512,0.3580561364750852,13.572333328021159
7000,0,normal,0.08433938771486282,0.3580561364750852,13.568710067427673
7001,0,normal,0.08431971818208694,0.3580561364750852,13.565087237315538
7002,0,normal,0.08430007845163345,0.3580561364750852,13.561464648812716
7003,0,normal,0.08428045362234116,0.3580561364750852,13.557842395444595
7004,0,normal,0.08426080644130707,0.3580561364750852,13.554220477212539
7005,0,normal,0.08424115180969238,0.3580561364750852,13.550598896026713
7006,0,normal,0.08422147482633591,0.3580561364750852,13.546977743393427
7007,0,normal,0.08420180529356003,0.3580561364750852,13.543356832428572
7008,0,normal,0.08418211340904236,0.3580561364750852,13.539736351900956
7009,0,normal,0.08416245877742767,0.3580561364750852,13.536116206448924
7010,0,normal,0.0841427594423294,0.3580561364750852,13.532496302698291
7011,0,normal,0.08412305265665054,0.3580561364750852,13.528876734107826
7012,0,normal,0.08410337567329407,0.3580561364750852,13.525257500673888
7013,0,normal,0.08408363908529282,0.3580561364750852,13.521638697662183
7014,0,normal,0.08406392484903336,0.3580561364750852,13.518020136392579
7015,0,normal,0.0840442106127739,0.3580561364750852,13.514402005524971
7016,0,normal,0.08402450382709503,0.3580561364750852,13.510784209755684
7017,0,normal,0.0840047150850296,0.3580561364750852,13.507166655764195
7018,0,normal,0.08398497849702835,0.3580561364750852,13.503549436954472
7019,0,normal,0.0839652344584465,0.3580561364750852,13.499932553326289
7020,0,normal,0.08394549787044525,0.3580561364750852,13.496316100071454
7021,0,normal,0.08392571657896042,0.3580561364750852,13.492699888650577
7022,0,normal,0.08390592038631439,0.3580561364750852,13.489084107583949
7023,0,normal,0.08388615399599075,0.3580561364750852,13.485468661634513
7024,0,normal,0.08386637270450592,0.3580561364750852,13.481853457550642
7025,0,normal,0.08384660631418228,0.3580561364750852,13.47823858866468
7026,0,normal,0.08382678031921387,0.3580561364750852,13.474624054984133
7027,0,normal,0.08380698412656784,0.3580561364750852,13.47100995163487
7028,0,normal,0.08378715068101883,0.3580561364750852,13.467396090194143
7029,0,normal,0.0837673619389534,0.3580561364750852,13.46378265907856
7030,0,normal,0.0837475061416626,0.3580561364750852,13.460169563099498
7031,0,normal,0.08372767269611359,0.3580561364750852,13.456556709061488
7032,0,normal,0.08370784670114517,0.3580561364750852,13.452944190246399
7033,0,normal,0.08369007706642151,0.3580561364750852,13.449279336341988
7034,0,normal,0.0836670845746994,0.3580561364750852,13.44566762297518
7035,0,normal,0.08364738523960114,0.3580561364750852,13.442056151616953
7036,0,normal,0.08362754434347153,0.3580561364750852,13.438445110536122
7037,0,normal,0.0836077407002449,0.3580561364750852,13.434834404615458
7038,0,normal,0.0835878998041153,0.3580561364750852,13.431223940719292
7039,0,normal,0.08356808871030807,0.3580561364750852,13.42761381206742
7040,0,normal,0.08354824036359787,0.3580561364750852,13.424004018657342
7041,0,normal,0.08352839201688766,0.3580561364750852,13.420394655500331
7042,0,normal,0.08350856602191925,0.3580561364750852,13.416785627513264
7043,0,normal,0.08348869532346725,0.3580561364750852,13.413176936599712
7044,0,normal,0.08346882462501526,0.3580561364750852,13.409568580859968
7045,0,normal,0.08344891667366028,0.3580561364750852,13.405960467231353
7046,0,normal,0.08342905342578888,0.3580561364750852,13.402352688864994
7047,0,normal,0.0834091454744339,0.3580561364750852,13.398745245759528
7048,0,normal,0.08338921517133713,0.3580561364750852,13.39513823286984
7049,0,normal,0.08336928486824036,0.3580561364750852,13.391531555168058
7050,0,normal,0.08334934711456299,0.3580561364750852,13.387925214561847
7051,0,normal,0.08332939445972443,0.3580561364750852,13.384319209156274
7052,0,normal,0.08330944925546646,0.3580561364750852,13.38071335102768
7053,0,normal,0.0832894891500473,0.3580561364750852,13.377107923162384
7054,0,normal,0.08326948434114456,0.3580561364750852,13.373502830580719
7055,0,normal,0.08324950188398361,0.3580561364750852,13.369898168171403
7056,0,normal,0.08322953432798386,0.3580561364750852,13.366293840972958
7057,0,normal,0.08320952951908112,0.3580561364750852,13.362689850887818
7058,0,normal,0.08318952471017838,0.3580561364750852,13.359086196020144
7059,0,normal,0.08316950500011444,0.3580561364750852,13.355482688576103
7060,0,normal,0.0831495076417923,0.3580561364750852,13.35187961135307
7061,0,normal,0.08312945067882538,0.3580561364750852,13.34827686944027
7062,0,normal,0.08310943096876144,0.3580561364750852,13.34467455764866
7063,0,normal,0.0830894261598587,0.3580561364750852,13.341124052868963
7064,0,normal,0.08306936919689178,0.3580561364750852,13.33752237349131
7065,0,normal,0.08304931223392487,0.3580561364750852,13.33392093456132
7066,0,normal,0.08302918076515198,0.3580561364750852,13.330319738062144
7067,0,normal,0.08300915360450745,0.3580561364750852,13.326718971747596
7068,0,normal,0.08298905938863754,0.3580561364750852,13.323118540756923
7069,0,normal,0.08296896517276764,0.3580561364750852,13.319518539854698
7070,0,normal,0.08294885605573654,0.3580561364750852,13.315918874205408
7071,0,normal,0.08292878419160843,0.3580561364750852,13.312319545708988
7072,0,normal,0.08290866762399673,0.3580561364750852,13.308720457735717
7073,0,normal,0.08288853615522385,0.3580561364750852,13.305121612281027
7074,0,normal,0.08286842703819275,0.3580561364750852,13.301523196965718
7075,0,normal,0.08284826576709747,0.35858888998921945,13.297925116998613
7076,0,normal,0.08282812684774399,0.35858888998921945,13.294327467079256
7077,0,normal,0.08280796557664871,0.35858888998921945,13.290730152429205
7078,0,normal,0.08278780430555344,0.35858888998921945,13.28713317495749
7079,0,normal,0.08276765048503876,0.35858888998921945,13.28353643808964
7080,0,normal,0.08274748921394348,0.35858888998921945,13.279939943822
7081,0,normal,0.0827273279428482,0.35858888998921945,13.276343879652813
7082,0,normal,0.08270713686943054,0.35858888998921945,13.272748243593924
7083,0,normal,0.08268694579601288,0.35858888998921945,13.269152944728376
7084,0,normal,0.08266676217317581,0.35858888998921945,13.265557981152597
7085,0,normal,0.08264653384685516,0.35858888998921945,13.261963354772206
7086,0,normal,0.0826263427734375,0.35858888998921945,13.25836896908254
7087,0,normal,0.08260614424943924,0.35858888998921945,13.254774826069252
7088,0,normal,0.0825858861207962,0.35858888998921945,13.251181113115308
7089,0,normal,0.08256570249795914,0.35858888998921945,13.247587828233236
7090,0,normal,0.08254541456699371,0.35858888998921945,13.24399488055974
7091,0,normal,0.08252518624067307,0.35858888998921945,13.240402268201933
7092,0,normal,0.08250494301319122,0.35858888998921945,13.236809898497768
7093,0,normal,0.082484669983387,0.35858888998921945,13.233217864199332
7094,0,normal,0.08246441930532455,0.35858888998921945,13.229626072658448
7095,0,normal,0.08244416117668152,0.35858888998921945,13.226034803767789
7096,0,normal,0.08242388069629669,0.35858888998921945,13.22244387020146
7097,0,normal,0.08240358531475067,0.35858888998921945,13.218853273868035
7098,0,normal,0.08238328993320465,0.35858888998921945,13.215263012868263
7099,0,normal,0.08236297965049744,0.35858888998921945,13.21167299461058
7100,0,normal,0.08234269917011261,0.35858888998921945,13.208083311766813
7101,0,normal,0.08232235908508301,0.35858888998921945,13.204493871771547
7102,0,normal,0.0823020413517952,0.35858888998921945,13.200904954317139
7103,0,normal,0.08228174597024918,0.35858888998921945,13.197316372214345
7104,0,normal,0.08226137608289719,0.35858888998921945,13.193728127366512
7105,0,normal,0.08224105089902878,0.35858888998921945,13.190140217865292
7106,0,normal,0.08222071081399918,0.35858888998921945,13.18655255118756
7107,0,normal,0.08220036327838898,0.35858888998921945,13.182965219950347
7108,0,normal,0.08218001574277878,0.35858888998921945,13.179378131637804
7109,0,normal,0.0821596086025238,0.35858888998921945,13.175791565770169
7110,0,normal,0.08213922381401062,0.35858888998921945,13.172205335271428
7111,0,normal,0.08211886137723923,0.35858888998921945,13.168619442043791
7112,0,normal,0.08209849148988724,0.35858888998921945,13.165033884190962
7113,0,normal,0.08207809925079346,0.35858888998921945,13.161448569239383
7114,0,normal,0.08205766975879669,0.35858888998921945,13.15786358974583
7115,0,normal,0.08203727751970291,0.35858888998921945,13.154278853264032
7116,0,normal,0.08201685547828674,0.3587506706964831,13.150694639121411
7117,0,normal,0.08199643343687057,0.3587506706964831,13.147110760369287
7118,0,normal,0.08197600394487381,0.3587506706964831,13.143527218908503
7119,0,normal,0.08195555210113525,0.3587506706964831,13.139944012840488
7120,0,normal,0.08193512260913849,0.3587506706964831,13.136361049757625
7121,0,normal,0.08191462606191635,0.3587506706964831,13.132778422158935
7122,0,normal,0.08189418911933899,0.3587506706964831,13.12919613003669
7123,0,normal,0.08187372982501984,0.3587506706964831,13.12561426769389
7124,0,normal,0.08185327053070068,0.3587506706964831,13.122032740756367
7125,0,normal,0.08183277398347855,0.3587506706964831,13.118451456862658
7126,0,normal,0.0818122923374176,0.3587506706964831,13.11487060272816
7127,0,normal,0.08179179579019547,0.3587506706964831,13.11128999165544
7128,0,normal,0.08177227526903152,0.3587506706964831,13.107685590043502
7129,0,normal,0.0817503035068512,0.3587506706964831,13.104105668438706
7130,0,normal,0.08173001557588577,0.3587506706964831,13.100522124868803
7131,0,normal,0.08170928061008453,0.3591933562396209,13.096942971532599
7132,0,normal,0.0816887617111206,0.3591933562396209,13.09336406131979
7133,0,normal,0.08166827261447906,0.3591933562396209,13.08978558082049
7134,0,normal,0.08164774626493454,0.3591933562396209,13.086207343474143
7135,0,normal,0.08162723481655121,0.3591933562396209,13.082629441649487
7136,0,normal,0.08160670846700668,0.3591933562396209,13.079051875341065
7137,0,normal,0.08158617466688156,0.3591933562396209,13.07547473873069
7138,0,normal,0.08156562596559525,0.3591933562396209,13.071897937569247
7139,0,normal,0.08154511451721191,0.3591933562396209,13.068321379613508
7140,0,normal,0.08152453601360321,0.3591933562396209,13.064745251329896
7141,0,normal,0.0815039575099945,0.3591933562396209,13.061169366279273
7142,0,normal,0.081483393907547,0.3591933562396209,13.057593816768303
7143,0,normal,0.0814627930521965,0.3591933562396209,13.054018602801307
7144,0,normal,0.0814421996474266,0.3591933562396209,13.050443818489157
7145,0,normal,0.08142160624265671,0.3591933562396209,13.046869369640717
7146,0,normal,0.08140099048614502,0.3591933562396209,13.043295164089159
7147,0,normal,0.08138035982847214,0.3591933562396209,13.039721388165162
7148,0,normal,0.08135974407196045,0.3591933562396209,13.036147761485836
7149,0,normal,0.08133906871080399,0.3591933562396209,13.032574564507513
7150,0,normal,0.0813184306025505,0.3591933562396209,13.02900170309158
7151,0,normal,0.08129779994487762,0.3591933562396209,13.025429271288203
7152,0,normal,0.08127713203430176,0.3591933562396209,13.021857174976049
7153,0,normal,0.08125646412372589,0.3591933562396209,13.018285322028987
7154,0,normal,0.08123577386140823,0.3591933562396209,13.014713898679474
7155,0,normal,0.08121509104967117,0.3591933562396209,13.011142716816721
7156,0,normal,0.08119440078735352,0.3591933562396209,13.00757187243994
7157,0,normal,0.08117371052503586,0.3591933562396209,13.004001363646921
7158,0,normal,0.081153005361557,0.3591933562396209,13.000454856437727
7159,0,normal,0.08113229274749756,0.3591933562396209,12.996885094256868
7160,0,normal,0.08111158013343811,0.3591933562396209,12.99331953416663
7161,0,normal,0.08109084516763687,0.3591933562396209,12.989750441883416
7162,0,normal,0.08107009530067444,0.3591933562396209,12.986181591173818
7163,0,normal,0.0810493677854538,0.3591933562396209,12.982613077966107
7164,0,normal,0.08102862536907196,0.3591933562396209,12.979044900366034
7165,0,normal,0.08100785315036774,0.3591933562396209,12.975477058378146
7166,0,normal,0.08098708093166351,0.3591933562396209,12.971909645905498
7167,0,normal,0.08096630126237869,0.3591933562396209,12.96834247696529
7168,0,normal,0.08094553649425507,0.3591933562396209,12.964775737543278
7169,0,normal,0.08092474192380905,0.3591933562396209,12.96120923976764
7170,0,normal,0.08090395480394363,0.3591933562396209,12.957643079519812
7171,0,normal,0.08088315278291702,0.3591933562396209,12.954077254896447
7172,0,normal,0.08086233586072922,0.3591933562396209,12.950511765900274
7173,0,normal,0.08084152638912201,0.3591933562396209,12.946946706388644
7174,0,normal,0.08082067966461182,0.3591933562396209,12.94338189048949
7175,0,normal,0.08079984784126282,0.3591933562396209,12.939817504058055
7176,0,normal,0.0807790458202362,0.3591933562396209,12.936253359362581
7177,0,normal,0.08075817674398422,0.3591933562396209,12.932689552212423
7178,0,normal,0.08073732256889343,0.3591933562396209,12.929126172615724
7179,0,normal,0.08071649074554443,0.3591933562396209,12.925563036685617
7180,0,normal,0.08069562166929245,0.3591933562396209,12.922000330198443
7181,0,normal,0.08067473769187927,0.3591933562396209,12.91843786740742
7182,0,normal,0.08065386861562729,0.3591933562396209,12.91487574027201
7183,0,normal,0.08063296228647232,0.3591933562396209,12.911313948799261
7184,0,normal,0.08061207830905914,0.3591933562396209,12.907752494890929
7185,0,normal,0.08059117197990417,0.3591933562396209,12.904191468489898
7186,0,normal,0.08057025820016861,0.3591933562396209,12.900630685845726
7187,0,normal,0.08054935932159424,0.3591933562396209,12.897070332595376
7188,0,normal,0.08052846044301987,0.3591933562396209,12.893510223128033
7189,0,normal,0.08050747960805893,0.3591933562396209,12.889950449333583
7190,0,normal,0.08048655092716217,0.3591933562396209,12.886391011221122
7191,0,normal,0.08046562224626541,0.3591933562396209,12.882831910693767
7192,0,normal,0.08044466376304626,0.3591933562396209,12.879273237635289
7193,0,normal,0.08042372018098831,0.3591933562396209,12.87571480841325
7194,0,normal,0.08040276914834976,0.3591933562396209,12.872156808544105
7195,0,normal,0.08038175106048584,0.3590889898391914,12.868599144293512
7196,0,normal,0.08036080002784729,0.3590889898391914,12.865041723910736
7197,0,normal,0.08033980429172516,0.3590889898391914,12.861484639230412
7198,0,normal,0.08031881600618362,0.3590889898391914,12.857927798526134
7199,0,normal,0.08029782772064209,0.3590889898391914,12.854371478950952
7200,0,normal,0.08027680963277817,0.3590889898391914,12.850815403292245
7201,0,normal,0.08025577664375305,0.3590889898391914,12.847259756947778
7202,0,normal,0.08023476600646973,0.3590889898391914,12.843704446239599
7203,0,normal,0.08021371811628342,0.3590889898391914,12.840149379482455
7204,0,normal,0.0801926925778389,0.3590889898391914,12.83659464844709
7205,0,normal,0.08017165213823318,0.3590889898391914,12.833040161471217
7206,0,normal,0.08015063405036926,0.3590889898391914,12.829486195516665
7207,0,normal,0.08012955635786057,0.3590889898391914,12.825932473560897
7208,0,normal,0.08010850846767426,0.3590889898391914,12.8223791808839
7209,0,normal,0.08008740842342377,0.3590889898391914,12.818826223861151
7210,0,normal,0.08006636053323746,0.3590889898391914,12.815273510870611
7211,0,normal,0.08004526048898697,0.3590889898391914,12.811721133623223
7212,0,normal,0.08002419024705887,0.3590889898391914,12.808169092118078
7213,0,normal,0.08000306785106659,0.3590889898391914,12.80461747985828
7214,0,normal,0.0799819678068161,0.3590889898391914,12.801066111680939
7215,0,normal,0.07996086031198502,0.3590889898391914,12.797515172737349
7216,0,normal,0.07993973791599274,0.3590889898391914,12.793964569464151
7217,0,normal,0.07991861552000046,0.3590889898391914,12.790414210312292
7218,0,normal,0.07989749312400818,0.3590889898391914,12.78686418691791
7219,0,normal,0.07987631857395172,0.3590889898391914,12.78331449928669
7220,0,normal,0.07985516637563705,0.3590889898391914,12.779765240864663
7221,0,normal,0.07983403652906418,0.3590889898391914,12.776216226601946
7222,0,normal,0.07981283962726593,0.3590889898391914,12.772667641534554
7223,0,normal,0.07979169487953186,0.3590889898391914,12.769119392157336
7224,0,normal,0.07977049797773361,0.3590889898391914,12.76557138698081
7225,0,normal,0.07974933087825775,0.3590889898391914,12.762023717586999
7226,0,normal,0.0797281339764595,0.3590889898391914,12.758476383974084
7227,0,normal,0.07970693707466125,0.3590889898391914,12.754929479524662
7228,0,normal,0.079685740172863,0.3590889898391914,12.751382910783832
7229,0,normal,0.07966451346874237,0.3590889898391914,12.747836679661532
7230,0,normal,0.07964327931404114,0.3590889898391914,12.744290784251689
7231,0,normal,0.0796220675110817,0.3590889898391914,12.740745133118253
7232,0,normal,0.07960084080696106,0.3590889898391914,12.737199817788905
7233,0,normal,0.07957959175109863,0.3590889898391914,12.733654838264101
7234,0,normal,0.07955833524465561,0.3590889898391914,12.730110287857087
7235,0,normal,0.07953708618879318,0.3590889898391914,12.726566073187541
7236,0,normal,0.07951581478118896,0.3590889898391914,12.723022196145621
7237,0,normal,0.07949452847242355,0.3590889898391914,12.71947865483935
7238,0,normal,0.07947326451539993,0.3590889898391914,12.71593526461561
7239,0,normal,0.07945198565721512,0.3590889898391914,12.712392303564911
7240,0,normal,0.07943068444728851,0.3590889898391914,12.708849678342176
7241,0,normal,0.0794094055891037,0.3590889898391914,12.705307482194485
7242,0,normal,0.0793881043791771,0.3590889898391914,12.701765621797449
7243,0,normal,0.0793667733669281,0.3590889898391914,12.69822409905737
7244,0,normal,0.0793454572558403,0.3590889898391914,12.694682912071357
7245,0,normal,0.0793241411447525,0.3590889898391914,12.691141876307483
7246,0,normal,0.07930278778076172,0.3590889898391914,12.687601269675497
7247,0,normal,0.07928145676851273,0.3590889898391914,12.684060998891482
7248,0,normal,0.07926011085510254,0.3590889898391914,12.680521157145904
7249,0,normal,0.07923873513936996,0.3590889898391914,12.676981651165761
7250,0,normal,0.07921738177537918,0.3590889898391914,12.67344248286554
7251,0,normal,0.0791960060596466,0.3590889898391914,12.669903650340302
7252,0,normal,0.07917465269565582,0.3590889898391914,12.666364969176584
7253,0,normal,0.07915325462818146,0.3590889898391914,12.662826717107691
7254,0,normal,0.07913185656070709,0.3590889898391914,12.659288800902232
7255,0,normal,0.07911047339439392,0.3590889898391914,12.655751313698829
7256,0,normal,0.07908907532691956,0.3590889898391914,12.652214162282007
7257,0,normal,0.07906763255596161,0.3590889898391914,12.64867734855602
7258,0,normal,0.07904623448848724,0.3590889898391914,12.645140777524148
7259,0,normal,0.0790247842669487,0.3590889898391914,12.641604451178637
7260,0,normal,0.07900337129831314,0.3590889898391914,12.638068553887479
7261,0,normal,0.0789819210767746,0.3590889898391914,12.634532992472941
7262,0,normal,0.07896048575639725,0.3590889898391914,12.630997860019306
7263,0,normal,0.07893901318311691,0.3590889898391914,12.627463063376581
7264,0,normal,0.07891754060983658,0.3590889898391914,12.623928604445837
7265,0,normal,0.07889609038829803,0.3590889898391914,12.620394388290606
7266,0,normal,0.0788746178150177,0.3590889898391914,12.616860416901545
7267,0,normal,0.07885313779115677,0.3590889898391914,12.613326874520453
7268,0,normal,0.07883164286613464,0.3590889898391914,12.609793759160311
7269,0,normal,0.07881011068820953,0.3590889898391914,12.606260981528976
7270,0,normal,0.07878860086202621,0.3590889898391914,12.602728539725376
7271,0,normal,0.0787670910358429,0.3590889898391914,12.599196435654676
7272,0,normal,0.07874560356140137,0.3590889898391914,12.595664574442935
7273,0,normal,0.07872407138347626,0.3590889898391914,12.592132958079446
7274,0,normal,0.07870253175497055,0.3590889898391914,12.588601770679361
7275,0,normal,0.07868097722530365,0.3590889898391914,12.585071010262027
7276,0,normal,0.07865945249795914,0.3586508633250695,12.581540587590325
7277,0,normal,0.07863788306713104,0.3586508633250695,12.57801050076796
7278,0,normal,0.07861630618572235,0.3586508633250695,12.574480658776338
7279,0,normal,0.07859472930431366,0.3586508633250695,12.570951152715907
7280,0,normal,0.07857318967580795,0.3586508633250695,12.567421891587855
7281,0,normal,0.07855156064033508,0.3586508633250695,12.5638930593841
7282,0,normal,0.07852999120950699,0.3586508633250695,12.560364654123532
7283,0,normal,0.07850838452577591,0.3586508633250695,12.556836586623376
7284,0,normal,0.07848678529262543,0.3586508633250695,12.553308854998704
7285,0,normal,0.07846517860889435,0.3586508633250695,12.549781368279355
7286,0,normal,0.07844354212284088,0.3586508633250695,12.546254217519845
7287,0,normal,0.07842190563678741,0.3586508633250695,12.542727311768203
7288,0,normal,0.07840026915073395,0.3586508633250695,12.539200925841442
7289,0,normal,0.07837864011526108,0.3586508633250695,12.535674875797213
7290,0,normal,0.07835699617862701,0.3586508633250695,12.532149163543863
7291,0,normal,0.07833532989025116,0.3586508633250695,12.528623787181914
7292,0,normal,0.0783136636018753,0.3586508633250695,12.525098655807824
7293,0,normal,0.07829201221466064,0.3586508633250695,12.521573860408807
7294,0,normal,0.07827034592628479,0.3586508633250695,12.518049310105653
7295,0,normal,0.07824863493442535,0.3586508633250695,12.514525279521422
7296,0,normal,0.07822693139314651,0.3586508633250695,12.511001584842234
7297,0,normal,0.07820525765419006,0.3586508633250695,12.507478227969159
7298,0,normal,0.07818353921175003,0.3586508633250695,12.503955207012496
7299,0,normal,0.07816182076931,0.3586508633250695,12.500432431120544
7300,0,normal,0.07814007252454758,0.3586508633250695,12.49690999122754
7301,0,normal,0.07811837643384933,0.3586508633250695,12.493387796509069
7302,0,normal,0.07809662818908691,0.3586508633250695,12.489866121407204
7303,0,normal,0.07807490229606628,0.3586508633250695,12.486344782234028
7304,0,normal,0.07805313169956207,0.3586508633250695,12.482823780885155
7305,0,normal,0.07803138345479965,0.3586508633250695,12.47930311546861
7306,0,normal,0.07800960540771484,0.3586508633250695,12.475782695203407
7307,0,normal,0.07798786461353302,0.3586508633250695,12.472262610951702
7308,0,normal,0.07796606421470642,0.3585852087484391,12.468742862723502
7309,0,normal,0.07794427871704102,0.3585852087484391,12.465223543173124
7310,0,normal,0.0779225081205368,0.3585852087484391,12.461704559569853
7311,0,normal,0.07790068536996841,0.3585852087484391,12.458185821174311
7312,0,normal,0.07787887006998062,0.3585852087484391,12.454667511439538
7313,0,normal,0.07785706967115402,0.3585852087484391,12.451149446939553
7314,0,normal,0.07783524692058563,0.3585852087484391,12.447631718476032
7315,0,normal,0.07781341671943665,0.3585852087484391,12.444114326051022
7316,0,normal,0.07779157906770706,0.35842350265720596,12.44059736226427
7317,0,normal,0.07776974141597748,0.35842350265720596,12.437080734443725
7318,0,normal,0.0777478739619255,0.35842350265720596,12.433564351913219
7319,0,normal,0.07772603631019592,0.35842350265720596,12.43004839800551
7320,0,normal,0.07770414650440216,0.35842350265720596,12.426532689408532
7321,0,normal,0.07768228650093079,0.35842350265720596,12.423017316868254
7322,0,normal,0.07766040414571762,0.35842350265720596,12.419502280388997
7323,0,normal,0.07763850688934326,0.35842350265720596,12.415987672506844
7324,0,normal,0.0776166096329689,0.35842350265720596,12.412473400607269
7325,0,normal,0.07759471982717514,0.35842350265720596,12.408959374079132
7326,0,normal,0.07757280766963959,0.35842350265720596,12.405445776132865
7327,0,normal,0.07755090296268463,0.35842350265720596,12.401932423583048
7328,0,normal,0.07752896100282669,0.35842350265720596,12.398419407107667
7329,0,normal,0.07750704884529114,0.35842350265720596,12.394906726713998
7330,0,normal,0.0774850994348526,0.35842350265720596,12.39139447487355
7331,0,normal,0.07746316492557526,0.35842350265720596,12.387882559040463
7332,0,normal,0.07744120806455612,0.35838997518081295,12.384370888655667
7333,0,normal,0.07741924375295639,0.35838997518081295,12.380859646810904
7334,0,normal,0.07739726454019547,0.35838997518081295,12.377348650444219
7335,0,normal,0.07737530767917633,0.35838997518081295,12.37383799017789
7336,0,normal,0.07735331356525421,0.35838997518081295,12.370327666004414
7337,0,normal,0.0773313120007515,0.35838997518081295,12.366817770346415
7338,0,normal,0.07730933278799057,0.35838997518081295,12.363308210714195
7339,0,normal,0.07728733122348785,0.35838997518081295,12.359798896616894
7340,0,normal,0.07726530730724335,0.35838997518081295,12.356290011018018
7341,0,normal,0.07724327594041824,0.35838997518081295,12.352781369073682
7342,0,normal,0.07722127437591553,0.35838997518081295,12.349273065145098
7343,0,normal,0.07719927281141281,0.35838997518081295,12.345765097337107
7344,0,normal,0.07717721164226532,0.35838997518081295,12.342257558002075
7345,0,normal,0.07715515792369843,0.35838997518081295,12.338750354713738
7346,0,normal,0.07713310420513153,0.35838997518081295,12.33524339703854
7347,0,normal,0.07711103558540344,0.35838997518081295,12.331736867822883
7348,0,normal,0.07708898931741714,0.35838997518081295,12.328230582342258
7349,0,normal,0.07706692814826965,0.35838997518081295,12.32472463489853
7350,0,normal,0.07704483717679977,0.35838997518081295,12.321219023595404
7351,0,normal,0.0770227462053299,0.35838997518081295,12.317713748435835
7352,0,normal,0.07700064778327942,0.35838997518081295,12.314208901697384
7353,0,normal,0.07697853446006775,0.35838997518081295,12.31070430066211
7354,0,normal,0.07695642858743668,0.35838997518081295,12.307200128036584
7355,0,normal,0.0769343227148056,0.35838997518081295,12.303696199231126
7356,0,normal,0.07691217958927155,0.35838997518081295,12.300192608483258
7357,0,normal,0.07689005881547928,0.35838997518081295,12.296689353893953
7358,0,normal,0.07686789333820343,0.35838997518081295,12.293186435470716
7359,0,normal,0.07684577256441116,0.35838997518081295,12.289683945428806
7360,0,normal,0.07682360708713531,0.35838997518081295,12.286181701165106
7361,0,normal,0.07680144906044006,0.35838997518081295,12.282679885274547
7362,0,normal,0.07677926868200302,0.35838997518081295,12.279178313284092
7363,0,normal,0.07675709575414658,0.35838997518081295,12.275677079371235
7364,0,normal,0.07673492282629013,0.35838997518081295,12.27217618164127
7365,0,normal,0.0767127275466919,0.35838997518081295,12.268675620087151
7366,0,normal,0.07669052481651306,0.35838997518081295,12.265175486878661
7367,0,normal,0.07666832208633423,0.35838997518081295,12.2616755995316
7368,0,normal,0.0766461044549942,0.35838997518081295,12.258176140513115
7369,0,normal,0.07662390917539597,0.35838997518081295,12.254676925477497
7370,0,normal,0.07660165429115295,0.35838997518081295,12.251178048538804
7371,0,normal,0.07657942175865173,0.35838997518081295,12.247679598009881
7372,0,normal,0.07655718922615051,0.35838997518081295,12.244181393401277
7373,0,normal,0.07653495669364929,0.35838997518081295,12.240683617093055
7374,0,normal,0.07651267945766449,0.35838997518081295,12.237186086726297
7375,0,normal,0.07649041712284088,0.35838997518081295,12.233688892570171
7376,0,normal,0.07646817713975906,0.35838997518081295,12.23019203462809
7377,0,normal,0.07644586265087128,0.35838997518081295,12.226695514803396
7378,0,normal,0.07642360031604767,0.35838997518081295,12.223199421346408
7379,0,normal,0.07640130072832108,0.35838997518081295,12.21970357389364
7380,0,normal,0.07637899369001389,0.35838997518081295,12.216208154694868
7381,0,normal,0.07635670155286789,0.35838997518081295,12.212713071642156
7382,0,normal,0.07633437216281891,0.35838997518081295,12.209218234629134
7383,0,normal,0.07631205767393112,0.35838997518081295,12.205723733844934
7384,0,normal,0.07628974318504333,0.35838997518081295,12.202229571201087
7385,0,normal,0.07626739144325256,0.35838997518081295,12.198735834886065
7386,0,normal,0.07624505460262299,0.35838997518081295,12.195242344650069
7387,0,normal,0.07622270286083221,0.35838997518081295,12.191749282631008
7388,0,normal,0.07620033621788025,0.35838997518081295,12.188256556776423
7389,0,normal,0.07617798447608948,0.35726046962419006,12.1847640770427
7390,0,normal,0.07615559548139572,0.35726046962419006,12.181271933559401
7391,0,normal,0.07613325864076614,0.35726046962419006,12.177780036298373
7392,0,normal,0.07611083984375,0.35726046962419006,12.174288657334046
7393,0,normal,0.07608846575021744,0.35726046962419006,12.170797524525824
7394,0,normal,0.07606608420610428,0.35726046962419006,12.167306819894975
7395,0,normal,0.07604365050792694,0.35726046962419006,12.163816451452703
7396,0,normal,0.07602124661207199,0.35726046962419006,12.160326329208829
7397,0,normal,0.07599882781505585,0.35726046962419006,12.156836543238114
7398,0,normal,0.07597639411687851,0.35726046962419006,12.153347003570161
7399,0,normal,0.07595393061637878,0.35726046962419006,12.149857982089316
7400,0,normal,0.07593150436878204,0.35726046962419006,12.146369206855297
7401,0,normal,0.07590904831886292,0.35726046962419006,12.142880859758407
7402,0,normal,0.07588660717010498,0.357489668855473,12.139392848865782
7403,0,normal,0.07586412876844406,0.357489668855473,12.135905084245223
7404,0,normal,0.07584165781736374,0.357489668855473,12.132417655926702
7405,0,normal,0.07581917196512222,0.35649044430219645,12.128930563897711
7406,0,normal,0.0757967010140419,0.35649044430219645,12.12544389997538
7407,0,normal,0.0757741779088974,0.35649044430219645,12.121957482379457
7408,0,normal,0.07575169950723648,0.35649044430219645,12.118471492874278
7409,0,normal,0.07572919875383377,0.35649044430219645,12.114985839592919
7410,0,normal,0.07570667564868927,0.35649044430219645,12.111500432676394
7411,0,normal,0.07568415254354477,0.35649044430219645,12.108015362071455
7412,0,normal,0.07566162198781967,0.35649044430219645,12.10453062778106
7413,0,normal,0.07563908398151398,0.35649044430219645,12.10104632155253
7414,0,normal,0.0756165161728859,0.35649044430219645,12.097562261729536
7415,0,normal,0.0755939781665802,0.35649044430219645,12.094078629961814
7416,0,normal,0.0755714476108551,0.35649044430219645,12.090595334433146
7417,0,normal,0.07554887235164642,0.35649044430219645,12.087112285353214
7418,0,normal,0.07552629709243774,0.35649044430219645,12.083629572602376
7419,0,normal,0.07550372183322906,0.35649044430219645,12.08014719618518
7420,0,normal,0.075481116771698,0.35649044430219645,12.076665247789606
7421,0,normal,0.07545851171016693,0.35649044430219645,12.073183635652867
7422,0,normal,0.07543592900037766,0.35649044430219645,12.069702361685813
7423,0,normal,0.0754133015871048,0.35649044430219645,12.066221423982142
7424,0,normal,0.07539068907499313,0.35649044430219645,12.062740641150867
7425,0,normal,0.07536805421113968,0.35649044430219645,12.059260286393965
7426,0,normal,0.07534544169902802,0.35649044430219645,12.055780267992304
7427,0,normal,0.07532279193401337,0.35649044430219645,12.05230067756952
7428,0,normal,0.07530015707015991,0.35649044430219645,12.04882142342376
7429,0,normal,0.07527748495340347,0.35649044430219645,12.045342507465648
7430,0,normal,0.07525487244129181,0.35649044430219645,12.04186392779161
7431,0,normal,0.07523217797279358,0.35649044430219645,12.038385503135487
7432,0,normal,0.07520949095487595,0.35649044430219645,12.03490750651099
7433,0,normal,0.07518680393695831,0.35649044430219645,12.031429846257424
7434,0,normal,0.07516413182020187,0.35649044430219645,12.027952613947718
7435,0,normal,0.07514144480228424,0.35649044430219645,12.024475717933
7436,0,normal,0.07511872798204422,0.35649044430219645,12.02099916012071
7437,0,normal,0.0750960186123848,0.35649044430219645,12.017522938619777
7438,0,normal,0.07507330924272537,0.35649044430219645,12.014046872276822
7439,0,normal,0.07505058497190475,0.35649044430219645,12.010571233920246
7440,0,normal,0.07502783834934235,0.35649044430219645,12.007095931960748
7441,0,normal,0.07500508427619934,0.35649044430219645,12.00362105789759
7442,0,normal,0.07498235255479813,0.35649044430219645,12.000146520153066
7443,0,normal,0.07495960593223572,0.35649044430219645,11.996672320630296
7444,0,normal,0.07493683695793152,0.35649044430219645,11.993198457432982
7445,0,normal,0.07491406798362732,0.35649044430219645,11.989724749543711
7446,0,normal,0.07489131391048431,0.35649044430219645,11.986251469594663
7447,0,normal,0.07486850768327713,0.35649044430219645,11.982778526064294
7448,0,normal,0.07484572380781174,0.35649044430219645,11.97930601038638
7449,0,normal,0.07482291758060455,0.35649044430219645,11.97583383104893
7450,0,normal,0.07480012625455856,0.35649044430219645,11.972361989953697
7451,0,normal,0.07477730512619019,0.35649044430219645,11.968890393791298
7452,0,normal,0.07475448399782181,0.35649044430219645,11.965419044560349
7453,0,normal,0.07473167032003403,0.35649044430219645,11.961948123234151
7454,0,normal,0.07470882683992386,0.35649044430219645,11.958477627826142
7455,0,normal,0.07468598335981369,0.35649044430219645,11.955007470672399
7456,0,normal,0.07466315478086472,0.35649044430219645,11.951537649878219
7457,0,normal,0.07464028894901276,0.35649044430219645,11.948068167346264
7458,0,normal,0.074617400765419,0.35649044430219645,11.944598929831955
7459,0,normal,0.07459454238414764,0.35649044430219645,11.941129939327539
7460,0,normal,0.0745716542005539,0.35649044430219645,11.937661376688766
7461,0,normal,0.07454879581928253,0.35649044430219645,11.934193239921342
7462,0,normal,0.07452590018510818,0.35649044430219645,11.930725441430695
7463,0,normal,0.07450298964977264,0.35649044430219645,11.927257979320757
7464,0,normal,0.0744800865650177,0.35649044430219645,11.923790764200476
7465,0,normal,0.07445717602968216,0.35649044430219645,11.9203238855373
7466,0,normal,0.07443425059318542,0.35649044430219645,11.916857253969738
7467,0,normal,0.07441132515668869,0.35649044430219645,11.91339105022439
7468,0,normal,0.07438839972019196,0.35649044430219645,11.909925272310147
7469,0,normal,0.07436545938253403,0.35614667586834725,11.906459832695191
7470,0,normal,0.0743425115942955,0.35614667586834725,11.90299472947845
7471,0,normal,0.07431955635547638,0.35614667586834725,11.899529873325037
7472,0,normal,0.07429658621549606,0.35614667586834725,11.89606535366056
7473,0,normal,0.07427361607551575,0.35614667586834725,11.892601081171506
7474,0,normal,0.07425065338611603,0.35614667586834725,11.889137236458055
7475,0,normal,0.07422765344381332,0.35614667586834725,11.885673817537054
7476,0,normal,0.07420465350151062,0.35614667586834725,11.882210736931484
7477,0,normal,0.07418166846036911,0.35614667586834725,11.878747992747321
7478,0,normal,0.0741586685180664,0.35614667586834725,11.87528549570834
7479,0,normal,0.07413564622402191,0.35614667586834725,11.871823335174213
7480,0,normal,0.07411262392997742,0.35614667586834725,11.868361421898044
7481,0,normal,0.07408960908651352,0.35614667586834725,11.864900025600946
7482,0,normal,0.07406657189130783,0.35614667586834725,11.861438965737307
7483,0,normal,0.07404351979494095,0.35614667586834725,11.857978244209562
7484,0,normal,0.07402046024799347,0.35614667586834725,11.854517859119824
7485,0,normal,0.07399740070104599,0.35614667586834725,11.851057721260304
7486,0,normal,0.07397434860467911,0.35614667586834725,11.847597919927694
7487,0,normal,0.07395126670598984,0.35614667586834725,11.844138365926483
7488,0,normal,0.07392820715904236,0.35614667586834725,11.840679328803617
7489,0,normal,0.07390513271093369,0.35614667586834725,11.83722062813672
7490,0,normal,0.07388203591108322,0.35614667586834725,11.833762265823907
7491,0,normal,0.07385891675949097,0.35614667586834725,11.830304239964562
7492,0,normal,0.0738358274102211,0.35614667586834725,11.826846461424793
7493,0,normal,0.07381270825862885,0.35614667586834725,11.823389019425804
7494,0,normal,0.07378959655761719,0.35614667586834725,11.819931913971686
7495,0,normal,0.07376644015312195,0.35614667586834725,11.816475236089673
7496,0,normal,0.0737433135509491,0.35614667586834725,11.813018894684546
7497,0,normal,0.07372017204761505,0.35614667586834725,11.809562800644017
7498,0,normal,0.073697030544281,0.35614667586834725,11.806107134161948
7499,0,normal,0.07367385923862457,0.35614667586834725,11.802651715069715
7500,0,normal,0.07365069538354874,0.35635991569138215,11.799196632545772
7501,0,normal,0.0736275166273117,0.35635991569138215,11.795741886586484
7502,0,normal,0.07360435277223587,0.35635991569138215,11.792287568154507
7503,0,normal,0.07358116656541824,0.35635991569138215,11.788833586216924
7504,0,normal,0.07355795800685883,0.35635991569138215,11.785379851728521
7505,0,normal,0.0735347718000412,0.35635991569138215,11.781926544755152
7506,0,normal,0.07351155579090118,0.35635991569138215,11.778473485256427
7507,0,normal,0.07348833233118057,0.35635991569138215,11.775020762341228
7508,0,normal,0.07346510887145996,0.35635991569138215,11.771568376008418
7509,0,normal,0.07344187051057816,0.3556490048618401,11.768116417168812
7510,0,normal,0.07341865450143814,0.3556490048618401,11.764664794838154
7511,0,normal,0.07339540123939514,0.3555124100206284,11.761213420040576
7512,0,normal,0.07337214052677155,0.3555124100206284,11.757762472713011
7513,0,normal,0.07334890216588974,0.3555124100206284,11.754311772943083
7514,0,normal,0.07332564890384674,0.3555124100206284,11.750861409773506
7515,0,normal,0.07330233603715897,0.3555124100206284,11.747411383212011
7516,0,normal,0.07327906787395477,0.3555124100206284,11.743961784097337
7517,0,normal,0.07325581461191177,0.3555124100206284,11.740512521510482
7518,0,normal,0.07323252409696579,0.3555124100206284,11.737063506539698
7519,0,normal,0.07320919632911682,0.3555124100206284,11.733614918998683
7520,0,normal,0.07318589091300964,0.3555124100206284,11.730166579089882
7521,0,normal,0.07316257804632187,0.3555124100206284,11.726718575808718
7522,0,normal,0.0731392577290535,0.3555124100206284,11.723270909152006
7523,0,normal,0.07311591506004333,0.3555124100206284,11.719823669900507
7524,0,normal,0.07309260219335556,0.3555124100206284,11.716376767197971
7525,0,normal,0.0730692520737648,0.3555124100206284,11.712930112191316
7526,0,normal,0.07304589450359344,0.3555124100206284,11.709483884569408
7527,0,normal,0.07302253693342209,0.3555124100206284,11.706037993510108
7528,0,normal,0.07299917191267014,0.3555124100206284,11.702592350174655
7529,0,normal,0.07297578454017639,0.3555124100206284,11.699147043485937
7530,0,normal,0.07295241206884384,0.3555124100206284,11.695702164164686
7531,0,normal,0.07292903959751129,0.3555124100206284,11.692257621409226
7532,0,normal,0.07290562987327576,0.3555124100206284,11.688813326426953
7533,0,normal,0.07288222014904022,0.3555124100206284,11.685369458793275
7534,0,normal,0.07285886257886887,0.3555124100206284,11.681925837058543
7535,0,normal,0.07283540815114975,0.3555124100206284,11.678482553885715
7536,0,normal,0.07281199097633362,0.3555124100206284,11.67503960737804
7537,0,normal,0.07278858125209808,0.3555124100206284,11.671596997534152
7538,0,normal,0.07276515662670135,0.3555124100206284,11.668154815008847
7539,0,normal,0.07274167984724045,0.3555124100206284,11.664712880339493
7540,0,normal,0.07271821051836014,0.3555124100206284,11.661271372973488
7541,0,normal,0.072694793343544,0.3555124100206284,11.657830111583962
7542,0,normal,0.0726713165640831,0.3555124100206284,11.65438918878408
7543,0,normal,0.0726478174328804,0.3555124100206284,11.650948602662083
7544,0,normal,0.07262435555458069,0.3555124100206284,11.647508353228432
7545,0,normal,0.07260085642337799,0.3555124100206284,11.644068531070388
7546,0,normal,0.07257737964391708,0.3555124100206284,11.640628956847422
7547,0,normal,0.07255387306213379,0.3555124100206284,11.637189809886422
7548,0,normal,0.07253038138151169,0.3555124100206284,11.63375090898694
7549,0,normal,0.0725068747997284,0.3555124100206284,11.630312346688015
7550,0,normal,0.07248334586620331,0.3555124100206284,11.62687412109267
7551,0,normal,0.07245978713035583,0.3555124100206284,11.623436232204085
7552,0,normal,0.07243626564741135,0.3555124100206284,11.6199987705495
7553,0,normal,0.07241271436214447,0.3555124100206284,11.616561556910483
7554,0,normal,0.072389155626297,0.3555124100206284,11.61312477049296
7555,0,normal,0.07236561179161072,0.3555124100206284,11.609688230215397
7556,0,normal,0.07234205305576324,0.3555124100206284,11.606252028562267
7557,0,normal,0.07231846451759338,0.3555124100206284,11.602816163629768
7558,0,normal,0.07229488343000412,0.3555124100206284,11.599380635423586
7559,0,normal,0.07227132469415665,0.3555124100206284,11.595945534404791
7560,0,normal,0.072247713804245,0.3555124100206284,11.592510681489102
7561,0,normal,0.07222411036491394,0.3555124100206284,11.589076255752161
7562,0,normal,0.07220050692558289,0.3555124100206284,11.585642076233398
7563,0,normal,0.07217689603567123,0.3555124100206284,11.582208235360667
7564,0,normal,0.07215327024459839,0.35479013660532693,11.578774819741966
7565,0,normal,0.07212962210178375,0.35479013660532693,11.575341652281168
7566,0,normal,0.0721060037612915,0.35479013660532693,11.571908911968421
7567,0,normal,0.07208237051963806,0.35479013660532693,11.56847650832492
7568,0,normal,0.07205872982740402,0.35479013660532693,11.565044352876612
7569,0,normal,0.0720350593328476,0.35479013660532693,11.561612534185087
7570,0,normal,0.07201138138771057,0.35479013660532693,11.558181054150737
7571,0,normal,0.07198771834373474,0.35479013660532693,11.554749999335172
7572,0,normal,0.07196404039859772,0.35479013660532693,11.55131919276073
7573,0,normal,0.07194036990404129,0.35479013660532693,11.547888813289092
7574,0,normal,0.07191666215658188,0.3546538716314043,11.544458770506026
7575,0,normal,0.07189296185970306,0.3546538716314043,11.541028975997278
7576,0,normal,0.07186926901340485,0.3546538716314043,11.537599518265779
7577,0,normal,0.07184553891420364,0.3546538716314043,11.5341703089141
7578,0,normal,0.07182183116674423,0.3546538716314043,11.53074161510699
7579,0,normal,0.07179809361696243,0.3546538716314043,11.527313169622175
7580,0,normal,0.07177434861660004,0.3546538716314043,11.523885151202649
7581,0,normal,0.07175061106681824,0.3546538716314043,11.520457469488292
7582,0,normal,0.07172688841819763,0.3546538716314043,11.5170300361317
7583,0,normal,0.07170309126377106,0.3546538716314043,11.513602939569637
7584,0,normal,0.07167934626340866,0.3546538716314043,11.510176091467201
7585,0,normal,0.07165557891130447,0.3546538716314043,11.50674975881202
7586,0,normal,0.07163180410861969,0.3546538716314043,11.503323674551439
7587,0,normal,0.07160799950361252,0.3546538716314043,11.499898017318174
7588,0,normal,0.07158424705266953,0.3546538716314043,11.49647269681077
7589,0,normal,0.07156042009592056,0.3546538716314043,11.493047624743213
7590,0,normal,0.0715366080403328,0.3546538716314043,11.489622889488146
7591,0,normal,0.07151280343532562,0.3546538716314043,11.48619840277047
7592,0,normal,0.07148896902799606,0.3546538716314043,11.482774431398184
7593,0,normal,0.0714651495218277,0.3546538716314043,11.4793507085069
7594,0,normal,0.07144132256507874,0.3546538716314043,11.475927412594501
7595,0,normal,0.07141750305891037,0.3546538716314043,11.472504453433658
7596,0,normal,0.07139364629983902,0.3546538716314043,11.46908174278542
7597,0,normal,0.07136977463960648,0.3546538716314043,11.46565936897241
7598,0,normal,0.07134593278169632,0.3546538716314043,11.462237331995766
7599,0,normal,0.07132206112146378,0.3546538716314043,11.458815721973224
7600,0,normal,0.07129815965890884,0.3546538716314043,11.455394360509217
7601,0,normal,0.0712742805480957,0.3546538716314043,11.451973425983851
7602,0,normal,0.07125037908554077,0.3546538716314043,11.448552828225274
7603,0,normal,0.07122650742530823,0.3546538716314043,11.44513247906798
7604,0,normal,0.0712025910615921,0.3546538716314043,11.441712466762056
7605,0,normal,0.07117868214845657,0.3552025403536626,11.438292791311824
7606,0,normal,0.07115475833415985,0.3552025403536626,11.434873542770674
7607,0,normal,0.07113081961870193,0.3552025403536626,11.43145463101132
7608,0,normal,0.0711069107055664,0.3552025403536626,11.428036057936652
7609,0,normal,0.07108297199010849,0.3552025403536626,11.424617821651509
7610,0,normal,0.07105901092290878,0.3552025403536626,11.421199834042
7611,0,normal,0.07103507965803146,0.3552025403536626,11.417782183306599
7612,0,normal,0.07101112604141235,0.3552025403536626,11.414364869449855
7613,0,normal,0.07098715007305145,0.3552025403536626,11.41094798245581
7614,0,normal,0.07096317410469055,0.3552025403536626,11.407531432261294
7615,0,normal,0.07093918323516846,0.3552025403536626,11.404115220775338
7616,0,normal,0.07091520726680756,0.3552025403536626,11.400699346096644
7617,0,normal,0.07089121639728546,0.3552025403536626,11.397283630222091
7618,0,normal,0.07086720317602158,0.3552025403536626,11.393868341266625
7619,0,normal,0.07084318995475769,0.3552025403536626,11.390453389203003
7620,0,normal,0.07081916928291321,0.3552025403536626,11.387038863968883
7621,0,normal,0.07079517096281052,0.3552025403536626,11.38362467554839
7622,0,normal,0.07077111303806305,0.3552025403536626,11.380210825858967
7623,0,normal,0.07074708491563797,0.3552025403536626,11.37679731299636
7624,0,normal,0.0707230344414711,0.3552025403536626,11.373383959076591
7625,0,normal,0.07069898396730423,0.3552025403536626,11.369971032038393
7626,0,normal,0.07067494094371796,0.3552025403536626,11.366558441910456
7627,0,normal,0.0706508606672287,0.3552025403536626,11.363146278565637
7628,0,normal,0.07062678784132004,0.3552025403536626,11.359734452058092
7629,0,normal,0.07060271501541138,0.3552025403536626,11.356322964301171
7630,0,normal,0.07057864218950272,0.3552025403536626,11.352911813387209
7631,0,normal,0.07055452466011047,0.3552025403536626,11.349500821565016
7632,0,normal,0.07053044438362122,0.3552025403536626,11.346090256574598
7633,0,normal,0.07050631940364838,0.3552025403536626,11.342680028518089
7634,0,normal,0.07048221677541733,0.3552025403536626,11.339270227201496
7635,0,normal,0.07045809179544449,0.3552025403536626,11.33586076274355
7636,0,normal,0.07043396681547165,0.3552025403536626,11.3324516370526
7637,0,normal,0.07040982693433762,0.3552025403536626,11.329042848223708
7638,0,normal,0.07038568705320358,0.3552025403536626,11.325634218629602
7639,0,normal,0.07036153227090836,0.3552025403536626,11.322226015824299
7640,0,normal,0.07033740729093552,0.3552025403536626,11.318818149975414
7641,0,normal,0.07031320780515671,0.3552025403536626,11.315410710823244
7642,0,normal,0.07028903812170029,0.3552025403536626,11.312003608549048
7643,0,normal,0.07026486843824387,0.3552025403536626,11.308596845059355
7644,0,normal,0.07024069130420685,0.3552025403536626,11.305190328737808
7645,0,normal,0.07021652162075043,0.3552025403536626,11.301784061581202
7646,0,normal,0.07019232213497162,0.3552025403536626,11.298378221170651
7647,0,normal,0.07016812264919281,0.3552025403536626,11.294972805521411
7648,0,normal,0.07014388591051102,0.3552025403536626,11.291567728667587
7649,0,normal,0.07011968642473221,0.3552025403536626,11.288162988708791
7650,0,normal,0.07009544968605042,0.3552025403536626,11.284758497899247
7651,0,normal,0.07007121294736862,0.3552025403536626,11.28135434407045
7652,0,normal,0.07004699110984802,0.3552025403536626,11.277950439484812
7653,0,normal,0.07002270966768265,0.3552025403536626,11.274546961607484
7654,0,normal,0.06999848783016205,0.3552025403536626,11.271143908445083
7655,0,normal,0.06997421383857727,0.3552025403536626,11.267741194099017
7656,0,normal,0.06994993984699249,0.3552025403536626,11.264338816670943
7657,0,normal,0.06992567330598831,0.3552025403536626,11.260936688463062
7658,0,normal,0.06990139931440353,0.3552025403536626,11.257534897261394
7659,0,normal,0.06987711042165756,0.3552025403536626,11.254133355385875
7660,0,normal,0.06985282152891159,0.3552025403536626,11.250732240171146
7661,0,normal,0.06982851773500443,0.3552025403536626,11.247331549633145
7662,0,normal,0.06980422139167786,0.3552025403536626,11.243931197932397
7663,0,normal,0.0697798877954483,0.3552025403536626,11.240531183166013
7664,0,normal,0.06975556164979935,0.3552025403536626,11.237131417702358
7665,0,normal,0.0697312280535698,0.3552025403536626,11.233731989261969
7666,0,normal,0.06970693916082382,0.3555706289970805,11.230332810230948
7667,0,normal,0.06968255341053009,0.3555706289970805,11.226934057818198
7668,0,normal,0.06965823471546173,0.3555706289970805,11.223535730037838
7669,0,normal,0.0696338638663292,0.3555706289970805,11.220137741113831
7670,0,normal,0.06960951536893845,0.3555706289970805,11.216740089144423
7671,0,normal,0.06958511471748352,0.3555706289970805,11.213342686561873
7672,0,normal,0.06956077367067337,0.3555706289970805,11.209945621021234
7673,0,normal,0.06953639537096024,0.3555706289970805,11.206548804967042
7674,0,normal,0.06951197981834412,0.3555706289970805,11.203152503040883
7675,0,normal,0.06948757916688919,0.3555706289970805,11.1997565380791
7676,0,normal,0.06946318596601486,0.3555706289970805,11.196360911998227
7677,0,normal,0.06943877041339874,0.3555706289970805,11.192965622890597
7678,0,normal,0.06941436231136322,0.3555706289970805,11.18957058324986
7679,0,normal,0.06938991695642471,0.3555706289970805,11.18617588066786
7680,0,normal,0.069365493953228,0.3555706289970805,11.18278151514869
7681,0,normal,0.06934105604887009,0.3555706289970805,11.17938757608772
7682,0,normal,0.06931661069393158,0.3555706289970805,11.175993974015682
7683,0,normal,0.06929216533899307,0.3555706289970805,11.172600621465563
7684,0,normal,0.06926820427179337,0.3555706289970805,11.169196256919122
7685,0,normal,0.06924299895763397,0.3555706289970805,11.165803589599363
7686,0,normal,0.06921856105327606,0.3555706289970805,11.162411259369492
7687,0,normal,0.06919407844543457,0.3555706289970805,11.159019266214273
7688,0,normal,0.06916960328817368,0.3555706289970805,11.1556276994786
7689,0,normal,0.0691450908780098,0.3555706289970805,11.152236469749141
7690,0,normal,0.0691206157207489,0.3555706289970805,11.148845489623227
7691,0,normal,0.06909613311290741,0.3555706289970805,11.14545493589344
7692,0,normal,0.06907165050506592,0.3555706289970805,11.142064631788116
7693,0,normal,0.06904712319374084,0.3555706289970805,11.138674664787914
7694,0,normal,0.06902262568473816,0.3555706289970805,11.13528503488601
7695,0,normal,0.06899808347225189,0.3555706289970805,11.131895831357724
7696,0,normal,0.06897355616092682,0.3555706289970805,11.128506964855433
7697,0,normal,0.06894903630018234,0.3555706289970805,11.125118348041497
7698,0,normal,0.06892447918653488,0.3555706289970805,11.121730157577076
7699,0,normal,0.06889991462230682,0.3555706289970805,11.118342216823294
7700,0,normal,0.06887536495923996,0.3555706289970805,11.114954613184864
7701,0,normal,0.0688508003950119,0.3555706289970805,11.111567346669517
7702,0,normal,0.06882622092962265,0.3555706289970805,11.108180506488225
7703,0,normal,0.068801648914814,0.3555706289970805,11.104794003348843
7704,0,normal,0.06877705454826355,0.3555706289970805,11.101407749974669
7705,0,normal,0.0687524676322937,0.3555706289970805,11.098021922913404
7706,0,normal,0.06872786581516266,0.3555706289970805,11.09463634564122
7707,0,normal,0.06870324164628983,0.3555706289970805,11.091251105505535
7708,0,normal,0.06867862492799759,0.3555706289970805,11.087866202512032
7709,0,normal,0.06865401566028595,0.3555706289970805,11.08448172580529
7710,0,normal,0.06862935423851013,0.3555706289970805,11.081097586163423
7711,0,normal,0.0686047300696373,0.3555706289970805,11.077713696373621
7712,0,normal,0.06858006864786148,0.3555706289970805,11.074330232846705
7713,0,normal,0.06855542957782745,0.3555706289970805,11.070947106390577
7714,0,normal,0.06853080540895462,0.3555706289970805,11.067575390714183
7715,0,normal,0.06850612908601761,0.3555706289970805,11.064192842052762
7716,0,normal,0.0684814378619194,0.3555706289970805,11.060810719635583
7717,0,normal,0.06845676153898239,0.3555706289970805,11.05742893429965
7718,0,normal,0.06843210756778717,0.3555706289970805,11.054047398893772
7719,0,normal,0.06840737164020538,0.3555706289970805,11.050666289715082
7720,0,normal,0.06838269531726837,0.3555706289970805,11.047285517626278
7721,0,normal,0.06835799664258957,0.3555706289970805,11.043904995503908
7722,0,normal,0.06833327561616898,0.3555706289970805,11.040524810558054
7723,0,normal,0.06830853968858719,0.3555706289970805,11.037144962795765
7724,0,normal,0.068283811211586,0.3555706289970805,11.033765541231105
7725,0,normal,0.06825906783342361,0.3555706289970805,11.030386369669941
7726,0,normal,0.06823430955410004,0.3555706289970805,11.027007624297767
7727,0,normal,0.06820958852767944,0.3555706289970805,11.02362912704848
7728,0,normal,0.06818480789661407,0.3555706289970805,11.020250968904293
7729,0,normal,0.06816007196903229,0.3555706289970805,11.016873147955494
7730,0,normal,0.06813529133796692,0.3555706289970805,11.013495664206403
7731,0,normal,0.06811054050922394,0.3555706289970805,11.010118606613787
7732,0,normal,0.06808573752641678,0.3555706289970805,11.006741799110841
7733,0,normal,0.068060964345932,0.355257848284648,11.003365417746636
7734,0,normal,0.06803616136312485,0.355257848284648,10.99998928459354
7735,0,normal,0.06801135838031769,0.355257848284648,10.996613490561458
7736,0,normal,0.06798655539751053,0.355257848284648,10.993238033742273
7737,0,normal,0.06796175986528397,0.355257848284648,10.989862914144396
7738,0,normal,0.06793688982725143,0.355257848284648,10.986488220662295
7739,0,normal,0.06791207194328308,0.355257848284648,10.983113777343988
7740,0,normal,0.06788725405931473,0.355257848284648,10.979739760128723
7741,0,normal,0.06786239892244339,0.355257848284648,10.976365991201874
7742,0,normal,0.06783758848905563,0.355257848284648,10.97299256141514
7743,0,normal,0.06781270354986191,0.355257848284648,10.969619468864494
7744,0,normal,0.06778784841299057,0.355257848284648,10.966246713547434
7745,0,normal,0.06776297092437744,0.355257848284648,10.962874384306588
7746,0,normal,0.06773810088634491,0.355257848284648,10.95950230531821
7747,0,normal,0.06771320849657059,0.355257848284648,10.956130652383308
7748,0,normal,0.06768833845853806,0.355257848284648,10.952759247816857
7749,0,normal,0.06766344606876373,0.355257848284648,10.949388182409848
7750,0,normal,0.06763853132724762,0.355257848284648,10.946017454259618
7751,0,normal,0.0676136165857315,0.355257848284648,10.942647063367758
7752,0,normal,0.0675887018442154,0.355257848284648,10.939277098500497
7753,0,normal,0.06756380200386047,0.355257848284648,10.935907470816574
7754,0,normal,0.06753888726234436,0.355257848284648,10.93253818222479
7755,0,normal,0.06751392781734467,0.355257848284648,10.929169142083992
7756,0,normal,0.06748898327350616,0.355257848284648,10.9258004411181
7757,0,normal,0.06746403872966766,0.355257848284648,10.922432164247766
7758,0,normal,0.06743907183408737,0.355257848284648,10.919064137760643
7759,0,normal,0.06741413474082947,0.355257848284648,10.915696537262875
7760,0,normal,0.06738915294408798,0.355257848284648,10.912329273967089
7761,0,normal,0.0673641636967659,0.355257848284648,10.908962261095212
7762,0,normal,0.0673392117023468,0.355257848284648,10.905595585509445
7763,0,normal,0.06731421500444412,0.355257848284648,10.902229160453544
7764,0,normal,0.06728921830654144,0.355257848284648,10.898863248186899
7765,0,normal,0.06726422160863876,0.355257848284648,10.895497586394185
7766,0,normal,0.0672391951084137,0.355257848284648,10.892132350539896
7767,0,normal,0.06721422076225281,0.355257848284648,10.888767451904414
7768,0,normal,0.06718918681144714,0.355257848284648,10.885402803780153
7769,0,normal,0.06716417521238327,0.355257848284648,10.882038492958827
7770,0,normal,0.06713913381099701,0.355257848284648,10.878674432748312
7771,0,normal,0.06711409986019135,0.355257848284648,10.87531088522337
7772,0,normal,0.0670890286564827,0.355257848284648,10.871947588250123
7773,0,normal,0.06706397980451584,0.355257848284648,10.868584717173007
7774,0,normal,0.06703894585371017,0.355257848284648,10.865222183341984
7775,0,normal,0.06701387465000153,0.355257848284648,10.861859900092213
7776,0,normal,0.06698879599571228,0.3545230134006386,10.858497954170844
7777,0,normal,0.06696371734142303,0.3545230134006386,10.855136258936682
7778,0,normal,0.06693863868713379,0.3545230134006386,10.851775076286913
7779,0,normal,0.06691353768110275,0.3545230134006386,10.848414144271828
7780,0,normal,0.06688845902681351,0.3545230134006386,10.845053638108311
7781,0,normal,0.06686334311962128,0.3545230134006386,10.841693469203165
7782,0,normal,0.06683823466300964,0.3545230134006386,10.838333550968855
7783,0,normal,0.06681311875581741,0.3545230134006386,10.83497397008091
7784,0,normal,0.0667886883020401,0.3545230134006386,10.831599597932154
7785,0,normal,0.06676255166530609,0.3545230134006386,10.828240792579436
7786,0,normal,0.06673745065927505,0.3545230134006386,10.824882237940074
7787,0,normal,0.06671229004859924,0.3545230134006386,10.821524109117036
7788,0,normal,0.06668718159198761,0.3545230134006386,10.818166317571695
7789,0,normal,0.0666620209813118,0.3545230134006386,10.814808776770633
7790,0,normal,0.06663685292005539,0.3545230134006386,10.811451573340264
7791,0,normal,0.06661172211170197,0.3545230134006386,10.808094707275814
7792,0,normal,0.06658654659986496,0.3545230134006386,10.804738266994491
7793,0,normal,0.06656141579151154,0.3545230134006386,10.801382164005645
7794,0,normal,0.06653624773025513,0.3545230134006386,10.798026400219896
7795,0,normal,0.06651108711957932,0.3545230134006386,10.794670973727762
7796,0,normal,0.06648587435483932,0.35499368881175064,10.791315798064943
7797,0,normal,0.06646068394184113,0.35499368881175064,10.787960959786687
7798,0,normal,0.06643547117710114,0.35499368881175064,10.784606458899134
7799,0,normal,0.06641027331352234,0.35499368881175064,10.781252383747415
7800,0,normal,0.06638506799936295,0.35499368881175064,10.777898645910454
7801,0,normal,0.06635983288288116,0.35499368881175064,10.77454524729501
7802,0,normal,0.06633461266756058,0.35499368881175064,10.771192185996824
7803,0,normal,0.0663093626499176,0.35499368881175064,10.767839375603671
7804,0,normal,0.06628412008285522,0.35499368881175064,10.764486902616682
7805,0,normal,0.06625888496637344,0.35499368881175064,10.761134767033354
7806,0,normal,0.06623360514640808,0.35499368881175064,10.7577830571513
7807,0,normal,0.0662083774805069,0.35499368881175064,10.754431684596966
7808,0,normal,0.06618308275938034,0.35499368881175064,10.75108065128552
7809,0,normal,0.06615780293941498,0.35499368881175064,10.747729955304749
7810,0,normal,0.06613253057003021,0.35499368881175064,10.744379422064185
7811,0,normal,0.06610724329948425,0.35499368881175064,10.741029314570596
7812,0,normal,0.0660819485783577,0.35499368881175064,10.737679544505227
7813,0,normal,0.06605663895606995,0.35499368881175064,10.7343302000927
7814,0,normal,0.06603135168552399,0.35499368881175064,10.73099586632361
7815,0,normal,0.06600600481033325,0.35499368881175064,10.72764718622625
7816,0,normal,0.0659806877374649,0.35499368881175064,10.72429884348412
7817,0,normal,0.06595535576343536,0.35499368881175064,10.72095066362067
7818,0,normal,0.06593003123998642,0.35499368881175064,10.717602909464404
7819,0,normal,0.06590467691421509,0.35499368881175064,10.714255492749317
7820,0,normal,0.06587933748960495,0.35499368881175064,10.710908501650238
7821,0,normal,0.06585398316383362,0.35499368881175064,10.707561847920942
7822,0,normal,0.0658285841345787,0.35499368881175064,10.70421553346523
7823,0,normal,0.06580322235822678,0.35499368881175064,10.700869556385214
7824,0,normal,0.06577786058187485,0.35499368881175064,10.697523742326439
7825,0,normal,0.06575246900320053,0.35499368881175064,10.694178353930965
7826,0,normal,0.06572706997394562,0.35499368881175064,10.690833302998954
7827,0,normal,0.0657016783952713,0.35499368881175064,10.687488677636793
7828,0,normal,0.0656762644648552,0.35499368881175064,10.684144389662151
7829,0,normal,0.06565087288618088,0.35499368881175064,10.680800440982694
7830,0,normal,0.06562545150518417,0.35499368881175064,10.677456829697803
7831,0,normal,0.06560004502534866,0.35499368881175064,10.674113381574898
7832,0,normal,0.06557460129261017,0.35499368881175064,10.670770359074822
7833,0,normal,0.06554917991161346,0.35499368881175064,10.66742767405276
7834,0,normal,0.06552372872829437,0.35499368881175064,10.664085414562578
7835,0,normal,0.06549830734729767,0.35499368881175064,10.660743492478105
7836,0,normal,0.06547283381223679,0.35499368881175064,10.65740182168338
7837,0,normal,0.06544739753007889,0.35499368881175064,10.654060576399843
7838,0,normal,0.065421923995018,0.35499368881175064,10.650719494419718
7839,0,normal,0.06539647281169891,0.35499368881175064,10.64737883801763
7840,0,normal,0.06537098437547684,0.35499368881175064,10.644038605203832
7841,0,normal,0.06534548103809357,0.35499368881175064,10.640698711715686
7842,0,normal,0.06532000750303268,0.35499368881175064,10.637359155654849
7843,0,normal,0.06529449671506882,0.35499368881175064,10.634019850963568
7844,0,normal,0.06526901572942734,0.35499368881175064,10.63068088378327
7845,0,normal,0.06524349004030228,0.35499368881175064,10.62734216807894
7846,0,normal,0.0652179941534996,0.35499368881175064,10.624003877911719
7847,0,normal,0.06519246846437454,0.35499368881175064,10.620666011286858
7848,0,normal,0.06516693532466888,0.35499368881175064,10.617328484006748
7849,0,normal,0.06514140218496323,0.35499368881175064,10.613991294174184
7850,0,normal,0.06511586159467697,0.35499368881175064,10.610654355792576
7851,0,normal,0.06509033590555191,0.35499368881175064,10.607317754943324
7852,0,normal,0.06506479531526566,0.35499368881175064,10.603981405646664
7853,0,normal,0.06503922492265701,0.35499368881175064,10.600645481846186
7854,0,normal,0.06501365453004837,0.35499368881175064,10.597309981541684
7855,0,normal,0.06498808413743973,0.35499368881175064,10.593974820607855
7856,0,normal,0.06496250629425049,0.35499368881175064,10.590639997138624
7857,0,normal,0.06493694335222244,0.35499368881175064,10.587305425196973
7858,0,normal,0.06491135060787201,0.35499368881175064,10.58397119080314
7859,0,normal,0.06488574296236038,0.35499368881175064,10.580637208051712
7860,0,normal,0.06486015021800995,0.35499368881175064,10.57730365075031
7861,0,normal,0.06483455747365952,0.35499368881175064,10.573970516902818
7862,0,normal,0.0648089349269867,0.35499368881175064,10.570637722441006
7863,0,normal,0.06478331983089447,0.35499368881175064,10.567305265462437
7864,0,normal,0.06475769728422165,0.35499368881175064,10.563973060100125
7865,0,normal,0.06473208963871002,0.35499368881175064,10.560641192305184
7866,0,normal,0.06470642983913422,0.35499368881175064,10.557309662079206
7867,0,normal,0.0646807998418808,0.35499368881175064,10.553978471336904
7868,0,normal,0.06465514749288559,0.35499368881175064,10.550647704004405
7869,0,normal,0.06462948769330978,0.35499368881175064,10.547317276082367
7870,0,normal,0.06460382789373398,0.35499368881175064,10.543987185659034
7871,0,normal,0.06457818299531937,0.35499368881175064,10.54065734692881
7872,0,normal,0.06455250084400177,0.35499368881175064,10.537327845785967
7873,0,normal,0.06452683359384537,0.35499368881175064,10.533998682235506
7874,0,normal,0.06450112909078598,0.35499368881175064,10.530669943969542
7875,0,normal,0.06447544693946838,0.35499368881175064,10.527341543216835
7876,0,normal,0.06445127725601196,0.35499368881175064,10.523979816060546
7877,0,normal,0.0644233226776123,0.35499368881175064,10.520652120014347
7878,0,normal,0.06439768522977829,0.35499368881175064,10.517324675747659
7879,0,normal,0.0643719881772995,0.35499368881175064,10.51399756909177
7880,0,normal,0.06434629112482071,0.35499368881175064,10.510670800045773
7881,0,normal,0.06432057172060013,0.3553473181920224,10.507344456237206
7882,0,normal,0.06429487466812134,0.3553473181920224,10.504018449968726
7883,0,normal,0.06426917016506195,0.3553473181920224,10.500692695525004
7884,0,normal,0.06424346566200256,0.3553473181920224,10.497367366307344
7885,0,normal,0.06421775370836258,0.3553473181920224,10.494042288943092
7886,0,normal,0.06419204920530319,0.3553473181920224,10.490717549206693
7887,0,normal,0.06416631489992142,0.3553473181920224,10.487393147100875
7888,0,normal,0.06414058804512024,0.3553473181920224,10.484069170192015
7889,0,normal,0.06411484628915787,0.3553473181920224,10.480745530833474
7890,0,normal,0.0640891045331955,0.3553473181920224,10.477422143388821
7891,0,normal,0.06406332552433014,0.3553473181920224,10.474099181125439
7892,0,normal,0.06403755396604538,0.3553473181920224,10.470776470795727
7893,0,normal,0.06401178985834122,0.3553473181920224,10.46745409811092
7894,0,normal,0.06398599594831467,0.3553473181920224,10.464132063081024
7895,0,normal,0.06396022439002991,0.3547672229325478,10.46081045320102
7896,0,normal,0.06393443048000336,0.3547672229325478,10.45748918089157
7897,0,normal,0.06390859186649323,0.3547672229325478,10.454168160576273
7898,0,normal,0.06388280540704727,0.3547672229325478,10.450847565400409
7899,0,normal,0.06385699659585953,0.3547672229325478,10.447527222235294
7900,0,normal,0.06383117288351059,0.3547672229325478,10.444207216735549
7901,0,normal,0.06380533427000046,0.3547672229325478,10.440887548901173
7902,0,normal,0.06377951055765152,0.3547672229325478,10.437568306184858
7903,0,normal,0.0637536570429802,0.3547672229325478,10.434249401056604
7904,0,normal,0.06372781097888947,0.3547672229325478,10.430930748000264
7905,0,normal,0.06370195746421814,0.3547672229325478,10.4276125200372
7906,0,normal,0.06367611885070801,0.3547672229325478,10.424327376847259
7907,0,normal,0.06365025043487549,0.3547672229325478,10.421009710887574
7908,0,normal,0.06362435221672058,0.3547672229325478,10.417692382616906
7909,0,normal,0.06359846889972687,0.3547672229325478,10.414375392035026
7910,0,normal,0.06357258558273315,0.3547672229325478,10.411058826518229
7911,0,normal,0.06354667991399765,0.3547672229325478,10.407742513154062
7912,0,normal,0.06352075934410095,0.3547672229325478,10.404426624836788
7913,0,normal,0.06349486112594604,0.3540892035727032,10.401111074141227
7914,0,normal,0.06346892565488815,0.3540892035727032,10.397795775637178
7915,0,normal,0.06344301998615265,0.3540892035727032,10.394480814832832
7916,0,normal,0.06341708451509476,0.3540892035727032,10.391166191736602
7917,0,normal,0.06339114159345627,0.3540892035727032,10.387851993658614
7918,0,normal,0.06336520612239838,0.3540892035727032,10.384538047821934
7919,0,normal,0.06333926320075989,0.3540892035727032,10.381224526986216
7920,0,normal,0.0633133128285408,0.3540892035727032,10.377911256506877
7921,0,normal,0.06328734755516052,0.3540892035727032,10.374598325652187
7922,0,normal,0.06326139718294144,0.3540892035727032,10.371285732521983
7923,0,normal,0.06323539465665817,0.3540892035727032,10.367973477116266
7924,0,normal,0.0632094219326973,0.3540892035727032,10.364661646689456
7925,0,normal,0.06318344175815582,0.3540892035727032,10.36135006857512
7926,0,normal,0.06315747648477554,0.3540892035727032,10.358038915428551
7927,0,normal,0.06313148140907288,0.3540892035727032,10.354728012716578
7928,0,normal,0.06310547143220901,0.3540892035727032,10.35141744964426
7929,0,normal,0.06307949125766754,0.3540892035727032,10.348107224315527
7930,0,normal,0.06305346637964249,0.3540892035727032,10.344797336732427
7931,0,normal,0.06302744150161743,0.3540892035727032,10.341487874086624
7932,0,normal,0.06300142407417297,0.3540892035727032,10.338178663833332
7933,0,normal,0.06297537684440613,0.3540892035727032,10.334869878505287
7934,0,normal,0.06294937431812286,0.3540892035727032,10.331561343689145
7935,0,normal,0.06292332708835602,0.3540892035727032,10.328253148534941
7936,0,normal,0.06289728730916977,0.3540892035727032,10.324945291144331
7937,0,normal,0.06287123262882233,0.3540892035727032,10.321637771513679
7938,0,normal,0.06284516304731369,0.3540892035727032,10.31833067677826
7939,0,normal,0.06281910836696625,0.3540892035727032,10.31502391973163
7940,0,normal,0.06279304623603821,0.3540892035727032,10.311717502276224
7941,0,normal,0.06276698410511017,0.3538314542251679,10.308411335417532
7942,0,normal,0.06274090707302094,0.3538314542251679,10.305105508241013
7943,0,normal,0.0627148300409317,0.3538314542251679,10.30180001884355
7944,0,normal,0.06268873065710068,0.3538314542251679,10.298494867229238
7945,0,normal,0.06266264617443085,0.3538314542251679,10.295190140463319
7946,0,normal,0.06263652443885803,0.3538314542251679,10.291885751403015
7947,0,normal,0.06261041015386581,0.3538314542251679,10.28858170196122
7948,0,normal,0.06258431822061539,0.3538314542251679,10.285277903191627
7949,0,normal,0.06255822628736496,0.3538314542251679,10.281974357092622
7950,0,normal,0.06253208220005035,0.3538314542251679,10.278671321010734
7951,0,normal,0.06250597536563873,0.3538314542251679,10.275368537541908
7952,0,normal,0.06247984617948532,0.3538314542251679,10.272066178880095
7953,0,normal,0.062453702092170715,0.3538314542251679,10.268764157942314
7954,0,normal,0.06242753937840462,0.3538314542251679,10.265462389653976
7955,0,normal,0.06240139529109001,0.3538314542251679,10.262160959174935
7956,0,normal,0.062375228852033615,0.3538314542251679,10.258859781451747
7957,0,normal,0.06234908476471901,0.3538314542251679,10.255559113638355
7958,0,normal,0.062322914600372314,0.3538314542251679,10.252258698517153
7959,0,normal,0.06229674443602562,0.3538314542251679,10.248958708162263
7960,0,normal,0.06227057799696922,0.3538314542251679,10.24565905555096
7961,0,normal,0.06224437803030014,0.3538314542251679,10.242359655666178
7962,0,normal,0.06221819669008255,0.3538314542251679,10.239060593613885
7963,0,normal,0.062192004173994064,0.3538314542251679,10.23576178439589
7964,0,normal,0.062165793031454086,0.3538314542251679,10.232463484980144
7965,0,normal,0.0621396079659462,0.3538314542251679,10.229165438342989
7966,0,normal,0.06211339682340622,0.3538314542251679,10.22586781642326
7967,0,normal,0.06208716332912445,0.3538314542251679,10.222570532270993
7968,0,normal,0.062060970813035965,0.3538314542251679,10.219273500924373
7969,0,normal,0.062034741044044495,0.3538314542251679,10.215976807428433
7970,0,normal,0.06200849264860153,0.3538314542251679,10.21268036684387
7971,0,normal,0.06198224797844887,0.3538314542251679,10.209384435960374
7972,0,normal,0.061956021934747696,0.3538314542251679,10.206088757935504
7973,0,normal,0.061929769814014435,0.3538314542251679,10.202793504585316
7974,0,normal,0.061903536319732666,0.3538314542251679,10.199498589019868
7975,0,normal,0.06187726557254791,0.3538314542251679,10.196203926341013
7976,0,normal,0.06185099110007286,0.3538314542251679,10.192909601533984
7977,0,normal,0.0618247464299202,0.3538314542251679,10.189615529717685
7978,0,normal,0.061798468232154846,0.3538314542251679,10.18632196749968
7979,0,normal,0.0617721751332283,0.3538314542251679,10.183028743076648
7980,0,normal,0.06174590811133385,0.3538314542251679,10.179735858354661
7981,0,normal,0.06171960011124611,0.3538314542251679,10.176443311436742
7982,0,normal,0.06169331446290016,0.3526139455080341,10.173151017488635
7983,0,normal,0.06166703999042511,0.3526139455080341,10.169859061422585
7984,0,normal,0.06164071336388588,0.3526139455080341,10.166567443249733
7985,0,normal,0.06161440163850784,0.3526139455080341,10.163276249684714
7986,0,normal,0.061588089913129807,0.3526139455080341,10.1599853939274
7987,0,normal,0.06156177073717117,0.3526139455080341,10.156694877893187
7988,0,normal,0.06153542548418045,0.3526139455080341,10.153404699681005
7989,0,normal,0.06150911748409271,0.3526139455080341,10.150114774516169
7990,0,normal,0.061482787132263184,0.35288548978128487,10.146825187257718
7991,0,normal,0.06145642325282097,0.35288548978128487,10.143535937910201
7992,0,normal,0.061430081725120544,0.35288548978128487,10.140247113122086
7993,0,normal,0.06140373274683952,0.35288548978128487,10.136958626166006
7994,0,normal,0.06137736514210701,0.35288548978128487,10.13367047895008
7995,0,normal,0.061350997537374496,0.35288548978128487,10.130382669574601
7996,0,normal,0.061324652284383774,0.35288548978128487,10.127095113327869
7997,0,normal,0.061298269778490067,0.35288548978128487,10.123807895005484
7998,0,normal,0.06127190589904785,0.35288548978128487,10.120521014610631
7999,0,normal,0.06124550849199295,0.35288548978128487,10.117234558735163
8000,0,normal,0.06121912971138954,0.35288548978128487,10.113948440709237
8001,0,normal,0.06119270995259285,0.35288548978128487,10.11066266244643
8002,0,normal,0.06116632744669914,0.35288548978128487,10.107377222035666
8003,0,normal,0.06113993376493454,0.35288548978128487,10.104091948285031
8004,0,normal,0.06111352890729904,0.35288548978128487,10.10080709910244
8005,0,normal,0.06108710542321205,0.35288548978128487,10.09752258786807
8006,0,normal,0.061060674488544464,0.35288548978128487,10.094238501105792
8007,0,normal,0.06103426590561867,0.35288548978128487,10.09095475221443
8008,0,normal,0.06100781634449959,0.35288548978128487,10.087671343102784
8009,0,normal,0.060981374233961105,0.35288548978128487,10.08438827186319
8010,0,normal,0.06095496937632561,0.35288548978128487,10.081105367427426
8011,0,normal,0.060928501188755035,0.35288548978128487,10.077822887514685
8012,0,normal,0.06090206280350685,0.35288548978128487,10.074540745568584
8013,0,normal,0.06087559834122658,0.35288548978128487,10.071259028050463
8014,0,normal,0.060849133878946304,0.35288548978128487,10.06797764842645
8015,0,normal,0.060822680592536926,0.35288548978128487,10.064696608594431
8016,0,normal,0.06079617887735367,0.35288548978128487,10.061415906661068
8017,0,normal,0.06076973304152489,0.35288548978128487,10.058135371666822
8018,0,normal,0.060743238776922226,0.35288548978128487,10.054855261156263
8019,0,normal,0.06071676313877106,0.35288548978128487,10.051575488631443
8020,0,normal,0.06069027632474899,0.35288548978128487,10.048296140492312
8021,0,normal,0.060663774609565735,0.35288548978128487,10.045017130260476
8022,0,normal,0.060637276619672775,0.35288548978128487,10.041738373457065
8023,0,normal,0.06061077117919922,0.35288548978128487,10.03846004102843
8024,0,normal,0.060584262013435364,0.35288548978128487,10.035181875684202
8025,0,normal,0.06055774912238121,0.35288548978128487,10.031904134775914
8026,0,normal,0.06053122133016586,0.35288548978128487,10.028626731871782
8027,0,normal,0.06050467863678932,0.35288548978128487,10.025349753313094
8028,0,normal,0.06047815829515457,0.35288548978128487,10.022073112682165
8029,0,normal,0.060451630502939224,0.35288548978128487,10.018796725556513
8030,0,normal,0.06042510271072388,0.35288548978128487,10.015520762765163
8031,0,normal,0.060398541390895844,0.35288548978128487,10.012244967195556
8032,0,normal,0.0603720098733902,0.35288548978128487,10.00896959602369
8033,0,normal,0.06034543737769127,0.35288548978128487,10.00569464725504
8034,0,normal,0.060318879783153534,0.35288548978128487,10.00242003833364
8035,0,normal,0.060292329639196396,0.35288548978128487,9.999145767358641
8036,0,normal,0.060265738517045975,0.35288548978128487,9.995871749970547
8037,0,normal,0.060239169746637344,0.35288548978128487,9.99259807061867
8038,0,normal,0.06021258980035782,0.35288548978128487,9.989324644957378
8039,0,normal,0.06018600985407829,0.35288548978128487,9.98605164365631
8040,0,normal,0.06015941873192787,0.35288548978128487,9.982779064705483
8041,0,normal,0.06013282388448715,0.35288548978128487,9.979506825626686
8042,0,normal,0.060106225311756134,0.35288548978128487,9.976234924512255
8043,0,normal,0.060079630464315414,0.35288548978128487,9.972963277066583
8044,0,normal,0.0600530244410038,0.35288548978128487,9.96969196766895
8045,0,normal,0.06002640351653099,0.35288548978128487,9.966420912051717
8046,0,normal,0.059999771416187286,0.35288548978128487,9.963150280738091
8047,0,normal,0.05997316539287567,0.35288548978128487,9.959880071746056
8048,0,normal,0.05994652211666107,0.35288548978128487,9.956610202636284
8049,0,normal,0.05991990119218826,0.35288548978128487,9.953340671507021
8050,0,normal,0.05989326536655426,0.35288548978128487,9.950071394134284
8051,0,normal,0.05986662581562996,0.35288548978128487,9.946802454825729
8052,0,normal,0.059839989989995956,0.3530446973465879,9.94353385359068
8053,0,normal,0.059813328087329865,0.3530446973465879,9.940265592335663
8054,0,normal,0.05978667363524437,0.3530446973465879,9.936997753350852
8055,0,normal,0.05976000055670738,0.3530446973465879,9.933730254273087
8056,0,normal,0.05973333120346069,0.3530446973465879,9.930463093192202
8057,0,normal,0.0597066804766655,0.3530446973465879,9.927196185944695
8058,0,normal,0.059679992496967316,0.3530446973465879,9.923929616784562
8059,0,normal,0.059653326869010925,0.3530446973465879,9.920663385715443
8060,0,normal,0.05962663143873215,0.3530446973465879,9.917397494640227
8061,0,normal,0.05959995463490486,0.3530446973465879,9.914132025798608
8062,0,normal,0.05957326665520668,0.3530446973465879,9.910866810846073
8063,0,normal,0.059546586126089096,0.3530446973465879,9.907602020013655
8064,0,normal,0.05951986834406853,0.3530446973465879,9.904337483101244
8065,0,normal,0.05949316546320915,0.3530446973465879,9.901073284288259
8066,0,normal,0.059466440230607986,0.3530446973465879,9.897809423584249
8067,0,normal,0.05943971127271652,0.3530446973465879,9.894545986981939
8068,0,normal,0.05941300839185715,0.3530446973465879,9.89128288841107
8069,0,normal,0.05938627943396568,0.3530446973465879,9.888020043809092
8070,0,normal,0.059359531849622726,0.3530446973465879,9.884757623286987
8071,0,normal,0.059332821518182755,0.3530446973465879,9.881495456760376
8072,0,normal,0.059306081384420395,0.3530446973465879,9.87823362835752
8073,0,normal,0.05927933752536774,0.3530446973465879,9.87497213807842
8074,0,normal,0.059252578765153885,0.3530446973465879,9.871711071853952
8075,0,normal,0.05922583490610123,0.3530446973465879,9.868450343686163
8076,0,normal,0.059199053794145584,0.3530446973465879,9.865189869565938
8077,0,normal,0.05917229503393173,0.3530446973465879,9.861929819480793
8078,0,normal,0.05914553254842758,0.3530446973465879,9.858670023471404
8079,0,normal,0.05911877378821373,0.3530446973465879,9.855410565607144
8080,0,normal,0.05909198522567749,0.3530446973465879,9.852151445881418
8081,0,normal,0.05906521528959274,0.3530446973465879,9.848892750171217
8082,0,normal,0.059038423001766205,0.3530446973465879,9.84563439253293
8083,0,normal,0.05901162326335907,0.3534154546465747,9.842376289024742
8084,0,normal,0.058984819799661636,0.3534154546465747,9.839118609509342
8085,0,normal,0.0589580312371254,0.3534154546465747,9.835861184149053
8086,0,normal,0.058931246399879456,0.3534154546465747,9.832604096947989
8087,0,normal,0.05890444666147232,0.3534154546465747,9.829347347909561
8088,0,normal,0.058877624571323395,0.3534154546465747,9.826091022845276
8089,0,normal,0.058850809931755066,0.3534154546465747,9.822835035863136
8090,0,normal,0.05882398039102554,0.3534154546465747,9.81957930309568
8091,0,normal,0.05879714712500572,0.3534154546465747,9.816323994279855
8092,0,normal,0.058770325034856796,0.3534154546465747,9.813069023556636
8093,0,normal,0.05874349921941757,0.3534154546465747,9.809814307080842
8094,0,normal,0.05871667340397835,0.3534154546465747,9.806559928787237
8095,0,normal,0.05868984013795853,0.3534154546465747,9.803305888677414
8096,0,normal,0.05866296961903572,0.3534154546465747,9.800052272488756
8097,0,normal,0.0586361289024353,0.3534154546465747,9.796798910589814
8098,0,normal,0.05860928073525429,0.3534154546465747,9.793545972600214
8099,0,normal,0.058582406491041183,0.3534154546465747,9.790293372726182
8100,0,normal,0.05855553597211838,0.3534154546465747,9.787041027175974
8101,0,normal,0.058528684079647064,0.3534154546465747,9.783789019828191
8102,0,normal,0.05850180238485336,0.3534154546465747,9.780537350680106
8103,0,normal,0.05847493186593056,0.3534154546465747,9.777286105411122
8104,0,normal,0.05844803899526596,0.3534154546465747,9.774035114514163
8105,0,normal,0.05842114984989166,0.3534154546465747,9.770784547480389
8106,0,normal,0.058394256979227066,0.3534154546465747,9.767534318580829
8107,0,normal,0.05836739391088486,0.3534154546465747,9.76428434408922
8108,0,normal,0.058340489864349365,0.3534154546465747,9.761034707812541
8109,0,normal,0.058313582092523575,0.3534154546465747,9.757785409760118
8110,0,normal,0.058286674320697784,0.3534154546465747,9.754536535538818
8111,0,normal,0.0582597441971302,0.3534154546465747,9.751287915773219
8112,0,normal,0.05823283642530441,0.3534154546465747,9.748039719828284
8113,0,normal,0.05820593610405922,0.3534154546465747,9.74479177644821
8114,0,normal,0.05817899852991104,0.3534154546465747,9.74154417321688
8115,0,normal,0.05815206468105316,0.3534154546465747,9.73829690821617
8116,0,normal,0.05812513455748558,0.3534154546465747,9.735049981460861
8117,0,normal,0.058098193258047104,0.3534154546465747,9.731803478488246
8118,0,normal,0.058071255683898926,0.3534154546465747,9.728557230054776
8119,0,normal,0.05804431438446045,0.3534154546465747,9.725311405395132
8120,0,normal,0.05801738053560257,0.3534154546465747,9.722065833389479
8121,0,normal,0.0579904243350029,0.3534154546465747,9.718820601538255
8122,0,normal,0.05796345695853233,0.3534154546465747,9.715575707946527
8123,0,normal,0.05793648958206177,0.3534154546465747,9.712331152613388
8124,0,normal,0.0579095296561718,0.3534154546465747,9.709087021021787
8125,0,normal,0.05788254737854004,0.3534154546465747,9.70584322762079
8126,0,normal,0.05785559117794037,0.3534154546465747,9.7025997743051
8127,0,normal,0.0578286275267601,0.3534154546465747,9.699356573724572
8128,0,normal,0.05780162662267685,0.3534154546465747,9.696113713320074
8129,0,normal,0.057774655520915985,0.3534154546465747,9.692871191190989
8130,0,normal,0.057747647166252136,0.3534154546465747,9.689629007338226
8131,0,normal,0.057720668613910675,0.3534154546465747,9.686387247191306
8132,0,normal,0.057693660259246826,0.3534154546465747,9.683145825240672
8133,0,normal,0.057666655629873276,0.3534154546465747,9.679904743402858
8134,0,normal,0.05763966590166092,0.3534154546465747,9.676663914375467
8135,0,normal,0.05761266499757767,0.3534154546465747,9.673423340151885
8136,0,normal,0.05758564919233322,0.3534154546465747,9.670183189687577
8137,0,normal,0.05755864828824997,0.3534154546465747,9.666943377515508
8138,0,normal,0.057531580328941345,0.3534154546465747,9.663703989009491
8139,0,normal,0.05750457942485809,0.3534154546465747,9.66046493871977
8140,0,normal,0.05747752636671066,0.3534154546465747,9.6572262285556
8141,0,normal,0.05745051056146622,0.3534154546465747,9.653987771287802
8142,0,normal,0.05742346867918968,0.3534154546465747,9.650749568903393
8143,0,normal,0.05739641562104225,0.35273579431545077,9.64751187363936
8144,0,normal,0.05736937373876572,0.35273579431545077,9.644274433209148
8145,0,normal,0.05734233185648918,0.35273579431545077,9.641037416395648
8146,0,normal,0.057315271347761154,0.35273579431545077,9.637800737820953
8147,0,normal,0.05728822201490402,0.35273579431545077,9.634564314109639
8148,0,normal,0.057261161506175995,0.3516987268408668,9.631328228724215
8149,0,normal,0.05723410099744797,0.3516987268408668,9.628092398307672
8150,0,normal,0.057207029312849045,0.3516987268408668,9.624857074903957
8151,0,normal,0.05717996507883072,0.3516987268408668,9.621622006415237
8152,0,normal,0.0571528859436512,0.3516987268408668,9.618387361500936
8153,0,normal,0.05712580680847168,0.3516987268408668,9.615153054839311
8154,0,normal,0.05709870904684067,0.3516987268408668,9.611919003125422
8155,0,normal,0.05707164481282234,0.3516987268408668,9.608685289751065
8156,0,normal,0.05704453960061073,0.3516987268408668,9.605451831428581
8157,0,normal,0.05701744928956032,0.3516987268408668,9.602218880019791
8158,0,normal,0.056990351527929306,0.3516987268408668,9.598986183598754
8159,0,normal,0.0569632463157177,0.3516987268408668,9.595753910708481
8160,0,normal,0.056936152279376984,0.3516987268408668,9.592521976090666
8161,0,normal,0.056909024715423584,0.3516987268408668,9.58929029650335
8162,0,normal,0.056881919503211975,0.3516987268408668,9.586058955276258
8163,0,normal,0.05685479938983917,0.3516987268408668,9.582827869174025
8164,0,normal,0.05682766065001488,0.3516987268408668,9.579597289882713
8165,0,normal,0.05680054426193237,0.3516987268408668,9.576367048878865
8166,0,normal,0.056773439049720764,0.3516987268408668,9.5731371480706
8167,0,normal,0.05674630030989647,0.3516987268408668,9.569907585555711
8168,0,normal,0.05671916902065277,0.3516987268408668,9.566678278151585
8169,0,normal,0.056692030280828476,0.3516987268408668,9.56344930911996
8170,0,normal,0.05666486546397209,0.3516987268408668,9.560220595301416
8171,0,normal,0.05663774535059929,0.3516987268408668,9.55699238818329
8172,0,normal,0.056610576808452606,0.3516987268408668,9.553764519371498
8173,0,normal,0.05658342316746712,0.3516987268408668,9.550536990776436
8174,0,normal,0.056556280702352524,0.3516987268408668,9.547309800491576
8175,0,normal,0.05652910843491554,0.3516987268408668,9.544082865393193
8176,0,normal,0.056501951068639755,0.3516987268408668,9.540856268694142
8177,0,normal,0.056474797427654266,0.3520161427196452,9.537630010392604
8178,0,normal,0.056447602808475494,0.3520161427196452,9.534404175507007
8179,0,normal,0.056420426815748215,0.3520161427196452,9.53117867894457
8180,0,normal,0.056393250823020935,0.3520161427196452,9.527953522615917
8181,0,normal,0.05636607110500336,0.3520161427196452,9.524728704618155
8182,0,normal,0.05633888393640518,0.3520161427196452,9.521504141884634
8183,0,normal,0.05631169304251671,0.3520161427196452,9.518279917569771
8184,0,normal,0.05628451332449913,0.3520161427196452,9.515056031674021
8185,0,normal,0.056257303804159164,0.35185739898705,9.511832569147373
8186,0,normal,0.056230101734399796,0.35185739898705,9.508609444963895
8187,0,normal,0.05620288848876953,0.35185739898705,9.505386661029661
8188,0,normal,0.05617568641901016,0.35185739898705,9.502164215445418
8189,0,normal,0.05614849179983139,0.35185739898705,9.498942025208635
8190,0,normal,0.05612126737833023,0.35185739898705,9.495720173408927
8191,0,normal,0.056094054132699966,0.35185739898705,9.492498660043566
8192,0,normal,0.05606682971119881,0.35185739898705,9.489277570003651
8193,0,normal,0.05603960528969765,0.35185739898705,9.486056818325096
8194,0,normal,0.05601239576935768,0.35185739898705,9.482836406916704
8195,0,normal,0.05598515272140503,0.3513297705072998,9.47961633388013
8196,0,normal,0.05595792829990387,0.3513297705072998,9.47639643141315
8197,0,normal,0.055930692702531815,0.3513297705072998,9.473176952328004
8198,0,normal,0.05590344965457916,0.3513297705072998,9.469957811694712
8199,0,normal,0.05587618052959442,0.3513297705072998,9.466739094345485
8200,0,normal,0.05584896355867386,0.3513297705072998,9.46352071537035
8201,0,normal,0.05582169070839882,0.3513297705072998,9.460302676689025
8202,0,normal,0.05579443648457527,0.3513297705072998,9.457084976394981
8203,0,normal,0.055767178535461426,0.3513297705072998,9.45386744681582
8204,0,normal,0.055739931762218475,0.3513297705072998,9.450650340570519
8205,0,normal,0.05571265518665314,0.3513297705072998,9.4474335727989
8206,0,normal,0.05568540468811989,0.3513297705072998,9.444217228264051
8207,0,normal,0.05565809831023216,0.3513297705072998,9.441001222128989
8208,0,normal,0.055630847811698914,0.3513297705072998,9.437785471556253
8209,0,normal,0.05560356751084328,0.3513297705072998,9.434570144203462
8210,0,normal,0.05557628348469734,0.3513297705072998,9.43135498771585
8211,0,normal,0.05554898455739021,0.3513297705072998,9.428140254509799
8212,0,normal,0.05552172288298607,0.3513297705072998,9.424925859799487
8213,0,normal,0.05549444630742073,0.3513297705072998,9.421711888286154
8214,0,normal,0.0554671473801136,0.3513297705072998,9.418498255186023
8215,0,normal,0.05543984845280647,0.3513297705072998,9.415284877727345
8216,0,normal,0.055412545800209045,0.3513297705072998,9.412071923449048
8217,0,normal,0.055385246872901917,0.3513297705072998,9.40885914017008
8218,0,normal,0.05535794049501419,0.3513297705072998,9.405646780142888
8219,0,normal,0.05533062666654587,0.3513297705072998,9.402434758620984
8220,0,normal,0.055303312838077545,0.3513297705072998,9.39922316025013
8221,0,normal,0.05527598410844803,0.3513297705072998,9.396011900309986
8222,0,normal,0.0552486814558506,0.3513297705072998,9.392800896105427
8223,0,normal,0.055221352726221085,0.3513297705072998,9.389590315023042
8224,0,normal,0.05519404634833336,0.3513297705072998,9.38637990508846
8225,0,normal,0.05516670271754265,0.3508106755105433,9.383169918357908
8226,0,normal,0.05513938143849373,0.3508106755105433,9.379960352831404
8227,0,normal,0.05511203780770302,0.3508106755105433,9.376751127662828
8228,0,normal,0.0550847202539444,0.3508106755105433,9.373542240946563
8229,0,normal,0.05505736917257309,0.3508106755105433,9.370333610034322
8230,0,normal,0.05503002926707268,0.3508106755105433,9.367125317663067
8231,0,normal,0.055002689361572266,0.3508106755105433,9.363917281200656
8232,0,normal,0.054975323379039764,0.3508106755105433,9.360709667892934
8233,0,normal,0.054947979748249054,0.3508106755105433,9.357502475752199
8234,0,normal,0.05492061749100685,0.3508106755105433,9.354295623985536
8235,0,normal,0.05489327386021614,0.3508106755105433,9.351089110690282
8236,0,normal,0.05486590042710304,0.3508106755105433,9.347882853278406
8237,0,normal,0.05483856052160263,0.3508106755105433,9.344676934422978
8238,0,normal,0.054811179637908936,0.3508106755105433,9.341471354129908
8239,0,normal,0.05478382483124733,0.3508106755105433,9.33826611430868
8240,0,normal,0.054756440222263336,0.3508106755105433,9.335061295602827
8241,0,normal,0.05472906678915024,0.3508106755105433,9.33185681729401
8242,0,normal,0.054701678454875946,0.3508106755105433,9.328652677475247
8243,0,normal,0.05467428267002106,0.3508106755105433,9.325449300223227
8244,0,normal,0.05464692786335945,0.3508106755105433,9.322245754508458
8245,0,normal,0.05461956560611725,0.3508106755105433,9.319042547373101
8246,0,normal,0.05459216609597206,0.3508106755105433,9.315839680729596
8247,0,normal,0.054564788937568665,0.3508106755105433,9.312637235156444
8248,0,normal,0.05453735589981079,0.3508106755105433,9.309435045604914
8249,0,normal,0.054509956389665604,0.3508106755105433,9.306233279027992
8250,0,normal,0.05448257550597191,0.3508106755105433,9.303031768494066
8251,0,normal,0.054455168545246124,0.3504241700616117,9.299830596550692
8252,0,normal,0.05442776530981064,0.3504241700616117,9.296629763206965
8253,0,normal,0.05440034717321396,0.3504241700616117,9.29342927037078
8254,0,normal,0.05437294393777847,0.3504241700616117,9.290229198563566
8255,0,normal,0.05434552580118179,0.3504241700616117,9.287029382861874
8256,0,normal,0.05431811138987541,0.3504241700616117,9.283829990085678
8257,0,normal,0.054290689527988434,0.3504241700616117,9.28063085343365
8258,0,normal,0.05426326021552086,0.3504241700616117,9.27743205539582
8259,0,normal,0.054235853254795074,0.3504241700616117,9.274233595972873
8260,0,normal,0.0542084202170372,0.3504241700616117,9.27103555945041
8261,0,normal,0.05418098717927933,0.3504241700616117,9.267837861468024
8262,0,normal,0.05415356159210205,0.3504241700616117,9.264640419665056
8263,0,normal,0.05412610247731209,0.3504241700616117,9.261443400746202
8264,0,normal,0.05409866198897362,0.3504241700616117,9.258246638033825
8265,0,normal,0.054071247577667236,0.3504241700616117,9.255050213951108
8266,0,normal,0.05404380336403847,0.3504241700616117,9.25185412850169
8267,0,normal,0.0540163554251194,0.3504241700616117,9.248658465911376
8268,0,normal,0.05398889258503914,0.3504241700616117,9.245463141876826
8269,0,normal,0.05396144837141037,0.3504241700616117,9.242268074105823
8270,0,normal,0.053933992981910706,0.3504241700616117,9.239073429172777
8271,0,normal,0.05390653759241104,0.3504241700616117,9.235879040523287
8272,0,normal,0.053879085928201675,0.3504241700616117,9.232684990529151
8273,0,normal,0.05385160818696022,0.3504241700616117,9.22949078560714
8274,0,normal,0.05382416397333145,0.3504241700616117,9.226297497509677
8275,0,normal,0.05379669368267059,0.3504241700616117,9.22310454799026
8276,0,normal,0.053769223392009735,0.3504241700616117,9.219911854808515
8277,0,normal,0.05374175310134888,0.3504241700616117,9.216719584419934
8278,0,normal,0.05371427908539772,0.3504241700616117,9.213527652618268
8279,0,normal,0.05368681252002716,0.3504241700616117,9.210335977192244
8280,0,normal,0.05365932360291481,0.3504241700616117,9.2071446404384
8281,0,normal,0.05363186076283455,0.3504241700616117,9.203953642353326
8282,0,normal,0.053604379296302795,0.3504241700616117,9.200763067034131
8283,0,normal,0.05357687920331955,0.3504241700616117,9.197572748143102
8284,0,normal,0.0535493902862072,0.3500940145621278,9.19438285199476
8285,0,normal,0.053521886467933655,0.34975945602334063,9.191193294452432
8286,0,normal,0.0534944087266922,0.34975945602334063,9.188003993364646
8287,0,normal,0.05346691235899925,0.34975945602334063,9.184815030963819
8288,0,normal,0.0534394308924675,0.34975945602334063,9.181626407258364
8289,0,normal,0.053411927074193954,0.34975945602334063,9.178438206271949
8290,0,normal,0.05338441953063011,0.34975945602334063,9.175250261785322
8291,0,normal,0.05335689336061478,0.34975945602334063,9.17206274000796
8292,0,normal,0.05332941189408302,0.34975945602334063,9.168875556850935
8293,0,normal,0.053301889449357986,0.34975945602334063,9.16568863022917
8294,0,normal,0.05327439308166504,0.3490983826158832,9.162502042314372
8295,0,normal,0.053246863186359406,0.3490983826158832,9.159315793106998
8296,0,normal,0.05321937054395676,0.3490983826158832,9.156129966577282
8297,0,normal,0.053191833198070526,0.3490983826158832,9.152944396628072
8298,0,normal,0.05316430702805519,0.3490983826158832,9.149759249346971
8299,0,normal,0.05313678830862045,0.3490983826158832,9.146574440703034
8300,0,normal,0.05310927331447601,0.3490983826158832,9.14338988867462
8301,0,normal,0.053081758320331573,0.3490983826158832,9.140205675371135
8302,0,normal,0.05305422097444534,0.3490983826158832,9.137021800792809
8303,0,normal,0.053026679903268814,0.3490983826158832,9.133838348847803
8304,0,normal,0.05299917235970497,0.3490983826158832,9.130655153567659
8305,0,normal,0.05297161638736725,0.34921532734372124,9.127472380903328
8306,0,normal,0.052944082766771317,0.34921532734372124,9.124289863026661
8307,0,normal,0.05291655287146568,0.34921532734372124,9.121107685786
8308,0,normal,0.05288899317383766,0.34921532734372124,9.117925847293918
8309,0,normal,0.05286145955324173,0.34921532734372124,9.114744347540636
8310,0,normal,0.0528339184820652,0.34921532734372124,9.111563270382703
8311,0,normal,0.05280637368559837,0.34921532734372124,9.10838253189172
8312,0,normal,0.05277882143855095,0.34921532734372124,9.105202133978992
8313,0,normal,0.052751265466213226,0.34921532734372124,9.102021990923731
8314,0,normal,0.052723709493875504,0.3481959734461312,9.098842188532444
8315,0,normal,0.05269615352153778,0.3481959734461312,9.095662724904741
8316,0,normal,0.05266859009861946,0.3481959734461312,9.092483600040623
8317,0,normal,0.05264104902744293,0.3481959734461312,9.089304897717284
8318,0,normal,0.05261349305510521,0.3481959734461312,9.08612653408477
8319,0,normal,0.052585914731025696,0.3481959734461312,9.082948511046652
8320,0,normal,0.05255835875868797,0.3481959734461312,9.079770742946266
8321,0,normal,0.05253077298402786,0.3481959734461312,9.076593231781771
8322,0,normal,0.05250319093465805,0.3481959734461312,9.073416143221039
8323,0,normal,0.05247562751173973,0.3481959734461312,9.070239393430029
8324,0,normal,0.052448056638240814,0.3481959734461312,9.067063066152514
8325,0,normal,0.052420470863580704,0.3481959734461312,9.0638870775756
8326,0,normal,0.052392907440662384,0.3481959734461312,9.060711429611274
8327,0,normal,0.052365340292453766,0.3481959734461312,9.05753603666426
8328,0,normal,0.05233775079250336,0.3481959734461312,9.054360900739539
8329,0,normal,0.05231017619371414,0.3481959734461312,9.051186187361282
8330,0,normal,0.052282579243183136,0.34760338973686106,9.048011812787081
8331,0,normal,0.052254993468523026,0.34760338973686106,9.044837860668622
8332,0,normal,0.05222742259502411,0.34760338973686106,9.041664247274866
8333,0,normal,0.05219980701804161,0.34760338973686106,9.038490974510296
8334,0,normal,0.0521722249686718,0.3467314371458464,9.035317956848303
8335,0,normal,0.052144650369882584,0.3467314371458464,9.032145196279316
8336,0,normal,0.052117034792900085,0.3467314371458464,9.028972939927144
8337,0,normal,0.05208946019411087,0.3467314371458464,9.025800940613408
8338,0,normal,0.05206185206770897,0.3467314371458464,9.022629363715168
8339,0,normal,0.05203424394130707,0.3467314371458464,9.01945812555573
8340,0,normal,0.05200665444135666,0.3467314371458464,9.016287144471107
8341,0,normal,0.051979050040245056,0.3467314371458464,9.01311650221487
8342,0,normal,0.05195143446326256,0.3467314371458464,9.00994611713304
8343,0,normal,0.051923833787441254,0.3467314371458464,9.006776236162068
8344,0,normal,0.05189622938632965,0.3467314371458464,9.003606612312979
8345,0,normal,0.05186862498521805,0.3467314371458464,9.000437410830045
8346,0,normal,0.05184101313352585,0.3467314371458464,8.997268548106831
8347,0,normal,0.051813382655382156,0.3467314371458464,8.994099942538469
8348,0,normal,0.05178577080368996,0.3467314371458464,8.990931675813954
8349,0,normal,0.05175817385315895,0.3467314371458464,8.987763666348883
8350,0,normal,0.051730554550886154,0.3467314371458464,8.984596160884848
8351,0,normal,0.05170293524861336,0.3467314371458464,8.981428994191447
8352,0,normal,0.05167531222105026,0.3467314371458464,8.978262168183619
8353,0,normal,0.05164768174290657,0.3467314371458464,8.97509568095029
8354,0,normal,0.05162005126476288,0.3467314371458464,8.9719294509473
8355,0,normal,0.05159245431423187,0.3467314371458464,8.96876355981476
8356,0,normal,0.051564816385507584,0.3467314371458464,8.965597926018063
8357,0,normal,0.051537178456783295,0.3467314371458464,8.962432796116218
8358,0,normal,0.0515095517039299,0.3467314371458464,8.959268005001832
8359,0,normal,0.05148192495107651,0.3467314371458464,8.956103554589617
8360,0,normal,0.05145427957177162,0.3467314371458464,8.952939442972365
8361,0,normal,0.05142664536833763,0.3467314371458464,8.949775588669127
8362,0,normal,0.05139902979135513,0.3467314371458464,8.946612073245205
8363,0,normal,0.05137137696146965,0.3467314371458464,8.94344881524512
8364,0,normal,0.05134373903274536,0.3467314371458464,8.94028606103143
8365,0,normal,0.05131610110402107,0.3467314371458464,8.93712364562407
8366,0,normal,0.05128845199942589,0.3467314371458464,8.933961570936845
8367,0,normal,0.051260806620121,0.3467314371458464,8.930799835058451
8368,0,normal,0.051233191043138504,0.3467314371458464,8.927638356579337
8369,0,normal,0.051205530762672424,0.3467314371458464,8.924477216995683
8370,0,normal,0.051177896559238434,0.3467314371458464,8.921316416316813
8371,0,normal,0.05115022510290146,0.3467314371458464,8.918156037846074
8372,0,normal,0.05112257972359657,0.3467314371458464,8.9149959981969
8373,0,normal,0.05109492689371109,0.3467314371458464,8.911836299290371
8374,0,normal,0.0510672852396965,0.3467314371458464,8.908676939207908
8375,0,normal,0.051039643585681915,0.3467314371458464,8.905517836601575
8376,0,normal,0.05101197585463524,0.3467314371458464,8.902359072912077
8377,0,normal,0.050984323024749756,0.3467314371458464,8.899200648144642
8378,0,normal,0.05095667019486427,0.3467314371458464,8.896042645542138
8379,0,normal,0.050929002463817596,0.3467314371458464,8.892884981777115
8380,0,normal,0.050901345908641815,0.3467314371458464,8.889727658770425
8381,0,normal,0.05087370052933693,0.3467314371458464,8.886570674611448
8382,0,normal,0.05084603652358055,0.3467314371458464,8.883413948009775
8383,0,normal,0.050818368792533875,0.3467314371458464,8.880257560341533
8384,0,normal,0.050790704786777496,0.3467314371458464,8.877101511609908
8385,0,normal,0.05076306313276291,0.3467314371458464,8.873945884996601
8386,0,normal,0.05073536932468414,0.3467314371458464,8.870790597247833
8387,0,normal,0.050707705318927765,0.3467314371458464,8.867635650270586
8388,0,normal,0.05068003386259079,0.3467314371458464,8.864481042159923
8389,0,normal,0.05065237730741501,0.3467314371458464,8.861326608537638
8390,0,normal,0.05062469467520714,0.3467314371458464,8.85817259708756
8391,0,normal,0.05059704929590225,0.3467314371458464,8.855018924593423
8392,0,normal,0.050569355487823486,0.3467314371458464,8.851865674173496
8393,0,normal,0.05054169148206711,0.3467314371458464,8.848712762633113
8394,0,normal,0.05051402747631073,0.3467314371458464,8.845560108785776
8395,0,normal,0.05048634111881256,0.3467314371458464,8.842407876991501
8396,0,normal,0.050458669662475586,0.3467314371458464,8.839255819829532
8397,0,normal,0.050430987030267715,0.3467314371458464,8.836104184797705
8398,0,normal,0.05040332302451134,0.3467314371458464,8.832952888735235
8399,0,normal,0.05037563294172287,0.3467314371458464,8.829802014704455
8400,0,normal,0.050347961485385895,0.3467314371458464,8.826651479573002
8401,0,normal,0.05032026767730713,0.3467314371458464,8.8235012022094
8402,0,normal,0.05029257759451866,0.3467314371458464,8.820351346862708
8403,0,normal,0.050264909863471985,0.3467314371458464,8.817201666288156
8404,0,normal,0.05023723095655441,0.3467314371458464,8.814052407791223
8405,0,normal,0.05021004006266594,0.3467314371458464,8.810892864099742
8406,0,normal,0.05018162354826927,0.3467314371458464,8.807744375856146
8407,0,normal,0.05015397071838379,0.3467314371458464,8.804596226525973
8408,0,normal,0.050126273185014725,0.3467314371458464,8.801448335052783
8409,0,normal,0.05009857565164566,0.3467314371458464,8.798300865544206
8410,0,normal,0.05007089674472809,0.3467314371458464,8.795153570953516
8411,0,normal,0.05004322528839111,0.3467314371458464,8.792006698399064
8412,0,normal,0.05001554265618324,0.3467314371458464,8.788860164856487
8413,0,normal,0.04998786747455597,0.3467314371458464,8.785714053256697
8414,0,normal,0.0499601811170578,0.3467314371458464,8.782568280587384
8415,0,normal,0.049932513386011124,0.3467314371458464,8.77942276585054
8416,0,normal,0.049904804676771164,0.3467314371458464,8.776277673042387
8417,0,normal,0.04987714812159538,0.3467314371458464,8.77313275528536
8418,0,normal,0.04984946921467781,0.3467314371458464,8.76998825952569
8419,0,normal,0.049821771681308746,0.3467314371458464,8.766844183761123
8420,0,normal,0.04979408532381058,0.3467314371458464,8.76370044885789
8421,0,normal,0.04976640269160271,0.3467314371458464,8.760557052902868
8422,0,normal,0.04973870515823364,0.3467314371458464,8.757413914957851
8423,0,normal,0.04971102997660637,0.3467314371458464,8.754271116052678
8424,0,normal,0.0496833398938179,0.3467314371458464,8.751128656186438
8425,0,normal,0.04965563863515854,0.3467314371458464,8.747986537272482
8426,0,normal,0.04962794482707977,0.3467314371458464,8.744844838310883
8427,0,normal,0.04960024729371071,0.3467314371458464,8.741703480225624
8428,0,normal,0.04957256838679314,0.3467314371458464,8.738562461107449
8429,0,normal,0.04954487085342407,0.3467314371458464,8.73542170008136
8430,0,normal,0.04951717332005501,0.3467314371458464,8.732281278111486
8431,0,normal,0.049489475786685944,0.3467314371458464,8.729141195197144
8432,0,normal,0.04946177825331688,0.3467314371458464,8.726001453254867
8433,0,normal,0.04943409189581871,0.3467314371458464,8.722862131219927
8434,0,normal,0.04940639063715935,0.3467314371458464,8.71972306733187
8435,0,normal,0.049378711730241776,0.3467314371458464,8.716594771258542
8436,0,normal,0.04935099184513092,0.3467314371458464,8.713456378072806
8437,0,normal,0.049323298037052155,0.3467314371458464,8.710318323956926
8438,0,normal,0.049295589327812195,0.3467314371458464,8.707180608923863
8439,0,normal,0.04926789179444313,0.3467314371458464,8.704043234877417
8440,0,normal,0.04924018681049347,0.3467314371458464,8.700906280693516
8441,0,normal,0.049212463200092316,0.3467314371458464,8.69776958473767
8442,0,normal,0.04918477311730385,0.3467314371458464,8.69463331054385
8443,0,normal,0.04915706068277359,0.3467314371458464,8.691497294597411
8444,0,normal,0.04912935197353363,0.3467314371458464,8.688361617742203
8445,0,normal,0.049101654440164566,0.3467314371458464,8.6852262799855
8446,0,normal,0.04907393082976341,0.3467314371458464,8.682091283228374
8447,0,normal,0.049046240746974945,0.3467314371458464,8.678956706295594
8448,0,normal,0.049018535763025284,0.3467314371458464,8.675822387666813
8449,0,normal,0.04899080470204353,0.3467314371458464,8.672688490757537
8450,0,normal,0.04896312952041626,0.3467314371458464,8.669554852178862
8451,0,normal,0.0489354282617569,0.3467314371458464,8.666421552711427
8452,0,normal,0.048907700926065445,0.3467314371458464,8.663288592348408
8453,0,normal,0.04887998849153519,0.3467314371458464,8.660156053681476
8454,0,normal,0.04885226860642433,0.3467314371458464,8.657023854045974
8455,0,normal,0.04882458597421646,0.3467314371458464,8.653891912805193
8456,0,normal,0.04879685491323471,0.3467314371458464,8.65076039323526
8457,0,normal,0.048769157379865646,0.3467314371458464,8.647629132072325
8458,0,normal,0.04874144122004509,0.3467314371458464,8.644498210036772
8459,0,normal,0.04871375113725662,0.3467314371458464,8.641367627129284
8460,0,normal,0.04868603125214577,0.3467314371458464,8.638237465868542
8461,0,normal,0.04865831136703491,0.3467314371458464,8.635107643666288
8462,0,normal,0.048630598932504654,0.3467314371458464,8.63197807992674
8463,0,normal,0.04860290139913559,0.3467314371458464,8.628848937819384
8464,0,normal,0.048575177788734436,0.3467314371458464,8.62572013477029
8465,0,normal,0.04854748398065567,0.3467314371458464,8.622591590224602
8466,0,normal,0.04851977527141571,0.3467314371458464,8.619463384825394
8467,0,normal,0.048492059111595154,0.3467314371458464,8.61633551857335
8468,0,normal,0.04846435412764549,0.3467314371458464,8.613208073921442
8469,0,normal,0.04843664541840553,0.3467314371458464,8.6100808878125
8470,0,normal,0.048408929258584976,0.3467314371458464,8.606954123290507
8471,0,normal,0.04838123545050621,0.3467314371458464,8.603827697847919
8472,0,normal,0.048353515565395355,0.3467314371458464,8.600701530985816
8473,0,normal,0.0483257994055748,0.3467314371458464,8.597575703289749
8474,0,normal,0.04829809442162514,0.3467314371458464,8.594450214760172
8475,0,normal,0.04827038571238518,0.3467314371458464,8.591325147782754
8476,0,normal,0.04824267327785492,0.3467314371458464,8.588200339432206
8477,0,normal,0.048214949667453766,0.3467314371458464,8.585075952623583
8478,0,normal,0.048187255859375,0.3467314371458464,8.581951904909374
8479,0,normal,0.048159558326005936,0.3467314371458464,8.578828115855913
8480,0,normal,0.04813186451792717,0.3467314371458464,8.57570466598554
8481,0,normal,0.048104140907526016,0.3467314371458464,8.572581555301895
8482,0,normal,0.04807642474770546,0.3467314371458464,8.569458866127206
8483,0,normal,0.048048727214336395,0.3467314371458464,8.566336435653966
8484,0,normal,0.048021022230386734,0.3467314371458464,8.56321442668036
8485,0,normal,0.04799331724643707,0.3467314371458464,8.560092756823451
8486,0,normal,0.04796561971306801,0.3463351164624372,8.556971345703005
8487,0,normal,0.04793790355324745,0.3463351164624372,8.553850273785656
8488,0,normal,0.047910187393426895,0.3463351164624372,8.550729541072997
8489,0,normal,0.04788247495889664,0.3463351164624372,8.547609229822228
8490,0,normal,0.047854796051979065,0.3463351164624372,8.5444891773584
8491,0,normal,0.04782708361744881,0.3463351164624372,8.541369546345322
8492,0,normal,0.04779936745762825,0.3463351164624372,8.53825025446713
8493,0,normal,0.04777165874838829,0.3463351164624372,8.535131221407937
8494,0,normal,0.04774397239089012,0.3463351164624372,8.532012527564802
8495,0,normal,0.04771626740694046,0.3463351164624372,8.528894172944547
8496,0,normal,0.047688547521829605,0.3463351164624372,8.525776239745028
8497,0,normal,0.04766084626317024,0.3463351164624372,8.522658645691081
8498,0,normal,0.04763316363096237,0.3463351164624372,8.519541392691508
8499,0,normal,0.047605451196432114,0.3463351164624372,8.516424478840236
8500,0,normal,0.047577742487192154,0.3463351164624372,8.513307823890045
8501,0,normal,0.04755004122853279,0.3463351164624372,8.51019150817865
8502,0,normal,0.04752232879400253,0.3463351164624372,8.507075531705595
8503,0,normal,0.04749464616179466,0.3463351164624372,8.503959976609394
8504,0,normal,0.0474669486284256,0.3463351164624372,8.500844760673772
8505,0,normal,0.047439251095056534,0.3463351164624372,8.497729885808894
8506,0,normal,0.04741363972425461,0.3463351164624372,8.49456986337782
8507,0,normal,0.047382909804582596,0.3463351164624372,8.491455544691917
8508,0,normal,0.04735638573765755,0.3463351164624372,8.488317349031377
8509,0,normal,0.047327056527137756,0.3463351164624372,8.485203812487498
8510,0,normal,0.04729938134551048,0.3463351164624372,8.482090697278409
8511,0,normal,0.04727168753743172,0.3463351164624372,8.47897792125059
8512,0,normal,0.047244030982255936,0.3463351164624372,8.475865486321936
8513,0,normal,0.047216396778821945,0.3463351164624372,8.472753308524261
8514,0,normal,0.04718877375125885,0.3457321816253493,8.469641389873686
8515,0,normal,0.04716113954782486,0.3457321816253493,8.466529892602239
8516,0,normal,0.04713352769613266,0.3457321816253493,8.463418734606421
8517,0,normal,0.04710591584444046,0.3457321816253493,8.460307997898553
8518,0,normal,0.04707831144332886,0.3457321816253493,8.4571976003906
8519,0,normal,0.04705069959163666,0.3457321816253493,8.454087543985224
8520,0,normal,0.04702305793762207,0.3457321816253493,8.45097774480405
8521,0,normal,0.04699544236063957,0.3457321816253493,8.447868204845463
8522,0,normal,0.04696778953075409,0.3457321816253493,8.444759086223712
8523,0,normal,0.04694017395377159,0.3457321816253493,8.441650306891006
8524,0,normal,0.0469125434756279,0.3457321816253493,8.438541948812144
8525,0,normal,0.04688491299748421,0.3457321816253493,8.435433929942974
8526,0,normal,0.046857256442308426,0.3457321816253493,8.432326252201165
8527,0,normal,0.046829625964164734,0.3457321816253493,8.429218831755179
8528,0,normal,0.04680199176073074,0.3457321816253493,8.426111670611817
8529,0,normal,0.04677433520555496,0.3457321816253493,8.423004930763454
8530,0,normal,0.04674670472741127,0.3457321816253493,8.41989853022119
8531,0,normal,0.04671904817223549,0.3457321816253493,8.416792550881382
8532,0,normal,0.0466914176940918,0.3457321816253493,8.41368691077355
8533,0,normal,0.046663783490657806,0.3457321816253493,8.410581529939464
8534,0,normal,0.04663615673780441,0.3457321816253493,8.407476488427847
8535,0,normal,0.04660850763320923,0.3457321816253493,8.404371706292523
8536,0,normal,0.04658089578151703,0.3457321816253493,8.401311627751284
8537,0,normal,0.04655323177576065,0.3457321816253493,8.398207645966068
8538,0,normal,0.04652560502290726,0.3457321816253493,8.395127660252683
8539,0,normal,0.04649791866540909,0.3457321816253493,8.392024337429802
8540,0,normal,0.046470243483781815,0.3457321816253493,8.388921273959113
8541,0,normal,0.046442583203315735,0.3457321816253493,8.385818549832038
8542,0,normal,0.04641493037343025,0.3457321816253493,8.382716085158563
8543,0,normal,0.046387236565351486,0.3457321816253493,8.379614121565282
8544,0,normal,0.04635957255959511,0.3457321816253493,8.376512497233989
8545,0,normal,0.04633190110325813,0.3457321816253493,8.373411214077805
8546,0,normal,0.046304259449243546,0.3457321816253493,8.370310270189066
8547,0,normal,0.04627661034464836,0.3457321816253493,8.367209585736873
8548,0,normal,0.04624892771244049,0.3457321816253493,8.364109240638527
8549,0,normal,0.04622126370668411,0.3457321816253493,8.361009155081092
8550,0,normal,0.04619360342621803,0.3457321816253493,8.35790957049312
8551,0,normal,0.04616595804691315,0.3457321816253493,8.354810325184644
8552,0,normal,0.046138305217027664,0.3457321816253493,8.351711421070604
8553,0,normal,0.04611064866185188,0.3457321816253493,8.348612856241743
8554,0,normal,0.04608297348022461,0.3457321816253493,8.345514550928783
8555,0,normal,0.04605533927679062,0.3457321816253493,8.34241658499218
8556,0,normal,0.04602768272161484,0.3457321816253493,8.339318878670383
8557,0,normal,0.046000026166439056,0.3457321816253493,8.336221673208684
8558,0,normal,0.04597239941358566,0.3457321816253493,8.333124807052172
8559,0,normal,0.04594474285840988,0.3457321816253493,8.330028282102376
8560,0,normal,0.045917101204395294,0.3457321816253493,8.326932096457767
8561,0,normal,0.04588945209980011,0.3457321816253493,8.323836170408867
8562,0,normal,0.045861806720495224,0.3457321816253493,8.320740583749739
8563,0,normal,0.045834146440029144,0.3457321816253493,8.317645336480155
8564,0,normal,0.045806534588336945,0.3457321816253493,8.314550510203844
8565,0,normal,0.04577888920903206,0.3457321816253493,8.311456023243409
8566,0,normal,0.04575125500559807,0.3457321816253493,8.308361877511743
8567,0,normal,0.04572361707687378,0.3457321816253493,8.305268071103455
8568,0,normal,0.04569598287343979,0.3457321816253493,8.302174524367047
8569,0,normal,0.0456683449447155,0.3457321816253493,8.299081317038826
8570,0,normal,0.045640699565410614,0.3457321816253493,8.295988449117658
8571,0,normal,0.045613087713718414,0.3457321816253493,8.292896002150883
8572,0,normal,0.045585453510284424,0.3457321816253493,8.289803894508623
8573,0,normal,0.04555783048272133,0.3457321816253493,8.28671212812037
8574,0,normal,0.04553021863102913,0.3457321816253493,8.283620701066866
8575,0,normal,0.045502565801143646,0.3457321816253493,8.280529533766185
8576,0,normal,0.04547496140003204,0.3457321816253493,8.277438705893928
8577,0,normal,0.045447323471307755,0.3457321816253493,8.274348217450324
8578,0,normal,0.04541971907019615,0.3457321816253493,8.271258149905862
8579,0,normal,0.04539209604263306,0.3457321816253493,8.268168421715245
8580,0,normal,0.04536448046565056,0.3457321816253493,8.265078953335205
8581,0,normal,0.04533686488866806,0.3457321816253493,8.261989905835435
8582,0,normal,0.04530925303697586,0.3457321816253493,8.258901036732368
8583,0,normal,0.04528164863586426,0.3457321816253493,8.255812588583694
8584,0,normal,0.045254044234752655,0.3457321816253493,8.252724479879134
8585,0,normal,0.04522641748189926,0.3457321816253493,8.24963679203006
8586,0,normal,0.04519883543252945,0.3457321816253493,8.246549443552794
8587,0,normal,0.04517121985554695,0.3457321816253493,8.243462354964322
8588,0,normal,0.04514360800385475,0.3457321816253493,8.240375687218602
8589,0,normal,0.045116014778614044,0.3457321816253493,8.237289198004419
8590,0,normal,0.04508841410279274,0.3457321816253493,8.234203129701882
8591,0,normal,0.04506080970168114,0.3457321816253493,8.23111740086324
8592,0,normal,0.045033231377601624,0.3457321816253493,8.228032092836429
8593,0,normal,0.045005638152360916,0.34636022217517415,8.224947124193932
8594,0,normal,0.04497804865241051,0.34636022217517415,8.22186241552322
8595,0,normal,0.0449504479765892,0.34636022217517415,8.218778127644327
8596,0,normal,0.04492286592721939,0.34636022217517415,8.215694018446811
8597,0,normal,0.04489528387784958,0.34636022217517415,8.21261033011433
8598,0,normal,0.04486769065260887,0.34636022217517415,8.20952698126166
8599,0,normal,0.04484011232852936,0.34636022217517415,8.206444053173755
8600,0,normal,0.04481254145503044,0.34636022217517415,8.203361464495856
8601,0,normal,0.04478495940566063,0.34636022217517415,8.200279135862047
8602,0,normal,0.04475738853216171,0.34636022217517415,8.19719722798186
8603,0,normal,0.04473106190562248,0.34636022217517415,8.19408779348987
8604,0,normal,0.044701676815748215,0.34636022217517415,8.19100650995506
8605,0,normal,0.04467413201928139,0.34636022217517415,8.187925565927571
8606,0,normal,0.044646553695201874,0.34636022217517415,8.184845042624602
8607,0,normal,0.044618986546993256,0.34636022217517415,8.181764858744373
8608,0,normal,0.04459143429994583,0.34636022217517415,8.178684934992361
8609,0,normal,0.04456388205289841,0.34636022217517415,8.17560543194736
8610,0,normal,0.044536348432302475,0.34636022217517415,8.172526187144285
8611,0,normal,0.04450884088873863,0.34636022217517415,8.16944728376302
8612,0,normal,0.044481310993433,0.34636022217517415,8.166368799157226
8613,0,normal,0.044453781098127365,0.34636022217517415,8.163290655897754
8614,0,normal,0.04442625865340233,0.34636022217517415,8.160212852078303
8615,0,normal,0.04439874738454819,0.34636022217517415,8.15713530846756
8616,0,normal,0.04437122493982315,0.34636022217517415,8.154058104385058
8617,0,normal,0.04434369131922722,0.34636022217517415,8.150981239830571
8618,0,normal,0.044316187500953674,0.34636022217517415,8.147904716717676
8619,0,normal,0.04428867623209953,0.34636022217517415,8.144828612332276
8620,0,normal,0.044261153787374496,0.34636022217517415,8.141752768218339
8621,0,normal,0.04423362389206886,0.34636022217517415,8.138677344729558
8622,0,normal,0.04420609772205353,0.34636022217517415,8.135602181531794
8623,0,normal,0.04417859762907028,0.34636022217517415,8.132527357873869
8624,0,normal,0.044151101261377335,0.34636022217517415,8.129452873763057
8625,0,normal,0.044123586267232895,0.34636022217517415,8.126378731110663
8626,0,normal,0.044096074998378754,0.34636022217517415,8.123305007143927
8627,0,normal,0.044068578630685806,0.34636022217517415,8.120231543525051
8628,0,normal,0.04404105618596077,0.34636022217517415,8.11715850048472
8629,0,normal,0.044013556092977524,0.34636022217517415,8.114085717814987
8630,0,normal,0.043986063450574875,0.34636022217517415,8.111013274708284
8631,0,normal,0.04395856335759163,0.34636022217517415,8.107941171166203
8632,0,normal,0.04393106326460838,0.34636022217517415,8.104869409096864
8633,0,normal,0.043903596699237823,0.34636022217517415,8.101825029546944
8634,0,normal,0.04387608543038368,0.34636022217517415,8.098753921827438
8635,0,normal,0.043848589062690735,0.34636022217517415,8.095683234642593
8636,0,normal,0.04382108896970749,0.34636022217517415,8.092612807907472
8637,0,normal,0.04379360377788544,0.34636022217517415,8.089542720753798
8638,0,normal,0.043766096234321594,0.34636022217517415,8.086472973172704
8639,0,normal,110.42581176757812,0.34636022217517415,326.2533415355575
